Date,Close,High,Low,Open,Volume,returns,log_returns,SMA_5,SMA_10,SMA_20,EMA_12,EMA_26,MACD,MACD_Signal,MACD_Hist,RSI,BB_Middle,BB_Upper,BB_Lower,BB_Width,ATR,Volume_SMA,Volume_Ratio,Price_Position,Volatility
2020-10-10,4.026704788208008,4.250988960266113,4.016294002532959,4.241962909698486,14539711,-0.049252663622183945,-0.05050693377872742,3.8301529407501222,3.918980073928833,4.232179045677185,4.008734576390805,4.115585931935199,-0.10685135554439373,-0.1139721087909957,0.0071207532466019685,40.98937233769841,4.232179045677185,5.117894752866127,3.3464633384882427,0.41856249351908986,0.3806076390402658,43988047.3,0.3305377686087921,0.0443587937807247,0.07873344202824337
2020-10-11,4.095879077911377,4.158483028411865,3.970839023590088,4.022435188293457,11454885,0.017178882819009367,0.017032994243185818,3.941797161102295,3.913458967208862,4.18763530254364,4.022490049650928,4.113797132249258,-0.09130708259832954,-0.10940540724257257,0.018098324644243033,40.63216173824659,4.18763530254364,5.000149269965056,3.3751213351222242,0.3880538340709284,0.3541922228676932,44560593.7,0.2570631144889795,0.6663684660555309,0.0787122086705135
2020-10-12,4.415740013122559,4.686799049377441,4.051722049713135,4.092503070831299,14445437,0.07809335410709672,0.07519406809453012,4.135581541061401,3.962317371368408,4.146690702438354,4.084315926224757,4.140754528113565,-0.056438601888808115,-0.09874914268861694,0.042310540799808824,53.86880789323672,4.146690702438354,4.804942044055866,3.4884393608208426,0.3174827296525608,0.36830030168805805,30877923.55,0.4678241066504616,0.5731871219867318,0.08002788927629688
2020-10-13,4.488053798675537,4.541391849517822,4.334646224975586,4.413149833679199,14050398,0.016376368476875625,0.016243721974057244,4.252336502075195,4.00895676612854,4.1651699304580685,4.14757739583712,4.171296914025024,-0.023719518187903965,-0.08367201808056725,0.05995249989266328,56.305352274257864,4.1651699304580685,4.84061179154104,3.489728069375097,0.32432859756513654,0.3609264918736049,22925882.75,0.6128618100866803,0.7420111870299798,0.0633615968839297
2020-10-14,4.150055885314941,4.485447883605957,4.022535800933838,4.483893871307373,10004481,-0.07531057525654927,-0.07829735488283228,4.235286712646484,4.027851343154907,4.144344663619995,4.147964647940779,4.169454475473756,-0.021489827532977124,-0.07118841826436315,0.04969859073138602,47.02088472323245,4.144344663619995,4.792823489664995,3.4958658375749945,0.3129463781029101,0.3672333444867815,18620558.6,0.5372814647998798,0.275473651260664,0.06100001116150708
2020-10-15,4.127353191375732,4.213541030883789,4.016290187835693,4.152927875518799,6998970,-0.005470454993038221,-0.005485472726216767,4.255416393280029,4.042784667015075,4.115098381042481,4.144751914147247,4.165848300638544,-0.021096386491296748,-0.06113964134506666,0.04004325485376991,49.567827472698816,4.115098381042481,4.705927471905797,3.524269290179165,0.2871518666893407,0.3503228596278599,16177787.25,0.432628386802404,0.5630546171222821,0.06044383316761123
2020-10-16,4.040480136871338,4.155393123626709,3.8870110511779785,4.127865791320801,9790610,-0.021048127086850554,-0.02127279709497654,4.2443366050720215,4.093066883087158,4.090159940719604,4.128531787940979,4.155232856285258,-0.026701068344278767,-0.0542352329096556,0.027534164565376835,52.17164768827136,4.090159940719604,4.64671910410607,3.533600777333139,0.272145427784199,0.3328758648463658,15302090.45,0.6398217310236851,0.5718305942524194,0.06011004142676883
2020-10-17,4.196009159088135,4.196009159088135,3.976694107055664,4.038540840148926,6113717,0.03849270803178051,0.03777034267411624,4.200390434265136,4.167985987663269,4.06868360042572,4.139010395086034,4.158649340563954,-0.019638945477920444,-0.0473025656946766,0.027663620216756155,53.26472392391535,4.06868360042572,4.568515760045436,3.568851440806004,0.24569723709526928,0.3281185967581613,14445616.7,0.42322298361966093,0.9999999544034965,0.060659599302759104
2020-10-18,4.116062164306641,4.24636697769165,4.083951950073242,4.192323207855225,3717531,-0.019053103020124973,-0.01923695240092322,4.125992107391357,4.189164304733277,4.064246559143067,4.135451888993855,4.155115451353323,-0.019663562359467868,-0.04176619791344911,0.022102635553981245,52.88058102712281,4.064246559143067,4.56055405835032,3.5679390599358136,0.24423099926885242,0.32477690492357525,13600277.75,0.27334228523384385,0.19770468735069302,0.05721258528610581
2020-10-19,4.050311088562012,4.1609392166137695,3.9978671073913574,4.117764949798584,5848392,-0.01597426693765802,-0.016103230785707884,4.106043148040771,4.170664930343628,4.059614562988282,4.12226548167525,4.146495541580601,-0.02423005990535021,-0.0382546231928818,0.014024563287531593,51.319933591291466,4.059614562988282,4.554556576419429,3.5646725495571334,0.24383694843523335,0.32569353921072824,13057351.5,0.44790032649423583,0.3215999241361828,0.05723094025913733
2020-10-20,3.80220103263855,4.081610202789307,3.714379072189331,4.05350399017334,19646467,-0.06125703692837792,-0.06321357199407503,4.041012716293335,4.148214554786682,4.033597314357758,4.072745730666199,4.118407713683472,-0.04566198301727287,-0.03973756379099384,-0.0059244192262790235,55.194887766071005,4.033597314357758,4.525037072808336,3.54215755590718,0.24367318805041718,0.31882420607975553,13193031.05,1.4891549125854593,0.23914627802461638,0.05787639813860926
2020-10-21,3.965959072113037,4.108504772186279,3.7943339347839355,3.80043888092041,23475819,0.04306927436733843,0.04216759219015482,4.026108503341675,4.135222554206848,4.024340760707855,4.056238298845422,4.106063493608784,-0.04982519476336211,-0.04175668970182549,-0.00806850506153662,59.91065713965027,4.024340760707855,4.513430917655454,3.535250603760257,0.24306597578559472,0.31892827578953337,13171661.95,1.7822974116034007,0.5462796397187972,0.058210619442588055
2020-10-22,4.3144211769104,4.498044013977051,3.9621529579162598,3.9717249870300293,24178361,0.0878632629488294,0.0842154630989424,4.049790906906128,4.1250906705856325,4.04370402097702,4.096119657141821,4.122819238903341,-0.02669958176152054,-0.038743358188013416,0.012043776426492875,58.16981848752682,4.04370402097702,4.547050016942856,3.540358025011185,0.24895293688889686,0.3155534267425537,12857209.7,1.8805294122254226,0.65735042306934,0.05999103974124248
2020-10-23,4.262105941772461,4.486894130706787,4.149672031402588,4.330928802490234,19482074,-0.012125667150420183,-0.012199782796130099,4.078999662399292,4.102495884895324,4.055726325511932,4.121743491172646,4.133949808297864,-0.01220631712521758,-0.03343325743449126,0.021226940309273683,50.600545989753336,4.055726325511932,4.5682575872674445,3.543195063756419,0.2527445003039344,0.30675927230290007,13232943.7,1.4722403753595659,0.33341203695647775,0.05997616766141928
2020-10-24,4.189700126647949,4.352660179138184,4.161980152130127,4.262105941772461,16681037,-0.016988272021788542,-0.017134228104299164,4.10687747001648,4.106460309028625,4.067155826091766,4.132228648330711,4.138379029885581,-0.006150381554869355,-0.027974467910465557,0.0218240863555962,53.88973032268196,4.067155826091766,4.580996571490802,3.5533150806927303,0.2526781698909228,0.30361534867967876,13419516.8,1.2430430430997337,0.14537428748585274,0.060011038622839866
2020-10-25,4.153210163116455,4.25797176361084,4.1053948402404785,4.189700126647949,15517939,-0.008709445169931218,-0.008747594052766339,4.17707929611206,4.109046006202698,4.075915336608887,4.135464483425195,4.13955102824834,-0.004086544823144855,-0.02319533237484966,0.019108787551704805,51.38983324359235,4.075915336608887,4.589330946395934,3.5624997268218386,0.2519265330050764,0.3011105571474348,13746411.2,1.128872021520788,0.3133850040091635,0.06008378924617674
2020-10-26,4.160973072052002,4.479071140289307,4.049677848815918,4.153210163116455,9243755,0.0018691346285548693,0.0018673899700877871,4.2160820960998535,4.121095299720764,4.107081091403961,4.139397015552362,4.141235522944036,-0.0018385073916737937,-0.018922858180497614,0.01708435078882382,42.72268553654777,4.107081091403961,4.554333943850854,3.659828238957067,0.21779596871509785,0.28641886370522635,13456149.05,0.6869539691967071,0.259191801209273,0.05372442026484849
2020-10-27,4.1222429275512695,4.3497090339660645,4.043659210205078,4.160973072052002,17600881,-0.00930795365172421,-0.009351543350433799,4.177646446228027,4.1137186765670775,4.140852332115173,4.136753298195371,4.13974884349176,-0.0029955452963887907,-0.015736733871546237,0.012741188575157446,39.34635924703038,4.140852332115173,4.462571247900461,3.819133416329886,0.15538777526072817,0.29351202079227995,13552464.8,1.298721764619525,0.25676771779448965,0.053283497430756624
2020-10-28,4.066606044769287,4.177804946899414,3.9350268840789795,4.1222429275512695,19435211,-0.013496750133314528,-0.013588659184614101,4.138546466827393,4.1087730646133425,4.148968684673309,4.125945407712445,4.134047421272441,-0.008102013559995846,-0.014209536059975379,0.006107522499979532,47.09127383813503,4.148968684673309,4.453277254451238,3.8446601148953805,0.1466911866084089,0.277602025440761,13763452.45,1.4120883601410634,0.5419730009457124,0.044987420434601695
2020-10-29,3.7753119468688965,4.106396198272705,3.7333829402923584,4.066606044769287,6527859,-0.07163076400652835,-0.07432574171697645,4.055668830871582,4.081273150444031,4.125969040393829,4.07193411874059,4.106192222365523,-0.03425810362493298,-0.018219782626167476,-0.016038320998765503,39.66448248355702,4.125969040393829,4.469772336769431,3.7821657440182275,0.16665335731301814,0.2901564836502075,13437676.75,0.48578776833577275,0.11240620689864372,0.043593173992882164
2020-10-30,3.714937925338745,3.819171905517578,3.580127000808716,3.7753119468688965,28434550,-0.015991796805088776,-0.016121045384438388,3.96801438331604,4.07254683971405,4.110380697250366,4.016953332140722,4.075920191247563,-0.05896685910684063,-0.02637006460894091,-0.03259679449789972,40.291400959808335,4.110380697250366,4.4985441498769525,3.7222172446237796,0.18886983042045127,0.28806097166878836,14132418.7,2.0120087441224763,0.5639564627183903,0.0424283315300233
2020-10-31,3.6483678817749023,3.7435359954833984,3.5851359367370605,3.714937925338745,20452535,-0.01791955744664897,-0.01808205692225141,3.86549334526062,4.040787720680237,4.088005137443543,3.960196958446485,4.042948449491737,-0.08275149104525203,-0.03764730925807852,-0.045104181787173514,32.75262250206791,4.088005137443543,4.527842151384161,3.6481681235029244,0.21518417866552528,0.28370990071977886,14582301.2,1.402558808756467,0.3991913989576705,0.04226788372252838
2020-11-01,3.682663917541504,3.7166759967803955,3.5559840202331543,3.6483678817749023,15953277,0.009400377614857458,0.009356469022288106,3.777577543258667,3.9776119947433473,4.05135133266449,3.917467129657845,4.015248528015037,-0.09778139835719157,-0.04967494563641619,-0.048106452720775385,35.9464820205355,4.05135133266449,4.498315400965443,3.6043872643635373,0.220649374295067,0.2835868256432669,14657693.2,1.088389338098576,0.7883398545894974,0.03771220929044365
2020-11-02,3.623914957046509,3.8545029163360596,3.6143970489501953,3.682663917541504,20039697,-0.015952843324952393,-0.01608145962792385,3.6890393257141114,3.9137928962707518,4.0081443905830385,3.8722762286455312,3.985245738403587,-0.11296950975805586,-0.06233454771504165,-0.050634962043014216,36.110461761414335,4.0081443905830385,4.44429892299301,3.5719898581730676,0.2176341418411459,0.2890892369406564,14957158.15,1.3398064524710531,0.03964046278224851,0.03728656272037227
2020-11-03,3.332746982574463,3.6555540561676025,3.2422571182250977,3.623914957046509,24573095,-0.08034624926997402,-0.08375803768160678,3.6005263328552246,3.8280975818634033,3.9672789454460142,3.7892265896477992,3.9353493491486224,-0.1461227595008232,-0.07909292000225719,-0.06702983949856602,35.125145365461265,3.9672789454460142,4.491677203292909,3.4428806875991196,0.2643616771383541,0.2923796517508371,15685588.85,1.566603283752398,0.21894636483488764,0.03776489164770131
2020-11-04,3.1846330165863037,3.3766589164733887,3.0028879642486572,3.332746982574463,20709819,-0.044442007377873294,-0.04545982366150495,3.4944653511047363,3.7312398672103884,3.920142936706543,3.6961693962073525,3.878079488107069,-0.18191009189971652,-0.09965707093782755,-0.08225302096188897,24.99545631215524,3.920142936706543,4.544000899675516,3.29628497373757,0.3182832733609959,0.29663680280957905,16371131.3,1.2650206403267927,0.48624711576275814,0.038504620662686596
2020-11-05,3.3582050800323486,3.3770980834960938,3.0228428840637207,3.1846330165863037,26135754,0.05450300318499535,0.05306956890323454,3.4364327907562258,3.650963068008423,3.8860291838645935,3.6441546444109183,3.8385074221068205,-0.1943527776959022,-0.11859674025036683,-0.07575603744553537,15.54121871190074,3.8860291838645935,4.555154654070197,3.21690371365899,0.3443749074165053,0.2836628130504063,17188388.5,1.5205470832824148,0.946668353885275,0.04120022120596544
2020-11-06,3.5952820777893066,3.6452419757843018,3.318023920059204,3.3582050800323486,33947029,0.07059634301865625,0.06821582314715173,3.418956422805786,3.5982669830322265,3.855992829799652,3.636633311368086,3.8200312443748103,-0.18339793300672413,-0.13155726783106153,-0.051840665175662604,28.793825476324642,3.855992829799652,4.520445892418376,3.1915397671809287,0.34463397207782,0.28294823850904194,18580054.1,1.8270683614424996,0.847319224614672,0.04367443171230691
2020-11-07,3.4034080505371094,3.9071059226989746,3.382675886154175,3.5952820777893066,34653203,-0.05336828184846576,-0.05484515462202311,3.3748550415039062,3.5319471836090086,3.8203601241111755,3.600742501996536,3.788442884194649,-0.18770038219811314,-0.14278609103337195,-0.04491429116474119,26.76040914726974,3.8203601241111755,4.502295145461873,3.138425102760478,0.35700038697757724,0.3067875249045236,20126837.7,1.7217410661586445,0.03953275469155162,0.044839841388819184
2020-11-08,3.476598024368286,3.650815963745117,3.368067979812622,3.4034080505371094,26072941,0.021504907065030388,0.021276939047682804,3.403625249862671,3.5020757913589478,3.7916744709014893,3.5816388477507566,3.764840022949079,-0.18320117519832246,-0.15086922323267984,-0.03233195196564262,30.42672504703448,3.7916744709014893,4.481106826967074,3.1022421148359047,0.36365587887700107,0.31608545780181885,21138065.15,1.2334592033367824,0.38384019297967203,0.04529238153208322
2020-11-09,3.4171249866485596,3.539320945739746,3.2658870220184326,3.476598024368286,25509378,-0.017106676498941265,-0.01725468608593648,3.450123643875122,3.472294497489929,3.7724206686019897,3.556323972961373,3.7385646279432097,-0.1822406549818365,-0.15714358122301492,-0.025097073758821586,29.10677858023665,3.7724206686019897,4.481833762444253,3.0630075747597267,0.3761049767046061,0.30494550296238493,21431210.7,1.1902910366141843,0.5531060559011309,0.04353181348488684
2020-11-10,3.586142063140869,3.6405200958251953,3.3697280883789062,3.4171249866485596,24316551,0.04946177770865723,0.04827744009048153,3.4957110404968263,3.466071915626526,3.753429818153381,3.5609121459214,3.727063838716015,-0.16615169279461517,-0.15894521999419756,-0.007206472800417613,35.96892230201102,3.753429818153381,4.461361945638889,3.0454976906678732,0.37721879016445686,0.3024270875113351,21473247.3,1.1324114448213893,0.7991889007765455,0.04392064827032543
2020-11-11,3.484355926513672,3.810148000717163,3.457200050354004,3.586142063140869,24727644,-0.028383185840119562,-0.028793776363802395,3.473525810241699,3.4462411165237428,3.711926555633545,3.549132583556202,3.7087759434686998,-0.15964335991249756,-0.15908484899819764,-0.0005585109142999256,35.1205232414179,3.711926555633545,4.377435707757814,3.0464174035092757,0.35857883616486663,0.3102963651929583,21500711.45,1.1500849196318106,0.07694017024981938,0.03846121350814554
2020-11-12,3.429142951965332,3.560576915740967,3.3197689056396484,3.484355926513672,25090677,-0.015845962844439954,-0.01597285235652038,3.4786727905273436,3.426763916015625,3.6702784061431886,3.5306704089917558,3.687732602789477,-0.15706219379772124,-0.15868031559319745,0.0016181217954762128,39.93971609387117,3.6702784061431886,4.293743155050453,3.0468136572359246,0.33973703349791107,0.3008531332015991,21781141.6,1.1519449926352803,0.4541960283534793,0.038481425026538625
2020-11-13,3.697801113128662,3.697817087173462,3.3918070793151855,3.429142951965332,27584233,0.07834557057743985,0.07542798751474286,3.522913408279419,3.463269329071045,3.645683455467224,3.5563854546789146,3.6884894001583133,-0.13210394547939863,-0.15336501671182,0.02126107123242138,49.555755121112455,3.645683455467224,4.219722650178949,3.0716442607554986,0.3149144470296077,0.3056363548551287,22326301.4,1.235503924532704,0.9999477662695108,0.04319953400827479
2020-11-14,3.5004849433898926,3.697801113128662,3.4036738872528076,3.697801113128662,24359587,-0.053360406279888584,-0.05483683508691175,3.5395853996276854,3.494854521751404,3.613047194480896,3.5477846317968256,3.6743734827674075,-0.12658885097058192,-0.14800976352719147,0.02142091255660955,46.40974306636672,3.613047194480896,4.137686714706868,3.0884076742549245,0.2904138761471946,0.31533115250723703,22768383.8,1.0698865239613538,0.32914686002743065,0.044516481254881814
2020-11-15,3.5365800857543945,3.6424520015716553,3.422898054122925,3.5004849433898926,22702610,0.010311469110204863,0.010258668569836801,3.5296730041503905,3.512692022323608,3.5818275451660155,3.5460607292636213,3.664037983290269,-0.11797725402664794,-0.14200324364863565,0.02402598962198771,46.456516685115076,3.5818275451660155,4.0391774850558795,3.124477605276152,0.2553723953053501,0.3195355790002005,23441326.55,0.9684865722754926,0.517786301611149,0.04465055619354052
2020-11-16,3.716655969619751,3.816524028778076,3.459120035171509,3.5365800857543945,27372174,0.0509180845616124,0.04966414838309424,3.5761330127716064,3.5248294115066527,3.5615481972694396,3.572307776936337,3.66798103266733,-0.09567325573099295,-0.13273722387739775,0.03706396814640481,52.124524775053274,3.5615481972694396,3.948563082120373,3.174533312418506,0.21732957883184026,0.3279140165873936,23929891.2,1.1438486607076592,0.7205737256702345,0.04649042497553577
2020-11-17,3.831768035888672,3.915112018585205,3.698241949081421,3.7887139320373535,23031677,0.030971945536486745,0.030501993739755824,3.6566580295562745,3.5676654100418093,3.549806296825409,3.612226832474606,3.680244201283148,-0.06801736880854214,-0.11979322806785683,0.05177585925931469,62.43465562761253,3.549806296825409,3.882778672018539,3.2168339216322788,0.1876003068059839,0.3138835259846279,24109714.5,0.9552861772792871,0.6156962136628952,0.047079033487579164
2020-11-18,3.74868106842041,3.8710429668426514,3.5756990909576416,3.831768035888672,20818649,-0.021683715373702728,-0.02192226181624637,3.666834020614624,3.5948737144470213,3.5484747529029845,3.6332207230721827,3.685364162842871,-0.05214343977068836,-0.10626324967379157,0.05411980990310321,64.52574017580046,3.5484747529029845,3.877843616333898,3.219105889472071,0.18563968260529906,0.30828159196036203,24824254.0,0.8386414753893511,0.5856968291197941,0.04443695862560041
2020-11-19,3.6270039081573486,3.8164420127868652,3.570697069168091,3.74868106842041,21489339,-0.032458658936897256,-0.03299712521010652,3.6921378135681153,3.6158616065979006,3.544078052043915,3.632264254109541,3.681001285513849,-0.04873703140430807,-0.0947579919144899,0.04602096051018183,57.1123905375046,3.544078052043915,3.8663621698550292,3.2217939342328004,0.1818719074910041,0.30053085940224783,24476993.45,0.8779403011197848,0.22912714242998025,0.044910211166673965
2020-11-20,3.7106049060821533,3.9870240688323975,3.624535083770752,3.6270039081573486,27416995,0.023049602383052648,0.02278797297198379,3.726942777633667,3.628307890892029,3.5471899032592775,3.644317044882698,3.6832128716933896,-0.03889582681069159,-0.08358554793582906,0.04468972112513747,53.32117375205797,3.5471899032592775,3.8748706374757087,3.2195091690428463,0.18475511216095145,0.30305021149771555,24825216.45,1.1044010454136444,0.2374412009301529,0.044995760621970166
2020-11-21,4.001855850219727,4.083803176879883,3.6923611164093018,3.7106049060821533,25984283,0.078491499771419,0.07556330528742769,3.783982753753662,3.6800578832626343,3.5631494998931883,3.6993244931218547,3.7070025610160693,-0.007678067894214546,-0.06840404001552244,0.0607259721213079,66.30156960778379,3.5631494998931883,3.945194796814709,3.1811042029716674,0.21444247395904853,0.2935510703495571,25326766.75,1.025961318177339,0.7906527099612942,0.04815113107525661
2020-11-22,3.8899691104888916,4.058050155639648,3.7167930603027344,4.001855850219727,25963010,-0.027958713136729263,-0.028356999227005485,3.795622968673706,3.7261404991149902,3.576452207565308,3.728655101182351,3.720654740577126,0.008000360605225243,-0.05312315029940297,0.06112351090462821,61.027643206381946,3.576452207565308,3.985013938707998,3.1678904764226177,0.2284731949044112,0.2977302925927298,25622932.4,1.0132723918828277,0.5074650387577575,0.04850306319668666
2020-11-23,4.068428039550781,4.254518032073975,3.848123073577881,3.8899691104888916,9013817,0.045876695673673584,0.04485547692899938,3.8595723628997805,3.763203191757202,3.6132362604141237,3.780928866682219,3.7465900457014856,0.0343388209807336,-0.03563074725924818,0.06996956823998178,66.33783619718824,3.6132362604141237,4.06008944963927,3.1663830711889767,0.24734235849494748,0.307227509362357,24844968.5,0.36280251270996783,0.542095702582543,0.044941209130686076
2020-11-24,4.266965866088867,4.327888011932373,3.8702800273895264,4.068522930145264,30722083,0.0487996406985749,0.04764631088393709,3.987564754486084,3.8398512840270995,3.6673529028892515,3.8557050070278165,3.785377796916182,0.07032721011163456,-0.01443914727167458,0.08476635738330915,66.8291125916926,3.6673529028892515,4.1558648986011635,3.1788409071773396,0.2664112282878735,0.3205715077263968,25345581.7,1.212127753217043,0.8668682440647317,0.04370969242588097
2020-11-25,4.049502849578857,4.40034294128418,3.933892011642456,4.2677130699157715,28505942,-0.05096432062845113,-0.05230888427015395,4.055344343185425,3.891143560409546,3.701917791366577,3.885520470448935,3.8050560106713154,0.08046445977761962,0.004541580238354887,0.07592287953926474,63.21404337804393,3.701917791366577,4.196122188107818,3.207713394625336,0.26699912023643485,0.3286788633891514,25464091.1,1.1194564882781148,0.24785208499140535,0.045112967712275055
2020-11-26,3.5277099609375,4.08480978012085,3.302877902984619,4.049992084503174,35408249,-0.12885356746831855,-0.13794519624680845,3.9605151653289794,3.872248959541321,3.6985391855239866,3.8304720581030463,3.7844016551138013,0.04607040298924492,0.012847346924029286,0.03322305606521563,51.891871806305126,3.6985391855239866,4.196721000902596,3.2003573701453765,0.26939382842203446,0.36733056817735943,25537152.1,1.3865386735899967,0.2875340699767497,0.052531372427518194
2020-11-27,3.5921521186828613,3.7639029026031494,3.4258790016174316,3.5267069339752197,6023810,0.01826741950413502,0.018102574696040114,3.9009517669677733,3.8482873678207397,3.7079763889312742,3.7938070904160446,3.770090244822247,0.023716845593797498,0.015021247105128262,0.008695598488669236,47.79970986145328,3.7079763889312742,4.189490214620207,3.2264625632423414,0.25971784886565386,0.36961727482931955,24105682.45,0.2498917013652107,0.4918975009210372,0.05109578048964941
2020-11-28,3.6245028972625732,3.697805881500244,3.4802238941192627,3.5894269943237305,17509244,0.009005960079322639,0.008965648271095156,3.8121667385101317,3.835869550704956,3.7153716325759887,3.767760074093512,3.7592564383507256,0.008503635742786564,0.013717724618164702,-0.0052140888753781384,52.77341905958962,3.7153716325759887,4.186350906724469,3.244392358427508,0.2535301018175321,0.36414975779397146,23677497.6,0.7394887878692045,0.663101749593194,0.0509462321814107
2020-11-29,3.7043120861053467,3.767204999923706,3.5326240062713623,3.624608039855957,3901221,0.022019347509157683,0.021780422628896144,3.6996359825134277,3.843600368499756,3.729730987548828,3.7579987762419518,3.7551691743802267,0.002829601861725095,0.011540099780213453,-0.008710497918488358,53.6790666603773,3.729730987548828,4.179455919730886,3.2800060553667696,0.2411567663637943,0.3652231182370867,22597089.75,0.17264262978820094,0.7318925111618645,0.05087075035867271
2020-11-30,3.6864240169525146,3.8138389587402344,3.6456470489501953,3.704345941543579,21457284,-0.004828985446428513,-0.00484068266898739,3.6270202159881593,3.841182279586792,3.7347450852394104,3.746987209016564,3.750056890951365,-0.0030696819348010607,0.008618143129492599,-0.01168782506429366,49.286092467358394,3.7347450852394104,4.179942696111807,3.289547474367014,0.23840856642769115,0.351707969393049,22454126.4,0.9556053803990344,0.2424430855728558,0.049828045314537356
2020-12-01,3.579318046569824,3.8161609172821045,3.4924840927124023,3.6864609718322754,24719236,-0.029054164656629133,-0.029484594591328194,3.637341833114624,3.7989284992218018,3.739493191242218,3.7211918228357868,3.737363475149724,-0.016171652313937024,0.003660183623099413,-0.019831835937036437,44.015933969176,3.739493191242218,4.175374942174682,3.3036114403097545,0.23312343605988417,0.35933702332632883,22453706.0,1.1008978206092126,0.26827361300928265,0.04985021507419686
2020-12-02,3.7314178943634033,3.8422200679779053,3.5290191173553467,3.5793468952178955,5085526,0.04249408569303892,0.04161600147860109,3.6651949882507324,3.783073377609253,3.7546069383621217,3.7227650713397757,3.736921575941163,-0.014156504601387176,9.684573803359741e-05,-0.014253350339420774,49.603758371573704,3.7546069383621217,4.16542017833252,3.343793698391723,0.2188315563863569,0.36061252866472515,21453448.45,0.23704934951844536,0.6462265524529132,0.05042059470230503
2020-12-03,3.8219220638275146,3.894948959350586,3.7176458835601807,3.7361390590667725,21038215,0.024254632428285516,0.023965160186175977,3.7046788215637205,3.758422780036926,3.760812985897064,3.7380200484828894,3.7432375718480237,-0.005217523365134369,-0.0009660281399100416,-0.004251495225224327,54.53890939503045,3.760812985897064,4.171763062249536,3.3498629095445924,0.21854321280718933,0.35572382381984163,21126147.55,0.9958377385279599,0.5881238885520675,0.04768214525215706
2020-12-04,3.551129102706909,3.8601479530334473,3.5188488960266113,3.8219399452209473,23754809,-0.07085255968025062,-0.07348784412851232,3.674042224884033,3.6868391036987305,3.763345193862915,3.7092675072170844,3.7289661751802967,-0.01969866796321229,-0.004712556266180408,-0.014986111697031883,46.58419869281473,3.763345193862915,4.168118875805235,3.358571511920595,0.21511376772048746,0.3542102575302124,21095908.65,1.1260386738544206,0.09458041290119117,0.04891040889849762
2020-12-05,3.615125894546509,3.711920976638794,3.5085411071777344,3.538393974304199,21215020,0.018021533430259362,0.017861070586599834,3.659782600402832,3.6434014081954955,3.767272484302521,3.69478414465311,3.7205109937644365,-0.02572684911132672,-0.008915414980244993,-0.01681143413108173,40.823298096242105,3.767272484302521,4.164231002299146,3.3703139663058965,0.21074053955516742,0.34077724388667513,21021529.15,1.0092044136570342,0.524067511748043,0.049010558720110224
2020-12-06,3.599608898162842,3.6758570671081543,3.509108066558838,3.6151320934295654,20224612,-0.004292242327459395,-0.004301480443858127,3.6638407707214355,3.6505913019180296,3.7614201307296753,3.680141766927798,3.711533094793741,-0.03139132786594301,-0.013410597681483038,-0.01798073018445997,42.77983769235394,3.7614201307296753,4.164918087291283,3.3579221741680674,0.21454554000237852,0.32831237997327534,20664151.05,0.9787293923212006,0.5427368432704317,0.04766291698984952
2020-12-07,3.392122983932495,3.6098859310150146,3.325592041015625,3.599663019180298,16909346,-0.05764123828459333,-0.0593692258332108,3.595981788635254,3.6305883884429933,3.7394378781318665,3.6358311027032038,3.6878188199125903,-0.05198771720938655,-0.02112602175746342,-0.030861695451923132,33.422161338603246,3.7394378781318665,4.173541314943737,3.3053344413199963,0.2321757713107073,0.3195908750806536,20358034.5,0.8305981601514626,0.23402170400776434,0.04869240130948225
2020-12-08,3.1125550270080566,3.3924200534820557,3.0964670181274414,3.3924200534820557,23027417,-0.0824168104307158,-0.08601203333338983,3.454108381271362,3.5793936014175416,3.7076315760612486,3.5553269646526275,3.6451162068088454,-0.08978924215621786,-0.03485866607984913,-0.05493057607636873,22.783814015187716,3.7076315760612486,4.2242565293544425,3.1910066227680547,0.27868192547978204,0.30804409299577984,20468472.9,1.1250188088042465,0.054360004511318345,0.05160014140265928
2020-12-09,3.2619690895080566,3.3994760513305664,2.8087239265441895,3.1115670204162598,28583037,0.04800366939813561,0.046887087226819626,3.3962763786315917,3.5351593017578127,3.689379835128784,3.510194923898489,3.6166791483319924,-0.10648422443350336,-0.049183777953062224,-0.057300446480441136,30.81775791028315,3.689379835128784,4.24250170927541,3.1362579609821584,0.29984544767119004,0.3169227497918265,20823157.8,1.3726562164361065,0.7672340670047109,0.05271356329198317
2020-12-10,3.1526899337768555,3.3458259105682373,3.0708560943603516,3.2615880966186523,29252855,-0.03350097831481347,-0.03407499255859223,3.303789186477661,3.4817858934402466,3.661484086513519,3.455194094355292,3.5822470285402335,-0.12705293418494135,-0.06475760937554415,-0.0622953248093972,38.568233260520344,3.661484086513519,4.264154490831284,3.058813682195755,0.32919460529002587,0.28071117401123047,20914950.8,1.3986576052571924,0.2976102525323451,0.052706956619073674
2020-12-11,3.2358059883117676,3.3050079345703125,3.014925956726074,3.1528639793395996,29224480,0.026363535990150844,0.02602200756794814,3.231028604507446,3.447434687614441,3.6231815934181215,3.421442045934271,3.5565414923228427,-0.13509944638857174,-0.07882597690541573,-0.05627346948315601,39.25974641163729,3.6231815934181215,4.232108598525212,3.0142545883110317,0.3361283388131956,0.27728675092969624,21076960.65,1.3865604479363112,0.7614400095199864,0.0494582737715665
2020-12-12,3.334230899810791,3.4518508911132812,3.2310080528259277,3.2326550483703613,24630224,0.03041743289138754,0.02996399479178697,3.2194501876831056,3.40771598815918,3.5953946828842165,3.408024935731176,3.5400483543541905,-0.1320234186230147,-0.08946546532593357,-0.04255795329708113,41.58632891524652,3.5953946828842165,4.203781183908768,2.9870081818596645,0.3384254329132544,0.2775196688515799,21010321.35,1.172291636557953,0.467404073916639,0.050022401536840434
2020-12-13,3.331057071685791,3.410037040710449,3.2932910919189453,3.334768056869507,20722255,-0.0009518921215624365,-0.0009523454585761027,3.2631505966186523,3.3586294889450072,3.558526134490967,3.396183717813313,3.5245451621988044,-0.12836144438549146,-0.09724466118288361,-0.031116783202607856,38.67803454304328,3.558526134490967,4.134732449597229,2.9823198193847045,0.32384548733330376,0.2691028799329485,21595743.25,0.9595527581575596,0.32348854005552174,0.04851783741238197
2020-12-14,3.1403470039367676,3.3421790599823,3.1363511085510254,3.330364942550659,27242747,-0.057252116563859534,-0.05895638794177237,3.2388261795043944,3.317551279067993,3.502195191383362,3.356824200688191,3.4960479890010756,-0.13922378831288462,-0.10564048664777062,-0.033583301665114,35.00767612574995,3.502195191383362,4.002003278204549,3.0023871045621746,0.28542560280528734,0.2717911686216082,21421776.45,1.2717314581069676,0.019413763601192784,0.047681096006605986
2020-12-15,3.29994797706604,3.37933611869812,3.0613889694213867,3.1414361000061035,18320578,0.050822718931759825,0.049573399200550414,3.2682777881622314,3.2860334873199464,3.464717447757721,3.3480740081717575,3.4815040811684965,-0.13343007299673904,-0.11119840393815832,-0.02223166905858072,42.54489776364048,3.464717447757721,3.899968186136273,3.029466709379169,0.25124746530787695,0.27138190610068186,20912508.25,0.8760583752549147,0.7503102345286797,0.048953131486543
2020-12-16,3.3441619873046875,3.373800039291382,3.1513800621032715,3.29980206489563,21054734,0.013398396140159141,0.013309431406119905,3.2899489879608153,3.2604887962341307,3.45554004907608,3.347472158559263,3.4713189333166095,-0.12384677475734662,-0.11372807810949465,-0.010118696647851977,39.03453455055046,3.45554004907608,3.892933355014245,3.0181467431379154,0.25315481790182814,0.2648975508553641,20194832.5,1.04258027393889,0.866747308273028,0.040168353141653665
2020-12-17,3.2092549800872803,3.3773739337921143,3.1798219680786133,3.3437271118164062,10227874,-0.04034105038259195,-0.04117731845552832,3.2649538040161135,3.2422019958496096,3.436395192146301,3.3262079698318554,3.4518861908794696,-0.12567822104761417,-0.11611810670278631,-0.009560114344827855,33.077371290631376,3.436395192146301,3.882052426750145,2.9907379575424575,0.25937484467582167,0.26634390013558523,20405035.7,0.5012426417857235,0.1489886998212162,0.04075427327426551
2020-12-18,3.4047980308532715,3.4692881107330322,3.141922950744629,3.209613084793091,23107656,0.06093097992502705,0.059146805607327595,3.279701995849609,3.271426296234131,3.4254099488258363,3.338298752022394,3.448394752402091,-0.11009600037969669,-0.11491368543588344,0.004817685056186752,45.78284659521052,3.4254099488258363,3.8622887400486627,2.98853115760301,0.25508117145078063,0.26534862177712576,20684956.3,1.1171237523958413,0.8030025922365374,0.043258202209762606
2020-12-19,3.4696130752563477,3.6103219985961914,3.3802270889282227,3.4053781032562256,19919598,0.019036384483232638,0.018857459671083036,3.3455552101135253,3.29219069480896,3.413674998283386,3.358500960646811,3.449967909607214,-0.0914669489604032,-0.11022433813367033,0.018757389173267136,45.80840490619741,3.413674998283386,3.831189688719918,2.996160307846854,0.24461302885979783,0.26725683893476215,21485875.15,0.9271020082232956,0.38847440202986944,0.04317529167802107
2020-12-20,3.311469078063965,3.495378017425537,3.2858541011810303,3.46966290473938,18750351,-0.045579721358612435,-0.04665116089546013,3.34785943031311,3.308068609237671,3.3949272513389586,3.351265284872851,3.4397000973245837,-0.0884348124517329,-0.10586643299199162,0.01743162054025872,42.3301632124839,3.3949272513389586,3.7941468630031117,2.9957076396748055,0.2351859595852612,0.27031219005584717,21350528.5,0.8782148413796876,0.12225323065511297,0.04424576035582235
2020-12-21,3.09761905670166,3.3510820865631104,3.0336830615997314,3.3114559650421143,25892571,-0.06457859527630894,-0.0667581509890544,3.298550844192505,3.29424991607666,3.3708423018455504,3.3122427812471473,3.414341003824522,-0.10209822257737455,-0.10511279090833615,0.0030145683309616006,42.1872305985751,3.3708423018455504,3.7811895023304913,2.9604951013606096,0.2434686429918564,0.27267684255327496,21409195.25,1.2094135579430525,0.20143726999455297,0.045966864431809376
2020-12-22,3.082421064376831,3.128812074661255,2.9248340129852295,3.094120979309082,23991868,-0.004906346470186063,-0.004918422102377431,3.273184061050415,3.2690689325332642,3.338392460346222,3.276885588681877,3.3897365923949163,-0.11285100371303924,-0.10666043347047939,-0.0061905702425598536,49.07016337598282,3.338392460346222,3.7309388375002133,2.9458460831922304,0.23517089845888328,0.2661072015762329,22354512.35,1.0732449728432567,0.7725685908134977,0.044524335647550164
2020-12-23,2.916322946548462,3.620084047317505,2.7962100505828857,3.0824270248413086,50329367,-0.05388560302417633,-0.05539179020558896,3.175489044189453,3.2275955200195314,3.293112504482269,3.2214144058609357,3.354645475852667,-0.1332310699917314,-0.11197456077803335,-0.021256509213698052,39.44317440889947,3.293112504482269,3.6588205950058175,2.9274044139587208,0.22210482637673723,0.2827587638582502,23819069.95,2.1129862377351136,0.145790369624158,0.0449205666276065
2020-12-24,3.0987229347229004,3.1119589805603027,2.7897989749908447,2.93046498298645,29820498,0.06254450947907308,0.06066651221344164,3.1013110160827635,3.2234331130981446,3.270492196083069,3.2025387928700035,3.3356765188303896,-0.1331377259603861,-0.11620719381660888,-0.01693053214377721,48.42219755591672,3.270492196083069,3.624791388212998,2.91619300395314,0.21666414159572572,0.28612949166979107,24122354.4,1.2362183850511708,0.9589146535953385,0.04569095004209206
2020-12-25,2.954710006713867,3.126981019973755,2.858228921890259,3.0974130630493164,26360909,-0.04647492887966487,-0.04758956050617967,3.029959201812744,3.188909316062927,3.2374714016914368,3.1644112838094896,3.3074406076573517,-0.14302932384786216,-0.12157161982499382,-0.02145770402286834,42.06433117435046,3.2374714016914368,3.5794151200812654,2.895527683301608,0.21124122870162068,0.28460592882973806,24379648.85,1.081266968289414,0.35899656940973124,0.046195142194149136
2020-12-26,2.9182701110839844,2.9885671138763428,2.853384017944336,2.9551188945770264,21332105,-0.012332816265244961,-0.012409496551923126,2.994089412689209,3.146320128440857,3.203404462337494,3.126543408142772,3.278597869911939,-0.15205446176916704,-0.1276681882157689,-0.024386273553398147,37.83104838743427,3.203404462337494,3.5287968332669615,2.8780120914080265,0.20315409730810685,0.2784873758043562,24435023.5,0.8730134841081696,0.47998670168359836,0.04618686295048144
2020-12-27,2.906161069869995,3.050766944885254,2.848073959350586,2.918268918991089,24533711,-0.004149390136299447,-0.004158022743864466,2.9588374137878417,3.1160107374191286,3.179106366634369,3.0926384307967436,3.2509964075183264,-0.1583579767215828,-0.13380614591849457,-0.02455183080308823,37.6342962404477,3.179106366634369,3.517480787531303,2.840731945737435,0.21287392233759178,0.2846264498574393,24816241.75,0.9886150871334093,0.28657680235168337,0.044774537789571266
2020-12-28,2.947434902191162,3.0467450618743896,2.8666610717773438,2.9052929878234863,27088075,0.014202183337007401,0.014102277144170412,2.9650598049163817,3.0702744245529177,3.170850360393524,3.0702994251542406,3.2285001434022886,-0.15820071824804804,-0.1386850603853991,-0.019515657862648944,43.850842274376404,3.170850360393524,3.523805191336244,2.817895529450804,0.2226247162915098,0.282787595476423,25019274.65,1.0826882625072427,0.4485341861036514,0.04125387878897302
2020-12-29,2.924665927886963,3.0066330432891846,2.835505962371826,2.947437047958374,25386162,-0.0077250134641726476,-0.00775500594206032,2.9302484035491942,3.015779709815979,3.1539852023124695,3.0478942706747723,3.2059844278762406,-0.15809015720146835,-0.14256607974924543,-0.015524077452222923,36.89450726400618,3.1539852023124695,3.5205788440090515,2.7873915606158874,0.23246376769795835,0.2723004477364676,24859430.9,1.0211883812674087,0.5210160766315739,0.039551921948156245
2020-12-30,2.9224090576171875,2.9399149417877197,2.8333261013031006,2.9252939224243164,17031663,-0.0007716677136543337,-0.0007719656024417804,2.9237882137298583,2.9768737077713014,3.142471158504486,3.0285888525130327,3.1849706549492756,-0.1563818024362429,-0.14532922428700515,-0.01105257814923774,34.8270311052038,3.142471158504486,3.523420425772956,2.7615218912360158,0.24245203730032988,0.2640267951147897,24248371.3,0.702383792679717,0.8357624264551166,0.0389702908210521
2020-12-31,3.1356089115142822,3.1909029483795166,2.7888219356536865,2.9220480918884277,18953615,0.07295346055043006,0.07041508950235295,2.967255973815918,2.9806726932525636,3.137461304664612,3.045053477529176,3.181312909531747,-0.13625943200257096,-0.14351526582992913,0.007255833827358171,47.49180619120977,3.137461304664612,3.5158692889946654,2.759053320334558,0.24121921999003246,0.2786360127585275,23734828.05,0.7985570807621671,0.8624803366983621,0.04208944871968457
2021-01-01,3.664823055267334,3.873537063598633,3.054542064666748,3.1535348892211914,81260736,0.16877555801353994,0.15595666920073403,3.118988370895386,3.0389128923416138,3.153990912437439,3.140402646051783,3.2171404473225014,-0.07673780127071828,-0.13015977291697262,0.05342197164625434,57.21577893234757,3.153990912437439,3.5926713370927295,2.715310487782148,0.2781748184025512,0.313752429825919,26566353.65,3.058783944178956,0.7451583757470035,0.05641217265511202
2021-01-02,3.4949400424957275,3.937006950378418,3.2992630004882812,3.6621639728546143,50081958,-0.046355038213219846,-0.04746383425782813,3.228489398956299,3.0967746019363402,3.1621850609779356,3.1949468622043216,3.2377245636240755,-0.0427777014197539,-0.11268335861636235,0.06990565719660845,50.66410532860927,3.1621850609779356,3.6204755800216075,2.7038945419342637,0.28985686176250625,0.34287021841321674,28034338.8,1.7864504797951575,0.3068269624084802,0.05761526099019355
2021-01-03,3.4729440212249756,3.826090097427368,3.3968420028686523,3.4942920207977295,36997985,-0.006293676287231764,-0.006313564960330209,3.3381450176239014,3.134196710586548,3.178814911842346,3.2377156567722882,3.2551532199691,-0.017437563196811556,-0.09363419953143497,0.07619663633462341,54.559634041694885,3.178814911842346,3.657454792096978,2.700175031587714,0.3011435981827748,0.35856480257851736,28522100.7,1.297169005507368,0.17729144881037776,0.055868148262352695
2021-01-04,3.590243101119995,3.8319599628448486,3.2504019737243652,3.4735190868377686,39414734,0.03377511390282817,0.03321726104164046,3.471711826324463,3.1977500200271605,3.193329668045044,3.2919506491465746,3.2799812783314337,0.011969370815140934,-0.07251348546121753,0.08448285627635846,64.71266366491201,3.193329668045044,3.703972815375241,2.682686520714847,0.31981862219869867,0.37743330001831055,29576808.5,1.3326229569360062,0.5843632585392807,0.05528271991761327
2021-01-05,4.237411975860596,4.343222141265869,3.485491991043091,3.590670108795166,69735075,0.18025767518046698,0.16573278343558395,3.6920724391937254,3.329664206504822,3.2379921674728394,3.437406239996317,3.3509194934091284,0.08648674658718836,-0.040713439050449565,0.1272001856376379,75.0418580540789,3.2379921674728394,3.928690626083675,2.5472937088620036,0.4266214511259342,0.42412987777165007,32010825.55,2.1784841159774464,0.8766393204853711,0.06771304557471881
2021-01-06,4.620357036590576,4.9713239669799805,4.155298233032227,4.233969211578369,77632627,0.09037239308132317,0.08651928292241537,3.883179235458374,3.50108380317688,3.3085472702980043,3.6193986724908007,3.4449732928435566,0.17442537964724414,0.002314324690265577,0.17211105495697857,83.7704318039919,3.3085472702980043,4.234955395454827,2.3821391451411813,0.5600090006109422,0.4235692875725882,35381063.2,2.194185815196192,0.569907024389325,0.06850031348330708
2021-01-07,4.4766130447387695,4.808977127075195,4.347032070159912,4.605810165405273,53715138,-0.031111013870451343,-0.03160523905226988,4.079513835906982,3.6540016174316405,3.362138020992279,3.751277808061918,3.521407146563988,0.22987066149792978,0.04782559205279387,0.18204506944513593,77.7318296292557,3.362138020992279,4.425823386176303,2.298452655808255,0.6327434260834389,0.43355393409729004,36911437.3,1.455243738232865,0.28051165356988533,0.06873179359459641
2021-01-08,5.797110080718994,5.813028812408447,4.054746150970459,4.475872039794922,100707264,0.29497681009801946,0.2584927877309475,4.544347047805786,3.9412460327148438,3.478512871265411,4.0660212374095925,3.690010606543744,0.3760106308658484,0.11346259981655327,0.26254803104929514,88.82216211674891,3.478512871265411,5.0017332873123515,1.9552924552184712,0.8757882879374392,0.5399489743368966,40950820.6,2.4592245655756164,0.9909464263351727,0.0928583543577357
2021-01-09,7.218531131744385,7.459084987640381,5.621013164520264,5.766707897186279,162227415,0.24519476622550118,0.2192919564167503,5.270004653930664,4.370858240127563,3.6738659739494324,4.551022763246297,3.95142969020021,0.599593073046087,0.210688694463821,0.388904378582266,92.61247726158246,3.6738659739494324,5.931835641157429,1.4158963067414359,1.2292063364416437,0.6615838834217617,48124673.8,3.3709821218570006,0.8691270593665226,0.10269607024142019
2021-01-10,6.586495876312256,7.501711845397949,6.191731929779053,7.21622896194458,96243972,-0.08755732210569478,-0.09163001424463742,5.739821434020996,4.715946936607361,3.848309814929962,4.864172474932683,4.146652410232965,0.717520064699718,0.31205496851213554,0.4054650961875824,82.4790654276162,3.848309814929962,6.434111846715268,1.2625077831446565,1.3438637511737692,0.7406758069992065,51642243.85,1.8636675098694417,0.3013511419624984,0.10409637698828285
2021-01-11,6.494089126586914,6.986017227172852,5.775503158569336,6.579784870147705,101394969,-0.014029728623633497,-0.014129075567952362,6.114567852020263,4.998873543739319,4.018893218040466,5.114928884223724,4.320563527983644,0.7943653562400801,0.4085170460585887,0.3858483101814914,81.01938064607825,4.018893218040466,6.832089801829905,1.2056966342510265,1.399985732968093,0.8142779554639544,55512398.9,1.826528325368407,0.5936204962164173,0.10433741507776195
2021-01-12,7.782700061798096,8.198620796203613,6.457986831665039,6.48761510848999,157738757,0.19842827994700385,0.18101093158900622,6.775785255432129,5.4276495456695555,4.262212073802948,5.525355221096861,4.57705484310534,0.9483003779915213,0.5164737124459489,0.4318266655455725,84.78632537582449,4.262212073802948,7.485755589305539,1.038668558300357,1.5126152615988404,0.926385590008327,60882868.4,2.590856198884348,0.7610521508315531,0.10726755835842157
2021-01-13,8.466814994812012,8.478569030761719,7.186761856079102,7.757136821746826,107370548,0.08790200413503535,0.08425107464840148,7.309726238250732,5.927036643028259,4.530616676807403,5.977887495713005,4.865223462350515,1.1126640333624902,0.6357117766299408,0.4769522567325494,86.16922105723407,4.530616676807403,8.208216406348697,0.8530169472661089,1.6234433375779624,1.0110440424510412,64760370.9,1.657966847747007,0.9909010833125264,0.10750810419263077
2021-01-14,9.26131534576416,9.527690887451172,8.22860336303711,8.464188575744629,154674301,0.09383698019136744,0.08969168027415521,7.718283081054688,6.494143867492676,4.845946943759918,6.483030243515258,5.190899911697776,1.2921303318174822,0.7669954876680513,0.5251348441494309,87.14423901661807,4.845946943759918,9.004637993633729,0.6872558938861069,1.7163584736431834,1.0751159361430578,71176040.5,2.17312314528089,0.7949518068409785,0.1049829989084418
2021-01-15,9.380011558532715,9.855640411376953,8.633323669433594,9.270428657531738,123418249,0.012816345015488784,0.012734910720964507,8.276986217498779,7.0084038257598875,5.169034016132355,6.928719677819634,5.501239782984673,1.4274798948349616,0.8990923691019183,0.5283875257330434,86.47068370982362,5.169034016132355,9.685762624141592,0.6523054081231185,1.747610324835434,1.1039246320724487,76280347.7,1.6179560361390435,0.6108792077928763,0.10417416713612312
2021-01-16,12.877918243408203,13.35923957824707,9.169472694396973,9.386836051940918,302897986,0.3729107009141739,0.31693308527823666,9.553752040863037,7.83415994644165,5.6676218748092655,7.843980997730707,6.04771797301554,1.7962630247151674,1.0785265002250948,0.7177365244900726,92.0258467460407,5.6676218748092655,11.216229709016229,0.11901404060230103,1.9580021239132834,1.3576405559267317,90198561.45,3.3581243550974613,0.8851197794451597,0.12339096106367045
2021-01-17,13.20268440246582,14.382867813110352,12.400222778320312,12.86845588684082,303643624,0.025218839949062044,0.024906092191308727,10.637748908996581,8.706767082214355,6.180384349822998,8.668396907773552,6.577767183330992,2.09062972444256,1.280947145069063,0.809682579373497,92.42824447732978,6.180384349822998,12.510890694894538,-0.15012199524854175,2.0485801486610913,1.468597480228969,104026338.9,2.918910991300877,0.40474296004431193,0.1230889441153347
2021-01-18,12.701574325561523,13.834186553955078,12.681751251220703,13.179217338562012,144213432,-0.0379551659063142,-0.03869422431542242,11.484700775146484,9.397213506698609,6.669229769706726,9.2888857423124,7.031423495933991,2.2574622463784095,1.4762501653312994,0.7812120810471102,88.44468414776406,6.669229769706726,13.436092443908047,-0.09763290449459383,2.0292786147324136,1.50937443120139,109967702.4,1.3114162508864056,0.017201029959578597,0.12445493267730864
2021-01-19,11.790321350097656,13.331988334655762,11.621259689331055,12.712359428405762,147387064,-0.07174330930221762,-0.07444697808905243,11.990501976013183,9.854392528533936,7.11262538433075,9.673721990206097,7.383963926959501,2.2897580632465964,1.638951744914603,0.6508063183319934,81.17428064608757,7.11262538433075,14.00670315937143,0.2185476092900691,1.938546571067405,1.570302895137242,116485472.45,1.2652827936399034,0.09882435781992124,0.12792273499796022
2021-01-20,12.411564826965332,12.998587608337402,11.079717636108398,11.791474342346191,143245334,0.05269097070560602,0.051349714966205474,12.596812629699707,10.436899423599243,7.576423180103302,10.094928580978818,7.756407644687841,2.338520936290977,1.7788655831900462,0.559655353100931,81.53746296564445,7.576423180103302,14.59098541701794,0.5618609431886634,1.8516817422067486,1.6490774835859026,122700058.4,1.1674430792283959,0.6940789126889301,0.12805430222914382
2021-01-21,11.310115814208984,12.990006446838379,11.147109985351562,12.418549537658691,166420741,-0.08874376664925787,-0.09293115524289297,12.283252143859864,10.91850209236145,7.958687818050384,10.281880463202787,8.019664159548986,2.262216303653801,1.8755357272828899,0.38668057637091136,75.67053782171794,7.958687818050384,14.908685411608761,1.0086902244920077,1.7465184594364194,1.7477168696267265,126958058.65,1.3108324337156994,0.08845088770825615,0.13136169848867932
2021-01-22,12.718835830688477,13.380752563476562,10.720327377319336,11.301277160644531,190313148,0.12455398685747388,0.11738650092018588,12.186482429504395,11.412115669250488,8.419882607460021,10.656796673905164,8.367774057183137,2.2890226167220273,1.9582331051707809,0.3307895115512465,75.83073935908837,8.419882607460021,15.346819628404159,1.4929455865158845,1.6453761516358594,1.8121556213923864,133969618.15,1.4205694591658429,0.7511988896571224,0.1292630487835137
2021-01-23,12.877225875854492,13.479141235351562,12.562527656555176,12.707362174987793,140727865,0.012453187325828008,0.012376284189775665,12.221612739562989,11.853156757354736,8.890096700191497,10.998401166759438,8.701828056865486,2.296573109893952,2.0259011061154566,0.27067200377849554,73.31520452474945,8.890096700191497,15.678482294081839,2.1017111063011553,1.5271792473852654,1.7463371753692627,139156112.15,1.0112948890689455,0.34332702803648085,0.12871870140198508
2021-01-24,12.463919639587402,13.16489315032959,12.27584171295166,12.872480392456055,105137518,-0.032095906389439155,-0.03262227346258938,12.356332397460937,12.17341718673706,9.333780527114868,11.223865547332274,8.980517367444104,2.2433481798881694,2.0693905208700207,0.17395765901814864,74.660918278379,9.333780527114868,15.8167461509462,2.8508149032835366,1.3891403606498252,1.716270855494908,142442251.35,0.7381062641425318,0.21154897974739087,0.13064954718447336
2021-01-25,12.224095344543457,12.92879867553711,12.081398010253906,12.459662437438965,89612475,-0.019241482774184804,-0.019429009529658987,12.318838500976563,12.457825565338135,9.73311469554901,11.377747054675092,9.220795063923235,2.156951990751857,2.0869028148463946,0.07004917590546222,73.74858170894063,9.73311469554901,15.868921550242689,3.5973078408553336,1.2608105517341957,1.6903341838291712,143436121.35,0.6247552858832236,0.1683941710830724,0.1295132962754978
2021-01-26,12.172889709472656,12.716864585876465,11.483739852905273,12.222853660583496,117575609,-0.004188909987000167,-0.004197708048560894,12.491393280029296,12.38732271194458,10.110741329193115,11.500076693928234,9.439479411096698,2.0605972828315355,2.0816417084434207,-0.02104442561188513,70.27522874361253,10.110741329193115,15.837663366499545,4.383819291886685,1.1328391956326442,1.654083524431501,145433270.45,0.8084505604267666,0.5588646732583509,0.13012623350675523
2021-01-27,11.184797286987305,12.224189758300781,10.835763931274414,12.179483413696289,97215395,-0.08117155795114461,-0.08465585299888362,12.184585571289062,12.185534000396729,10.446150541305542,11.45157216976552,9.568768057516072,1.8828041122494472,2.0418741892046164,-0.15907007695516917,62.209654466398604,10.446150541305542,15.533782168672378,5.358518913938705,0.9740682191491742,1.6609848567417689,147608283.3,0.658603926735052,0.2513878281467491,0.13236670931470276
2021-01-28,12.000269889831543,12.684061050415039,10.903341293334961,11.187371253967285,115201839,0.0729090194413251,0.07037366922540075,12.009194374084473,12.11540355682373,10.756308531761169,11.535987203648272,9.748886838725763,1.7871003649225088,1.9909194243481845,-0.20381905942567569,62.2807259101243,10.756308531761169,15.386341591763486,6.126275471758852,0.8608962910148552,1.6953871590750558,148333012.05,0.7766432934104232,0.6160029313850222,0.11982761689877063
2021-01-29,11.621697425842285,12.606816291809082,11.376974105834961,12.022982597351074,146529369,-0.03154699581465592,-0.032055321643515024,11.840749931335449,12.098541164398194,10.976466846466064,11.549173391681617,9.887618922183727,1.66155446949789,1.925046433378115,-0.2634919638802249,59.82220908087733,10.976466846466064,15.307271183687327,6.6456625092448,0.7891071685996283,1.6959246907915388,147548109.75,0.9930955350649621,0.1989875780880052,0.11091017650684824
2021-01-30,11.984418869018555,12.625574111938477,11.312639236450195,11.616052627563477,112936218,0.031210711300202476,0.030733559807864387,11.792814636230469,12.055826568603516,11.246362996101379,11.616134234363855,10.042943007073553,1.5731912272903017,1.8546753921605434,-0.28148416487024175,44.60194732793218,11.246362996101379,15.068118118220674,7.424607873982083,0.6796428540398581,1.4904366901942663,148382722.05,0.7611143429620079,0.5116625660521802,0.10745123259682195
2021-01-31,13.516318321228027,15.22437572479248,11.858070373535156,11.997275352478027,351069270,0.12782425822662558,0.12029034149339209,12.061500358581544,12.27644681930542,11.597474455833435,11.908470247783049,10.300238611143078,1.608231636639971,1.8053866410564239,-0.19715500441645295,51.65361865880042,11.597474455833435,14.82500775275366,8.36994115891321,0.5565924390196525,1.5892695699419295,160866437.1,2.1823649253931294,0.4926017606060286,0.10870435549089681
2021-02-01,13.22776985168457,13.519383430480957,12.638040542602539,13.519383430480957,149280612,-0.0213481558132792,-0.021579323616311836,12.470094871520995,12.327340221405029,11.869727945327758,12.111439417646642,10.517099444779648,1.5943399728669938,1.7631773074185344,-0.1688373345515406,52.83794971562691,11.869727945327758,14.626672603057267,9.11278328759825,0.4645337568692492,1.5699058260236467,160443529.85,0.9304246306445869,0.6691258425087858,0.10305276207214972
2021-02-02,13.515045166015625,13.67038345336914,12.805488586425781,13.235482215881348,91074992,0.021717592425035237,0.021485125244561615,12.773049926757812,12.391122150421143,12.12213945388794,12.3273787635789,10.739175820453802,1.588202943125097,1.7281824345598447,-0.13997949143474764,59.97328258082505,12.12213945388794,14.459774519833292,9.784504387942587,0.3856802794321265,1.5094891275678362,159628752.05,0.5705425296532599,0.8203963261957342,0.1021991120163431
2021-02-03,14.805048942565918,14.904874801635742,13.20100212097168,13.507195472717285,144515018,0.09544946100469454,0.09116474572101918,13.40972023010254,12.625235080718994,12.399326133728028,12.708558791159184,11.04035954648163,1.6681992446775542,1.716185796583386,-0.04798655190583179,62.84680881122933,12.399326133728028,14.6204493071415,10.178202960314556,0.3582651427115356,1.4941321781703405,159120787.9,0.9082095426200437,0.9414123663013119,0.10225440048628583
2021-02-04,15.36817741394043,15.813543319702148,13.982809066772461,14.799270629882812,180318628,0.03803624517278448,0.03733070241228042,14.086471939086914,12.939643287658692,12.698734426498413,13.117730887011486,11.360946472472252,1.7567844145392346,1.724305520174556,0.032478894364678546,73.11716604081917,12.698734426498413,14.818243040053703,10.579225812943124,0.3338141490907184,1.4932634489876884,161965806.85,1.1133129362730056,0.756728256645501,0.1022116815994338
2021-02-05,17.913799285888672,17.99698829650879,15.220497131347656,15.348531723022461,196730774,0.16564240530169272,0.1532723559008698,14.965968132019043,13.513734245300293,12.950528478622436,13.855587563822557,11.846353947114684,2.0092336167078724,1.781291139481221,0.2279424772266514,76.19997329651792,12.950528478622436,16.10398253735819,9.797074419886684,0.48700005778778677,1.5015538760593958,156657446.25,1.2558022533193183,0.9700380749039156,0.07141050236325719
2021-02-06,17.97602081298828,18.5445613861084,16.036651611328125,17.909730911254883,192597459,0.0034733852996009507,0.003467367028704058,15.915618324279786,14.192856597900391,13.18919529914856,14.489500371430664,12.30041284596102,2.1890875254696436,1.8628504166789077,0.32623710879073586,75.96684658907674,13.18919529914856,17.06321260601655,9.315177992280573,0.5874531719335566,1.615217890058245,151105138.0,1.2745923901012552,0.7733010227997779,0.07147608402553061
2021-02-07,24.207178115844727,24.21027946472168,18.00034523010254,18.020671844482422,545865729,0.34663718782269237,0.29761051283468043,18.054044914245605,15.41354742050171,13.76447548866272,15.984527716813242,13.182412547634115,2.8021151691791264,2.050703367178955,0.7514118020001712,87.55260283348846,13.76447548866272,20.019196201048754,7.509754776276687,0.9088207854397083,1.9970184053693498,171187752.85,3.1886961532715747,0.999500581044052,0.10120937219415096
2021-02-08,30.275327682495117,33.30602264404297,23.669597625732422,24.044641494750977,894521369,0.2506756276014883,0.22368390737676375,21.148100662231446,17.278910446166993,14.688725805282592,18.18311232702778,14.448577124692155,3.734535202335623,2.3874697342102946,1.3470654681253285,92.04988165973089,14.688725805282592,24.285363986389168,5.092087624176017,1.306667209711993,2.6248058591570174,208544468.1,4.2893555372136,0.6854959217091329,0.10837961445096117
2021-02-09,31.598886489868164,32.97258758544922,27.572586059570312,30.255908966064453,445128059,0.04371740650517597,0.04278876939491568,24.39424247741699,19.240357208251954,15.648091888427734,20.247077582936466,15.718991514204147,4.5280860687323194,2.8155930011147055,1.712493067617614,92.71999240967233,15.648091888427734,27.786017337012368,3.5101664398431023,1.5513617296126714,2.9224399157932828,223638604.35,1.990390077302412,0.745610978727718,0.10840060958926213
2021-02-10,55.29847717285156,59.93983840942383,31.599626541137695,31.599626541137695,2235807129,0.7500134756515047,0.5596234882780634,31.87117805480957,23.418573093414306,17.847509956359865,25.639600596962087,18.650850361060684,6.988750235901403,3.650224448072054,3.338525787829349,98.53212004465372,17.847509956359865,39.15429208619862,-3.4592721734788903,2.3876475969967115,4.847620350973947,327107923.75,6.835074807630673,0.8362270096460214,0.1855521636097487
2021-02-11,47.37031936645508,56.263877868652344,42.22793960571289,54.933860778808594,856224806,-0.14337027368067856,-0.15474951171874896,37.75003776550293,26.832828044891357,19.580084133148194,28.982788100062006,20.778248732858735,8.204539367203271,4.561087431898305,3.6434519353049657,83.64691879025342,19.580084133148194,44.46574601250937,-5.305577746212979,2.5419361541180385,5.722993101392474,360403506.65,2.3757393871073202,0.36637235507485977,0.19281554356413763
2021-02-12,48.65618133544922,54.39250564575195,43.77418899536133,47.15752029418945,688788872,0.02714488705568474,0.026782998946870445,42.63983840942383,30.346941661834716,21.36903190612793,32.00946398250664,22.843308008534628,9.16615597397201,5.482101140313053,3.6840548336589576,84.63244896522444,21.36903190612793,49.19609647165774,-6.458032659401876,2.6044291278866902,6.393598420279367,387806557.0,1.7761145590944714,0.4597708371515351,0.1925671137743108
2021-02-13,43.787147521972656,51.91789627075195,43.491493225097656,48.65752410888672,380032573,-0.10007020032887681,-0.10543851906543168,45.34220237731934,33.24515151977539,22.935193300247192,33.82141529630984,24.39472247048239,9.426692825827448,6.271019477415936,3.1556733484115123,77.42834209711263,22.935193300247192,52.14353704011347,-6.273150439619084,2.547032707114919,6.901703289576939,401551309.75,0.9464109910053655,0.03508665499647677,0.19526911885123374
2021-02-14,38.57595443725586,44.5438232421875,38.32867431640625,43.76673889160156,472803313,-0.11901193340127458,-0.12671119842858639,46.737615966796874,35.56592922210693,24.252786254882814,34.55288285646876,25.445195973626223,9.10768688284254,6.838352958501259,2.2693339243412805,70.32296229280784,24.252786254882814,53.802172746939775,-5.296600237174147,2.4367828241679064,7.105192116328648,420710851.65,1.1238201038687186,0.03978667661944388,0.1991383367623275
2021-02-15,38.1765022277832,43.987274169921875,33.83211135864258,38.545528411865234,492075708,-0.010354953371856768,-0.010408938903341259,43.3132209777832,37.59219951629639,25.55296688079834,35.11036275975654,26.38826556813429,8.72209719162225,7.2151018051254585,1.5069953864967918,70.19669086885236,25.55296688079834,55.15266895083745,-4.046735189240774,2.3167330985962082,7.7676078251429965,439435856.6,1.1197896134541334,0.42780120275741085,0.19926997819784587
2021-02-16,36.33607482910156,39.49046325683594,35.285011291503906,38.159122467041016,360245755,-0.04820838189157772,-0.049409156691938176,41.1063720703125,39.42820491790771,26.810530757904054,35.298933847350554,27.12514747044804,8.173786376902513,7.406838719480871,0.7669476574216416,68.02109105271992,26.810530757904054,55.973874743353505,-2.3528132275454006,2.1755141103912505,8.006219046456474,452587374.6,0.7959695192964403,0.24992879332896722,0.19805704333373664
2021-02-17,37.052146911621094,41.205078125,34.22456741333008,36.40126037597656,417547992,0.019706918974804255,0.01951525166933225,38.78556518554687,40.71270179748535,28.06312460899353,35.5686589341644,27.860487361735053,7.708171572429343,7.467105290070565,0.24106628235877814,67.72857194948142,28.06312460899353,56.695256177744696,-0.5690069597576404,2.0405519319523875,8.383121762956891,467704682.25,0.8927599142075939,0.405067710807066,0.19844388870260568
2021-02-18,41.01509094238281,43.69624328613281,36.02028274536133,37.055477142333984,433522043,0.10695585441281885,0.10161377435212204,38.231153869628905,41.78667812347412,29.532794284820557,36.40657155082125,28.83491053901855,7.571661011802696,7.488016434416992,0.08364457738570419,69.38734415178776,29.532794284820557,57.623921845597664,1.4416667240434542,1.9023684172828543,8.800637926374163,482054315.95,0.8993219823074172,0.6507079034583462,0.19703842787107953
2021-02-19,38.75145721435547,41.210418701171875,38.00141143798828,41.040828704833984,319733162,-0.05519026475419142,-0.05677171012390745,38.26625442504883,42.501935195922854,30.871146202087402,36.767323191367836,29.569475203919158,7.197847987448679,7.429982745023328,-0.23213475757464952,65.81931210120251,30.871146202087402,57.97521047551409,3.767081928660719,1.7559480361369932,8.831531933375768,492394163.15,0.6493439320128546,0.2337314042990877,0.19908463222768621
2021-02-20,36.23386764526367,42.7515983581543,32.88935089111328,38.76970672607422,468606771,-0.06496761025438691,-0.06717410885429247,37.87772750854492,40.59547424316406,32.007023668289186,36.68525310735126,30.063137420271335,6.622115687079923,7.268409333434646,-0.6462936463547235,63.36262891325487,32.007023668289186,57.92697454459929,6.087072791979082,1.6196414352634843,9.35684176853725,498271038.2,0.9404656001938987,0.3391231828177415,0.20104862380446642
2021-02-21,36.147972106933594,37.93278121948242,35.151634216308594,36.10154724121094,213433308,-0.002370587075357533,-0.0023734013654580317,37.84010696411133,39.473239517211915,33.15303378105163,36.60259449190192,30.513868888859445,6.088725603042473,7.032472587356211,-0.943746984313738,59.60309982239124,33.15303378105163,57.559584240372516,8.746483321730746,1.4723569867244104,9.110190936497279,501478673.0,0.4256079460432009,0.3582471138366703,0.2006624031286871
2021-02-22,32.279056549072266,36.25886535644531,26.933208465576172,36.14577865600586,341397482,-0.10702994752834905,-0.1132022345339901,36.88548889160156,37.83552703857422,34.091234350204466,35.93743480838646,30.64462432900194,5.292810479384524,6.684540165761875,-1.3917296863773503,51.67054455855688,34.091234350204466,56.695320769231955,11.487147931176974,1.3260937510695865,9.087993213108607,513994797.5,0.6642041586033758,0.5732409137846222,0.20420122579594413
2021-02-23,27.562902450561523,32.310028076171875,23.411659240722656,32.310028076171875,358695614,-0.14610569832922482,-0.15794786138891648,34.195051193237305,36.21310253143311,34.72912702560425,34.649045214869695,30.416347343283995,4.2326978715856995,6.19417170692664,-1.9614738353409402,46.81528522460236,34.72912702560425,55.70285225249411,13.755401798714392,1.2078463827453458,9.33787659236363,524703827.3,0.683615394699447,0.4665173226621062,0.20906996122072471
2021-02-24,29.93597984313965,31.898147583007812,25.485591888427734,27.58315086364746,367826263,0.08609678885721928,0.08259034171833841,32.43195571899414,35.34910507202149,35.45751714706421,33.92395823460104,30.38076437916296,3.5431938554380764,5.663976136628928,-2.120782281190851,19.834136962163697,35.45751714706421,54.525419682110865,16.38961461201755,1.0755351231142494,7.771562576293945,534079209.05,0.6887110690084257,0.6940115859786273,0.20922838169602342
2021-02-25,26.739532470703125,32.0368766784668,26.739532470703125,29.925506591796875,246988832,-0.10677610651749037,-0.11291800894567422,30.53308868408203,34.20540809631348,35.89880380630493,32.818661963228905,30.11104218926018,2.7076197739687267,5.072704864096888,-2.3650850901281615,22.349754752867852,35.89880380630493,53.617986695692565,18.179620916917305,0.9871740008381894,7.147377286638532,536592111.95,0.4602915818170182,0.0,0.21018049594250993
2021-02-26,25.939809799194336,27.982986450195312,24.98932456970215,26.860483169555664,178639218,-0.02990787787277116,-0.030364240729009267,28.49145622253418,33.165781593322755,36.296993255615234,31.76037701491329,29.80206062504187,1.9583163898714169,4.449827169251794,-2.491510779380377,19.152597852830453,36.296993255615234,52.6235242335777,19.970462277652768,0.8996079021193696,6.602759088788714,535894199.9,0.3333479220960682,0.3174991913784921,0.21058911519805257
2021-02-27,25.814472198486328,27.416004180908203,25.257539749145508,25.963407516479492,160106642,-0.004831862749891891,-0.00484357393850874,27.198539352416994,32.04201412200928,36.377357959747314,30.84562242776877,29.50668247668248,1.3389399510862887,3.8276497256186928,-2.488709774532404,21.984985414610037,36.377357959747314,52.46743082807971,20.287285091414915,0.8846202017274905,6.155049187796457,516606245.55,0.3099200665480611,0.2580225268320868,0.19745954218222714
2021-02-28,23.823219299316406,25.909753799438477,22.301069259643555,25.821205139160156,156409576,-0.0771370758177532,-0.08027456668665943,26.450602722167968,30.322826957702638,36.05475254058838,29.76525271569727,29.08568358384645,0.679569131850819,3.1980336068651183,-2.5184644750142993,24.438134702258623,36.05475254058838,52.90092813147753,19.208576949699232,0.9344773936209759,5.968873160226004,479700655.9,0.326056623180031,0.4218019111034113,0.1905532171687526
2021-03-01,27.403772354125977,27.76976776123047,23.697975158691406,23.877151489257812,248201636,0.1502967760076117,0.14001997517540757,25.944161224365235,29.18805847167969,35.84499683380127,29.40194804468576,28.96109712281403,0.4408509218717285,2.6465970698664405,-2.205746147994712,33.187586394859466,35.84499683380127,53.02591966288297,18.66407400471957,0.9586232024928155,5.534346716744559,469854334.75,0.5282523063920717,0.9101144257746794,0.1932839371076015
2021-03-02,27.135156631469727,31.742143630981445,26.015213012695312,27.420732498168945,563934379,-0.009802143996273771,-0.009850501272542996,26.023286056518554,28.278187370300294,34.436830806732175,29.053210904190543,28.825841825270974,0.22736907891956903,2.1627514716770664,-1.9353823927574973,34.89979915569137,34.436830806732175,49.37452108709411,19.499140526370244,0.8675415205421116,5.643023763384138,386260697.25,1.4599838477353653,0.19555739216446097,0.08208260602058594
2021-03-03,27.272077560424805,29.230932235717773,26.61944580078125,27.148202896118164,305240058,0.005045886810776112,0.005033198986905845,26.28973960876465,27.390597915649415,33.431918716430665,28.779190389764754,28.710747824354964,0.06844256540978932,1.743889690423611,-1.6754471250138216,33.63828811353473,33.431918716430665,47.37730771784311,19.48652971501822,0.8342559767327236,5.330950600760324,358711459.85,0.8509347823112208,0.24990815514626116,0.07807082811624975
2021-03-04,25.80517578125,28.733619689941406,24.280475616455078,27.26654052734375,290696777,-0.05378767994204681,-0.05528829530554292,26.28788032531738,26.743209838867188,32.2893684387207,28.32164968076207,28.495519656692814,-0.17386997593074227,1.3603377571527402,-1.5342077330834825,22.23557881457988,32.2893684387207,44.63552928387054,19.94320759357086,0.7647198717175647,5.100749424525669,338806855.1,0.858001461966287,0.34238734166473395,0.07735675528595988
2021-03-05,24.378053665161133,25.781890869140625,23.620702743530273,25.781890869140625,192065807,-0.05530371612991736,-0.05689179587617762,26.39884719848633,26.424724960327147,31.318913745880128,27.714942601438384,28.190521376869075,-0.4755787754306908,0.993154450636054,-1.4687332260667447,22.93603694643572,31.318913745880128,42.88643495193876,19.751392539821495,0.7386923633378116,5.027568408421108,329408516.8,0.58306266293841,0.35043266671319767,0.0758050869302755
2021-03-06,24.923477172851562,25.496488571166992,23.89537811279297,24.340831756591797,138082740,0.02237354610757536,0.02212692999846055,25.902788162231445,25.92347469329834,30.636289882659913,27.28548638165552,27.948517515506502,-0.663031133850982,0.6619173337386468,-1.3249484675896288,26.99488665080827,30.636289882659913,42.010344477408445,19.26223528791138,0.7425216720635763,4.437487193516323,312672488.15,0.441621009948777,0.6421162564146244,0.0732368338503582
2021-03-07,26.65015411376953,27.86521339416504,24.91714096069336,24.91714096069336,300207534,0.06927913504776884,0.06698471586941074,25.805787658691408,25.91453685760498,30.059972476959228,27.187742955826852,27.852342232713635,-0.6645992768867828,0.39661401161356086,-1.0612132885003436,31.890374985780227,30.059972476959228,40.984545948163124,19.135399005755332,0.7268518611969794,4.449410438537598,303079079.45,0.9905254250632838,0.5878461897752276,0.07585331059907315
2021-03-08,25.545988082885742,27.069467544555664,25.17438316345215,26.655933380126953,209982091,-0.04143188163828637,-0.042314651351605656,25.460569763183592,25.87515468597412,29.520468139648436,26.935165283066567,27.68150082931138,-0.7463355462448114,0.1680241000418864,-0.9143596462866977,35.64890088522242,29.520468139648436,40.203068326105665,18.837867953191207,0.7237419227854054,3.9186552592686246,295565896.25,0.7104408650123484,0.19608885027922512,0.0757125621157509
2021-03-09,34.24869918823242,34.5954704284668,23.743547439575195,25.549341201782227,1202374920,0.3406684085622418,0.29316830195717175,27.14927444458008,26.71857738494873,29.380295753479004,28.06032434540022,28.167960903675787,-0.10763655827556917,0.11289196837839527,-0.22052852665396444,62.18038623405706,29.380295753479004,39.7146764397359,19.04591506722211,0.7034905824617623,4.058194841657366,334807242.65,3.591245250500557,0.9680451796174931,0.10975954384648154
2021-03-10,29.714048385620117,35.584999084472656,28.91278648376465,34.24568557739258,842150960,-0.1324035922558593,-0.14202864048964836,28.216473388671876,27.3076602935791,28.815243625640868,28.314743428511058,28.282486106519237,0.032257321991821186,0.09676503910108045,-0.06450771710925926,49.625198117757286,28.815243625640868,37.5890625551668,20.041424696114937,0.6089706575806052,4.076741763523647,355238688.5,2.370662282185517,0.12008938392783687,0.11067891101304883
2021-03-11,30.72899055480957,32.82171630859375,28.467239379882812,29.651203155517578,596126031,0.034156980429520534,0.03358658316017566,29.377576065063476,27.640182113647462,28.414120292663576,28.68616606332632,28.46370895740426,0.22245710592205725,0.12190345246527583,0.10055365345678142,57.27339739753468,28.414120292663576,35.91668977043416,20.91155081489299,0.5280874016506308,4.009394100734165,369058331.95,1.6152623566313715,0.5194082335859855,0.11059024421906975
2021-03-12,27.989315032958984,31.476247787475586,27.06589698791504,30.783205032348633,431815755,-0.08915605336803956,-0.09338369537251603,29.64540824890137,27.725597953796388,28.00189266204834,28.578958212500552,28.428568612992457,0.15038959950809527,0.12760068187383972,0.022788917634255557,53.48971345293953,28.00189266204834,34.53929895785265,21.46448636624403,0.46692603065825034,4.110586166381836,367218781.15,1.1759086875886495,0.20937519143425143,0.11139611877681072
2021-03-13,30.90908432006836,33.13913345336914,27.049644470214844,27.99962043762207,521074219,0.10431728263700579,0.09922730025818696,30.71802749633789,28.08929862976074,27.739948272705078,28.93743915212644,28.612310777267165,0.3251283748592755,0.16710622047092688,0.1580221543883486,57.92088004479983,27.739948272705078,33.24066288398231,22.239233661427846,0.39659155505273236,4.391373634338379,382600826.7,1.3619265371022786,0.6337871460466115,0.11416988800414037
2021-03-14,29.05876922607422,32.1793098449707,29.05876922607422,30.87592315673828,312497649,-0.05986314815521032,-0.06172982724593111,29.68004150390625,28.414657974243163,27.578933906555175,28.95610531734918,28.645381816812897,0.31072350053628384,0.1958296764839983,0.11489382405228554,58.175834398351185,27.578933906555175,32.69530830348163,22.462559509628722,0.37103496561992594,4.356506211417062,381155835.05,0.8198684639289506,0.0,0.11236053540364871
2021-03-15,29.017908096313477,30.463226318359375,27.261056900024414,28.98705291748047,334277022,-0.0014061548664654477,-0.0014071444299815093,29.540813446044922,28.878643417358397,27.651684188842772,28.96561343718984,28.672976389517743,0.2926370476720983,0.21519115072161832,0.07744589695047999,52.83392989704419,27.651684188842772,32.80831815307283,22.49505022461271,0.3729706971201935,4.294390269688198,379934905.45,0.8798270893380481,0.5486440476082417,0.10696734112263859
2021-03-16,33.080162048339844,33.16495132446289,27.748605728149414,28.950258255004883,450559779,0.13999127499278452,0.1310206088620145,30.011047744750975,29.694311904907227,27.808893299102785,29.59862091582838,28.999434953242414,0.5991859625859668,0.291990113094488,0.30719584949147877,59.210667926239125,27.808893299102785,33.429582934497844,22.188203663707725,0.4042368443030707,4.272205625261579,384071581.25,1.1731140781976301,0.9843456654567586,0.10969507429556358
2021-03-17,32.64582824707031,33.858726501464844,31.004419326782227,33.07617950439453,440750660,-0.01312973620367519,-0.013216693176831103,30.942350387573242,30.293879318237305,28.104208087921144,30.067422043711804,29.26953844117428,0.7978836025375244,0.39316881098309536,0.4047147915544291,58.24959034506821,28.104208087921144,34.09667550895083,22.111740666891457,0.4264462746847636,4.2895499638148715,393759672.65,1.11933925847142,0.5750638645681023,0.10638721399814811
2021-03-18,33.301387786865234,35.610050201416016,31.96622657775879,32.65378952026367,439630072,0.020080959038120128,0.019881995752420584,31.420811080932616,31.069419288635252,28.472286987304688,30.564955234966224,29.56819423593275,0.9967609990334729,0.513887248593171,0.4828737504403019,61.801913206627034,28.472286987304688,34.799959343250116,22.14461463135926,0.44447938859051467,4.23174136025565,406809215.35,1.0806787442653245,0.36641762701516184,0.10586507229201281
2021-03-19,37.764976501464844,38.4378547668457,31.76274299621582,33.26352310180664,621681221,0.13403611714825114,0.1257830541354631,33.16205253601074,31.421047019958497,29.069812202453612,31.67265081442763,30.17536383415356,1.497286980274069,0.7105671949293507,0.7867197853447182,69.23688847888315,29.069812202453612,36.50141894464217,21.638205460265056,0.5112937565906461,4.552501269749233,429887944.3,1.446147139604724,0.8991959539414088,0.10884246551754816
2021-03-20,34.34647750854492,39.389564514160156,34.34647750854492,37.587562561035156,341937806,-0.09052035270794678,-0.09488265918303179,34.22776641845703,31.884289932250976,29.59597511291504,32.08400876736878,30.484335472591546,1.599673294777233,0.8883884148989274,0.7112848798783056,62.50796374194752,29.59597511291504,36.95326595661745,22.238684269212627,0.4971818509532298,4.7983567374093195,439164355.8,0.7786101068633221,0.0,0.10953810812644184
2021-03-21,32.81172180175781,35.511627197265625,32.116641998291016,34.341400146484375,328942185,-0.0446845155054193,-0.045713642798933,34.174078369140624,32.0925630569458,29.86637258529663,32.19596461881325,30.65673459175916,1.5392300270540886,1.0185567373299598,0.5206732897241289,58.22066686821123,29.86637258529663,37.2817078848695,22.451037285723768,0.4965675211072317,4.830279077802386,443201383.25,0.7421957544172444,0.20473721111637258,0.10630424975675208
2021-03-22,29.360292434692383,33.542724609375,28.989011764526367,32.80757141113281,310387936,-0.10518891352054949,-0.111142659546347,33.51697120666504,32.22966079711914,29.977629375457763,31.759707359717712,30.560701771393276,1.199005588324436,1.054646507528855,0.14435908079558102,54.78903057258471,29.977629375457763,37.28643017981529,22.668828571100235,0.48761699684906595,5.0201811109270364,430524061.1,0.7209537492676968,0.08153361487663612,0.10951594846157134
2021-03-23,28.591270446777344,30.836593627929688,28.351924896240234,29.307708740234375,245730628,-0.0261925861135619,-0.026541721906142846,32.57494773864746,31.997879409790038,30.04358901977539,31.27225552695764,30.414817873935814,0.857437653021826,1.015204736627449,-0.15776708360562308,41.12968053091014,30.04358901977539,37.27296142685524,22.81421661269554,0.4812589070048395,4.422520092555454,427548589.6,0.5747431613092145,0.09632895786919513,0.10980001188884854
2021-03-24,26.05170249938965,30.40033531188965,25.096126556396484,28.553295135498047,292191840,-0.08882319350289458,-0.09301832097348534,30.232292938232423,31.697172737121583,30.055915355682373,30.469093522716385,30.091623946312495,0.37746957640388956,0.8876577045827371,-0.5101881281788475,43.87456402153819,30.055915355682373,37.25563966460257,22.856191046762177,0.47908867347532075,4.324805532182966,427623342.75,0.683292539927651,0.1801542860095776,0.11110257078458723
2021-03-25,25.997766494750977,27.463455200195312,24.64167594909668,25.983722686767578,252605201,-0.0020703447170078437,-0.00207249084329056,28.562550735473632,31.395158576965333,30.136900997161867,29.781197056875534,29.78837507576256,-0.007178018887024962,0.7086905598887846,-0.7158685787758096,41.823987598290834,30.136900997161867,37.10027024229693,23.173531752026804,0.4621158124911938,4.21532712663923,430650312.45,0.5865668587650876,0.48057995334699427,0.11019460636074666
2021-03-26,28.2379093170166,28.87990379333496,25.907812118530273,25.946861267089844,232181872,0.0861667413898004,0.08265474691746023,27.64778823852539,30.91093330383301,30.302622604370118,29.54376817382031,29.673525700532736,-0.12975752671242446,0.5410009425685428,-0.6707584692809673,50.43714212520668,30.302622604370118,36.89124975658679,23.713995452153444,0.43485524261299335,4.112594332013812,435355269.05,0.533315865239555,0.7839923682029519,0.11153241940858587
2021-03-27,27.63164520263672,28.605022430419922,26.88374137878418,28.24203872680664,175964471,-0.021469865476710037,-0.0217036959689205,27.30205879211426,30.40951499938965,30.351697158813476,29.24959540902283,29.52227522040141,-0.27267981137858044,0.3782647917791181,-0.6509446031576985,43.7263156203723,30.351697158813476,36.839628704704,23.863765612922958,0.4275168872398007,3.800579479762486,429143115.9,0.4100368023636285,0.4345041844251759,0.11091050682779545
2021-03-28,28.69735336303711,29.49205780029297,27.247299194335938,27.617246627807617,222965831,0.03856839332529849,0.03784321996549879,27.32327537536621,29.949111557006837,30.509265422821045,29.164635094255797,29.461169870371183,-0.2965347761153865,0.24330487820021718,-0.5398396543156037,49.28675210715394,30.509265422821045,36.64952811736414,24.369002728277948,0.4025178980514003,3.7380236216953824,429792302.9,0.5187757656327261,0.6459733168605994,0.11050790983255149
2021-03-29,29.469568252563477,30.247343063354492,28.264358520507812,28.70986557006836,219894708,0.026908923612481983,0.026553245039728175,28.006848526000976,29.1195707321167,30.270308876037596,29.211547887841594,29.46179197301279,-0.2502440851711967,0.1445950855259344,-0.39483917069713104,50.86633554697675,30.270308876037596,36.1648920092901,24.375725742785093,0.38946303173792446,3.6509389877319336,380668292.3,0.5776543842708698,0.6077756532825843,0.07906496792095954
2021-03-30,29.625276565551758,30.78315544128418,28.94251251220703,29.47743034362793,221168524,0.005283698480202048,0.005269788720524874,28.732350540161132,28.647450637817382,30.26587028503418,29.27519845364316,29.473901947462636,-0.19870349381947605,0.07593536965685228,-0.2746388634763283,42.20493768399907,30.26587028503418,36.16235042905565,24.36939014101271,0.38964550422573857,3.39553165435791,349619170.5,0.6325983889375998,0.37093780594244263,0.07311562707674844
2021-03-31,28.72896957397461,29.886476516723633,26.6994571685791,29.615747451782227,221774579,-0.030254805878145774,-0.03072192846515849,28.830562591552734,28.239175415039064,30.16586923599243,29.19116324138646,29.418721752105387,-0.22755851071892863,0.015236593581696083,-0.2427951043006247,41.34308005219204,30.16586923599243,36.09701539552361,24.23472307646125,0.3932355546018498,3.4192968096051897,330901597.9,0.670213079681233,0.6368057979343688,0.07305945108221863
2021-04-01,28.418750762939453,29.296857833862305,27.99394989013672,28.732580184936523,172089242,-0.010798118263043555,-0.010856841055087546,28.98798370361328,28.14502124786377,30.187341022491456,29.072330552394615,29.344649802690995,-0.2723192502963805,-0.04227457519391925,-0.23004467510246124,39.04125891692582,30.187341022491456,36.088342973900055,24.28633907108286,0.39095870994480647,3.2520885467529297,317915272.25,0.5413053634764474,0.32604058605064323,0.07011763637050018
2021-04-02,29.117610931396484,29.574100494384766,28.043386459350586,28.33231544494629,167497181,0.024591516153778414,0.024294012334261407,29.072035217285155,28.197655296325685,30.09776735305786,29.07929676454875,29.3278321034144,-0.2485353388656506,-0.08352672792826554,-0.16500861093738506,26.644691834453738,30.09776735305786,36.007021547340784,24.18851315877494,0.39267060077680854,2.884631565638951,300236420.35,0.557884286006143,0.7017799800889081,0.06621494295432684
2021-04-03,28.251848220825195,32.780338287353516,28.199560165405273,29.081626892089844,424655897,-0.02973330169879318,-0.030184298573351184,28.8284912109375,28.41766986846924,30.05742130279541,28.95199698859128,29.24812957118431,-0.29613258259303166,-0.12604789886121878,-0.17008468373181287,30.906427817925433,30.05742130279541,36.00742260557316,24.107420000017658,0.39590896656356794,2.85160950251988,305844332.75,1.388470707244125,0.011414666660068807,0.06513775006473434
2021-04-04,29.3297119140625,30.0936279296875,27.917348861694336,28.299345016479492,185849450,0.038151970972390536,0.037442181515018776,28.76937828063965,28.75086441040039,30.073011493682863,29.010106977125314,29.254172709267003,-0.24406573214168858,-0.14965146551731276,-0.09441426662437583,38.76988794346484,30.073011493682863,36.013170286642456,24.13285270072327,0.39504914858343226,2.764559064592634,298422954.15,0.6227719664841339,0.6489806691844696,0.06567304797486428
2021-04-05,31.246593475341797,32.98377227783203,28.740985870361328,29.310335159301758,447418402,0.06535630376786017,0.06330930073800477,29.272903060913087,29.05173282623291,29.98133306503296,29.354181823004776,29.40175946825486,-0.04757764525008312,-0.12923670146386684,0.08165905621378372,56.752001605790674,29.98133306503296,35.78101186430939,24.181654265756528,0.38688598580298356,2.7423500333513533,298265885.3,1.5000656261777316,0.5905570911283728,0.059259199266514656
2021-04-06,31.554494857788086,34.554840087890625,30.20060157775879,31.27870750427246,453065493,0.009853918401993678,0.009805685146931472,29.900051879882813,29.444017791748045,29.926766395568848,29.692691520663747,29.561221384551157,0.13147013611258984,-0.07709533394857548,0.20856547006116533,60.968943345098346,29.926766395568848,35.64079447708974,24.21273831404795,0.3818673896132629,2.8758907318115234,298881626.95,1.515869334704182,0.3109368661752375,0.05923824260507847
2021-04-07,29.476511001586914,32.699039459228516,28.70438575744629,31.521106719970703,337039411,-0.06585381466464191,-0.06812233765219453,29.9718318939209,29.521933555603027,29.735522556304932,29.659432979267308,29.55494654007188,0.10448643919542633,-0.040778979319775116,0.14526541851520144,63.126142954139134,29.735522556304932,35.22563293036618,24.245412182243683,0.36926274718499347,2.782351085117885,293752093.9,1.1473600290819919,0.19328965658856548,0.06079825212670729
2021-04-08,30.764034271240234,31.3580322265625,29.308914184570312,29.580791473388672,177272348,0.04367963595094437,0.04275258025268017,30.474269104003906,29.651380157470705,29.385475444793702,29.829371639570834,29.64450861137007,0.1848630282007626,0.004349422184332443,0.18051360601643018,66.68938315126975,29.385475444793702,33.41970471839202,25.351246171195385,0.2745730135404749,2.727160998753139,271531650.25,0.6528607174772622,0.7101201832931145,0.05280699575980274
2021-04-09,31.532609939575195,32.42420959472656,30.409526824951172,30.760326385498047,289110798,0.024982928492361722,0.024675957322270094,30.914848709106444,29.842113494873047,29.244782066345216,30.09140830110997,29.784367993794422,0.3070403073155461,0.0648875992105752,0.24215270810497092,62.86211299483154,29.244782066345216,32.70611829232714,25.783445840363292,0.23671479022339623,2.6587746483939037,268890299.85,1.0751998051297498,0.5574491060817186,0.04962538557332284
2021-04-10,31.803802490234375,33.943992614746094,30.880163192749023,31.536279678344727,377650235,0.008600383893970553,0.008563611281048546,31.026290512084962,30.149596786499025,29.194386100769044,30.35485356097526,29.933955758811408,0.42089780216385364,0.13608963980123093,0.28480816236262274,66.7251541758063,29.194386100769044,32.46092335042299,25.927848851115098,0.22377845099252813,2.75467096056257,271325702.35,1.3918704779130924,0.3014656389939121,0.04869563541074351
2021-04-11,31.60232162475586,32.366477966308594,30.935728073120117,31.803796768188477,211605192,-0.006335118750042001,-0.006355270770208863,31.035855865478517,30.467953872680663,29.306487560272217,30.546771724633814,30.057538434320072,0.4892332903137415,0.2067183699037331,0.2825149204100084,62.51227370056508,29.306487560272217,32.74628729274217,25.866687827802263,0.2347466393163358,2.6965274810791016,266386565.15,0.7943538439367125,0.46590501257432554,0.042066561653831304
2021-04-12,33.883968353271484,35.65488052368164,31.30670928955078,31.66559410095215,485683846,0.07219870601937939,0.06971140556425551,31.91734733581543,30.944589614868164,29.571122455596925,31.06018659057807,30.340977727440585,0.7192088631374851,0.30921646855048357,0.40999239458700154,66.8258558520964,29.571122455596925,33.551183755891785,25.591061155302064,0.26918567641598296,2.8654693875994,278384226.05,1.7446528953575384,0.5927225306959736,0.043993612106183744
2021-04-13,33.67353057861328,34.81218719482422,31.746957778930664,33.798213958740234,380251185,-0.0062105409987459614,-0.006229906630831,32.49924659729004,31.486757850646974,29.952213859558107,31.462239511814257,30.587833526341804,0.8744059854724533,0.4222543719348776,0.4521516135375757,65.3661499611584,29.952213859558107,33.972767374689724,25.93166034442649,0.2684645304673271,2.9529398509434293,282787193.3,1.3446548995470369,0.6285248286499782,0.037710582091191255
2021-04-14,38.462867736816406,39.37591552734375,32.97645950317383,33.63677978515625,975987632,0.1422285420004319,0.1329812155552489,33.88529815673828,32.40007343292236,30.575468921661376,32.539259238737664,31.1711694641242,1.3680897746134626,0.6114214524705948,0.7566683221428678,78.5189515882067,30.575468921661376,35.72190720370893,25.429030639613817,0.33663838780255184,3.1823996135166714,318956314.85,3.0599413981158867,0.8573241544824871,0.04717483122809053
2021-04-15,37.143062591552734,40.80036926269531,36.40646743774414,38.41642761230469,578582518,-0.03431374785402086,-0.03491628826470661,34.95315017700195,32.98972034454346,31.020726585388182,33.24753667763229,31.613531967397584,1.6340047102347057,0.815938104023417,0.8180666062112887,74.13330550349185,31.020726585388182,36.815673425383636,25.225779745392728,0.37361773742108745,3.4031848907470703,336276347.15,1.720556687687334,0.16764033004774204,0.04606731651333681
2021-04-16,35.631317138671875,37.566322326660156,33.17973327636719,37.02238845825195,441000850,-0.04070061398826785,-0.04155206719624656,35.758949279785156,33.39740257263183,31.420710182189943,33.61427213317684,31.911145714555484,1.7031264186213555,0.9933757669430049,0.7097506516783506,67.24284911051635,31.420710182189943,37.33382900035369,25.507591364026197,0.37638352436193195,3.607175963265555,349528166.1,1.2617033268610165,0.55888158854364,0.04705371729930279
2021-04-17,34.341453552246094,36.87984085083008,33.909210205078125,35.53505325317383,299361049,-0.036200278014024034,-0.03687176323208245,35.85044631958008,33.883896827697754,31.70291519165039,33.72614619764903,32.09116853457951,1.6349776630695203,1.1216961461683082,0.5132815169012122,65.76618181907966,31.70291519165039,37.60750579417385,25.798324589126924,0.37249512020134723,3.4921654292515347,353347927.0,0.8472132595813984,0.1455055835807213,0.04794490391018592
2021-04-18,29.253093719482422,34.69755172729492,23.41156005859375,34.36116027832031,586258120,-0.1481696115460689,-0.16036784655538455,34.9663589477539,33.73280277252197,31.692091464996338,33.03798427793109,31.88094075186546,1.1570435260656282,1.1287656221477722,0.028277903917856007,49.835743545665906,31.692091464996338,37.61468597123274,25.769496958759937,0.3737585140304078,4.142859186444964,371666097.6,1.5773785227808197,0.5175915264861274,0.05933836808648402
2021-04-19,26.283065795898438,30.4605712890625,25.610403060913086,29.287132263183594,305510537,-0.10152867768669405,-0.10706049055970399,32.530398559570315,33.207848358154294,31.52498092651367,31.99876604992606,31.46628331369043,0.5324827362356324,1.0095090449653443,-0.47702630872971197,39.818772827692555,31.52498092651367,37.86688273697262,25.183079116054717,0.40234135749310973,4.186243602207729,375883198.25,0.812780508472754,0.1386885365531169,0.06361522480108654
2021-04-20,27.34795379638672,28.26930809020996,24.01119041442871,26.1361141204834,351820081,0.04051612581110908,0.03971686486803487,30.57137680053711,32.762263488769534,31.455930137634276,31.28325647245847,31.16122184478348,0.12203462767498863,0.8320141615072731,-0.7099795338322845,41.63139460908027,31.455930137634276,37.95415951845761,24.957700756810944,0.4131640267759094,4.179377828325544,382385473.35,0.9200665441544551,0.783624039584477,0.06404611916103553
2021-04-21,25.90350341796875,28.403427124023438,25.8530330657959,27.40620231628418,255465065,-0.05281749373910427,-0.054263483919806385,28.625814056396486,32.19238166809082,31.330167770385742,30.455602156383126,30.771761193173127,-0.3161590367900011,0.6023795218478183,-0.9185385586378194,42.707949663624085,31.330167770385742,38.16455203973551,24.495783501035977,0.4362813706864246,4.076216425214495,386554264.5,0.6608776269237097,0.019789236809167773,0.0650830717799955
2021-04-22,24.034961700439453,27.733657836914062,22.96561050415039,25.830305099487305,293095836,-0.07213471040496888,-0.07486871880729004,26.564515686035158,31.20748100280762,31.07603530883789,29.467811317007175,30.272738976016527,-0.8049276590093513,0.3209180856763843,-1.1258457446857355,36.584972251053436,31.07603530883789,38.600029171245765,23.552041446430017,0.48423125972366765,4.270425660269601,392834197.25,0.7461057057959585,0.22427445019227546,0.06653494879749597
2021-04-23,23.498424530029297,24.673828125,20.011245727539062,23.98783302307129,381922880,-0.022323196396037748,-0.022576130226075426,25.41358184814453,30.189970397949217,30.838364124298096,28.54944411901058,29.770937875674235,-1.221493756663655,0.012435717208376355,-1.2339294738720314,33.83354034139481,30.838364124298096,39.01038568525036,22.66634256334583,0.5299906005398896,4.459561347961426,390697546.4,0.977541025069514,0.7479071676910516,0.06642470487884831
2021-04-24,21.777528762817383,23.891143798828125,21.520355224609375,23.583303451538086,177292845,-0.07323451685080984,-0.0760547301588987,24.51247444152832,28.521436500549317,30.46075496673584,27.507610987288547,29.1788334638734,-1.6712224765848518,-0.32429592155026943,-1.3469265550345824,30.937206147347624,30.46075496673584,39.570439001976226,21.35107093149546,0.5981259522417262,4.410058430262974,390269716.15,0.4542828655756051,0.10847594758971503,0.067101336053721
2021-04-25,21.543121337890625,23.6827449798584,20.460407257080078,21.83055877685547,138398301,-0.010763729322997406,-0.010822077329966645,23.351507949829102,26.961442375183104,29.97558135986328,26.58999719507348,28.61322512899429,-2.0232279339208112,-0.664082324024378,-1.3591456098964332,30.898519507210352,29.97558135986328,39.90569408625664,20.045468633469923,0.6625467981541525,4.5380289895193915,374818711.1,0.36924064061219164,0.3360026696757896,0.06455621033037633
2021-04-26,26.459278106689453,26.47709846496582,21.40692138671875,21.62346649169922,264631790,0.22820076495378405,0.20555030573806476,23.46266288757324,26.044238471984862,29.72082052230835,26.56988656609132,28.453673490072354,-1.8837869239810345,-0.9080232440157093,-0.9757636799653252,37.18354247002549,29.72082052230835,39.74140216476062,19.70023887985608,0.6743139298547195,4.589600835527692,365397025.95,0.7242308262142548,0.9964852572274693,0.08458896318282225
2021-04-27,27.820369720458984,27.862098693847656,25.769237518310547,26.466716766357422,214406079,0.05144099579290562,0.050161600266516816,24.21974449157715,25.39213008880615,29.638013458251955,26.76226858984019,28.406762097650677,-1.6444935078104876,-1.0553172967746651,-0.5891762110358225,40.28234181242057,29.638013458251955,39.69440345679388,19.581623459710034,0.6786143081220564,4.520145961216518,359265359.35,0.5967902928017154,0.9800612751208521,0.0842503945728935
2021-04-28,28.327573776245117,29.030086517333984,25.88178062438965,27.920236587524414,240501701,0.01823139163435128,0.01806719252975507,25.185574340820313,25.29957809448242,29.516190433502196,27.003084772364023,28.400896295824268,-1.3978115234602448,-1.1238161421117812,-0.2739953813484637,30.38378913034667,29.516190433502196,39.574176695958805,19.458204171045587,0.6815233344639452,4.287920951843262,362426827.0,0.6635869176428267,0.7768600724497997,0.08375234535521235
2021-04-29,27.92986488342285,29.68246078491211,26.637962341308594,28.29535675048828,218944693,-0.014039638408982813,-0.014139126413741482,26.416041564941406,25.464258003234864,29.33605318069458,27.145666327911538,28.366005078764527,-1.2203387508529886,-1.1431206638600226,-0.07721808699296595,31.508424432158677,29.33605318069458,39.371004300542694,19.301102060846468,0.684137778046564,4.191534996032715,358918521.75,0.6100122443736773,0.42434002243789676,0.08357157054790963
2021-04-30,32.918373107910156,32.98488998413086,27.528404235839844,27.930896759033203,386072188,0.1786083908858478,0.16433441276324984,28.69109191894531,26.02129993438721,29.391781711578368,28.03377506329594,28.703217537236686,-0.6694424739407445,-1.048385025876167,0.3789425519354226,45.22177902668024,29.391781711578368,39.49657239320293,19.286991029953803,0.6875929319823413,4.267956188746861,359339619.4,1.0743936019207572,0.9878095739332533,0.09292239986940043
2021-05-01,31.89084243774414,35.64030456542969,31.766843795776367,32.89854431152344,415039866,-0.031214503426328366,-0.03171205736143299,29.77740478515625,26.620033836364748,29.406207752227782,28.627170043980282,28.939337907932302,-0.3121678639520198,-0.9011415934913376,0.5889737295393178,45.64356069046809,29.406207752227782,39.52510024945617,19.287315254999392,0.6882147186395903,4.332444054739816,369511353.1,1.123212757924866,0.03201236543277236,0.09325697707700618
2021-05-02,31.304956436157227,32.65867614746094,30.4722957611084,31.79400062561035,241565270,-0.01837160629201484,-0.018542460058402307,30.4743221282959,27.347033309936524,29.27725715637207,29.039137181238274,29.114568915310723,-0.07543173407244907,-0.7359996216075599,0.6605678875351109,54.34278081977327,29.27725715637207,39.22008606601705,19.334428246727086,0.6792186068892707,3.682471820286342,357305424.3,0.6760750147391479,0.38083980099616993,0.09198114628223983
2021-05-03,35.93231964111328,37.08235549926758,31.16550636291504,31.324922561645508,613797104,0.14781567303545096,0.13786072144769707,31.995271301269533,28.59042282104492,29.39019660949707,30.099626790449815,29.61958750170277,0.4800392887470437,-0.4927918395366392,0.9728311282836829,69.08387524525422,29.39019660949707,39.59124714592408,19.189146073070063,0.6941804896351504,3.7586633137294223,368982720.25,1.6634846845514306,0.8056337351674345,0.0977154484909331
2021-05-04,30.361431121826172,36.13649368286133,29.9829158782959,35.876583099365234,429905095,-0.1550383770078949,-0.16846406923371762,32.481584548950195,29.448813056945802,28.985124778747558,30.13990437989233,29.674538882392802,0.46536549749952627,-0.30116037212940605,0.7665258696289323,55.05834774492708,28.985124778747558,38.271675025479475,19.69857453201564,0.6407804222075312,3.8940533229282925,341678593.4,1.258214893482408,0.06151140928685964,0.09875620760571895
2021-05-05,35.263118743896484,35.56074523925781,29.83710289001465,30.29295539855957,311207014,0.16144455122692136,0.149664533153722,32.95053367614746,30.820812797546388,28.891127586364746,30.92809120512374,30.088507770939042,0.8395834341846964,-0.0730116108665855,0.9125950450512819,64.07697713160407,28.891127586364746,37.86271575744474,19.919539415284753,0.6210618221293766,4.1207139151436945,328309818.2,0.9479065100953475,0.9480005062020187,0.10541462722215043
2021-05-06,37.98084259033203,39.2972412109375,34.75200271606445,35.25393295288086,615820256,0.07706986628645662,0.07424426727397257,34.16853370666504,31.972969245910644,29.008603858947755,32.01312987977117,30.67312517793492,1.34000470183625,0.2095916516739817,1.1304130501622682,70.45235039603108,29.008603858947755,38.40335461208381,19.6138531058117,0.6477216758736376,4.104798998151507,337050788.5,1.8270844543655473,0.7103785358691013,0.10616194013296981
2021-05-07,38.04991912841797,43.743953704833984,36.006282806396484,37.970577239990234,812137105,0.0018187205278989982,0.0018170686582759002,35.51752624511719,32.995924186706546,29.194027137756347,32.94186668725529,31.21955437067418,1.7223123165811103,0.5121357846554075,1.2101765319257027,71.63718359212278,29.194027137756347,39.16091793989694,19.227136335615754,0.6828034210635169,4.32444817679269,362689591.3,2.23920709190752,0.26411517706096965,0.10566097295730281
2021-05-08,38.32207489013672,39.78215026855469,37.27090835571289,37.90199661254883,350546182,0.00715259763891285,0.007127139136619548,35.995477294921876,33.995374298095705,29.647476196289062,33.76959102616013,31.745667011749884,2.0239240144102446,0.814493430606375,1.2094305838038695,75.70834142698443,29.647476196289062,40.41844379372188,18.876508598856248,0.7266026643293843,4.334480558122907,350903994.4,0.9989803125478472,0.41858433664339934,0.09889367659079955
2021-05-09,39.021636962890625,39.360958099365234,35.33116149902344,38.402069091796875,329199843,0.01825480678589142,0.018090188169557916,37.727518463134764,35.10455150604248,30.284404754638672,34.57759809334944,32.284627758360976,2.2929703349884605,1.1101888114827922,1.1827815235056682,76.77260040759387,30.284404754638672,41.70467622477836,18.864133284498983,0.7542014817636752,4.392156192234585,352088459.7,0.9349918576726359,0.9157969547138437,0.0948141696581202
2021-05-10,34.70148849487305,41.777854919433594,30.219270706176758,38.9265022277832,528356770,-0.11071161551028774,-0.11733370407001605,37.61519241333008,35.28286304473877,30.65208148956299,34.5966581551223,32.46365448250275,2.1330036726195516,1.3147517837101443,0.8182518889094073,62.85975264043085,30.65208148956299,42.147540666815665,19.15662231231031,0.7500605909042015,4.855613844735282,360915294.15,1.4639356618132389,0.38778259535261184,0.0993518657624727
2021-05-11,36.82477951049805,37.254913330078125,32.580772399902344,34.690528869628906,342073952,0.061187318115725864,0.05938839269715405,37.38397979736328,35.77625675201416,31.19814529418945,34.93944605594933,32.78670078574925,2.1527452702000858,1.4823504810081327,0.670394789191953,63.722580006797195,31.19814529418945,42.78108198787007,19.615208600508836,0.7425400827168978,5.039990970066616,365245738.5,0.9365583658958967,0.9079758537268451,0.0984335818940206
2021-05-12,32.0162467956543,41.44514846801758,32.0162467956543,36.75679397583008,635368557,-0.13057872385829028,-0.13992748851419848,36.17724533081055,35.847385787963866,31.597209548950197,34.48972309282702,32.7296301190186,1.760092973808419,1.53789897956819,0.2221939942402289,54.96990932682632,31.597209548950197,42.68018893098116,20.514230166919234,0.7015163389577983,5.4886049543108255,382359374.55,1.6617051896472195,0.0,0.10217688483725115
2021-05-13,34.98023986816406,37.15969467163086,31.041418075561523,32.806304931640625,539807645,0.09257778063205335,0.08853984053990596,35.50887832641602,35.75217781066895,32.17130031585693,34.56518721210964,32.89634195444618,1.6688452576634631,1.564088235187245,0.10475702247621821,58.88485884873703,32.17130031585693,42.66156671257525,21.681033919138613,0.6521505996789172,5.708160536629813,390253612.8,1.3832226718594005,0.6437796206688701,0.10294385418567654
2021-05-14,36.951202392578125,37.984100341796875,33.390037536621094,35.040771484375,343970663,0.056345025987310615,0.05481486107437316,35.094791412353516,36.41115493774414,32.92998399734497,34.932266470643256,33.19670199049965,1.7355644801436085,1.5983834841785178,0.1371809959650907,55.50049246166837,32.92998399734497,42.400403109920305,23.45956488476963,0.5751851633659406,5.646558897835868,398587503.7,0.8629740265487406,0.7751667748628229,0.10048466613185474
2021-05-15,34.41056442260742,39.8306770324707,34.13846969604492,36.95224380493164,601746075,-0.06875657097645638,-0.07123456539536285,35.03660659790039,36.32589950561523,33.57335615158081,34.85200461709928,33.28661772720899,1.5653868898902914,1.5917841653208729,-0.026397275430581457,53.30049246807362,33.57335615158081,41.39067705341462,25.756035249746997,0.46568599615357376,5.776469366891043,421754892.4,1.4267672665887967,0.047801267593203925,0.10258241507168922
2021-05-16,36.5188102722168,39.502803802490234,32.61438751220703,34.42939376831055,566714442,0.06126740101433148,0.059463855224502045,34.97541275024414,36.179696273803714,34.07633275985718,35.108436256348135,33.526039399669294,1.582396856678841,1.5899067035924668,-0.007509846913625884,56.56751458551535,34.07633275985718,41.23293866032174,26.919726859392618,0.4200338076810444,6.112329074314663,436859025.0,1.2972478753300336,0.5668099298599656,0.09169854535681632
2021-05-17,33.662254333496094,37.64341354370117,31.962299346923828,36.551124572753906,457823166,-0.07822149509875864,-0.08145031758201739,35.3046142578125,35.740929794311526,34.368426990509036,34.88594672975552,33.53612939486356,1.3498173348919593,1.5418888298523654,-0.1920714949604061,47.00704367027286,34.368426990509036,40.89946696041533,27.83738702060274,0.38006045325902554,6.095490864345005,449029879.35,1.0195828541805032,0.299229152011112,0.09393181801956141
2021-05-18,36.82215881347656,37.678077697753906,33.316749572753906,33.62871170043945,369926391,0.09387085156789876,0.08972264544787933,35.672998046875,35.59093818664551,34.79315624237061,35.183825511866445,33.77953898357142,1.4042865282950245,1.5143683695408974,-0.11008184124587284,59.09641917192579,34.79315624237061,40.74966154463358,28.836650940107628,0.3423952262778178,5.967473030090332,455501113.85,0.8121305958470599,0.8037481088825839,0.09562947866407154
2021-05-19,23.383895874023438,38.42449188232422,18.6785831451416,36.97642517089844,583118261,-0.3649504367064662,-0.45405223070461603,32.959536743164065,34.02716407775879,34.56585779190063,33.36845172142906,33.009491339547,0.3589603818820635,1.2832867720091308,-0.9243263901270673,36.515915770020335,34.56585779190063,41.82878384265097,27.302931741150296,0.42023699191704506,6.969063486371722,473709792.25,1.2309609607822076,0.23829304536582538,0.1283269825481963
2021-05-20,25.196884155273438,28.166261672973633,20.92279815673828,23.133920669555664,356467352,0.07753148966353396,0.07467276731447041,31.116800689697264,33.07670364379883,34.1797833442688,32.11128748048204,32.43077969189739,-0.31949221141535133,0.9627309753242344,-1.2822231867395857,35.18465566474484,34.1797833442688,42.548212009275716,25.811354679261882,0.48967125278224555,7.1617938450404575,472229550.45,0.7548603251539698,0.5900610920528137,0.1227928234551176
2021-05-21,21.801769256591797,26.71778106689453,18.454181671142578,25.10417366027832,262253583,-0.13474344199701693,-0.14472921717962117,28.173392486572265,31.574402618408204,33.67532968521118,30.525207753729696,31.64344558007339,-1.1182378263436945,0.5465372149906486,-1.6647750413343432,32.51772605725286,33.67532968521118,43.68092658657389,23.66973278384847,0.5942389871097093,7.199360166277204,464590236.3,0.5644836298941395,0.4051004194514923,0.12609063500490117
2021-05-22,18.851139068603516,22.172252655029297,18.335521697998047,21.866186141967773,159666877,-0.13533902470305958,-0.14541778495017646,25.21116943359375,30.257891845703124,33.05263881683349,28.729197186787207,30.695867313829787,-1.9666701270425797,0.04389574658400274,-2.0105658736265823,30.191862494393277,33.05263881683349,45.03433480583556,21.070942827831423,0.7250069233745943,7.294037955147879,460495316.65,0.3467285577658871,0.1343897643687116,0.12916226595797323
2021-05-23,15.756152153015137,19.665552139282227,12.147003173828125,18.847211837768555,241105086,-0.164180366200951,-0.1793424382188083,20.997968101501463,28.335483074188232,32.043830442428586,26.733344104668426,29.589221739728202,-2.8558776350597768,-0.5360589297447533,-2.3198187053150234,27.43154431659714,32.043830442428586,46.20409312738168,17.88356775747549,0.8838058677406918,7.5432345526559015,441860715.75,0.5456585693316413,0.4800326487158419,0.12714831499995952
2021-05-24,19.410947799682617,20.477659225463867,15.123732566833496,15.625920295715332,248935736,0.2319599107176742,0.20860632458000286,20.2033784866333,26.58145761489868,31.496306276321413,25.60682159620907,28.83527551776227,-3.2284539215532,-1.0745379281064429,-2.1539159934467573,34.97359419787624,31.496306276321413,46.736146991400446,16.25646556124238,0.9677224104552338,7.1000447273254395,432812247.8,0.5751587143509667,0.8007609177706325,0.136494260887638
2021-05-25,19.450809478759766,20.18870735168457,17.091575622558594,19.391464233398438,177064640,0.0020535668576575627,0.0020514611715235077,19.054163551330568,25.085482120513916,30.705690813064574,24.659742808909176,28.140129881670966,-3.48038707276179,-1.5557077570375124,-1.9246793157242774,32.19714972680363,30.705690813064574,46.74251816414049,14.668863461988654,1.0445508260151317,6.987401212964739,426105129.1,0.4155421465448865,0.7617479832701458,0.13032663472607722
2021-05-26,20.905675888061523,21.447900772094727,19.05719757080078,19.492048263549805,183798753,0.0747972165832207,0.07213200804912893,18.87494487762451,23.524168682098388,29.85193247795105,24.08219405185569,27.60424439811276,-3.5220503462570676,-1.9489762748814237,-1.573074071375644,37.774945923527596,29.85193247795105,46.074973875079735,13.62889108082236,1.0869005823399338,6.484672750745501,404504053.95,0.4543804968212235,0.7731943925654707,0.13023821191042956
2021-05-27,19.000335693359375,21.231420516967773,18.790189743041992,20.833688735961914,120995855,-0.09113985144054682,-0.09556404861088505,18.904784202575684,22.057976818084718,28.89945330619812,23.3003696890101,26.96691782458212,-3.666548135572018,-2.2924906470195427,-1.3740574885524754,31.997782080491007,28.89945330619812,45.33141464617712,12.467491966219118,1.1371814660905584,6.2220266205923895,369946991.45,0.3270626814013519,0.08608196803886105,0.13105845493384852
2021-05-28,16.73341178894043,19.5953426361084,16.05771827697754,19.067224502563477,124661585,-0.11930967647120239,-0.12704922048122816,19.10023612976074,20.049102115631104,27.820020151138305,22.290068473614767,26.208880337367884,-3.918811863753117,-2.6177548903662577,-1.301056973386859,27.37445060185128,27.820020151138305,44.480516630654506,11.159523671622107,1.1977343214709717,6.146566731589181,358652761.6,0.3475829502716423,0.1910020515063611,0.13246457557541386
2021-05-29,16.127492904663086,17.59340476989746,15.204785346984863,16.730297088623047,73317089,-0.036210122114954,-0.036881977129201125,18.443545150756837,19.32346181869507,26.675312948226928,21.341979924545278,25.46211089508729,-4.120130970542011,-2.918230106401409,-1.201900864140602,28.613487218017866,26.675312948226928,43.240968997244366,10.109656899209487,1.242021496142825,5.910596166338239,345858623.9,0.2119857188271199,0.38629324745679805,0.1319487859936975
2021-05-30,16.534385681152344,17.437274932861328,15.171512603759766,16.17858123779297,66551414,0.02522976006838662,0.024916743635411822,17.86026039123535,18.45721197128296,25.766957807540894,20.602350040946362,24.800797913964182,-4.19844787301782,-3.1742736597246917,-1.024174213293128,25.654309398363026,25.766957807540894,42.47129882724028,9.062616787841506,1.296570681294067,5.5804065976824075,322768356.1,0.20618940098136837,0.6015075164207183,0.13129583419428875
2021-05-31,18.161319732666016,18.19442367553711,15.716958999633789,16.52044677734375,83671863,0.09839700626847137,0.09385184992937333,17.31138916015625,18.09316701889038,24.833784818649292,20.22680691659554,24.308984713756683,-4.082177797161144,-3.355854487211982,-0.7263233099491617,30.53302866923586,24.833784818649292,41.0141521650362,8.653417472262383,1.3030931422290513,5.3515744890485495,309848251.65,0.2700414236789514,0.9866379718510403,0.1328703556591347
2021-06-01,17.773170471191406,18.55089569091797,17.159929275512695,18.157638549804688,80656521,-0.021372304831815847,-0.02160399972215396,17.065956115722656,17.98537015914917,24.12163100242615,19.849324386533365,23.824850323966707,-3.9755259374333427,-3.4797887772562546,-0.49573716017708813,24.28707941159705,24.12163100242615,40.22453442946324,8.018727575389057,1.3351421738784963,5.139405795506069,282112649.85,0.2859018234130418,0.44087418968436737,0.13054717613699485
2021-06-02,18.677080154418945,19.373064041137695,17.175003051757812,17.750003814697266,101921641,0.05085810011740399,0.049607068619167,17.45468978881836,18.27746295928955,23.30647301673889,19.668979120054225,23.443534014052542,-3.7745548939983173,-3.5387420006046675,-0.23581289339364986,40.397119906855764,23.30647301673889,38.7312358542036,7.881710179274185,1.323646252814531,3.885988099234445,260218349.65,0.3916773783904443,0.6833646123037073,0.1289773581638743
2021-06-03,20.24371337890625,20.689634323120117,18.282835006713867,18.696392059326172,118155006,0.08387998613994507,0.0805471829951794,18.277933883666993,18.360739517211915,22.471098566055296,19.75739977526223,23.206510262691587,-3.4491104874293583,-3.5208156979696055,0.07170521054024714,39.79188943412239,22.471098566055296,36.533969151314466,8.408227980796125,1.251640683602577,3.5405120849609375,248927566.8,0.47465617215039596,0.8147244976673228,0.13000162073051072
2021-06-04,18.247404098510742,20.54256820678711,17.45809555053711,20.278732299804688,108497012,-0.09861378903317419,-0.10382146619468513,18.620537567138673,18.240398979187013,21.662940549850465,19.525092748069692,22.839169064470397,-3.3140763164007048,-3.4794678216558252,0.16539150525512047,42.226529806566674,21.662940549850465,34.65368158982579,8.672199509875142,1.1993515848027376,3.170574460710798,224265113.65,0.48378907550162337,0.25589740399069516,0.1307515582447489
2021-06-05,17.250303268432617,19.14902114868164,16.92938232421875,18.259313583374023,92501652,-0.054643434468550134,-0.0561931046322401,18.438334274291993,17.87486171722412,20.699515199661256,19.175125135817833,22.425179004592128,-3.2500538687742946,-3.4335850310795193,0.1835311623052247,46.17182867578776,20.699515199661256,31.76694165949577,9.632088739826742,1.0693416104755566,3.055067879813058,200554474.15,0.46122956065699916,0.14458250560007155,0.12941868134775664
2021-06-06,17.400110244750977,17.990116119384766,17.127634048461914,17.236080169677734,48841452,0.008684309718339778,0.0086468180041089,18.363722229003905,17.71483917236328,19.886407995223998,18.90204592180755,22.05295168828866,-3.1509057664811095,-3.377049178159838,0.22614341167872842,54.57584358916301,19.886407995223998,29.193431498100928,10.579384492347065,0.9360185615332989,2.579634530203683,180105388.45,0.2711826249082999,0.315920993973016,0.12910254694407808
2021-06-07,15.522640228271484,18.05963706970215,15.379606246948242,17.397754669189453,129221032,-0.10789989201625094,-0.11417692401796196,17.732834243774413,17.593762016296388,18.821432065963744,18.38213735357123,21.569224912558457,-3.1870875589872263,-3.3390568543253156,0.15196929533808934,37.98875749497388,18.821432065963744,23.868319580850482,13.774544551077007,0.5362915528636544,2.388641970498221,168070120.5,0.7688519030960057,0.053370274541306474,0.1273057569867098
2021-06-08,14.868940353393555,16.041799545288086,13.700926780700684,15.551502227783203,123776326,-0.042112673183479554,-0.043025120854606934,16.657879638671876,17.467906761169434,18.39568428993225,17.84164550739005,21.07290753693707,-3.2312620295470182,-3.317497889369656,0.08623585982263782,36.363448518196215,18.39568428993225,23.255151250191304,13.536217329673201,0.5283268492402408,2.33462347303118,145103023.75,0.8530237537520647,0.4989649951816552,0.10081084641691256
2021-06-09,15.38689136505127,15.75642204284668,13.679163932800293,14.810751914978027,107246374,0.03483442662001823,0.03424143963990678,16.08577709197998,17.353157329559327,17.90518465042114,17.463991023953316,20.65172115315204,-3.187730129198723,-3.2915443373354702,0.10381420813674724,32.60489624526929,17.90518465042114,21.748242868862626,14.062126431979658,0.4292676443692629,2.312234537942069,132641974.85,0.8085402386482939,0.822106514241399,0.09912808978863119
2021-06-10,14.176407814025879,15.578577995300293,13.78287124633789,15.391997337341309,90307844,-0.07866979250758865,-0.0819367755046087,15.470998001098632,16.954666137695312,17.523916578292848,16.958208991656786,20.172068312497228,-3.2138593208404416,-3.2760073340364655,0.06214801319602392,34.098531197090125,17.523916578292848,21.250529446503098,13.797303710082598,0.4253173486144603,2.2661256790161133,124044687.9,0.728026693676739,0.21915413846043666,0.09646141736023599
2021-06-11,13.418978691101074,14.61023235321045,13.160651206970215,14.200589179992676,79178329,-0.05342884691673566,-0.054909136215555196,14.674771690368653,16.519246959686278,17.252308559417724,16.413712022340523,19.67183945095825,-3.258127428617726,-3.272431352952718,0.014303924334991613,37.866942397637565,17.252308559417724,21.345432027169693,13.159185091665753,0.47450153742092765,2.1169797352382114,120020260.5,0.6597080248796827,0.17820836247684196,0.09284081205884226
2021-06-12,13.55193042755127,13.879982948303223,12.660572052001953,13.41562271118164,79705597,0.009907738845905234,0.009858979003393359,14.280629730224609,16.00673198699951,17.14209747314453,15.973437930834482,19.218512856048772,-3.24507492521429,-3.2669600674050328,0.02188514219074289,40.23351700112633,17.14209747314453,21.514047979349904,12.770146966939159,0.510083496264636,2.0334648404802596,111950286.05,0.7119731428323581,0.7309745803840597,0.08579922595891534
2021-06-13,14.775566101074219,14.983818054199219,13.275484085083008,13.5310640335083,97026435,0.09029235207961817,0.08644587319547906,14.261954879760742,15.459917259216308,16.91032838821411,15.78914995702521,18.8894056886217,-3.1002557315964907,-3.2336192002433246,0.1333634686468339,43.719606980975094,16.91032838821411,21.26728819481371,12.553368581614514,0.5153016200012108,1.9936485290527344,104354821.0,0.9297743417144092,0.8780964579111533,0.06960016483886494
2021-06-14,14.965835571289062,15.444483757019043,14.437774658203125,14.74950122833252,99438783,0.012877304931214084,0.012795097428609374,14.177743721008301,15.131760406494141,16.686079692840575,15.662486205373494,18.598770864795114,-2.93628465942162,-3.174152292078984,0.23786763265736388,37.28499484980339,16.686079692840575,20.9532364607392,12.418922924941953,0.5114630693906507,1.8885945592607771,100473528.15,0.989701315669385,0.5245417057038829,0.06975075256285809
2021-06-15,15.18004322052002,15.51841926574707,14.626016616821289,15.073719024658203,95150889,0.014313109896910703,0.014211644384717094,14.37847080230713,14.924734401702882,16.3997980594635,15.588264207703729,18.34553177977545,-2.7572675720717204,-3.0907753480775315,0.33350777600581116,39.53697165687803,16.3997980594635,20.21982804065516,12.57976807827184,0.4658630511596223,1.852982861655099,96041134.95,0.9907305765340708,0.6208258101400472,0.06711079279281684
2021-06-16,14.067678451538086,14.92015266418457,13.9296236038208,14.719948768615723,79021452,-0.07327810288960612,-0.07610176154337807,14.508210754394531,14.591491222381592,16.153165197372438,15.354327937524397,18.028653755162015,-2.6743258176376177,-3.007485441989549,0.33315962435193125,31.709178039454798,16.153165197372438,19.902534787297537,12.403795607447341,0.4642272327574525,1.7852941921779089,93942414.8,0.8411690520009925,0.13937485718272238,0.06613789617515488
2021-06-17,14.832069396972656,15.474482536315918,14.030821800231934,14.083843231201172,100424428,0.05433668021826277,0.05291183005908587,14.764238548278808,14.52243413925171,16.058098077774048,15.273980469747206,17.79186972842221,-2.5178892586750035,-2.90956620532664,0.39167694665163655,27.065555783145555,16.058098077774048,19.84178248074327,12.274413674804826,0.4712493826658345,1.716498579297747,92730556.95,1.082970180521492,0.5550110016596035,0.06273174648517191
2021-06-18,13.627870559692383,15.277356147766113,13.13953971862793,14.864891052246094,78295122,-0.0811888621237209,-0.08467468604184354,14.534699440002441,14.398327159881593,15.933116960525513,15.020732791277235,17.48342534530335,-2.4626925540261144,-2.8201914750665353,0.3574989210404209,29.013492035846355,15.933116960525513,19.869213235164107,11.99702068588692,0.4940773716015917,1.6488802773611886,92979458.6,0.8420690244802093,0.2284250565784374,0.06471714414673195
2021-06-19,13.45772933959961,14.048290252685547,13.237807273864746,13.638351440429688,37953811,-0.012484798659300855,-0.012563388562609556,14.23307819366455,14.205410957336426,15.779284143447876,14.78027072178837,17.185225640953366,-2.4049549191649966,-2.737144163886228,0.33218924472123135,31.37059823922074,15.779284143447876,19.854466671682623,11.70410161521313,0.5165231186900082,1.5482262883867537,91549578.45,0.41457111701206306,0.2713469237088311,0.06429571894820972
2021-06-20,13.970991134643555,14.14352035522461,12.837081909179688,13.397244453430176,55939670,0.03813881094589,0.03742950503770132,13.991267776489257,14.184869289398193,15.569767713546753,14.655766169919938,16.94713419587609,-2.2913680259561513,-2.6479889363002127,0.3566209103440614,33.73662068687274,15.569767713546753,19.55927163738331,11.580263789710193,0.5124680081598675,1.57993745803833,90162968.8,0.6204284391309883,0.8679392589962751,0.0603235828995622
2021-06-21,11.210616111755371,14.064413070678711,11.078561782836914,13.929668426513672,86300256,-0.1975790404764729,-0.22012192163427471,13.419855308532714,13.964033031463623,15.241639995574952,14.125743084048466,16.522206930112276,-2.39646384606381,-2.5976839182529323,0.2012200721891224,31.12959302805534,15.241639995574952,19.535957793020813,10.947322198129092,0.5634981273265363,1.6017817769731795,90445155.55,0.954172232611081,0.04422669307540775,0.07333891403107956
2021-06-22,10.526581764221191,11.744131088256836,9.374876022338867,11.19222354888916,109716996,-0.061016659630054204,-0.062957541816305,12.558757781982422,13.661498165130615,14.834115076065064,13.572025957921193,16.078086547189105,-2.5060605892679124,-2.5793592524559283,0.07329866318801592,31.047162431224933,14.834115076065064,19.29926738042954,10.368962771700588,0.6020112802777198,1.603809084211077,90834923.3,1.2078723910806672,0.4861045792784027,0.07189508227832911
2021-06-23,11.193946838378906,11.79040241241455,10.183929443359375,10.552963256835938,76905669,0.0633980801275893,0.061469516677019824,12.071973037719726,13.303336238861084,14.381626749038697,13.206167631837763,15.716298420411013,-2.5101307885732496,-2.5655135596793928,0.0553827711061432,31.934920003461286,14.381626749038697,18.34449882047531,10.418754677602085,0.5511020610657276,1.5701815741402763,88772456.45,0.8663235430836159,0.6287173255871124,0.07038225995901622
2021-06-24,11.482956886291504,11.754491806030273,10.84375286102295,11.46536636352539,51808717,0.02581842241037946,0.02549075487823359,11.677018547058106,12.955048370361329,14.043404388427735,12.941058286369108,15.402717565871633,-2.461659279502525,-2.5447427036440193,0.08308342414149417,37.39450220680835,14.043404388427735,17.7643508345941,10.32245794226137,0.5299208572577399,1.506969588143485,85938041.7,0.6028612704587613,0.7018520749048383,0.06918079541258139
2021-06-25,10.270669937133789,11.752286911010742,10.20809268951416,11.49388599395752,53164067,-0.10557271625786191,-0.11157167196815362,10.936954307556153,12.464111042022704,13.694422721862793,12.530229309563675,15.022565889489055,-2.4923365799253805,-2.5342614789002917,0.04192489897491125,35.8674391503034,13.694422721862793,17.45794325745921,9.930902186266378,0.5496428162083901,1.5137276649475098,83971162.45,0.6331229132579431,0.04052420760501165,0.07140584283697796
2021-06-26,10.2755708694458,10.597162246704102,9.791808128356934,10.244573593139648,42029114,0.0004771774715777166,0.00047706365861257524,10.749945259094238,12.084900283813477,13.338195753097533,12.183358780314771,14.670936628591141,-2.48757784827637,-2.5249247527755077,0.03734690449913769,35.12158122371331,13.338195753097533,16.9713149670944,9.705076539100666,0.5447692148547373,1.484152180807931,83630545.55,0.5025569751290472,0.6006832572916658,0.07123736851693505
2021-06-27,10.919079780578613,10.986549377441406,10.098623275756836,10.329536437988281,34727228,0.06262512509609297,0.060742379679028374,10.828444862365723,11.693601322174072,13.108017730712891,11.9888543188169,14.393021306403462,-2.404166987586562,-2.5007731997377185,0.09660621215115661,31.51308967494589,13.108017730712891,16.74173623481155,9.474299226614232,0.554426852137167,1.4255516188485282,78905855.35,0.4401096451709652,0.9240143904149976,0.07080028243057737
2021-06-28,11.286295890808105,11.468239784240723,10.726836204528809,10.94749927520752,45312867,0.033630682952115354,0.03307753912428152,10.846914672851563,11.459443855285645,12.928885507583619,11.880768406815546,14.162893497754451,-2.282125090938905,-2.457043577977956,0.17491848703905077,32.65556432754768,12.928885507583619,16.550302159873468,9.30746885529377,0.5602055413307908,1.4066012246268136,74982682.4,0.6043110962378694,0.7545953297807543,0.07129299435988046
2021-06-29,11.851420402526855,12.349824905395508,11.094191551208496,11.300423622131348,60893173,0.05007174339448284,0.04885848887761057,10.920607376098634,11.298812961578369,12.752111959457398,11.876253329232672,13.991673268418817,-2.115419939186145,-2.3887188502195937,0.2732989110334487,34.812154126840966,12.752111959457398,16.20978957116724,9.294434347747556,0.5422909746562428,1.4325462750026159,72665022.35,0.8379984073589156,0.6030652520997993,0.07188894892159564
2021-06-30,11.955547332763672,12.089552879333496,11.042938232421875,11.931249618530273,52911536,0.008786029581282495,0.008747657021216059,11.257582855224609,11.09726858139038,12.641068935394287,11.88845240669898,13.840849124988411,-1.9523967182894317,-2.3014544238335612,0.3490577055441295,39.38621352653579,12.641068935394287,16.048431680832916,9.233706189955658,0.539094084978558,1.4179887771606445,70795206.95,0.7473886761482234,0.8719628511937226,0.07015451595177395
2021-07-01,11.22981071472168,12.069079399108887,11.013507843017578,11.950308799743652,33886419,-0.060702918724025445,-0.06262346932603037,11.448430824279786,11.099188041687011,12.531610536575318,11.787122915625549,13.647438872318423,-1.8603159566928742,-2.213226730405424,0.35291077371254964,31.827493390096038,12.531610536575318,15.974221465299607,9.08899960785103,0.5494283306485676,1.390268121446882,68530611.45,0.4944712776234831,0.20491540190406288,0.07043168568406867
2021-07-02,11.132654190063477,11.351058006286621,10.58177661895752,11.220789909362793,40854419,-0.00865166182461441,-0.008689304723794712,11.491145706176757,11.15979528427124,12.410646724700928,11.68643541938523,13.461158525433321,-1.774723106048091,-2.1255260055339575,0.3508028994858665,35.82946992608255,12.410646724700928,15.872266024364855,8.949027425037002,0.5578467224877589,1.2925156184605189,66588052.55,0.6135397783156823,0.7160937116360419,0.07032829314954475
2021-07-03,11.503907203674316,11.672789573669434,10.884223937988281,11.112865447998047,33146235,0.033348113331518325,0.03280412594475073,11.53466796875,11.19079132080078,12.247063779830933,11.658354155429706,13.316176946006722,-1.6578227905770166,-2.0319853625425695,0.3741625719655528,39.15188935994733,12.247063779830933,15.543392970733294,8.950734588928572,0.5383052215880377,1.290950093950544,63394042.55,0.5228604087498755,0.7858359910553308,0.06725553502878104
2021-07-04,12.350099563598633,12.87261962890625,11.213143348693848,11.497730255126953,60403499,0.07355695286328845,0.070977390365175,11.634403800964355,11.277505588531493,12.116276979446411,11.764776525917233,13.24461565840401,-1.4798391324867772,-1.921556116531411,0.4417169840446338,41.321258868551006,12.116276979446411,15.155988763425386,9.076565195467436,0.5017567342072858,1.3161670821053642,61442278.35,0.9830934109558455,0.6851295324980281,0.06967338326641007
2021-07-05,12.026809692382812,12.419793128967285,11.600727081298828,12.33871078491211,64962340,-0.026177106471975575,-0.026525826033576352,11.648656272888184,11.453119564056397,11.95861530303955,11.805089320758091,13.154407809049346,-1.3493184882912548,-1.80710859088338,0.45779010259212516,55.913415929252466,11.95861530303955,14.634569572464386,9.282661033614716,0.4475358060468224,1.1613967078072684,59932850.9,1.0839187361267342,0.5202054304348366,0.06960670497360903
2021-07-06,13.357434272766113,14.199019432067871,12.04526424407959,12.050247192382812,115274691,0.11063820035549843,0.10493480537601002,12.07418098449707,11.761305904388427,11.923103094100952,12.043911621067016,13.169446806364748,-1.125535185297732,-1.6707939097662503,0.5452587244685183,68.75285080398675,11.923103094100952,14.498157442154504,9.3480487460474,0.43194365220704667,1.1473220416477747,61745512.85,1.8669322786263,0.6092475272547958,0.0727622140890873
2021-07-07,13.089753150939941,14.15503978729248,13.059630393981934,13.354413032531738,90665563,-0.020039860676831833,-0.02024338230476801,12.465600776672364,11.97837324142456,11.835987281799316,12.204810317970542,13.163543572628468,-0.9587332546579255,-1.5283817787445853,0.5696485240866598,63.26089494332141,11.835987281799316,14.095190791288072,9.57678377231056,0.38175159464100245,1.1108175005231584,61257569.6,1.4800711747467044,0.02749908560851386,0.07173628064618716
2021-07-08,12.119664192199707,13.112231254577637,11.857612609863281,13.112231254577637,66426383,-0.07411056171602248,-0.07700044856589516,12.588752174377442,12.06171007156372,11.760576963424683,12.1917109140058,13.086219174064743,-0.8945082600589433,-1.401607075007457,0.5070988149485136,54.06624132194197,11.760576963424683,13.863201636374594,9.657952290474771,0.35757168708458104,1.1353803362165178,60664132.65,1.094986116149474,0.2088695089553632,0.0713500054094581
2021-07-09,12.544168472290039,12.869098663330078,11.647981643676758,12.097369194030762,63493395,0.03502607608249941,0.034426620682569915,12.627565956115722,12.130984878540039,11.714898920059204,12.245935153741836,13.046067270223114,-0.8001321164812776,-1.2813120833022211,0.48117996682094355,66.14378539674146,11.714898920059204,13.698614452486057,9.73118338763235,0.33866541162044067,1.1123033932277135,61941111.85,1.0250606278066028,0.7339074035088283,0.07181722922324252
2021-07-10,12.025736808776855,12.83905029296875,11.876797676086426,12.553656578063965,36867384,-0.04132849974539121,-0.042206806831816344,12.627351379394531,12.138003826141357,11.61763620376587,12.212058485285684,12.97048723603064,-0.7584287507449563,-1.1767354167907682,0.4183066660458119,61.582931116228835,11.61763620376587,13.30407262928748,9.931199778244258,0.2903235040145174,1.1235104288373674,60987497.55,0.6045072429767205,0.15478173665577713,0.07174097888369649
2021-07-11,12.413664817810059,12.48770809173584,11.926103591918945,12.023886680603027,31468064,0.032258148935213615,0.03174878009556515,12.438597488403321,12.256389236450195,11.677788639068604,12.24307484413559,12.92924113097157,-0.6861662868359808,-1.0786215907998107,0.3924553039638299,60.237789014999876,11.677788639068604,13.388741099075599,9.966836179061609,0.2930267900692981,1.1002017429896764,58245887.95,0.5402624134945477,0.8681576044502877,0.055912671854204656
2021-07-12,12.186532974243164,12.834543228149414,11.72298526763916,12.427887916564941,51376241,-0.018296920925480853,-0.018466379816624117,12.257953453063966,12.361777114868165,11.760786199569703,12.234376094921371,12.87422571194762,-0.6398496170262487,-0.9908671960450983,0.35101757901884967,56.287212574758165,11.760786199569703,13.39597320968989,10.125599189449515,0.2780744386255427,1.1266413416181291,55328850.2,0.9285615156340262,0.41702521946850435,0.053975997241391634
2021-07-13,11.914669036865234,12.436649322509766,11.770151138305664,12.161837577819824,43903713,-0.022308554693326488,-0.022561154322974113,12.21695442199707,12.402853298187257,11.796822309494019,12.185190393681966,12.803147439710884,-0.6179570460289181,-0.9162851660418624,0.2983281200129443,50.460592374533185,11.796822309494019,13.411043626913981,10.182600992074056,0.273670531787335,1.0845602580479212,53678752.4,0.8178974181970742,0.21683164308066322,0.05279732501049056
2021-07-14,11.792096138000488,12.093231201171875,11.136691093444824,11.900751113891602,43795905,-0.010287562204664868,-0.010340844920573343,12.06653995513916,12.347052955627442,11.812279272079468,12.124714354346354,12.728254750687093,-0.6035403963407386,-0.8537362121016376,0.250195815760899,48.81289674637669,11.812279272079468,13.41975242298102,10.204806121177917,0.27216985204559374,1.0781263623918806,53278111.8,0.8220243458402744,0.6851830178467059,0.05264537268550712
2021-07-15,11.349885940551758,12.095833778381348,11.138982772827148,11.800612449645996,34811185,-0.03750055904172045,-0.03822179364293314,11.93136978149414,12.279360580444337,11.866240072250367,12.00550998299334,12.626153357333376,-0.6206433743400357,-0.8071176445493172,0.18647427020928153,50.90953274225408,11.866240072250367,13.321023113696569,10.411457030804165,0.24519696763059176,1.0710748944963728,52360467.7,0.6648371668383702,0.22041379932324806,0.04719934532071751
2021-07-16,10.860897064208984,11.816187858581543,10.843706130981445,11.389361381530762,47233363,-0.04308315333775081,-0.04403878089442815,11.620816230773926,12.029706859588623,11.895506381988525,11.829415687795747,12.49539363190447,-0.6659779441087235,-0.7788897044611985,0.11291176035247508,48.05686836663693,11.895506381988525,13.2344946707098,10.55651809326725,0.22512505911453962,1.0855892045157296,52620680.15,0.8976197735444893,0.01767738412236209,0.048458328400829365
2021-07-17,10.927745819091797,11.148223876953125,10.737404823303223,10.813633918762207,32780916,0.006154993872753423,0.006136129266085072,11.369058799743652,11.813506126403809,11.895939683914184,11.690697246456676,12.379271571686024,-0.6885743252293484,-0.7608266286148286,0.07225230338548028,45.692803522931094,11.895939683914184,13.233602502059211,10.558276865769157,0.2248940148803594,1.0586073057992118,52523364.55,0.6241206419439099,0.4633207478190003,0.04645875264082591
2021-07-18,10.70465087890625,11.276327133178711,10.66114330291748,10.963818550109863,32792037,-0.020415458400924624,-0.020626734348076152,11.127055168151855,11.672004795074463,11.866857433319092,11.538997805295072,12.255225594433085,-0.7162277891380135,-0.7519068607194657,0.035679071581452115,36.435464409267716,11.866857433319092,13.283299346070715,10.45041552056747,0.2387223274082011,0.9840149879455566,51897323.05,0.6318637469683516,0.07072288500018882,0.046033754916163995
2021-07-19,10.169768333435059,10.762089729309082,10.045845031738281,10.697858810424805,32476789,-0.0499673040738946,-0.05125887821547231,10.802589607238769,11.434564781188964,11.782774829864502,11.328347117316609,12.100747278792083,-0.7724001614754741,-0.7560055208706674,-0.016394640604806665,35.20722506163628,11.782774829864502,13.389893006824607,10.175656652904397,0.27279112096527885,0.9766706057957241,50476503.85,0.6434040894850922,0.17301810454847588,0.04555010658401807
2021-07-20,9.650588035583496,10.341176986694336,9.340633392333984,10.180246353149414,35862709,-0.05105133969912157,-0.05240058057018393,10.462730026245117,11.19704990386963,11.667526865005494,11.070230335511514,11.91925400150484,-0.8490236659933252,-0.774609149895199,-0.07441451609812622,16.08811257436882,11.667526865005494,13.532391205197243,9.802662524813744,0.31966746025416093,0.8929801668439593,49624062.5,0.7226878895697022,0.3097862420975306,0.046438984540422744
2021-07-21,10.420524597167969,10.743846893310547,9.483742713928223,9.642046928405762,45013149,0.07978131060465699,0.07675853045135055,10.374655532836915,10.99773588180542,11.627062559127808,10.970275606535585,11.808237008583898,-0.8379614020483128,-0.7872796003258219,-0.05068180172249093,27.63590025423693,11.627062559127808,13.565582738707755,9.68854237954786,0.3334496859756062,0.9047440801348005,50180399.0,0.8970265262338787,0.7434162120347654,0.04887089167003465
2021-07-22,10.828587532043457,10.957329750061035,10.24319076538086,10.4274320602417,40893616,0.03915953856933352,0.0384122504443323,10.354823875427247,10.86194133758545,11.611859226226807,10.948477441229103,11.735670380687719,-0.787192939458615,-0.7872622681523807,6.932869376563566e-05,38.05805418348117,11.611859226226807,13.57136169897658,9.652356753477035,0.33750021156370824,0.866138390132359,50182358.85,0.8149002346070465,0.8197238507116743,0.04972240419795254
2021-07-23,11.099355697631836,11.160614013671875,10.534507751464844,10.835399627685547,35786332,0.025004938528421672,0.024697430655273557,10.433764839172364,10.780410003662109,11.591631650924683,10.971689480675677,11.688535959718031,-0.7168464790423545,-0.7731791103303756,0.05633263128802102,36.24486064872132,11.591631650924683,13.564135288436173,9.619128013413192,0.34033235301332937,0.8236376217433384,50314363.7,0.7112547862748784,0.902159858862134,0.04946015290009052
2021-07-24,11.17281723022461,11.446879386901855,10.960573196411133,11.073753356933594,42078775,0.006618540264318851,0.0065967338913933355,10.634374618530273,10.718482112884521,11.532767534255981,11.002632211375511,11.650334572346209,-0.6477023609706976,-0.74808376045844,0.1003813994877425,41.12823243558638,11.532767534255981,13.48007296591427,9.585462102597694,0.33769958960399965,0.7896414484296527,49398127.5,0.8518293532482583,0.43644114263668654,0.04634086461366939
2021-07-25,11.2407865524292,11.340200424194336,10.769185066223145,11.150533676147461,34788469,0.0060834542268104475,0.006065024724731456,10.952414321899415,10.707572174072265,11.4934663772583,11.039271340768385,11.61999768198056,-0.5807263412121753,-0.7146122766091871,0.13388593539701188,36.93018305046704,11.4934663772583,13.430489390501082,9.55644336401552,0.33706506804170017,0.7903136525835309,47889433.95,0.7264330799215888,0.8258998140131452,0.04608893703077586
2021-07-26,11.492170333862305,12.686219215393066,11.215410232543945,11.247705459594727,94326395,0.022363540154472616,0.02211714296699323,11.16674346923828,10.770699501037598,11.40020318031311,11.10894810893668,11.610528989526944,-0.5015808805902644,-0.6720059974054027,0.17042511681513828,42.304056222335625,11.40020318031311,13.127625422716271,9.672780937909948,0.3030511325247656,0.8159744398934501,46842019.15,2.0137132581314017,0.18816862193794737,0.038257129081339256
2021-07-27,11.91977310180664,12.271713256835938,11.188348770141602,11.464035987854004,52941102,0.03720818222510869,0.03653266341437674,11.384980583190918,10.869902229309082,11.341704177856446,11.233690415532058,11.633435960807844,-0.39974554527578654,-0.6175539069794795,0.217808361703693,50.054682930956055,11.341704177856446,12.899088777022335,9.784319578690557,0.2746297337231786,0.8457506043570382,44955796.1,1.1776257255513265,0.6751415002954501,0.03934045860313301
2021-07-28,12.256926536560059,12.432093620300293,11.702205657958984,11.932214736938477,68268675,0.028285222535177068,0.02789258237777133,11.616494750976562,11.025129795074463,11.348567295074464,11.391111357228672,11.679620447902325,-0.28850909067365293,-0.5517449437183143,0.26323585304466135,54.76110005138053,11.348567295074464,12.921518954622828,9.7756156355261,0.2772070903136929,0.8295611654009137,45047910.7,1.515468174642781,0.7600082473227505,0.03627015607948851
2021-07-29,12.41838264465332,12.631003379821777,11.989973068237305,12.315290451049805,66712426,0.013172642229001719,0.013086637427703132,11.865607833862304,11.24999122619629,11.342278003692627,11.54915309375554,11.734343573589474,-0.185190479833933,-0.47843405094143804,0.29324357110750504,61.61210029770258,11.342278003692627,12.895989484670004,9.78856652271525,0.2739681535704813,0.8070025444030762,45208862.25,1.4756493014818128,0.6683140593990784,0.03551839906080247
2021-07-30,13.002365112304688,13.002365112304688,11.965535163879395,12.429551124572754,71146688,0.047025646121703124,0.04595342645154128,12.217923545837403,11.585168933868408,11.391109418869018,11.772724173532334,11.82827109497879,-0.055546921446456565,-0.39385662504244173,0.33830970359598517,72.80203075375832,11.391109418869018,13.089881428406592,9.692337409331444,0.29826278496168446,0.8115988458905902,46922827.45,1.5162489531521186,0.999999990355217,0.03558996365483721
2021-07-31,13.591609001159668,13.609853744506836,12.604904174804688,12.982474327087402,67970748,0.04531820816947785,0.04432134448974441,12.637811279296875,11.902277374267578,11.4500066280365,12.052552608551924,11.958888717662724,0.09366389088920002,-0.2963525218561134,0.3900164127453134,75.52483644351244,11.4500066280365,13.365861603299944,9.534151652773055,0.3346469635348996,0.8540367398943219,48747961.65,1.3943300540033965,0.9818451057489119,0.036239756914986314
2021-08-01,12.877431869506836,14.062379837036133,12.652549743652344,13.528722763061523,90946247,-0.05254544414806939,-0.05397630533732769,12.829343032836913,12.107161808013917,11.484551572799683,12.179457110237296,12.026928951134524,0.15252815910277207,-0.20657638566433628,0.35910454476710835,69.02856615965605,11.484551572799683,13.47960234681677,9.489500798782595,0.3474320719221147,0.9107971872602191,50726461.95,1.7928758187323173,0.15951008941768494,0.038164703028392116
2021-08-02,13.006891250610352,13.369729995727539,12.64908218383789,12.861507415771484,54993392,0.010053198682422826,0.010003001428843836,12.979335975646972,12.297915363311768,11.53916268348694,12.306754670294689,12.09951875109754,0.20723591919714934,-0.12381392469203915,0.3310498438891885,76.74594356858799,11.53916268348694,13.640738565901044,9.437586801072834,0.36425101890998635,0.911111695425851,51280945.9,1.0723942594046418,0.49651030073778757,0.037698266764002196
2021-08-03,12.533293724060059,13.510857582092285,12.335033416748047,13.000876426696777,60826755,-0.036411277485545956,-0.03709071180258665,13.002318191528321,12.433963012695312,11.576222562789917,12.341606832412438,12.131650230577,0.2099566018354384,-0.05705981938654363,0.26701642122198205,77.41123895474529,11.576222562789917,13.722249646087736,9.430195479492099,0.3707646551640965,0.9236317362104144,52132488.4,1.1667725226022398,0.16861390628745013,0.03869767458405769
2021-08-04,13.679924964904785,13.76755428314209,12.421238899230957,12.560794830322266,66911765,0.09148682430090571,0.0875408257493933,13.13783016204834,12.677876853942871,11.692724514007569,12.547501929718953,12.24633724793711,0.3011646817818434,0.014585080847133803,0.28657960093470963,78.92129078728846,11.692724514007569,14.031355899107302,9.354093128907836,0.40001479249735433,0.9297896793910435,53737517.4,1.2451592153380722,0.9349117386359701,0.042061144201814185
2021-08-05,13.834280967712402,13.94101619720459,12.92304801940918,13.696864128112793,76011395,0.011283395428235865,0.011220212754543834,13.186364555358887,12.91208791732788,11.84139370918274,12.7454679355641,12.363962708663577,0.3815052269005239,0.08796911005781184,0.2935361168427121,77.92750275491517,11.84139370918274,14.33056863629201,9.352218782073468,0.42041924932856023,0.9514917646135602,55176419.0,1.377606527890112,0.895148747503258,0.04014882400610389
2021-08-06,14.725431442260742,14.96212100982666,13.4115629196167,13.834606170654297,105878541,0.06441610349162219,0.062426389179840475,13.555964469909668,13.19265375137329,12.031277990341186,13.050077705825123,12.538886318562927,0.5111913872621958,0.1726135654986887,0.33857782176350715,80.20911592904042,12.031277990341186,14.791627377396871,9.270928603285501,0.45886220720221366,1.017524038042341,58831300.25,1.799697449318231,0.8473520098770451,0.041714431601009516
2021-08-07,15.761190414428711,15.92166805267334,14.621930122375488,14.757720947265625,128714036,0.0703381069837743,0.06797458639547631,14.10682430267334,13.543080139160157,12.28410496711731,13.467171968687214,12.777575510853405,0.6895964578338099,0.276010143965713,0.41358631386809686,82.94388459809795,12.28410496711731,15.431924232419696,9.136285701814923,0.512502827634349,1.0756263051714217,63627400.2,2.022934075499127,0.8765307657266254,0.042491437296537884
2021-08-08,14.814119338989258,16.091907501220703,14.584627151489258,15.837834358215332,78280305,-0.06008880360790825,-0.061969880104147335,14.562989425659179,13.78265380859375,12.51632251739502,13.674394641041376,12.928430609236253,0.7459640318051228,0.370000921533595,0.37596311027152785,72.78032472491816,12.51632251739502,15.692506676562656,9.340138358227383,0.5075267363482233,1.1425023760114397,65917576.0,1.1875482951618246,0.15225580696937432,0.043423440992797865
2021-08-09,16.2318058013916,16.728160858154297,14.474167823791504,14.809563636779785,143463343,0.09569832873366546,0.09139190313249693,15.073365592956543,14.105597877502442,12.845383405685425,14.067842511864487,13.173125067918052,0.8947174439464352,0.4749442260161631,0.41977321793027206,76.3040485811103,12.845383405685425,16.133174318517014,9.557592492853836,0.5119023401631434,1.198444093976702,71297607.7,2.0121761112049206,0.7797885543595298,0.04320583441091965
2021-08-10,16.44843864440918,17.168315887451172,15.806885719299316,16.18202018737793,124902142,0.013346194851530768,0.013257918957169074,15.596197128295898,14.391280841827392,13.146779108047486,14.434088070717518,13.415740888402205,1.0183471823153134,0.5836248172759932,0.43472236503932016,75.73585919230814,13.146779108047486,16.599641614946854,9.693916601148118,0.5252788502068588,1.2183059283665247,75292057.35,1.6589019665033766,0.4712345410036179,0.04147051124611162
2021-08-11,16.74867820739746,17.55472755432129,16.39165687561035,16.426006317138672,122723375,0.018253377690066186,0.018088784692924603,16.000846481323244,14.778405475616456,13.442783641815186,14.79017886097597,13.66262513425684,1.12755372671913,0.6924105991646207,0.43514312755450935,75.63362907243564,13.442783641815186,17.069527109111565,9.816040174518806,0.5395822121268119,1.2492475509643555,79383545.3,1.5459548264846772,0.3069644306682732,0.041328629468657806
2021-08-12,16.569053649902344,17.5361385345459,15.478687286376953,16.725692749023438,112149586,-0.01072470049700891,-0.0107826246155304,16.16241912841797,15.134621715545654,13.716268539428711,15.063851905426182,13.8779161354183,1.185935770007882,0.7911156333332731,0.394820136674609,73.63812432856946,13.716268539428711,17.42299226496552,10.009544813891905,0.5404857326730632,1.3504204750061035,83201708.0,1.3479240834815553,0.529959754427318,0.041997194673413625
2021-08-13,18.04875373840332,18.27935028076172,16.414026260375977,16.597774505615234,113858977,0.08930504540370654,0.08553991988081701,16.809346008300782,15.68616771697998,14.060065364837646,15.52306757203805,14.18686706897611,1.3362005030619404,0.9001326072790068,0.4360678957829336,76.07864041324284,14.060065364837646,18.038994392570448,10.081136337104846,0.5659901180379393,1.4095986230032784,86790718.1,1.3118796513333608,0.8763772145739677,0.04449639823144805
2021-08-14,18.067649841308594,18.40706443786621,17.242128372192383,18.03270149230957,101585490,0.0010469477936898564,0.0010464001260681078,17.17651481628418,16.124940204620362,14.401408529281616,15.914541767310443,14.474332459522154,1.4402093077882885,1.0081479473808632,0.43206136040742527,74.58017557907945,14.401408529281616,18.530471356108396,10.272345702454835,0.5734248588853482,1.4210262298583984,90130569.15,1.1270925165349408,0.7086410030170186,0.04462431015695345
2021-08-15,18.795135498046875,18.820533752441406,17.165447235107422,18.107938766479492,101215297,0.040264542601163855,0.039475048692990206,17.645854187011718,16.62102565765381,14.766556787490845,16.357710033577586,14.794391943860306,1.5633180897172796,1.1191819758481465,0.4441361138691331,82.44963508840922,14.766556787490845,19.09900507968016,10.43410849530153,0.5867919454126843,1.438544545854841,90475014.25,1.1187099315654432,0.984654418983494,0.04474923005681264
2021-08-16,19.18263053894043,21.113393783569336,18.49400520324707,18.77149772644043,252835090,0.020616772937541272,0.020407123901816225,18.132644653320312,17.066745567321778,15.129699659347533,16.792313188248794,15.119446654609792,1.6728665336390023,1.2299188874063178,0.44294764623268446,82.93261959419394,15.129699659347533,19.670000810706618,10.589398507988449,0.6001839102673747,1.5741688864571708,100469713.65,2.5165304131430655,0.26289544752450694,0.04468106143201714
2021-08-17,23.529998779296875,25.346675872802734,18.481082916259766,19.076417922973633,737983102,0.22663045256130832,0.20427094070843752,19.52483367919922,17.843626403808592,15.693353271484375,17.82888020225619,15.74245051570271,2.0864296865534797,1.4012210472357502,0.6852086393177295,91.4966985474674,15.693353271484375,21.38501256315187,10.001693979816878,0.7253592260628623,1.9805809429713659,133955435.0,5.50916879184484,0.7353939983976926,0.06349710707867724
2021-08-18,29.89081382751465,30.884370803833008,21.54383087158203,23.42501449584961,1170857988,0.2703278953764505,0.23927505248218964,21.893245697021484,19.35129585266113,16.56697483062744,19.6845622984498,16.790477427696548,2.894084870753254,1.6997938119392515,1.1942910588140023,93.89797151530011,16.56697483062744,24.895168444718095,8.238781216536786,1.005397026220416,2.5515969821384976,189162713.1,6.189687009728135,0.8936295982393794,0.08215551930280605
2021-08-19,30.634273529052734,33.709991455078125,28.806575775146484,30.03548240661621,1116363939,0.02487251454002659,0.024568228796517492,24.406570434570312,20.791542625427248,17.448570251464844,21.3691332570041,17.81594380558182,3.5531894514222806,2.0704729398358572,1.4827165115864234,94.08663761171086,17.448570251464844,27.69903963898569,7.198100863943999,1.1749351654368696,2.8291289465767995,241423575.65,4.62408833103537,0.37273971237215875,0.08231543753775541
2021-08-20,39.185302734375,39.185302734375,29.999385833740234,30.66789436340332,962895338,0.27913275623176426,0.24618231410757233,28.484603881835938,23.06522903442383,18.72825493812561,24.110082407368857,19.39885928179878,4.711223125570076,2.598622976982701,2.1126001485873744,95.78226122515368,18.72825493812561,32.67514754550291,4.781362330748307,1.4893958517176353,3.37451171875,286169805.15,3.3647691708609324,0.9999999989113769,0.09734431220593254
2021-08-21,43.78691101074219,49.96156692504883,37.80461883544922,39.12644577026367,1931663488,0.1174319950405911,0.11103319110406698,33.40545997619629,25.7690523147583,20.27372889518738,27.137286807887833,21.205381632101513,5.931905175786319,3.2652794167434247,2.6666257590428946,96.27896736845256,20.27372889518738,37.86490151523465,2.682556275140108,1.7353662674480275,4.150026730128697,378205667.2,5.107441943693857,0.49208832071019504,0.09453084044559999
2021-08-22,43.53219985961914,45.0054931640625,40.76093673706055,43.733882904052734,1163748675,-0.0058170614287123,-0.005834046431109424,37.405900192260745,28.465366935729982,21.79999432563782,29.659581123538807,22.85922001933405,6.800361104204757,3.9722957542356925,2.828065349969065,98.5319925974629,21.79999432563782,41.860136798613226,1.7398518526624116,1.8403805224282774,4.3455464499337335,433643431.35,2.683653413997458,0.6528981682043585,0.09509773141239543
2021-08-23,46.450531005859375,53.068477630615234,43.6306266784668,43.6306266784668,1527912599,0.06703844868054332,0.0648870060476602,40.71784362792969,31.305544662475587,23.495856189727782,32.242804182357354,24.606724536863258,7.636079645494096,4.7050525324873735,2.9310271130067225,98.60285596152195,23.495856189727782,45.85984284362017,1.131869535835392,1.9036536888295872,4.865709645407541,506997723.55,3.013647848951964,0.29878669823269316,0.09199294248831086
2021-08-24,55.34585189819336,58.984771728515625,44.31471633911133,46.51772689819336,2249385587,0.19150095165137948,0.17521381625661733,45.660159301757815,35.033364868164064,25.57915253639221,35.797119215562894,26.883696934009453,8.91342228155344,5.5467264823005875,3.3666957992528532,98.90777351551866,25.57915253639221,51.56283068440145,-0.40452561161702505,2.0316293208730425,5.816325732639858,616121414.65,3.6508803841492967,0.751949141209785,0.09579126367844687
2021-08-25,46.1151237487793,57.433067321777344,45.71041488647461,55.57276916503906,1541625994,-0.1667826554805525,-0.18246075305796808,47.04612350463867,37.765363693237305,27.193194675445557,37.38450452836542,28.30824706844301,9.07625745992241,6.252632677824953,2.8236247820974567,80.15247642388405,27.193194675445557,54.099078332176184,0.2873110187149308,1.978868902889563,6.5705815723964145,689402144.6,2.2361781234296436,0.03452365957218618,0.10944836249683725
2021-08-26,41.420753479003906,48.457481384277344,41.420753479003906,46.25825500488281,1202053529,-0.1017967618464789,-0.10735891317632382,46.57289199829101,39.989175987243655,28.527960777282715,38.00546590538672,29.279543839599555,8.725922065787167,6.747290555417396,1.9786315103697705,73.35189233256969,28.527960777282715,55.47819769235473,1.5777238622106964,1.889391052201175,6.926244190761021,744210894.0,1.6152054998001681,0.0,0.11580778451178375
2021-08-27,50.077789306640625,50.41109848022461,40.332149505615234,41.371856689453125,1672611618,0.20900237442626324,0.18979553558958828,47.88200988769531,42.643955039978025,30.243790721893312,39.86274642865655,30.82015461494164,9.04259181371491,7.206350807076898,1.8362410066380122,76.51908352872853,30.243790721893312,58.12519659001288,2.3623848537737437,1.8437771987316636,7.512931687491281,821405773.1,2.0362793551931513,0.9669301646339364,0.12057318051734459
2021-08-28,50.19713592529297,51.76109313964844,46.243621826171875,50.135562896728516,1165188185,0.002383224585285726,0.0023803892095716323,48.63133087158203,44.67458724975586,32.0129415512085,41.45265250506215,32.25548656386148,9.197165941200666,7.604513833901652,1.5926521072990143,76.55807683439895,32.0129415512085,60.259912885094906,3.7659702173220957,1.7647220133583803,7.823827062334333,875751167.1,1.3305014355372817,0.7165445667654112,0.11791570292356365
2021-08-29,47.50910568237305,52.41292953491211,46.79542922973633,50.23712921142578,790206804,-0.053549474354880444,-0.055036580544020657,47.06398162841797,46.36207046508789,33.57680654525757,42.384414532340756,33.38538427634741,8.999030255993347,7.883417118319992,1.1156131376733551,72.98969671673365,33.57680654525757,61.60745699919441,5.5461560913207215,1.6696436223709863,8.106856618608747,908088340.15,0.8701871492694995,0.12704520028396057,0.12082954587561515
2021-08-30,41.325077056884766,48.22608184814453,41.14146041870117,47.48257827758789,863132838,-0.13016512385714507,-0.1394518828842879,46.10597229003906,46.57604789733887,34.820638465881345,42.221439536116755,33.97350966750005,8.247929868616701,7.956319668379334,0.2916102002373675,66.22247971704263,34.820638465881345,61.84059146430374,7.800685467458948,1.5519504632229892,8.425801822117396,944999874.95,0.9133682034039088,0.025917635790857523,0.12790176974453094
2021-08-31,39.48735046386719,44.16825485229492,38.39210510253906,41.461669921875,863301439,-0.044470010073735855,-0.04548912916299968,45.71929168701172,46.146091842651366,35.957572078704835,41.80081044807836,34.38194231908392,7.41886812899444,7.848829360502355,-0.42996123150791554,62.13735257456286,35.957572078704835,61.65704955716979,10.258094600239879,1.4294334123679595,8.347984450204033,982028778.15,0.8790999390326778,0.189615125452429,0.12959379340772337
2021-09-01,41.931602478027344,45.52995681762695,38.628055572509766,39.54347610473633,1042268891,0.06189962064932075,0.06005939918993139,44.09005432128906,45.98603210449219,37.225699520111085,41.820932298839736,34.941176404932996,6.87975589390674,7.655014667183232,-0.7752587732764917,59.73859009740162,37.225699520111085,61.35173427123538,13.099664768986791,1.296203164058221,8.173795972551618,1028534743.4,1.0133531197542238,0.4786430265237817,0.12877893059382453
2021-09-02,47.755916595458984,47.84926223754883,41.29635238647461,42.47848129272461,967474676,0.1389003465938048,0.13006318862142066,43.601810455322266,46.11657066345215,38.71105766296387,42.73400680601193,35.89041641904825,6.843590386963676,7.492729811139321,-0.6491394241756447,62.796285386436,38.71105766296387,61.48600152099291,15.936113804934827,1.1766634772068536,8.291616984776088,1071215528.35,0.9031559479820156,0.9857550837614388,0.1299476181405241
2021-09-03,45.91118240356445,51.54990768432617,44.889060974121094,47.65071487426758,1292097111,-0.038628390436336923,-0.03939425426445929,43.28222579956055,45.173103713989256,40.10323429107666,43.22280305178924,36.63269538086587,6.5901076709233735,7.312205383096132,-0.7220977121727588,55.586785678276385,40.10323429107666,60.88148312190196,19.324985460251362,1.0362380590060614,8.111254828316826,1130741109.4,1.1426993325515684,0.15345217693462998,0.13115082122290353
2021-09-04,47.143165588378906,49.78833770751953,44.165130615234375,45.9001579284668,920757965,0.026834054805759067,0.02648033542295252,44.44584350585937,45.27590789794922,41.520635795593265,43.82593574972611,37.4112487295721,6.4146870201540125,7.132701710507709,-0.7180146903536961,52.95315417039522,41.520635795593265,59.908785493623995,23.13248609756253,0.8857354587996136,7.644559042794364,1171718242.8,0.785818579387915,0.5295972421030551,0.1312669431173317
2021-09-05,48.178924560546875,49.38465118408203,45.589752197265625,47.20466232299805,870312119,0.021970501115930352,0.021732627486205504,46.18415832519531,45.951725006103516,42.970450496673585,44.49562633600623,38.20885434668282,6.286771989323412,6.9635157662708504,-0.676743776947438,54.033197808603724,42.970450496673585,58.253026136157004,27.687874857190163,0.7113062796801011,7.612440654209682,1202592094.25,0.723696857114941,0.6822770159240978,0.13124875427676216
2021-09-06,47.04298782348633,51.30459976196289,43.671878814697266,48.14677810668945,1176511096,-0.023577461461037896,-0.023859857424788293,47.20643539428711,45.648244857788086,44.146099948883055,44.88752810331086,38.86323460422494,6.024293499085921,6.775671312833865,-0.7513778137479434,50.53065117068258,44.146099948883055,56.46132523649092,31.83087466127519,0.5579303857811999,7.476472309657505,1224518493.95,0.9607948771805481,0.4416654332921849,0.1258243351200357
2021-09-07,37.59894943237305,47.18085479736328,32.80122375488281,47.092613220214844,1505074715,-0.2007533710773005,-0.22408570885189508,45.17504196166992,44.38842620849609,44.53150672912598,43.766208307781966,38.76958385075428,4.996624457027686,6.41986194167263,-1.423237484644944,34.25919509832953,44.53150672912598,55.361182388458985,33.70183106979297,0.4863826290544003,7.455727713448661,1241229330.3,1.212567797311259,0.3336473418532273,0.12498626533090906
2021-09-08,37.05140686035156,39.429508209228516,33.28400802612305,37.66260528564453,932136418,-0.014562709338629687,-0.014669786416632306,43.40308685302735,43.34265632629395,44.852363395690915,42.73316193125421,38.64231148109463,4.090850450159579,5.95405964337002,-1.8632091932104418,40.49707668998323,44.852363395690915,54.23149733764391,35.47322945373792,0.41822250743888656,7.05735969543457,1232017954.25,0.7565932093639374,0.6130337183058094,0.12519583402935505
2021-09-09,40.772613525390625,44.55073547363281,36.1560173034668,36.58103561401367,1331437306,0.10043361319758959,0.09570429594634484,42.12897644042969,43.287409973144534,44.9317289352417,42.431539099582885,38.80011163252418,3.631427467058707,5.489533208107758,-1.8581057410490516,49.30629670899836,44.9317289352417,54.13414891236576,35.72930895811764,0.4096178889704929,7.154359000069754,1250445052.65,1.0647707415678582,0.549940584405959,0.11106783633708345
2021-09-10,49.18913650512695,49.605159759521484,40.48396682739258,40.73160934448242,2437929731,0.20642588865428135,0.18766217746958797,42.3310188293457,44.25758857727051,45.201840209960935,43.471169469666584,39.56966903049573,3.901500439170853,5.1719266543203775,-1.2704262151495245,49.04395402443009,45.201840209960935,54.57826353140947,35.8254168885124,0.41486909727105725,7.0859478541782925,1275758364.8,1.9109651155469345,0.9543893800916099,0.11729647451810347
2021-09-11,57.16424560546875,58.99034881591797,48.353607177734375,49.481224060058594,2562681437,0.16213151250399682,0.15025582973988816,44.35527038574219,45.78085289001465,45.88344249725342,45.577796567482295,40.87297099901377,4.704825568468522,5.078506437150007,-0.3736808686814852,56.41170421624039,45.88344249725342,56.630555238777674,35.136329755729165,0.46845276450944484,7.451610020228794,1345705002.9,1.9043411679955193,0.8283211832299172,0.121853430159263
2021-09-12,59.259429931640625,64.87303161621094,53.83142852783203,57.098941802978516,2713467627,0.03665200693160964,0.03599629619951735,48.6873664855957,46.93120422363281,46.52388744354248,47.682663238891266,42.23493091995058,5.447732318940687,5.152351613508143,0.29538070543254413,60.932906174357214,46.52388744354248,58.82723837099442,34.22053651609053,0.5289046811654451,7.839045933314732,1404982754.3,1.9313173906906225,0.4915954101452456,0.12143412142930395
2021-09-13,53.11015319824219,60.7490234375,48.0572624206543,59.302188873291016,2513345537,-0.10376874601210317,-0.10955680333960646,51.89911575317383,47.65110130310059,46.41210250854492,48.51766169417603,43.04050294056558,5.477158753610446,5.217313041528604,0.2598457120818418,60.972336199705744,46.41210250854492,58.41491824422885,34.40928677286099,0.5172278387290943,8.23955590384347,1418180751.8,1.7722321599767745,0.3981236935441803,0.11726009593793715
2021-09-14,51.57811737060547,57.16770553588867,49.250038146972656,53.203189849853516,1243073204,-0.028846383137291043,-0.02927061840190612,54.0602165222168,48.094596481323244,46.68525218963623,48.988501029011324,43.67291882427283,5.315582204738497,5.236966874170584,0.07861533056791359,61.32138890742336,46.68525218963623,58.90627230153564,34.464232077736824,0.5235494953420163,8.392521449497767,1403253112.3,0.8858510222454042,0.29403599650467044,0.11052296565393008
2021-09-15,57.62539291381836,58.111759185791016,50.36347961425781,51.503902435302734,1139814004,0.11724498394854654,0.11086581918030401,55.747467803955075,49.03924331665039,47.49548416137695,50.317253626673946,44.70643542349931,5.610818203174638,5.311737139971395,0.2990810632032428,63.76626080503939,47.49548416137695,60.37770810441631,34.613260218337594,0.5424610011035578,8.452977044241768,1400141136.05,0.8140707923313929,0.9372291259169541,0.10957199417130987
2021-09-16,67.84269714355469,67.85884857177734,57.2906494140625,57.89189910888672,2877776131,0.17730558896174142,0.1632284283614002,57.883158111572264,51.11921424865723,48.38372955322266,53.01347570619406,46.420232587949215,6.5932431182448425,5.568038335626086,1.025204782618757,66.35893586727263,48.38372955322266,64.1439841859477,32.62347492049762,0.651469193394386,8.739783423287529,1460399361.7,1.9705405291673648,0.9984716943760864,0.10692637211572495
2021-09-17,69.93401336669922,70.78472900390625,60.91603088378906,67.67376708984375,2149572436,0.030825959332355657,0.03036038315413023,60.01807479858398,54.35272064208984,49.37057342529297,55.61663534627178,48.16199412711717,7.45464121915461,5.945358912331791,1.5092823068228185,69.48624222825063,49.37057342529297,67.84662220050373,30.89452465008221,0.7484640138186169,8.968915666852679,1509618574.25,1.4239175859822328,0.9137965680994105,0.10685915779444725
2021-09-18,69.01238250732422,75.32479858398438,67.24805450439453,70.0710678100586,1951788341,-0.013178578133967833,-0.013266186145421303,63.19852066040039,57.54881820678711,50.445737266540526,57.677519524895224,49.70646734046689,7.971052184428338,6.350497566751101,1.6205546176772367,67.82909448634749,50.445737266540526,70.86604116283249,30.02543337024857,0.8095948241730334,9.144168308803014,1567697651.1,1.245003039731862,0.2184454507112264,0.10572997789408455
2021-09-19,70.07572174072266,76.21391296386719,66.54693603515625,68.86099243164062,1827002963,0.01540794846903859,0.01529045141960359,66.89804153442383,60.479129028320315,51.883269500732425,59.584935250407135,51.21530099974604,8.369634250661093,6.7543249035330994,1.6153093471279938,67.8435552907329,51.883269500732425,73.60648881526784,30.160050186197008,0.8373882187293055,9.563602447509766,1615891157.35,1.13064729309876,0.36503508055714456,0.0993680511386973
2021-09-20,56.67792892456055,70.39785766601562,55.915348052978516,70.09387969970703,2342075415,-0.19119022228173976,-0.21219152218196036,66.70854873657227,61.22800827026367,52.74279842376709,59.1377035079692,51.619940105288094,7.517763402681105,6.907012603362702,0.6107507993184029,56.543735844422464,52.74279842376709,73.74941829977408,31.736178547760108,0.7965682710737977,10.052873066493444,1689829856.15,1.3859829772069683,0.05265529880049279,0.11010129416868096
2021-09-21,59.017356872558594,66.10662078857422,52.86892318725586,57.325870513916016,2637731601,0.04127581921900969,0.04044671056028735,64.94348068237305,61.41331939697265,53.597086143493655,59.119188640982955,52.16789690286399,6.951291738118968,6.915868430313955,0.03542330780501324,66.10044252576162,53.597086143493655,74.13697211258267,33.05720017440464,0.7664553223695137,9.97130639212472,1769602991.65,1.490578176826287,0.4644639774854627,0.10982463479006663
2021-09-22,74.1870346069336,74.47371673583984,57.962493896484375,58.98347854614258,2640281903,0.25703756552724366,0.22875781422698924,65.79408493041993,62.906079864501955,54.91864204406738,61.43731878959075,53.79894414020329,7.638374649387458,7.060369674128657,0.5780049752588017,72.88449281895421,54.91864204406738,77.20321005958456,32.6340740285502,0.8115483990895396,10.711715153285436,1853243353.0,1.4246817066554993,0.982637134661565,0.11916370188441172
2021-09-23,76.41905975341797,79.52259063720703,73.02674865722656,74.08619689941406,2336551605,0.030086458615179223,0.029642739121832528,67.27542037963867,65.23697052001953,56.44403591156006,63.742202014794934,55.47450825970145,8.267693755093482,7.301834490321622,0.9658592647718605,72.37751268916891,56.44403591156006,80.25671041712575,32.63136140599437,0.8437622902400825,10.576081139700753,1905466077.7,1.2262362643686333,0.522228080889881,0.11809850109805962
2021-09-24,72.40190124511719,78.35160827636719,67.14019775390625,76.45702362060547,2238592113,-0.05256749456566179,-0.05399957893293547,67.74065628051758,67.3193489074707,57.706972694396974,65.07446343484452,56.728389221584635,8.346074213259882,7.510682434909275,0.8353917783506075,65.4240602876707,57.706972694396974,82.11449336302243,33.29945202577152,0.8459123578664278,10.72538239615304,1971357785.1,1.1355585119656217,0.4693168157544917,0.11961983167962491
2021-09-25,68.38166046142578,72.63642883300781,67.695068359375,72.3895492553711,1022340249,-0.05552672947193538,-0.05712789257012947,70.08140258789062,68.39497566223145,58.717109489440915,65.58326297739548,57.59159449861025,7.991668478785229,7.606879643684466,0.3847888351007631,57.86704650789985,58.717109489440915,83.13652062264052,34.29769835624131,0.8317647563216967,10.318569455827985,1978959191.6,0.5166050181021833,0.13894798898501112,0.12108587201751443
2021-09-26,66.86196899414062,71.48128509521484,61.881160736083984,68.3516616821289,1282520288,-0.02222367016288551,-0.02247433670156069,71.65032501220703,68.29690284729004,59.708058547973636,65.77998697997165,58.27828890568682,7.501698074284832,7.58584332980454,-0.08414525551970797,55.37523566013157,59.708058547973636,83.73819449338384,35.67792260256343,0.8049210284103515,10.215606689453125,1984259651.2,0.646347007673307,0.5188274720765492,0.12105793115626569
2021-09-27,66.50875854492188,72.46907043457031,65.46882629394531,66.8810043334961,1210911405,-0.0052826809400379204,-0.005296683635279994,70.11466979980469,67.95437736511231,61.15354900360107,65.89210568227169,58.88795332340815,7.004152358863543,7.469505135616342,-0.4653527767527992,60.31898215083355,61.15354900360107,82.95902041164095,39.34807759556119,0.7131383791562399,9.809069769723076,1969551485.7,0.6148158165916789,0.14855656868535289,0.10921724620146815
2021-09-28,61.51771926879883,69.43622589111328,61.25083541870117,66.37129974365234,989963988,-0.07504333843116251,-0.07800839492533139,67.13440170288087,67.20491104125976,62.37686462402344,65.21912315712201,59.08275080084456,6.136372356277455,7.202878579748565,-1.0665062234711096,57.26779585715551,62.37686462402344,81.002328872552,43.75140037549488,0.5971914221977506,9.828192847115654,1972442864.2,0.5018974217037805,0.03260490146085366,0.11145813422165955
2021-09-29,65.52000427246094,69.24354553222656,61.38761520385742,61.600772857666016,1366679673,0.06505906023879571,0.06303025324706456,65.75802230834961,66.7493392944336,63.614234161376956,65.26541255948185,59.5595843913348,5.705828168147043,6.9034684974282605,-1.1976403292812172,55.95046033493197,63.614234161376956,79.24367067090277,47.98479765185114,0.4913817391836227,9.835882186889648,1974204982.55,0.6922683738923178,0.5260216028673929,0.11058154669254414
2021-09-30,66.76588439941406,68.7210693359375,64.36367797851562,65.50789642333984,1122979274,0.01901526321292968,0.0188367327475749,65.43486709594727,67.75813484191895,64.49307155609131,65.49625438100988,60.09338439193341,5.402869989076464,6.603348795757901,-1.2004788066814367,49.0614328570053,64.49307155609131,78.6108390859492,50.375304026233415,0.43780726174839724,9.392253058297294,1908457459.7,0.5884224813565018,0.5512946206435765,0.10244960632856413
2021-10-01,67.57039642333984,69.4402084350586,63.30827713012695,66.62635803222656,1441796222,0.012049747130030486,0.011977726900209248,65.57655258178711,68.61343879699707,65.01337909698486,65.81535315675295,60.647237135000694,5.168116021752255,6.316302240956772,-1.1481862192045176,47.8925597571999,65.01337909698486,78.75592003962467,51.27083815434505,0.4227603958914097,9.125341142926898,1852413198.95,0.7783340254848382,0.6950696402672288,0.09685158986034433
2021-10-02,69.22048950195312,73.35771942138672,65.87702178955078,67.63391876220703,1391263335,0.0244203551548694,0.024126945464904705,66.11889877319337,68.11678428649903,65.5114320755005,66.33922028678374,61.282292865886205,5.056927420897537,6.064427276944926,-1.0074998560473887,50.18317222298701,65.5114320755005,79.09705537046071,51.92580878054029,0.41475580259955475,9.08276639665876,1786302984.35,0.7788507029261069,0.44694597649608775,0.09673103592425505
2021-10-03,68.717041015625,71.53996276855469,67.65304565429688,69.13282775878906,1003680421,-0.0072731136394798,-0.007299691678965485,67.55876312255859,67.34658241271973,66.29177646636963,66.70503886045164,61.833014951052164,4.8720239093994735,5.8259466034358365,-0.953922694036363,48.79220828016726,66.29177646636963,78.61214022554954,53.97141270718971,0.3717011193818328,8.66990498134068,1710819728.55,0.5866663823491598,0.27373759905706496,0.09298109034682678
2021-10-04,65.15984344482422,68.68302154541016,64.00428771972656,68.68302154541016,949626760,-0.05176587231094454,-0.05315383708308454,67.48673095703126,66.62237663269043,66.97086277008057,66.46731648881665,62.079446691331626,4.387869797485024,5.5383312422456745,-1.1504614447606505,59.138834486571135,66.97086277008057,77.19544943498927,56.74627610517187,0.30534433160913566,7.972065244402204,1696147406.35,0.5598727778286297,0.24698043651992055,0.09371332338503932
2021-10-05,64.65011596679688,66.71932983398438,62.94280242919922,65.24717712402344,813159957,-0.00782272410551399,-0.00785348212440057,67.0635772705078,66.24922218322754,67.3220989227295,66.18774717773668,62.26986663766242,3.9178805400742647,5.2142411018113926,-1.2963605617371279,56.31812572633496,67.3220989227295,76.63712403969629,58.0070738057627,0.2767300861388273,7.296267373221261,1679814704.0,0.48407717533588157,0.4520855669982695,0.09071133083643508
2021-10-06,60.11407470703125,65.69510650634766,58.682579040527344,64.59976959228516,963971611,-0.07016292533945734,-0.07274589671919056,65.57231292724609,65.57443275451661,66.93566780090332,65.25333602839738,62.110178346504526,3.143157681892859,4.800024417827686,-1.6568667359348268,29.26944259255845,66.93566780090332,76.78563763002548,57.08569797178116,0.29431154279121813,6.617789132254464,1584124478.0,0.60852011592993,0.20413405458157619,0.08318744759181683
2021-10-07,61.48835372924805,62.273555755615234,57.56055450439453,60.0299186706543,906896093,0.02286118565268458,0.022603784363171925,64.02588577270508,65.07239227294922,66.51338481903076,64.67410798237441,62.06411726374478,2.609990718629632,4.362017677988075,-1.7520269593584432,27.435704647409082,66.51338481903076,76.54460710790853,56.48216253015299,0.30163018514756584,6.490443365914481,1521990660.85,0.5958617988454131,0.8333965995664058,0.08303671109995103
2021-10-08,60.520225524902344,64.92047119140625,60.065067291259766,61.51958465576172,812757714,-0.015744903638316043,-0.015870171257868774,62.386522674560545,64.97264289855957,66.08877696990967,64.03504914276333,61.94975491271939,2.085294230043935,3.9066729883992473,-1.821378758355312,30.220793329894036,66.08877696990967,76.38990496394553,55.78764897587382,0.3117360758158975,6.03644289289202,1465039129.5,0.5547686049023034,0.0937426096913215,0.0830548563961199
2021-10-09,60.56625747680664,61.95339584350586,59.86289978027344,60.39582061767578,368977448,0.0007606044343861917,0.0007603153214244999,61.46780548095703,64.47726821899414,65.61330375671386,63.5013888864623,61.84727362117028,1.6541152652920204,3.456161443777802,-1.8020461784857815,35.005883443847026,65.61330375671386,76.01693548775677,55.209672025670955,0.31711958201703444,5.832809720720563,1392137853.75,0.26504375770408506,0.33645492356540946,0.08294507117362905
2021-10-10,56.59357452392578,60.883995056152344,55.5444221496582,60.57084655761719,450502943,-0.06559234660325786,-0.06784247623458824,59.85649719238281,63.46003723144531,65.60908603668213,62.43864821530284,61.45811072507804,0.9805374902247976,2.961036653067201,-1.9804991628424036,31.994469506028167,65.60908603668213,76.02802743088802,55.190144642476234,0.3176066616255147,5.528484616960798,1297559230.15,0.3471925847638732,0.19648619668189327,0.0720774803694618
2021-10-11,55.30461120605469,59.19413757324219,53.95623016357422,56.58945083618164,590939451,-0.02277578910174982,-0.0230391641192914,58.8946044921875,62.2334587097168,65.42344875335694,61.3411040600339,61.00229594589107,0.33880811414282874,2.436590945282327,-2.097782831139498,30.97787861540769,65.42344875335694,76.45140555298006,54.39549195373381,0.3371255111052907,5.402603421892438,1195219622.65,0.494419134192082,0.2574274294000299,0.07167067363015821
2021-10-12,54.35797119140625,55.33838653564453,51.22761535644531,55.33838653564453,692864342,-0.0171168369870901,-0.01726502346479784,57.46852798461914,60.74720687866211,64.43199558258057,60.26677592639887,60.510123741855104,-0.2433478154562323,1.900603193134615,-2.1439510085908475,35.909286581830926,64.43199558258057,75.70525193688964,53.1587392282715,0.3499272761111511,5.111559186662946,1097848744.6,0.6311109298143293,0.7615008695170731,0.03804560184317554
2021-10-13,55.152488708496094,57.05287551879883,53.33034133911133,54.353675842285156,655950094,0.014616393873350786,0.014510603986946136,56.39498062133789,59.390751647949216,63.36866703033447,59.47996250825998,60.113261887532175,-0.633299379272195,1.393822678653253,-2.027122057925448,26.647786345334595,63.36866703033447,73.86644779964425,52.870886261024694,0.3313240205694877,4.816316604614258,1013818669.05,0.6470092867935238,0.4894911037842561,0.03723506236777718
2021-10-14,56.08110427856445,58.4278678894043,54.95210266113281,54.99287414550781,521698717,0.016837237843907227,0.016697062807004597,55.49794998168945,58.48287773132324,62.55262718200684,58.957061242152975,59.81458354612713,-0.8575223039741573,0.9435536821277709,-1.801075986101928,25.58420667158188,62.55262718200684,72.62245689815472,52.48279746585895,0.3219634464543947,4.7533433096749445,927973999.25,0.5621910930927411,0.32482102214506836,0.036831192651241546
2021-10-15,56.2510871887207,57.09015655517578,54.60218811035156,56.17885971069336,559567841,0.003031019312885075,0.003026435034868327,55.42945251464844,57.642974853515625,61.946098518371585,58.540757541624934,59.55062085298589,-1.0098633113609523,0.5528702834300262,-1.5627335947909784,23.3617548683452,61.946098518371585,71.99891924691612,51.89327778982706,0.3245667110274306,4.4930602482387,904835378.85,0.6184194982640736,0.6627491900759005,0.035495193966117757
2021-10-16,57.48309326171875,61.83980178833008,55.712100982666016,56.310176849365234,730039645,0.021901906870967824,0.02166550563973384,55.86514892578125,57.379876708984376,61.47715473175049,58.37803996010091,59.39747066104016,-1.0194307009392531,0.23841008655617024,-1.2578407874954234,21.823390605574644,61.47715473175049,71.43903671139111,51.51527275210986,0.32408402838772604,4.396417617797852,877211346.7,0.8322277724135143,0.28901415593359236,0.0360047349808124
2021-10-17,56.07736587524414,58.53270721435547,53.55379104614258,57.569976806640625,388579198,-0.02445462320676406,-0.02475860355466045,56.20902786254883,56.83877792358398,60.9555850982666,58.02409010089217,59.1515369732034,-1.127446872311232,-0.0347613052173103,-1.0926855670939217,20.91725648469216,60.9555850982666,70.90054599997113,51.01062419656208,0.32630187654411774,4.474417550223214,836094736.35,0.46475498661354536,0.5068522422900806,0.036213980703833054
2021-10-18,55.474483489990234,56.42582321166992,54.25412368774414,56.03767013549805,301848293,-0.010750904145446882,-0.010809112687652219,56.27342681884765,56.33420372009277,60.65342330932617,57.63184292998418,58.87916264111352,-1.247319711129336,-0.27727298639971554,-0.9700467247296204,24.208448672561886,60.65342330932617,70.88943939216567,50.41740722648668,0.33752476033007645,4.292913709368024,801688951.6,0.3765154707415828,0.5619376820696965,0.03261068128820978
2021-10-19,56.81697463989258,58.032936096191406,55.129127502441406,55.531333923339844,369199133,0.02420015591753244,0.02391197227978346,56.42060089111328,55.95927543640137,60.218271827697755,57.5064785776624,58.7264079743564,-1.219929396693999,-0.4658042684585723,-0.7541251282354267,30.02665756746731,60.218271827697755,70.32229616208413,50.11424749331139,0.33558001675295385,4.230576651436942,751814924.6,0.4910771533252427,0.5812528881109704,0.029105578200318196
2021-10-20,59.55984115600586,61.55341339111328,56.72520446777344,56.80744171142578,557808885,0.048275476360676306,0.04714641048022682,57.08235168457031,56.25590209960937,59.85796966552734,57.822380512792165,58.788143765589695,-0.9657632527975295,-0.5657960653263638,-0.39996718747116566,48.44454617456789,59.85796966552734,69.48140224505863,50.23453708599605,0.3215422318299412,4.074553898402622,723556405.15,0.7709266078355854,0.5870990107032512,0.03113053587033143
2021-10-21,61.309810638427734,64.31205749511719,58.89551544189453,59.63168716430664,834466444,0.02938170163748688,0.028958332323219396,57.84769515991211,56.85642204284668,59.54494037628174,58.358908224428404,58.97493390431845,-0.6160256798900434,-0.5758419882390998,-0.0401836916509436,49.50926796166913,59.54494037628174,68.49587362263489,50.594007129928585,0.30064462873888564,4.124806812831333,693189916.25,1.2038063803845762,0.44572628964258065,0.03186921663463282
2021-10-22,65.45528411865234,68.64178466796875,61.42253112792969,61.4479866027832,1235036359,0.06761517344544377,0.06542735111625114,59.72327880859375,57.96615333557129,59.3566801071167,59.45065836200132,59.454959846120985,-0.004301484119665133,-0.4615338874152129,0.45723240329554776,61.54731871447963,59.3566801071167,67.57954043797687,51.13381977625654,0.2770660460127139,4.301704679216657,685378567.45,1.801976918529917,0.558610798577761,0.03521064973816882
2021-10-23,65.45916748046875,69.10169982910156,64.56714630126953,65.532470703125,675884810,5.932846933132119e-05,5.932670946729094e-05,61.72021560668945,58.99682121276855,59.193786430358884,60.37504438022708,59.8997159671838,0.4753284130432789,-0.2741614273235145,0.7494898403667933,61.47132354690415,59.193786430358884,66.73687822846756,51.650694632250215,0.25486093230353063,4.476280212402344,668988786.9,1.0103081295756169,0.1967164290281362,0.03519320495796629
2021-10-24,64.51839447021484,67.58838653564453,61.973976135253906,65.43511199951172,512814089,-0.014371906128115786,-0.014476182274824431,63.26049957275391,59.84055023193359,59.16171398162842,61.01248285560981,60.24184030074167,0.7706425548681395,-0.06520063088518364,0.8358431857533232,71.65867715346747,59.16171398162842,66.60276162354006,51.72066633971678,0.251549427530863,4.4959114619663785,647148153.35,0.7924214669320898,0.4531942179096787,0.033345590132996254
2021-10-25,69.82469177246094,69.82469177246094,64.38153076171875,64.55366516113281,559909250,0.08224472021999496,0.07903732880644969,65.31346969604492,61.197910690307616,59.420442771911624,62.36820730435614,60.951681150498686,1.416526153857454,0.231144726063344,1.1853814277941102,82.53854084209411,59.420442771911624,67.9458398742203,50.89504566960295,0.2869516518089184,4.51057243347168,634485618.0,0.8824616888321651,0.9999999981628322,0.03798704831194959
2021-10-26,68.87113189697266,72.88220977783203,67.8232192993164,69.70967102050781,913850539,-0.01365648528167751,-0.013750592844723417,66.8257339477539,62.336714553833005,59.858295631408694,63.36865724168176,61.538307131719,1.8303501099627582,0.550985802843227,1.2793643071195313,82.51295035690822,59.858295631408694,69.37549863680329,50.34109262601411,0.3179911123430232,4.578302383422852,631979564.4,1.446012799270824,0.20713867717978682,0.03403415791517047
2021-10-27,61.51663589477539,69.54865264892578,57.861244201660156,68.67195892333984,947198473,-0.10678633847922203,-0.11292946410312221,66.03800430297852,62.880641555786134,59.85970973968506,63.08373088061924,61.536701854908365,1.5470290257108772,0.7501944474167571,0.7968345782941201,61.01863254598827,59.85970973968506,69.37794088894154,50.34147859042857,0.3180179519963894,5.147221973964146,633994683.4,1.4940164291604847,0.3127632363052062,0.04227628434869391
2021-10-28,64.4300765991211,64.93131256103516,61.52543258666992,61.52543258666992,593781415,0.047360208534958925,0.046272911435989286,65.83218612670899,63.77620086669922,60.05520229339599,63.29086099115799,61.751025910035246,1.539835081122746,0.9081225741579552,0.6317125069647908,63.525487614100655,60.05520229339599,69.78872618988676,50.32167839690523,0.3241525638008256,5.142858505249023,623045868.45,0.9530300176409106,0.8528321684219653,0.04331211414097404
2021-10-29,64.77246856689453,66.12731170654297,63.538700103759766,64.38318634033203,390478927,0.005314163599459576,0.005300093258129771,65.88300094604492,64.57175025939941,60.26551284790039,63.518800618194376,61.97483647721001,1.5439641409843645,1.0352908875232372,0.5086732534611274,63.728106633641296,60.26551284790039,70.2246808375075,50.30634485829327,0.330509690168648,5.150047302246094,624120942.4,0.6256462497452,0.4766139721548464,0.043305941860974626
2021-10-30,62.41526794433594,64.77537536621094,61.09536361694336,64.73323822021484,340551397,-0.03639201461226027,-0.037070721239913576,64.40111618041992,64.85729293823242,60.556597518920896,63.34902636067769,62.007461030330454,1.3415653303472368,1.096545776088037,0.24501955425919975,57.66783553704383,60.556597518920896,70.40355899169899,50.70963604614281,0.32521514999918566,4.975212369646345,618623365.1,0.5504987625951537,0.35866850807435324,0.0412711854452921
2021-10-31,64.28780364990234,64.43634033203125,60.341033935546875,62.31325149536133,385833917,0.030001244362779955,0.029560010360018468,63.48445053100586,65.15509223937988,61.00575714111328,63.49345363594303,62.17637529844689,1.3170783374961346,1.1406522883696566,0.17642604912647797,62.58178857921905,61.00575714111328,70.66169330611686,51.34982097610969,0.31655819442313626,4.9120973859514505,608368088.4,0.6342113012777151,0.9637300173941276,0.041039456316582124
2021-11-01,65.07251739501953,66.68616485595703,62.35919189453125,64.499267578125,553398869,0.012206261538978191,0.012132365847644077,64.19562683105468,65.1168155670166,61.54148445129395,63.7363865219548,62.39090434263746,1.3454821793173366,1.1816182665591926,0.16386391275814405,64.62664846251626,61.54148445129395,70.8262387486368,52.2567301539511,0.30173969250582905,5.066045488630023,601394814.75,0.9201922853791948,0.6270724403425643,0.04060264016275141
2021-11-02,67.58455657958984,68.04741668701172,64.34379577636719,64.96826934814453,437288365,0.038603688394612146,0.03787720373567138,64.82652282714844,65.32935447692871,62.16308784484863,64.32841268466788,62.775619323152455,1.5527933615154268,1.2558532855504394,0.2969400759649874,65.84416673524137,62.16308784484863,71.31045772612683,53.01571796357044,0.2943023005584567,5.123174939836774,590461728.3,0.7405871439949177,0.8750249749260719,0.041102619298901875
2021-11-03,75.430419921875,75.5360336303711,67.15084075927734,67.77308654785156,1110753061,0.11608958820415727,0.1098311369057597,66.95811309814454,66.42055702209473,63.13055362701416,66.03641379808435,63.71301196009488,2.323401837989472,1.4693629960382462,0.8540388419512259,70.30387361827823,63.13055362701416,73.57101197888707,52.690095275141246,0.33075769978374914,5.377245221819196,619914445.5,1.7917844455199101,0.9874047359442114,0.047356500087865544
2021-11-04,79.29322052001953,80.96538543701172,74.12528228759766,75.57763671875,1139576690,0.05121011658353902,0.049941992544688396,70.33370361328124,67.36740989685059,64.2826602935791,68.07592252453593,64.86710148305228,3.2088210414836453,1.8172546051273264,1.391566436356319,71.82692703913133,64.2826602935791,76.46653926740905,52.09878131974915,0.37907202092091824,5.47892815726144,648914887.95,1.7561265909618122,0.755535130388965,0.04788485939361157
2021-11-05,74.36473846435547,81.07434844970703,72.4581527709961,79.04759979248047,593374945,-0.06215515050772524,-0.06417074931549265,72.34909057617188,67.91677055358886,65.12674255371094,69.04343266912355,65.570630148334,3.4728025207895428,2.14836418825977,1.3244383325297728,60.61193125735274,65.12674255371094,77.66122130730929,52.59226380011259,0.38492570830672174,5.570658275059292,642081652.95,0.9241425016176363,0.2212792933495476,0.05113977619562852
2021-11-06,78.6852035522461,78.6852035522461,72.51919555664062,74.2966537475586,487295739,0.058098302732033646,0.0564732428552754,75.07162780761719,69.63362731933594,66.25713443756104,70.52678203575778,66.54208003010528,3.984702005652494,2.515631751738315,1.469070253914179,64.28450065639572,66.25713443756104,79.41746101225215,53.09680786286992,0.3972500980130088,5.6871907370431085,647017480.0,0.7531415364543165,0.9999999983782052,0.05118718768300466
2021-11-07,87.7054214477539,88.83885955810547,78.13878631591797,78.805908203125,1321363546,0.11463677398405014,0.10852858859670615,79.09580078125,71.96116180419922,67.86868133544922,73.16964963760333,68.10973494993114,5.05991468767219,3.0244883389250905,2.0354263487471,71.32159857443025,67.86868133544922,83.18633001447697,52.551032656421484,0.45139078519349435,6.050452368600028,697993242.65,1.8930893098381776,0.8940719288889124,0.054976687939552994
2021-11-08,91.18478393554688,96.91317749023438,83.72738647460938,87.70599365234375,1954611681,0.03967100813563307,0.038904324776634885,82.24667358398438,74.60239334106446,69.58707180023194,75.94120876036388,69.81899783775455,6.122210922609327,3.6440328556619384,2.4781780669473883,70.3245292387748,69.58707180023194,87.22039741899093,51.953746181472944,0.5067988970531799,6.6034973689488,777263870.05,2.5147337427047307,0.5655631464540083,0.055079558111510454
2021-11-09,88.45486450195312,91.53675079345703,87.08097076416016,91.07372283935547,780284087,-0.029938322116586535,-0.030395624059359375,84.0790023803711,77.20635299682617,71.0318229675293,77.86638656676223,71.19943240547298,6.666954161289254,4.248617116787402,2.418337044501852,68.02495974212489,71.0318229675293,89.89777362292455,52.16587231213405,0.53119714142827,6.560410908290318,788387630.15,0.9897213720255121,0.3083396679540245,0.056134201175435994
2021-11-10,85.29527282714844,94.02408599853516,78.64884185791016,88.30364990234375,1297653103,-0.03571981815352754,-0.036373381531732404,86.26510925292969,79.30709991455078,72.23109607696533,79.00929214528318,72.24356873300451,6.765723412278675,4.7520383758856575,2.013685036393017,73.71743432760144,72.23109607696533,91.53914078963928,52.92305136429138,0.5346186271934846,6.823827743530273,811546963.1,1.5989870728406648,0.43228132861669744,0.05752104350439005
2021-11-11,88.06133270263672,89.5385513305664,83.8404769897461,85.38166809082031,661012573,0.03242922830077255,0.031914499485179944,88.14033508300781,81.6059814453125,73.36139850616455,80.40191376949143,73.41525495297728,6.986658816514151,5.198962464011356,1.7876963525027945,73.63993494926268,73.36139850616455,93.62251448196349,53.100282530365604,0.5523644965436804,6.986927577427456,782845773.8,0.8443713884937882,0.7407512526197517,0.056458539090899075
2021-11-12,84.72491455078125,89.97445678710938,81.3184814453125,87.87525939941406,676532796,-0.0378874365111167,-0.03862382529784665,87.54423370361329,83.32001724243165,74.32468585968017,81.06699081276679,74.25300751577758,6.813983296989207,5.521966630606927,1.2920166663822803,68.83170711790827,74.32468585968017,94.83430716533553,53.81506455402482,0.5518925796572108,7.420310701642718,782878173.1,0.8641610141219046,0.39353544424795706,0.05766295404443631
2021-11-13,97.26046752929688,98.4414291381836,84.79679107666016,84.79679107666016,1144798693,0.14795592353182285,0.13798290302425817,88.75937042236328,85.50302200317383,75.96178951263428,83.55829492300218,75.95726381307531,7.601031109926865,5.937779526470915,1.66325158345595,77.58747452802244,75.96178951263428,98.31939154746573,53.60418747780284,0.5886539055563675,8.137203761509486,814477403.3,1.4055622517722954,0.9134486665973645,0.06440788655929626
2021-11-14,95.4035415649414,99.88334655761719,91.8102798461914,97.55558013916016,1142384672,-0.019092299384599665,-0.019276910881564906,90.14910583496093,87.11405410766602,77.2407320022583,85.3806405602236,77.39772883173207,7.98291172849153,6.3468059668750385,1.6361057616164913,74.64089347120563,77.2407320022583,101.00248866205959,53.478975342457005,0.6152649267774046,8.421329498291016,843601174.4,1.3541762466280418,0.44509253332609583,0.06345303496976205
2021-11-15,93.55023193359375,101.58605194091797,92.25428771972656,95.42015075683594,1202984508,-0.019426004537641872,-0.0196171691230046,91.80009765625,89.03260345458985,78.47468700408936,86.6375007715113,78.59421054298109,8.04329022853021,6.686102819206074,1.357187409324137,72.17648451871321,78.47468700408936,102.95861002594235,53.99076398223637,0.6239954297766646,8.778814588274274,858057872.85,1.4019852810211297,0.13887451308890725,0.0636155097077813
2021-11-16,97.97557067871094,101.86246490478516,84.00017547607422,94.03178405761719,1843490926,0.04730441233174587,0.0462196368423666,93.78294525146484,90.96164016723633,80.29763374328613,88.38181921877278,80.02986684933146,8.351952369441321,7.019272729253123,1.3326796401881982,72.98160357541394,80.29763374328613,104.894137908464,55.70112957810825,0.6126333496654115,9.790148053850446,902872495.5,2.0418064955883906,0.7823966379331762,0.05675645833464404
2021-11-17,107.80207824707031,110.03197479248047,94.12252044677734,98.0262451171875,2393292480,0.10029548692891233,0.09557876821205832,98.39837799072265,92.97130584716797,82.46623382568359,91.36955137697238,82.08706769360842,9.282483683363964,7.471914920075292,1.8105687632886713,73.76740508314467,82.46623382568359,108.7615271921762,56.17094045919098,0.6377226689429124,10.32759530203683,992848048.75,2.41053249086118,0.8598382756847474,0.059041694163685876
2021-11-18,100.25276947021484,110.30876159667969,92.3647232055664,107.58499908447266,1920193319,-0.0700293435860605,-0.07260224557569372,98.99683837890625,93.87810440063477,84.24024887084961,92.73620031439431,83.43267523261632,9.303525081777991,7.838236952415832,1.4652881293621594,64.59833573626847,84.24024887084961,110.29565779080372,58.18483995089551,0.6185976245131983,11.120733533586774,1069333768.35,1.7956912760389963,0.43959147257280995,0.06282498221239677
2021-11-19,112.0235595703125,112.11190795898438,96.07148742675781,100.45767211914062,1562347126,0.11741112153110911,0.1110145110371506,102.32084197998047,96.2349739074707,86.72066345214844,95.70348635376634,85.55051851689012,10.152967836876215,8.30118312930791,1.8517847075683047,73.9469235925967,86.72066345214844,113.46402078778137,59.97730611651552,0.6167701276960278,11.65103530883789,1130423554.8,1.3820900310914153,0.994492139502247,0.06444955184734852
2021-11-20,125.7706298828125,129.93348693847656,111.91291809082031,112.08431243896484,2291581571,0.12271588552648649,0.11575064777813629,108.76492156982422,100.2825096130371,89.79480476379395,100.32920074285036,88.52978602547698,11.79941471737338,9.000829446921005,2.798585270452376,76.73595584715457,89.79480476379395,119.63611770499878,59.953491822589115,0.6646556673229076,12.497789655412946,1225710937.5,1.8695938013525313,0.7689941367252996,0.0675877621429689
2021-11-21,128.59982299804688,146.21786499023438,123.5483627319336,125.82982635498047,3379295976,0.02249486321147076,0.02224558516813784,114.8897720336914,104.33635864257812,92.9711700439453,104.67852724364982,91.49793691233403,13.180590331315798,9.836781623799965,3.3438087075158336,74.97662450705971,92.9711700439453,125.16383288999825,60.77850719789236,0.6925300139997425,13.35274887084961,1367005792.85,2.4720421769059806,0.22283066501979795,0.06743435575591787
2021-11-22,134.53103637695312,144.8818817138672,126.19261169433594,128.78257751464844,3211306704,0.04612147389189114,0.04508949072776427,120.23556365966797,109.31697082519531,96.31849403381348,109.27122095646573,94.68557390971324,14.585647046752484,10.78655470839047,3.799092338362014,75.70427658414727,96.31849403381348,131.2059721339306,61.43101593369636,0.7244190941745737,13.74585451398577,1505706709.8,2.1327571186997973,0.44616106832645114,0.06746627479804712
2021-11-23,123.83104705810547,136.53814697265625,122.1111068725586,134.8655548095703,1959122592,-0.07953547082523404,-0.08287681335373384,124.95121917724609,111.97402877807617,98.738525390625,111.51119420287185,96.84449784663119,14.666696356240664,11.562583037960511,3.1041133182801524,69.1663393621029,98.738525390625,134.2346912542454,63.24235952700459,0.7189932343670729,14.458087376185826,1548125186.35,1.2654807306759248,0.11921642779263283,0.06956137812352733
2021-11-24,120.22818756103516,124.50963592529297,113.00045776367188,123.87862396240234,1902624284,-0.029094961099535355,-0.02952661269215492,126.59214477539062,114.45649337768555,100.78527374267578,112.85227010412774,98.57662301066111,14.275647093466631,12.105195849061737,2.1704512444048945,68.83571243511699,100.78527374267578,136.28114935094433,65.28939813440724,0.7043861526614762,14.181939806256976,1586277566.05,1.199427089382432,0.6279970376325522,0.07042266269706136
2021-11-25,122.64852905273438,130.04270935058594,114.35224151611328,115.08684539794922,2233964558,0.02013123162544983,0.01993127747671371,125.967724609375,117.3663230895996,103.19946327209473,114.35938686545184,100.3597271619258,13.999659703526035,12.484088619954598,1.5155710835714373,68.71909081652312,103.19946327209473,137.68267858307013,68.71624796111934,0.6682828421317905,14.895682198660714,1668307046.7,1.3390607936464096,0.5287469831273169,0.06751003008218222
2021-11-26,103.82958221435547,119.82817840576172,102.0291519165039,119.16424560546875,1712875693,-0.1534380149825315,-0.16657185502483504,121.01367645263672,117.95172424316407,104.4566822052002,112.73941691912933,100.61675346210578,12.122663457023549,12.41180358736839,-0.28914013034484043,58.85563058139085,104.4566822052002,136.95291287803101,71.96045153236938,0.6221953442670812,15.750210898263115,1729586044.4,0.9903385255367292,0.10115330172280136,0.07817947189897054
2021-11-27,113.27664947509766,118.07991027832031,103.33889770507812,104.30207824707031,1211028703,0.090986278277021,0.08708212957387589,116.76279907226562,118.49918136596679,105.73524360656738,112.82206808158598,101.55452353714222,11.267544544443766,12.182951778783465,-0.9154072343396997,57.64284973140643,105.73524360656738,137.45943821958016,74.01104899355458,0.6000685018716381,15.823389325823102,1724069302.25,0.7024246075372635,0.6741566574142215,0.07678903004336816
2021-11-28,110.58901977539062,114.00462341308594,101.44112396240234,113.75386810302734,1422129303,-0.023726246425551878,-0.024012246677948476,114.11439361572266,119.53280639648438,106.70545539855956,112.47852218832514,102.22374548071619,10.254776707608954,11.797316764548565,-1.542540056939611,57.18944259678755,106.70545539855956,137.73526631540838,75.67564448171075,0.5815974600539063,16.144134521484375,1697445183.35,0.8378057311950132,0.728132781922413,0.0770540886782919
2021-11-29,120.25830078125,120.25830078125,109.4160385131836,110.49513244628906,1227497076,0.08743436758457523,0.08382113051310063,114.12041625976562,120.35628051757813,108.29562721252441,113.67541120262128,103.55963846594092,10.115772736680356,11.461007958974925,-1.3452352222945692,61.773393156561355,108.29562721252441,138.6394678542388,77.95178657081001,0.5603890281214443,16.252027239118302,1719805832.8,0.7137416635001891,0.9999999990776832,0.07811433692022908
2021-11-30,120.34369659423828,124.55531311035156,114.48907470703125,120.44221496582031,1734884533,0.0007101032729841528,0.0007098512689472054,113.65944976806641,119.8135871887207,110.04804840087891,114.70130126287005,104.80290203099999,9.898399231870059,11.148486213553953,-1.2500869816838946,60.25255721630064,110.04804840087891,138.8057521075095,81.29034469424832,0.5226390494790623,15.695166451590401,1741667404.3,0.9961055300895832,0.5816096983615854,0.07720621809063352
2021-12-01,119.75084686279297,127.33001708984375,117.50407409667969,120.2483139038086,1437422167,-0.00492630481049805,-0.004938479049171879,116.84370269775391,118.9286895751953,111.63252410888671,115.47815443208896,105.9101572037254,9.567997228363552,10.832388416515874,-1.264391188152322,55.98324331688314,111.63252410888671,138.73386840331352,84.5311798144599,0.48554566889470446,15.26062992640904,1780487884.0,0.8073192633980316,0.22865721543365308,0.0773462186347329
2021-12-02,107.86654663085938,119.70713806152344,107.2265396118164,119.68126678466797,1117942461,-0.09924188883232099,-0.10451852449003315,115.76168212890624,116.26224060058594,112.78960571289062,114.30713784728441,106.05507493906866,8.252062908215748,10.31632331485585,-2.064260406640102,53.653902328128716,112.78960571289062,136.8604659063458,88.71874551943543,0.42682763258749745,14.873506273542132,1802558367.25,0.6201976486928096,0.05128015464235937,0.08083109342776881
2021-12-03,108.13784790039062,113.17337036132812,100.80210876464844,107.86829376220703,1379333420,0.002515156719160583,0.0025119990061533946,115.27144775390624,114.69292068481445,113.3334747314453,113.35801631699304,106.2093544176851,7.148661899307939,9.68279103174627,-2.5341291324383306,47.90386285708265,113.3334747314453,136.39745358426273,90.2694958786279,0.40701088372115585,14.61142349243164,1814285103.6,0.7602627708638814,0.5929661314236018,0.07456330655819528
2021-12-04,92.88023376464844,108.76348114013672,77.02176666259766,108.73534393310547,2100725079,-0.14109411674066685,-0.1520959284728713,109.79583435058593,111.95812530517578,113.20730934143066,110.20758823201696,105.2220121470898,4.98557608492716,8.743348042382449,-3.7577719574552884,32.54187874056895,113.20730934143066,136.70773724823158,89.70688143462974,0.4151750985605385,15.591505323137556,1862202123.95,1.1280865014502606,0.4996096574517544,0.08155725397959236
2021-12-05,85.79002380371094,95.31195068359375,82.75007629394531,93.0193862915039,1220952521,-0.07633712441878171,-0.07940812718267985,102.88509979248047,108.27227478027343,112.81929893493653,106.45103985843141,103.7826056031358,2.668434255295608,7.528365284965081,-4.859931029669473,28.260088283669447,112.81929893493653,137.89005708941335,87.74854078045972,0.44444094921978283,14.869531903948102,1863100524.6,0.6553336789286416,0.2419979226866575,0.08331367566268232
2021-12-06,93.31929779052734,94.89966583251953,77.19004821777344,86.47801971435547,1786165231,0.08776398062370894,0.08412419532733062,97.59878997802734,107.22124633789062,112.58648529052735,104.43077184798463,103.0075457651648,1.4232260828198235,6.30733744453603,-4.884111361716206,29.405881760430432,112.58648529052735,138.31547191658413,86.85749866447058,0.4570528435924365,14.799556732177734,1860234239.85,0.9601829666053386,0.9107621584226697,0.08502113112068807
2021-12-07,89.95217895507812,96.67762756347656,88.14965057373047,93.34741973876953,1066934424,-0.036081699232321185,-0.036748738204093113,94.01591644287109,104.88879928588867,111.69399032592773,102.2032960183067,102.04048155701024,0.16281446129646326,5.078432847888116,-4.915618386591653,31.731375495791553,111.69399032592773,139.29223170052813,84.09574895132732,0.4941759407836999,14.378195081438337,1793916337.05,0.5947514953537448,0.2113664684369251,0.0820604897449278
2021-12-08,93.22105407714844,93.24251556396484,86.7750473022461,89.689697265625,736763695,0.03634014384134909,0.03569541412189153,91.03255767822266,103.15200271606446,111.34240455627442,100.8214126427439,101.38719063257604,-0.5657779898321422,3.949590680344065,-4.515368670176207,35.38420097030752,111.34240455627442,139.7224364208931,82.96237269165574,0.5097793958684431,14.018072945731026,1734744855.85,0.4247101194826696,0.9966816231769927,0.081117499584291
2021-12-09,85.4617691040039,94.49478149414062,83.38975524902344,93.0343017578125,918578963,-0.08323532757656926,-0.08690446733365535,89.54886474609376,99.67234954833984,110.01431503295899,98.45839055986082,100.20752977860774,-1.7491392187469188,2.809844700525868,-4.558983919272787,30.974581084198476,110.01431503295899,140.6560182103232,79.37261185559478,0.5570493834040473,13.690541403634208,1702556447.7,0.5395292263236953,0.18658342694378469,0.07812713250859582
2021-12-10,80.73967742919922,91.7380599975586,80.71823120117188,85.55989074707031,1031654019,-0.055253848876660516,-0.05683901072396038,88.5387954711914,95.71194763183594,107.76276741027831,95.73243469360519,98.76546664161451,-3.0330319480093237,1.6412693708188295,-4.674301318828153,36.19558081973739,107.76276741027831,140.1004429765368,75.42509184401982,0.6001641632520688,13.004859379359655,1639560070.1,0.6292261185264639,0.001946148928821312,0.0720580326461635
2021-12-11,86.39281463623047,86.99547576904297,79.29241943359375,80.78770446777344,807032061,0.07001684162026156,0.0676743881819651,87.15349884033203,92.37614440917969,105.6524169921875,94.29557006939369,97.84897390047495,-3.553403831081255,0.6023347304388125,-4.155738561520067,33.16358601888619,105.6524169921875,137.7726365894586,73.53219739491637,0.6080356798585358,12.502148219517299,1510946874.35,0.5341233862687463,0.9217633734214423,0.07426112725065766
2021-12-12,88.10911560058594,88.9035415649414,83.03515625,86.42890930175781,595911581,0.019866246650050767,0.01967148796254882,86.78488616943359,90.40040130615235,103.33132095336914,93.34380784342326,97.12750291529798,-3.7836950718747175,-0.2748712300238938,-3.5088238418508237,35.74822535178568,103.33132095336914,133.30203802277546,73.36060388396281,0.5800896919324464,12.02392578125,1380177118.2,0.431764570751018,0.8646261398379799,0.07331261882565913
2021-12-13,79.14962768554688,90.01011657714844,75.78592681884766,88.10356140136719,1146609022,-0.10168627677133879,-0.10723591397547642,83.97060089111328,87.50157928466797,101.09724998474121,91.16008781913457,95.79580845383494,-4.6357206347003626,-1.147041110959188,-3.4886795237411743,23.701302567905074,101.09724998474121,131.29433069038814,70.90016927909429,0.5973867876763141,12.265492030552455,1339551439.7,0.8559649058768429,0.23647750216292604,0.07444481262015062
2021-12-14,87.31190490722656,87.49442291259766,76.62258911132812,79.05278015136719,1039726774,0.10312464455433146,0.09814673892243599,84.34062805175782,86.94474639892579,99.45143585205078,90.56805967884104,95.16737115408617,-4.5993114752451305,-1.8374951838163767,-2.7618162914287536,30.847609710764843,99.45143585205078,128.83536048727936,70.0675112168222,0.5909200683425359,12.3230345589774,1296406564.2,0.8020067181946161,0.9832118464520769,0.07925555415561462
2021-12-15,101.18144989013672,105.26960754394531,86.30692291259766,87.27359008789062,2397339948,0.15885055992819375,0.14742861724204398,88.42898254394531,88.48388900756837,98.37808189392089,92.20088894211729,95.6128584678677,-3.4119695257504077,-2.152390052203183,-1.2595794735472245,40.669659210913494,98.37808189392089,125.68941526276201,71.06674852507977,0.5552320769638582,12.975658961704799,1304575333.7,1.8376401010133554,0.784410396463881,0.08788944598613173
2021-12-16,98.40188598632812,109.77005004882812,98.1049575805664,101.20960235595703,1843664083,-0.027471081970328104,-0.027855468168475974,90.83079681396484,88.99214782714844,98.10669708251953,93.1548884873805,95.81945309886476,-2.664564611484252,-2.254824964059397,-0.40973964742485514,44.76547350626252,98.10669708251953,125.29754746274006,70.915846702299,0.5543118092610895,12.914286477225167,1311114753.2,1.4061805639058078,0.025454440786907992,0.08100149500442942
2021-12-17,111.0087661743164,115.90923309326172,98.18189239501953,98.18189239501953,2509017517,0.12811624555386958,0.12054920233514316,95.41072692871094,91.09780654907226,97.99330291748046,95.90163890075526,96.94458740075007,-1.0429484999948073,-2.012449671246479,0.9695011712516717,51.39715391204358,97.99330291748046,124.93556048092402,71.0510453540369,0.5498795685278914,13.296863555908203,1376014193.9,1.8233950842387454,0.7235644640898181,0.08357101518310839
2021-12-18,116.0168685913086,117.37393188476562,105.63433074951172,111.01048278808594,1589986609,0.04511447689750914,0.04412642668725395,102.78417510986328,93.37738800048828,98.26469535827637,98.99628962237885,98.35734897042107,0.6389406519577818,-1.4821716066056267,2.1211122585634086,62.50735061759211,98.26469535827637,125.84301888931164,70.6863718272411,0.5613068545215304,11.868141174316406,1384407059.2,1.1484964616684323,0.8844029463466341,0.08386050806737064
2021-12-19,107.67378234863281,116.6953125,106.94422149658203,115.85147857666016,1025197695,-0.07191269979942216,-0.07462947712856796,106.85655059814454,95.59858932495118,97.63546943664551,100.331288503341,99.04745514658491,1.283833356756091,-0.9289706139332832,2.2128039706893743,61.67195720345839,97.63546943664551,123.62968901674792,71.6412498565431,0.5324749239203433,11.667370932442802,1374292090.15,0.7459823878402025,0.07481838196842491,0.08325646131633392
2021-12-20,113.40851593017578,115.92378997802734,101.05682373046875,107.68035125732422,2014776080,0.053260259428564494,0.05189036256400299,109.30196380615234,98.86547317504883,97.28871040344238,102.34316964593097,100.11123742685089,2.231932219080079,-0.2967900473306106,2.5287222664106896,60.923932641306514,97.28871040344238,122.1686028279108,72.40881797897396,0.511465149888308,11.464324406215123,1388286667.5,1.4512680465542251,0.8308145714279294,0.0841786145671756
2021-12-21,123.33294677734375,124.01820373535156,110.93278503417969,113.4013442993164,1732104245,0.08751045515204803,0.08389109786740627,114.28817596435547,102.55948638916016,97.46781539916992,105.57236612768678,101.83136404540592,3.7410020822808576,0.5107683785916833,3.230233703689174,66.94321097269481,97.46781539916992,123.0696495254631,71.86598127287674,0.5253392419116685,11.78985595703125,1403020771.4,1.2345535292906782,0.9476320182691009,0.0863803981650928
2021-12-22,116.47735595703125,127.42166137695312,116.06968688964844,123.37736511230469,1353772414,-0.0555860457359304,-0.057190698081476025,115.38189392089843,105.39631042480468,97.89835586547852,107.25005687066286,102.91625233515593,4.333804535506928,1.2753756099747324,3.058428925532196,61.38959441124662,97.89835586547852,124.50633960848346,71.29037212247358,0.5435838734527225,12.138749258858818,1414812269.05,0.9568565693235144,0.03591173213784138,0.0841296544456848
2021-12-23,121.20996856689453,124.98141479492188,116.47274017333984,116.73213195800781,1261376043,0.04063118166598101,0.0398274345087093,116.42051391601562,109.60234451293945,98.55196189880371,109.39773559316005,104.27134242639583,5.126393166764217,2.0455791213326298,3.080814045431587,68.04228256868299,98.55196189880371,126.81005013933138,70.29387365827604,0.573465767623053,11.953295571463448,1408914400.2,0.895282242002029,0.5567527962546955,0.084449272860555
2021-12-24,114.97645568847656,124.61206817626953,113.66439056396484,121.40023040771484,1136972581,-0.05142739456266554,-0.05279694489585172,117.88104858398438,112.36879959106446,99.65677299499512,110.25600022320874,105.06431377914257,5.191686444066178,2.6748005858793396,2.5168858581868387,67.01979993362727,99.65677299499512,128.69812722015683,70.61541876983341,0.5828275058960659,11.948141915457589,1360726775.3,0.835562731356801,0.11984871767127399,0.07820545388964206
2021-12-25,115.03192901611328,117.17230224609375,112.56621551513672,115.06106567382812,878551694,0.0004824755407926151,0.00048235918689265307,118.20573120117187,113.75384750366212,101.11886825561524,110.99075849904021,105.80265564854781,5.188102850492399,3.177461038801952,2.010641811690447,65.07613843784631,101.11886825561524,130.16513063267575,72.07260587855473,0.574497378741134,11.726929800851005,1343606733.95,0.6538756258069586,0.5353163411039559,0.07539270295175396
2021-12-26,115.21482849121094,117.93435668945312,109.57318878173828,115.00640106201172,963393172,0.0015899887680057567,0.0015887260741334216,116.58210754394531,115.4351417541504,102.21364479064941,111.64061542091262,106.49985363689322,5.1407617840194035,3.5701211878454426,1.570640596173961,64.50306904339344,102.21364479064941,131.6697585628229,72.75753101847592,0.5763636319300524,11.904985700334821,1302468131.0,0.739667366187557,0.6747430221464262,0.07360218413922734
2021-12-27,113.59861755371094,120.84335327148438,113.39905548095703,115.11151123046875,942094550,-0.014027803180068021,-0.014127122728458785,116.00635986328125,115.69412689208984,103.39596672058106,111.9418465182662,107.02568800110194,4.916158517164263,3.8393286537092064,1.0768298634550564,70.00407763852098,103.39596672058106,132.67758980837834,74.11434363278376,0.5663977815871373,11.420707702636719,1296226137.3,0.7267979890934422,0.026807373657159385,0.0729890253750209
2021-12-28,107.21561431884766,116.61152648925781,104.70208740234375,113.75952911376953,1435837733,-0.056189092546353514,-0.05782944280214224,113.20748901367188,114.81400146484376,104.09569473266602,111.21473387220182,107.03975661723125,4.174977254970571,3.9064583739614798,0.26851888100909127,61.80169407904707,104.09569473266602,133.02021489070455,75.17117457462749,0.5557294224765243,11.494822365897042,1331179839.2,1.078620401780496,0.21105334147560345,0.07443107659403286
2021-12-29,102.99812316894531,110.5587158203125,102.69532775878906,107.12451934814453,1091704197,-0.03933653858812003,-0.040131127586407925,110.81182250976562,114.346435546875,104.97251243591309,109.95063991785466,106.74037636180266,3.2102635560519985,3.767219410379584,-0.5569558543275854,51.216409469230356,104.97251243591309,132.55048861668428,77.3945362551419,0.5254323353955704,10.702015468052455,1339836100.9,0.8148042855888687,0.03850699054937867,0.07216236905493481
2021-12-30,101.92827606201172,105.36145782470703,98.32600402832031,103.09717559814453,1015886046,-0.010387054385241123,-0.010441376325357975,108.19109191894532,113.19841156005859,106.03194236755371,108.71643009387883,106.38392448774408,2.3325056061347453,3.4802766495306163,-1.147771043395871,52.41653152641167,106.03194236755371,131.21412865956142,80.84975607554598,0.4749924547211462,10.371326991489955,1339047702.25,0.7586630739838529,0.5120170116704196,0.0706502158087006
2021-12-31,109.2704849243164,111.50146484375,100.36100769042969,101.84952545166016,1323734905,0.07203309175795147,0.06955693134936054,107.00222320556641,111.79216537475585,107.175825881958,108.80166929856154,106.59774377934203,2.20392551921951,3.225006423468395,-1.021080904248885,48.71617304166239,107.175825881958,130.62027460461786,83.73137715929816,0.437495088649585,9.900835309709821,1364882844.45,0.9698524018985811,0.7997407200865112,0.07073570082727619
2022-01-01,114.15801239013672,114.22386169433594,108.72711944580078,109.3815689086914,784319683,0.04472870665125672,0.04375724085200005,107.11410217285156,111.5602310180664,108.47827072143555,109.6257220818808,107.15776367643792,2.4679584054428716,3.073596819863291,-0.6056384144204192,48.62467155568972,108.47827072143555,130.30092708853476,86.65561435433634,0.4023415237349835,9.454916817801339,1374303249.55,0.5707035061270623,0.9880203016437654,0.0710595849233814
2022-01-02,113.18633270263672,117.31509399414062,112.21388244628906,114.20470428466797,777052324,-0.008511708176726751,-0.008548139641404474,108.30824584960938,110.75786743164062,110.18010597229004,110.17350833122786,107.60432434504524,2.5691839861826224,2.9727142531271573,-0.40353026694453487,54.577980989880096,110.18010597229004,127.13922867008488,93.2209832744952,0.3078436446968023,9.122782570975167,1355825414.65,0.5731212260839589,0.19063123442722213,0.06584421326599256
2022-01-03,108.14521026611328,113.9012680053711,106.4570541381836,113.17340850830078,894675873,-0.04453826107934322,-0.045560559096061264,109.33766326904296,110.07474288940429,111.22177124023438,109.86146247505638,107.64438996882807,2.2170725062283196,2.82158590374739,-0.6045133975190704,45.57806559727446,111.22177124023438,124.40582143414272,98.03772104632603,0.23707678895764664,8.592585972377233,1348572869.6,0.6634241969181611,0.22677426465445538,0.06429691136480989
2022-01-04,103.23924255371094,109.1161117553711,103.23924255371094,108.14706420898438,918513472,-0.04536463242644051,-0.04642582547005386,109.59985656738282,108.89547424316406,111.32466087341308,108.84265941023402,107.31808275289347,1.5245766573405461,2.5621840544660213,-1.0376073971254751,31.563767537269754,111.32466087341308,124.2074693983977,98.44185234842845,0.23144572683016976,8.077689579554967,1274631545.8,0.7206109679511433,0.0,0.05546560368102518
2022-01-05,97.85257720947266,106.46910858154297,91.3768539428711,103.26068115234375,1168896098,-0.052176529108452496,-0.05358700620646616,107.31627502441407,107.15924911499023,111.29719543457031,107.15187753319381,106.61693419412157,0.5349433390722425,2.1567359113872655,-1.621792572315023,32.43814289925848,111.29719543457031,124.2978102301021,98.29658063903852,0.23361980946185879,8.344852447509766,1240893146.55,0.9419796549363093,0.42907593446757997,0.05643337667337593
2022-01-06,95.19853973388672,97.83151245117188,91.26378631591797,97.83151245117188,909261500,-0.027122816294398167,-0.02749742911499537,103.52438049316406,105.31924133300781,110.50668411254883,105.31290248714657,105.77112719706713,-0.4582247099205574,1.6337437871257008,-2.091968497046258,24.472394392772486,110.50668411254883,125.37035433982409,95.64301388527356,0.26900943316943465,8.207717895507812,1160905345.7,0.7832348290650135,0.5991043674700346,0.048122336361005345
2022-01-07,86.76771545410156,95.29039001464844,85.43051147460938,95.1787109375,1163318424,-0.0885604369914944,-0.09272999204413222,98.24065704345703,103.2744514465332,109.04422645568847,102.45979678975503,104.36346706795857,-1.9036702782035348,0.9262609740598536,-2.8299312522633886,23.46056800811276,109.04422645568847,127.04897519761317,91.03947771376377,0.33022837296647084,8.130017961774554,1139571936.45,1.020838076816787,0.13562073535752525,0.04982041255244609
2022-01-08,84.05683898925781,89.4328384399414,79.60858917236328,86.75174713134766,1021954391,-0.031242916223578,-0.03174138605597609,93.42298278808593,101.38032302856445,107.86337928771972,99.62857251275545,102.85927239546221,-3.230699882706759,0.09486880270653092,-3.3255686854132898,22.244722865407,107.86337928771972,129.06127171845674,86.66548685698271,0.39305077535523497,8.50274385724749,1139409771.25,0.8969155933065727,0.45278266982157783,0.04810008250107833
2022-01-09,89.20655822753906,91.79698944091797,82.92852783203125,84.04851531982422,900030318,0.06126472634712532,0.059461334963751514,90.61644592285157,100.10815124511718,106.6532814025879,98.02518569964525,101.8479602348753,-3.822774535230053,-0.6886598648807861,-3.134114670349267,28.60006860119354,106.6532814025879,129.23626172198723,84.07030108318855,0.42348402266507995,8.538979121616908,1083672483.15,0.8305372075000075,0.7079052337710754,0.04869439441493352
2022-01-10,84.5326156616211,90.84400939941406,80.86058807373047,89.2571029663086,1138103402,-0.05239460706460786,-0.053817115561957694,87.95245361328125,97.63436431884766,104.71326484680176,95.94940569379537,100.56534211833795,-4.615936424542582,-1.4741151768131457,-3.1418212477294363,27.229893066403974,104.71326484680176,127.92077988001807,81.50574981358545,0.4432583601928468,8.720345088413783,1053972441.0,1.0798227332397583,0.3678125428570015,0.04361011776963523
2022-01-11,89.50181579589844,90.85680389404297,83.47099304199219,84.52545928955078,719261554,0.0587844123287129,0.057121469245734344,86.8131088256836,95.16874465942382,103.36448783874512,94.95746878642662,99.7458216500091,-4.788352863582489,-2.136962714167015,-2.651390149415474,35.80877784065204,103.36448783874512,126.82736752833932,79.90160814915092,0.45398337824104,8.397228785923549,1022246898.0,0.7036084486117952,0.8165417266360516,0.04583719103366619
2022-01-12,95.8235092163086,96.76172637939453,88.98726654052734,89.52240753173828,962440339,0.07063201304011812,0.06824914049171636,88.624267578125,93.43246231079101,102.09516487121581,95.09070577563924,99.45527998825351,-4.364574212614272,-2.5824850138564663,-1.7820891987578058,44.43960378664004,102.09516487121581,124.20059881168018,79.98973093075145,0.43303586351711076,8.390876770019531,1007300112.8,0.9554653342832427,0.8793205970157986,0.04808885149611078
2022-01-13,89.40788269042969,97.10579681396484,89.40788269042969,95.8235092163086,756890649,-0.06695253156922587,-0.06929920222559217,89.69447631835938,91.55872955322266,100.81673622131348,94.21642530099162,98.71102833656285,-4.494603035571231,-2.9649086181994195,-1.5296944173718114,41.03907977791011,100.81673622131348,122.74216186473792,78.89131057788903,0.43495606910530465,8.438195364815849,988296016.2,0.7658541940806823,0.0,0.04890122219374808
2022-01-14,90.34053039550781,91.63262939453125,87.66128540039062,89.4791030883789,640737088,0.01043138118265663,0.01037734974945858,89.92127075195313,90.26885833740235,99.5821662902832,93.62013377707103,98.09099145204024,-4.47085767496921,-3.2660984295533777,-1.2047592454158322,35.08313795380124,99.5821662902832,120.90986658743604,78.25446599313035,0.42834377061013806,7.926115853445871,976405285.9,0.6562204212253948,0.6746444005665936,0.049078359040138554
2022-01-15,93.3158187866211,94.32180786132812,89.82750701904297,90.35389709472656,514349943,0.03293414791885296,0.032403439721027015,91.67791137695312,89.81518249511718,98.48721580505371,93.57331608623258,97.73727495830549,-4.163958872072911,-3.4456705180572853,-0.7182883540156255,33.065946052096194,98.48721580505371,118.65255841417722,78.3218731959302,0.40950172962628845,7.854512895856585,953953124.45,0.5391773765577292,0.7761633860813902,0.049989085268645206
2022-01-16,92.23979949951172,94.83049774169922,92.00743103027344,93.30461120605469,498172515,-0.011530941924968063,-0.011597938758161092,92.22550811767579,89.5193084716797,97.41927490234374,93.36815968827553,97.33005455395039,-3.9618948656748643,-3.5489153875808013,-0.412979478094063,33.00997777902644,97.41927490234374,116.44507867861526,78.39347112607223,0.3905962920652736,7.691788264683315,931757022.7,0.5346592543584163,0.08231065439392954,0.04997977309308821
2022-01-17,86.75066375732422,92.41230010986328,85.69480895996094,92.25555419921875,613946950,-0.05950940669831528,-0.061353632096828245,90.4109390258789,89.51760330200196,96.39602737426758,92.35008339120608,96.54639597642252,-4.1963125852164325,-3.6783948271079283,-0.5179177581085042,32.77179904444026,96.39602737426758,115.40472916032584,77.38732558820931,0.39438765899044803,7.639879499162946,890662483.55,0.6893149328047725,0.1571799310531033,0.05014938377266592
2022-01-18,86.01341247558594,87.32592010498047,83.92218017578125,86.7541275024414,519434644,-0.008498508827559648,-0.008534827067350403,89.73204498291015,89.71326065063477,95.5467918395996,91.37521094264913,95.76617497636055,-4.390964033711413,-3.8209086684286255,-0.5700553652827871,35.13038729601425,95.5467918395996,114.82922472521378,76.26435895398544,0.40362282216622825,7.463227408272879,862049005.9,0.602558138162572,0.6143925027059152,0.04965018742246638
2022-01-19,82.90330505371094,86.35029602050781,81.42071533203125,86.02388763427734,538783322,-0.03615840056058439,-0.036828313807149744,88.24459991455078,89.08293533325195,94.59554328918458,90.0718408058894,94.81336979690502,-4.7415289910156275,-4.005032732946026,-0.736496258069602,36.5676124305409,94.59554328918458,114.42186803592223,74.76921854244692,0.41918094779850934,6.737322126116071,838193869.7,0.6427908166315237,0.3007537176818846,0.050053668958473685
2022-01-20,79.0684585571289,87.64208984375,79.0684585571289,82.89617919921875,301646934,-0.0462568590491963,-0.04736088807297006,85.39512786865234,88.53651962280273,93.0854419708252,88.37901276761855,93.64708007544012,-5.268067307821568,-4.257639647921134,-1.0104276599004338,35.8077758975959,93.0854419708252,112.80598058321145,73.36490335843895,0.42370833064459323,6.879096439906529,787089471.15,0.38324351303959125,0.0,0.04684991316476393
2022-01-21,65.92256164550781,80.30150604248047,64.55644989013672,79.13545227050781,1061162871,-0.16625968371601507,-0.1818332964716463,80.13168029785156,86.17859420776367,90.67366943359374,84.92417413344766,91.59341204359329,-6.669237910145625,-4.739959300366032,-1.929278609779593,33.06435556785338,90.67366943359374,111.31960295998215,70.02773590720534,0.45538983158741075,7.299466269356864,800931630.55,1.3249106796684995,0.08676448920127189,0.0556249804625564
2022-01-22,59.72904968261719,67.46713256835938,53.939334869384766,65.96820831298828,1333878308,-0.09395132422486308,-0.09866224836122627,74.72735748291015,82.56914825439453,88.00080528259278,81.0480011410122,89.23308890574322,-8.185087764731023,-5.428984993239031,-2.7561027714919915,31.293478237913632,88.00080528259278,110.16086723272147,65.84074333246409,0.5036331628777065,7.564005443028042,828772929.75,1.6094617236139281,0.4279865014089773,0.057496820190199804
2022-01-23,64.72541046142578,66.7040023803711,59.43529510498047,59.793182373046875,897015183,0.083650431496195,0.08033537083998146,70.46975708007812,80.10090103149415,85.8298152923584,78.53683334415274,87.41770531727525,-8.88087197312251,-6.119362389215728,-2.761509583906782,31.13105372663091,85.8298152923584,108.18700013984142,63.47263044487539,0.5209654657027677,7.449737276349749,828889895.25,1.0821885851672168,0.7277931479064944,0.06268131983105255
2022-01-24,62.87763214111328,64.80488586425781,55.57115173339844,64.75294494628906,1159701823,-0.028547958323319023,-0.02896337661558913,66.4646224975586,77.35461120605468,83.81173477172851,76.12772546676206,85.59992211904103,-9.472196652278967,-6.789929241828378,-2.6822674104505895,32.549072169258565,83.81173477172851,106.82897872870703,60.79449081475,0.5492606499476186,7.3961881910051614,840949312.8,1.3790389091807342,0.7912812190881247,0.06248385082805744
2022-01-25,67.90058898925781,70.34447479248047,61.89265441894531,62.8973388671875,994124979,0.07988463746331531,0.07685421826717188,64.23104858398438,74.81308822631836,82.31413536071777,74.86201216253063,84.28886040572374,-9.426848243193106,-7.317313042101324,-2.1095352010917825,32.60746172717194,82.31413536071777,105.38237482021724,59.245895901218304,0.5604927843415863,7.472331728254046,832210756.85,1.1945591556192585,0.7108450366522757,0.06606602292978862
2022-01-26,65.99578857421875,72.9193344116211,64.65972900390625,67.89398956298828,1166402419,-0.028052781918289527,-0.028453778381197396,64.24569396972656,72.18868713378906,80.85399780273437,73.49797776432881,82.93381804783448,-9.43584028350567,-7.741018490382194,-1.6948217931234755,24.144791532334068,80.85399780273437,104.1837753543721,57.524220251096644,0.5770840820649873,7.506984983171735,845067802.8,1.3802471412770763,0.16175828054049377,0.06607461211768648
2022-01-27,64.69680786132812,67.78236389160156,61.33854293823242,65.96631622314453,798856523,-0.019682781900996482,-0.019879067756693687,65.23924560546875,69.98330154418946,79.75045242309571,72.14395162540563,81.58292840438956,-9.438976778983928,-8.080610148102542,-1.3583666308813864,26.495005135070656,79.75045242309571,103.97331876283617,55.527586083355246,0.6074665560825214,7.417406899588449,826844707.75,0.966150615118332,0.5211604950209293,0.06385216352839074
2022-01-28,67.12731170654297,67.32410430908203,61.94146728515625,64.63536071777344,664566075,0.0375676007141561,0.03687912831491993,65.7196258544922,68.09469146728516,78.90397605895996,71.37216086865753,80.51214198232685,-9.139981113669322,-8.292484341215898,-0.8474967724534235,28.53149987376878,78.90397605895996,103.67032728386647,54.13762483405343,0.6277592704935475,7.518213544573102,808975291.95,0.8214911896729159,0.9634393678602673,0.06464218342948369
2022-01-29,72.12027740478516,73.44132995605469,67.0089111328125,67.1183853149414,697610539,0.07438054007092787,0.07174425369402873,67.56815490722656,67.01638870239258,78.04966201782227,71.48725572036948,79.89052238399044,-8.403266663620968,-8.314640805696913,-0.08862585792405575,31.1027820071765,78.04966201782227,102.49636471315273,53.60295932249182,0.6264396811801226,7.656650543212891,798854303.0,0.8732637933853628,0.7946258482979303,0.06545535970685269
2022-01-30,67.97378540039062,72.23008728027344,67.01190948486328,72.10572052001953,534098086,-0.05749412167568024,-0.05921312273054053,67.58279418945312,65.90692138671875,77.22172050476074,70.94672182498812,79.00780112594602,-8.0610793009579,-8.26392850474911,0.2028492037912102,29.488281938735085,77.22172050476074,101.86477612477142,52.578664884750054,0.6382415584353999,7.827729906354632,768654037.2,0.6948484755841207,0.18433176319328945,0.0656451003141684
2022-01-31,69.99242401123047,70.55558776855469,64.40384674072266,67.982177734375,700410198,0.029697310499177343,0.02926488575055444,68.38212127685547,66.31390762329102,76.24625091552734,70.79990677671772,78.33999541374487,-7.540088637027154,-8.119160531204718,0.5790718941775648,34.95158827507814,76.24625091552734,100.3818855137223,52.110616317332386,0.6330969538406458,7.787319183349609,767711469.4,0.9123352013320852,0.9084545718259482,0.06438060201397608
2022-02-01,73.44881439208984,73.74280548095703,68.84741973876953,69.98311614990234,843353375,0.04938235001412128,0.048201753007744194,70.13252258300781,67.68588409423828,75.12751617431641,71.20743102523652,77.9776857084371,-6.7702546832005766,-7.84937936160389,1.0791246784033133,39.242681068398426,75.12751617431641,97.44832229552063,52.8067100531122,0.5942112093633931,7.893865312848773,761757121.2,1.1071158398512388,0.9399452640201402,0.06314004565867976
2022-02-02,67.87997436523438,74.50801849365234,67.75288391113281,73.43240356445312,875718764,-0.0758193317747442,-0.07884769807132416,70.28305511474609,68.00134048461913,74.05112075805664,70.69551461600543,77.22970709042207,-6.534192474416642,-7.586341984166441,1.0521495097497988,37.6572570868956,74.05112075805664,95.53287696198493,52.569364554128356,0.5801871999780936,8.024262019566127,767698526.95,1.1407065837147754,0.018813904054894675,0.06358134734476648
2022-02-03,68.10771942138672,68.85530090332031,65.3459701538086,67.86044311523438,695260121,0.003355114056569075,0.003349498219080567,69.48054351806641,68.52434921264648,72.93948020935059,70.29739227837177,76.55400430012315,-6.25661202175138,-7.320395991683429,1.0637839699320493,40.4276133258068,72.93948020935059,93.13446157938043,52.744498839320755,0.5537462376223764,7.6625262669154575,770424678.6,0.9024375001374728,0.7869732028229762,0.06347135255131438
2022-02-04,77.31163787841797,77.4994888305664,67.62190246582031,68.10842895507812,965938411,0.13513766919849468,0.12675393802580215,71.34811401367188,69.4654541015625,72.13927116394044,71.37650698607119,76.61012530592276,-5.233618319851573,-6.903040457317058,1.6694221374654852,60.68195573395838,72.13927116394044,90.07682919222462,54.20171313565625,0.497303555715724,7.243421282087054,793004102.0,1.2180749236527908,0.9809820987616251,0.0709562791836312
2022-02-05,77.2494888305664,80.75987243652344,75.34907531738281,77.46501159667969,797735218,-0.0008038770042525512,-0.0008042002866359946,72.79952697753906,70.59082412719727,71.38975563049317,72.28004265445507,76.65748556700748,-4.377442912552411,-6.397920948364129,2.020478035811718,68.56823727482028,71.38975563049317,86.87617452012482,55.90333674086152,0.4338554951718265,6.663635526384626,807982237.15,0.9873177668037055,0.3512261627678931,0.07096025535573446
2022-02-06,78.75726318359375,78.92948913574219,74.62030029296875,77.24199676513672,506746738,0.019518243756077025,0.01933020567959667,73.86121673583985,71.99686965942382,70.99008560180664,73.2765381204764,76.81302464971759,-3.536486529241188,-5.825634064539541,2.289147535298353,66.05845043601471,70.99008560180664,85.16431354177134,56.815857661841946,0.3993297886544307,6.452241352626255,802622226.55,0.6313639483648561,0.9600328581474002,0.07004153422966697
2022-02-07,83.16699981689453,85.17305755615234,77.64534759521484,78.79586791992188,912462594,0.055991491515152036,0.054480127974291546,76.91862182617187,73.60083847045898,70.84776496887207,74.79814761223304,77.28368947691588,-2.485541864682844,-5.157615624568201,2.6720737598853574,71.93355423856974,70.84776496887207,84.4317205995794,57.26380933816473,0.38346885428709393,6.3303824833461215,822273624.05,1.1096824308990798,0.7335102232946445,0.07122280755699285
2022-02-08,86.62419891357422,92.37202453613281,82.05577850341797,83.21994018554688,2252177846,0.0415693616974433,0.04072857738655613,80.62191772460938,75.0512306213379,71.03380966186523,76.61754012013168,77.97557906481651,-1.3580389446848358,-4.397700288591529,3.039661343906693,70.95013386315175,71.03380966186523,85.39278528109267,56.674834042637805,0.40428566868591037,6.463555744716099,907943350.25,2.4805268361510313,0.44283748092479724,0.07122196740295848
2022-02-09,90.02086639404297,91.92845916748047,84.78197479248047,86.54501342773438,1053167954,0.039211531224174756,0.038462282563820234,83.16376342773438,77.25593872070313,71.58143005371093,78.67959031611804,78.86782257068514,-0.18823225456709736,-3.5558066817866423,3.367574427219545,76.01355308746939,71.58143005371093,87.92839717991005,55.234462927511814,0.4567376514812072,6.384047099522182,945519401.25,1.1138512362704414,0.7330725597831835,0.07056698173273415
2022-02-10,91.13622283935547,94.98809814453125,85.36730194091797,90.02754211425781,1616543856,0.012389976790828872,0.012313849196152594,85.94111022949218,79.37031860351563,72.84211311340331,80.59599531969303,79.776592960957,0.8194023587360277,-2.6807648736821084,3.500167232418136,78.74200785426075,72.84211311340331,91.12579310264158,54.55843312416504,0.5020085005160011,6.6109739031110495,973288450.5,1.660909317448024,0.5996302977787393,0.057278929246006506
2022-02-11,81.73299407958984,92.49352264404297,80.30863952636719,91.16791534423828,1323311027,-0.10317773182613199,-0.1088975768301131,86.5362564086914,80.19873657226563,73.94231033325195,80.77091820583101,79.92151156233722,0.8494066434937935,-1.974730570246928,2.8241372137407215,63.78750375945048,73.94231033325195,91.53883023213486,56.34579043436905,0.47595266687169563,7.096848624093192,972760086.45,1.3603673150584374,0.11689521666297231,0.05825574866049629
2022-02-12,81.24567413330078,84.71503448486328,79.08057403564453,81.75880432128906,1123397419,-0.005962340567317481,-0.005980186290046194,86.15199127197266,81.53530654907226,74.7683235168457,80.8439575792879,80.01959767870488,0.8243599005830191,-1.4149124760809386,2.2392723766639575,59.415107825325805,74.7683235168457,92.09199219709897,57.44465483659242,0.46339593735441087,7.039851597377232,984079198.25,1.141572163091905,0.38426041203534395,0.05630625027775743
2022-02-13,78.24311828613281,83.24366760253906,77.7585220336914,81.21289825439453,676959728,-0.03695650112080595,-0.037656698028458405,84.47577514648438,82.54884643554688,75.53659782409667,80.44382845726403,79.88800661258843,0.5558218446756058,-1.0207656119296298,1.5765874566052356,60.85151214075713,75.53659782409667,91.98044714712225,59.0927485010711,0.43538760803918225,7.058920724051339,959942093.5,0.7052089210212344,0.0883470174994357,0.05666250177698656
2022-02-14,82.01966857910156,82.52238464355469,76.42424011230469,78.19771575927734,865000799,0.048266868392923934,0.04713819889530562,82.87553558349609,83.01964950561523,76.24255180358887,80.68626539908519,80.04590749899681,0.6403579000883752,-0.6885409095260286,1.3288988096144039,62.25383467950995,76.24255180358887,92.51752459986459,59.96757900731315,0.42692623505577965,7.055092402866909,953485884.5,0.9071983267519468,0.9175624534557068,0.05510333332397378
2022-02-15,92.67250061035156,93.4301528930664,81.59640502929688,82.03217315673828,1272958909,0.12988143229298932,0.1221127000446624,83.18279113769532,84.56195068359375,77.57638740539551,82.53030158543386,80.98121069243051,1.5490908930033527,-0.2410145490201523,1.790105442023505,67.08107890445706,77.57638740539551,94.66759613711874,60.48517867367228,0.4406291476917761,7.550689697265625,958813709.0,1.3276394538910374,0.9359752885732641,0.06029536092069568
2022-02-16,95.34611511230469,97.04877471923828,91.8302993774414,92.75029754638672,1729554621,0.028850138761168598,0.028441808501458287,85.90541534423828,86.22083587646485,79.10885276794434,84.50196520495246,82.04527768649525,2.4566875184572012,0.2985258644753186,2.1581616539818826,75.72861148305991,79.10885276794434,96.82254284905822,61.39516268683046,0.44783079165803896,7.4409283229282925,1005348613.9,1.7203531164086683,0.6737246988534079,0.05963714464099436
2022-02-17,88.12377166748047,98.57368469238281,86.66361999511719,95.24654388427734,1798309218,-0.07574869134748996,-0.07877126525889473,87.28103485107422,86.71651306152344,80.1586757659912,85.05916619918753,82.49553649990158,2.563629699285954,0.7515466314374459,1.8120830678485083,66.57747144565005,80.1586757659912,97.363933514353,62.95341801762941,0.4292799895694245,8.040980747767858,1062035771.05,1.693266146979278,0.12259813092976138,0.06327695288698884
2022-02-18,83.83697509765625,89.93944549560547,82.8497543334961,88.22450256347656,1283023478,-0.04864517812514524,-0.04986818205337166,88.39980621337891,86.43779067993164,80.74451065063477,84.87113679895195,82.59490232195748,2.2762344769944747,1.056484200548852,1.2197502764456227,55.883545438573634,80.74451065063477,97.59149529358783,63.897526007681705,0.4172911448023153,7.841845376150949,1091306418.0,1.1756766539972827,0.13924735791649884,0.06324011901024597
2022-02-19,85.09931945800781,86.30641174316406,81.18479919433594,83.8233413696289,850252533,0.015057131520801459,0.014944898122297219,89.01573638916015,85.94563598632813,81.60078735351563,84.90624182342208,82.78041470240566,2.125827121016414,1.2703527846423643,0.8554743363740496,56.927830622849136,81.60078735351563,97.42454015480925,65.777034552222,0.38783333628243194,7.821189335414341,1107114140.35,0.7679899497365318,0.7643140160855033,0.06124852976546895
2022-02-20,77.33678436279297,85.54019165039062,76.74273681640625,85.10826873779297,984477195,-0.09121735807823073,-0.0956493311957106,85.94859313964844,84.56569213867188,81.96800537109375,83.74170990640222,82.37718282539731,1.3645270810049084,1.2891876439148733,0.0753394370900351,48.87100653086202,81.96800537109375,96.97739622778799,66.95861451439951,0.3662255971398163,8.14177976335798,1121317490.2,0.8779647188276775,0.0675249327131157,0.06535013155008403
2022-02-21,69.98892974853516,82.57675170898438,69.78959655761719,77.30107116699219,1626858109,-0.09501112148377477,-0.0998326242900683,80.87715606689453,83.3912857055664,81.79501113891601,81.62589757442267,81.45953444933346,0.16636312508920525,1.0646227401497397,-0.8982596150605344,39.99344666797362,81.79501113891601,97.28974174556338,66.30028053226864,0.37886737567238654,8.517454419817243,1160492726.9,1.4018684230325096,0.015588548696132054,0.06833113380780956
2022-02-22,74.57435607910156,74.75762939453125,67.46479797363281,69.99714660644531,1344001591,0.06551645163087216,0.06345961272909646,78.16727294921876,82.72415390014649,82.12973022460938,80.54104503668096,80.94952123672368,-0.40847620004272756,0.7700029521112461,-1.1784791521539737,41.00428052162742,82.12973022460938,96.61515365989764,67.6443067893211,0.35274494134276,8.301496233258929,1183906868.25,1.1352257741241463,0.9748693868538918,0.06740174569117807
2022-02-23,73.6986312866211,81.83544158935547,73.6986312866211,74.54203033447266,1699396767,-0.011742974911530979,-0.011812468215916595,76.13960418701171,82.26970520019532,82.40927581787109,79.48836599821021,80.41241827745682,-0.9240522792466095,0.431191905839675,-1.3552441850862844,37.33816924785439,82.40927581787109,95.93962622400234,68.87892541173984,0.328369598491171,8.37223379952567,1234113700.55,1.3770179897060053,0.0,0.06752751255927703
2022-02-24,76.52396392822266,79.31600952148438,64.83141326904297,73.66973114013672,3097306165,0.038336297327064006,0.03761971813583347,74.42453308105469,81.72013473510742,82.36989212036133,79.03230414128905,80.12438462195799,-1.0920804806689404,0.12653742853795183,-1.2186179092068923,38.957622353818614,82.36989212036133,95.96713856761095,68.77264567311171,0.33015088637923473,8.719648088727679,1340682088.25,2.310246546996784,0.8072403570887577,0.060940209266260294
2022-02-25,80.8326187133789,81.85987091064453,72.94703674316406,76.53705596923828,1884195969,0.05630464711939975,0.05477663526871329,75.12369995117187,80.53614654541016,82.54904861450196,79.30927561391826,80.17684640650768,-0.8675707925894187,-0.07228421568752234,-0.7952865769018964,49.26283194862123,82.54904861450196,95.95530807703204,69.14278915197187,0.3248071222513137,8.48593030657087,1395005125.8,1.3506731510534498,0.8847446068433402,0.06216377101983072
2022-02-26,81.87970733642578,84.87239837646484,78.50370788574219,80.84786224365234,1419135253,0.012953788207205053,0.012870605476922346,77.50185546875,79.18950576782227,82.70517082214356,79.70472664815019,80.30298425316828,-0.598257605018091,-0.1774788935536361,-0.4207787114644549,50.51438971557288,82.70517082214356,95.99774820326577,69.41259344102134,0.3214448927191684,8.538375309535436,1440624551.55,0.9850833456039055,0.5300931879639179,0.06209549106981507
2022-02-27,74.9911880493164,82.26481628417969,73.75102233886719,81.79342651367188,1577126485,-0.08412974974136089,-0.08788057253031761,77.58522186279296,77.87624740600586,82.29638023376465,78.97956686371421,79.90951786769777,-0.929951003983561,-0.3279733156396212,-0.6019776883439398,47.518202249075166,82.29638023376465,96.02487509590003,68.56788537162927,0.3336354484398777,8.754707336425781,1473857746.1,1.0700669648568604,0.14566545971850434,0.0637781024373562
2022-02-28,84.3392333984375,85.3944320678711,72.12709045410156,74.9775390625,1906636314,0.12465525073390693,0.11747654490080718,79.71334228515624,77.92647323608398,82.18213195800782,79.80413094597935,80.23764494404887,-0.43351399806951463,-0.3490814521255999,-0.08443254594391475,51.63149461284268,82.18213195800782,95.79653721018796,68.56772670582767,0.33132275660934746,9.266792842320033,1456580669.5,1.3089809263049539,0.9204664574594869,0.06931427185447749
2022-03-01,86.73593139648438,90.67776489257812,83.9691390991211,84.3472671508789,2279596412,0.02841735573673443,0.028021072712868952,81.7557357788086,78.09013442993164,82.01788520812988,80.87056178451859,80.71899949608114,0.15156228843744657,-0.24895270401299058,0.40051499245043715,45.27576255721957,82.01788520812988,95.30954413695146,68.7262262793083,0.32411610943375224,8.90071269444057,1517902092.4,1.5018072795430846,0.4124231069703607,0.06904209281834861
2022-03-02,83.29166412353516,89.7020492553711,82.61300659179688,86.74607849121094,1610175795,-0.03970980904332366,-0.040519757951790684,82.24754486083984,78.68562240600586,81.62565727233887,81.24303906744422,80.90956724626292,0.33347182118129126,-0.1324677989741342,0.46593962015542545,40.5234734015059,81.62565727233887,94.2295456667285,69.02176887794924,0.30882173119507134,9.034324645996094,1517583689.35,1.0610128497688707,0.09573331167381864,0.06954699859534207
2022-03-03,78.55764770507812,84.25336456298828,77.35932159423828,83.30426788330078,1534290692,-0.05683661706453258,-0.058515752675990095,81.58313293457032,79.54249420166016,81.46688995361328,80.82990193477251,80.73535098395294,0.09455095081956699,-0.08706404901539394,0.18161499983496093,42.17345216618272,81.46688995361328,94.14486532668737,68.78891458053918,0.3112424048663905,8.676037379673549,1528132672.6,1.0040297675132634,0.17382051642752006,0.0667203455379501
2022-03-04,75.65424346923828,82.02667999267578,75.15409851074219,78.61939239501953,1871411668,-0.03695889987362955,-0.03765918883579349,81.71574401855469,79.65048294067383,81.18731842041015,80.03364678622879,80.35897264952965,-0.32532586330086133,-0.13471641187248745,-0.19060945142837388,43.15022291072369,81.18731842041015,94.12967849788164,68.24495834293866,0.31882713530338347,8.66052954537528,1565533385.05,1.1953827914952009,0.07277395824016318,0.06722700009134569
2022-03-05,76.72742462158203,78.55117797851562,73.64894104003906,75.69320678710938,993285550,0.014185339818778564,0.014085669352969824,80.1933822631836,79.95336227416992,81.11153373718261,79.52499722243698,80.08996909190388,-0.5649718694669019,-0.22076750339137038,-0.3442043660755315,42.96960902087037,81.11153373718261,94.14392029959595,68.07914717476928,0.32134484362337035,8.644859858921595,1581349676.15,0.6281251800160239,0.6279752720846449,0.06677592323814045
2022-03-06,72.52902221679688,76.99642944335938,72.52902221679688,76.73682403564453,913541519,-0.05471840643018566,-0.05627241326283546,77.3520004272461,79.55386810302734,80.63700141906739,78.44869337541543,79.52989895300706,-1.081205577591632,-0.3928551182314228,-0.6883504593602092,45.70556198494555,80.63700141906739,94.21008546042657,67.06391737770821,0.336646546932478,8.335570744105748,1583776712.15,0.5768120669989231,0.0,0.06691963244590407
2022-03-07,71.88053894042969,76.42012786865234,70.72230529785156,72.52704620361328,1144242245,-0.008941017768429371,-0.008981228530664492,75.069775390625,78.65866012573242,79.59740333557129,77.43820807772532,78.96327969281614,-1.5250716150908232,-0.619298417603303,-0.9057731974875203,51.91935365753777,79.59740333557129,92.4552742424292,66.73953242871337,0.323072622172132,7.829189845493862,1577340878.95,0.7254248338264688,0.2032765369846502,0.05903402741995424
2022-03-08,72.9183578491211,76.38349914550781,71.50283813476562,71.8689193725586,1344906811,0.014438106947855411,0.014334869992731545,73.9419174194336,77.76252517700195,78.47601547241212,76.7428465040939,78.51550770439428,-1.7726612003003765,-0.8499709741427178,-0.9226902261576587,48.189359971637714,78.47601547241212,89.30220711863356,67.64982382619067,0.27591083928126664,7.656891959054129,1558108488.45,0.8631663462265762,0.2900262297134938,0.058608818485227296
2022-03-09,77.71604919433594,80.16046905517578,72.57721710205078,72.94807434082031,1650128263,0.06579538386124906,0.06372135972202769,74.35427856445312,78.0350112915039,77.95562934875488,76.89256999490037,78.45628855550108,-1.5637185606007051,-0.9927204914343154,-0.5709980691663897,54.04560740081147,77.95562934875488,87.78376121818518,68.12749747932459,0.25214681611924594,7.6173520769391745,1550699440.7,1.0641186935974627,0.6776554593298101,0.05901094753911986
2022-03-10,74.00409698486328,78.89118194580078,71.97984313964844,77.67362976074219,1200529915,-0.04776300710025272,-0.04894133305013687,73.80961303710937,77.00149765014649,77.46398544311523,76.44818953181775,78.1264965873057,-1.6783070554879487,-1.129837804245042,-0.5484692512429066,47.50696920025615,77.46398544311523,87.03370679207546,67.894264094155,0.24707536784271553,7.076405116489956,1546574762.55,0.7762508118395521,0.29288881634394814,0.0589766222152056
2022-03-11,71.2354736328125,76.78015899658203,70.99771118164062,74.00333404541016,1603071548,-0.037411757792505385,-0.03812953680699306,73.5509033203125,75.45145187377929,76.77079315185547,75.64623323966309,77.61605044252842,-1.969817202865329,-1.2978336839690996,-0.6719835188962293,40.20663342723025,76.77079315185547,86.0147233322883,67.52686297142264,0.24081893128674575,6.852806091308594,1584215713.3,1.0119023151592925,0.041117958755517915,0.059224135591819306
2022-03-12,71.002197265625,73.5116958618164,70.99976348876953,71.23540496826172,635273265,-0.0032747219228153046,-0.0032800955593016976,73.37523498535157,74.22250518798828,76.45406379699708,74.93176616673415,77.12613539238743,-2.1943692256532756,-1.477140792305935,-0.7172284333473407,38.71261790008682,76.45406379699708,86.04395614447036,66.8641714495238,0.2508667785910407,6.577323368617466,1566755516.8,0.4054705780117538,0.0009688862932355984,0.05582436681352984
2022-03-13,68.07599639892578,71.92495727539062,67.58920288085938,70.9842300415039,660710560,-0.0412128212842775,-0.04208614873104708,72.4067626953125,73.17434005737304,76.3584171295166,73.8770323563021,76.45575472620509,-2.578722369902991,-1.6974571078253464,-0.8812652620776444,42.18128749607075,76.3584171295166,86.2531233881139,66.46371087091929,0.2591647818423014,6.278891972133091,1518448139.35,0.43512224282011336,0.11227423711030855,0.05233405720791457
2022-03-14,68.89183807373047,71.4081802368164,65.81455993652344,68.07355499267578,1321137130,0.011984278129751447,0.01191303529968789,70.64192047119141,72.49809951782227,76.07429122924805,73.11007938975261,75.89546460379955,-2.78538521404694,-1.9150427290696654,-0.8703424849772745,28.358844200899497,76.07429122924805,86.496960199024,65.65162225947209,0.2740129103107249,5.73076902117048,1517304916.3,0.8707130094995265,0.5501406900186718,0.050123491487678966
2022-03-15,69.88738250732422,72.09981536865234,66.21990203857422,68.96440887451172,1034368302,0.014450832804435931,0.014347414648411161,69.81857757568359,71.81409530639648,75.8837287902832,72.61427986937902,75.45042148554212,-2.836141616163104,-2.0992625064883534,-0.7368791096747507,25.43134186519825,75.8837287902832,86.62381536899726,65.14364221156914,0.28306691697757763,5.671575273786273,1484053493.05,0.6969885565743219,0.6237303607439342,0.05021913103735729
2022-03-16,74.18374633789062,74.55248260498047,68.17473602294922,69.87517547607422,1185387027,0.06147552929337641,0.05965994894526331,70.40823211669922,71.97956771850586,75.7667179107666,72.85573624915003,75.35659369682719,-2.500857447677163,-2.1795814947261154,-0.3212759529510474,37.04082197580317,75.7667179107666,86.52840572644315,65.00503009509005,0.2840742772664644,5.6207684108189175,1388457536.15,0.8537438100461564,0.942183924718714,0.05143630229233228
2022-03-17,79.53851318359375,81.48091125488281,73.29824829101562,74.16508483886719,1764529990,0.0721824807999496,0.06969627278886108,72.11549530029296,72.74536514282227,75.70201263427734,73.883855777526,75.66636551066175,-1.782509733135754,-2.100167142408043,0.317657409272289,51.371396728804285,75.70201263427734,86.35041745903854,65.05360780951614,0.281324219904285,5.7128126961844305,1382474237.2,1.276356508150053,0.7626203000792697,0.052468366307608226
2022-03-18,85.76238250732422,86.72459411621094,76.74211120605469,79.54116821289062,1877327168,0.07824975693679748,0.07533913112199916,75.65277252197265,74.02976760864257,75.89614639282226,75.71132142826418,76.41421862152562,-0.7028971932614354,-1.8207131525787215,1.117815959317286,62.93195704177484,75.89614639282226,87.1434980535692,64.64879473207532,0.29638795104386595,5.9349485124860495,1405383832.95,1.335810989129822,0.9036099909628837,0.05524354778677875
2022-03-19,89.69412231445312,92.08910369873047,85.71045684814453,85.74703979492188,1841027125,0.045844573018865686,0.04482476284171518,79.81322937011718,75.22757492065429,76.6312931060791,77.86252156460094,77.39791519137209,0.4646063732288468,-1.3636492474172077,1.8282556206460545,65.45841682227521,76.6312931060791,89.44284417029732,63.819742041860884,0.3343686513676196,6.040406363351004,1418578864.95,1.2977968095308468,0.6245314332925239,0.05190637847299367
2022-03-20,84.72430419921875,89.90343475341797,84.63639831542969,89.67147827148438,1451610365,-0.05540851492822452,-0.05700273588239312,82.78061370849609,76.29959564208984,76.65054664611816,78.9181804314652,77.94061067343482,0.9775697580303842,-0.8954054463276893,1.8729752043580734,64.27618085770334,76.65054664611816,89.51193164327863,63.789161648957695,0.3355849517039762,6.097522735595703,1395827567.5,1.0399639603048605,0.016689818773256777,0.04633393299614645
2022-03-21,86.44969940185547,92.30826568603516,83.44412994384766,84.70832824707031,2083892142,0.020364819976327775,0.020160229992171857,85.23380432128906,77.82101821899414,76.63623504638672,80.07687565767908,78.57091354220671,1.5059621154723715,-0.415131933967677,1.9210940494400486,66.63567673763859,76.63623504638672,89.4509192792604,63.82155081351303,0.33442885666596645,6.3236879621233255,1386042354.0,1.5034837398626852,0.3390707838907019,0.04611982784421436
2022-03-22,83.9814453125,89.70365905761719,83.87718963623047,86.41817474365234,1746085611,-0.028551332236355864,-0.02896684968348236,86.12239074707031,79.11894302368164,76.67072410583496,80.67757868149769,78.97169367333956,1.705885008158134,0.009071454457485298,1.6968135537006488,62.232695218432156,76.67072410583496,89.56429830869621,63.77714990297372,0.33633630967312045,6.3912457057407925,1392837844.8,1.2536172947330588,0.017893456319862312,0.045668797158784136
2022-03-23,86.25101470947266,86.89187622070312,82.52220153808594,83.998291015625,1478084261,0.0270246527495146,0.026665935282963862,86.2201171875,80.93644485473632,77.05539245605469,81.53503037810923,79.51090263897905,2.0241277391301793,0.4120827113920242,1.612045027738155,59.9961612853475,77.05539245605469,90.6272077345518,63.483577177557585,0.3522612719476375,6.161704472133091,1390027523.25,1.0633489166776469,0.8533388486989111,0.04385473278384844
2022-03-24,87.55538940429688,88.10556030273438,83.86492919921875,86.23018646240234,1626542540,0.015123006949168794,0.015009794263424973,85.79237060546875,82.80279998779297,77.65044975280762,82.46123945906119,80.10679054752111,2.354448911540075,0.8005559514216345,1.5538929601184406,66.81984683119899,77.65044975280762,91.98573680760455,63.31516269801068,0.36922611782499337,5.970939636230469,1377784066.85,1.1805496805596916,0.8702620214514745,0.04272715775695161
2022-03-25,83.66136932373047,87.62972259521484,82.8082504272461,87.5485610961914,1128008708,-0.044474933034508335,-0.04549428124980612,85.5797836303711,84.1801986694336,77.99714698791504,82.64587482285647,80.37009267909218,2.275782143764289,1.0956011898901656,1.1801809538741233,65.00384610778498,77.99714698791504,92.57183564736769,63.422458328462405,0.3737236353455559,5.902298518589565,1384520224.75,0.8147289493034905,0.17694157821393622,0.044279262100288624
2022-03-26,85.95565032958984,86.6893081665039,82.61127471923828,83.6706314086914,666311785,0.02742342163898348,0.027054135792334667,85.48097381591796,85.35738906860351,78.6684783935547,83.1550710546616,80.78383769024016,2.3712333644214425,1.350727624796421,1.0205057396250214,67.19972339740298,78.6684783935547,93.41850804578439,63.918448741324994,0.37499211764182716,6.014162881033761,1372158738.05,0.4855938066953594,0.8200951869075666,0.042183210485012446
2022-03-27,89.82484436035156,89.82484436035156,84.56608581542969,85.95684814453125,759068100,0.04501384162560118,0.044030130903790446,86.64965362548828,86.38602218627929,79.56569366455078,84.18119002476774,81.4535418880262,2.72764813674155,1.6261117271854473,1.1015364095561027,74.4847590016328,79.56569366455078,94.75373955069706,64.3776477784045,0.38177373153256566,6.0800917489188055,1352900030.8,0.5610673979740736,0.9999999980984106,0.04267324681090392
2022-03-28,89.60455322265625,96.07585144042969,88.66339111328125,89.84290313720703,1758254790,-0.0024524522058905207,-0.002455464392638777,87.320361328125,86.7702392578125,80.40000343322754,85.01555359367367,82.0573205054062,2.9582330882674768,1.8925359994018536,1.0656970888656232,73.6352184174626,80.40000343322754,95.88095727790959,64.91904958854549,0.38509833790091885,6.210008893694196,1373567429.75,1.2800644161459305,0.12697027256365243,0.042790757431543695
2022-03-29,92.84088897705078,95.87626647949219,89.51457214355469,89.52398681640625,1642341694,0.03611798327204019,0.03548102082028182,88.37746124267578,87.08491592407226,81.15624542236328,86.21945134496247,82.85610335515766,3.363347989804808,2.1866983974824445,1.1766495923223634,74.91789728256819,81.15624542236328,97.53671299846707,64.7757778462595,0.40367731382482136,6.244421822684152,1373178101.3,1.1960150634831568,0.5228664963478227,0.0412867245204471
2022-03-30,95.77998352050781,100.07888793945312,90.0029525756836,92.81395721435547,1755845999,0.031657328746427016,0.031166566131616086,90.80118408203126,88.19048385620117,82.2450397491455,87.69030244889252,83.81342781185027,3.876874637042249,2.524733645394406,1.3521409916478433,74.15632227067528,82.2450397491455,99.49557559147999,64.99450390681102,0.4194912153960923,6.508578164236886,1400943905.5,1.2533306951882093,0.5733493448026116,0.03923372759166535
2022-03-31,96.9246597290039,101.68537902832031,94.2611083984375,95.6927490234375,2201715680,0.011951100495345202,0.011880250029209782,92.99498596191407,89.23797988891602,83.52949905395508,89.1109727996789,84.78463017608387,4.326342623595039,2.885055441034533,1.4412871825605063,71.46919529509302,83.52949905395508,101.15002339106849,65.90897471684167,0.4218994376042313,6.454407283238003,1430876112.1,1.5387185944202333,0.3587626933018768,0.03735647106169075
2022-04-01,96.69318389892578,99.65304565429688,90.77760314941406,97.12114715576172,1744656244,-0.00238820369063264,-0.0023910599976013883,94.3686538696289,90.5091537475586,84.81404838562011,90.27746681494766,85.66674526666475,4.6107215482829105,3.230188662484209,1.3805328857987016,65.84242081122741,84.81404838562011,102.33481284255141,67.29328392868881,0.41315713116936603,6.375332968575614,1486345261.05,1.173789354142066,0.6665110770073897,0.03733269712386314
2022-04-02,95.9732666015625,103.52545166015625,95.93728637695312,96.72045135498047,1575851403,-0.007445377929801267,-0.007473233103717856,95.64239654541015,91.48137893676758,86.20891189575195,91.15374370519609,86.43019129147198,4.723552413724107,3.528861412732189,1.1946910009919183,60.034846774173886,86.20891189575195,102.519028366544,69.8987954249599,0.3783858562213393,6.461727142333984,1532102303.2,1.028554946826086,0.004741623728413405,0.035307273439265895
2022-04-03,98.0777816772461,100.01913452148438,94.85418701171875,95.99992370605469,1288604372,0.021928138430679756,0.02169117466223762,96.68977508544921,92.5336181640625,87.66820907592773,92.2189803162807,87.29297576449228,4.926004551788424,3.8082900405434357,1.117714511244988,73.49194644438532,87.66820907592773,102.62071339398801,72.71570475786746,0.3411157699163263,6.454435076032366,1530475665.3,0.8419633197809853,0.6241292197434803,0.03528948831256771
2022-04-04,95.52021789550781,98.05685424804688,91.22624969482422,98.05685424804688,1197451977,-0.02607689262543378,-0.026422923656589017,96.63782196044922,93.71950302124023,88.94985084533691,92.72686302077719,87.90240110753047,4.824461913246722,4.011524415084094,0.8129374981626283,65.50327137280819,88.94985084533691,101.72018420537411,76.17951748529971,0.2871355767024688,6.310677664620536,1538629849.05,0.7782586420894836,0.6286366251975966,0.03666522526811911
2022-04-05,91.0210952758789,97.57859802246094,90.96595764160156,95.60272216796875,1070364448,-0.04710126001335779,-0.048246634922244534,95.45710906982421,94.22604751586914,89.79171829223633,92.46443721386977,88.13341549037109,4.331021723498679,4.075423876767011,0.25559784673166863,61.25104346700035,89.79171829223633,100.52007827191068,79.06335831256197,0.23896101296909827,6.366832733154297,1532878720.1,0.6982707985731402,0.00833821756791134,0.03766109805867669
2022-04-06,82.9559097290039,91.05126953125,82.89397430419922,91.02946472167969,1473087038,-0.0886078718612422,-0.09278203729876419,92.70965423583985,93.53915405273438,89.96258811950683,91.00158683158271,87.74989654508464,3.251690286498075,3.9106771587132236,-0.6589868722151486,45.55676813666064,89.96258811950683,100.09570470830003,79.82947153071363,0.22527401224456345,6.637377057756696,1518306572.5,0.9702171252374,0.00759264229194184,0.040922389250729274
2022-04-07,87.91970825195312,88.46659088134766,81.84669494628906,82.98177337646484,1374726630,0.05983658716015161,0.058114733183169606,91.09894256591797,93.37066955566407,90.07045440673828,90.52745166548584,87.76247519003785,2.7649764754479946,3.6815370220601777,-0.9165605466121831,50.4471325164744,90.07045440673828,100.06022996198617,80.08067885149039,0.2218213646427555,6.807324545724051,1493176545.6,0.9206725313566967,0.9173880308794354,0.03931370919404247
2022-04-08,83.76922607421875,90.25079345703125,82.90959167480469,87.91751098632812,1367418313,-0.047207642748770984,-0.04835828233003049,88.2372314453125,92.46350326538087,89.77420959472656,89.48772465144475,87.46667895923643,2.021045692208318,3.349438756089806,-1.3283930638814878,50.13154566952623,89.77420959472656,100.15473597010413,79.39368321934899,0.231258541227799,6.987305232456753,1469496105.0,0.9305355137365268,0.11709723063658467,0.03935655942689124
2022-04-09,84.5946273803711,85.4719467163086,82.50260162353516,83.75732421875,620536895,0.009853276015956647,0.00980504902894486,86.05211334228515,91.34496765136718,89.76772575378418,88.73494045589496,87.253934397839,1.4810060580559536,2.9757522164830355,-1.4947461584270818,48.278365300170435,89.76772575378418,100.16168648814072,79.37376501942764,0.23157455860840678,6.908113207135882,1427942431.5,0.4345671655321211,0.7045411309321833,0.03741062200587627
2022-04-10,81.81646728515625,85.60157012939453,81.81646728515625,84.59681701660156,488065132,-0.03284085740721021,-0.03339222355066473,84.21118774414063,89.83414840698242,89.53606414794922,87.67055996808901,86.8511590561588,0.8194009119302024,2.544481955572469,-1.7250810436422666,39.58219777104921,89.53606414794922,100.43563791238572,78.63649038351272,0.24346778849751674,6.802852085658482,1348151081.0,0.36202554660118247,0.0,0.03782061254792165
2022-04-11,74.17261505126953,81.72069549560547,72.96929168701172,81.72069549560547,1152269023,-0.09342681843308487,-0.09808352224215977,82.45452880859375,87.5820915222168,89.04562263488769,85.59395305780907,85.91200764838923,-0.31805459058016083,1.971974646341943,-2.290029236922104,33.17479375408736,89.04562263488769,101.73357368970488,76.3576715800705,0.28497641275060515,6.905331747872489,1318460251.6,0.8739505203904928,0.13750061009653794,0.04268188687829933
2022-04-12,76.36006164550781,79.34767150878906,74.1196517944336,74.20098114013672,889066929,0.029491296656134924,0.02906479349769921,80.1425994873047,85.62077102661132,88.55107498168945,84.1733543789935,85.20445609262023,-1.0311017136267395,1.3713593743482064,-2.402461087974946,31.610608253069287,88.55107498168945,102.41429068586694,74.68785927751196,0.3131123073784055,6.824354989188058,1289009385.0,0.6897288253646036,0.4285389055892335,0.042783663721019674
2022-04-13,80.0019760131836,80.61235809326172,76.06209564208984,76.34928131103516,734210623,0.04769396840697859,0.04659152837536635,79.38914947509765,83.81319046020508,88.17340431213378,83.53160386117658,84.81908719784715,-1.2874833366705758,0.83959083214445,-2.127074168815026,32.666677506689666,88.17340431213378,102.55277229179612,73.79403633247145,0.32616111608347076,6.429664066859654,1244392789.15,0.590015169970177,0.8658578279194631,0.04419388060153673
2022-04-14,76.81785583496094,81.74100494384766,76.45448303222656,80.02734375,711767575,-0.039800519148401325,-0.040614223552389,77.83379516601562,81.9429542541504,87.83122863769532,82.4987195494511,84.2264033931889,-1.7276838437378075,0.32613589696799833,-2.053819740705806,28.858512968603023,87.83122863769532,102.96841115545848,72.69404611993215,0.3446879373668833,6.27696772984096,1223580732.5,0.5817087145085459,0.0687357033833973,0.04397790470241986
2022-04-15,77.43753814697266,78.46714782714844,75.05558776855469,76.8251953125,501963226,0.008066904566342847,0.008034541024269506,76.9580093383789,80.58459854125977,87.40532302856445,81.7200762567621,83.72352448606178,-2.0034482292996785,-0.13978092828553718,-1.8636673010141414,29.91741865995813,87.40532302856445,103.22849720946411,71.5821488476648,0.36206431445207454,5.886690412248884,1215363304.55,0.41301495949464817,0.6981997474837992,0.04347586910200904
2022-04-16,77.89026641845703,78.195556640625,76.64862823486328,77.43280792236328,290431497,0.005846367050371892,0.005829343365442808,77.7015396118164,80.07803421020508,86.80859413146973,81.1308747431767,83.29143129586883,-2.160556552692128,-0.5439360531668556,-1.6166204995252726,31.034725015015056,86.80859413146973,103.13958827912904,70.47759998381042,0.37625293465590226,5.455173492431641,1191931474.4,0.24366459250201336,0.8026474728517793,0.04199516901135682
2022-04-17,75.70925903320312,78.65758514404297,75.26419067382812,77.86265563964844,322395973,-0.028001026129974682,-0.028400530211529582,77.57137908935547,78.85698928833008,86.11382942199707,80.2967800185654,82.72978890604175,-2.4330088874763476,-0.9217506200287541,-1.5112582674475936,26.577691484352542,86.11382942199707,103.11262442043675,69.11503442355739,0.3947982597577405,5.328633989606585,1120138533.55,0.287817946926838,0.13115727097747318,0.042261455827062984
2022-04-18,77.7936782836914,77.88796997070312,72.0877456665039,75.70147705078125,681155455,0.027531893418401232,0.027159706729788815,77.12971954345703,78.25943450927734,85.3614688873291,79.9116874439694,82.36415108216396,-2.4524636381945584,-1.2278932236619151,-1.2245704145326433,31.252597134651438,85.3614688873291,102.43842200130015,68.28451577335804,0.4001091672054376,5.253540584019253,1072079221.6,0.6353592544993318,0.9837434395802782,0.04183627988203617
2022-04-19,80.28591918945312,80.95672607421875,76.90033721923828,77.79027557373047,591702355,0.032036547965674345,0.031534081127706344,77.82333221435547,77.82856369018555,84.58676567077637,79.9692615586592,82.21020797900019,-2.2409464203409897,-1.4305038629977302,-0.8104425573432594,38.14328258298761,84.58676567077637,101.0690912122944,68.10444012925835,0.38971405067477244,5.070951189313616,1013872039.4,0.5836065420545219,0.8346295394515005,0.04185525799357579
2022-04-20,78.27433013916016,81.23233032226562,77.62374877929688,80.29051971435547,622981657,-0.02505531568426289,-0.025374543628867548,77.99069061279297,77.47434997558594,83.65424919128418,79.70850287873628,81.91866147234536,-2.21015859360908,-1.5864348091200005,-0.6237237844890795,44.03116202971463,83.65424919128418,99.28586348194538,68.02263490062298,0.37371955260557976,4.7460430690220425,934935338.25,0.6663366240558295,0.1802872819454651,0.04174780855883375
2022-04-21,75.08074188232422,80.00830078125,74.4122543334961,78.26864624023438,569385150,-0.04079994362338468,-0.04165561649421449,77.42878570556641,77.5651626586914,82.5736270904541,78.99653964851905,81.41214891012159,-2.4156092616025404,-1.7522696996165088,-0.6633395619860316,32.856981320054885,82.5736270904541,97.3760899872164,67.77116419369179,0.35852761755389917,4.672910962785993,876171783.55,0.6498556112969224,0.1194571120655844,0.04226998401120678
2022-04-22,74.12296295166016,77.15242004394531,73.49015808105469,75.08464813232422,532238762,-0.012756652460430007,-0.01283871721278873,77.11152648925781,77.34145278930664,81.48111190795899,78.24675861823306,80.8722092094948,-2.625450591261739,-1.9269058779455548,-0.6985447133161842,35.919479363017516,81.48111190795899,95.31301940648542,67.64920440943256,0.3395119966981046,4.410129547119141,823991151.5,0.6459277639463826,0.1727907165816419,0.04225850392371917
2022-04-23,72.92001342773438,74.36929321289062,72.63258361816406,74.12747955322266,360787956,-0.016229107364613804,-0.0163622417272376,76.13679351806641,76.63325653076171,80.2232234954834,77.42725935815633,80.28315767010513,-2.855898311948792,-2.1127043647462025,-0.7431939472025895,33.14450487826424,80.2232234954834,92.14379574922798,68.30265124173881,0.29718507270941846,4.322084154401507,777600330.7,0.46397608354309305,0.16550251624569504,0.041502148455480996
2022-04-24,71.60303497314453,73.43700408935547,71.34202575683594,72.89273071289062,320340266,-0.018060589852949005,-0.018225672992474455,74.40021667480468,76.11177444458008,79.02736434936523,76.53122483738528,79.64018561847843,-3.1089607810931454,-2.311955648015591,-0.7970051330775543,34.60455040910165,79.02736434936523,89.14959869922185,68.9051299995086,0.2561703641059853,4.201360974993024,733744745.15,0.4365827055218128,0.12458802604836972,0.04141674963421489
2022-04-25,72.86742401123047,72.90454864501953,67.56388854980469,71.6065673828125,735322462,0.01765831627891412,0.017504219625726444,73.31883544921875,75.65476303100586,78.11968078613282,75.967563171823,79.13849957349709,-3.1709364016740835,-2.48375179874729,-0.6871846029267936,47.564108843785384,78.11968078613282,86.87724267372467,69.36211889854097,0.2242088497920852,3.9508955819266185,716992645.85,1.025564859355384,0.9930486788041777,0.041180388128589
2022-04-26,68.67205810546875,73.08719635009766,67.68937683105469,72.86402893066406,561575109,-0.05757532893045758,-0.059299287448761784,72.03709869384765,74.73294219970703,77.40548820495606,74.84517777699928,78.3632076129024,-3.5180298359031212,-2.6906074061784566,-0.8274224297246646,36.65219314861274,77.40548820495606,86.80837434183117,68.00260206808095,0.2429514070624535,3.963024139404297,671417049.4,0.8364028132765495,0.18205152453259058,0.038574284205523064
2022-04-27,69.85772705078125,71.88910675048828,68.51128387451172,68.69337463378906,475421022,0.017265667842538024,0.0171183099364084,71.18405151367188,74.14778900146484,76.50238914489746,74.07787766527342,77.73317201570823,-3.655294350434815,-2.883544795029729,-0.7717495554050862,30.745475003366863,76.50238914489746,85.08727045281806,67.91750783697687,0.2244343321529636,3.8792784554617747,626451769.0,0.7589108140901427,0.3986127223719905,0.03565845527631332
2022-04-28,67.31945037841797,70.64324951171875,66.792236328125,69.86377716064453,551311115,-0.03633494503075008,-0.037011498098893245,70.06393890380859,73.1003662109375,75.67990036010742,73.03811962114182,76.96178522776081,-3.9236656066189965,-3.0915689573475826,-0.8320966492714139,31.51821212649338,75.67990036010742,84.48259824795147,66.87720247226338,0.2326297430614522,3.7767421177455356,585646409.1,0.9413719719501649,0.13690268606973396,0.03515374202564563
2022-04-29,63.41709518432617,67.9112548828125,62.53422164916992,67.30863189697266,536189400,-0.05796772213908119,-0.059715739747677354,68.42675094604492,71.41348381042481,74.62102375030517,71.55796201547787,75.95847485417305,-4.400512838695178,-3.3533577336171017,-1.0471551050780765,25.809585377132535,74.62102375030517,83.98551679511324,65.2565307054971,0.25098806138450425,3.917133058820452,581429034.35,0.9221923370225654,0.16419343068040299,0.03636063373878964
2022-04-30,57.048004150390625,64.61852264404297,55.6873664855957,63.39876937866211,643198521,-0.10043176868040615,-0.105840373749536,65.26286697387695,69.29085121154785,73.38260059356689,69.32566080546445,74.55769924648546,-5.232038441021004,-3.7290938750978824,-1.5029445659231215,20.1363446847502,73.38260059356689,85.0165616724407,61.748639514693075,0.3170768270617465,4.444577898297991,589185703.8,1.0916736724120089,0.15234731530077775,0.041072743496576525
2022-05-01,58.85614776611328,60.9991340637207,56.97372817993164,57.034393310546875,748385992,0.03169512488037274,0.031203201786260078,63.29968490600586,67.66839179992675,72.61677722930908,67.71496649171812,73.39462135905048,-5.67965486733236,-4.119206073544778,-1.5604487937875815,25.59135659695066,72.61677722930908,85.92741397098901,59.30614048762915,0.3665994898024084,4.489721570696149,568991552.25,1.3152848913847823,0.4676347269938892,0.03825842633443681
2022-05-02,60.51710510253906,62.27577209472656,56.94355773925781,58.85282897949219,893459385,0.028220626042774866,0.02782976077921559,61.43156051635742,66.30780601501465,71.82462940216064,66.6076032010752,72.44073126597556,-5.8331280649003645,-4.461990471815896,-1.3711375930844687,24.667315363578652,71.82462940216064,86.05145294437514,57.597805859946135,0.39615445733957466,4.456292288643973,569211175.05,1.5696448421300193,0.6701807388734086,0.038189011354995646
2022-05-03,59.66010665893555,62.21135330200195,58.30585861206055,60.473602294921875,592389538,-0.014161259732292764,-0.014262487179399139,59.89969177246094,64.98181533813477,70.80753593444824,65.53875757920756,71.49401833212073,-5.955260752913176,-4.760644528035352,-1.1946162248778238,18.2329200330377,70.80753593444824,85.47456983983645,56.14050202906004,0.41427889593465195,4.4455141339983255,562120120.8,1.0538486634438937,0.34675454735486333,0.03561629680704955
2022-05-04,67.08610534667969,67.28206634521484,59.49816131591797,59.65834045410156,875723682,0.1244717635219299,0.11731338185023593,60.63349380493164,64.53012237548828,70.32094841003418,65.77681108189557,71.16750625912509,-5.390695177229517,-4.886654657874185,-0.5040405193553319,35.2314466437427,70.32094841003418,84.79283548698703,55.84906133308132,0.4115953326615784,4.743751525878906,570317926.15,1.5355008879199685,0.974824845942255,0.046590341372216536
2022-05-05,59.12744140625,69.34901428222656,57.024452209472656,67.07615661621094,1259826490,-0.11863356650832302,-0.12628181047202536,61.049381256103516,63.156124114990234,69.40544357299805,64.75383113179625,70.27564960335657,-5.521818471560323,-5.013687420611413,-0.5081310509489096,31.29462030162894,69.40544357299805,84.29241750731916,54.51846963867695,0.42898577310189057,5.224359784807477,608211089.35,2.0713638933258953,0.17063398948025207,0.05281397157877918
2022-05-06,57.034324645996094,59.30681228637695,55.41249465942383,59.12110900878906,887280183,-0.03540009021991364,-0.0360418648781777,60.68501663208008,61.99235076904297,68.362646484375,63.56621474936545,69.29481071762616,-5.728595968260713,-5.156669130141274,-0.5719268381194391,30.483043884008822,68.362646484375,83.66320248254145,53.06209048620856,0.44762913038083,5.240935189383371,638053523.65,1.3906046281576712,0.41646063258496013,0.052883049139961995
2022-05-07,55.15669250488281,57.4391975402832,53.62570571899414,57.03545379638672,555118325,-0.03292109011139299,-0.03347518407780964,59.61293411254883,60.522247314453125,67.33501815795898,62.272442096368124,68.2475427018674,-5.975100605499279,-5.320355425212875,-0.6547451802864037,30.02039601985848,67.33501815795898,83.30414904307074,51.365887272847225,0.47431875187589023,5.389276776994977,649689641.25,0.854436164215201,0.4014658621600239,0.05296237290057062
2022-05-08,51.52122497558594,55.27539825439453,50.93534851074219,55.14580154418945,837890770,-0.06591163037876213,-0.06818423107343041,57.9851577758789,58.94242477416992,66.02139549255371,60.61840869317086,67.00855620362432,-6.39014751045346,-5.5343138422609925,-0.8558336681924672,28.532288309825788,66.02139549255371,82.67573151003859,49.367059475068835,0.5045132988551644,5.549639020647321,657526407.0,1.2743074058773125,0.13499302959619508,0.053192297129969326
2022-05-09,41.972042083740234,52.924163818359375,41.972042083740234,51.524044036865234,1228351362,-0.18534463992986805,-0.20499012625605595,52.962345123291016,56.79791946411133,64.10570163726807,57.74973690710461,65.15399960215143,-7.4042626950468176,-5.908303612818158,-1.4959590822286595,21.942325838689698,64.10570163726807,82.56755373121781,45.643849543318325,0.5759815936003072,5.9504577091762,689358857.35,1.7818750697161836,0.0,0.06342948927439873
2022-05-10,44.56028366088867,50.08891296386719,40.38319778442383,41.88167190551758,1624448832,0.061665848232605125,0.05983922946021446,50.04891357421875,55.54914741516113,62.419999313354495,55.72059025384062,63.62853916205789,-7.907948908217271,-6.308232671897982,-1.5997162363192894,27.444464895836248,62.419999313354495,81.57824009491102,43.261758531797966,0.613849439035726,6.258164542061942,739432216.1,2.196886741786635,0.430373835923822,0.06666091247974404
2022-05-11,30.962865829467773,46.03785705566406,27.84941864013672,44.52186965942383,2428550936,-0.30514657255998545,-0.3640543514287482,44.834621810913085,52.759819221496585,60.21410551071167,51.911709573167876,61.208859655940095,-9.29715008277222,-6.90601615407283,-2.3911339286993893,20.472252043756086,60.21410551071167,83.04238389757691,37.385827123846425,0.7582369012458137,7.316065652029855,832390505.4,2.9175620339794426,0.17117726747565934,0.09143966322660882
2022-05-12,30.35753631591797,33.6761360168457,23.54939079284668,30.977312088012695,1839518407,-0.019550177198833563,-0.019743809768774625,39.874790573120116,49.743862342834475,58.02583417892456,48.59568291820635,58.92357644556808,-10.32789352736173,-7.590391628730612,-2.737501898631119,21.091251733896442,58.02583417892456,83.4798450400194,32.571823317829725,0.877333733199132,7.764332226344517,897754487.65,2.0490216783156394,0.6722935519513185,0.09135042127949539
2022-05-13,32.13642883300781,37.71527862548828,29.76949119567871,30.33861541748047,1219234571,0.05859805283859876,0.05694544106597833,35.99783134460449,46.9914945602417,55.986654949188235,46.06348998202196,56.93934328908214,-10.875853307060176,-8.247483964396526,-2.6283693426636496,24.69411971290924,55.986654949188235,82.90882883656113,29.064481061815343,0.9617353961156146,7.947814668927874,940676818.4,1.2961248190146748,0.2978858489808567,0.09383640246174862
2022-05-14,34.08252716064453,34.126434326171875,29.502117156982422,32.13612747192383,754019978,0.060557392289894096,0.05879461170055206,34.41992835998535,43.69113674163818,54.11062955856323,44.220264932579276,55.24624579808676,-11.025980865507485,-8.803183344618718,-2.2227975208887667,29.989003072917157,54.11062955856323,81.67241254344844,26.548846573678013,1.018719730660515,7.640183312552316,962360804.0,0.7835106904457843,0.9905051548529291,0.09621718727041811
2022-05-15,36.542335510253906,36.79307174682617,32.02141571044922,34.067317962646484,745037121,0.07217212321185329,0.06968661245742427,32.8163387298584,41.43262615203857,52.29437513351441,43.03904502145229,53.86077096195099,-10.821725940498702,-9.206891863794715,-1.6148340767039873,30.775160331012245,52.29437513351441,79.43610238375685,25.152647883271964,1.0380362010616264,7.693486894880023,962846536.95,0.7737859486518455,0.9474529923918875,0.09842867210885403
2022-05-16,32.571998596191406,36.543739318847656,31.747514724731445,36.543739318847656,867980588,-0.10865033278862024,-0.11501848493781153,33.13816528320312,38.98639354705811,50.489372158050536,41.42873018679677,52.28382486078362,-10.855094673986848,-9.536532425833142,-1.3185622481537056,26.844853060358545,50.489372158050536,77.8458161137164,23.13292820238468,1.0836515799812287,7.6552019119262695,978166810.9,0.8873543636196173,0.17190268169517608,0.09986832514723601
2022-05-17,34.396461486816406,35.692283630371094,32.38758850097656,32.5647087097168,676043628,0.05601323128014424,0.05450071482692339,33.94595031738281,36.910370445251466,48.71630887985229,40.346842694492096,50.95883498123049,-10.611992286738392,-9.751624398014194,-0.8603678887241983,29.397017300473564,48.71630887985229,75.37498933787558,22.057628421829,1.0944458260896106,7.612287657601493,988197941.2,0.6841176244296349,0.6078845100997422,0.10122645938156732
2022-05-18,29.60548210144043,35.01248550415039,29.60548210144043,34.40665054321289,641522267,-0.13928698413388485,-0.1499941450219558,33.43976097106933,34.71879615783691,46.83061046600342,38.694325680176455,49.37710513828308,-10.682779458106623,-9.93785541003268,-0.7449240480739423,18.061167062473146,46.83061046600342,73.2832874343207,20.377933497686147,1.1297173667005918,7.4425089699881415,992708498.8,0.6462342850650329,0.0,0.10417493042993174
2022-05-19,30.37901496887207,31.652347564697266,27.724430084228516,29.603891372680664,845803420,0.02612802807200376,0.025792522659650114,32.699058532714844,33.559493446350096,45.17870645523071,37.41504710920655,47.969839199808185,-10.554792090601637,-10.061242746146473,-0.49354934445516463,22.08375650021182,45.17870645523071,71.39542408721475,18.961988823246674,1.1605784976585454,6.842748641967773,1008189199.8,0.838933228175611,0.675825011875889,0.1048727107332164
2022-05-20,28.953659057617188,31.78260612487793,27.95755386352539,30.372941970825195,901703535,-0.04691909572168085,-0.04805548462032002,31.1813232421875,31.99883098602295,43.77398920059204,36.11329510126972,46.56123326334959,-10.447938162079872,-10.138581829333154,-0.30935633274671837,22.373915361818277,43.77398920059204,70.32150239603685,17.22647600514723,1.2129355208542774,6.837801115853446,1021114450.5,0.8830582453891147,0.2604160998143887,0.10366482497518871
2022-05-21,29.86665153503418,30.461416244506836,28.451650619506836,28.945924758911133,485604462,0.03153288762571105,0.03104593632261507,30.640253829956055,31.88920955657959,42.324514389038086,35.152273014156556,45.32459757977067,-10.172324565614112,-10.145330376589346,-0.026994189024765802,24.637981105051892,42.324514389038086,68.568642191203,16.08038658687318,1.2401384011608203,6.708963530404227,1007975374.0,0.4817622280522103,0.7040626483432452,0.10365994544707574
2022-05-22,31.807361602783203,32.37946701049805,29.155628204345703,29.865570068359375,686538817,0.06497916465367837,0.06295523526455034,30.122433853149413,32.03419208526611,40.889027214050294,34.63767125856066,44.32332084073455,-9.685649582173895,-10.053394217706256,0.36774463553236103,29.534369138705713,40.889027214050294,66.06215547971073,15.715898948389867,1.2312901519462138,6.629234177725656,997629345.6,0.6881702307855608,0.8225390752017645,0.10501924136591224
2022-05-23,29.02623176574707,32.826908111572266,28.822452545166016,31.800968170166016,797628131,-0.08743667179212933,-0.09149779515786423,30.006583786010744,31.72317237854004,39.357333469390866,33.77437287505088,43.19020313147622,-9.415830256425338,-9.925881425450072,0.5100511690247345,34.36318383409008,39.357333469390866,63.425049843692264,15.289617095089465,1.2230359250846825,6.1329723085675925,1007891275.25,0.7913831090582208,0.05088812116725587,0.10586693470630143
2022-05-24,29.02564811706543,29.570703506469727,27.14426040649414,29.03114128112793,690433536,-2.0107628380783282e-05,-2.0107830541852824e-05,29.735910415649414,31.21748447418213,37.45431060791016,33.04379983536081,42.14097683411246,-9.09717699875165,-9.760140540110388,0.6629635413587387,29.985075965620425,37.45431060791016,58.06034001001014,16.848281205810178,1.100328857621429,5.613024302891323,998626767.95,0.6913829652467007,0.7753685643139678,0.09982791036999464
2022-05-25,27.22537612915039,29.545095443725586,27.220064163208008,29.02676010131836,588423056,-0.062023489730676507,-0.06403037264627541,29.390253829956055,30.285788536071777,35.85920734405518,32.14865772671305,41.03611752263379,-8.88745979592074,-9.58560439127246,0.6981445953517191,43.08140941848943,35.85920734405518,54.21768188332358,17.500732804786782,1.0239197070434916,4.479923793247768,965056596.25,0.609729064892654,0.002284685786400883,0.09814032017131354
2022-05-26,23.550029754638672,27.908397674560547,23.165719985961914,27.231088638305664,1007507776,-0.13499708349580897,-0.14502240037479613,28.126929473876952,29.383591651916504,34.1849925994873,30.82579188485545,39.74085176204155,-8.9150598771861,-9.451495488455189,0.5364356112690896,38.68451952419039,34.1849925994873,50.3940212735959,17.975963925378704,0.9483125454502332,4.095347540719168,971067975.9,1.0375254884357885,0.08103223391931393,0.10076831924135005
2022-05-27,22.418622970581055,23.694608688354492,21.47231674194336,23.526790618896484,964035111,-0.0480426902150628,-0.049235087859115095,26.249181747436523,28.18580780029297,32.54808912277222,29.53238128265939,38.45772370341484,-8.925342420755452,-9.34626487491524,0.420922454159788,33.49165793823843,32.54808912277222,46.25959867636141,18.836579569183023,0.842538528260079,3.686526434762137,991513815.2,0.9722861106131363,0.42582444035207806,0.10078629197439372
2022-05-28,24.839765548706055,25.580570220947266,22.249759674072266,23.052553176879883,708263415,0.10799693546308164,0.10255382249372352,25.41188850402832,27.70923614501953,31.214016151428222,28.81044040051272,37.448986062325304,-8.638545661812582,-9.204721032294708,0.5661753704821262,34.54804225162857,31.214016151428222,42.041558536787434,20.38647376606901,0.6937615674209735,3.594133104596819,985032447.45,0.7190254664539375,0.7775902683170786,0.10568739055484797
2022-05-29,26.12006950378418,26.899524688720703,23.8648738861084,24.828330993652344,700836372,0.05154251365890272,0.05025814678304411,24.83077278137207,27.28334159851074,30.42141752243042,28.396537185631406,36.609807057988924,-8.213269872357518,-9.006430800307271,0.7931609279497529,31.860790144121935,30.42141752243042,40.203445842526584,20.639389202334257,0.6431014145138796,3.4700613021850586,958656697.95,0.7310608411735657,0.743148308300569,0.10049492978711595
2022-05-30,27.632150650024414,28.286386489868164,25.40209197998047,26.11573028564453,962074891,0.05788962950581622,0.05627600805661262,24.912127685546874,27.151190757751465,29.57501087188721,28.278939257076484,35.94479547221378,-7.665856215137293,-8.738315883273277,1.0724596681359841,40.59803663679392,29.57501087188721,36.801610281882866,22.34841146189155,0.4886963146894371,3.3334948675973073,925538000.9,1.0394763802939169,0.773173008050085,0.10034071637355202
2022-05-31,26.38993263244629,29.005332946777344,25.686506271362305,27.632057189941406,968753831,-0.04495553144999331,-0.04599737565876422,25.4801082611084,26.803518867492677,29.346364212036132,27.988322853287222,35.237027854453224,-7.248705001166002,-8.440393706851822,1.19168870568582,34.41585234385158,29.346364212036132,36.67670141274516,22.016027011327107,0.4995737903165911,3.3345042637416293,852548145.65,1.136303956489639,0.2119503149035385,0.07480034443854902
2022-06-01,23.800512313842773,26.941068649291992,23.463239669799805,26.39845085144043,708368730,-0.09812152060668156,-0.10327549150627417,25.75648612976074,26.002833938598634,29.018513011932374,27.344044308757308,34.38987855514875,-7.04583424639144,-8.161481814759744,1.1156475683683045,37.64189899890269,29.018513011932374,36.73479835461822,21.302227669246527,0.5318181079446022,3.196706090654646,795990661.8,0.8899209048484845,0.09697792647711967,0.07760318680986017
2022-06-02,24.677284240722656,24.831270217895508,22.770339965820312,23.791088104248047,616496656,0.03683836361664938,0.03617604787638889,25.72398986816406,25.56793918609619,28.645555782318116,26.933773529059668,33.67042712445052,-6.736653595390852,-7.876516170885966,1.1398625754951146,37.91480548504323,28.645555782318116,36.44788956071977,20.843222003916456,0.5447500364589024,3.063349860055106,765853766.05,0.8049795970576334,0.9252832616384604,0.07675120414541364
2022-06-03,23.005441665649414,24.676198959350586,22.62563705444336,24.676198959350586,463049567,-0.06774823999126911,-0.07015237201001887,25.10106430053711,24.96591854095459,28.09170150756836,26.329414780842708,32.880428201576365,-6.551013420733657,-7.611415620855504,1.060402200121847,37.522734374406106,28.09170150756836,35.84144645654876,20.341956558587963,0.5517462120898936,2.9366780689784457,751305245.5,0.6163268122690088,0.1852197724169856,0.07587939461581861
2022-06-04,24.532329559326172,24.532394409179688,22.250558853149414,23.01201057434082,376343138,0.0663707272334888,0.06426103942447696,24.48110008239746,24.69661388397217,27.491201210021973,26.052940131378623,32.26205052437265,-6.209110392994024,-7.330954575283209,1.121844182289185,39.091418353036914,27.491201210021973,34.28627680542187,20.696125614622076,0.4943454848326335,2.956111635480608,732870546.35,0.5135192564012093,0.9999715755795548,0.07553224951763164
2022-06-05,24.164182662963867,25.093320846557617,23.991992950439453,24.537944793701172,406213321,-0.01500660161408729,-0.015120339978789166,24.035950088500975,24.758029174804687,27.070810413360597,25.762362059314814,31.66220846056459,-5.899846401249775,-7.044732940476522,1.1448865392267473,33.29546296792668,27.070810413360597,33.57654845626925,20.565072370451947,0.4806459757627199,2.80450371333531,709782183.0,0.5723070129530147,0.1563473617329183,0.07238523463587285
2022-06-06,25.98859214782715,27.658611297607422,24.101600646972656,24.17816734313965,829054125,0.07550056669864236,0.07278619664195922,24.47356605529785,25.1150260925293,26.650416946411134,25.79716668831671,31.241940585547,-5.444773897230288,-6.724741131827275,1.2799672345969872,43.07134100130255,26.650416946411134,32.17573474964841,21.12509914317386,0.41465150915632043,2.772543362208775,717432707.85,1.1555845111724927,0.5304992536957281,0.07347561230839536
2022-06-07,24.63542938232422,26.14834213256836,23.24344825744629,25.997995376586914,923434174,-0.052067567100438916,-0.05347205257987777,24.465195083618163,25.094592475891112,26.40191431045532,25.618437872010176,30.752569385308274,-5.134131513298097,-6.40661920812144,1.2724876948233428,40.56816722478688,26.40191431045532,31.813521592635247,20.990307028275396,0.40994052314130086,2.806718417576381,731528303.2,1.2623355377509335,0.47918484458492894,0.06785188426037216
2022-06-08,24.500253677368164,25.35580062866211,23.80129623413086,24.638992309570312,502590526,-0.005487044810878805,-0.00550215393623549,24.764157485961913,24.93261089324951,26.107976245880128,25.446409534372943,30.28943488842382,-4.8430253540508765,-6.093900437307328,1.2508750832564512,43.694274003990294,26.107976245880128,31.241500434741308,20.974452057018947,0.3932533215531217,2.751680782863072,714367658.5,0.7035460242633591,0.44963362033578186,0.0674080606459401
2022-06-09,24.410659790039062,25.29085350036621,23.782642364501953,24.502052307128906,649339432,-0.0036568554966377453,-0.0036635581380828034,24.73982353210449,24.610461807250978,25.88082628250122,25.28706341986004,29.853970066321246,-4.566906646461206,-5.788501679138104,1.2215950326768983,52.38764594909056,25.88082628250122,30.884574681824123,20.87707788317832,0.3866760933136112,2.5206474576677596,701749453.35,0.9253151946185267,0.41639887575372175,0.0668020211981356
2022-06-10,22.07607078552246,24.810060501098633,22.07607078552246,24.408443450927734,523963516,-0.09563809518451638,-0.1005256615182411,24.32220115661621,24.179075622558592,25.491297245025635,24.793064553038874,29.27782937885467,-4.484764825815795,-5.527754308473643,1.0429894826578483,49.10913162407136,25.491297245025635,30.400639997371005,20.581954492680264,0.38517794564600893,2.557197298322405,703667406.05,0.7446181413194078,0.0,0.06902228083739072
2022-06-11,19.798967361450195,22.94562339782715,19.79216766357422,22.073299407958984,527494613,-0.10314803962150709,-0.10886446914070667,23.08427619934082,23.778921127319336,24.890877532958985,24.024741908179077,28.57569145163952,-4.550949543460444,-5.3323933554710035,0.7814438120105596,36.79154284503379,24.890877532958985,29.47420414957767,20.3075509163403,0.36827360630815226,2.5445290974208286,695715195.85,0.7582048173542133,0.002156268686620635,0.0693008246637772
2022-06-12,17.387441635131836,20.11041831970215,17.387441635131836,19.81135368347168,749203981,-0.12180058092391965,-0.12988158234861222,21.634678649902344,23.049936866760255,24.308938026428223,23.003618789248733,27.746932205972282,-4.743313416723549,-5.214577367721513,0.47126395099796436,28.39841032646133,24.308938026428223,29.58470222672361,19.033173826132835,0.43405961992742553,2.5222666604178294,693293988.35,1.0806439888265331,0.0,0.07142525218492508
2022-06-13,16.019935607910156,17.38861846923828,14.685198783874512,17.36842155456543,1277521632,-0.07864906499289659,-0.0819142783788555,19.93861503601074,22.351386260986327,23.65865240097046,21.929205992119723,26.87826579130101,-4.949059799181288,-5.161473854013469,0.21241405483218045,21.0683416215238,23.65865240097046,29.64482588453551,17.67247891740541,0.5060451780693563,2.5093470300946916,722648393.15,1.7678329379953732,0.49372164681815844,0.07226279393665823
2022-06-14,16.54035186767578,17.175050735473633,14.752678871154785,16.034414291381836,919054943,0.03248554004852933,0.03196904095936946,18.364553451538086,21.55218849182129,23.12440118789673,21.100151511436042,26.112494389550992,-5.01234287811495,-5.131647658833765,0.11930478071881545,24.544350801746788,23.12440118789673,29.652929575126024,16.595872800667436,0.5646441033592094,2.4453145435878207,739179987.5,1.2433439196701737,0.7379845412974323,0.07292255210736717
2022-06-15,18.21199607849121,18.40481948852539,14.642707824707031,16.554590225219727,1022663545,0.10106461000278144,0.09627753903672877,17.591738510131837,20.956969833374025,22.857499504089354,20.655819906367608,25.527272292435452,-4.871452386067844,-5.0796086042805815,0.20815621821273744,34.83752719161464,22.857499504089354,29.739647698310193,15.975351309868515,0.6021785710190722,2.465620449611119,739937775.95,1.3820939790335893,0.9487459605795079,0.07278048194230737
2022-06-16,15.73227596282959,18.631591796875,15.55866813659668,18.225032806396484,619516632,-0.13615861243184801,-0.14636610623433377,16.778400230407716,19.931338214874266,22.523182153701782,19.89835160736176,24.801717008760946,-4.903365401399185,-5.044359963704302,0.1409945623051172,27.67289453331705,22.523182153701782,30.108759382268836,14.93760492513473,0.6735795303524933,2.537905693054199,722711852.0,0.857211114340491,0.05649597740160796,0.07769125036384722
2022-06-17,16.00944709777832,16.615089416503906,15.55529499053955,15.74018383026123,400140809,0.017617993455212533,0.017464595695045375,16.50280132293701,19.06873998641968,22.081666231155396,19.300058605887386,24.150437756095567,-4.85037915020818,-5.005563801005078,0.15518465079689747,31.230952280803663,22.081666231155396,30.114272461365566,14.049060000945227,0.7275362417059661,2.4670590673174178,707305721.7,0.5657253952905497,0.42852848800391724,0.07264748409037142
2022-06-18,14.841096878051758,16.270591735839844,13.850875854492188,16.00495719909668,500837078,-0.07297879886736991,-0.07577884298457588,16.267033576965332,18.10282430648804,21.517717599868774,18.61406449391267,23.460856950314547,-4.846792456401875,-4.973809532084438,0.12701707568256282,23.490098198869973,21.517717599868774,29.931234367869344,13.104200831868205,0.782008289582895,2.476907661982945,697305757.0,0.718246010408315,0.4092302848860775,0.07159782438550975
2022-06-19,16.18973731994629,16.305078506469727,13.791519165039062,14.836597442626953,510905367,0.09087201929724031,0.08697739410135491,16.196910667419434,17.28073205947876,20.945596933364868,18.241091082533227,22.922255496213197,-4.681164413679969,-4.915280508403544,0.23411609472357497,29.296843393365748,20.945596933364868,29.162321176585515,12.728872690144224,0.7845777104716438,2.5777813366481235,674747280.8,0.7571803274171861,0.9541124038078561,0.07395773742899465
2022-06-20,17.137866973876953,17.815637588500977,15.394444465637207,16.187471389770508,561797222,0.058563621829894386,0.05691291543591487,15.982084846496582,16.78691167831421,20.482993650436402,18.071364296586108,22.49378227233644,-4.4224179757503315,-4.816708001872902,0.3942900261225706,25.926519458086275,20.482993650436402,28.447019707333325,12.518967593539479,0.7776232510551254,2.4966515132359097,654399450.35,0.8584928084819257,0.7200675091035132,0.07598884566764869
2022-06-21,16.85599708557129,18.419132232666016,16.68135643005371,17.138416290283203,496486132,-0.01644719781845172,-0.016583954560063098,16.206829071044922,16.492614650726317,20.135767889022826,17.88438472566075,22.07616855479828,-4.191783829137528,-4.6917231673258275,0.49993933818829994,27.53094419258855,20.135767889022826,28.096328393325358,12.175207384720295,0.7906885447008251,2.413285936628069,643805320.45,0.7711743227797054,0.10049665454547342,0.07364647207492962
2022-06-22,16.07598876953125,17.33415412902832,16.03999137878418,16.878650665283203,417581511,-0.04627482504180813,-0.047379725599614696,16.22013740539551,16.36146936416626,19.70570311546326,17.60616996317929,21.631710792926647,-4.0255408297473565,-4.558486699810134,0.5329458700627772,26.542272697916857,19.70570311546326,27.5618747874648,11.849531443461718,0.797350048964934,2.3946901048932756,633859563.2,0.6587918448242164,0.027815195934303885,0.07294022566656617
2022-06-23,18.290050506591797,18.341928482055664,16.07476806640625,16.07476806640625,482575281,0.13772476261347277,0.1290304458302924,16.909928131103516,16.588480854034422,19.469933557510377,17.71138235447352,21.38418040134629,-3.6727980468727672,-4.38134896922266,0.7085509223498931,34.75999775457825,19.469933557510377,27.191010118458156,11.748856996562598,0.7931281879459146,2.4489007677350725,634835848.9,0.7601575774842794,0.9771176380476,0.07980510072266182
2022-06-24,20.54885482788086,20.894615173339844,18.049884796142578,18.28964614868164,671893666,0.12349907511053515,0.1164479894213104,17.78175163269043,16.98933115005493,19.27075982093811,18.147916581151573,21.322304432941444,-3.17438785178987,-4.139956745736102,0.9655688939462319,46.18290511878125,19.27075982093811,26.639458552975086,11.902061088901135,0.7647543532799075,2.4568108149937222,649613375.3,1.034297770869805,0.8784558434728712,0.08355479926621123
2022-06-25,21.366357803344727,21.471904754638672,19.929595947265625,20.53138542175293,476329358,0.039783383663535066,0.03901240652005236,18.627449798583985,17.304767322540282,19.130868577957152,18.643061384565904,21.325567645563908,-2.6825062609980037,-3.848466648788482,1.1659603877904785,54.225831151674285,19.130868577957152,26.20891064089619,12.052826515018115,0.7399603456681997,2.341728891645159,653119177.15,0.7293146100510273,0.9315656111765481,0.0841229412667613
2022-06-26,19.692432403564453,21.7543888092041,19.68642807006836,21.36043357849121,413767908,-0.07834397491547362,-0.08158319978087275,19.194736862182616,17.70078296661377,18.81606059074402,18.80450307979645,21.204594664675056,-2.4000915848786057,-3.5587916360065073,1.1587000511279015,56.47187510376067,18.81606059074402,25.12851490291977,12.503606278568272,0.6709644967109604,2.2949420383998325,632354866.3,0.6543286531833242,0.0029035045750278998,0.08362246133396074
2022-06-27,19.31756591796875,21.307104110717773,19.23042106628418,19.69881820678711,433026595,-0.01903606816636072,-0.019219586826999573,19.843052291870116,18.031594848632814,18.550167417526247,18.88343582413065,21.064814757511623,-2.181378933380973,-3.283309095481401,1.101930162100428,59.80555608174763,18.550167417526247,24.248663954707098,12.851670880345395,0.6143876126742551,2.2501751354762485,607834487.35,0.7124087296985782,0.041963481860422217,0.08308172273647756
2022-06-28,18.120983123779297,20.478727340698242,18.058534622192383,19.309024810791016,490803290,-0.06194273125665484,-0.06394427774225502,19.809238815307616,18.359583473205568,18.231203889846803,18.76613540869198,20.84675315501293,-2.08061774632095,-3.042770825649311,0.962153079328361,54.51834132329357,18.231203889846803,23.194055706756963,13.268352072936642,0.5444348981993491,2.2500194822038924,607245125.55,0.8082457468151183,0.025803110988382956,0.08391808235196638
2022-06-29,17.5980167388916,18.627670288085938,17.27487564086914,18.120019912719727,445376603,-0.028859713698504152,-0.0292843450178334,19.219071197509766,18.500411415100096,17.890571737289427,18.586424844107306,20.606106013078016,-2.0196811689707097,-2.838152894313591,0.8184717253428815,48.12153713445334,17.890571737289427,21.913837279829053,13.867306194749801,0.44976377520165095,2.077925409589495,597046984.1,0.7459657528818593,0.2388692890665925,0.08398136457765769
2022-06-30,16.929367065429688,17.757915496826172,15.865857124328613,17.64653778076172,453151312,-0.03799574028044872,-0.03873640034333251,18.331673049926756,18.479561424255373,17.63323655128479,18.331492878156904,20.33375497991888,-2.002262101761975,-2.6709747358032683,0.6687126340412934,54.1189439440934,17.63323655128479,21.156624451462424,14.109848651107153,0.399630310627338,1.9935778890337263,593506373.9,0.7635154935612395,0.5620915035915635,0.08195655871899198
2022-07-01,16.085920333862305,17.589338302612305,15.851207733154297,16.95409393310547,490786364,-0.04982151596734696,-0.05110543410528993,17.610370635986328,18.402553749084472,17.447584199905396,17.986020179034657,20.01910056169247,-2.033080382657811,-2.543395865174177,0.5103154825163658,50.25325945051782,17.447584199905396,20.880618994367985,14.014549405442809,0.39352551678543585,2.042030470711844,591670961.45,0.8294920588923892,0.1350373806674508,0.07960025541280104
2022-07-02,16.336135864257812,16.577699661254883,16.00384521484375,16.094690322875977,224974289,0.015554940295755548,0.015435202293966454,17.01408462524414,18.42856845855713,17.395018911361696,17.732191822915144,19.746288361882492,-2.0140965389673475,-2.4375359999328112,0.4234394609654637,55.27176919845509,17.395018911361696,20.86393791812291,13.92609990460048,0.3988404984711414,1.9101832253592355,565459476.85,0.3978610284387879,0.579050394576,0.07499685459986419
2022-07-03,16.660402297973633,16.754838943481445,15.8682222366333,16.3360595703125,242175995,0.01984964109078513,0.019655205734846613,16.72196846008301,18.265603637695314,17.427042245864868,17.567301126770296,19.517704209000353,-1.950403082230057,-2.3401094163922607,0.38970633416220357,51.78888018321733,17.427042245864868,20.854084647478043,13.999999844251693,0.39330166912590714,1.7939730371747697,513692195.0,0.4714418427167265,0.8934864934156355,0.07279433512068068
2022-07-04,17.939966201782227,17.99747657775879,16.342636108398438,16.659095764160156,430020105,0.0768027014548276,0.07399618868566557,16.790358352661134,18.00471477508545,17.497022962570192,17.62463421523367,19.400834726984197,-1.7762005117505275,-2.227327635463914,0.4511271237133867,52.973660752735384,17.497022962570192,20.904935376512295,14.089110548628089,0.38954197193800844,1.7392335619245256,489240453.1,0.8789545146466139,0.9652471723444956,0.07435027961214985
2022-07-05,18.064729690551758,18.52144432067871,16.733545303344727,17.931310653686523,552533388,0.0069544996554751215,0.0069304286594630725,17.01743087768555,17.674551963806152,17.48965964317322,17.692341211436453,19.301863983544756,-1.6095227721083027,-2.103766662792792,0.49424389068448926,54.53400857000339,17.48965964317322,20.891698918706375,14.087620367640065,0.38903436029540817,1.7428137915475028,465733945.25,1.186371304121728,0.7445523303360254,0.0709628934763766
2022-07-06,19.147266387939453,19.314546585083008,17.866474151611328,18.07046127319336,618966978,0.05992543015763396,0.05819855674148281,17.629700088500975,17.62003536224365,17.66040916442871,17.916175853975375,19.290412309796217,-1.3742364558208422,-1.957860621398402,0.5836241655775598,61.26482998734884,17.66040916442871,21.033742455605257,14.287075873252164,0.3820220992355099,1.7538073403494698,465706462.55,1.3290925245288931,0.8844807744959853,0.06408731707000674
2022-07-07,20.23383903503418,20.51265525817871,18.908096313476562,19.148632049560547,607400823,0.05674818666434489,0.05519644450809234,18.40924072265625,17.711662673950194,17.871628761291504,18.272739420292115,19.360295770924957,-1.0875563506328412,-1.7837997672452899,0.6962434166124487,57.772254461340644,17.871628761291504,21.337450887042465,14.405806635540543,0.38785744400170735,1.7064786638532365,476069463.25,1.2758659605122236,0.8262349710944168,0.06486771711231082
2022-07-08,19.79790687561035,20.954734802246094,19.476762771606445,20.229745864868164,593859102,-0.021544708281459934,-0.021780183819859807,19.036741638183592,17.879355049133302,18.119469261169435,18.507380567264153,19.39271140830906,-0.8853308410449081,-1.6041059820052135,0.7187751409603054,46.48491563451115,18.119469261169435,21.37538080450636,14.86355771783251,0.3593826614242439,1.6088530676705497,480720564.45,1.2353519818305332,0.2172869954054875,0.06221453731920355
2022-07-09,19.91847801208496,20.21028709411621,19.618938446044922,19.793235778808594,299142386,0.006090095141479068,0.0060716254621983904,19.43244400024414,18.111401176452638,18.305906295776367,18.72447248185197,19.43165708266283,-0.7071846008108622,-1.4247217057663433,0.7175371049554811,42.749623587042606,18.305906295776367,21.523357122590657,15.088455468962078,0.3515205174579787,1.5409273420061385,470132415.4,0.6362938955091673,0.5065363080673949,0.059703778295501546
2022-07-10,19.152053833007812,19.95090675354004,18.80195426940918,19.918760299682617,323970529,-0.03847804930738896,-0.03923788458039393,19.649908828735352,18.33366985321045,18.40661563873291,18.790254228183635,19.410945730836534,-0.6206915026528996,-1.2639156651436547,0.6432241624907551,47.02348108380698,18.40661563873291,21.59609683796406,15.21713443950176,0.34655813559984894,1.4752838952200753,458241080.75,0.7069870917503941,0.30471195753264835,0.05966892199476444
2022-07-11,17.374582290649414,19.14899444580078,17.37407684326172,19.148372650146484,338348658,-0.09280840362379283,-0.09740160930529353,19.295372009277344,18.46253604888916,18.432544898986816,18.572458545486064,19.26010399452638,-0.6876454490403141,-1.1486616219229866,0.4610161728826725,40.73000748564161,18.432544898986816,21.577063351772928,15.288026446200705,0.34119200251713006,1.4539477484566825,450334207.05,0.7513279087023331,0.00028477230950019016,0.0635773879786131
2022-07-12,16.84541130065918,18.03021240234375,16.84541130065918,17.377901077270508,393620758,-0.030456616518200974,-0.030930056995501373,18.617686462402343,18.5134635925293,18.471016025543214,18.30675896935885,19.081237869054736,-0.774478899695886,-1.0738250774775666,0.2993461777816806,43.500305076990394,18.471016025543214,21.51123825220879,15.430793798877637,0.3291884130749832,1.3657054901123047,449136169.4,0.876395144318564,0.0,0.06302298916928603
2022-07-13,18.80950355529785,18.875289916992188,16.618167877197266,16.84795570373535,636332384,0.11659509047201566,0.11028395702973326,18.420005798339844,18.728373718261718,18.496988677978514,18.384104290272543,19.06110940136904,-0.6770051110964985,-0.994461084201353,0.3174559731048545,55.38262639301118,18.496988677978514,21.539575937668726,15.454401418288302,0.3289819021528133,1.430300303867885,456824024.55,1.3929485968406037,0.9708538704407619,0.060804590978848015
2022-07-14,19.729873657226562,19.840776443481445,17.8316593170166,18.807674407958984,678776743,0.04893112139950562,0.04777166605675382,18.382284927368165,18.907364463806154,18.4560396194458,18.59114573134239,19.110647494395522,-0.5195017630531318,-0.8994692199717089,0.37996745691857714,62.17040315032372,18.4560396194458,21.402890428199008,15.509188810692594,0.3193372868194672,1.4386616434369768,457168178.4,1.4847418850882996,0.9448002337733167,0.05504885244417183
2022-07-15,19.386037826538086,20.15627670288086,19.13433074951172,19.732194900512695,538489864,-0.017427168397631254,-0.017580809128755957,18.42908172607422,19.039495277404786,18.357023620605467,18.71343682291096,19.131046778257936,-0.4176099553469754,-0.8030973670467624,0.38548741169978695,64.99264670456944,18.357023620605467,21.010622067049958,15.703425174160976,0.28910987982451236,1.3875055994306291,460276203.7,1.1699276644572707,0.24630174788943046,0.05432142668428657
2022-07-16,21.21149253845215,21.338848114013672,18.765993118286133,19.37770652770996,592225952,0.09416337305476352,0.08999002836658847,19.196463775634765,19.245917892456056,18.432976627349852,19.097753086840374,19.285153871605655,-0.18740078476528055,-0.6799580505904661,0.49255726582518555,69.37583089110035,18.432976627349852,21.32386344800754,15.542089806692164,0.3136646759881794,1.5302913529532296,469199105.9,1.2622060540034803,0.9505002865384906,0.05548892306590164
2022-07-17,20.605005264282227,22.000959396362305,20.603933334350586,21.218257904052734,502164784,-0.028592390331349082,-0.029009115388337885,19.948382568359374,19.28303451538086,18.497348594665528,19.329638037216043,19.382920641433547,-0.05328260421750386,-0.5546229613158736,0.5013403570983698,65.33284322200649,18.497348594665528,21.52525951527185,15.469437674059208,0.327388642227302,1.566749164036342,472656015.35,1.0624318059892857,0.0007672941494191622,0.05574879816808014
2022-07-18,24.08971405029297,24.08971405029297,20.607471466064453,20.607471466064453,989322171,0.16911952903265282,0.15625092622150516,21.0044246673584,19.712215232849122,18.79578514099121,20.06195742384326,19.73157200505276,0.3303854187904989,-0.3776212852945991,0.7080067040850979,70.406118748985,18.79578514099121,22.713377703504086,14.878192578478334,0.4168586236888936,1.6974540437970842,497581959.4,1.9882597274888258,0.9999999971282874,0.06447393970330186
2022-07-19,24.737207412719727,26.102115631103516,23.126981735229492,24.07726287841797,1150854169,0.026878416284849216,0.02652353667894284,22.005891418457033,20.194088172912597,19.152744674682616,20.78122665290118,20.10235981302809,0.6788668398730877,-0.1663236602610617,0.8451905001341494,71.39832483468184,19.152744674682616,23.836832449712514,14.468656899652718,0.4891296630943595,1.7822565351213728,532855837.7,2.1597852319072004,0.5412279676928318,0.06362100815411816
2022-07-20,23.59771728515625,26.110578536987305,23.500038146972656,24.73459815979004,1068333684,-0.0460638142597114,-0.04715850102872959,22.848227310180665,20.638654518127442,19.486162185668945,21.214532904017346,20.36127518133388,0.8532577226834661,0.037592616327843914,0.8156651063556222,64.22044202787436,19.486162185668945,24.445135989353986,14.527188381983905,0.5089738817151083,1.8652899605887276,563614956.3,1.895502722307726,0.03741720993210664,0.06402587708269059
2022-07-21,25.04392433166504,25.387632369995117,22.746662139892578,23.59921646118164,759273174,0.06128588748787589,0.05948127431465636,23.614713668823242,21.405588722229005,19.93406238555908,21.803670046732375,20.70813808135841,1.095531965373965,0.2491804861370682,0.8463514792368968,65.02427719492651,19.93406238555908,25.2081107511282,14.660014019989962,0.5291493789434331,1.939319338117327,577039296.8,1.3158084349031116,0.869855387572738,0.06257862998592735
2022-07-22,23.715850830078125,25.459941864013672,23.658449172973633,25.044681549072266,639197881,-0.05302976817845295,-0.05448762048067555,24.236882781982423,22.092632675170897,20.303048133850098,22.097851705708646,20.93093161830061,1.1669200874080339,0.4327284063912614,0.7341916810167725,61.59165246582289,20.303048133850098,25.549758846965062,15.056337420735131,0.5168397058929717,1.9624279567173548,597750476.4,1.0693389737631334,0.031863385886244794,0.06491163295994476
2022-07-23,23.646005630493164,24.606895446777344,22.893108367919922,23.70182228088379,467200887,-0.002945085128313374,-0.002949430425129699,24.14814109802246,22.57628288269043,20.652328300476075,22.33602923259857,21.132048211796356,1.203981020802214,0.5869789292734521,0.6170020915287618,61.06148728394618,20.652328300476075,25.80728374265558,15.497372858296568,0.4992130056406933,2.0426021303449358,609001721.0,0.76715856604287,0.439317851948107,0.06512797862822663
2022-07-24,23.86612319946289,24.43214988708496,23.31999969482422,23.648069381713867,424883178,0.009308869007705445,0.009265808510014939,23.973924255371095,22.989907836914064,20.94863615036011,22.57142830442385,21.334572284956838,1.2368560194670124,0.7169543473121642,0.5199016721548482,64.45783569499491,20.94863615036011,26.128354478646457,15.76891782207376,0.49451604305966324,2.039973395211356,608744874.65,0.6979659224963299,0.49105193123062885,0.06374224698799985
2022-07-25,20.975677490234375,23.863323211669922,20.975677490234375,23.863323211669922,586670563,-0.12111081825361425,-0.1290964623433784,23.44951629638672,23.14887180328369,21.09418354034424,22.32592817916393,21.307987485347766,1.0179406938161648,0.7771516166129644,0.24078907720320042,60.33859127219895,21.09418354034424,26.093134445491508,16.09523263519697,0.4739648629288156,2.1194354466029575,610451733.4,0.9610433239864071,0.0,0.07076853821596771
2022-07-26,20.668285369873047,20.975515365600586,19.601055145263672,20.975515365600586,443604588,-0.01465469329915281,-0.014763134065138064,22.57438850402832,23.09455108642578,21.17023448944092,22.070906208503796,21.26060214346075,0.8103040650430451,0.7837821062989806,0.02652195874406449,61.11687520764891,21.17023448944092,26.09012753788175,16.25034144100009,0.46479343919357397,2.1329941068376814,601683613.9,0.7372721771906643,0.7764722478348978,0.06995009184879222
2022-07-27,23.418182373046875,23.418182373046875,20.24528694152832,20.672237396240234,753238649,0.1330491114266399,0.1249123274671136,22.51485481262207,23.375868797302246,21.329451656341554,22.278179464587346,21.42042290120787,0.8577565633794748,0.7985769977150795,0.059179565664395306,62.81625523001234,21.329451656341554,26.327237108111074,16.331666204572034,0.46862765459641864,2.198406491960798,608975505.2,1.2368948218247644,0.9999999968483047,0.07477227500960015
2022-07-28,24.237096786499023,24.589378356933594,22.61237144470215,23.418628692626953,1016911260,0.034969170553333706,0.03437163936870214,22.63307304382324,23.39060707092285,21.551411151885986,22.579551360266066,21.629065411229437,0.9504859490366293,0.8289587879793895,0.12152716105723982,62.60524583846798,21.551411151885986,26.65596603610278,16.446856267669194,0.4737095727274534,2.196112905229841,630128113.1,1.6138166808606083,0.8218106489799487,0.07458842156373306
2022-07-29,24.522363662719727,25.279525756835938,23.537837982177734,24.240373611450195,922618022,0.011769845156520908,0.011701119265456599,22.76432113647461,23.36912269592285,21.781605434417724,22.878445560643552,21.843383800228715,1.0350617604148376,0.8701793824664793,0.16488237794835825,64.41185549708092,21.781605434417724,26.990273972573487,16.57293689626196,0.4782630512556618,2.2475230353219167,661301894.9,1.3951540576479302,0.565271048700155,0.07457257624688914
2022-07-30,24.228477478027344,25.74089813232422,24.030609130859375,24.51581382751465,753147185,-0.011984415072481935,-0.012056807140545215,23.4148811340332,23.43219871520996,22.0354266166687,23.086142778702598,22.020057405991576,1.0660853727110222,0.9093605805153879,0.1567247921956343,59.26124518587903,22.0354266166687,27.19912011401219,16.871733119325214,0.4686719787342271,2.185911178588867,682760727.7,1.1030909577021355,0.11569293016652003,0.07384126467251326
2022-07-31,23.74578285217285,25.146635055541992,23.63282012939453,24.228660583496094,565704851,-0.01992261487715208,-0.020123746023975132,24.030380630493163,23.30238456726074,22.35398664474487,23.187625866928794,22.14788892052352,1.0397369464052737,0.9354358536933652,0.10430109271190846,59.71508768683882,22.35398664474487,27.07404371019148,17.633929579298265,0.4223011439041215,2.194253240312849,694128537.35,0.8149857275133972,0.07462122355973148,0.06997150053831869
2022-08-01,23.658235549926758,24.29107093811035,23.03883171081543,23.741125106811523,482933106,-0.003686856853324705,-0.0036936700614236895,24.07839126586914,23.296623039245606,22.694627857208253,23.26002735662079,22.259766448627463,1.0002609079933258,0.9484008645533574,0.05186004343996842,48.310216416056406,22.694627857208253,26.664538183723607,18.7247175306929,0.34985463092794744,2.0347911289760043,698594154.75,0.6912927952751382,0.4946369836241195,0.06924820539772732
2022-08-02,22.86105728149414,23.874990463256836,22.302026748657227,23.653297424316406,588025228,-0.03369559267217137,-0.03427637295257775,23.803183364868165,23.218128204345703,22.897205543518066,23.19864734506284,22.30430651032129,0.894340834741552,0.9375888585909964,-0.04324802384944437,42.737646010420534,22.897205543518066,26.420769723955207,19.373641363080925,0.3077724199785263,1.934636116027832,696178796.95,0.8446468501714974,0.3553995073721187,0.06622672763830367
2022-08-03,23.071916580200195,24.08953285217285,22.328454971313477,22.863962173461914,585469835,0.0092235147355475,0.009181237885440134,23.513093948364258,23.138707542419432,23.064307689666748,23.179150304314742,22.361166515497505,0.8179837888172372,0.9136678446362445,-0.0956840558190073,47.8070301742071,23.064307689666748,26.256855481283743,19.871759898049753,0.27683881385672965,1.873960222516741,691513451.55,0.8466499584175732,0.42216282013734363,0.065648237582087
2022-08-04,23.375619888305664,23.961811065673828,22.961753845214844,23.073528289794922,454557871,0.013163332445736309,0.013077448642248173,23.342522430419923,23.378701782226564,23.263786792755127,23.209376394159502,22.43631120977959,0.773065184379913,0.8855473125849783,-0.11248212820506531,42.308999084471644,23.263786792755127,25.946484747622875,20.58108883788738,0.23063295574073966,1.7567521503993444,687316851.9,0.6613512672407676,0.4138423587026846,0.06533530240940856
2022-08-05,24.949527740478516,24.949697494506836,23.178241729736328,23.371044158935547,559959169,0.06733117066813032,0.06516129967212776,23.583271408081053,23.806826019287108,23.450688552856445,23.477091985900888,22.62247539723877,0.8546165886621182,0.8793611678004063,-0.024744579138288092,55.561283816851706,23.450688552856445,26.050943195609403,20.850433910103487,0.2217636072298807,1.7546066556658064,685703512.75,0.8166199510256191,0.9999041669395657,0.06380308061599227
2022-08-06,26.659427642822266,26.791444778442383,24.739723205566406,24.949106216430664,725161177,0.06853435945280761,0.06628795197769778,24.183509826660156,24.13095054626465,23.753409671783448,23.966682086965715,22.92150889691162,1.0451731900540935,0.9125235722511437,0.13264961780294982,61.83431726616733,23.753409671783448,26.368410190479892,21.138409153087004,0.22017895997497908,1.778744833809989,696853332.4,1.0406223853483003,0.9356554287277791,0.06440294118121596
2022-08-07,27.889965057373047,28.289148330688477,25.880268096923828,26.6581974029541,789046881,0.046157683166993646,0.04512410300689916,25.189291381835936,24.496237373352052,23.94342222213745,24.570264082412997,23.28954268657543,1.280721395837567,0.9861631369684284,0.29455825886913856,64.64053162085344,23.94342222213745,27.14728423614895,20.73956020812595,0.2676193890987975,1.871368408203125,686839567.9,1.1488081320249168,0.8342867876687894,0.053919420805989896
2022-08-08,27.94895362854004,30.497760772705078,27.60738754272461,27.89303207397461,983856352,0.002115046435004375,0.002112812873130182,26.164698791503906,24.838896369934083,24.104009532928465,25.090062474124853,23.63468423783207,1.455378236292784,1.0800061568332997,0.37537207945948436,81.95621410284538,24.104009532928465,27.76478015367201,20.44323891218492,0.30374785703121876,1.8713632311139787,678489677.05,1.4500682696864327,0.11817369504076151,0.05376481485714573
2022-08-09,27.420223236083984,28.753562927246094,27.104764938354492,27.950021743774414,758807732,-0.018917716902150605,-0.019098946178014872,26.97361946105957,25.158070945739745,24.295134830474854,25.44854874519549,23.915094533998875,1.5334542111966165,1.170695767705963,0.36275844349065345,80.32667509654958,24.295134830474854,28.233241808297116,20.357027852652593,0.32418893785124886,1.8909472056797572,663013379.45,1.1444832872444681,0.19132622549369777,0.052673234524578685
2022-08-10,29.1173095703125,30.00086212158203,26.708271026611328,27.41963768005371,942970922,0.06189177672321833,0.06005201247001891,27.807175827026366,25.69522361755371,24.498804092407227,26.012973487521183,24.30044379594803,1.7125296915731525,1.279062552479401,0.43346713909375145,78.27172184412849,24.498804092407227,28.983381672490538,20.014226512323916,0.3661058362822853,1.8994968959263392,672198266.85,1.402816651728176,0.7316543314668911,0.052705145506375735
2022-08-11,28.555143356323242,29.946826934814453,28.47416877746582,29.118932723999023,759953820,-0.01930694223763152,-0.0194957554685399,28.186318969726564,26.18491439819336,24.740768718719483,26.40407654425996,24.615606726346194,1.788469817913768,1.3809440055662745,0.4075258123474934,71.98049087012024,24.740768718719483,29.55739029397432,19.924147143464648,0.3893671720564171,1.8634719848632812,678236063.8,1.1204857136940705,0.054985318828746355,0.05113642812426862
2022-08-12,29.343828201293945,29.379236221313477,28.192955017089844,28.553951263427734,488313177,0.027619712327448642,0.02724516894956407,28.477091598510743,26.83319149017334,25.025659847259522,26.8563460299575,24.965845354120102,1.890500675837398,1.4828553396204993,0.4076453362168986,73.3465281792775,25.025659847259522,30.228202695655035,19.82311699886401,0.41577667723036893,1.8238000869750977,679291678.3,0.7188564096973128,0.9701520772688758,0.051168151584428403
2022-08-13,29.108469009399414,30.264902114868164,28.953847885131836,29.339122772216797,469245521,-0.00802073915782242,-0.008053078324901458,28.708994674682618,27.43684673309326,25.287777137756347,27.20282648833318,25.272706365622273,1.9301201227109068,1.572308296238581,0.3578118264723258,73.76462578336239,25.287777137756347,30.765316796013046,19.810237479499648,0.43321638184467903,1.795283317565918,681509795.45,0.688538189961243,0.11793648163532476,0.05136412830183831
2022-08-14,28.215635299682617,29.809404373168945,27.94024658203125,29.116405487060547,427880595,-0.030672644082672007,-0.03115289553855136,28.868077087402344,27.920848274230956,25.64977502822876,27.358643228540785,25.490701101478596,1.8679421270621894,1.6314350624033032,0.23650706465888627,70.93120922259719,25.64977502822876,30.87871562645605,20.42083443000147,0.40771824255554673,1.820664950779506,673570297.05,0.6352426715874585,0.1473330488649739,0.04227769749074919
2022-08-15,27.92951011657715,29.26229476928711,27.167736053466797,28.21977996826172,494986915,-0.010140660667976809,-0.010192427430836351,28.630517196655273,28.21884651184082,26.012836265563966,27.446468903623302,25.67135362111553,1.7751152825077732,1.6601711064241973,0.11494417608357588,69.6361291490214,26.012836265563966,30.772741783636334,21.252930747491597,0.3659659000255636,1.8808306285313197,676139413.4,0.7320781856376841,0.3636919097658675,0.04211859786239289
2022-08-16,27.162704467773438,28.311002731323242,27.03583335876465,27.91974449157715,415203519,-0.027455033962396125,-0.027838966987658323,28.352029418945314,28.26917419433594,26.200062370300294,27.402812836569478,25.7818240542013,1.6209887823681761,1.6523346416129931,-0.03134585924481703,69.83114044652166,26.200062370300294,30.822848573770834,21.577276166829755,0.35288360295743487,1.8595596040998186,659237656.9,0.6298237284448428,0.09949353454066277,0.03292488592288214
2022-08-17,25.486738204956055,28.18882179260254,25.36851692199707,27.158451080322266,503874972,-0.06170100863136785,-0.06368662664287396,27.580611419677734,28.02885150909424,26.262544441223145,27.108032124013565,25.759965843146098,1.3480662808674673,1.5914809694638883,-0.243414688596421,59.80774051569766,26.262544441223145,30.806730794012786,21.718358088433504,0.346058346552045,1.935218674795968,633585842.5,0.795274985962143,0.04191790886579765,0.03572601774923782
2022-08-18,24.25769805908203,26.254819869995117,24.233421325683594,25.502580642700195,390507879,-0.048222731994595924,-0.04942423374338943,26.61045722961426,27.659725952148438,26.24931116104126,26.669519190947174,25.64868674803024,1.0208324429169338,1.4773512641544975,-0.4565188212375637,53.33208445222274,26.24931116104126,30.816319121395317,21.6823032006872,0.3479716425574113,2.008171626499721,606980335.35,0.643361664714926,0.012009869773903155,0.03743860430265369
2022-08-19,22.487878799438477,24.315420150756836,21.813467025756836,24.251800537109375,764994457,-0.072959076963238,-0.07575756871994843,25.46490592956543,27.166491508483887,26.162281227111816,26.026189899945837,25.41455282591233,0.6116370740335064,1.3042084261302993,-0.6925713520967929,40.83665482908254,26.162281227111816,30.952326575116388,21.372235879107244,0.3661794861405799,2.060350009373256,607572698.95,1.259099459738817,0.2695541192387845,0.04080694015554185
2022-08-20,22.302879333496094,23.03116226196289,21.713211059570312,22.4794864654541,507113879,-0.008226630336828467,-0.008260655798603802,24.339579772949218,26.485048484802245,26.09013605117798,25.453372889722797,25.184058493140757,0.2693143965820397,1.0972296202206475,-0.8279152236386078,31.70615553475284,26.09013605117798,31.07301111690095,21.107260985455007,0.38197386598127714,2.0079378400530135,604643150.35,0.8386994522413016,0.4474128240720771,0.040634094132235996
2022-08-21,22.977310180664062,23.427753448486328,22.197423934936523,22.296768188476562,480536069,0.03023963126389062,0.029791426894846734,23.502500915527342,25.927265167236328,26.056089782714842,25.07244016525222,25.020595655179523,0.05184451007269786,0.8881525981910575,-0.8363080881183597,28.360323913851502,26.056089782714842,31.117612759408654,20.99456680602103,0.3885097893738099,1.9237556457519531,604523298.5,0.7949008254807569,0.6338840374059906,0.04127832617309829
2022-08-22,22.581424713134766,22.981666564941406,21.689481735229492,22.97273063659668,512194711,-0.01722940868259004,-0.017379562147284536,22.921438217163086,25.25102481842041,26.042108154296876,24.689207018772613,24.839916326139168,-0.1507093073665544,0.6803802170795351,-0.8310895244460895,27.03816008340945,26.042108154296876,31.14219020627534,20.94202610231841,0.39167966139768645,1.8095993314470564,600731772.65,0.8526179808012524,0.690259590186902,0.040745347117061397
2022-08-23,23.52440071105957,23.645212173461914,21.88386344909668,22.5841121673584,438836084,0.041758923978623574,0.04091055761790685,22.774778747558592,24.692617988586427,26.064732360839844,24.510006048355223,24.74247072502216,-0.23246467666693604,0.4978112383302409,-0.7302759149971769,33.90445777456897,26.064732360839844,31.113089073959987,21.016375647719702,0.3873706925688514,1.817638669695173,593400085.1,0.7395281784060532,0.9314096805219652,0.041762581372579835
2022-08-24,23.024131774902344,23.581979751586914,22.8640079498291,23.518827438354492,365514547,-0.02126595879324711,-0.02149533709051354,22.882029342651368,24.1734676361084,26.047157955169677,24.281410006285547,24.615186358346616,-0.3337763520610686,0.331493720251979,-0.6652700723130476,22.06338379200882,26.047157955169677,31.137206036368934,20.95710987397042,0.3908332793896246,1.633737291608538,588947918.9,0.62062286879744,0.22302243967100957,0.04197847453946776
2022-08-25,23.02031707763672,23.628393173217773,22.747699737548828,23.026565551757812,325764518,-0.00016568256744353693,-0.00016569629431633756,23.02551689147949,23.682548332214356,25.950697422027588,24.087395709570345,24.497047893108846,-0.4096521835385012,0.18326453949388294,-0.5929167230323842,23.253981289308953,25.950697422027588,31.19898899163166,20.702405852423517,0.40448173582796987,1.591454097202846,577238186.35,0.5643502555849231,0.3095485057014585,0.03888629115621912
2022-08-26,20.59803009033203,23.17032241821289,20.432886123657227,23.014171600341797,530798722,-0.10522387589777549,-0.11118173266558223,22.549660873413085,23.026080894470216,25.647627544403075,23.550570229687526,24.208231759569824,-0.6576615298822972,0.015079325618646871,-0.6727408555009441,13.500202426539389,25.647627544403075,31.3994858788246,19.89576920998155,0.4485294653053956,1.7022508893694197,567520063.6,0.935295077733354,0.06032796686446028,0.04132668683888021
2022-08-27,20.0777587890625,20.86459732055664,19.870147705078125,20.604291915893555,351975085,-0.025258303778948665,-0.025582770036402202,22.04892768859863,22.48518295288086,25.25701723098755,23.016291546514445,23.902270798791502,-0.8859792522770569,-0.16513238996049395,-0.7208468623165629,13.186610346951568,25.25701723098755,31.414464326936077,19.099570135039023,0.4875830775768743,1.6796362740652901,545666473.8,0.645037036174972,0.20876983475605954,0.039061639371716604
2022-08-28,18.430381774902344,20.401037216186523,18.274532318115234,20.071882247924805,368370708,-0.08204984587510711,-0.08561218817475139,21.030123901367187,21.90245132446289,24.781088638305665,22.310766966266428,23.496945685910823,-1.1861787196443956,-0.36934165589727436,-0.8168370637471212,12.422415479035749,24.781088638305665,31.507603409400446,18.054573867210884,0.5428748405102098,1.6980182102748327,514892191.6,0.7154326944739785,0.0732890181421978,0.04151424705819995
2022-08-29,19.349014282226562,19.42137908935547,17.56277084350586,18.42881965637207,614013678,0.04984337918464443,0.04864099036228185,20.29510040283203,21.5885648727417,24.377528190612793,21.85511270718337,23.18969150786014,-1.3345788006767698,-0.5623890848531735,-0.7721897158235963,18.575539325115912,24.377528190612793,31.399354078113515,17.35570230311207,0.5760900639798796,1.6811646052769251,507652488.9,1.2095157443834608,0.9610650512817039,0.04433928302142499
2022-08-30,19.34550666809082,20.555273056030273,18.997766494750977,19.350130081176758,576589736,-0.00018128128309691238,-0.0001812977165347928,19.560138320922853,21.292827606201172,23.88893804550171,21.469019470399896,22.904937075284636,-1.4359176048847395,-0.7370947888594868,-0.6988228160252528,19.67557567353238,23.88893804550171,30.881941929099504,16.895934161903917,0.5854595855435757,1.701331547328404,489333429.6,1.1783166673720342,0.223267227087343,0.040589920028301515
2022-08-31,19.128339767456055,20.011621475219727,19.028135299682617,19.352863311767578,397343517,-0.011225702400080806,-0.011289186144138132,19.266200256347656,20.90793056488037,23.41759786605835,21.10891490071623,22.62518912655659,-1.5162742258403625,-0.892930676255662,-0.6233435495847005,22.186644711658644,23.41759786605835,30.356907454317557,16.478288277799145,0.592657678037686,1.5701302119663783,471202914.45,0.8432535216039345,0.101887010968754,0.04063142112778799
2022-09-01,19.306751251220703,19.408260345458984,18.38875389099121,19.130840301513672,318893652,0.009327076261379963,0.009283847675242015,19.111998748779296,20.580463218688966,22.915744018554687,20.831658954639995,22.37937891356875,-1.5477199589287558,-1.023888532790281,-0.5238314261384749,26.151160504444107,22.915744018554687,29.492790094231346,16.338697942878028,0.5740198590411273,1.4985664912632533,462731938.2,0.6891541855539031,0.9004330940743241,0.039721827300677644
2022-09-02,18.860631942749023,19.620426177978516,18.726858139038086,19.30365562438965,299938092,-0.023106907146973943,-0.023378056823181295,19.198048782348632,20.11408634185791,22.403352165222167,20.52842402973369,22.118730989804327,-1.590306960070638,-1.1371722182463524,-0.4531347418242857,29.973567985038002,22.403352165222167,28.53036697103106,16.276337359413272,0.5469730387330306,1.3836818422589983,454266566.75,0.6602689124710938,0.14970746085825593,0.03962666831965275
2022-09-03,18.875083923339844,18.988975524902344,18.630990982055664,18.85841941833496,180333777,0.0007662511327664046,0.0007659577122468081,19.10326271057129,19.69918155670166,21.93632459640503,20.274064013365404,21.878460836732884,-1.6043968233674804,-1.230617139270578,-0.3737796840969023,30.71151634370223,21.93632459640503,27.604708216305557,16.2679409765045,0.516803404780897,1.315112795148577,441889225.85,0.40809724802209724,0.6818532792634816,0.03983310260826764
2022-09-04,19.005001068115234,19.105825424194336,18.77714729309082,18.875558853149414,194656841,0.006882996934108654,0.006859417248147509,19.035161590576173,19.297649955749513,21.490099143981933,20.07882356024999,21.66561196498343,-1.58678840473344,-1.3018513923631505,-0.28493701237028946,26.18830165657016,21.490099143981933,26.54375364150714,16.436444646456724,0.4703239816313671,1.250709124973842,426872722.15,0.4560067460379888,0.6932428614188024,0.040215219098323665
2022-09-05,19.426530838012695,19.43651580810547,18.496379852294922,19.007373809814453,219675345,0.022179939290014827,0.021937542125243268,19.0947998046875,19.180500030517578,21.103290462493895,19.978470833751945,21.49975410372634,-1.5212832699743934,-1.3457377678853992,-0.17554550208899422,31.14619896105779,21.103290462493895,25.465803181922738,16.740777743065053,0.4134438396876711,1.2255627768380302,417096313.45,0.5266777430444345,0.989379216989997,0.041139639171980776
2022-09-06,18.21985626220703,20.427827835083008,18.21772003173828,19.430662155151367,459611430,-0.062114774164644726,-0.06412769797924993,18.877420806884764,18.994709777832032,20.739946365356445,19.70791474582196,21.256798708058245,-1.5488839622362853,-1.3863670067555767,-0.16251695548070866,19.26836604505229,20.739946365356445,24.762485674564587,16.717407056148303,0.38790257586464194,1.2576169967651367,414883136.35,1.1078093798738222,0.0009665729680024423,0.04116403833371189
2022-09-07,19.032773971557617,19.272363662719727,17.93990135192871,18.215442657470703,298559964,0.044617130763912716,0.04365043623837217,18.911849212646484,19.054948997497558,20.478700160980225,19.604046934396678,21.092056134984123,-1.4880092005874452,-1.4066954455219505,-0.08131375506549476,27.684655331304796,20.478700160980225,24.207218305018635,16.750182016941814,0.36413621125648077,1.301509175981794,410285740.6,0.7276878878690428,0.820190261725467,0.042528795716584765
2022-09-08,19.123456954956055,19.143766403198242,18.461679458618164,19.026235580444336,314399498,0.004764569974610833,0.004753255336445959,18.961523818969727,19.03239326477051,20.310479068756102,19.530110014482734,20.94623397350056,-1.4161239590178276,-1.4085811482211261,-0.0075428107967014935,28.4225754510758,20.310479068756102,23.960070091073923,16.66088804643828,0.35938010225785755,1.287322998046875,387755992.65,0.8108178956857187,0.9702245320690953,0.04006519805413118
2022-09-09,20.400781631469727,20.57600212097168,19.12352180480957,19.125377655029297,425890549,0.06679360742789964,0.06465752102046016,19.240679931640624,19.137920761108397,20.215374183654784,19.664059494019195,20.905830096313093,-1.2417706022938972,-1.3752190390356804,0.1334484367417832,48.7492147441596,20.215374183654784,23.74346570436359,16.68728266294598,0.34905033057082435,1.195545060294015,383694826.15,1.1099720923354441,0.8793646314198703,0.04334943506675888
2022-09-10,20.497501373291016,21.060182571411133,20.100650787353516,20.397003173828125,365215814,0.004740982162766416,0.004729779101886257,19.45487403869629,19.274836921691893,20.091383743286134,19.792281321599475,20.875583524237385,-1.0833022026379098,-1.3168356717561265,0.2335334691182167,52.812747639278726,20.091383743286134,23.37672996909625,16.806037517476017,0.32704031417527113,1.1930509294782365,377928813.4,0.9663613914863259,0.413587739765578,0.04267359962573078
2022-09-11,20.658855438232422,20.89786148071289,20.07472038269043,20.492523193359375,314321780,0.007871889456324555,0.007841067778747534,19.942673873901366,19.410047340393067,19.995255279541016,19.925600416466086,20.85952959194072,-0.9339291754746348,-1.2402543724998283,0.30632519702519345,68.64703418883083,19.995255279541016,23.080228387794133,16.9102821712879,0.3085705148670581,1.0999535151890345,368035166.85,0.8540536565846927,0.709641457398885,0.042658150030030983
2022-09-12,21.348209381103516,21.881879806518555,20.116764068603516,20.659656524658203,729872503,0.033368447972937476,0.032823804154913205,20.405760955810546,19.658805084228515,19.886445713043212,20.144463334102614,20.89572809484167,-0.7512647607390548,-1.1424564501476737,0.3911916894086189,67.39600773809445,19.886445713043212,22.57540393481105,17.197487491275375,0.27043125358536957,1.093275478907994,382586987.8,1.9077295524267697,0.6976569745947752,0.04222817248166725
2022-09-13,19.06827163696289,21.70027732849121,18.82537269592285,21.348520278930664,677722677,-0.1067976102088789,-0.1129420834810647,20.394723892211914,19.67812385559082,19.68865270614624,19.978895380696503,20.760360949813613,-0.7814655691171097,-1.070258273941561,0.2887927048244512,48.27215401890525,19.68865270614624,21.95449754855568,17.4228078637368,0.23016758700833875,1.1873753411429269,398197394.3,1.7019766746374212,0.08448939051524156,0.04800736132919035
2022-09-14,19.120759963989258,19.30004119873047,18.54096794128418,18.886499404907227,416816640,0.002752652575213954,0.002748870965163599,20.13871955871582,19.689699745178224,19.49367485046387,19.84687454735693,20.638909024937732,-0.7920344775808026,-1.0146135146694093,0.2225790370886067,49.95176943313185,19.49367485046387,21.138375330961253,17.848974369966484,0.16874196303302424,1.1713458469935827,402750000.4,1.0349264794190676,0.7638156256716067,0.04803764697602967
2022-09-15,18.186092376708984,19.323589324951172,18.16227149963379,19.1214656829834,503156220,-0.04888234510765066,-0.05011750706241149,19.676437759399413,19.56565589904785,19.373077964782716,19.591369598026475,20.457218902846716,-0.8658493048202409,-0.9848606726995757,0.11901136787933475,43.49523613408351,19.373077964782716,21.030484797171408,17.715671132394025,0.17110413073251474,1.1814752306256975,401367875.3,1.2536036164426934,0.020511935966853707,0.04347800848367719
2022-09-16,18.056598663330078,18.293437957763672,17.655284881591797,18.193431854248047,443881513,-0.007120480348200009,-0.007145951953793104,19.155986404418947,19.549330139160155,19.272019958496095,19.355250992688568,20.27939518140104,-0.9241441887124715,-0.972717375902155,0.04857318718968351,45.15497483269495,19.272019958496095,20.993740393201143,17.550299523791047,0.17867565915902092,1.163231304713658,405963196.7,1.093403334608238,0.6288675718010939,0.04322792015474133
2022-09-17,18.483089447021484,18.56532859802246,18.056058883666992,18.056058883666992,250641852,0.02361966346173139,0.023345035222278678,18.582962417602538,19.494361686706544,19.27465534210205,19.22107229335517,20.146335497372924,-0.9252632040177531,-0.9632265415252746,0.037963337507521566,47.74962913194318,19.27465534210205,20.991104772727716,17.558205911476385,0.17810429293398441,1.1740373883928572,400076753.9,0.6264844171942279,0.838515511392203,0.039534905104916376
2022-09-18,16.732431411743164,18.71295928955078,16.647464752197266,18.48221778869629,458049291,-0.0947167431232897,-0.09950739322969404,18.115794372558593,19.255259132385255,19.14382619857788,18.83820446541486,19.8934537132522,-1.055249247837338,-0.9816310827876874,-0.07361816504965069,39.0004595600963,19.14382619857788,21.20139203389779,17.08626036325797,0.21495868317826225,1.298095703125,392278534.55,1.1676634091779927,0.041136230378707526,0.04316481854034483
2022-09-19,17.304716110229492,17.347843170166016,16.46198081970215,16.73036766052246,390780822,0.03420212427015756,0.0336302350004597,17.75258560180664,18.945652580261232,19.041786670684814,18.602283180001727,19.701695372287556,-1.099412192285829,-1.0051873046873159,-0.09422488759851322,39.87785090975795,19.041786670684814,21.253854107647648,16.82971923372198,0.2323382227959052,1.2942190170288086,382988088.85,1.0203471945391285,0.9513162858460984,0.04409695411386922
2022-09-20,16.66739845275879,17.349225997924805,16.625347137451172,17.305648803710938,349506007,-0.03682913105369923,-0.037524448919096655,17.4488468170166,18.562642288208007,18.918739604949952,18.304608606579738,19.476932637507648,-1.1723240309279106,-1.0386146499354347,-0.13370938099247587,42.16855274650775,18.918739604949952,21.371249275732318,16.466229934167586,0.25926776540025787,1.1880598068237305,380596213.35,0.9183118348016532,0.05809164630002679,0.04466726596157864
2022-09-21,16.61811637878418,17.768508911132812,16.292272567749023,16.670982360839844,435313782,-0.0029567946140059975,-0.0029611745670791887,17.16115036010742,18.158568382263184,18.784307861328124,18.04514826384196,19.2651684701948,-1.2200202063528423,-1.0748957612189163,-0.14512444513392597,36.80234584931121,18.784307861328124,21.4340821842848,16.134533538371446,0.28212637298304244,1.1983293805803572,386417219.85,1.1265382587478392,0.22072604450382616,0.044531345865486426
2022-09-22,17.690845489501953,17.81009864807129,16.45786476135254,16.605602264404297,285215305,0.06455178711392895,0.06255385340613454,17.002701568603516,17.79283199310303,18.72581853866577,17.990640144712728,19.14855195310644,-1.1579118083937132,-1.0914989706538758,-0.06641283773983742,42.92893870581393,18.72581853866577,21.419773111730095,16.031863965601445,0.28772622862939173,1.246197019304548,385681080.5,0.7395107497371782,0.9118102505352746,0.04705306542840935
2022-09-23,17.959775924682617,18.217548370361328,17.224315643310547,17.68873405456543,277003761,0.015201672262654231,0.015087284641520893,17.248170471191408,17.681982421875,18.68005313873291,17.985891803169636,19.06049446951949,-1.074602666349854,-1.0881197097930715,0.013517043443217469,36.6197990047679,18.68005313873291,21.39435289695275,15.965753380513066,0.2906094257935239,1.2133889879499162,390514579.7,0.709330138743601,0.7404712449932751,0.04721004757220566
2022-09-24,17.623594284057617,18.175186157226562,17.591367721557617,17.958131790161133,171338755,-0.018718587694792843,-0.018895997857570793,17.31194610595703,17.532265853881835,18.610982799530028,17.93015372330625,18.954057418744537,-1.0239036954382854,-1.0752765069221144,0.051372811483828995,34.64985068100748,18.610982799530028,21.36054199913595,15.861423599924107,0.29547705558841897,1.1865523202078683,389348675.4,0.4400650774629552,0.05519963053423991,0.0473207801169382
2022-09-25,17.33123016357422,17.860532760620117,17.191076278686523,17.623464584350586,140488260,-0.016589358321070335,-0.016728502750127203,17.444712448120118,17.446779632568358,18.506217765808106,17.83801163719363,18.833847992435626,-0.9958363552419947,-1.0593884765860904,0.06355212134409571,32.47175401214797,18.506217765808106,21.284460071674445,15.727975459941765,0.3002496070266061,1.175574847630092,385389321.15,0.36453594401833367,0.20935473264720802,0.04704234675760967
2022-09-26,17.542062759399414,17.56268310546875,17.021574020385742,17.332881927490234,188906812,0.012164895038340173,0.012091497353238423,17.629501724243163,17.39532604217529,18.472328090667723,17.792481040609907,18.738160197395906,-0.9456791567859995,-1.0366466126260723,0.09096745584007282,28.886782698968815,18.472328090667723,21.28164026484908,15.663015916486364,0.3041643869026592,1.0881458009992326,371854090.25,0.5080132690566794,0.9618924238074897,0.04515802471320342
2022-09-27,17.30769157409668,18.434349060058594,17.086374282836914,17.538110733032227,345407005,-0.01336052598359072,-0.01345058083043184,17.55287094116211,17.277786254882812,18.386073970794676,17.717898045761718,18.632199558633,-0.9143015128712833,-1.0121775926751144,0.09787607980383117,37.366842517437036,18.386073970794676,21.228667260600748,15.543480680988605,0.3092115580869938,0.9790793827601841,374196442.3,0.9230633056716263,0.16418503770083434,0.04392655609477183
2022-09-28,17.25748634338379,17.405797958374023,16.789417266845703,17.30498504638672,257684562,-0.002900746786361097,-0.0029049621060105667,17.412413024902342,17.330291748046875,18.292775440216065,17.647065476165114,18.530368950096022,-0.8833034739309085,-0.9864027689262732,0.10309929499536474,36.62557604002092,18.292775440216065,21.155879495706653,15.429671384725477,0.3130311269438259,0.9688870566231864,371360695.5,0.69389293245763,0.7593830815557744,0.04388134105337316
2022-09-29,17.3486385345459,17.368654251098633,16.9273624420166,17.26158905029297,207582338,0.0052818927014277595,0.005267992431180016,17.357421875,17.334683990478517,18.140168285369874,17.601153638992926,18.442833363758975,-0.841679724766049,-0.9574581600942285,0.11577843532817944,43.160619905322534,18.140168285369874,20.85152484911086,15.428811721628888,0.2989340033772131,0.9174566268920898,360445284.95,0.5759052668112867,0.9546428787318768,0.04068423421873172
2022-09-30,17.196197509765625,17.69614028930664,17.055105209350586,17.343780517578125,279674593,-0.008786915726944344,-0.008825748317428982,17.330415344238283,17.3875638961792,17.975103092193603,17.53885269603488,18.350489967166876,-0.8116372711319961,-0.928293982301782,0.11665671116978582,42.99945125138273,17.975103092193603,20.47598881540162,15.474217368985585,0.27826107148104495,0.9176624843052456,356168223.9,0.7852317366709367,0.22010074428953874,0.04058662099340458
2022-10-01,16.970863342285156,17.289255142211914,16.92818832397461,17.197280883789062,134160561,-0.013103720595934232,-0.013190331793989664,17.21617546081543,17.422838592529295,17.79070348739624,17.451469718534923,18.248295402360824,-0.7968256838259009,-0.9020003226066059,0.10517463878070499,37.27957022370598,17.79070348739624,19.98324808878047,15.598158886012008,0.24648205765865655,0.9070765631539481,347160162.95,0.38645148642623084,0.11819146754323132,0.040427438826501357
2022-10-02,16.53337860107422,17.120010375976562,16.530080795288086,16.971267700195312,171162154,-0.025778578990786283,-0.026116669543885588,17.061312866210937,17.307091903686523,17.549961948394774,17.31022493123328,18.121264528191446,-0.8110395969581674,-0.8838081774769182,0.07276858051875079,47.85082442622958,17.549961948394774,19.043832519975634,16.056091376813914,0.17024202969482777,0.8016790662493024,319224645.5,0.5361808883268069,0.005590168450923291,0.039314483609224946
2022-10-03,17.16819190979004,17.252548217773438,16.432865142822266,16.535253524780273,204748173,0.0383958611263262,0.037677081141492215,17.043453979492188,17.227933502197267,17.454957962036133,17.28837369716509,18.050666556458008,-0.7622928592929199,-0.8595051138401185,0.09721225454719862,48.545584736787774,17.454957962036133,18.77367368540319,16.136242238669077,0.15109927233685838,0.7969519751412528,295575920.3,0.6927092463830856,0.8970866673570267,0.03391020495575581
2022-10-04,17.440378189086914,17.52172088623047,17.086732864379883,17.166608810424805,174779832,0.015854102792365765,0.01572973923106523,17.06180191040039,17.209611892700195,17.370938873291017,17.3117590036146,18.005460010726818,-0.6937010071122174,-0.8263442924945383,0.13264328538232095,58.92935204117605,17.370938873291017,18.43166703630582,16.310210710276213,0.12212675097783518,0.7763169152396066,283474079.9,0.6165637156725454,0.8130001260092252,0.034186736255033254
2022-10-05,17.373703002929688,17.446943283081055,16.981075286865234,17.43783950805664,176999979,-0.003823035569202715,-0.0038303620485729945,17.097303009033205,17.213859176635744,17.33031940460205,17.321288849663077,17.958663195334438,-0.6373743456713612,-0.788550303129903,0.15117595745854184,58.69349486196228,17.33031940460205,18.319414546814816,16.341224262389286,0.11414621036356798,0.7041477475847516,267166267.85,0.6625087082452202,0.8427874651743362,0.03251893505652243
2022-10-06,17.037782669067383,17.62871551513672,17.025562286376953,17.373666763305664,189856862,-0.019334987699839212,-0.019524353471768053,17.11068687438965,17.16343116760254,17.279378604888915,17.277672514186815,17.89044982301836,-0.6127773088315465,-0.7533957042702318,0.14061839543868537,40.95203263677006,17.279378604888915,18.214445794158188,16.344311415619643,0.10822926109214488,0.6506419863019671,254465035.3,0.7461019616159422,0.020260825782114442,0.03273865222098436
2022-10-07,16.90461540222168,17.147111892700195,16.754295349121094,17.038976669311523,158335012,-0.007815997505794758,-0.007846702512449344,17.184934234619142,17.123123550415038,17.200454902648925,17.220279112346024,17.817425051107495,-0.5971459387614715,-0.7221457511684799,0.12499981240700841,34.809656657074456,17.200454902648925,17.95719503481254,16.44371477048531,0.08799071146043627,0.6077551160539899,249849693.3,0.6337210580838444,0.3826723994469239,0.03217439312695535
2022-10-08,16.785358428955078,16.983531951904297,16.685394287109375,16.903654098510742,92577197,-0.007054698993680053,-0.0070797010399564885,17.10836753845215,17.075910758972167,17.203101253509523,17.153368237978185,17.740975671688798,-0.5876074337106125,-0.6952380876769065,0.10763065396629401,37.128636606726026,17.203101253509523,17.953291862580123,16.452910644438923,0.08721574069879491,0.5873493467058454,231576088.6,0.3997701038983694,0.3352952353789733,0.02412249016543871
2022-10-09,16.903053283691406,16.981103897094727,16.716705322265625,16.785560607910156,89206882,0.007011757016359033,0.006987288957603279,17.000902557373045,17.031352233886718,17.183018112182616,17.11485824501099,17.678907346651954,-0.5640491016409648,-0.6690002904697182,0.10495118882875343,43.05253984248694,17.183018112182616,17.94319396662667,16.422842257738562,0.08847989910516305,0.5584166390555245,216497391.6,0.41204598974946727,0.7047993904590313,0.022851685903941526
2022-10-10,16.238502502441406,17.178991317749023,16.238502502441406,16.902746200561523,159927573,-0.03931542840790658,-0.04010915324354898,16.773862457275392,16.9355827331543,17.161573314666747,16.980034284615666,17.572210691525246,-0.5921764069095801,-0.6536355137576906,0.06145910684811051,31.56341196153636,17.161573314666747,18.0028653451994,16.320281284134094,0.09804369507470063,0.5869437626429966,207018469.9,0.7725280409871293,0.0,0.023063046375517423
2022-10-11,15.951668739318848,16.235502243041992,15.724137306213379,16.235111236572266,198036643,-0.01766380631954423,-0.017821673128068056,16.556639671325684,16.833663272857667,17.128250932693483,16.821824200723846,17.452170546917365,-0.6303463461935195,-0.6489776802448564,0.01863133405133688,31.101865420802213,17.128250932693483,18.10246957782844,16.154032287558525,0.11375576513483013,0.5274002211434501,195154612.95,1.014767931981902,0.4449492178073111,0.0233594701792551
2022-10-12,15.961630821228027,16.131351470947266,15.893782615661621,15.950661659240723,116523361,0.0006245165989828827,0.0006243216696451958,16.368042755126954,16.776488494873046,17.041790199279784,16.689486757724488,17.341760196866304,-0.6522734391418155,-0.6496368320242483,-0.0026366071175671912,31.73551230645775,17.041790199279784,18.108335535369235,15.975244863190333,0.12516822747114034,0.5003422328404018,186720015.75,0.624053937291937,0.2855938444830636,0.017423508116194072
2022-10-13,15.671713829040527,15.981417655944824,14.593812942504883,15.961603164672852,369779404,-0.01816336910899652,-0.018330348122421587,16.145313835144044,16.626840686798097,16.927387094497682,16.532906307157724,17.21805305850884,-0.685146751351116,-0.6567388158896219,-0.028407935461494116,27.618549392026665,16.927387094497682,18.067642383711572,15.787131805283792,0.13472313037427197,0.5679360117231097,191358797.9,1.9323877870158799,0.7768068732596084,0.016980579364002223
2022-10-14,15.68238353729248,16.366392135620117,15.562581062316895,15.670157432556152,207908886,0.0006808258731845207,0.000680594216389052,15.901179885864257,16.451041221618652,16.830326557159424,16.40205665025538,17.10429976064096,-0.7022431103855808,-0.6658396747888138,-0.036403435596767064,29.000859095391334,16.830326557159424,18.048848486664014,15.611804627654834,0.14480074707596743,0.5795628683907645,193187304.45,1.076203669759315,0.14904307425479066,0.016808336948197947
2022-10-15,15.440478324890137,15.740270614624023,15.422195434570312,15.681532859802246,114054506,-0.015425283524478028,-0.015545490968529582,15.741575050354005,16.257718753814697,16.73578896522522,16.254121523276112,16.981053728363122,-0.7269322050870102,-0.6780581808484532,-0.04887402423855702,28.868141734394584,16.73578896522522,18.077806778291983,15.393771152158452,0.1603769999556403,0.5764920370919364,191865616.75,0.5944499485210656,0.057479774881960856,0.01677055898905368
2022-10-16,15.755318641662598,15.862239837646484,15.44078540802002,15.44078540802002,127163510,0.020390580534343616,0.020185476092719493,15.702305030822753,16.12947235107422,16.64645175933838,16.177382618412494,16.890258536755677,-0.7128759183431832,-0.6850217283473993,-0.02785418999578393,38.87975212705724,16.64645175933838,18.00031002739243,15.292593491284329,0.16266028191798398,0.5644800322396415,188778451.65,0.6736124218020622,0.7463042361621555,0.01732163112445682
2022-10-17,16.18509864807129,16.243072509765625,15.676973342895508,15.755045890808105,171491982,0.0272784077671524,0.02691298258947431,15.746998596191407,16.05752067565918,16.59032211303711,16.17856969989846,16.838024470927206,-0.6594547710287451,-0.6799083368836685,0.020453565854923417,35.074614764034095,16.59032211303711,17.921647203169268,15.258997022904955,0.160494182217953,0.5463668959481376,180082700.5,0.9522957037175261,0.897590609449628,0.01864852814670683
2022-10-18,15.871760368347168,16.332380294799805,15.604381561279297,16.186153411865234,195129666,-0.019359676856925412,-0.019549529722136968,15.787007904052734,15.966160869598388,16.521035814285277,16.131368264275185,16.766449352217574,-0.6350810879423889,-0.6709428870954126,0.03586179915302368,26.47904798213294,16.521035814285277,17.85039948485191,15.191672143718646,0.16092982129088637,0.5672962324959892,176954955.7,1.1027081170352326,0.3672792150366383,0.01899537831513309
2022-10-19,15.107032775878906,15.895927429199219,15.098836898803711,15.871362686157227,204882796,-0.04818164933949909,-0.04938107052668482,15.67193775177002,15.786558818817138,16.408955526351928,15.973778189137295,16.643529605822117,-0.6697514166848215,-0.6707045930132944,0.0009531763284729156,21.895422672610522,16.408955526351928,17.820000336124313,14.997910716579542,0.17198471986913744,0.5909549849373954,176819978.6,1.1587084085304826,0.010282241050218216,0.021247954220641862
2022-10-20,15.187332153320312,15.444548606872559,14.940564155578613,15.101544380187988,233552043,0.005315363952186569,0.005301287264992343,15.621308517456054,15.68144178390503,16.308512258529664,15.852786491319298,16.53566312785902,-0.6828766365397225,-0.6731390017185801,-0.009737634821142427,25.50333147157417,16.308512258529664,17.768743828932347,14.84828068812698,0.1790759999752834,0.5838715008326939,174513851.1,1.338300894329413,0.4896341389338461,0.021407697583405518
2022-10-21,15.690286636352539,15.724727630615234,14.651844024658203,15.18890380859375,240934067,0.03311671055553145,0.03258016590025422,15.608302116394043,15.655303573608398,16.24448342323303,15.827786513632105,16.47304264700669,-0.6452561333745841,-0.6675624280497809,0.022306294675196847,35.35799724113315,16.24448342323303,17.694696638989043,14.79427020747702,0.17854839430374272,0.6324477195739746,179852526.4,1.3396201422500562,0.9678986576451973,0.023030738540449538
2022-10-22,15.683671951293945,15.877777099609375,15.55204963684082,15.689436912536621,131362692,-0.0004215783440990606,-0.0004216672332325342,15.508016777038574,15.62750768661499,16.20199809074402,15.805615042503158,16.414570743620562,-0.608955701117404,-0.6558410826633057,0.046885381545901605,36.34528497076156,16.20199809074402,17.666293234758307,14.737702946729733,0.1807548841584938,0.634418419429234,177862553.3,0.7385629496638964,0.4040872368989554,0.022439524684723294
2022-10-23,16.30229377746582,16.341760635375977,15.6316556930542,15.683835983276367,191269979,0.039443685642815085,0.03868565238265483,15.594123458862304,15.69056568145752,16.15870318412781,15.882027155574336,16.406253931312804,-0.5242267757384678,-0.6295182212783381,0.10529144553987035,43.37643324049672,16.15870318412781,17.552206986683935,14.765199381571685,0.1724771829369228,0.6662545885358538,177188643.6,1.0794708685269263,0.9444210777841862,0.02254076839730359
2022-10-24,15.759552001953125,16.449541091918945,15.662907600402832,16.302366256713867,160269142,-0.03329235645740303,-0.03385916270245453,15.72462730407715,15.698282527923585,16.074661874771117,15.863184824247996,16.35835008469357,-0.49516526044557274,-0.602647629111785,0.1074823686662123,44.57366719811772,16.074661874771117,17.339504119237247,14.809819630304986,0.15737093001642258,0.6552649225507464,176463109.1,0.9082302970711967,0.1228582324094079,0.02312401206231363
2022-10-25,16.668628692626953,16.96059799194336,15.629010200500488,15.758157730102539,268037581,0.05768417088005817,0.05608177363532558,16.020886611938476,15.821097564697265,16.03940815925598,15.987099265537067,16.381333685281227,-0.3942344197441603,-0.5609649872382602,0.16673056749409987,57.11912631146934,16.03940815925598,17.185532546736898,14.893283771775064,0.14291355093666777,0.7136379650660923,181014989.2,1.4807479876920602,0.7807359687434532,0.02702219135711392
2022-10-26,17.015155792236328,17.253816604614258,16.656171798706055,16.65995216369629,314000709,0.020789178642071082,0.020576032692158783,16.285860443115233,15.947081279754638,16.038276815414427,16.145261808106184,16.428283470981604,-0.2830216628754201,-0.5053763223656922,0.2223546594902721,59.80567960212783,16.038276815414427,17.180289025013252,14.896264605815603,0.1424108366182125,0.7393576758248466,187222181.55,1.6771554866010479,0.6006644481383948,0.027135127619428514
2022-10-27,16.913970947265625,17.480205535888672,16.892780303955078,17.01578140258789,368498288,-0.005946748076022468,-0.005964500396401931,16.53192024230957,16.019968509674072,16.038744592666625,16.26352475259225,16.464260321076715,-0.20073556848446472,-0.44444817158944666,0.24371260310498194,61.9833065473918,16.038744592666625,17.182257624088656,14.895231561244591,0.14259383268000658,0.6822019985743931,197730345.35,1.8636405421116613,0.03607377040999269,0.027108973702655845
2022-10-28,18.340309143066406,18.367652893066406,16.828161239624023,16.914453506469727,431888975,0.08432899644015102,0.08096135922102486,16.93952331542969,16.266823387145998,16.116492128372194,16.583030043434427,16.60322690048336,-0.02019685704893348,-0.359597908681344,0.3394010516324105,70.13900279803414,16.116492128372194,17.626464475616785,14.606519781127602,0.18738225852341264,0.734750611441476,214695934.25,2.0116308979428195,0.9822384488014324,0.03287813212238868
2022-10-29,18.307973861694336,18.85055923461914,18.198209762573242,18.33908462524414,324609848,-0.0017630717737544543,-0.0017646278140035529,17.44920768737793,16.58691749572754,16.186738157272337,16.848406015474414,16.729504453165656,0.11890156230875704,-0.2638980144833238,0.3827995767920808,72.43954290241533,16.186738157272337,17.9587606098899,14.414715704654775,0.21894744146725237,0.7586273465837751,226466082.55,1.4333707032192402,0.1682596555098834,0.03290763127200919
2022-10-30,18.265605926513672,18.79692840576172,17.962953567504883,18.3057918548584,282464477,-0.0023141793570784497,-0.002316861208449101,17.768603134155274,16.894744873046875,16.288093328475952,17.066436771018914,16.84328974748773,0.2231470235311832,-0.16648900688042237,0.38963603041160555,70.51924971503934,16.288093328475952,18.289611500144858,14.286575156807045,0.24576457554669293,0.7880711555480957,232592927.75,1.2144155874919975,0.3629034612271453,0.03131594206916068
2022-10-31,19.311609268188477,19.71123504638672,18.236690521240234,18.261558532714844,520744778,0.0572662820977905,0.05568659767541829,18.227893829345703,17.256877136230468,16.456090354919432,17.411847924429615,17.0261282305026,0.38571969392701533,-0.056047266718934806,0.4417669606459501,73.21735928160675,16.456090354919432,18.861910636318306,14.05027007352056,0.2923926922508262,0.8529601097106934,248728334.5,2.0936286935174246,0.7289835751495003,0.03274080888954375
2022-11-01,18.66878318786621,19.446985244750977,18.598388671875,19.31098747253418,281528846,-0.03328702809771411,-0.03385365085506202,18.57885627746582,17.555388259887696,16.59144797325134,17.60522258034294,17.147806375492497,0.45741620485044265,0.04664542759494072,0.41077077725550193,69.80159723067105,16.59144797325134,19.177969676277048,14.004926270225635,0.31178974941737275,0.8615742410932269,256978608.75,1.0955341667130105,0.08295404130975528,0.034107085880443574
2022-11-02,17.897476196289062,18.7220458984375,17.510086059570312,18.661338806152344,365548952,-0.04131533286424682,-0.042193072418389634,18.49028968811035,17.71490650177002,16.70273609161377,17.650184675103883,17.20333747332928,0.44684720177460235,0.12668578243087308,0.32016141934372927,69.73663193657495,16.70273609161377,19.314049408646333,14.091422774581204,0.3126809048181839,0.8912077631269183,256767086.15,1.4236596967356285,0.3196394146892255,0.03542382214181334
2022-11-03,18.04765510559082,18.809568405151367,17.830320358276367,17.8987979888916,244934828,0.008391066296425498,0.008356057006808339,18.438225936889648,17.94371681213379,16.820999670028687,17.711333972101873,17.26587952016347,0.44545445193840294,0.19043951633237907,0.25501493560602384,70.03285925769978,16.820999670028687,19.451909427751577,14.190089912305798,0.3128125330637264,0.9251551628112793,258618383.25,0.9470897811747109,0.22194044275974056,0.035390514425374484
2022-11-04,19.39575958251953,19.615930557250977,17.940481185913086,18.043397903442383,365593899,0.07469693259547583,0.07203869866482011,18.66425666809082,18.216429901123046,17.018763732910156,17.97047637370459,17.423648413671327,0.5468279600332622,0.2617172050725557,0.2851107549607065,73.20495409140153,17.018763732910156,19.802904766819942,14.234622699000367,0.3271848740136083,0.9681955746241978,271195352.9,1.348083199400575,0.8685898916530483,0.03794506370841988
2022-11-05,19.603248596191406,20.49410629272461,19.24968147277832,19.393739700317383,395714101,0.010697648256007275,0.01064083324904003,18.722584533691407,18.475239181518553,17.211160230636597,18.221672100241022,17.585100279043186,0.6365718211978368,0.33668812829761197,0.2998836929002249,73.94335723179017,17.211160230636597,20.154923894724163,14.267396566549031,0.3420761441576195,1.0338168144226074,284622882.45,1.3903102153760092,0.28412091667147654,0.03789602057786772
2022-11-06,18.27923011779785,19.704801559448242,18.276874542236328,19.603382110595703,236417682,-0.06754076865865943,-0.06992984816109193,18.644673919677736,18.611765098571777,17.315866804122926,18.230527179865152,17.636517304136124,0.5940098757290286,0.38815247778389533,0.2058573979451333,61.11825283801405,17.315866804122926,20.25493174688887,14.37680186135698,0.3394649515398387,1.085089819771903,287869167.45,0.8212678144527701,0.0016496470174129244,0.0415898890502339
2022-11-07,18.06842041015625,18.828899383544922,17.791343688964844,18.275983810424805,310371680,-0.011532745432004998,-0.011599763305593805,18.67886276245117,18.584576225280763,17.42569980621338,18.205587676833012,17.668510126804282,0.5370775500287301,0.4179374922328623,0.11914005779586784,63.48863890118324,17.42569980621338,20.301025536765103,14.550374075661656,0.33000978583671975,1.1030128342764718,293631268.15,1.0570116798373403,0.26704756184974704,0.04136585815284839
2022-11-08,15.991604804992676,18.142515182495117,15.273184776306152,18.06716537475586,878228418,-0.11494173580310307,-0.12210180089052156,18.267652702331542,18.352939319610595,17.469928407669066,17.864974927319114,17.5442949177812,0.320680009537913,0.39848599569387244,-0.07780598615595946,46.51962476655275,17.469928407669066,20.219546718440004,14.720310096898128,0.31478300844826496,1.2128515924726213,327298549.25,2.6832640108318477,0.2503789820207345,0.04820702707683013
2022-11-09,12.917875289916992,16.108983993530273,12.279339790344238,15.995768547058105,752204886,-0.19220894666656885,-0.21345185126271926,16.972075843811034,17.818166255950928,17.3564555644989,17.103882675411096,17.201597167569037,-0.09771449215794092,0.29924589812350977,-0.3969603902814507,33.549693876378896,17.3564555644989,20.638474335561337,14.074436793436465,0.37818997765598134,1.4437086922781808,353231191.4,2.129497349933067,0.1667349403827596,0.06516679179498117
2022-11-10,15.386506080627441,15.86744499206543,12.757274627685547,12.916404724121094,507516498,0.1911019215859231,0.17487886319022994,16.12872734069824,17.425655937194826,17.341266536712645,16.839670891598228,17.067145975943735,-0.22747508434550667,0.19390170162970646,-0.4213767859752131,44.84694158902153,17.341266536712645,20.65837663612504,14.02415643730025,0.38256837727392595,1.6239047731672014,366560312.95,1.3845374964780404,0.8453657312796314,0.07838144191650892
2022-11-11,14.095545768737793,15.41830825805664,13.662421226501465,15.385247230529785,300019683,-0.08390210910292673,-0.08763205222639771,15.29199047088623,16.96833219528198,17.26186022758484,16.417497795773546,16.847027442076627,-0.4295296463030809,0.06921543204314898,-0.49874507834622983,35.547848965997204,17.26186022758484,20.81376908312125,13.709951372048428,0.41153257050018066,1.6393615858895438,374993162.5,0.8000670758896837,0.2466699349023688,0.08070506489412152
2022-11-12,13.064070701599121,14.118024826049805,12.973066329956055,14.101588249206543,151599250,-0.07317737702830618,-0.07599307695521977,14.291120529174805,16.48499164581299,17.099949073791503,15.901585935131326,16.566808424263478,-0.6652224891321517,-0.0776721521919112,-0.5875503369402404,33.28339803863615,17.099949073791503,21.102649035159892,13.097249112423112,0.468153436492181,1.6745479447501046,373009626.05,0.40642181705969943,0.07948268095194613,0.08157213639100223
2022-11-13,13.052020072937012,13.336840629577637,12.734872817993164,13.066850662231445,161491789,-0.0009224252484054674,-0.0009228509443768561,13.703203582763672,15.985428142547608,16.9645724773407,15.46319118710143,16.306453731572628,-0.8432625444711981,-0.23079023064776863,-0.6124723138234295,33.347856788256124,16.9645724773407,21.325286122145613,12.603858832535785,0.5140964973481587,1.6579760142735072,373070758.4,0.4328717417912752,0.5268508441349354,0.08136084896525071
2022-11-14,13.10676383972168,13.559865951538086,12.106572151184082,13.053489685058594,233088832,0.004194275405550174,0.004185503950506661,13.740981292724609,15.356528568267823,16.786479234695435,15.100663902889162,16.069439665509595,-0.9687757626204334,-0.37838733704230165,-0.5903884255781318,28.84202937988799,16.786479234695435,21.47657904928138,12.09637942010949,0.5587949383563563,1.6564581053597587,371323320.95,0.6277247316534321,0.6882240063308077,0.08001858902862678
2022-11-15,13.49658203125,13.979785919189453,13.048837661743164,13.107967376708984,164929945,0.029741757484553766,0.029308049917025108,13.362996482849121,14.745861911773682,16.610550546646117,14.853882076483137,15.878857618527402,-1.024975542044265,-0.5077049780426944,-0.5172705640015706,32.053594816400505,16.610550546646117,21.52322020059396,11.697880892698274,0.5915119598416652,1.6623403685433524,363869782.75,0.4532663958889837,0.48095515633221636,0.08021802472772807
2022-11-16,13.078482627868652,13.68970012664795,12.894078254699707,13.497727394104004,147528057,-0.030978169318222948,-0.03146813826178556,13.159583854675294,14.225787162780762,16.41877613067627,14.580743699773215,15.671422434034161,-1.0906787342609459,-0.6242997292863448,-0.46637900497460105,32.85900381098652,16.41877613067627,21.574987023689378,11.262565237663164,0.6280871183059036,1.6326019423348563,352821271.2,0.41813821626523295,0.23177388323884915,0.08037250108522147
2022-11-17,12.889345169067383,13.28766918182373,12.69776439666748,13.076667785644531,152325455,-0.014461728029384724,-0.014567318064159713,13.124638748168945,13.707879638671875,16.14622793197632,14.320528541203089,15.465342636629215,-1.1448140954261259,-0.7284026025143011,-0.4164114929118248,31.70277750489764,16.14622793197632,21.448955523173233,10.843500340779407,0.6568379454987481,1.6047917093549455,338843095.2,0.44954569580380815,0.32476557907815906,0.07726698975711184
2022-11-18,12.989431381225586,13.270204544067383,12.88143253326416,12.888330459594727,132691557,0.007765034673630655,0.007735041954835696,13.11212100982666,13.407662296295166,15.880300807952882,14.11574436274501,15.281941802895613,-1.1661974401506026,-0.8159615700415616,-0.350235870109041,25.06850895214818,15.880300807952882,21.25945636382822,10.501145252077542,0.6774626779338397,1.5128861836024694,329247180.65,0.40301501363820413,0.27779480565060904,0.07737967871788615
2022-11-19,12.882172584533691,12.990460395812988,12.557312965393066,12.990460395812988,101179072,-0.008257389684272254,-0.008291670771769361,13.067202758789062,13.404092025756835,15.611129140853881,13.925964089174037,15.104181120053989,-1.178217030879951,-0.8884126622092395,-0.2898043686707116,23.637947063570564,15.611129140853881,21.026366287937826,10.195891993769937,0.6937662353855523,1.4549377986363001,320182910.4,0.316003973708648,0.749997780953489,0.0773432917809164
2022-11-20,12.196779251098633,13.117833137512207,12.13129997253418,12.881950378417969,131091600,-0.05320479359653518,-0.05467246430034587,12.80724220275879,13.085119342803955,15.25538763999939,13.659935652547054,14.888818018649888,-1.2288823661028339,-0.9565066029879584,-0.27237576311487544,24.884604625139872,15.25538763999939,20.581113884407042,9.929661395591737,0.698209232054344,1.4234096663338798,300700251.5,0.4359544075738826,0.06637311367244342,0.0758842134474757
2022-11-21,11.834380149841309,12.196134567260742,11.647356986999512,12.196134567260742,184823170,-0.029712688390640563,-0.03016305380711627,12.55842170715332,12.859002780914306,14.913667488098145,13.379080959823092,14.662563361701103,-1.283482401878011,-1.021901762765969,-0.2615806391120421,24.5769326772229,14.913667488098145,20.194068788268257,9.633266187928033,0.7081291445426334,1.388542992728097,295864967.7,0.62468757770405,0.34079956281153834,0.07585537099112596
2022-11-22,12.322193145751953,12.350504875183105,11.492087364196777,11.833280563354492,191009083,0.041219986998405345,0.04039309007236028,12.444991302490234,12.78481502532959,14.63490333557129,13.216482834581377,14.48920260496413,-1.2727197703827517,-1.0720653642893256,-0.2006544060934261,32.807577208143115,14.63490333557129,19.840183363161977,9.429623307980604,0.7113514736976556,1.2449063573564803,287137974.25,0.6652170737740726,0.9670186841030202,0.0768604563046678
2022-11-23,13.031652450561523,13.031652450561523,12.324511528015137,12.324511528015137,197226438,0.0575757331846527,0.055979244678678604,12.453435516357422,12.782778263092041,14.384103202819825,13.188047390886014,14.381235926860231,-1.1931885359742171,-1.096289998626304,-0.0968985373479132,50.684800195434164,14.384103202819825,19.376022787435154,9.392183618204497,0.6940883994264898,1.022036007472447,284752554.75,0.6926239456329233,0.9999999858585473,0.07844082661517134
2022-11-24,12.94083309173584,13.36559772491455,12.805801391601562,13.030242919921875,157045574,-0.006969136045503643,-0.00699353389481249,12.465167617797851,12.766185188293457,14.06135687828064,13.150014421785988,14.27453942055472,-1.1245249987687327,-1.1019369986547898,-0.022588000113942908,29.377120812616425,14.06135687828064,18.49209913656284,9.63061461999844,0.6302012382782182,0.8398664338248116,274325138.5,0.5724797036783416,0.2412157595298539,0.07570268457584546
2022-11-25,12.828289031982422,13.011812210083008,12.549860954284668,12.94009780883789,127884745,-0.00869681719527704,-0.008734855210294847,12.59146957397461,12.6993558883667,13.72260890007019,13.100518207970056,14.167409762141958,-1.0668915541719013,-1.094927909758212,0.02803635558631079,36.66353733033286,13.72260890007019,17.328522294905476,10.116695505234905,0.5255434183243161,0.7474424498421806,260933670.7,0.4901044187088884,0.602721755111066,0.07544929109538613
2022-11-26,12.75235652923584,13.212053298950195,12.65736198425293,12.828180313110352,147386106,-0.005919144989427139,-0.005936732564744274,12.775064849853516,12.666743278503418,13.44626522064209,13.046954872780177,14.062591004148912,-1.0156361313687352,-1.0790695540803168,0.06343342271158159,45.89369455929856,13.44626522064209,16.363137386816565,10.529393054467615,0.43385611072086044,0.7052805083138602,256482091.9,0.574644821820404,0.171256590383409,0.07458353060765016
2022-11-27,12.876786231994629,13.242740631103516,12.706613540649414,12.75239372253418,122601927,0.009757388955800028,0.009710093043722818,12.88598346710205,12.665487384796142,13.186683511734008,13.020775081890092,13.974753613618963,-0.9539785317288718,-1.0540513496100279,0.10007281788115607,47.757973490921636,13.186683511734008,15.134746777275963,11.238620246192054,0.29545916739542494,0.7005775996616909,247093604.25,0.49617604377957103,0.3174110974824402,0.07478973954374434
2022-11-28,12.457791328430176,12.97786808013916,12.016761779785156,12.8717041015625,175938137,-0.03253877916551784,-0.03307993670632263,12.771211242675781,12.612323379516601,13.009992837905884,12.934162196742413,13.862386036938313,-0.9282238401958995,-1.0288858477272023,0.10066200753130272,42.40467744459408,13.009992837905884,14.465676672887716,11.554309002924052,0.22377934455744738,0.6654213496616909,211979090.2,0.8299787343836803,0.4588769669846151,0.07112183329074051
2022-11-29,12.47298812866211,12.703824043273926,12.313310623168945,12.459177017211914,162217202,0.0012198631227071655,0.001219119694214011,12.677642250061036,12.571404933929443,12.98774847984314,12.863212340114675,13.759467673362298,-0.8962553332476233,-1.0023597448312864,0.10610441158366313,36.8687990776365,12.98774847984314,14.46282674474766,11.512670214938618,0.22714918866712402,0.6268188612801688,182479706.0,0.8889602331998496,0.40889120113036437,0.05673352921490733
2022-11-30,13.157401084899902,13.174416542053223,12.473379135131836,12.473379135131836,195360075,0.05487161129136786,0.053419064064117616,12.74346466064453,12.66746711730957,12.876293230056763,12.90847214700471,13.714870148291011,-0.8063980012863006,-0.9631673961222892,0.15676939483598862,50.94765584811488,12.876293230056763,13.834538775014996,11.91804768509853,0.14883872677292373,0.6200907570975167,166871884.85,1.1707189331241021,0.9757281612327571,0.03744062481085352
2022-12-01,12.887733459472656,13.277148246765137,12.841053009033203,13.156432151794434,152241995,-0.020495508473685642,-0.02070845607838247,12.770540046691895,12.772802448272705,12.815902614593506,12.905281579692089,13.653600763934095,-0.7483191842420069,-0.9201977537462328,0.17187856950422586,49.98101372763664,12.815902614593506,13.583979856885378,12.047825372301634,0.11986315211497628,0.6091043608529227,159483000.45,0.9545970076461526,0.10704186913806374,0.03302038217586066
2022-12-02,13.58639907836914,13.61192798614502,12.840700149536133,12.888829231262207,185188563,0.05421167508573488,0.052793260207595484,12.912462615966797,12.899223041534423,12.842019033432006,13.010068887180866,13.648622861299655,-0.6385539741187891,-0.8638689978207441,0.225315023701955,56.163217965279316,12.842019033432006,13.678133309520543,12.005904757343469,0.13021539275278385,0.6364226341247559,161162466.1,1.1490799779961918,0.9668983454265423,0.031200008740089952
2022-12-03,13.431282043457031,13.85684871673584,13.324204444885254,13.5872220993042,179887086,-0.011417082187661576,-0.01148275742876659,13.107160758972167,12.939186000823975,12.860982131958007,13.074870911223352,13.632523541459461,-0.5576526302361096,-0.8026257243038173,0.24497309406770773,55.613645754260126,12.860982131958007,13.733558730194453,11.988405533721561,0.13569361799643542,0.6435295513698033,162082230.95,1.1098507525818333,0.2010302226464417,0.03134708690480922
2022-12-04,13.925615310668945,13.926417350769043,13.423125267028809,13.427191734313965,150926134,0.03680462264231332,0.036143505172979845,13.397686195373534,13.037664222717286,12.90192470550537,13.205754664984212,13.654234042882386,-0.44847937789817394,-0.7317964550226888,0.2833170771245148,68.39271343293395,12.90192470550537,13.891992368240363,11.911857042770379,0.1534759635223295,0.6090123312813895,157974096.05,0.9553853307204918,0.9984063924109412,0.03230639563727965
2022-12-05,13.60273265838623,14.305390357971191,13.482261657714844,13.924531936645508,183876782,-0.023186239536240993,-0.023459268996006477,13.4867525100708,13.115108585357666,12.907232236862182,13.266828202430677,13.6504191255123,-0.38359092308162346,-0.6621553486344758,0.2785644255528523,68.97264504120004,12.907232236862182,13.911754898443714,11.90270957528065,0.1556526826429424,0.6285627910069057,158921437.9,1.1570294381284352,0.14635742766628604,0.03221355637965633
2022-12-06,13.666421890258789,13.671993255615234,13.496726036071777,13.60281753540039,125511203,0.004682090979219122,0.004671164085117219,13.642490196228028,13.206515121459962,12.93662919998169,13.328304154404233,13.651604515493522,-0.3233003610892897,-0.5943843511254386,0.2710839900361489,65.8661794899503,12.93662919998169,13.995210280916583,11.878048119046797,0.16365639991233435,0.5797663416181292,157820595.2,0.7952777192415507,0.9682121103245721,0.0313322790835071
2022-12-07,13.264047622680664,13.678564071655273,13.02914047241211,13.66579818725586,140058713,-0.029442546908707068,-0.029884678649462006,13.578019905090333,13.245241260528564,12.955364322662353,13.318418534139068,13.622896597507385,-0.3044780633683164,-0.5364030935740142,0.23192503020569777,52.957388957741394,12.955364322662353,14.02364065157475,11.887087993749956,0.16491644731961716,0.5754780769348145,157207258.1,0.8909175994336613,0.361716369600906,0.03193644527183365
2022-12-08,13.40671443939209,13.501283645629883,13.113521575927734,13.265929222106934,119634853,0.010755903534866329,0.010698470268523927,13.573106384277343,13.340133571624756,12.976228475570679,13.332002519562609,13.60688310431366,-0.2748805847510507,-0.48409859180942144,0.20921800705837074,55.85144661934837,12.976228475570679,14.06343814417968,11.889018806961678,0.1675694398654901,0.5631899152483258,156554422.9,0.7641742135667251,0.7561153573592487,0.03197227022762886
2022-12-09,13.451823234558105,13.598641395568848,13.37514877319336,13.406481742858887,116383354,0.0033646420508126607,0.0033589943076247283,13.478347969055175,13.438017082214355,13.004711008071899,13.350436475715764,13.595397188035472,-0.24496071231970795,-0.43627101591147877,0.19131030359177081,57.96650869863897,13.004711008071899,14.111221585250552,11.898200430893246,0.1701707291291368,0.5461571557181222,157314637.0,0.7398126215045076,0.3430737763020569,0.03188030815043431
2022-12-10,13.480047225952148,13.565138816833496,13.359334945678711,13.453391075134277,90549473,0.002098153603560249,0.0020959555533159014,13.453810882568359,13.47028169631958,13.068874406814576,13.370376591136747,13.586852746399671,-0.2164761552629244,-0.3923120437817679,0.17583588851884352,59.41199152248636,13.068874406814576,14.12584015679771,12.011908656831443,0.16175314217297762,0.5212366240365165,155287530.65,0.583108460936815,0.5865403489774313,0.02905440630599488
2022-12-11,12.995100021362305,13.494415283203125,12.969339370727539,13.480694770812988,99881447,-0.035975185877406335,-0.03663824391180765,13.319546508789063,13.481018352508546,13.126910400390624,13.312641734248372,13.543019211211718,-0.23037747696334598,-0.3599251304180836,0.12954765345473762,51.39973873860253,13.126910400390624,14.01195478137349,12.241866019407759,0.13484427850692554,0.5204472541809082,151040444.5,0.661289413776851,0.049060811079112844,0.02948342194904084
2022-12-12,12.991484642028809,13.039525032043457,12.649003028869629,12.993828773498535,130384940,-0.000278210966252912,-0.0002782496741032491,13.26503391265869,13.421526908874512,13.160374975204467,13.263232950829977,13.502164798679651,-0.23893184784967403,-0.33572647390440175,0.09679462605472772,57.00219218122031,13.160374975204467,13.964190169104242,12.356559781304693,0.12215688313049547,0.47969123295375277,148009237.35,0.8809243418481814,0.8769841432901125,0.028241450518631885
2022-12-13,13.728175163269043,14.088196754455566,12.605194091796875,12.992676734924316,289072313,0.056705645393057225,0.05515618692531657,13.329326057434082,13.451216220855713,13.195201110839843,13.334762521974449,13.518906307167754,-0.18414378519330477,-0.30540993616218237,0.1212661509688776,63.846839630254095,13.195201110839843,14.03508017280863,12.355322048871056,0.12730068377341025,0.5577261788504464,152601531.1,1.894294971461135,0.7572346915996548,0.028153522421414345
2022-12-14,13.727560043334961,14.155461311340332,13.620152473449707,13.731134414672852,213998532,-4.480711578680463e-05,-4.480811965560429e-05,13.384473419189453,13.431410694122315,13.2345374584198,13.395192909876066,13.534362139476436,-0.1391692296003697,-0.27216179484981984,0.13299256524945013,57.40736014225581,13.2345374584198,14.097627496173413,12.371447420666186,0.13042995124918647,0.5458604948861259,155449179.0,1.376646267137892,0.20064598279757848,0.028067207955211324
2022-12-15,13.170801162719727,13.863432884216309,13.11355209350586,13.725992202758789,152280792,-0.04055774506595977,-0.0414031478008227,13.322624206542969,13.388217544555664,13.251663064956665,13.360671102621245,13.507431696753716,-0.14676059413247167,-0.2470815547063502,0.10032096057387854,53.42225585852828,13.251663064956665,14.094159326569722,12.409166803343608,0.1271532874754407,0.5682737486703056,156668981.35,0.9719906945702498,0.0763442258551339,0.02964521614807873
2022-12-16,11.846814155578613,13.277444839477539,11.689373016357422,13.171334266662598,194845681,-0.10052440931905426,-0.10594336250122409,13.09296703338623,13.206256771087647,13.206385946273803,13.127770033845456,13.384422990000004,-0.2566529561545483,-0.24899583499598985,-0.007657121158558461,31.730926203873537,13.206385946273803,14.237975711584417,12.17479618096319,0.1562259000315946,0.6266197477068219,159041960.1,1.225121225099891,0.09913980963434355,0.03745034580567436
2022-12-17,11.963336944580078,11.97133731842041,11.58017635345459,11.845928192138672,128236702,0.009835791080304412,0.009787734546297479,12.887337493896485,13.076185703277588,13.160713481903077,12.948626481650784,13.279157357005936,-0.33053087535515147,-0.2653028430678222,-0.06522803228732926,34.45768942762771,13.160713481903077,14.325970013624701,11.995456950181453,0.17708105769857166,0.6165137972150531,159323698.85,0.8048815268890552,0.9795470807356713,0.037451755481155286
2022-12-18,11.92267894744873,12.005910873413086,11.828230857849121,11.962940216064453,82546491,-0.0033985498627762123,-0.003404338051380371,12.526238250732423,12.927782154083252,13.133957862854004,12.790788399465853,13.178677474816514,-0.3878890753506603,-0.2898200895243898,-0.0980689858262705,26.53949342943487,13.133957862854004,14.388337216123283,11.879578509584725,0.19101315328823548,0.5932557923453194,154654116.55,0.5337490707744112,0.5315627870934093,0.036803136840049835
2022-12-19,11.382280349731445,12.079202651977539,11.277970314025879,11.925618171691895,145700236,-0.045325266250914376,-0.04638458944924777,12.057182312011719,12.720827865600587,13.07942247390747,12.574094853352868,13.045611021106508,-0.4715161677536397,-0.32615930517023983,-0.14535686258339986,25.25272730789908,13.07942247390747,14.533707023388018,11.625137924426923,0.22237748683196726,0.5916917664664132,153828268.25,0.9471616475796867,0.13018700002843572,0.03806939321029477
2022-12-20,11.967804908752441,12.018200874328613,11.369000434875488,11.385845184326172,133088275,0.05144176219792462,0.050162329175454885,11.816583061218262,12.569603633880615,13.019942665100098,12.480819477260495,12.965773531302503,-0.4849540540420083,-0.35791825494459356,-0.12703579909741475,33.04127593492359,13.019942665100098,14.555818061694112,11.484067268506085,0.23592659907956753,0.6255441393171038,150714678.25,0.8830478659765177,0.9223722417034298,0.037797626106718794
2022-12-21,11.696436882019043,11.971964836120605,11.647215843200684,11.96539306640625,99510761,-0.022674837098567546,-0.022935864602149206,11.786507606506348,12.439737319946289,12.960377836227417,12.360145231838732,12.871748594318541,-0.5116033624798089,-0.38865527645163667,-0.1229480860281722,33.92881690341896,12.960377836227417,14.606302101791625,11.31445357066321,0.25399325333918094,0.6023530960083008,148078116.55,0.6720153073151712,0.1515664047488901,0.03785067481580098
2022-12-22,11.84343147277832,11.843446731567383,11.491372108459473,11.697935104370117,100223574,0.012567467532377474,0.012489152378449808,11.762526512145996,12.32493200302124,12.873229455947875,12.2806508073679,12.795576955685933,-0.5149261483180325,-0.41390945082491587,-0.10101669749311665,33.98739443508522,12.873229455947875,14.563563371721832,11.182895540173918,0.2626122561643558,0.599803992680141,143829867.1,0.6968203198736044,0.9999566319534932,0.035546699247796125
2022-12-23,11.781726837158203,11.872527122497559,11.743697166442871,11.84354305267334,97273971,-0.005210030197915438,-0.005223649731296331,11.73433609008789,12.130287170410156,12.790751695632935,12.203893273489484,12.720476946906102,-0.5165836734166174,-0.4344442953432562,-0.08213937807336119,32.951273721337984,12.790751695632935,14.526793182212304,11.054710209053566,0.27145261324588055,0.5930423736572266,139699211.35,0.6963100940941712,0.2951927403224548,0.035526104188650834
2022-12-24,11.680429458618164,11.820819854736328,11.663323402404785,11.78160572052002,49904792,-0.008597837985901968,-0.00863501262933248,11.793965911865234,11.925574111938477,12.678492403030395,12.123360378893898,12.643436392218105,-0.520076013324207,-0.4515706389394464,-0.06850537438476068,31.899136661884626,12.678492403030395,14.395809605413643,10.961175200647148,0.27090243031936145,0.5895918437412807,134648144.25,0.37063111621755607,0.1086123203032285,0.03407334150927192
2022-12-25,11.684593200683594,11.715807914733887,11.539064407348633,11.680124282836914,96667768,0.0003564716588702055,0.000356408137943575,11.737323570251466,11.776953315734863,12.582585430145263,12.055857736092312,12.572410970622956,-0.5165532345306438,-0.46456715805768595,-0.05198607647295789,35.40735533363633,12.582585430145263,14.296813806532445,10.868357053758082,0.2724763342007988,0.5647109576633998,130287693.55,0.7419562459512125,0.8233897089291645,0.03393431517831716
2022-12-26,11.723855972290039,11.764178276062012,11.5806303024292,11.684329986572266,100546246,0.003360217247798447,0.003354584332840475,11.742807388305664,11.764657497406006,12.485457134246825,12.004780541661193,12.509555044820518,-0.5047745031593251,-0.4726086270780138,-0.03216587608131133,35.99598297357305,12.485457134246825,14.160807001411206,10.810107267082445,0.2683682061698807,0.5499270984104702,129039445.7,0.77919000236375,0.7803173155383859,0.03391162150646123
2022-12-27,11.646395683288574,11.780208587646484,11.581321716308594,11.720730781555176,130725347,-0.00660706589918425,-0.006628989178137663,11.703400230407714,11.732963371276856,12.404574537277222,11.949644409603867,12.445617314336669,-0.49597290473280253,-0.4772814826089716,-0.01869142212383096,23.080783890477505,12.404574537277222,14.077848521363208,10.731300553191236,0.2697833737154948,0.4582045418875558,128572777.4,1.0167420323611986,0.3271908460841404,0.03350090437236583
2022-12-28,11.202914237976074,11.65528678894043,11.13272762298584,11.64621353149414,139487054,-0.038078857817689604,-0.03882280445984392,11.58763771057129,11.66098690032959,12.294384527206422,11.834762844738053,12.353565234606256,-0.5188023898682026,-0.4855856640608178,-0.03321672580738477,20.70892966800733,12.294384527206422,13.979997581246115,10.608771473166728,0.27420861130698754,0.4572938510349819,129565387.45,1.076576520514237,0.13431323804049622,0.03399633291614808
2022-12-29,10.992694854736328,11.208212852478027,10.702116966247559,11.203086853027344,118611566,-0.018764705216356647,-0.018942996205565193,11.450090789794922,11.622028350830078,12.171428108215332,11.705213923199326,12.252760021282556,-0.547546098083231,-0.49797775086530044,-0.04956834721793052,22.519775952749484,12.171428108215332,13.86030814948061,10.482548066950054,0.277515510299952,0.43988064357212614,129676798.05,0.9146706873057312,0.5741557887607224,0.033954155914935356
2022-12-30,10.870248794555664,10.992425918579102,10.651060104370117,10.992425918579102,158598467,-0.011138857377443467,-0.011201359013892739,11.287221908569336,11.5122727394104,12.040938186645509,11.576757749561837,12.150351782265748,-0.5735940327039106,-0.5131010072330225,-0.060493025470888084,32.31822271031153,12.040938186645509,13.707231345842613,10.374645027448404,0.27677131688046946,0.35084942408970426,133079247.75,1.1917595694404577,0.6420932461339757,0.03384535365105807
2022-12-31,10.902632713317871,11.041604995727539,10.8468656539917,10.870633125305176,84881315,0.0029791331711217506,0.002974704347752267,11.122977256774902,11.432892322540283,11.936314821243286,11.473046205524305,12.05792814752887,-0.5848819420045643,-0.527457194187331,-0.05742474781723339,30.19125395959776,11.936314821243286,13.613086456879639,10.259543185606933,0.28095298435865157,0.3368193081447056,132329241.15,0.641440351825066,0.2863676952248399,0.03339859659315236
2023-01-01,10.865915298461914,10.929947853088379,10.670733451843262,10.90373420715332,95741904,-0.003367756744763639,-0.0033734404018803637,10.96688117980957,11.335140705108643,11.83003635406494,11.379641450591631,11.969630899449836,-0.5899894488582049,-0.5399636451215057,-0.05002580373669918,30.235755382877315,11.83003635406494,13.494614337364888,10.165458370764993,0.2814155313610645,0.3426431928362165,130597089.35,0.7331090185586897,0.7529745189748935,0.033367169020432755
2023-01-02,11.15361499786377,11.23122787475586,10.743950843811035,10.866033554077148,128530323,0.026477263212476787,0.02613280741417729,10.957021331787109,11.272329521179199,11.701308345794677,11.344868150171958,11.909185277110128,-0.5643171269381693,-0.5448343414848384,-0.01948278545333082,45.27692211323033,11.701308345794677,13.129195357148504,10.273421334440851,0.2440559583863959,0.32021781376429964,122569989.85,1.0486279974184072,0.8407212317214876,0.03085524026798232
2023-01-03,11.38444995880127,11.52815055847168,11.087236404418945,11.15368366241455,165410541,0.020695977132231258,0.020484725136342415,11.035372352600097,11.24273157119751,11.584152841567994,11.350957659191852,11.870315994272435,-0.5193583350805824,-0.5397391402039873,0.0203808051234049,35.88225410520893,11.584152841567994,12.650853244322855,10.517452438813132,0.18416545730079928,0.30534022194998606,120140590.3,1.3768081261042382,0.6740848414812476,0.03154348921706974
2023-01-04,12.07761287689209,12.270716667175293,11.363713264465332,11.383941650390625,203700017,0.06088681671923357,0.059105177899359734,11.276845169067382,11.282033538818359,11.529493427276611,11.462750769607274,11.885671318910928,-0.4229205493036545,-0.5163754220239207,0.0934548727202662,57.66081517151599,11.529493427276611,12.333572919145874,10.725413935407348,0.13948218921170683,0.3469298226492746,122711551.55,1.6599905585661223,0.7870969418888467,0.03421555956281144
2023-01-05,11.740196228027344,12.14906120300293,11.718555450439453,12.077432632446289,148011463,-0.02793736248247536,-0.02833503470752995,11.444357872009277,11.28366756439209,11.524162530899048,11.505434686287284,11.874895386252884,-0.36946069996560027,-0.4869924776122566,0.11753177764665634,48.07271173464846,11.524162530899048,12.320762945215417,10.727562116582678,0.13824872951600473,0.352532046181815,120369840.65,1.2296391039544006,0.05026826460818807,0.026358178136652696
2023-01-06,11.781206130981445,11.803510665893555,11.38878059387207,11.742313385009766,135298028,0.003493119038010528,0.0034870322681264036,11.627416038513184,11.297148609161377,11.515055990219116,11.547861062394077,11.867955441417964,-0.32009437902388704,-0.4536128578945828,0.13351847887069573,49.990203290689536,11.515055990219116,12.29449664127614,10.735615339162091,0.13537765716798617,0.3729534830365862,120722906.95,1.1207320252488338,0.9462191293108226,0.026270034306687003
2023-01-07,11.743424415588379,11.854203224182129,11.666064262390137,11.781932830810547,99819319,-0.0032069479960723513,-0.0032121012742766814,11.745377922058106,11.351199626922607,11.506093263626099,11.577947732116277,11.858730920986142,-0.2807831888698651,-0.41904692408963923,0.13826373521977414,51.21422444963307,11.506093263626099,12.269761111450881,10.742425415801316,0.13274146668686324,0.3751422337123326,121586548.35,0.8209733753824422,0.4111862229361609,0.02626893434150499
2023-01-08,12.072585105895996,12.128076553344727,11.609659194946289,11.741462707519531,133385894,0.028029361680114828,0.027643728570725754,11.883004951477051,11.459188652038574,11.540608501434326,11.654045789620849,11.874571971720204,-0.2205261820993556,-0.3793427756915825,0.15881659359222688,56.64588692032528,11.540608501434326,12.342173168746877,10.739043834121775,0.13891202828913715,0.39954750878470285,120970831.25,1.1026285644375118,0.8929598797583461,0.024747953524398673
2023-01-09,12.209636688232422,12.631736755371094,12.069567680358887,12.069567680358887,331158364,0.011352297882703866,0.011288344108818378,11.909409713745116,11.59312744140625,11.552700090408326,11.739521312484166,11.89939158035074,-0.1598702678665731,-0.3354482741265806,0.17557800626000752,58.05118715092629,11.552700090408326,12.387985218439775,10.717414962376877,0.14460431267058477,0.4265918731689453,130874335.7,2.530353733822238,0.2491581476247376,0.0221221686478793
2023-01-10,12.731241226196289,12.869482040405273,12.089607238769531,12.207080841064453,230945289,0.04272072554514139,0.04183337942141394,12.107618713378907,11.775988292694091,11.604440307617187,11.892093606901415,11.961010072635595,-0.06891646573417987,-0.2821419124481005,0.21322544671392063,65.67256098014627,11.604440307617187,12.591604119141515,10.61727649609286,0.17013553180610536,0.4680910110473633,137446062.1,1.6802612273604018,0.8227397241885114,0.023209045396831926
2023-01-11,15.913924217224121,15.913924217224121,12.316078186035156,12.729662895202637,815639199,0.24998999975579927,0.22313555108684743,12.93416233062744,12.280789184570313,11.807964944839478,12.510836777720295,12.253818527790301,0.25701824992999356,-0.17430987997248165,0.4313281299024752,87.9909594189024,11.807964944839478,13.975424194124448,9.640505695554507,0.36711817140551917,0.6877543585641044,173216843.35,4.7087753316917835,0.9999999972205592,0.05965519129288583
2023-01-12,15.45734977722168,16.10527229309082,14.886008262634277,15.849684715270996,821227059,-0.028690248474871893,-0.029109858960779576,13.676947402954102,12.711162662506103,11.991746091842652,12.964146469951277,12.491117138859291,0.4730293310919862,-0.04484203775958805,0.5178713688515743,84.62837113150724,11.991746091842652,14.704551557694044,9.27894062599126,0.4524454479063345,0.7386949402945382,209414497.75,3.921538708272169,0.4685953949510956,0.060329504180342455
2023-01-13,15.962223052978516,16.4328556060791,15.047157287597656,15.45751667022705,594284894,0.03266234400031687,0.032140267391708895,14.454874992370605,13.168939971923828,12.205835771560668,13.425389021186236,12.748236095460715,0.6771529257255207,0.09955695493743374,0.5775959707880869,87.28223779926985,12.205835771560668,15.440770751381693,8.970900791739643,0.5300636581328341,0.8132709094456264,236633502.85,2.511414853951227,0.6603643423483514,0.060178247408335384
2023-01-14,16.958057403564453,18.337526321411133,15.944210052490234,15.961251258850098,1069929455,0.062386946184173064,0.060518212563804595,15.404559135437012,13.656984424591064,12.469508981704712,13.968876464629039,13.060074710875806,0.9088017537532327,0.2614059147005936,0.6473958390526391,88.85465777514405,12.469508981704712,16.325584595848348,8.613433367561075,0.6184807468844647,0.9703121185302734,285296587.2,3.75023573012443,0.42361611793797,0.060855850734215865
2023-01-15,16.797117233276367,17.043317794799805,16.05112648010254,16.959484100341797,514796096,-0.009490483871947397,-0.009535805491345386,16.217734336853027,14.162676525115966,12.723172044754028,14.40399042903632,13.33689267549807,1.067097753538249,0.42254428246812475,0.6445534710701244,87.46040626002116,12.723172044754028,17.015504540384825,8.430839549123231,0.6747267867686495,1.022667612348284,306009079.7,1.6822902657159293,0.7518617978255782,0.06111211140076452
2023-01-16,16.740787506103516,17.275224685668945,16.220399856567383,16.79619789123535,455814602,-0.0033535353948270785,-0.0033591710978630976,16.383106994628907,14.658634662628174,12.977891635894775,14.763497671662043,13.589033033320696,1.1744646383413464,0.5729283536427692,0.6015362846985772,86.34993498231759,12.977891635894775,17.59362461554792,8.362158656241629,0.7113224719625129,1.063206740788051,322263542.45,1.414415662828881,0.4933403445252278,0.0610426339803784
2023-01-17,17.1265926361084,18.136295318603516,16.669139862060547,16.742637634277344,549733348,0.023045817280950676,0.022784273142478675,16.71695556640625,15.196951484680175,13.274075555801392,15.127050743115328,13.851074485379044,1.2759762577362839,0.7135379344614722,0.5624383232748117,86.61974255191687,13.274075555801392,18.162415795063545,8.38573531653924,0.7365243957988049,1.136509690965925,342775857.15,1.6037691585712661,0.3117957056900991,0.05949859155597938
2023-01-18,15.804330825805664,17.383407592773438,15.774803161621094,17.129079818725586,466860281,-0.07720518835223411,-0.08034837509998499,16.68537712097168,15.570126056671143,13.514657354354858,15.231247678913842,13.995760140225462,1.2354875386883801,0.8179278553068537,0.4175596833815264,72.00126385963861,13.514657354354858,18.40385674404161,8.625457964668104,0.7235402661705361,1.1866240501403809,360188292.9,1.296156177762323,0.01835607525950743,0.06298721736360888
2023-01-19,16.196353912353516,16.256357192993164,15.750173568725586,15.809412002563477,275014984,0.02480478869170133,0.02450214439557972,16.53303642272949,15.968797779083252,13.780962610244751,15.379725560981484,14.158767086309021,1.2209584746724627,0.8985339791799756,0.3224244954924871,76.13909253890583,13.780962610244751,18.643829767630063,8.91809545285944,0.7057369350629051,1.1920296124049596,366009118.75,0.7513883395562259,0.88145944163827,0.06256284322062032
2023-01-20,17.52127456665039,17.528125762939453,15.902365684509277,16.19332504272461,377589626,0.08180363688436776,0.07862968233192681,16.677867889404297,16.447801113128662,14.111894702911377,15.709194638776701,14.407841714482457,1.3013529242942443,0.9790977682028295,0.32225515609141486,79.26264090693846,14.111894702911377,19.050258916224866,9.173530489597887,0.6998867717308963,1.278531755719866,380644534.3,0.9919743802295284,0.9957858442104591,0.06378478268451142
2023-01-21,16.896469116210938,17.73019790649414,16.887035369873047,17.522947311401367,451849941,-0.03565981733022405,-0.03631116003451421,16.709004211425782,16.546055603027344,14.413422393798829,15.891852250689661,14.592184484980864,1.2996677657087972,1.0432117677040231,0.25645599800477403,74.78648479069679,14.413422393798829,19.25272287918865,9.574121908409008,0.6714991558801275,1.3253191539219447,398449936.15,1.1340193585321523,0.01118852631167692,0.06495867903756466
2023-01-22,17.362272262573242,18.365903854370117,16.877227783203125,16.891254425048828,528180733,0.027568076096762706,0.027194919302317582,16.75614013671875,16.7365478515625,14.723855257034302,16.118070714056365,14.797376172209928,1.3206945418464375,1.098708322532506,0.22198621931393148,75.11362083561946,14.723855257034302,19.47849705949139,9.969213454577217,0.6458419645473712,1.3946233476911272,418432456.65,1.2622843295394734,0.3258227128831711,0.06496120237881084
2023-01-23,18.0065860748291,18.28485870361328,17.34971046447754,17.362207412719727,447269431,0.037109993583315015,0.036437992651701924,17.196591186523438,16.940984153747557,15.054962062835694,16.408611538790634,15.035095424255793,1.3735161145348407,1.153669880932973,0.2198462336018676,76.25721901146886,15.054962062835694,19.752408137598955,10.357515988072432,0.6240395764741594,1.421264716557094,432525401.15,1.0340882403918903,0.70242938588469,0.0650183323995677
2023-01-24,17.01931381225586,18.856185913085938,16.935819625854492,17.995372772216797,483621029,-0.05482839770240078,-0.05638877824090492,17.361183166503906,16.9471097946167,15.302047109603881,16.502565734708362,15.18207456410765,1.3204911706007127,1.187034138866521,0.13345703173419166,68.63659800651233,15.302047109603881,19.857819559766746,10.746274659441017,0.5954461409681019,1.5027283940996443,446521451.75,1.0830857668866745,0.043478260643159135,0.06678287183297707
2023-01-25,17.803890228271484,18.215179443359375,16.603015899658203,17.0212345123291,373780820,0.04609918030012694,0.045068179790296585,17.417706298828126,17.04778709411621,15.60523180961609,16.702769502948843,15.376283131823488,1.3264863711253554,1.214924585318288,0.11156178580706744,60.377205945573856,15.60523180961609,19.9658345075855,11.244629111646677,0.5588642003103559,1.360893930707659,457809919.6,0.8164541745329189,0.7448836849439616,0.06607899810103836
2023-01-26,18.108034133911133,18.715797424316406,17.79720687866211,17.79720687866211,485573315,0.01708300274491048,0.01693872902114111,17.660019302368163,17.184511756896974,15.921573209762574,16.918964061558427,15.578635057904055,1.3403290036543716,1.2400054689855047,0.1003235346688669,64.80183724350421,15.921573209762574,20.02445986827927,11.818686551245879,0.5153870920244167,1.3394172532217843,475323683.95,1.0215634764184782,0.33837410295126136,0.06593831390136443
2023-01-27,21.25410270690918,21.551227569580078,17.626211166381836,18.1074161529541,680858655,0.1737388249730747,0.1601942307052999,18.43838539123535,17.59726276397705,16.397107124328613,17.585908468535465,15.999040068941472,1.5868683995939925,1.3093780551072023,0.2774903444867902,72.81946831237352,16.397107124328613,20.662420547590912,12.131793701066316,0.5202519433362479,1.5207971164158411,504375650.75,1.3499038940273427,0.9242997120542509,0.073578818203951
2023-01-28,20.60495948791504,21.684043884277344,20.15287971496582,21.251615524291992,689054377,-0.03054201948422508,-0.03101814663552438,18.95806007385254,18.07732563018799,16.823725843429564,18.05037785613232,16.340219285161737,1.7101585709705844,1.3895341582798788,0.32062441269070563,66.21074862587867,16.823725843429564,20.973062595495826,12.674389091363302,0.49327203625191834,1.4592148235866003,532159074.9,1.2948278240476925,0.2952523178490847,0.0749178179428541
2023-01-29,21.07977867126465,21.123519897460938,20.227642059326172,20.60445213317871,420146185,0.023043927052033064,0.022782425492420464,19.770153045654297,18.5656681060791,17.267232942581177,18.516439519998833,16.691297758206396,1.8251417617924375,1.4766556789823908,0.34848608281004667,68.51995919476975,17.267232942581177,21.23210300857417,13.302362876588182,0.4592362979265292,1.4523352895464217,536608465.95,0.7829660015821448,0.9511749997085438,0.07481405714463446
2023-01-30,19.73917007446289,21.17930793762207,19.433820724487305,21.076677322387695,665345570,-0.06359690097834081,-0.0657092338646006,20.15720901489258,18.78745765686035,17.61762938499451,18.704551912993303,16.9170660779291,1.7874858350642029,1.5388217101987534,0.24866412486544953,61.66997758080561,17.61762938499451,21.104465487786342,14.130793282202674,0.3958348795510118,1.5016683169773646,558328480.0,1.191674066133972,0.17493645666864358,0.07759660594820031
2023-01-31,19.844499588012695,20.09893035888672,19.40431785583496,19.7375545501709,398085253,0.0053360659618648665,0.005321879605734283,20.50450210571289,19.08226070404053,17.814158153533935,18.8799284783809,17.133913004601958,1.746015473778943,1.5802604629147916,0.16575501086415145,60.81444996774561,17.814158153533935,21.339539566325282,14.288776740742588,0.39579545464987237,1.4464866774422782,537450782.7,0.740691549466414,0.6337083250110339,0.056697826899393414
2023-02-01,20.965364456176758,20.965364456176758,18.795307159423828,19.84294891357422,578705289,0.05648239519434051,0.054944894607492134,20.446754455566406,19.442569923400878,18.08955888748169,19.20076478265719,17.41772422323713,1.7830405594200585,1.620816482215845,0.1622240772042134,70.87004408684089,18.08955888748169,21.699286568006283,14.479831206957098,0.39909515792810085,1.4865904535566057,525324694.2,1.1016144784156618,0.9999999953918268,0.05663461590701721
2023-02-02,21.1800594329834,22.705150604248047,20.954572677612305,20.958087921142578,923881872,0.010240460033757559,0.010188381758147066,20.561774444580077,19.75991725921631,18.350450706481933,19.50527165193814,17.69641572025537,1.8088559316827713,1.6584243721092304,0.15043155957354082,70.44619855520355,18.350450706481933,22.065497811103633,14.635403601860233,0.40489982115909917,1.5754757608686174,541804543.1,1.7051940294075396,0.12880703603772925,0.056526419943787154
2023-02-03,21.36518669128418,21.844970703125,20.878236770629883,21.173091888427734,449947551,0.008740639226558766,0.008702660981824711,20.618856048583986,20.19450454711914,18.57080717086792,19.791412427222145,17.968176532924172,1.823235894297973,1.691386676546979,0.131849217750994,67.39709145666976,18.57080717086792,22.456982823655608,14.68463151808023,0.41852522801313063,1.528402464730399,510805447.9,0.8808589509955381,0.5037062414478701,0.05545729060031882
2023-02-04,21.024635314941406,21.61928367614746,20.99332046508789,21.362613677978516,270970237,-0.01593954601303338,-0.01606794683843289,20.875949096679687,20.51657905578613,18.78218307495117,19.9811390253328,18.19458088714767,1.786558138185132,1.7104209688746095,0.07613716931052261,69.17701651474603,18.78218307495117,22.72167053373008,14.84269561617226,0.4194919667280638,1.5128882271902901,498614154.95,0.543446739948994,0.05002666099217276,0.05561360001824154
2023-02-05,20.108016967773438,21.118896484375,19.77849578857422,21.025434494018555,341651159,-0.04359734822684713,-0.04457627074063088,20.928652572631837,20.716577339172364,18.950544548034667,20.000658708785206,18.33631689311995,1.6643418156652565,1.7012051382327391,-0.03686332256748259,62.24234131340851,18.950544548034667,22.809683932879317,15.091405163190016,0.407285328932131,1.5022971289498466,492905982.8,0.6931365634054949,0.24583781385160974,0.05693725066004258
2023-02-06,19.58503532409668,20.370624542236328,19.560394287109375,20.107219696044922,228201924,-0.026008613604957986,-0.026352818915624104,20.65258674621582,20.549670600891112,19.07346668243408,19.936716649602356,18.42881455467378,1.5079020949285749,1.6625445295719063,-0.1546424346433315,57.114746634267696,19.07346668243408,22.84357419746565,15.303359167402514,0.3953248329527521,1.4933744158063615,476829411.6,0.47858189626824604,0.0304123877468879,0.05743124479652484
2023-02-07,20.845218658447266,20.917795181274414,19.570659637451172,19.580888748168945,316667706,0.0643441951212671,0.062358830262634724,20.585618591308595,20.573696517944335,19.325511074066164,20.076486189424653,18.607807451249595,1.4686787381750577,1.6237713712925368,-0.15509263311747912,66.83090822375786,19.325511074066164,22.840784635753412,15.810237512378915,0.3637961809356301,1.4524293627057756,469319782.85,0.6747376044474362,0.9461252933150103,0.05501932398524716
2023-02-08,20.08147430419922,20.995512008666992,19.73801040649414,20.844480514526367,257585287,-0.03663882671427621,-0.03732688735679685,20.328876113891603,20.473866081237794,19.519767093658448,20.077253591697662,18.716967958875493,1.360285632822169,1.5710742235984634,-0.2107885907762943,60.03793890501387,19.519767093658448,22.722450240277244,16.317083947039652,0.3281476803746576,1.4270963668823242,468448298.0,0.5498691917544335,0.27313197405099376,0.05616484029621062
2023-02-09,17.874452590942383,20.20979118347168,17.66394805908203,20.085739135742188,387714367,-0.10990337063027922,-0.11642524982397091,19.698839569091795,20.287394332885743,19.537425994873047,19.738361130043003,18.65455941310267,1.0838017169403322,1.4736197222668372,-0.389818005326505,49.118410974366654,19.537425994873047,22.6973211480394,16.377530841706694,0.3234709786228302,1.5433286939348494,468954535.05,0.8267632318741983,0.08268558616861477,0.059902208472774596
2023-02-10,17.79853057861328,18.22443389892578,17.62877082824707,17.87581443786621,232811782,-0.004247515382237443,-0.004256561701038504,19.236942291259766,20.0827974319458,19.582529067993164,19.439925660592277,18.59114986980716,0.8487757907851154,1.348650935970493,-0.49987514518537757,33.023656863503916,19.582529067993164,22.60653376166499,16.558524374321337,0.3088472059121759,1.3055177416120256,458002627.1,0.5083197523868526,0.2849929026535993,0.059253064802483484
2023-02-11,18.029085159301758,18.073793411254883,17.703311920166016,17.802188873291016,134054933,0.012953573873424773,0.012870393884048661,18.925752258300783,19.7891695022583,19.61586971282959,19.22287327577835,18.549515446806762,0.6733578289715894,1.2135923145707124,-0.540234485599123,36.802599726612016,19.61586971282959,22.550178079769115,16.681561345890064,0.29917698372765666,1.2226118360246931,438296337.1,0.3058545592394822,0.8793239019445647,0.059039761195443276
2023-02-12,17.76869773864746,18.466371536254883,17.615549087524414,18.027767181396484,259289328,-0.014442630802038003,-0.014547940793013199,18.31044807434082,19.448033332824707,19.603975296020508,18.9991539623736,18.491677098054218,0.5074768643193828,1.0723692245204466,-0.5648923602010638,32.65467173609554,19.603975296020508,22.567533168259708,16.640417423781308,0.3023425430290952,1.219393593924386,428897331.95,0.6045487082447681,0.18000071525093894,0.058618717005751345
2023-02-13,17.6209716796875,17.84229278564453,16.933635711669922,17.770370483398438,245266831,-0.008313837127109869,-0.008348589823883453,17.818347549438478,19.07361183166504,19.63405818939209,18.78712591888343,18.427180400397422,0.35994551848600764,0.9298844833135588,-0.5699389648275511,37.31877041130929,19.63405818939209,22.497675197093628,16.77044118169055,0.2916989427329595,1.1596200125558036,416979622.05,0.5881986025940377,0.7564305392426615,0.057196112767374914
2023-02-14,18.147031784057617,18.257169723510742,17.377979278564453,17.61852264404297,249864205,0.02985420520121096,0.029417243874292617,17.872863388061525,18.78585147857666,19.651215267181396,18.688649898140998,18.40642865103892,0.2822212471020791,0.8003518360712628,-0.5181305889691837,40.324994064293485,19.651215267181396,22.472461042783387,16.829969491579405,0.2871319393985394,1.1728041512625558,410783791.3,0.6082620840741045,0.8747279968367565,0.05666836769368754
2023-02-15,19.923646926879883,19.923646926879883,17.93962287902832,18.145700454711914,256514870,0.09790114239966474,0.09340030478962753,18.297886657714844,18.767414474487303,19.741995906829835,18.878649441023903,18.5188151899901,0.35983425103380284,0.7122483190637708,-0.352414068029968,44.475515902413996,19.741995906829835,22.46944971110253,17.01454210255714,0.276309833832872,1.1595160620553153,399330869.05,0.6423617352954547,0.9999999949597386,0.060518953815460644
2023-02-16,18.614831924438477,20.31131935119629,18.583778381347656,19.923826217651367,362001305,-0.06569153766099045,-0.06794863581333913,18.415036010742188,18.670394134521484,19.6100323677063,18.838062130779992,18.52592754068998,0.312134590090011,0.632225573269019,-0.32009098317900797,37.81052871996404,19.6100323677063,22.284315916180606,16.935748819231993,0.27274646959566506,1.1578705651419503,383388001.55,0.9442165731229571,0.0179755753716136,0.04809559003572923
2023-02-17,19.477388381958008,19.621904373168945,18.522083282470703,18.61043357849121,249597693,0.04633705321760795,0.045295544347166095,18.756774139404296,18.53361110687256,19.55365381240845,18.93642001557661,18.59640612152465,0.3400138940519568,0.5737832374256066,-0.23376934337364974,41.572131484796714,19.55365381240845,22.186849109152266,16.92045851566463,0.2693302563301834,1.1673767907278878,361415167.35,0.6906121146772065,0.8686004468188611,0.04905162906308665
2023-02-18,19.578697204589844,20.032611846923828,19.360095977783203,19.47702980041504,258172528,0.005201355574224742,0.005187875248094634,19.148319244384766,18.483333396911622,19.478599739074706,19.035231890809413,18.669168423973925,0.36606346683548807,0.5322392833075829,-0.16617581647209478,43.403864921266255,19.478599739074706,22.012332819955613,16.9448666581938,0.2601555671168863,1.1707019805908203,353316484.5,0.7307118103061506,0.32504991121693716,0.04873999535306806
2023-02-19,19.80207633972168,20.36556053161621,19.437061309814453,19.572031021118164,288113872,0.011409295153687271,0.01134470000483174,19.479328155517578,18.67609577178955,19.481745052337647,19.15320795987284,18.75308752884413,0.40012043102871075,0.5058155128518085,-0.10569508182309773,48.510114900634385,19.481745052337647,22.01699581938158,16.946494285293713,0.2602693711711133,1.1412804467337472,334454899.6,0.8614431193699875,0.39312367464097187,0.04663571870628028
2023-02-20,20.810766220092773,21.310453414916992,19.215484619140625,19.808090209960938,483461795,0.05093859164393422,0.049683661685361355,19.656752014160155,18.9773193359375,19.53005838394165,19.4082169229836,18.905508172640324,0.5027087503432739,0.5051941603501016,-0.0024854100068276708,55.69950245226292,19.53005838394165,22.130407793540694,16.929708974342606,0.26629202621710024,1.2330474853515625,338723726.7,1.4273041918560114,0.7614822695944433,0.047944967155460136
2023-02-21,20.94013023376465,21.600173950195312,20.017404556274414,20.81546974182129,489974940,0.006216206184036288,0.006196965270198048,20.12181167602539,19.26842384338379,19.528796672821045,19.64389589387299,19.056220917908796,0.5876749759641946,0.5216903234729202,0.06598465249127439,50.49319345263169,19.528796672821045,22.126236637554708,16.93135670808738,0.26601126615738874,1.2498784746442522,334287209.25,1.465730445084327,0.5829817503449474,0.04630998244186477
2023-02-22,20.314476013183594,21.45758056640625,19.64725112915039,20.942157745361328,605541357,-0.02987823922757782,-0.030333688793001728,20.28922920227051,19.523001670837402,19.485517501831055,19.74706206607462,19.14942499904026,0.5976370670343591,0.536879672185208,0.0607573948491511,51.228386590233725,19.485517501831055,21.994447231682162,16.976587771979947,0.2575173822933205,1.2893661771501814,318370183.5,1.9020039827316304,0.36856544815342784,0.0467539389548323
2023-02-23,19.702638626098633,20.695337295532227,19.5836238861084,20.31671905517578,309191497,-0.030118295283023455,-0.030581168821714244,20.314017486572265,19.731168365478517,19.40239009857178,19.7402276906937,19.19040378622977,0.5498239044639313,0.5394685186409527,0.010355385822978569,61.58712198141217,19.40239009857178,21.75435419902696,17.050425998116598,0.24244065689910133,1.1869283403669084,311332380.8,0.9931234785328182,0.10705523375971894,0.04713206867838925
2023-02-24,18.36859893798828,19.805137634277344,18.14151382446289,19.701887130737305,298510977,-0.06770868173683331,-0.07010993989364384,20.027322006225585,19.753325080871583,19.269588279724122,19.529207882585172,19.129529353026697,0.39967852955847505,0.5115105208244571,-0.11183199126598209,53.116153452207584,19.269588279724122,21.534192812485855,17.004983746962388,0.2350444129773753,1.2632112503051758,312709417.8,0.954595416729403,0.1365002777795751,0.049254939006106835
2023-02-25,17.95964241027832,18.55936050415039,17.542898178100586,18.373031616210938,242999790,-0.022263893348130837,-0.022515474957191747,19.457097244262695,19.556924629211426,19.162169551849367,19.28773627146104,19.04287106097126,0.2448652104897775,0.4581814587575212,-0.2133162482677437,49.627668386788,19.162169551849367,21.462845877149938,16.861493226548795,0.240126914551649,1.3093527385166712,307776849.35,0.7895323852758778,0.40999476064926693,0.04861490350879527
2023-02-26,18.44385528564453,18.555042266845703,17.850767135620117,17.95693016052246,151162317,0.026961164610331823,0.026604115830593345,18.95784225463867,19.539826965332033,19.105110549926756,19.15790842748927,18.99849952205817,0.15940890543109987,0.39842694809223694,-0.23901804266113708,53.535146735099836,19.105110549926756,21.418200313594667,16.792020786258846,0.24214356233356404,1.2988850729806083,303924869.0,0.49736738391092306,0.8421256342972956,0.0488240554662903
2023-02-27,17.939739227294922,18.618318557739258,17.789108276367188,18.44245147705078,198821795,-0.027332466588044668,-0.027712947465833998,18.482894897460938,19.38606204986572,18.959836578369142,18.970497781305525,18.92007283355719,0.05042494774833628,0.32882654802345684,-0.27840160027512056,51.609026088932275,18.959836578369142,21.17568137458054,16.743991782157742,0.23374091723336982,1.2932103020804269,298032573.45,0.6671143113601833,0.18165591104578513,0.04653160107304305
2023-02-28,17.081113815307617,17.938501358032227,17.000381469726562,17.938501358032227,200107205,-0.047861643979803525,-0.049044922796449175,17.958589935302733,19.1363037109375,18.80981855392456,18.679823324998154,18.783853647020184,-0.10403032202203022,0.24225517401435942,-0.34628549603638964,44.79439243630944,18.80981855392456,21.110562993793238,16.509074114055885,0.2446322842799182,1.2975079672677177,295158669.35,0.6779648568028753,0.08605759852963908,0.046980472599751695
2023-03-01,17.761022567749023,17.79535484313965,17.033552169799805,17.08233642578125,159270741,0.03980470827564475,0.039032915016127226,17.83707466125488,18.932198333740235,18.804147052764893,18.53846936234444,18.708088381888988,-0.16961901954454817,0.1598803353025779,-0.32949935484712606,38.17134594680309,18.804147052764893,21.11513630828847,16.493157797241317,0.24579570123961322,1.2102064405168806,283736488.05,0.5613333064583972,0.954932837411247,0.04130561708830847
2023-03-02,17.447031021118164,17.83243179321289,17.16027069091797,17.761550903320312,132504184,-0.017678686316238035,-0.017836820803058036,17.73455238342285,18.595824813842775,18.786572074890138,18.370555771386552,18.614676725535592,-0.24412095414903945,0.07908007741225441,-0.32320103156129387,42.83262307003253,18.786572074890138,21.134808174122796,16.43833597565748,0.2499909073216477,1.134822164263044,278721108.15,0.4754006070063769,0.42662439845876476,0.04149537321102759
2023-03-03,16.654382705688477,17.468854904174805,15.944987297058105,17.447799682617188,205495359,-0.04543170207413816,-0.046496084760811816,17.37665786743164,18.167250061035155,18.717836952209474,18.10652914589454,18.469469761102474,-0.36294061520793264,-0.009324061111783025,-0.3536165540961496,32.52383851446227,18.717836952209474,21.233910142982943,16.201763761436005,0.26884230236618967,1.1651112011500768,282293129.45,0.7279502671580164,0.46552298943960363,0.04256238777236676
2023-03-04,16.11780548095703,16.872081756591797,15.818962097167969,16.65411949157715,122435703,-0.03221837964298557,-0.03274881596153546,17.012271118164062,17.7475830078125,18.635292339324952,17.800571658981077,18.295272407017624,-0.4947007480365464,-0.10639939849673574,-0.38830134953981066,29.670516319570496,18.635292339324952,21.38037374253821,15.890210936111695,0.2946110372972766,1.1922971861703056,275450448.2,0.4444926621106874,0.2837696346062576,0.042995000989617047
2023-03-05,16.159337997436523,16.50018310546875,16.08805274963379,16.1220760345459,108593997,0.002576809636309463,0.0025734953546529328,16.827915954589844,17.39325294494629,18.562210655212404,17.548074172589608,18.13705504334495,-0.5889808707553428,-0.20291569294845718,-0.3860651778068856,28.13522919814993,18.562210655212404,21.492566352151233,15.631854958273577,0.3157334814661165,1.1554136957441057,268616806.5,0.4042710447456682,0.17296771534490812,0.04300637003203225
2023-03-06,16.52437973022461,16.58368492126465,15.860719680786133,16.156301498413086,162196354,0.02259014155443717,0.022338763048581248,16.58058738708496,17.20883102416992,18.48107805252075,17.39058271991807,18.017597612743444,-0.6270148928253754,-0.28773553292384085,-0.3392793599015345,22.117459229572233,18.48107805252075,21.54657046852169,15.415585636519811,0.3317438958148675,1.0574134417942591,264233413.95,0.613837408279832,0.9179694999160939,0.042740158801802104
2023-03-07,16.169782638549805,16.698427200317383,15.91472339630127,16.52454376220703,161466099,-0.021459025843264423,-0.02169261856514335,16.32513771057129,17.02984504699707,18.29338483810425,17.20276732278449,17.88072242946984,-0.6779551066853529,-0.3657794476761433,-0.31217565900920957,19.852725269585804,18.29338483810425,21.445440625189704,15.141329051018793,0.3446115429135753,1.0003373282296317,259480975.4,0.6222656545478671,0.3254536186846872,0.03551214008141949
2023-03-08,15.134352684020996,16.235193252563477,15.086821556091309,16.16967010498047,168121578,-0.06403487156718335,-0.06617705914641053,16.021131706237792,16.698894786834718,18.119360876083373,16.884549686051642,17.67728763351067,-0.7927379474590275,-0.45117114763272015,-0.34156679982630733,18.875119030005592,18.119360876083373,21.567133112953833,14.671588639212914,0.38056223510856196,0.9530546324593681,249786989.05,0.6730597884197523,0.04139002002731724,0.03537653458467613
2023-03-09,14.403960227966309,15.66695499420166,14.258267402648926,15.135318756103516,223903610,-0.04826056794790068,-0.049463987482674825,15.67836265563965,16.345316886901855,17.86568946838379,16.502920538653896,17.43481893680368,-0.9318983981497837,-0.547316597736133,-0.38458180041365075,18.609986039634776,17.86568946838379,21.625220885013448,14.106158051754129,0.4208660878476317,0.9742670740400042,248502284.9,0.901012278780862,0.10342451027239256,0.03377813295203025
2023-03-10,14.829690933227539,15.08689022064209,13.941650390625,14.407492637634277,295964794,0.02955650380335295,0.029128130684164987,15.412433242797851,16.120174598693847,17.628239154815674,16.245500599357534,17.241846492094336,-0.9963458927368016,-0.6371224567362668,-0.35922343600053486,26.506769630967497,17.628239154815674,21.529442796820693,13.727035512810655,0.44260843159020674,0.9372396469116211,250391898.2,1.1820062714792743,0.7754188350531774,0.03494199748420824
2023-03-11,14.638959884643555,15.178179740905762,14.103416442871094,14.828900337219238,242350091,-0.012861431127781042,-0.012944855408827137,15.035349273681641,15.8079683303833,17.370083332061768,15.998340489401537,17.04904007672761,-1.0506995873260738,-0.7198378828542282,-0.3308617044718456,27.297693849805412,17.370083332061768,21.348166332175833,13.392000331947704,0.45803844737708344,0.941404002053397,248103709.15,0.9768096246133852,0.4982896585405075,0.034460118737297235
2023-03-12,16.256580352783203,16.305145263671875,14.363444328308105,14.635699272155762,247416383,0.11050105204786798,0.10481131171602778,15.05270881652832,15.688923263549805,17.14237403869629,16.03806969915256,16.990339356435435,-0.9522696572828728,-0.7663242377399573,-0.18594541954291555,37.05286125667278,17.14237403869629,20.799637766883944,13.485110310508635,0.42669279295060775,1.0297915594918388,236301438.55,1.04703714255065,0.9749884651369043,0.04212701037347122
2023-03-13,16.500085830688477,16.7929744720459,15.563715934753418,16.259267807006836,326292018,0.014978886864332797,0.014867811158520436,15.325855445861816,15.673493576049804,16.92037181854248,16.109149104004242,16.954024280454178,-0.8448751764499356,-0.782034425481953,-0.06284075096798258,41.206969903979406,16.92037181854248,20.117010767356568,13.723732869728394,0.37784500046399633,1.0583664349147253,228117292.45,1.430369502003091,0.7617355177212088,0.042365254233758885
2023-03-14,17.180816650390625,17.89102554321289,16.2111759185791,16.500621795654297,425237957,0.041256198706315805,0.04042786762051443,15.881226730346679,15.779794692993164,16.763688850402833,16.274021034217533,16.970823715264284,-0.6968026810467514,-0.7649880765949127,0.06818539554816139,50.622486143422485,16.763688850402833,19.53932627854386,13.988051422261806,0.3311487647987845,1.1112587111336845,219102122.45,1.9408208019392468,0.5772187651919853,0.043663656803724304
2023-03-15,15.585168838500977,17.476064682006836,15.448031425476074,17.18476104736328,314371131,-0.09287380479980678,-0.09747370381524753,16.032322311401366,15.72237777709961,16.55781536102295,16.168043773338063,16.868182613281817,-0.7001388399437545,-0.7520182292646812,0.05187938932092673,37.80921933838715,16.55781536102295,19.00724410822371,14.10838661382219,0.29586375905201934,1.2017037527901786,219361104.15,1.4331215746663628,0.06762088930597047,0.047467562037095734
2023-03-16,15.87647819519043,16.066478729248047,15.379693031311035,15.590289115905762,199893661,0.01869144695884306,0.018518908543339832,16.279825973510743,15.657587623596191,16.433209323883055,16.12318753054612,16.79472302675653,-0.6715354962104101,-0.7359216826538271,0.06438618644341698,41.178151369621304,16.433209323883055,18.744432764868694,14.121985882897416,0.2812869227712743,1.2027483667646135,214430238.35,0.9322083608083627,0.7233481392203883,0.045901199047757905
2023-03-17,17.64643669128418,17.72435760498047,15.70724105834961,15.878774642944336,249635546,0.11148306786513507,0.10569522071645984,16.557797241210938,15.805253028869629,16.417549037933348,16.35753355527505,16.85781292783265,-0.5002793725575998,-0.6887932206345817,0.1885138480769819,55.02112335184084,16.417549037933348,18.689128516664553,14.145969559202143,0.276725773558847,1.2379804338727678,214762026.15,1.1623821514220707,0.9613701432174855,0.05268901235184206
2023-03-18,16.987367630004883,18.179182052612305,16.948850631713867,17.647384643554688,260105946,-0.03734856349808113,-0.038063888570936226,16.655253601074218,15.990554523468017,16.344724655151367,16.454431105233486,16.867409572438,-0.41297846720451403,-0.6336302699485682,0.22065180274405416,54.34724690858882,16.344724655151367,18.428398370022894,14.26105094027984,0.2549658998648001,1.25063841683524,220209207.6,1.1811765222482005,0.0313061971138045,0.05294568781981285
2023-03-19,17.563106536865234,18.09745216369629,16.989490509033203,16.989490509033203,188260913,0.033892179141600476,0.03333049515748801,16.73171157836914,16.30646915435791,16.325893020629884,16.624996556253755,16.91894268091409,-0.29394612466033365,-0.5656934408909213,0.2717473162305877,56.66208574855919,16.325893020629884,18.354963174685896,14.296822866573873,0.24857080117969876,1.300492286682129,219681163.5,0.8569733972662613,0.5177219087326989,0.05322160572376786
2023-03-20,16.64081382751465,17.795822143554688,16.61823844909668,17.563905715942383,226183876,-0.052513073778529984,-0.053942140303896546,16.942840576171875,16.48758144378662,16.303878021240234,16.627429982601583,16.898340543625242,-0.2709105610236584,-0.5067368649174687,0.23582630389381032,50.524820497548234,16.303878021240234,18.307846215641533,14.299909826838936,0.24582718194905345,1.3329650333949499,220984997.05,1.023525936237308,0.01917093310013087,0.05345264382205901
2023-03-21,17.4854679107666,17.528169631958008,16.425477981567383,16.647287368774414,201360715,0.05075797926753833,0.04951178875247441,17.26463851928711,16.772232246398925,16.290100288391113,16.759435817703892,16.941831459709785,-0.18239564200589342,-0.4418686203351536,0.2594729783292602,55.679472935479254,16.290100288391113,18.255300608110968,14.324899968671257,0.2412754108236307,1.3557498795645577,223089495.75,0.902600610230659,0.9612750030445689,0.053935518770290236
2023-03-22,16.77981185913086,17.924171447753906,16.38042449951172,17.483421325683594,309254853,-0.04035671537284036,-0.04119364208603243,17.091313552856445,16.82455539703369,16.256739330291747,16.76257059330804,16.929830007815053,-0.16725941450701143,-0.3869467791695252,0.21968736466251376,57.31117790208451,16.256739330291747,18.16095227949897,14.352526381084523,0.2342675133701674,1.383990968976702,231927029.2,1.3334144539630917,0.25871296943244476,0.05457418578951074
2023-03-23,17.562936782836914,17.833919525146484,16.654478073120117,16.776945114135742,225499693,0.04667066176191437,0.045614328214749575,17.206427383422852,16.930840492248535,16.30216703414917,16.885703853235558,16.97672680596482,-0.09102295272926142,-0.32776201388147247,0.23673906115221105,63.970638785001285,16.30216703414917,18.2879261251794,14.316407943118943,0.24361903382176547,1.3676162447248186,232927245.9,0.9681121335921827,0.7702448480622328,0.05447377695567054
2023-03-24,16.986759185791016,17.636964797973633,16.758556365966797,17.563884735107422,165076426,-0.032806449409358396,-0.033356647827605855,17.091157913208008,16.911434745788576,16.34561471939087,16.901250827474858,16.977469945211205,-0.07621911773634693,-0.2774534346524474,0.20123431691610044,59.41440044273093,16.34561471939087,18.35230401959502,14.338925419186719,0.24553243602684544,1.3485568591526575,235059282.05,0.7022757176842147,0.25979124164934064,0.05449453957483349
2023-03-25,16.880115509033203,17.151586532592773,16.433589935302734,16.98478889465332,160302358,-0.006278047247942231,-0.006297837057618011,17.139018249511718,17.0409294128418,16.381653594970704,16.897999240022294,16.970258505494314,-0.07225926547202022,-0.23641460081636193,0.1641553353443417,59.85372016803664,16.381653594970704,18.40011185584866,14.363195334092747,0.24642912257620184,1.3230735233851842,237644700.1,0.6745463203368111,0.6219048519126108,0.05454284861959835
2023-03-26,17.13402557373047,17.282085418701172,16.881956100463867,16.881956100463867,120192188,0.015041962512720275,0.014929954016242447,17.06872978210449,17.1666841506958,16.412135887145997,16.934310983669704,16.982389399437732,-0.04807841576802829,-0.1987473638066952,0.1506689480386669,54.38353558996314,16.412135887145997,18.45789837574318,14.366373398548813,0.24929875095653178,1.2130927358354842,235544491.8,0.5102738216525766,0.6299700008920784,0.054430378434361354
2023-03-27,16.503171920776367,17.150596618652344,16.14993667602539,17.133577346801758,155993864,-0.03681876452439248,-0.03751368605878358,17.013401794433594,17.05235767364502,16.428805351257324,16.867981897070727,16.94689180842578,-0.07890991135505132,-0.17477987331636644,0.09586996196131511,50.014843012665544,16.428805351257324,18.471684114718737,14.385926587795911,0.24869474313968523,1.1967642647879464,235270880.05,0.6630394036306066,0.3530022799689906,0.05490295320455945
2023-03-28,16.726268768310547,16.798385620117188,16.350547790527344,16.503551483154297,157163428,0.013518422313307799,0.013427863669542071,16.84606819152832,17.026247787475587,16.5084011554718,16.84617987726147,16.930549361009835,-0.08436948374836462,-0.15669779540276607,0.07232831165440146,47.7131123566437,16.5084011554718,18.460975528272275,14.555826782671328,0.23655523686535587,1.1087634222848075,234722972.55,0.6695698605577326,0.8389665735421342,0.05265398331998885
2023-03-29,17.2939395904541,17.391202926635742,16.68571662902832,16.726146697998047,173033738,0.03393887961546205,0.0333756637157914,16.907504272460937,16.999331092834474,16.65290012359619,16.915065986983414,16.957467155783483,-0.042401168800068945,-0.13383847008222666,0.09143730128215771,59.588893303375706,16.65290012359619,18.36234119666814,14.943459050524242,0.20530250711703613,1.0142957823617118,232179478.95,0.7452585335384568,0.8621329072827814,0.051362342092480986
2023-03-30,17.245332717895508,17.52766227722168,17.056400299072266,17.299463272094727,201197047,-0.0028106304121372494,-0.002814587650422898,16.9805477142334,17.05978298187256,16.77368221282959,16.96587625327758,16.978790530754747,-0.012914277477165115,-0.10965363156121434,0.09673935408404923,57.89652047580212,16.77368221282959,18.268622104689523,15.27874232096966,0.17824826688519305,0.998901230948312,227441091.6,0.8846116837754396,0.40090740092396543,0.051237462713473236
2023-03-31,17.716890335083008,17.827316284179688,17.123004913330078,17.247215270996094,188033602,0.02734407186578447,0.026976900997167538,17.097120666503905,17.082925224304198,16.927578735351563,17.081416881247648,17.033464590334617,0.04795229091303099,-0.07813244706636527,0.12608473797939626,50.47803730601169,16.927578735351563,18.09507127398153,15.760086196721593,0.13793969673781842,0.9051294326782227,224725267.15,0.8367265701123453,0.8432142911513468,0.05113133794084837
2023-04-01,17.662683486938477,17.877634048461914,17.573810577392578,17.71441650390625,111851369,-0.003059614137656541,-0.003064304326213569,17.32902297973633,17.17121238708496,16.997883892059328,17.170842512892392,17.08007339749046,0.09076911540193322,-0.044352134572705565,0.13512124997463879,54.9918452147314,16.997883892059328,18.1645903041484,15.831177479970254,0.13727666567179084,0.8389502934047154,217947016.45,0.5132044054645741,0.2925149472749825,0.045470580776705766
2023-04-02,17.263288497924805,17.838180541992188,17.12401580810547,17.79855728149414,122730984,-0.022612361780078527,-0.022871941842269133,17.43642692565918,17.14124755859375,17.03604402542114,17.18506497212815,17.09364488641152,0.09142008571662785,-0.017197690514838878,0.10861777623146673,47.72446104132424,17.03604402542114,18.183969483884326,15.888118566957958,0.13476432166414365,0.8106703077043805,207768964.75,0.5907089355124681,0.19501479317134626,0.045817883150159465
2023-04-03,17.101024627685547,17.422077178955078,16.735944747924805,17.26184844970703,183483019,-0.009399360397572165,-0.00944381315646596,17.39784393310547,17.1526741027832,17.03205442428589,17.17213568836775,17.094191533913303,0.07794415445444614,0.0018306784790181308,0.076113475975428,53.94839721089003,17.03205442428589,18.17841489884768,15.885693949724098,0.13461211971319254,0.775566646030971,195681217.85,0.9376629040639426,0.5320836881179244,0.044999484026838094
2023-04-04,17.64712142944336,17.648984909057617,16.994564056396484,17.101242065429688,143457849,0.03193357203133407,0.031434296800958564,17.47820167541504,17.22937469482422,17.135152053833007,17.245210417763996,17.135149303952566,0.11006111381142958,0.023476765545500426,0.08658434826592915,51.46180049501108,17.135152053833007,18.08819959800462,16.182104509661393,0.11123887797172181,0.7435473033360073,187135553.75,0.7665985758732392,0.9971524599526363,0.039675655742691815
2023-04-05,17.989526748657227,18.312583923339844,17.6358585357666,17.647354125976562,221196176,0.019402899253732064,0.01921706299836699,17.532728958129884,17.314924812316896,17.24080448150635,17.3597206225168,17.198436522078836,0.16128410043796393,0.051038232523993136,0.11024586791397079,61.70840660636956,17.24080448150635,18.066302191555167,16.41530677145753,0.09576092704192579,0.681617191859654,188200679.5,1.175320814928301,0.5226170233286499,0.03968704164392253
2023-04-06,18.001949310302734,18.31281089782715,17.70067024230957,17.990446090698242,175964595,0.0006905441048601357,0.0006903057889851945,17.600582122802734,17.464802551269532,17.258580112457274,17.45852503602233,17.2579559878732,0.20056904814913068,0.08094439564902066,0.11962465250011002,54.99410477402646,17.258580112457274,18.13461847124678,16.382541753667766,0.10151916937328832,0.6410957063947406,184517131.95,0.9536490901434695,0.4921729350204599,0.03114929457801194
2023-04-07,17.624462127685547,18.122793197631836,17.539928436279297,18.000171661376953,128153713,-0.020969239281278695,-0.021192216394964696,17.672816848754884,17.55462188720703,17.29043483734131,17.484053819355132,17.28510459082226,0.19894922853287156,0.10454536222579085,0.09440386630708071,57.59782132462155,17.29043483734131,18.17126867642026,16.409600998262356,0.10188683481535804,0.6199854442051479,177919520.3,0.720290346915914,0.145031395893235,0.030278414133978984
2023-04-08,17.464860916137695,17.740571975708008,17.407833099365234,17.621835708618164,87844490,-0.009055664246180872,-0.009096916003878108,17.745584106445314,17.571714019775392,17.285522556304933,17.481101065013988,17.298419874178958,0.1826811908350301,0.1201725279476387,0.06250866288739139,56.880046283641704,17.285522556304933,18.161033377237743,16.410011735372123,0.10129989626648174,0.5924670355660575,172898699.15,0.5080691204263464,0.17138909551351117,0.02942936623909927
2023-04-09,17.560928344726562,17.636962890625,17.281646728515625,17.465778350830078,92348601,0.005500612289451423,0.005485539170664165,17.728345489501955,17.603273582458495,17.33152828216553,17.493382184969768,17.31786494607137,0.1755172388983972,0.13124147013779042,0.04427576876060679,55.21665114397136,17.33152828216553,18.159821982369454,16.503234581961603,0.09558230373212447,0.5891346250261579,166206935.4,0.5556242329945517,0.786008738507314,0.026699915803051928
2023-04-10,17.932527542114258,17.960126876831055,17.413124084472656,17.560331344604492,125916354,0.021160566804504066,0.020939791072947866,17.71694564819336,17.62483730316162,17.35388126373291,17.56094300914584,17.363395508741213,0.1975475004046281,0.14450267619115795,0.05304482421347015,68.64793198899928,17.35388126373291,18.22280004027065,16.48496248719517,0.10014114575667332,0.5567305428641183,162434717.35,0.7751812916242933,0.9495444180581845,0.02465752648647305
2023-04-11,18.16439437866211,18.564979553222656,17.904096603393555,17.934492111206055,176916860,0.012929958479267034,0.012847080210008,17.749434661865234,17.675008392333986,17.42311038970947,17.653781681379115,17.422728758364983,0.23105292301413272,0.1618127255557529,0.06924019745837981,68.71951219512195,17.42311038970947,18.31963779928216,16.526582980136784,0.10291244094994649,0.5719480514526367,155817817.7,1.1354084058642289,0.39386365073759105,0.022691347147059004
2023-04-12,18.491119384765625,18.69649887084961,17.73080825805664,18.1640625,310077628,0.017987112550656992,0.01782725847124011,17.92276611328125,17.797791481018066,17.469519519805907,17.782602866515504,17.50186880476503,0.2807340617504721,0.18559699279469677,0.09513706895577534,66.62610358683933,17.469519519805907,18.48475942173487,16.454279617876942,0.11622985975978856,0.5905340739658901,160046714.45,1.9374195157056535,0.7873237129610038,0.02068454953561191
2023-04-13,18.85436248779297,19.011821746826172,18.154972076416016,18.25657081604004,250901057,0.019644192191339727,0.01945373525546819,18.200666427612305,17.97312526702881,17.562899684906007,17.947488962096653,17.60205352202636,0.34543544007029325,0.2175646822498161,0.12787075782047716,70.54987564279642,17.562899684906007,18.7242253955016,16.401573974310416,0.13224760505734293,0.6180760519845145,164337946.0,1.5267384259506322,0.8162346644538273,0.01920719646818673
2023-04-14,19.248788833618164,19.30904769897461,18.51934814453125,18.85417366027832,256976337,0.020919633113056113,0.02070382218928146,18.538238525390625,18.13329200744629,17.681333351135255,18.14768894233073,17.724033915477605,0.42365502685312606,0.2587827511704781,0.16487227568264795,69.95799446950375,17.681333351135255,19.01918040430234,16.34348629796817,0.15132875180832295,0.6241752079554966,169171644.95,1.5190272405044674,0.9236939235253088,0.01929912146465383
2023-04-15,19.107620239257812,19.508121490478516,19.030517578125,19.248149871826172,186898140,-0.007333894905314775,-0.007360920127051638,18.773257064819337,18.245101356506346,17.78001308441162,18.29537068031951,17.826521791313176,0.4688488890063347,0.30079597873764946,0.16805291026868524,68.40792356936768,17.78001308441162,19.23398837506933,16.326037793753912,0.163551655868292,0.6365880966186523,172506942.55,1.0834238740613515,0.1614364068721827,0.019442050090810944
2023-04-16,20.20197868347168,20.46013641357422,18.935701370239258,19.107135772705078,272546344,0.05727340351706589,0.05569333334401213,19.18077392578125,18.46510429382324,17.964953422546387,18.58869498849677,18.002481561102694,0.5862134273940747,0.35787946846893454,0.22833395892514013,81.80585201914066,17.964953422546387,19.656620001941054,16.27328684315172,0.18832963711128697,0.6944645472935268,178334566.55,1.528286687615245,0.830653500431012,0.020001873572282128
2023-04-17,20.514562606811523,21.093420028686523,20.028791427612305,20.201345443725586,504173915,0.015472936004807591,0.015354450777013485,19.58546257019043,18.75411434173584,18.154368114471435,18.884982314391348,18.188561638562607,0.6964206758287403,0.42558770994089573,0.2708329658878446,85.78093079998608,18.154368114471435,20.092454741982554,16.216281486960316,0.21351187937697563,0.7214999880109515,195685090.9,2.5764554299011238,0.45628228862746023,0.02002293151458219
2023-04-18,21.227848052978516,21.52521324157715,20.380550384521484,20.51787757873535,289785299,0.034769712610404735,0.03417890206723005,20.06015968322754,19.130413055419922,18.351063537597657,19.24542319725091,18.41369396555638,0.8317292316945313,0.5068160142916229,0.32491321740290835,86.26242787428879,18.351063537597657,20.68046435654071,16.021662718654603,0.25387093387482174,0.7565172740391323,201522668.95,1.437978667659959,0.7402159123379931,0.02007502756811727
2023-04-19,18.993925094604492,21.22297477722168,18.7923526763916,21.22297477722168,375670294,-0.10523548843946895,-0.1111947109030832,20.009186935424804,19.273712730407716,18.438493156433104,19.206731181459155,18.456674049189573,0.7500571322695819,0.5554642378872148,0.19459289438236715,57.354180003776285,18.438493156433104,20.723997380587615,16.152988932278593,0.24790574856244255,0.8821437018258231,210246331.3,1.7868102224526188,0.08293038120353967,0.03272529114438956
2023-04-20,18.332067489624023,19.401334762573242,18.29507827758789,18.990333557128906,294882989,-0.034845752085674975,-0.035467348018321854,19.854076385498047,19.31366672515869,18.469252014160155,19.072167536561444,18.4474439336662,0.6247236028952443,0.5693161108888207,0.055407492006423587,52.20720544939752,18.469252014160155,20.730293183164775,16.208210845155534,0.2448438266228765,0.9174376896449498,215588800.65,1.3678029104987277,0.03343637954109603,0.03347331276160965
2023-04-21,16.953628540039062,18.49474334716797,16.810550689697266,18.332883834838867,312839997,-0.0751927708298673,-0.07816996408535015,19.204406356811525,19.192590141296385,18.433799266815186,18.746238460173384,18.336790941545672,0.40944751862771156,0.5373423924365989,-0.1278948738088873,46.044214459790254,18.433799266815186,20.769106429211,16.09849210441937,0.253372311219627,0.9961039679391044,225638232.05,1.3864671521210847,0.08495337445962711,0.03769620618590905
2023-04-22,17.23383903503418,17.3404483795166,16.85211181640625,16.95215606689453,141967935,0.016528054412266346,0.016392952733717502,18.548261642456055,19.066862106323242,18.432326793670654,18.513561625536585,18.2550908003226,0.2584708252139869,0.4815680789920765,-0.2230972537780896,48.6568111591067,18.432326793670654,20.770776507847078,16.09387707949423,0.25373353460501874,1.0072180884225028,226600079.6,0.6265131735637749,0.7816887770592376,0.03754986473760111
2023-04-23,16.86546516418457,17.24839973449707,16.592947006225586,17.234935760498047,135279687,-0.02137503257984208,-0.021606787045506098,17.675785064697266,18.867972373962402,18.420548820495604,18.26000832379012,18.152155568016077,0.10785275577404363,0.4068250143484699,-0.2989722585744263,46.08059954659934,18.420548820495604,20.78940659801237,16.051691042978838,0.25719730726818074,1.0286564145769392,224189913.0,0.6034155827519323,0.4157708741558557,0.03781242854640147
2023-04-24,16.939165115356445,17.220006942749023,16.59712028503418,16.86475372314453,162414862,0.004369873611810293,0.004360353438677997,17.264833068847658,18.63701000213623,18.38515100479126,18.056801676338786,18.062304423374623,-0.00550274703583753,0.32435946207160843,-0.32986220910744596,44.207232839413344,18.38515100479126,20.822829438896008,15.947472570686513,0.2651790494915681,1.0340766906738281,225137763.65,0.7214021289315583,0.5491285141438491,0.037082934245203564
2023-04-25,17.64320945739746,17.73865509033203,16.805578231811523,16.937700271606445,201291903,0.041563107582129444,0.040722572856929616,17.127061462402345,18.490568923950196,18.367835140228273,17.993172104193967,18.03126035182076,-0.03808824762679208,0.2518699201319283,-0.2899581677587204,47.11936000161926,18.367835140228273,20.82220926466593,15.913461015790618,0.26724696794149827,1.0535191127232142,224142550.0,0.898053060429624,0.8977087031576406,0.038054551261247585
2023-04-26,17.189762115478516,18.196632385253906,16.4422664642334,17.64189910888672,301564451,-0.025700955544050608,-0.02603699530063025,17.174288177490233,18.18934726715088,18.327225780487062,17.869570567468514,17.96892714912874,-0.09935658166022421,0.1816246197734978,-0.280981201433722,42.90663598184029,18.327225780487062,20.833419154678673,15.821032406295453,0.2734940251415406,1.1098530633108956,230422542.8,1.3087454349540317,0.4260773867230207,0.03847510925136019
2023-04-27,17.724498748779297,17.89904022216797,17.14951515197754,17.19050407409668,204597089,0.031107855344855384,0.030633811924975763,17.272420120239257,17.910340881347658,18.332227611541747,17.847251826131714,17.95082134169545,-0.10356951556373417,0.12458579270605141,-0.22815530826978558,43.95442719867865,18.332227611541747,20.832908680613823,15.83154654246967,0.27281802539890765,1.102187020438058,234244711.6,0.873433118735134,0.7671305630702488,0.03885414339812931
2023-04-28,17.56381607055664,17.807231903076172,17.306236267089844,17.724470138549805,127740732,-0.009065569667166096,-0.00910691199470742,17.412090301513672,17.54393768310547,18.337175369262695,17.803646325274013,17.922154284574056,-0.1185079593000431,0.0759670423048325,-0.1944750016048756,40.7528938978443,18.337175369262695,20.831012796947064,15.843337941578326,0.27199799068995234,1.0815653119768416,236239523.7,0.5407254891108638,0.5141358124174716,0.03885427871316229
2023-04-29,17.48208236694336,17.718311309814453,17.409038543701172,17.562843322753906,98790066,-0.004653527643704747,-0.004664389012355837,17.520673751831055,17.392753410339356,18.333233070373534,17.7541749470693,17.88955636474956,-0.1353814176802608,0.03369735030781384,-0.16907876798807464,41.020493399259266,18.333233070373534,20.832480665141155,15.833985475605912,0.27264668323083724,1.0695416586739677,236561596.95,0.41760821398614595,0.2361792853549865,0.03885904417081142
2023-04-30,17.166259765625,17.809911727905273,17.149097442626953,17.483182907104492,117908615,-0.01806550242066951,-0.01823067592845847,17.42528381347656,17.276172637939453,18.29491968154907,17.66372645761633,17.83597883888848,-0.17225238127214837,-0.007492596008178617,-0.16475978526396975,31.652499417271045,18.29491968154907,20.843047436882372,15.74679192621577,0.2785612399165827,1.0078544616699219,236161210.0,0.4992717262923915,0.025971476586804897,0.03875200112026864
2023-05-01,16.65838050842285,17.21229362487793,16.537229537963867,17.162769317626953,136356603,-0.029585900722483793,-0.030032392111683983,17.31900749206543,17.246647834777832,18.21961898803711,17.509057850048105,17.74874933292806,-0.23969148287995523,-0.053932373382533955,-0.18575910949742128,27.23122199443121,18.21961898803711,20.87090889236431,15.568329083709909,0.29103681104067225,0.9800284249441964,234133197.15,0.5823890189849569,0.17946587740750078,0.039086620329597886
2023-05-02,16.854707717895508,16.966835021972656,16.527618408203125,16.658727645874023,109496323,0.011785491955438765,0.011716583926720075,17.14504928588867,17.208734703063964,18.137798404693605,17.408388598947706,17.682524028110834,-0.2741354291631275,-0.09797298453865268,-0.17616244462447483,22.50004617738786,18.137798404693605,20.854016146430588,15.42158066295662,0.2995090893759295,0.9296394075666156,224104131.9,0.48859573481161683,0.7447106780366659,0.0389308843925703
2023-05-03,17.222131729125977,17.314401626586914,16.440670013427734,16.85454750061035,162088946,0.02179948874701365,0.02156527756897995,17.07671241760254,17.244401359558104,18.056186866760253,17.37973369589821,17.648420894852695,-0.2686871989544848,-0.13211582742181913,-0.13657137153266566,35.44053459990897,18.056186866760253,20.779826340180918,15.332547393339588,0.3016849009726001,0.818084853036063,219663526.35,0.7378964942124084,0.894395595838326,0.03900234947756849
2023-05-04,16.91795539855957,17.252674102783203,16.83331871032715,17.2237548828125,113190608,-0.01766194425583123,-0.017819777583589325,16.963887023925782,17.242280387878417,17.939645195007323,17.308690880923034,17.594312339571722,-0.2856214586486878,-0.16281695366719287,-0.12280450498149495,37.65398341968084,17.939645195007323,20.647844795415086,15.23144559459956,0.30192342947356243,0.7690204892839704,212474239.9,0.5327262639144991,0.20182567754398054,0.03866945830196179
2023-05-05,17.38660430908203,17.41295051574707,16.896852493286133,16.92181396484375,171744723,0.027701273557108497,0.027324534878548214,17.007955932617186,17.216619873046874,17.853594398498537,17.320677562178265,17.578926559535446,-0.25824899735718176,-0.18190336240519067,-0.07634563495199109,54.494053699629866,17.853594398498537,20.514489888257724,15.192698908739349,0.298079527334055,0.6855851582118443,211716569.05,0.8112011439191608,0.948951139109345,0.03937871321171952
2023-05-06,16.63551902770996,17.482257843017578,16.502220153808594,17.38744354248047,133852669,-0.043199078326049856,-0.04415993249824235,17.00338363647461,17.16119556427002,17.675271415710448,17.21526855687545,17.509044520140968,-0.29377596326551725,-0.20427788257725601,-0.08949808068826123,44.34275042038205,17.675271415710448,20.14464380435083,15.205899027070066,0.2794154987001231,0.7207066672188895,204781885.3,0.6536352998406544,0.13601402681647493,0.037522143680344386
2023-05-07,16.447729110717773,16.737930297851562,16.440841674804688,16.635347366333008,95305315,-0.011288491611195495,-0.011352690226893756,16.92198791503906,17.033518600463868,17.47192974090576,17.097185565158885,17.4304285638874,-0.33324299872851526,-0.2300709058075079,-0.10317209292100735,45.91056090820823,17.47192974090576,19.6035403935585,15.340319088253022,0.24400403209751398,0.6951092311314174,184338455.3,0.5170126593764508,0.023183101428182983,0.03707900496414348
2023-05-08,15.423477172851562,16.50736427307129,15.07004165649414,16.44506072998047,244045721,-0.062273152176295365,-0.06429657939588326,16.56225700378418,16.81948471069336,17.181711196899414,16.839691966342375,17.281765497884745,-0.44207353154236984,-0.27247143095448034,-0.1696021005878895,37.490298829121805,17.181711196899414,18.63176225732804,15.731660136470786,0.16879006331922303,0.7532832281930106,182051476.4,1.340531402578617,0.2458985267622872,0.037218334600689254
2023-05-09,15.335582733154297,15.57580852508545,15.256746292114258,15.42355728149414,116223244,-0.005698743461816647,-0.005715043255397714,16.245782470703126,16.604834747314452,16.998794078826904,16.6082905458519,17.137603811608415,-0.5293132657565138,-0.32383979791488704,-0.2054734678416268,28.797601785832583,16.998794078826904,18.408719498409063,15.588868659244744,0.16588534610679387,0.7094250406537738,169079123.9,0.687389674840869,0.24708796724392526,0.03060813779773625
2023-05-10,15.53670883178711,15.70870304107666,14.908783912658691,15.336101531982422,226449891,0.013114995506365412,0.013029738573287491,15.875803375244141,16.441879653930663,16.859026145935058,16.443431820611163,17.01901899828832,-0.5755871776771571,-0.3741892738673411,-0.20139790380981598,34.073339277589156,16.859026145935058,18.266663195603698,15.45138909626642,0.16698912944126845,0.6412502697535923,165657469.0,1.3669766438360833,0.7849854928715538,0.03045296221458974
2023-05-11,14.973287582397461,15.537684440612793,14.855993270874023,15.537389755249023,142436558,-0.03626387386734853,-0.03693774992012215,15.54335708618164,16.273370361328126,16.76000909805298,16.2172557839629,16.86748333785196,-0.6502275538890601,-0.4293969298716849,-0.2208306240173752,23.638633810853065,16.76000909805298,18.399188777598503,15.120829418507453,0.1956060608267748,0.6364049911499023,157137297.05,0.9064465322620234,0.17206370715898917,0.02696205267089708
2023-05-12,15.192852973937988,15.200723648071289,14.67658805847168,14.973711013793945,152580777,0.014663806484198405,0.014557332487867688,15.292381858825683,16.107184886932373,16.65795979499817,16.059655351651376,16.743436644228705,-0.6837812925773292,-0.48027380241281376,-0.20350749016451547,27.53555668042351,16.65795979499817,18.422284917608906,14.893634672387433,0.21182967714215567,0.6380578449794224,157667939.15,0.9677349613534286,0.9849834963713335,0.02688375009263336
2023-05-13,14.942066192626953,15.201868057250977,14.934647560119629,15.194025993347168,76672620,-0.01650689187483334,-0.016644648676135496,15.196099662780762,15.879178333282471,16.56178984642029,15.88771855795531,16.61000179596191,-0.7222832380066002,-0.5286756895315711,-0.19360754847502915,26.680837591673537,16.56178984642029,18.48134374761361,14.642235945226968,0.2318051272227946,0.6350541114807129,154737585.8,0.49550094505868914,0.027762212514916444,0.02675835561815882
2023-05-14,15.03024959564209,15.142487525939941,14.855501174926758,14.941278457641602,81176240,0.005901687348878859,0.005884340608661149,15.13503303527832,15.690407752990723,16.46634407043457,15.755800256060969,16.492983114456738,-0.7371828583957694,-0.5703771233044107,-0.16680573509135865,29.53448767072419,16.46634407043457,18.49369752421377,14.43899061665537,0.24624208568790026,0.6083521161760602,150675654.7,0.5387482149098637,0.608908451601658,0.026790846819406845
2023-05-15,15.093147277832031,15.343143463134766,14.863529205322266,15.029603958129883,130822729,0.0041847397004091125,0.00417600802860207,15.046320724487305,15.461062049865722,16.3388409614563,15.653853644025748,16.389291571003056,-0.7354379269773084,-0.6033892840389903,-0.13204864293831808,33.60524307456258,16.3388409614563,18.375287095097974,14.302394827814624,0.24927669452756146,0.5943914140973773,147152196.0,0.889030082840218,0.4787557166659027,0.024535202457541656
2023-05-16,14.903059005737305,15.142037391662598,14.770429611206055,15.093754768371582,115280580,-0.012594342889234111,-0.012674323873841717,15.032275009155274,15.287816047668457,16.224505805969237,15.538346776596757,16.27920026987226,-0.7408534932755018,-0.6308821258862927,-0.1099713673892091,29.531050519332382,16.224505805969237,18.31582815373293,14.133183458205544,0.25779797212612354,0.589562211717878,137838002.45,0.8363483070774871,0.356906926973481,0.024195745432012958
2023-05-17,15.164073944091797,15.284197807312012,14.692970275878906,14.902388572692871,130832786,0.01751418539334826,0.017362579655956417,15.026519203186036,15.15945053100586,16.096484565734862,15.480766340826763,16.196598319814445,-0.7158319789876817,-0.6478720965065705,-0.06795988248111118,27.922244001849677,16.096484565734862,18.113333941260283,14.079635190209439,0.2505950125058683,0.5693833487374442,134149787.3,0.9752738981793376,0.7968229407428471,0.023246244855467852
2023-05-18,14.70057201385498,15.173441886901855,14.494279861450195,15.163835525512695,131860692,-0.03056579201246945,-0.031042668399433194,14.978220367431641,15.087160015106202,15.95332236289978,15.360736444369566,16.08578155641004,-0.7250451120404744,-0.6633066996133513,-0.06173841242712308,26.99932039478435,15.95332236289978,17.937846086641144,13.968798639158415,0.2487912772773238,0.5879409653799874,134355785.3,0.9814292083185792,0.30374511771347107,0.023812232001780672
2023-05-19,14.67898941040039,14.80501937866211,14.596892356872559,14.701531410217285,96148692,-0.0014681471873508878,-0.001469225971437916,14.907968330383301,15.02150068283081,15.813167715072632,15.255852285297387,15.981574730779696,-0.7257224454823099,-0.6757898487871431,-0.04993259669516681,19.043021862682963,15.813167715072632,17.73813055904212,13.888204871103143,0.24346328055885624,0.5659430367606026,134223716.6,0.7163316173588953,0.3944564664278934,0.023850530797805816
2023-05-20,14.636693954467773,14.699698448181152,14.556021690368652,14.678878784179688,69935200,-0.0028813602047188525,-0.002885519314216532,14.816677665710449,14.931499195098876,15.686689424514771,15.160597157477445,15.881953932534369,-0.7213567750569236,-0.6849032340410993,-0.03645354101582432,22.726435182992304,15.686689424514771,17.56925970100406,13.804119148025482,0.2400213614922796,0.5062029702322823,131825045.85,0.5305152715787962,0.5614844022966846,0.02376904523480723
2023-05-21,14.313434600830078,14.687588691711426,14.251659393310547,14.635772705078125,84412582,-0.022085544361540865,-0.022333081445259292,14.698752784729004,14.865513896942138,15.569442129135131,15.030264456454773,15.765767315371088,-0.7355028589163144,-0.6950231590161424,-0.04047969990017197,21.916213321179427,15.569442129135131,17.488929078179726,13.649955180090538,0.24657106312790153,0.516120161328997,129227844.8,0.6532073805814953,0.14170923204530908,0.023462189849607493
2023-05-22,14.680551528930664,14.753812789916992,14.14851188659668,14.312813758850098,125232952,0.02564841621446301,0.025325013767429592,14.602048301696778,14.814283752441407,15.460734319686889,14.97646246760491,15.685380960819945,-0.7089184932150356,-0.6978022258559211,-0.011116267359114529,38.18026725771348,15.460734319686889,17.319025232816987,13.602443406556791,0.24038844141624602,0.4566900389535086,130014676.25,0.9632216578318789,0.8789671890887106,0.02424708187298621
2023-05-23,14.711454391479492,14.946106910705566,14.625208854675293,14.680412292480469,105989745,0.002105020542854108,0.0021028080914043223,14.60422477722168,14.79122257232666,15.335200452804566,14.935691994354844,15.613238251979912,-0.6775462576250675,-0.6937510322097504,0.016204774584682946,39.88690322397205,15.335200452804566,17.02396448866044,13.646436416948692,0.22024675074228006,0.4568211691720145,127209716.2,0.833189068933714,0.26876303080013836,0.023418877481228093
2023-05-24,14.147786140441895,14.712035179138184,14.027911186218262,14.711894035339355,131193367,-0.038314923598856465,-0.03906824531990287,14.49798412322998,14.70297622680664,15.196691989898682,14.814475709137469,15.504686243717837,-0.690210534580368,-0.693042932683874,0.0028323981035059953,29.8606749453577,15.196691989898682,16.790613766805315,13.602770212992047,0.2097722027880965,0.4485500880650112,128109854.15,1.024069287022914,0.1752240145236717,0.024324543947407375
2023-05-25,14.095544815063477,14.246715545654297,13.833481788635254,14.14716911315918,128871426,-0.0036925441803989933,-0.003699378450745023,14.389754295349121,14.603215980529786,15.032139015197753,14.703870956203009,15.400305397150849,-0.69643444094784,-0.6937212343366672,-0.0027132066111728026,35.057689223054396,15.032139015197753,16.325282228013123,13.738995802382384,0.17205045955309212,0.4293745585850307,125966189.3,1.023063622993952,0.6341762153627345,0.022824324589497288
2023-05-26,14.345760345458984,14.388660430908203,13.987369537353516,14.095792770385742,122877712,0.017751391214627654,0.017595675351259974,14.396219444274902,14.547486114501954,14.917651081085205,14.648777016088543,15.322190948877376,-0.6734139327888329,-0.6896597740271004,0.016245841238267555,35.72839506966285,14.917651081085205,16.001618498991455,13.833683663178958,0.14532682283749915,0.42059993743896484,125417441.45,0.9797497906141507,0.8930947722233321,0.022246006000532836
2023-05-27,14.549345970153809,14.583966255187988,14.289724349975586,14.345297813415527,100317944,0.014191344326985655,0.014091589859011962,14.369978332519532,14.486013317108155,14.822731924057006,14.633479932098584,15.264943172675629,-0.6314632405770446,-0.6780204673370893,0.0465572267600447,43.276614628351474,14.822731924057006,15.642936959423942,14.00252688869007,0.11066853796846435,0.42253003801618305,125668072.9,0.7982770936562997,0.8823407093133262,0.022720310337966083
2023-05-28,14.935823440551758,15.034667015075684,14.387837409973145,14.550682067871094,154009924,0.02656321948703133,0.026216543000814867,14.414852142333984,14.509538459777833,14.798349237442016,14.679994318014456,15.240563933259047,-0.5605696152445905,-0.6545302969185895,0.09396068167399907,48.53323070259098,14.798349237442016,15.570973195027785,14.025725279856248,0.10442028974838831,0.44823312759399414,121166283.05,1.2710625441604648,0.8471876020886017,0.019578295393799214
2023-05-29,14.484777450561523,14.964109420776367,14.38296127319336,14.938732147216797,134187210,-0.03019893692406772,-0.030664318130899978,14.48225040435791,14.490117263793945,14.755808973312378,14.649960953790927,15.184579749355526,-0.5346187955645991,-0.6305479966477915,0.09592920108319236,41.56680882341277,14.755808973312378,15.49693413631741,14.014683810307346,0.10045198665087686,0.45548554829188753,122064481.35,1.099314137216051,0.17519831395769542,0.020599831660746123
2023-05-30,14.4511137008667,14.723575592041016,14.41038990020752,14.485981941223145,136632953,-0.0023240777988977612,-0.0023267826593889036,14.553364181518555,14.471559238433837,14.701529216766357,14.619369068725662,15.130248930948948,-0.5108798622232857,-0.6066143697628904,0.09573450753960466,43.45115385136258,14.701529216766357,15.355766368369949,14.047292065162765,0.08900259856742895,0.4513125419616699,117573634.45,1.1621053788050182,0.1300308424706768,0.02026464864394798
2023-05-31,14.119641304016113,14.460808753967285,14.025012969970703,14.450821876525879,128954994,-0.022937498362545328,-0.02320465596869845,14.508140373229981,14.452179908752441,14.65884690284729,14.542487874154963,15.0553891067317,-0.5129012325767377,-0.5878717423256599,0.07497050974892217,35.16864672282492,14.65884690284729,15.348840041690663,13.968853764003919,0.09414016578743988,0.44021027428763254,116899556.25,1.1031264628945074,0.21713916322504098,0.01932514084386207
2023-06-01,14.10698413848877,14.284890174865723,13.893011093139648,14.119417190551758,116708033,-0.000896422597063018,-0.0008968246240746355,14.419668006896973,14.394823169708252,14.604553461074829,14.475487299437088,14.985136886861854,-0.5096495874247662,-0.5722273113454811,0.06257772392071492,40.33302664349822,14.604553461074829,15.288483973961934,13.920622948187724,0.09365990062071658,0.41969006402151926,115105919.05,1.013918606125755,0.5460180189931886,0.01889552633843688
2023-06-02,14.490138053894043,14.55781364440918,14.023426055908203,14.105902671813965,128575136,0.02716058312987646,0.026798280096066437,14.33053092956543,14.372691535949707,14.581957054138183,14.477741261661233,14.948470306642017,-0.47072904498078394,-0.5519276580725417,0.0811986130917578,47.248473442922894,14.581957054138183,15.248579109924266,13.9153349983521,0.09143108202981634,0.44299439021519255,117701044.85,1.0923873799409183,0.8733585870911391,0.019817556589972
2023-06-03,14.574328422546387,14.597238540649414,14.422202110290527,14.49035358428955,91435614,0.005810184025798026,0.0057933700035302975,14.348441123962402,14.415345764160156,14.5591609954834,14.492600824874334,14.920756093005304,-0.42815526813097016,-0.5271731800842274,0.09901791195325726,49.10230571325892,14.5591609954834,15.191537860540983,13.926784130425816,0.0868699597804794,0.4452343668256487,118214013.55,0.7734752526723597,0.8691122371087217,0.01981580554708477
2023-06-04,14.782492637634277,14.915099143981934,14.530661582946777,14.5748929977417,112060061,0.014282937028224474,0.014181896847020578,14.414716911315917,14.484040546417237,14.543628263473511,14.537199565298941,14.910514355570413,-0.37331479027147196,-0.49640150212167633,0.12308671185020437,56.98303177924531,14.543628263473511,15.134691129452337,13.952565397494686,0.0812813495052382,0.44155638558523996,117275880.15,0.9555252184564398,0.6550635881123867,0.02009103537044704
2023-06-05,13.897244453430176,14.873546600341797,13.60968017578125,14.783157348632812,236605569,-0.05988490614569131,-0.06175297094274443,14.37023754119873,14.439188957214355,14.493337535858155,14.438744932703747,14.835457325782247,-0.39671239307850037,-0.47646368031304115,0.07975128723454078,39.89721035738983,14.493337535858155,15.125372870568402,13.861302201147907,0.08721736220473998,0.4885967799595424,123342129.6,1.9182867181498706,0.22752742677980323,0.023957237279945892
2023-06-06,14.631876945495605,14.660537719726562,13.851909637451172,13.894960403442383,170072629,0.052861737773066464,0.05151192137134291,14.475216102600097,14.447442054748535,14.466727685928344,14.468457550056339,14.820377297612865,-0.35191974755652566,-0.4515548937617381,0.09963514620521241,49.13132961961642,14.466727685928344,15.019732932302556,13.913722439554132,0.07645201573982975,0.5234346389770508,125304121.75,1.357278807949508,0.9645562842736408,0.026712101962983095
2023-06-07,14.032129287719727,14.682544708251953,13.996687889099121,14.63158130645752,159208577,-0.04098911301741848,-0.041852851730831135,14.383614349365235,14.357072639465333,14.433305549621583,14.401330125081476,14.761988556139299,-0.36065843105782314,-0.43337560122095514,0.072717170163132,48.74735242308677,14.433305549621583,15.007206719560783,13.859404379682383,0.07952456462119956,0.5235584122794015,126671516.0,1.2568617004631097,0.05167463108063319,0.02740293993576405
2023-06-08,13.931173324584961,14.095104217529297,13.812854766845703,14.031624794006348,110532058,-0.007194628916590506,-0.007220635070707498,14.25498332977295,14.301712226867675,14.39591474533081,14.328998309620474,14.700446687135273,-0.371448377514799,-0.42099015647972393,0.049541778964924954,48.238327267434585,14.39591474533081,14.999114440489242,13.792715050172378,0.08380150977958171,0.514202390398298,127390684.3,0.8676620163190378,0.4191985254912315,0.027427382139996247
2023-06-09,13.767868041992188,14.225353240966797,13.7378568649292,13.931811332702637,130556047,-0.011722292070301177,-0.011791539829599827,14.05205841064453,14.233387660980224,14.35247344970703,14.242670576139199,14.631366787495045,-0.3886962113558461,-0.4145313674549484,0.025835156099102308,43.688790125431815,14.35247344970703,15.005726363386955,13.699220536027106,0.09103001179120931,0.520359924861363,130421726.65,1.0010298924377872,0.06156184522088683,0.027509194555779756
2023-06-10,11.680257797241211,13.767866134643555,10.423677444458008,13.767866134643555,430714377,-0.15162915844223201,-0.16443742562601915,13.608661079406739,13.989449310302735,14.220814609527588,13.848453225539508,14.412766121550316,-0.5643128960108079,-0.4444876731661203,-0.1198252228446876,27.801424949739825,14.220814609527588,15.583439279745628,12.858189939309549,0.19163806119870452,0.7382134028843471,147736816.4,2.915416667933559,0.3757504331957954,0.043130836816670445
2023-06-11,11.575257301330566,11.795604705810547,11.500344276428223,11.680100440979004,121882450,-0.008989570070571995,-0.009030220056243205,12.997337150573731,13.736276626586914,14.065549898147584,13.49873077566121,14.20258028301552,-0.7038495073543096,-0.4963600400037582,-0.2074894673505514,22.814684384059518,14.065549898147584,15.849986491252498,12.28111330504267,0.2537315079789269,0.7131013189043317,147569291.3,0.8259336947835568,0.2537184631271954,0.04234743517935123
2023-06-12,11.520296096801758,11.583162307739258,11.300929069519043,11.575085639953613,125715031,-0.004748162662655542,-0.004759470997064904,12.494970512390136,13.439292430877686,13.905991983413696,13.194356209682832,14.003892565518203,-0.8095363558353714,-0.5589953031700808,-0.2505410526652906,24.37681386878883,13.905991983413696,15.992387314627734,11.819596652199657,0.30007141291359535,0.6917502539498466,148555555.6,0.8462492734940167,0.7772543761802008,0.04226428979015175
2023-06-13,11.787354469299316,12.041451454162598,11.455876350402832,11.520524024963379,139037459,0.023181554558454387,0.022916943909736365,12.066206741333009,13.160595035552978,13.787970399856567,12.977894403469982,13.83970455839088,-0.8618101549208976,-0.6195582735202443,-0.24225188140065335,27.868982089521964,13.787970399856567,16.074247292382413,11.50169350733072,0.3316335655245721,0.7112066405160087,148947760.2,0.9334645839138976,0.5660727566924479,0.04242792950768244
2023-06-14,11.366084098815918,11.948820114135742,11.260865211486816,11.787341117858887,135945535,-0.03573917892947187,-0.03639345969021148,11.585849952697753,12.818954181671142,13.65149736404419,12.729923587369356,13.656473413237178,-0.9265498258678218,-0.6809565839897599,-0.24559324187806186,27.459257764975973,13.65149736404419,16.174109964769883,11.128884763318494,0.3695730268197309,0.7292180061340332,149301465.65,0.9105438744900894,0.15294445231005482,0.04285293305012241
2023-06-15,11.40145206451416,11.546728134155273,11.032645225524902,11.367071151733398,140941560,0.003111710716791727,0.003106879364917539,11.530088806152344,12.569374942779541,13.504281949996948,12.525543353083942,13.48943479481325,-0.9638914417293076,-0.7375435555376695,-0.22634788619163815,27.934438521141118,13.504281949996948,16.19438988300192,10.814174016991974,0.39840814090905174,0.7379468509129116,150204658.05,0.9383301545354438,0.7174073006974041,0.04248146616259667
2023-06-16,11.541641235351562,11.693414688110352,11.275351524353027,11.400168418884277,93292947,0.012295729530252153,0.012220751032471635,11.523365592956543,12.260351371765136,13.353896713256836,12.37417379650973,13.345153790408679,-0.9709799938989487,-0.7842308432099254,-0.1867491506890233,24.96054636901063,13.353896713256836,16.132829437703286,10.574963988810385,0.416198025807361,0.7296379634312221,149853408.2,0.6225613959709727,0.6369604588829678,0.042425544888760415
2023-06-17,11.625213623046875,11.821560859680176,11.486980438232422,11.54151439666748,89125242,0.0072409448527419595,0.007214855078933856,11.544349098205567,12.019659805297852,13.188366222381593,12.25894915443852,13.217750815048545,-0.9588016606100247,-0.8191450066899454,-0.1396566539200793,24.95266930231466,13.188366222381593,15.964943625205994,10.411788819557191,0.42106464985971537,0.7410339627947126,146609174.1,0.6079104022454213,0.41315382437731957,0.04174935469418898
2023-06-18,11.342635154724121,11.628235816955566,11.337965965270996,11.624931335449219,95386928,-0.024307378555396553,-0.024607679216594073,11.455405235290527,11.760805988311768,13.031259107589722,12.117977769867073,13.078853358728217,-0.9608755888611444,-0.8474911231241854,-0.11338446573695904,21.149387850171266,13.031259107589722,15.854171118154516,10.208347097024928,0.4332523798748904,0.7343076978410993,144669160.0,0.6593452813301743,0.016085684631630487,0.04163157825934893
2023-06-19,11.454609870910645,11.487324714660645,11.211133003234863,11.343002319335938,89600908,0.009872019566801171,0.009823609524162754,11.473110389709472,11.529480171203613,12.881433916091918,12.015921170027621,12.958539026297286,-0.9426178562696652,-0.8665164697532814,-0.07610138651638376,26.45982315512086,12.881433916091918,15.705124559332125,10.057743272851711,0.43841247203275374,0.6637595040457589,142317557.75,0.6295843563968129,0.8815502015009121,0.04185822991915711
2023-06-20,12.106450080871582,12.108436584472656,11.205348014831543,11.45524787902832,123591888,0.05690636497505741,0.05534611732088488,11.614109992980957,11.57209939956665,12.780774354934692,12.029848694772847,12.895421326636123,-0.8655726318632766,-0.8663277021752804,0.000755070312003836,25.267258361642263,12.780774354934692,15.561824232256727,9.999724477612657,0.4351927043056298,0.6705066817147392,142049402.45,0.8700627096513351,0.9978003114579704,0.04435859161653364
2023-06-21,12.917662620544434,13.011942863464355,12.076196670532227,12.10678482055664,199602351,0.06700663978737942,0.06485719515628012,11.889314270019531,11.706339931488037,12.721308279037476,12.16643545258386,12.89706882988859,-0.7306333773047307,-0.8391888372011705,0.10855545989643989,39.51957706768098,12.721308279037476,15.432952341200002,10.00966421687495,0.42631528183792977,0.6883559226989746,146194118.35,1.365324085898836,0.8992459145177422,0.04732320241217952
2023-06-22,12.667882919311523,13.213497161865234,12.645727157592773,12.915260314941406,171555239,-0.019336292375035202,-0.019525683871086368,12.09784812927246,11.821098613739014,12.63019552230835,12.243581216695807,12.880092095771772,-0.6365108790759653,-0.7986532455761295,0.16214236650016423,38.443515730671145,12.63019552230835,15.210888168100137,10.049502876516563,0.4086544252198763,0.7087502479553223,148343123.5,1.1564758443285712,0.039022423097035755,0.046889504850062984
2023-06-23,13.281949996948242,13.482173919677734,12.663741111755371,12.668237686157227,171643520,0.04847432531134355,0.047336083994066976,12.485711097717285,11.970558166503906,12.565576601028443,12.403330259811566,12.90985934771077,-0.506529087899203,-0.7402284140407442,0.2336993261415412,45.89352279750002,12.565576601028443,15.001988893892282,10.129164308164604,0.38779156265131964,0.7323885645185199,152353518.8,1.1266134274543582,0.7553569109829055,0.048382572012925076
2023-06-24,13.024869918823242,13.38566780090332,12.803576469421387,13.282217979431152,122944055,-0.019355597497661803,-0.01954536983733261,12.799763107299805,12.13643674850464,12.47769546508789,12.498951745813361,12.918378649274656,-0.41942690346129474,-0.6760681119248544,0.25664120846355964,66.45408306165204,12.47769546508789,14.694296459318394,10.261094470857387,0.35529012555763484,0.5350957598005023,152897718.5,0.8040934567640393,0.3801696291143402,0.048317760650697504
2023-06-25,13.442519187927246,13.674091339111328,12.996980667114258,13.023022651672363,150750404,0.03206552324184275,0.031562156557283685,13.066976928710938,12.340543460845947,12.454959201812745,12.644115967677036,12.957203874360033,-0.3130879066829966,-0.6034720708764829,0.29038416419348634,71.22563129462554,12.454959201812745,14.618956311388985,10.290962092236505,0.34749164160429896,0.562370777130127,148604960.25,1.0144372283831622,0.6579995452130764,0.04719687301419127
2023-06-26,13.152833938598633,13.639678955078125,13.032088279724121,13.442231178283691,163891431,-0.02154992269520284,-0.021785513064518702,13.114011192321778,12.501662731170654,12.381007051467895,12.722380270895744,12.97169499022956,-0.24931471933381566,-0.5326406005679495,0.2833258812341338,67.61734433230404,12.381007051467895,14.321293327327757,10.440720775608034,0.3134294759374716,0.5856105940682548,148295900.35,1.1051649480072765,0.19872862073940617,0.045673162921206045
2023-06-27,13.205107688903809,13.461466789245605,13.126251220703125,13.153239250183105,114157872,0.003974333634044536,0.0039664568332526415,13.221456146240234,12.659652137756348,12.3396559715271,12.79664602751237,12.988984819760985,-0.1923387922486146,-0.4645802389040825,0.2722414466554679,66.0432282304838,12.3396559715271,14.163539361076916,10.515772581977282,0.29561332888993036,0.567727770124163,146043365.1,0.7816710599747746,0.2352410605245497,0.04487018571816816
2023-06-28,12.355886459350586,13.205353736877441,12.174284934997559,13.205353736877441,170640369,-0.06431005710516235,-0.06647111497344571,13.036243438720703,12.760977268218994,12.26089162826538,12.728836863179788,12.94208864491577,-0.21325178173598225,-0.4143145474704624,0.20106276573448018,60.21153443141021,12.26089162826538,13.924393005163319,10.597390251367441,0.27135080014295565,0.592235905783517,149048780.65,1.14486256281896,0.17612939336408084,0.04698446427556182
2023-06-29,12.677756309509277,12.924838066101074,12.292954444885254,12.35520076751709,133351344,0.02604991970568893,0.02571640024888439,12.96682071685791,12.883291912078857,12.206386041641235,12.720978316461249,12.922508471922697,-0.20153015546144815,-0.3717576690686596,0.17022751360721144,62.43235741223045,12.206386041641235,13.727310692423476,10.685461390858993,0.24920146644448454,0.6006502423967633,149188545.5,0.8938443870008773,0.6089758392437199,0.04745169669490394
2023-06-30,13.013050079345703,13.309677124023438,12.377684593200684,12.677090644836426,252369786,0.0264474061222435,0.02610372004367473,12.880926895141602,12.97395191192627,12.27302565574646,12.765912433828086,12.929215257657734,-0.1633028238296479,-0.3300667000208573,0.16676387619120941,63.808011432425324,12.27302565574646,13.813554286495936,10.732497024996984,0.2510430066652996,0.637359482901437,140271315.95,1.799154618966844,0.6817280807678193,0.032418935636380944
2023-07-01,12.994583129882812,13.135228157043457,12.90446662902832,13.013632774353027,116343644,-0.0014191099972943322,-0.0014201178875374728,12.849276733398437,12.981643962860108,12.343991947174072,12.801092540913428,12.934057322266998,-0.1329647813535697,-0.2906463162873998,0.15768153493383008,63.00941824881746,12.343991947174072,13.879938452337143,10.808045442011,0.24885734075915336,0.62994384765625,139994375.65,0.8310594154930252,0.3905178550533886,0.03227965390595419
2023-07-02,13.119144439697266,13.195372581481934,12.751692771911621,12.996426582336426,139911155,0.00958563338042051,0.009539982692094702,12.83208408355713,13.026770114898682,12.423934364318848,12.850023602264788,12.947767479113685,-0.09774387684889696,-0.2520658283996992,0.15432195155080225,67.39978198957398,12.423934364318848,13.94573704524821,10.902131683389486,0.24497918876647187,0.6409017017909459,140704181.85,0.9943638714956929,0.828191077388888,0.03218058031502688
2023-07-03,13.223526000976562,13.431045532226562,13.096904754638672,13.12028980255127,168312885,0.007956430524802327,0.007924945029294474,13.005611991882324,13.020927715301514,12.49574294090271,12.907485509758907,12.968194036288711,-0.06070852652980463,-0.21379436802572027,0.15308584149591564,67.3512201044978,12.49574294090271,14.026578938014158,10.964906943791263,0.24501720375513064,0.6450409208025251,142167953.15,1.1839017251828527,0.37894579483082363,0.0319571944808864
2023-07-04,13.042004585266113,13.386824607849121,13.041964530944824,13.224189758300781,141670542,-0.01372715686398951,-0.013822245482156787,13.078461647033691,13.0226411819458,12.57953896522522,12.92818075214463,12.973661484361111,-0.045480732216480746,-0.18013164086387237,0.13465090864739163,60.109591683794235,12.57953896522522,14.031453617530605,11.127624312919835,0.23083749830880873,0.6051674570356097,142454203.5,0.9944988530998314,0.0001161465846877725,0.030792873197704785
2023-07-05,12.670045852661133,13.142560958862305,12.557414054870605,13.043407440185547,134100625,-0.028520058413811,-0.028934657226799117,13.009860801696778,12.94539384841919,12.642968654632568,12.88846769068563,12.95117143756852,-0.0627037468828906,-0.15664606206767603,0.09394231518478544,47.043600698390904,12.642968654632568,13.984852875034747,11.30108443423039,0.2122735976111896,0.5801246506827218,142112156.75,0.9436252891151763,0.19248464803853535,0.03181726664942739
2023-07-06,12.410744667053223,13.092917442321777,12.302614212036133,12.67006778717041,153672696,-0.020465686440546582,-0.020678010501639484,12.89309310913086,12.871184921264648,12.686423826217652,12.814971840896028,12.911139824937758,-0.09616798404172933,-0.1445504464624867,0.04838246242075736,46.936884105569796,12.686423826217652,13.930893008917698,11.441954643517606,0.19618912307316058,0.5960198811122349,145131144.2,1.0588540236975545,0.13682147497966418,0.03230310923826853
2023-07-07,12.739989280700684,12.741192817687988,12.331330299377441,12.411574363708496,109676681,0.026528997451821468,0.026183205934967865,12.817262077331543,12.824673080444336,12.742162609100342,12.803436062404437,12.898462006846124,-0.09502594444168722,-0.1346455460583268,0.03961960161663958,43.074000326137586,12.742162609100342,13.881960169245259,11.602365048955425,0.1789017445642835,0.5668362889971051,146158716.15,0.7503943924044929,0.9970635349558162,0.03268653732720369
2023-07-08,13.66015911102295,13.849803924560547,12.737736701965332,12.73962688446045,285973788,0.07222689203641597,0.06973769327231473,12.90458869934082,12.955100345611573,12.858038806915284,12.935239608345746,12.954884014562927,-0.019644406217180332,-0.11164531809009749,0.09200091187291716,56.94214278315159,12.858038806915284,13.86186332383172,11.854214289998847,0.15613959982397344,0.604691709790911,155688059.15,1.8368382878000569,0.8294664045670815,0.0351509983241456
2023-07-09,13.607531547546387,14.186827659606934,13.596845626831055,13.659773826599121,216696215,-0.00385263180676243,-0.003860072309173899,13.017694091796875,13.048077869415284,12.96568489074707,13.038669137453537,13.003228276265405,0.035440861188131834,-0.08222808223445162,0.11766894342258345,51.959498177848346,12.96568489074707,13.77961303851071,12.15175674298343,0.1255511227709225,0.5984682355608258,162042824.5,1.337277449147401,0.018112281290892398,0.03528570630289832
2023-07-10,13.38939094543457,13.813161849975586,13.243370056152344,13.607630729675293,173771957,-0.01603087241426604,-0.01616075682681247,13.161563110351562,13.08571195602417,13.02983193397522,13.092626338681388,13.031832918426085,0.06079342025530288,-0.05362378173650072,0.1144172019918036,52.857636592789554,13.02983193397522,13.756137783768414,12.303526084182026,0.11148353309137553,0.5957683154514858,164551827.95,1.0560317631524676,0.25627060323163997,0.03383882160279328
2023-07-11,13.260403633117676,13.67273998260498,13.186403274536133,13.390639305114746,142550257,-0.009633545905303187,-0.009680248692994642,13.331494903564453,13.112294006347657,13.046968984603883,13.118438230133124,13.048764082477314,0.06967414765581026,-0.028964195858038517,0.09863834351384877,50.655826337565856,13.046968984603883,13.778287717599364,12.315650251608401,0.11210553713410006,0.606562682560512,161699223.25,0.8815766342897383,0.15215869135973237,0.030712525184666148
2023-07-12,13.025257110595703,13.331764221191406,12.914302825927734,13.260605812072754,120763425,-0.017732983778464884,-0.01789209697610065,13.388548469543457,13.1029052734375,13.06483769416809,13.104102673281213,13.047022825300898,0.05707984798031518,-0.011755387090367773,0.06883523507068295,59.29250076655724,13.06483769416809,13.774293826677518,12.355381561658664,0.10860542612421666,0.5627335820879255,159159632.55,0.7587566210424754,0.26578333534303406,0.03065661589224543
2023-07-13,14.092904090881348,14.140225410461426,12.929210662841797,13.024459838867188,262360528,0.08196743996839362,0.07878108752085006,13.475097465515137,13.189843082427979,13.105385398864746,13.256225968296619,13.124495511640191,0.13173045665642746,0.016941781658991285,0.11478867499743618,66.27561350668951,13.105385398864746,13.947401582694278,12.263369215035214,0.12849926319640653,0.604100091116769,163695482.95,1.602735294046793,0.9609242337615332,0.03406386111243453
2023-07-14,14.644426345825195,15.872698783874512,14.091705322265625,14.091705322265625,598790026,0.03913474833769026,0.03838839411965239,13.682476425170899,13.350085258483887,13.186363220214844,13.469795257147169,13.23708298083908,0.23271227630808866,0.060095880588810775,0.1726163957192779,67.87348585122714,13.186363220214844,14.272032996370902,12.100693444058786,0.16466553484462096,0.6647430147443499,187487781.5,3.193754927437765,0.31034421651206934,0.03450536814844121
2023-07-15,14.834538459777832,15.28770637512207,14.466678619384766,14.644079208374023,195367689,0.01298187511502169,0.01289833282120768,13.971505928039551,13.566534519195557,13.255964183807373,13.679755749859579,13.355413016316025,0.3243427335435545,0.11294525117975955,0.2113974823637949,69.42798536657574,13.255964183807373,14.566062971278459,11.945865396336288,0.19766178744982088,0.7069048881530762,189718645.75,1.0297758990829187,0.4480479902682932,0.03401973714254026
2023-07-16,14.28956413269043,14.916604042053223,14.240912437438965,14.834957122802734,136030082,-0.03673685760868384,-0.03742865176794287,14.177338027954102,13.754416465759277,13.312800693511964,13.773572424141248,13.424609395306721,0.3489630288345271,0.16014880671071308,0.18881422212381405,61.35065795071566,13.312800693511964,14.700399125228017,11.92520226179591,0.20846078352127728,0.7234771592276437,188325578.3,0.7223133640577807,0.07200281045257512,0.03481502978495732
2023-07-17,14.422088623046875,14.61111068725586,13.970844268798828,14.290464401245117,149018011,0.00927421502334469,0.009231473550370912,14.456704330444335,13.922626399993897,13.373649740219117,13.873344147049806,13.498496745509694,0.3748474015401122,0.20308852567659294,0.17175887586351926,61.56048266181478,13.373649740219117,14.845537856980142,11.901761623458091,0.22011764108559792,0.7453432764325824,190068585.25,0.7840223085997847,0.7047759092031329,0.034829212632560495
2023-07-18,13.79177474975586,14.572484016418457,13.708069801330566,14.417937278747559,128799916,-0.04370475662476225,-0.044688581627049966,14.396478462219239,13.935787963867188,13.44544415473938,13.860795009004583,13.520221042120522,0.3405739668840617,0.2305856139180867,0.109988352965975,56.65554799863129,13.44544415473938,14.846688500450176,12.044199809028585,0.20843407321979335,0.782454286302839,187976562.6,0.6851913569356864,0.0968343023470977,0.03292416714089789
2023-07-19,14.006319046020508,14.239021301269531,13.780890464782715,13.793724060058594,124260704,0.015555959994811186,0.015436206374103577,14.2688570022583,13.975666713714599,13.511872291564941,13.88318332239165,13.55622830166867,0.32695502072298055,0.2498594952790655,0.07709552544391504,62.20283765372599,13.511872291564941,14.88557563972537,12.138168943404512,0.20333279038138796,0.7733817100524902,187522030.6,0.6626458960710507,0.4920615648705945,0.03267074337565947
2023-07-20,13.856021881103516,14.207503318786621,13.737068176269531,14.005711555480957,147745163,-0.010730668380690256,-0.010788657215035602,14.073153686523437,14.022329807281494,13.554020881652832,13.879004639116552,13.578435233478658,0.30056940563789425,0.2600014773508313,0.04056792828706296,63.46635630165901,13.554020881652832,14.914951251440348,12.193090511865316,0.20081574046115216,0.7505339894975934,182290799.45,0.8104916070683238,0.25285887799310036,0.03247273539994509
2023-07-21,13.983912467956543,14.05537223815918,13.769074440002441,13.856130599975586,103167756,0.009229964267553736,0.009187628453341104,14.01202335357666,14.094680690765381,13.603487348556518,13.895144305091934,13.608470584180724,0.28667372091121024,0.26533592606290707,0.02133779484830317,62.04208879668111,13.603487348556518,14.950649827727425,12.256324869385612,0.19806134186817256,0.7417079380580357,181632005.05,0.5680042786049726,0.7504005334071056,0.03247284425993096
2023-07-22,13.504372596740723,14.044143676757812,13.412701606750488,13.984041213989258,100499241,-0.034292253495912695,-0.03489403039487365,13.82848014831543,14.142592239379884,13.622748756408692,13.83502558073021,13.60075962214813,0.2342659585820801,0.25912193256674165,-0.02485597398466155,48.35121001163966,13.622748756408692,14.951645226505857,12.293852286311527,0.19509960784852592,0.7073775700160435,179661409.35,0.559381346075364,0.14517719501552867,0.03355166538066722
2023-07-23,13.560688972473145,13.737200736999512,13.44616985321045,13.506564140319824,94629430,0.004170232665678508,0.0041615613446936315,13.782262992858886,14.089370727539062,13.63960690498352,13.792819948690662,13.59779142587591,0.19502852281475214,0.24630325061634376,-0.05127472780159162,49.50462136887403,13.63960690498352,14.955671720935287,12.323542089031752,0.19297694209514427,0.6860239165169852,175977236.6,0.5377367654379908,0.39349471725052704,0.03352679105811128
2023-07-24,13.103471755981445,13.58194637298584,12.924637794494629,13.558354377746582,136591562,-0.0337163707109428,-0.03429787576474315,13.601693534851075,13.935275268554687,13.642680263519287,13.686766380581552,13.561175154031876,0.1255912265496768,0.22216084580301038,-0.09656961925333357,47.12183141102146,13.642680263519287,14.953144207383147,12.332216319655426,0.19211238826259952,0.6922751154218402,175723287.6,0.7773105310374355,0.272070021019066,0.034302444519763144
2023-07-25,13.345781326293945,13.435507774353027,13.06025218963623,13.10339069366455,136662247,0.018492013019518305,0.018323114748740706,13.49964542388916,13.786399555206298,13.676467037200927,13.634307141460383,13.545220055680918,0.08908708577946456,0.1955460937983012,-0.10645900801883665,50.84027279933938,13.676467037200927,14.914168656206108,12.438765418195747,0.18099727300019042,0.6843407494681222,175851368.7,0.7771463367632009,0.760892417535312,0.03379579495047487
2023-07-26,13.264717102050781,13.446917533874512,13.133441925048828,13.346122741699219,124083174,-0.006074145998739788,-0.00609266866790137,13.355806350708008,13.683914852142333,13.719165658950805,13.577447135397367,13.524442059115723,0.05300507628164475,0.16703789029496993,-0.11403281401332518,52.430437519794516,13.719165658950805,14.824899195790326,12.613432122111284,0.16119544939208552,0.6769131932939801,174371892.6,0.7116007755025078,0.41877316485960003,0.03341798197446505
2023-07-27,13.14130973815918,13.418496131896973,13.065608024597168,13.265377044677734,92652961,-0.009303429763498072,-0.009346976968868588,13.283193778991699,13.555836963653565,13.73923168182373,13.5103490742838,13.496061887193015,0.014287187090785025,0.13648774965413296,-0.12220056256334794,38.051402658147055,13.73923168182373,14.782974923977962,12.695488439669498,0.15193618774695364,0.6156184332711356,173520706.6,0.5339591038756178,0.21452043820930783,0.03309726627093263
2023-07-28,13.238449096679688,13.273382186889648,13.039627075195312,13.141653060913086,79610077,0.0073919084517457545,0.0073647221865199685,13.218745803833007,13.500504398345948,13.718146181106567,13.468518308498552,13.476979458266102,-0.00846114976754997,0.10749796976979636,-0.11595911953734633,30.072046304281415,13.718146181106567,14.785389412708248,12.650902949504886,0.1555958389000915,0.5051014082772392,163202521.05,0.48779930902911744,0.8505568564369669,0.02875318779435792
2023-07-29,13.246442794799805,13.288398742675781,13.177108764648438,13.237865447998047,55023688,0.0006038243650550168,0.0006036421364754473,13.24734001159668,13.424516773223877,13.700091743469239,13.43435284485259,13.45990266837971,-0.025549823527120097,0.08088841111041306,-0.10643823463753316,26.265427039846983,13.700091743469239,14.787245224259731,12.612938262678746,0.15870747454063333,0.4544058527265276,155118894.7,0.3547194434721562,0.6230033031752321,0.028748657592939857
2023-07-30,13.128493309020996,13.40017318725586,13.012140274047852,13.246405601501465,93192348,-0.008904238489227612,-0.00894411812914605,13.20388240814209,13.351763916015624,13.68704686164856,13.387297531647729,13.43535382694573,-0.04805629529800193,0.05509946982873006,-0.103155765126732,30.108483643800867,13.68704686164856,14.795941445106449,12.57815227819067,0.1620356231211627,0.4338588033403669,151089914.25,0.6168005883291445,0.2998535124576856,0.028595756259477103
2023-07-31,12.825377464294434,13.25479507446289,12.766095161437988,13.128398895263672,108926782,-0.023088395415358343,-0.023359107404500472,13.11601448059082,13.235910415649414,13.665295553207397,13.300848290516452,13.390170392675262,-0.08932210215881042,0.026215155431221958,-0.11553725759003239,24.155713449958412,13.665295553207397,14.825314745817495,12.505276360597298,0.16977593907038904,0.42303262438092915,149408740.5,0.7290522738862122,0.12130614322487729,0.028975182803361185
2023-08-01,12.875663757324219,12.879433631896973,12.544994354248047,12.823457717895508,122231869,0.003920843122924067,0.003913176650350347,13.062885284423828,13.173039531707763,13.657815885543823,13.235435285409954,13.352058790056667,-0.11662350464671256,-0.002352576584364955,-0.11427092806234761,31.74402269596709,13.657815885543823,14.836982563712837,12.478649207374808,0.172672803331184,0.38517727170671734,149482162.7,0.8177020374351328,0.9887277460753615,0.028731342819341345
2023-08-02,12.53736400604248,12.938732147216797,12.481115341186523,12.874157905578613,114062163,-0.0262743542902244,-0.026625692934318868,12.922668266296387,13.070707035064697,13.58003888130188,13.128039703968804,13.291711028277838,-0.16367132430903375,-0.03461632612929873,-0.12905499817973504,22.103082566534297,13.58003888130188,14.840756069077145,12.319321693526614,0.18567210282602722,0.3851405552455357,142067244.45,0.8028744658318739,0.1229165163638478,0.02179901176498783
2023-08-03,12.446003913879395,12.62191104888916,12.399161338806152,12.538097381591797,115953076,-0.007287025575635653,-0.007313705637716752,12.762580490112304,13.004960250854491,13.47011775970459,13.023111120878125,13.229066056840917,-0.2059549359627919,-0.06888404809599738,-0.13707088786679453,22.609200202006804,13.47011775970459,14.723420659549653,12.216814859859525,0.18608640580623254,0.3674487386431013,117925396.95,0.9832748415437917,0.21029240824987916,0.019087494157901543
2023-08-04,12.397878646850586,12.585539817810059,12.322561264038086,12.445049285888672,98780738,-0.00386672440100555,-0.0038742195070471173,12.616457557678222,12.910169982910157,13.348284769058228,12.926921509489274,13.167496619063856,-0.24057510957458206,-0.10322226039171432,-0.13735284918286772,18.204596909163428,13.348284769058228,14.51378317794052,12.182786360175937,0.17462893982962596,0.36578307832990375,113096049.4,0.8734234177414157,0.286401224997971,0.018478306898673337
2023-08-05,12.437810897827148,12.438088417053223,12.288168907165527,12.397886276245117,81054019,0.003220893841117345,0.0032157178737324383,12.538944244384766,12.827479362487793,13.255697107315063,12.851673723079715,13.113445824898175,-0.26177210181846,-0.13493222867706348,-0.12683987314139653,24.043490349841733,13.255697107315063,14.400372873672849,12.111021340957278,0.17270698886535424,0.33138860974993023,110347246.25,0.7345359467907882,0.9981488119340156,0.017425141090295904
2023-08-06,12.572416305541992,12.641515731811523,12.4231595993042,12.437267303466797,92679576,0.010822274821557176,0.010764133112954365,12.47829475402832,12.770590019226074,13.16321349143982,12.808711043458528,13.073369564205125,-0.2646585207465968,-0.16087748709097016,-0.10378103365562663,26.83163052912056,13.16321349143982,14.20539556462296,12.12103141825668,0.1583476669828203,0.32619755608694895,107530324.5,0.8618924608564722,0.6835470920301063,0.01750341931066977
2023-08-07,12.4482421875,12.725878715515137,12.285000801086426,12.57237434387207,113926596,-0.009876710651655407,-0.0099258089120053,12.460470390319824,12.691569328308105,13.096036863327026,12.753254296387984,13.027063832597337,-0.27380953620935244,-0.18346389691464665,-0.09034563929470579,31.79677912322461,13.096036863327026,14.14082565816245,12.051248068491601,0.15955801067743755,0.3107382229396275,106786658.5,1.0668616997693583,0.37026436881615743,0.015224610752392643
2023-08-08,12.691263198852539,12.754738807678223,12.39429759979248,12.447861671447754,122703546,0.01952251632737112,0.01933439644554676,12.509522247314454,12.636051368713378,13.030284070968628,12.743717204459456,13.002189711579204,-0.25847250711974823,-0.198465618955667,-0.06000688816408123,31.82372900747589,13.030284070968628,13.996424705373501,12.064143436563755,0.1482915689547286,0.30968005316598074,106708800.6,1.14989153012746,0.823894672207536,0.015529274317225096
2023-08-09,12.621299743652344,12.785125732421875,12.523412704467773,12.691492080688477,103737727,-0.005512725888981662,-0.0055279770384412865,12.554206466674804,12.585332012176513,12.96854796409607,12.724883748950669,12.973975639880917,-0.24909189093024864,-0.20859087335058335,-0.04050101757966529,32.02115446726367,12.96854796409607,13.868019154582608,12.069076773609531,0.1387157903840522,0.30598272596086773,104508428.8,0.9926254579764575,0.3740243128496237,0.015468139499079771
2023-08-10,12.480973243713379,12.6392183303833,12.476778984069824,12.621468544006348,98396829,-0.011118228929594909,-0.011180498418001852,12.562838935852051,12.550891590118407,12.89340100288391,12.687359055837241,12.937456943868508,-0.25009788803126654,-0.21689227628671998,-0.03320561174454656,31.721219512838985,12.89340100288391,13.679705179143491,12.10709682662433,0.12197001800901179,0.2923792430332729,104269882.45,0.9436744982155679,0.025820464564391507,0.015181216949044533
2023-08-11,12.441793441772461,12.524345397949219,12.38351821899414,12.481833457946777,82201066,-0.0031391624015100206,-0.0031440999075981655,12.536714363098145,12.507504558563232,12.840272045135498,12.649579730596507,12.90074112889843,-0.25116139830192274,-0.22374610068976056,-0.027415297612162187,27.216706850092194,12.840272045135498,13.595745002795642,12.084799087475353,0.11767242236060771,0.2857415335518973,103354973.7,0.7953276272760543,0.41380661796003954,0.013592987289140358
2023-08-12,12.389760971069336,12.479707717895508,12.36347484588623,12.441965103149414,69515970,-0.0041820715756644145,-0.004190840894816424,12.525018119812012,12.492744255065919,12.781725645065308,12.609607613746173,12.862890746837015,-0.25328313309084294,-0.22965350716997704,-0.0236296259208659,26.102004961057517,12.781725645065308,13.481562943567106,12.08188834656351,0.10950591773529218,0.28609459740774973,102099300.7,0.6808662696354785,0.22615050688502583,0.013456352365109942
2023-08-13,12.274397850036621,12.414149284362793,12.244152069091797,12.388569831848145,84586349,-0.009311165994412063,-0.00935478587964129,12.441645050048828,12.47558364868164,12.740271949768067,12.55803688086778,12.819298680407355,-0.2612617995395752,-0.23597516564389667,-0.025286633895678506,26.139724179235543,12.740271949768067,13.457857215623513,12.022686683912621,0.11264834356514804,0.27052061898367746,99499040.05,0.8501222620589494,0.17791926248565995,0.011644256610856935
2023-08-14,12.353681564331055,12.4297456741333,12.202265739440918,12.274033546447754,93500406,0.006459275254321106,0.006438503534769984,12.388121414184571,12.471163940429687,12.690666961669923,12.526597601400592,12.784808523660962,-0.25821092226036946,-0.24042231696719124,-0.017788605293178217,34.939017223287635,12.690666961669923,13.368047106762711,12.013286816577134,0.10675248939062137,0.2518620491027832,97340948.0,0.96054546335423,0.6656227435561132,0.010740350749107097
2023-08-15,11.806095123291016,12.357786178588867,11.659506797790527,12.354454040527344,109201443,-0.04432576946301514,-0.04533818704027916,12.253145790100097,12.407992362976074,12.617735862731934,12.415751066306811,12.71231123474467,-0.2965601684378587,-0.25164988726132476,-0.04491028117653395,24.080531440578554,12.617735862731934,13.346983955571588,11.88848776989228,0.11559095875411056,0.2778506278991699,96596861.45,1.1304864501889051,0.20992789910768306,0.01405958474536822
2023-08-16,11.368606567382812,11.843334197998047,11.177412986755371,11.806071281433105,113468174,-0.037056160511965364,-0.03776018717323425,12.038508415222168,12.287611389160157,12.529100704193116,12.254651912626196,12.612777555680829,-0.3581256430546329,-0.2729450384199864,-0.0851806046346465,22.97598440563003,12.529100704193116,13.406313248348173,11.651888160038059,0.14002801395976971,0.2927295139857701,97637622.1,1.162135778806518,0.2871114097710462,0.015705832592424338
2023-08-17,10.590560913085938,11.490704536437988,10.137734413146973,11.369898796081543,148177479,-0.06843808427051501,-0.07089262230405521,11.678668403625489,12.10184326171875,12.396706295013427,11.998637912696926,12.46298373030343,-0.4643458176065032,-0.3112251942572898,-0.1531206233492134,17.438403067152194,12.396706295013427,13.571828198150191,11.221584391876663,0.18958614896110865,0.37345954350062777,101065992.2,1.4661457902354615,0.3346906844406776,0.020457423144666975
2023-08-18,10.799485206604004,10.984182357788086,10.575095176696777,10.592208862304688,119700967,0.019727405869496062,0.019535342431209624,11.383685874938966,11.912665462493896,12.274358415603638,11.814152880990322,12.339761617436807,-0.5256087364464843,-0.3541019026951287,-0.17150683375135561,23.447968196564346,12.274358415603638,13.57932968599681,10.969387145210467,0.21263372409497855,0.3838958740234375,104299856.15,1.1476618608931801,0.5485139471334426,0.02144602612500864
2023-08-19,10.80682373046875,10.874900817871094,10.581208229064941,10.799180030822754,90720064,0.0006795253407319013,0.000679294567925615,11.074314308166503,11.731217861175537,12.158274936676026,11.659179165525464,12.22621066284658,-0.5670314973211159,-0.3966878216203262,-0.17034367570078973,22.609930940819225,12.158274936676026,13.553274784473942,10.76327508887811,0.2294733183882577,0.39416537966047016,104176241.95,0.8708325651019512,0.7682028839709472,0.021576948273220764
2023-08-20,10.873089790344238,10.915823936462402,10.757769584655762,10.807327270507812,73344406,0.0061318720031176,0.006113148576771895,10.88771324157715,11.570429515838622,12.060660552978515,11.538242338574506,12.125979487105665,-0.5877371485311595,-0.43489768700249287,-0.15283946152866668,20.791849722371666,12.060660552978515,13.530334376644017,10.590986729313013,0.243713653528297,0.38985810961042133,102397123.15,0.7162740880186534,0.7296236837143169,0.02159457634262201
2023-08-21,10.361355781555176,10.872468948364258,10.292451858520508,10.872468948364258,109507461,-0.04706426771565009,-0.04820781486913858,10.686263084411621,11.362385749816895,11.934945154190064,11.357182868263841,11.995266620027852,-0.638083751764011,-0.4755348999547966,-0.1625488518092144,18.347452343819384,11.934945154190064,13.53540822573717,10.334482082642959,0.2681978091847741,0.39984096799577984,101760902.75,1.0761250936327802,0.11879636488860397,0.023072673364823104
2023-08-22,10.130790710449219,10.370950698852539,9.839279174804688,10.360843658447266,127247028,-0.02225240363972436,-0.022503723687274324,10.594309043884277,11.136488723754884,11.814616489410401,11.168507151676977,11.857157293392397,-0.6886501417154207,-0.5181579483069214,-0.1704921934084993,11.017108129628483,11.814616489410401,13.577958098164876,10.051274880655926,0.29850170935890835,0.41207170486450195,102420146.0,1.2424023297135312,0.548292539615812,0.022945535315629886
2023-08-23,10.336661338806152,10.453981399536133,10.06972599029541,10.131617546081543,94660707,0.02032127937897199,0.020117557483767798,10.501744270324707,10.942715072631836,11.709149360656738,11.040530872773774,11.744527963423046,-0.7039970906492723,-0.5553257767753916,-0.14867131387388066,16.598901045275753,11.709149360656738,13.563462102178201,9.854836619135275,0.31672885611179175,0.4208247320992606,101355527.55,0.9339471589578836,0.6946820660023444,0.023947663278806746
2023-08-24,10.113130569458008,10.349539756774902,10.01364517211914,10.336615562438965,92595658,-0.021625045265724174,-0.021862293123367356,10.363005638122559,10.718659973144531,11.59491195678711,10.897853903032887,11.623683712018229,-0.7258298089853419,-0.5894265832173817,-0.13640322576796016,16.204662679967043,11.59491195678711,13.549376968758299,9.64044694481592,0.3371245972811615,0.4332143919808524,101046273.55,0.9163688550491826,0.29618040576337296,0.024077627969972308
2023-08-25,10.053031921386719,10.1181640625,9.914754867553711,10.11365795135498,120285068,-0.005942635434055266,-0.005960363159838637,10.198994064331055,10.543353652954101,11.475673007965089,10.767881290471937,11.507339134934414,-0.7394578444624766,-0.6194328354664007,-0.12002500899607593,16.108473537851694,11.475673007965089,13.50323264689736,9.448113369032818,0.35336657597771787,0.4376845359802246,103007826.0,1.1677274695613904,0.6797974254386392,0.0239023414081695
2023-08-26,10.09171199798584,10.117067337036133,10.014416694641113,10.052557945251465,82673806,0.0038476030814975637,0.003840219988841451,10.145065307617188,10.415664196014404,11.35163779258728,10.663855245474075,11.402477865530816,-0.7386226200567414,-0.6432707923844689,-0.09535182767227246,17.271491301342053,11.35163779258728,13.400105689799368,9.303169895375191,0.3609114269924567,0.4367143767220633,102507537.5,0.8065144087575024,0.7529937856340095,0.023627106095801917
2023-08-27,10.19877815246582,10.265218734741211,10.074180603027344,10.091567039489746,100337789,0.010609315297676947,0.01055343142439954,10.158662796020508,10.376485919952392,11.239164590835571,10.592304923472804,11.313314923822299,-0.7210100003494944,-0.6588186339774741,-0.062191366372020274,20.36927366467762,11.239164590835571,13.281123824239597,9.197205357431546,0.36336494886266574,0.43821729932512554,101828097.15,0.9853644702031044,0.6522129472191793,0.024102038344131094
2023-08-28,10.367795944213867,10.419875144958496,9.977068901062012,10.198723793029785,115644221,0.01657235692563641,0.01643653396869244,10.164889717102051,10.333316993713378,11.122991228103638,10.557765080509892,11.24327648088834,-0.6855114003784486,-0.664157187257669,-0.021354213120779564,22.358462615100507,11.122991228103638,13.079699318827245,9.16628313738003,0.3518312746268715,0.45359774998256136,101475130.9,1.1396311586329768,0.8823882673599196,0.023922567618416008
2023-08-29,10.81059741973877,11.162195205688477,10.343709945678711,10.367865562438965,184923910,0.04270931622376528,0.04182243748507687,10.304383087158204,10.333694362640381,11.032456111907958,10.59666236346818,11.211226180062447,-0.6145638165942664,-0.6542385131249886,0.0396746965307222,35.72733564808675,11.032456111907958,12.860603604626828,9.204308619189089,0.33141260190387634,0.46218388421194895,105534440.05,1.7522612515154952,0.5704286823078538,0.026650010423283535
2023-08-30,10.411699295043945,10.817639350891113,10.354393005371094,10.811216354370117,120489599,-0.03689880486775754,-0.037596789493813995,10.37611656188965,10.287555313110351,10.928992414474488,10.56820650678753,11.152001966357373,-0.5837954595698438,-0.6401499024139596,0.05635444284411584,36.12710321515952,10.928992414474488,12.642599129330922,9.215385699618054,0.31358914891127804,0.4477071080889021,106639078.55,1.1298822217739428,0.12370586188103326,0.02745226945245598
2023-08-31,9.987269401550293,10.521271705627441,9.952914237976074,10.412128448486328,141798755,-0.04076470914749564,-0.0416188839809777,10.355228042602539,10.250146675109864,10.80626621246338,10.478831567520261,11.065725480075367,-0.5868939125551051,-0.6294987044421888,0.04260479188708366,40.2544695469986,10.80626621246338,12.41185964231257,9.200672782614188,0.29715970313546125,0.39166334697178434,109618963.0,1.2935604490255943,0.06044640024124455,0.02832931128178758
2023-09-01,9.92474365234375,10.054007530212402,9.78664493560791,9.987107276916504,113586569,-0.006260544969062032,-0.006280224359517699,10.300421142578125,10.229541969299316,10.6830153465271,10.39358727287772,10.981208307650803,-0.5876210347730826,-0.6211231705083676,0.033502135735285044,35.167954101870436,10.6830153465271,12.149194024427551,9.216836668626648,0.274487797750302,0.381540162222726,111822492.95,1.0157756816492078,0.5165221850682088,0.028308564350992965
2023-09-02,9.91187858581543,9.955727577209473,9.78929615020752,9.925154685974121,92831091,-0.0012962618460460318,-0.001297102720173371,10.209237670898437,10.187063694000244,10.56488938331604,10.319478244098907,10.90199869862596,-0.582520454527053,-0.6134026273121047,0.030882172785051676,34.85377002188608,10.56488938331604,11.862178732716375,9.267600033915704,0.2455850321441133,0.37245007923671175,112234730.05,0.8271155546829776,0.736534141722706,0.02838505411055669
2023-09-03,9.884934425354004,9.987163543701172,9.846725463867188,9.912370681762695,84322184,-0.002718370713295948,-0.002722072192480249,10.024105072021484,10.164244079589844,10.441452026367188,10.252625348907383,10.826660604309518,-0.5740352554021353,-0.6055291529301109,0.0314938975279756,33.05066890704397,10.441452026367188,11.462481849376864,9.42042220335751,0.19557238216127987,0.3711917740958078,111775818.95,0.7543866356078262,0.2720697891290336,0.028174223983716162
2023-09-04,9.801345825195312,10.028326034545898,9.722491264343262,9.884342193603516,92249995,-0.008456161322051292,-0.008492117498509647,9.902034378051757,10.139075469970702,10.341214561462403,10.183197729874756,10.75071136141217,-0.5675136315374143,-0.5979260486515716,0.03041241711415732,38.74072213476705,10.341214561462403,11.174523526959286,9.50790559596552,0.1611626875245959,0.3515629768371582,110928246.55,0.8316186171609508,0.25783385656727525,0.02704004948600628
2023-09-05,9.91453742980957,9.945379257202148,9.682023048400879,9.801594734191895,88563053,0.01154857778033791,0.011482401959711024,9.887487983703613,10.121358013153076,10.268511104583741,10.141865376018572,10.68877255166383,-0.5469071756452575,-0.5877222740503089,0.040815098405051375,45.436748624532626,10.268511104583741,10.967265091846206,9.569757117321275,0.13609645646690688,0.33239759717668804,109682990.5,0.8074456449106391,0.8828892762321607,0.026557013811690407
2023-09-06,9.938821792602539,10.030047416687012,9.814656257629395,9.914605140686035,89681184,0.002449369218169961,0.002446374402662243,9.890303611755371,10.095362377166747,10.23592414855957,10.110627901646874,10.633220643585215,-0.5225927419383414,-0.5746963676279154,0.05210362568957405,40.90828056627944,10.23592414855957,10.932224470806721,9.53962382631242,0.13605030911549615,0.32033586502075195,106758175.75,0.8400404312828472,0.5764653003946054,0.022230479487132433
2023-09-07,10.070907592773438,10.122215270996094,9.857808113098145,9.939714431762695,85608647,0.013289885152102165,0.013202349336161446,9.922109413146973,10.065673542022704,10.199495267868041,10.104517084897115,10.591567825006564,-0.48705074010944926,-0.5571672421242222,0.07011650201477293,48.99300191601208,10.199495267868041,10.84611405081558,9.552876484920503,0.126794270886053,0.31522962025233675,105053559.75,0.8149047705163556,0.8059519769053349,0.021929662119457943
2023-09-08,9.921845436096191,10.128877639770508,9.879311561584473,10.072172164916992,80027273,-0.014801263471448056,-0.014911895188310261,9.92949161529541,9.976798343658448,10.155246353149414,10.076413754312359,10.541958759161352,-0.46554500484899286,-0.5388427946691764,0.07329778982018353,46.99862672428577,10.155246353149414,10.745542002216373,9.564950704082454,0.11625432383211325,0.31852654048374723,104518920.2,0.7656725963764788,0.17043130667662082,0.022056283719516064
2023-09-09,9.84569263458252,9.921124458312988,9.844941139221191,9.921124458312988,52604053,-0.00767526585695677,-0.007704872298779065,9.938360977172852,9.920197677612304,10.103876495361328,10.040918197430845,10.49038349067403,-0.4494652932431862,-0.5209672943839784,0.07150200114079219,44.466286326190726,10.103876495361328,10.602902828762383,9.604850161960274,0.09877918314424311,0.3166875158037458,103481902.55,0.5083406054945981,0.009864301944886302,0.02193723656387794
2023-09-10,9.474143028259277,9.850462913513184,9.38098430633545,9.845917701721191,106234454,-0.03773727457408049,-0.038467762249016234,9.850282096862793,9.868885040283203,10.059515857696534,9.953722017558295,10.415106419384049,-0.4613844018257538,-0.5090507158723334,0.047666314046579616,35.43386786032646,10.059515857696534,10.616536299553397,9.50249541583967,0.1107449801236085,0.336576121194022,103318252.2,1.0282254271428721,0.19843017022553822,0.021071764440010077
2023-09-11,9.230627059936523,9.500617027282715,9.112984657287598,9.474239349365234,108922513,-0.02570321849653312,-0.026039317950050277,9.70864315032959,9.79947338104248,10.014507675170899,9.842476639462639,10.32736720757312,-0.48489056811048137,-0.504218686319963,0.01932811820948166,27.806102126981614,10.014507675170899,10.68182796039695,9.347187389944848,0.1332707122249348,0.3326351302010672,102402026.45,1.0636753663579477,0.3034896172770904,0.02124034957569064
2023-09-12,9.216546058654785,9.54032039642334,9.215669631958008,9.2301025390625,123809301,-0.0015254653004944663,-0.0015266300073165638,9.537770843505859,9.729940128326415,9.95850191116333,9.746179627030662,10.245084159505096,-0.4989045324744339,-0.5031558555508572,0.004251323076423286,12.636646345934096,9.95850191116333,10.69627659806417,9.22072722426249,0.1481698137897239,0.29736123766217915,103859456.15,1.1920850117026152,0.002699598355250292,0.02044761202032246
2023-09-13,9.299893379211426,9.400882720947266,9.12117862701416,9.216913223266602,106423750,0.009043227259562636,0.009002582138196161,9.413380432128907,9.671436023712157,9.917840051651002,9.677520204289241,10.17507002763149,-0.49754982334224884,-0.5020346491091355,0.004484825766886691,19.415955679077314,9.917840051651002,10.707545794452384,9.128134308849619,0.15924954197460003,0.2842510768345424,104550860.75,1.0179136664831332,0.6389421881346702,0.020325786357611904
2023-09-14,9.395648002624512,9.452430725097656,9.27592945098877,9.299424171447754,97449125,0.010296314109055515,0.010243668131577096,9.323371505737304,9.630866241455077,9.88497085571289,9.634155250186975,10.117335062816158,-0.4831798126291833,-0.49826368181314507,0.015083869183961762,30.13291692179986,9.88497085571289,10.705120652634546,9.064821058791233,0.1659387384936318,0.25626134872436523,103409063.6,0.9423654137024794,0.6782871424430302,0.02056641285783527
2023-09-15,9.429611206054688,9.501872062683105,9.213397979736328,9.396166801452637,90591604,0.0036147803132566825,0.003608262696679328,9.314465141296386,9.58237361907959,9.851865816116334,9.602686935705085,10.066392554907901,-0.46370561920281617,-0.4913520692910794,0.02764645008826322,33.047894439198444,9.851865816116334,10.690129518162692,9.013602114069975,0.17017359304164925,0.2577693121773856,103804953.5,0.8727098365301036,0.7495065643841027,0.02056229500006312
2023-09-16,9.388934135437012,9.591643333435059,9.380908966064453,9.429638862609863,83336169,-0.0043137590435921025,-0.004323090146557201,9.346126556396484,9.527384853363037,9.811373615264893,9.569801889509998,10.01621044976191,-0.44640856025191233,-0.482363367483246,0.03595480723133365,32.43028307152437,9.811373615264893,10.657283137311017,8.965464093218769,0.17243447354405655,0.26093380791800364,102954872.5,0.8094436618334893,0.038081918444873505,0.020304525458298195
2023-09-17,9.106959342956543,9.388917922973633,9.045863151550293,9.388917922973633,89319200,-0.030032673401786947,-0.030492891971392485,9.324209213256836,9.430990028381348,9.748331785202026,9.49859534388639,9.948858515924476,-0.4502631720380865,-0.4759433283942141,0.02568015635612758,27.685802567744105,9.748331785202026,10.607466243117555,8.889197327286498,0.17626286770823604,0.27540758677891325,101638621.45,0.8787919269835787,0.178094563068793,0.020500931557922167
2023-09-18,9.113308906555176,9.30951976776123,8.863510131835938,9.107002258300781,130967401,0.0006972210327855777,0.0006969780871192919,9.286892318725586,9.350136375427246,9.663467359542846,9.439320507373896,9.88696595226749,-0.4476454448935936,-0.47028375169409004,0.022638306800496444,29.350507207841005,9.663467359542846,10.408533720830633,8.91840099825506,0.1542026963131449,0.28542007718767437,98940796.0,1.323694636537996,0.5600748257383649,0.017087234654451347
2023-09-19,9.218695640563965,9.293954849243164,9.064876556396484,9.113629341125488,113669978,0.01156404716326298,0.01149769461592269,9.251501846313477,9.28743667602539,9.603817176818847,9.405378220172368,9.83746444769686,-0.43208622752449166,-0.4626442468601704,0.030558019335678754,29.01796883132718,9.603817176818847,10.284937988368998,8.922696365268695,0.14184376878689497,0.2829716546194894,98599814.95,1.1528416970928606,0.6714694593770864,0.016242869223137644
2023-09-20,9.047985076904297,9.226012229919434,8.92591381072998,9.21867561340332,133008251,-0.01851786525075305,-0.018691467418801695,9.175176620483398,9.244820880889893,9.556852960586548,9.350394659669588,9.778984494304819,-0.4285898346352308,-0.4558333644151825,0.027243529779951703,25.317766156239685,9.556852960586548,10.255942198496863,8.857763722676234,0.14630113925440327,0.2890221732003348,98160289.75,1.355010782249652,0.4067707601936577,0.014388300037142381
2023-09-21,8.826976776123047,9.098311424255371,8.793109893798828,9.047728538513184,124242248,-0.024426245059288587,-0.024729514457007808,9.062785148620605,9.204455852508545,9.501964616775513,9.269868831431658,9.70846540406913,-0.4385965726374721,-0.4523860060596405,0.013789433422168429,17.153190559220434,9.501964616775513,10.250094699752026,8.753834533799001,0.15746850533535034,0.2919360569545201,98693073.7,1.2588750491008367,0.11096563363853987,0.015042091343500083
2023-09-22,8.86332893371582,8.914636611938477,8.788034439086914,8.826608657836914,96087293,0.004118302167861909,0.004109845172512748,9.014059066772461,9.169134140014648,9.449537134170532,9.207324231783067,9.645862702561478,-0.43853847077841124,-0.4496164990033946,0.011078028224983383,20.280143456241504,9.449537134170532,10.223239335146392,8.675834933194672,0.16375451834102447,0.28315292085920063,98855883.8,0.9719936670072035,0.5947329890605988,0.015174329496344048
2023-09-23,8.90028190612793,8.973388671875,8.845314979553223,8.863269805908203,78036617,0.004169197903909572,0.004160530879670453,8.971453666687012,9.129172992706298,9.400304508209228,9.160086950913046,9.590634495418254,-0.4305475445052078,-0.4458027081037572,0.015255163598549393,22.85835535051814,9.400304508209228,10.182616221585478,8.617992794832977,0.16644390885275312,0.2868078776768276,98541605.45,0.7919154213455125,0.42918199113668154,0.015317408998942385
2023-09-24,8.787721633911133,9.030484199523926,8.779019355773926,8.900065422058105,87114579,-0.012646821011287113,-0.012727472765854283,8.885258865356445,9.068380355834961,9.34962329864502,9.102799979066598,9.531159468639947,-0.42835948957334935,-0.4423140643976756,0.013954574824326271,26.851294981844845,9.34962329864502,10.153575001842553,8.545671595447486,0.17197520745334097,0.27123546600341797,98284834.65,0.8863481259364361,0.034606339643227506,0.015393920632294073
2023-09-25,8.943991661071777,8.948413848876953,8.701299667358398,8.787215232849121,101722179,0.017782769376491148,0.017626505747009132,8.86446018218994,9.01981840133667,9.30109601020813,9.078367930144317,9.487665556968231,-0.40929762682391413,-0.43571077688292337,0.02641315005900924,39.729190914800796,9.30109601020813,10.078191576430633,8.524000443985628,0.1670976335196681,0.26119845254080637,98942790.95,1.02809085961002,0.9821046384345606,0.015811133015944126
2023-09-26,9.043546676635742,9.046965599060059,8.906658172607422,8.944087028503418,94338370,0.011130937878360614,0.011069444885019512,8.90777416229248,8.985279655456543,9.25633225440979,9.073010814219922,9.454767862128788,-0.38175704790886655,-0.424920031088112,0.04316298317924544,44.15883080660254,9.25633225440979,9.980062332689519,8.53260217613006,0.15637512967081285,0.24803107125418528,99175650.25,0.9512251219144389,0.9756325643832106,0.016142621190512
2023-09-27,8.922224044799805,9.168944358825684,8.847347259521484,9.042774200439453,100920765,-0.013415381837899698,-0.013506181058039588,8.919553184509278,8.966806125640868,9.198898077011108,9.04981284969375,9.415320171956271,-0.3655073222625216,-0.41303748932299394,0.04753016706047236,37.56716147071142,9.198898077011108,9.826357690921618,8.571438463100598,0.13642060356741842,0.25102342878069195,99941256.15,1.0098008458942107,0.23282791763993824,0.01568434917473991
2023-09-28,9.262673377990723,9.347945213317871,8.912899017333984,8.922110557556152,114343600,0.0381574517162393,0.03744746082819713,8.992031478881836,8.981742572784423,9.165939474105835,9.0825606232779,9.404013002032897,-0.3214523787549979,-0.3947204672093948,0.07326808845439692,46.229879115162355,9.165939474105835,9.695048050878627,8.636830897333043,0.11545103003735648,0.2694909232003348,101657072.5,1.124797293370808,0.8039935892917389,0.018349783886944256
2023-09-29,9.175294876098633,9.346907615661621,9.087906837463379,9.263232231140137,112441016,-0.009433399875646287,-0.009478176210119286,9.069546127319336,8.977402496337891,9.13241958618164,9.096827431404167,9.387070918630359,-0.2902434872261921,-0.3738250712127543,0.08358158398656224,43.00155153663012,9.13241958618164,9.554280617230438,8.710558555132843,0.09238757090993048,0.267385687146868,104648920.65,1.0744593952962094,0.33740452777451047,0.018376185843651985
2023-09-30,9.243800163269043,9.286137580871582,9.128680229187012,9.175643920898438,81409313,0.007466276353566004,0.007438541676561355,9.12950782775879,8.996984004974365,9.12090244293213,9.11943862092184,9.376458270085076,-0.25701964916323483,-0.35046398680285046,0.09344433763961563,46.066352768937776,9.12090244293213,9.515155846754892,8.726649039109367,0.0864505253267506,0.26358018602643696,103407663.6,0.787265761219655,0.7311181443052985,0.016621392390831078
2023-10-01,9.739897727966309,9.805808067321777,9.225641250610352,9.242929458618164,119548757,0.05366814036813006,0.052277543205452734,9.268778038024902,9.08827610015869,9.146365976333618,9.214893868159452,9.403379711409611,-0.1884858432501595,-0.31806835809231226,0.12958251484215277,65.37079788337829,9.146365976333618,9.626819191356955,8.665912761310281,0.10505882145248022,0.28051560265677317,103938975.8,1.150182172566684,0.8863941433379257,0.01963908464900242
2023-10-02,9.327079772949219,9.80803394317627,9.237228393554688,9.74034595489502,115234648,-0.042384218658863326,-0.04330864477690845,9.349749183654785,9.134651184082031,9.15189266204834,9.232153238127108,9.397727864116248,-0.16557462598914086,-0.287569611671678,0.12199498568253714,54.335477007881636,9.15189266204834,9.638251633527675,8.665533690569005,0.10628598683116118,0.2894295964922224,103510243.15,1.1132680640408679,0.1574115351190668,0.02209229389654078
2023-10-03,9.403885841369629,9.455167770385742,9.246231079101562,9.326217651367188,90799146,0.008234739091989463,0.008201018621073648,9.377991676330566,9.1850115776062,9.15709228515625,9.258573638625958,9.398184010579461,-0.1396103719535038,-0.25797776372804315,0.11836739177453937,53.79988540817077,9.15709228515625,9.652257246917683,8.661927323394815,0.10814895085508792,0.28799091066632954,102729012.95,0.8838705190732585,0.7545575348853454,0.022077202972521626
2023-10-04,10.09360408782959,10.198348999023438,9.184606552124023,9.405082702636719,200728654,0.07334396206999338,0.0707789733888606,9.561653518676758,9.315599822998047,9.191990089416503,9.387039861580362,9.449696608894286,-0.06265674731392323,-0.21891356044521915,0.1562568131312959,67.68761443839483,9.191990089416503,9.834425095886814,8.549555082946192,0.1397814837093873,0.33896548407418386,107892989.4,1.860442046478323,0.8966750179190328,0.027372724177989746
2023-10-05,10.132204055786133,10.295655250549316,9.848623275756836,10.09507942199707,182074688,0.0038242007137059275,0.003816907047205814,9.739334297180175,9.434421062469482,9.227119731903077,9.501680506842789,9.50025271607146,0.0014277907713289295,-0.17484529020190953,0.17627308097323846,73.5312949390428,9.227119731903077,9.989841958386666,8.464397505419488,0.16532184444219394,0.3490962300981794,112467143.6,1.6189144862393394,0.6343635124026745,0.027372633731283576
2023-10-06,10.65694808959961,10.803820610046387,10.132023811340332,10.132023811340332,183799431,0.05178972224841982,0.050493210541812356,9.922744369506836,9.59576120376587,9.290520429611206,9.679413981113068,9.585933854851321,0.09348012626174729,-0.12118020690917816,0.21466033317092545,77.49450181888778,9.290520429611206,10.28536206599593,8.295678793226482,0.21416273586007414,0.38803870337350027,117490306.7,1.5643795319158869,0.7813735812028223,0.029288944698262768
2023-10-07,10.363143920898438,11.635235786437988,10.280364990234375,10.655688285827637,302644508,-0.027569259625830678,-0.0279564241499142,10.12995719909668,9.739853191375733,9.3533296585083,9.784603202618511,9.643504970854812,0.1410982317636993,-0.06872451917460266,0.20982275093830194,70.78738599558211,9.3533296585083,10.452520598665409,8.254138718351193,0.23503735681062488,0.47566706793648855,128156572.1,2.361521559455007,0.06109728712511817,0.029130851964511893
2023-10-08,10.096406936645508,10.522347450256348,10.003174781799316,10.362649917602539,123132510,-0.025739002207141426,-0.026076046356046274,10.268461418151855,9.82322654724121,9.402484560012818,9.832573007853433,9.677053264617086,0.1555197432363471,-0.023875666692412697,0.1793954099287598,67.81587945210032,9.402484560012818,10.54360849598802,8.261360624037616,0.242728170132437,0.49478905541556223,127764827.55,0.9637434054518081,0.17957831510563138,0.03001248060117726
2023-10-09,9.538162231445312,10.096516609191895,9.38250732421875,10.096516609191895,158064218,-0.05529142285004507,-0.056878783016810014,10.157373046875,9.859513282775879,9.418457889556885,9.787279042252184,9.666765039937697,0.12051400231448639,0.005002267108967128,0.11551173520551926,57.290829231142624,9.418457889556885,10.557691736023564,8.279224043090206,0.24191515422707421,0.5281387056623187,129984539.55,1.216023217431938,0.21800123376883632,0.03289300360107301
2023-10-10,9.53337574005127,9.820892333984375,9.453706741333008,9.537803649902344,129362925,-0.0005018253283911589,-0.0005019512848617938,10.037607383728027,9.8884708404541,9.442727422714233,9.748216995759735,9.656884351057222,0.09133264470251312,0.02226834262767633,0.0690643020748368,56.15361298910107,9.442727422714233,10.569341460028236,8.31611338540023,0.23862047200556952,0.544344288962228,129802273.25,0.996615249956726,0.21697201127437798,0.03254018802410259
2023-10-11,9.304060935974121,9.561269760131836,9.242897987365723,9.533278465270996,114999357,-0.024053893429770046,-0.02434791277169497,9.767029953002929,9.844887161254883,9.466581630706788,9.679885294254257,9.630749283273289,0.04913601098096798,0.027641876298334665,0.021494134682633316,54.67021168142551,9.466581630706788,10.557952590756086,8.37521067065749,0.23057340075306887,0.5441139084952218,129340128.7,0.8891235702009936,0.19211171315810616,0.03252370420519078
2023-10-12,9.117600440979004,9.307398796081543,8.908488273620605,9.303346633911133,118916952,-0.020040764594970395,-0.0202443047081589,9.517921257019044,9.823939228057862,9.479295206069946,9.59337993221191,9.592738257918157,0.0006416742937531694,0.022241835897418367,-0.021600161603665197,48.15617216881764,9.479295206069946,10.546738937950392,8.411851474189499,0.22521584330381922,0.5415327889578683,130481611.65,0.9113694297322085,0.524208187907085,0.03293125365439321
2023-10-13,9.156827926635742,9.308734893798828,9.035423278808594,9.117470741271973,97829536,0.004302391392414062,0.004293162567775543,9.33000545501709,9.799233436584473,9.492122507095337,9.526218085200192,9.560448603749089,-0.03423051854889714,0.010947365008155263,-0.0451778835570524,49.76238298306789,9.492122507095337,10.536179323984008,8.448065690206665,0.21998384789244807,0.5425549915858677,131471257.6,0.7441134875095315,0.44419862430471563,0.03293174493975229
2023-10-14,9.150793075561523,9.24372673034668,9.143729209899902,9.156593322753906,53224237,-0.0006590547646597722,-0.000659272036719218,9.252531623840332,9.704952335357666,9.510276079177856,9.468460391409627,9.530103749809271,-0.0616433583996443,-0.0035707796734046533,-0.058072578726239645,48.783710336360684,9.510276079177856,10.514634336955275,8.505917821400438,0.21121537364754264,0.5384507179260254,129776740.5,0.4101215425425175,0.07064040111851326,0.032761098035636475
2023-10-15,9.17321491241455,9.254611015319824,9.093852996826172,9.150744438171387,75965196,0.0024502615967689767,0.002447264600441024,9.180499458312989,9.609053421020509,9.521737241744995,9.423038010025769,9.503667539631886,-0.08062952960611725,-0.018982529659947178,-0.06164699994617007,41.54133572331893,9.521737241744995,10.50387226251292,8.539602220977072,0.20629324162865334,0.5084929466247559,128488891.35,0.5912199506264944,0.49367310816151605,0.032564208155929836
2023-10-16,9.422463417053223,9.730790138244629,9.173584938049316,9.173584938049316,132269069,0.02717133600580457,0.026808748585435704,9.204179954528808,9.485604953765868,9.54068307876587,9.422949611106915,9.497652419440875,-0.07470280833396004,-0.030126585394749755,-0.04457622293921028,51.49684862159184,9.54068307876587,10.498290720233904,8.583075437297836,0.2007419455320393,0.5075479234967913,130385426.3,1.0144467273180209,0.44665497459485154,0.03300163800310891
2023-10-17,9.112850189208984,9.421533584594727,9.069448471069336,9.421533584594727,131082243,-0.03285905332186123,-0.0334110375028043,9.203229904174805,9.360575580596924,9.550214385986328,9.375242007738002,9.46914855053481,-0.0939065427968071,-0.042882576875161234,-0.05102396592164587,45.743793296299756,9.550214385986328,10.485436438378853,8.614992333593802,0.19585362476570992,0.5178392274039132,131893500.2,0.9938491495125247,0.12327052533509988,0.0337745478980523
2023-10-18,8.915651321411133,9.199531555175781,8.86563491821289,9.112895965576172,114796730,-0.02163964771761151,-0.021877218444983665,9.154994583129882,9.242500019073486,9.532863283157349,9.304535748303099,9.428148755784907,-0.12361300748180781,-0.059028662996490566,-0.06458434448531725,29.873938885957756,9.532863283157349,10.502780327992399,8.562946238322299,0.20348913354263629,0.46927881240844727,131916156.7,0.8702249434166542,0.1497960631027272,0.03300541658027718
2023-10-19,9.065718650817871,9.087485313415527,8.717546463012695,8.915417671203613,120961089,0.016831897524564265,0.016691810901224943,9.137979698181152,9.195255661010743,9.52738447189331,9.267794656382295,9.401302081342905,-0.13350742496061052,-0.07392441538931456,-0.05958300957129596,32.44701807235535,9.52738447189331,10.506995479029051,8.547773464757569,0.20564112008404548,0.46377216066632954,132342160.35,0.9140026782100207,0.9411614325298127,0.03319080203462349
2023-10-20,9.221672058105469,9.36983585357666,9.0383939743042,9.065312385559082,143258749,0.017202542158478273,0.017056253735412294,9.147671127319336,9.164085292816162,9.526278066635133,9.260698872032014,9.387996153695687,-0.12729728166367238,-0.08459898864418613,-0.042698293019486244,23.11324125472352,9.526278066635133,10.507286648858047,8.545269484412218,0.20595841846330354,0.4394610949925014,135434632.15,1.0577704293635504,0.552971998209334,0.033378224422451856
2023-10-21,9.639253616333008,9.789894104003906,9.195015907287598,9.220746994018555,172829844,0.04528262939696526,0.044287307602475734,9.191029167175293,9.197604560852051,9.521245861053467,9.318938063462937,9.406607817594747,-0.08766975413180944,-0.08521314174171081,-0.002456612390098631,37.04048203928349,9.521245861053467,10.498666568365186,8.543825153741748,0.20531361579682458,0.38517590931483675,138098686.5,1.2514952052060249,0.7467708583536371,0.03272012033100944
2023-10-22,10.063459396362305,10.063459396362305,9.56742000579834,9.639972686767578,196664825,0.04400815632763422,0.04306730200429126,9.381151008605958,9.292190456390381,9.558064842224121,9.433479806985918,9.455263490096048,-0.02178368311012946,-0.07252725001539455,0.05074356690526509,49.44163512921199,9.558064842224121,10.55986329724093,8.556266387207312,0.20962369926414828,0.3835235323224749,142170195.35,1.3833055832542331,0.9999999798403111,0.0325344054559936
2023-10-23,10.565308570861816,10.627039909362793,9.902046203613281,10.061647415161133,314309003,0.049868455243225585,0.04866487560040947,9.711082458496094,9.433038520812989,9.61613597869873,9.607607309120672,9.537489051634253,0.07011825748641876,-0.04399814851503188,0.11411640600145063,67.74635768638487,9.61613597869873,10.710660563116264,8.521611394281198,0.22764332510315552,0.38430813380650114,153345688.2,2.049676170809999,0.9148525743603755,0.03409370279339166
2023-10-24,10.314806938171387,10.779651641845703,10.142497062683105,10.566506385803223,319493521,-0.023709826458007233,-0.023995427799634688,9.960900115966798,9.549439907073975,9.627196121215821,9.716407252051551,9.595068154340709,0.12133909771084284,-0.010930699269856929,0.13226979698069977,62.44444430944489,9.627196121215821,10.746231710915769,8.508160531515873,0.23247383259054755,0.4035916328430176,159283931.55,2.005811370243014,0.2704365289352234,0.030810682403534476
2023-10-25,10.510028839111328,10.61783218383789,10.205357551574707,10.316444396972656,233131161,0.018926374687392,0.018749499115422775,10.21857147216797,9.683121299743652,9.64608736038208,9.838502880829978,9.662843019879274,0.17565986095070407,0.026387412774255284,0.1492724481764488,69.41610831204477,9.64608736038208,10.812761996646223,8.479412724117935,0.241895929961375,0.41031326566423687,161836755.2,1.4405328425665322,0.7386424674858497,0.031053882805819888
2023-10-26,11.052852630615234,11.428677558898926,10.43045425415039,10.512310981750488,412832401,0.051648173360274496,0.05035862241001678,10.501291275024414,9.846160221099854,9.665882587432861,10.025325919258478,9.765806694748603,0.25951922450987475,0.07301377512137919,0.18650544938849556,77.95032501707246,9.665882587432861,10.915276394058592,8.41648878080713,0.25851623901373183,0.4531213215419224,173288403.7,2.382342916117474,0.6235061506468956,0.0310420211441862
2023-10-27,10.598812103271484,11.054443359375,10.438931465148926,11.053291320800781,221756572,-0.04107903565873172,-0.04194662215475633,10.60836181640625,9.994756412506103,9.677665996551514,10.113554562952785,9.827510799083631,0.286043763869154,0.11561977287093417,0.1704239909982198,68.59778897340274,9.677665996551514,10.958790941272285,8.396541051830743,0.26475907417703404,0.4775641986301967,169244006.9,1.3102772503550315,0.2597523086472025,0.031861934793600465
2023-10-28,10.973055839538574,11.045543670654297,10.57365608215332,10.59812068939209,182810994,0.03530996989290647,0.03470086969904074,10.689911270141602,10.200496864318847,9.721498441696166,10.245785528581367,9.91236598726548,0.33341954131588736,0.15917972655992482,0.17423981475596254,71.46378203508063,9.721498441696166,11.117760409605193,8.32523647378714,0.2872524181910814,0.5041277749197823,172227931.1,1.061448005746845,0.8463874843373901,0.032028229708747406
2023-10-29,11.361387252807617,11.424348831176758,10.817594528198242,10.973465919494629,168871436,0.03538954134087158,0.03477772435378189,10.899227333068847,10.430063724517822,9.812659692764282,10.417416563077714,10.019700895824156,0.3977156672535571,0.20688691469865128,0.19082875255490583,73.72835484964504,9.812659692764282,11.38543907751982,8.239880308008743,0.3205612818541509,0.5359846523829869,172768292.0,0.9774446111905766,0.8962321535712429,0.029406064039882922
2023-10-30,11.45251178741455,11.67316722869873,11.089471817016602,11.36221694946289,191351191,0.008020546486030122,0.007988552860118495,11.087723922729491,10.65314769744873,9.908616495132446,10.576661982206456,10.125835035941964,0.4508269462644918,0.25567492101181943,0.1951520252526724,72.7954099481394,9.908616495132446,11.636208517204516,8.181024473060376,0.34870499285561013,0.5378503799438477,175867705.3,1.0880405283823305,0.6219681650949369,0.029319814212809953
2023-10-31,11.32440185546875,11.738853454589844,11.140323638916016,11.454302787780762,272866211,-0.0111861864300008,-0.011249222341906444,11.142033767700195,10.821662521362304,10.009633541107178,10.69169888578527,10.214617763314317,0.4770811224709526,0.2999561613036461,0.17712496116730647,75.88878910870795,10.009633541107178,11.8225462493049,8.196720832909456,0.36223358242887144,0.555387156350272,183761048.0,1.4848969026341208,0.30755061595384675,0.02867614387376105
2023-11-01,12.209151268005371,12.294732093811035,10.932685852050781,11.32482624053955,350918838,0.07812769485121729,0.07522592080660717,11.464101600646973,11.03623170852661,10.164211082458497,10.925153098434517,10.362360985884026,0.5627921125504916,0.35252335155301523,0.21026876099747632,83.20861098647744,10.164211082458497,12.17344608583396,8.154976079083033,0.3953548361157164,0.628826413835798,195361142.3,1.7962570952882884,0.9371674525038611,0.03148078670048905
2023-11-02,11.889124870300293,12.508054733276367,11.543806076049805,12.211411476135254,309909401,-0.02621201021103914,-0.02656166865426232,11.647315406799317,11.16861333847046,10.300825929641723,11.073456447952328,10.475454606951898,0.5980018410004302,0.4016190494424982,0.19638279155793198,77.52521524208902,10.300825929641723,12.391562621396304,8.210089237887143,0.40593573875241656,0.6712771143232074,205965135.55,1.5046692255581602,0.3581221379789071,0.03274911808993921
2023-11-03,12.111170768737793,12.174741744995117,11.510381698608398,11.88907527923584,201311407,0.01867638710668973,0.01850412490741332,11.797272109985352,11.3482497215271,10.448844814300537,11.233104804996247,10.596618767084188,0.6364860379120589,0.4485924471364104,0.18789359077564854,77.8111547563602,10.448844814300537,12.61459183064617,8.283097797954905,0.4145428618829785,0.6950569834027972,213369494.05,0.9434872960462924,0.9043124497835251,0.032589649532297635
2023-11-04,12.2177734375,12.3189115524292,11.969423294067383,12.111001968383789,141347218,0.008802011861427816,0.008763499978070848,11.950324440002442,11.519024181365968,10.601072740554809,11.3845922869199,10.7167042982261,0.667887988693801,0.49245155544788854,0.1754364332459124,76.39828896670178,10.601072740554809,12.816715484705107,8.385429996404511,0.4180034980185112,0.6775291306631905,216638595.15,0.6524563081759811,0.7106108156268827,0.03249571486881502
2023-11-05,12.366694450378418,12.641987800598145,12.144248008728027,12.218108177185059,207720703,0.012188883157821184,0.012115196886136777,12.158782958984375,11.650408363342285,10.748284292221069,11.535684927451978,10.838925790978124,0.6967591364738546,0.5333130716530817,0.16344606482077284,74.98848929706388,10.748284292221069,13.024614252670045,8.471954331772093,0.42357085066989536,0.6776505878993443,220411176.85,0.9424236373519459,0.4469131076410019,0.03237109488854429
2023-11-06,13.081212997436523,13.141936302185059,12.285107612609863,12.366372108459473,240896569,0.057777650278748593,0.0561701509322508,12.333195304870605,11.898648452758788,10.946702432632446,11.77345847668037,11.005021139604672,0.7684373370756976,0.5803379247376049,0.1880994123380927,76.09176535701309,10.946702432632446,13.312844635567142,8.580560229697749,0.43230227869922844,0.6870673724583217,225901893.15,1.066376937532097,0.9291301577799144,0.03177819717516872
2023-11-07,12.823539733886719,13.07946491241455,12.360173225402832,13.07946491241455,245856300,-0.01969796406497626,-0.019894554867665226,12.52007827758789,12.083696842193604,11.142096853256225,11.9350094393275,11.1397262206626,0.795283218664899,0.6233269835230638,0.17195623514183522,75.9787468997995,11.142096853256225,13.446657888666993,8.837535817845458,0.4136673851901171,0.6930591719491142,232454871.65,1.057651742270982,0.6441983278952509,0.03165114530423741
2023-11-08,13.021961212158203,13.126977920532227,12.706192970275879,12.822821617126465,209458240,0.01547322208915114,0.01535473250220094,12.702236366271972,12.249754238128663,11.339908981323243,12.102232788993762,11.27915103484746,0.8230817541463011,0.6632779376477114,0.15980381649858977,75.99465412268516,11.339908981323243,13.572076124955792,9.107741837690693,0.3936834320820237,0.693652766091483,236879729.2,0.8842387683715741,0.7504266352341921,0.03165706922312292
2023-11-09,12.972375869750977,13.936269760131836,12.380666732788086,13.0195951461792,465665899,-0.0038078244589555554,-0.0038150926791150133,12.853156852722169,12.401740646362304,11.527444171905518,12.236100955264103,11.404575096692165,0.8315258585719381,0.6969275218325568,0.13459833673938126,72.122508537885,11.527444171905518,13.637163024268789,9.417725319542248,0.366034104507752,0.7334656034197126,253000086.7,1.8405760451464699,0.38037283468747657,0.032056886615681165
2023-11-10,14.748550415039062,14.810250282287598,12.93430233001709,12.972206115722656,582521599,0.1369197564980964,0.12832263751807377,13.329528045654296,12.744155502319336,11.78290901184082,12.622631641383327,11.65227697212527,0.9703546692580574,0.751612951317657,0.21874171794040032,86.65504505606441,11.78290901184082,14.151424244622664,9.414393779058976,0.4020255491070478,0.8234967504228864,273484674.45,2.1299972299051073,0.9671100273091487,0.041396469678037305
2023-11-11,16.78807258605957,16.950515747070312,14.04843521118164,14.748071670532227,877647789,0.13828627991404585,0.12952386813930022,14.070899963378906,13.202047634124757,12.119139671325684,13.263468709795058,12.032706276861145,1.230762432933913,0.8474428476409084,0.3833195852930047,89.6885766301967,12.119139671325684,15.247313520128412,8.990965822522956,0.5162369497571018,0.997081960950579,307533822.65,2.853825252251486,0.9440252713726803,0.04872159538102716
2023-11-12,18.845966339111328,19.628366470336914,16.131711959838867,16.790000915527344,1187221783,0.1225807038004223,0.11563023453128941,15.275385284423828,13.89773178100586,12.533172559738158,14.122314498920638,12.537392207398195,1.5849222915224424,0.9949387364172153,0.589983555105227,91.60240186728028,12.533172559738158,16.785437133140338,8.28090798633598,0.6785615618286863,1.2035034043448312,351179461.65,3.3806697505084577,0.7762432243051154,0.053040429013785494
2023-11-13,16.219932556152344,19.55293846130371,16.219932556152344,18.85940170288086,809097302,-0.13934195443770558,-0.15005801306885302,15.914979553222656,14.308607959747315,12.828428840637207,14.445024969263978,12.810172973972577,1.6348519952914007,1.1229213881920526,0.5119306070993481,70.67348542513949,12.828428840637207,17.248856524696922,8.408001156577491,0.6891611964291251,1.3998827253069197,375659650.7,2.153804116285412,0.0,0.0643672230766432
2023-11-14,17.090946197509766,18.028573989868164,15.765192985534668,16.218246459960938,862325581,0.053700201177904416,0.05230797054854674,16.738693618774413,14.79592523574829,13.157474708557128,14.852089773609483,13.127267286827184,1.7248224867822994,1.243301607910102,0.4815208788721974,73.49245852397989,13.157474708557128,17.824142883450417,8.49080653366384,0.7093562067587731,1.5188006673540388,407119371.7,2.1181148354577304,0.5857401840783293,0.06466802687679075
2023-11-15,20.73465347290039,20.91600799560547,17.060670852661133,17.09183120727539,1452314993,0.2131951755790753,0.19325752021630058,17.93591423034668,15.632721138000488,13.641564750671387,15.757099573500392,13.690777374684458,2.066322198815934,1.4079057260912686,0.6584164727246653,78.35758026044482,13.641564750671387,19.29361331953075,7.989516181812023,0.8286510634465434,1.6968928745814733,459093501.3,3.163440538555931,0.9529601366856911,0.0768968707897449
2023-11-16,21.760902404785156,23.951913833618164,20.311565399169922,20.734901428222656,1969218240,0.04949438548495855,0.04830851055958016,18.930480194091796,16.500690078735353,14.19966926574707,16.680761547544204,14.288564413951176,2.3921971335930277,1.6047640075916205,0.7874331260014071,81.36214981770746,14.19966926574707,20.723754830077276,7.6755837014168655,0.9189066931393717,1.8880428586687361,546466584.7,3.6035473991169362,0.39813139531342484,0.07484145460510326
2023-11-17,21.940824508666992,24.544189453125,20.17572593688965,21.766765594482422,1766426717,0.008268136152399297,0.008234142362996247,19.54945182800293,17.412418556213378,14.74805769920349,17.490002003101555,14.855398495041237,2.6346035080603176,1.8107319076853603,0.8238716003749573,81.31213165755082,14.74805769920349,21.939827731746256,7.556287666660726,0.9752836853806418,2.1526216779436385,625647370.85,2.823358331387448,0.40405478062866373,0.07515873981744871
2023-11-18,21.995351791381836,22.676776885986328,20.30858039855957,21.94016456604004,796404080,0.0024851975226958256,0.0024821145261795094,20.704535675048827,18.30975761413574,15.279755926132202,18.183132739760058,15.384283924399801,2.798848815360257,2.00835528922034,0.7904935261399171,81.24992456151494,15.279755926132202,22.97222752689131,7.587284325373096,1.0068840939537598,2.2968151228768483,657024003.05,1.2121384855088668,0.7122598967843601,0.07557402486664182
2023-11-19,22.85964584350586,22.995515823364258,20.848360061645508,21.996801376342773,702412366,0.03929439548508018,0.03854201701141983,21.858275604248046,19.29848461151123,15.850112628936767,18.90259629418249,15.938014436926176,2.9645818572563147,2.1996006028275352,0.7649812544287795,82.06983157552455,15.850112628936767,24.024242100098924,7.67598315777461,1.0314285661590887,2.414630549294608,682577061.8,1.0290594356448093,0.9367209442146633,0.07528353541594478
2023-11-20,20.86159896850586,23.178611755371094,20.788755416870117,22.862991333007812,724407341,-0.08740497944186743,-0.09146306682836172,21.883664703369142,19.90978946685791,16.326972484588623,19.20398132100147,16.302724402228375,2.9012569187730968,2.3399318660166477,0.5613250527564491,72.04941769485063,16.326972484588623,24.50219687605897,8.151748093118275,1.0014378843581828,2.5241325242178783,705154118.3,1.0273035669796784,0.03048030551352297,0.07969129276501762
2023-11-21,19.04480743408203,22.17806053161621,19.028366088867188,20.861114501953125,1103057165,-0.08708783718671731,-0.09111561022974674,21.340445709228515,20.135462951660156,16.668755292892456,19.179493030706173,16.505841663847164,2.6736513668590085,2.40667576618512,0.26697560067388837,66.19937632816335,16.668755292892456,24.689212836890928,8.648297748893985,0.9623343078794118,2.697607857840402,742761034.65,1.4850767791282655,0.005219981004980944,0.08334891956743185
2023-11-22,20.7967586517334,21.209226608276367,19.02922248840332,19.0477294921875,665175025,0.09199101769420492,0.08800265173412584,21.111632537841796,20.330542182922365,17.114136981964112,19.428303126248824,16.82368736665355,2.604615759595273,2.446263764867151,0.15835199472812178,68.72929545575889,17.114136981964112,25.005304716862973,9.22296924706525,0.9221812053058872,2.8232663699558804,760524315.85,0.8746269003333142,0.81079486919734,0.08366590778870013
2023-11-23,20.672449111938477,21.44792938232422,20.498592376708984,20.79519271850586,403440858,-0.005977351657372898,-0.005995287532193622,20.847052001953124,20.775793838500977,17.542200899124147,19.61971020097031,17.10878082926725,2.5109293717030603,2.459196886234333,0.05173248546872733,68.48274558681926,17.542200899124147,25.21652101626421,9.867880781984084,0.8749552192761889,2.779961654118129,770630788.4,0.5235202954162167,0.18313489558481114,0.08404692765767188
2023-11-24,20.88572883605957,21.82635498046875,20.4909610748291,20.67042350769043,488485749,0.010317099970410526,0.010264241944668615,20.452268600463867,21.15527210235596,17.975598669052125,19.814482298676353,17.38855475569631,2.4259275429800446,2.4525430175834755,-0.026615474603430833,65.9262101453601,17.975598669052125,25.357299053937325,10.593898284166926,0.8213023132958548,2.7413506507873535,787987714.95,0.6199154374265794,0.2956189605232525,0.08402715737867139
2023-11-25,21.32732391357422,21.45502281188965,20.693910598754883,20.886669158935547,301827799,0.021143388434318178,0.02092296853275523,20.54541358947754,21.21453914642334,18.423630142211913,20.047227162506793,17.680315434057636,2.366911728449157,2.435416759756612,-0.06850503130745489,62.84479424419366,18.423630142211913,25.45116604756226,11.396094236861565,0.7628828684797547,2.5884243420192172,792693069.75,0.3807625050830716,0.8322206575667898,0.08394865143912147
2023-11-26,21.110458374023438,21.467287063598633,20.349992752075195,21.324506759643555,375491357,-0.010168436529102154,-0.0102204882367812,20.95854377746582,21.14949474334717,18.82509241104126,20.210801195047814,17.934400096277326,2.2764010987704886,2.4036136275593876,-0.127212528788899,57.15317196421914,18.82509241104126,25.474808276950473,12.17537654513205,0.7064736491820918,2.4184700420924594,799422809.15,0.46970308165118235,0.6806314211919943,0.08417740089615515
2023-11-27,20.358753204345703,21.266525268554688,19.903411865234375,21.10552978515625,385908219,-0.03560818795875664,-0.03625762292140434,20.870942687988283,20.991287612915038,19.20185308456421,20.233563042632102,18.113981807986097,2.119581234646006,2.3468071489767115,-0.2272259143307056,64.82995605552176,19.20185308456421,25.246135881290066,13.157570287838356,0.6295520302240696,2.2777634348188127,806425405.1,0.47854174305451824,0.33404508726988025,0.08472017830653464
2023-11-28,20.653627395629883,20.840356826782227,19.595123291015625,20.358671188354492,409866598,0.014483902247080405,0.014380012486159315,20.86717834472656,20.857115173339842,19.58343639373779,20.298188327708683,18.302103703367116,1.9960846243415666,2.2766626440496824,-0.2805780197081158,63.315329783188936,19.58343639373779,24.90544437769361,14.261428409781974,0.5435213592704945,2.205038615635463,816445823.0,0.5020132217640116,0.8500446428004093,0.08472735924908849
2023-11-29,21.086414337158203,21.53805160522461,20.582813262939453,20.656726837158203,490900529,0.020954524512236228,0.020737998045862245,20.90731544494629,20.67979202270508,19.989138317108154,20.419453867623993,18.50834893549979,1.9111049321242035,2.2035511016645866,-0.29244616954038305,51.72988102518694,19.989138317108154,24.33712861136906,15.641148022847249,0.43503529019453335,1.9978887013026647,817707554.5,0.6003375244590576,0.5271993874764523,0.08443947383018659
2023-11-30,21.38686180114746,21.480314254760742,20.869585037231445,21.0885066986084,389076494,0.01424839041789161,0.01414783613534333,20.919223022460937,20.732318305969237,20.321053886413573,20.568285857396834,18.72157211073295,1.8467137466638839,2.132183630664446,-0.28546988400056206,48.0191458160396,20.321053886413573,23.93638246784843,16.705725304978717,0.3558209728336997,1.781487328665597,808035299.25,0.48150927856881,0.8469821659078887,0.08046355639171435
2023-12-01,21.861373901367188,22.568714141845703,21.153488159179688,21.387300491333008,564612277,0.02218708404401193,0.02194453182319435,21.06940612792969,21.013974952697755,20.574718952178955,20.767222479546124,18.9541500211503,1.8130724583958227,2.0683613962107215,-0.2552889378148988,49.59197454932068,20.574718952178955,23.84142703730507,17.30801086705284,0.317545828229178,1.5705417905535017,792383523.65,0.7125492392865456,0.500192722473941,0.07565751610659449
2023-12-02,22.241073608398438,22.363954544067383,21.78599739074707,21.861385345458984,330816327,0.017368519871822974,0.01721941118595351,21.445870208740235,21.158406448364257,20.74447431564331,20.993968807061865,19.197625842427943,1.7963429646339222,2.0139577098953616,-0.21761474526143942,51.22114069435795,20.74447431564331,23.985685191174813,17.503263440111805,0.31248908275176895,1.4426675524030412,749563250.85,0.4413454456643337,0.7873874510647031,0.07138958383681
2023-12-03,21.968658447265625,22.697900772094727,21.649450302124023,22.241090774536133,363213096,-0.012248291873371842,-0.012323920381448156,21.708876419067384,21.288027381896974,21.031910610198974,21.143921059400903,19.40288751686036,1.741033542540542,1.9593728764243976,-0.2183393338838555,45.29537951468689,21.031910610198974,23.514508311656197,18.54931290874175,0.2360791415929032,1.3641886029924666,727269040.55,0.49942053868444436,0.30445705471041534,0.0624268790538103
2023-12-04,22.632719039916992,23.173192977905273,21.309476852416992,21.967601776123047,692986140,0.030227635166953926,0.029779782839993475,22.01813735961914,21.462726402282716,21.308999252319335,21.372966902557227,19.64213429634604,1.7308326062111874,1.9136648223817558,-0.18283221617056844,60.885409181248306,21.308999252319335,23.072456306506087,19.545542198132583,0.16551289277414677,1.3266071592058455,718802068.5,0.9640847882451523,0.7100020020770595,0.06191981252372593
2023-12-05,24.484773635864258,24.674280166625977,21.865402221679688,22.637990951538086,815582253,0.08183084819286734,0.07865483566414508,22.6377197265625,21.778471374511717,21.49650526046753,21.85170639998908,20.000848321495535,1.8508580784935447,1.901103473604114,-0.050245395110569246,83.29005713485343,21.49650526046753,23.736052137255697,19.25695838367936,0.20836381073594656,1.3022631236485072,686965431.5,1.1872245903540781,0.9325330100483692,0.04436385233225353
2023-12-06,26.217491149902344,27.555566787719727,24.4827938079834,24.4827938079834,1460209508,0.07076714450404697,0.06837534906299757,23.508943176269533,22.28917465209961,21.71933469772339,22.523365592283426,20.461340382859003,2.062025209424423,1.9332878207681758,0.12873738865624706,83.25062867938604,21.71933469772339,24.798934851861297,18.639734543585483,0.2835814445514032,1.366032327924456,661514994.9,2.207371744038451,0.564538072845986,0.04561584318600923
2023-12-07,26.30372428894043,27.769908905029297,25.82659339904785,26.225248336791992,1020594712,0.0032891453474719334,0.0032837479409116802,24.32147331237793,22.883671760559082,21.93747968673706,23.104959237922966,20.89410956108726,2.210849676835707,1.9888001919816822,0.22204948485402487,84.70420186953503,21.93747968673706,25.638532928936083,18.236426444538036,0.33741827183882045,1.4370307922363281,624223394.65,1.6349831178183318,0.2455241498195982,0.045641403055035834
2023-12-08,30.636808395385742,30.7028865814209,26.108566284179688,26.303241729736328,1198193714,0.16473272221254187,0.1524916377026567,26.055103302001953,23.881989860534667,22.369552516937254,24.263705262148008,21.61579095622048,2.6479143059275287,2.120623014770852,0.527291291156677,89.85546745515262,22.369552516937254,27.740150031891215,16.998955001983294,0.48017031282924205,1.6698112487792969,644312876.35,1.8596457683535785,0.9856174163714687,0.05717709519940003
2023-12-09,31.817724227905273,34.11872863769531,30.503620147705078,30.62762451171875,1781367115,0.03854565453682812,0.037821325367564045,27.89210433959961,24.955120849609376,22.817456436157226,25.425862026110664,22.37148971708602,3.054372309024643,2.30737287362161,0.7469994354030329,90.43362412753285,22.817456436157226,29.654217099010083,15.980695773304369,0.5992570365572493,1.8736681256975447,698260613.8,2.5511493556906104,0.3635033582543222,0.0571628116654495
2023-12-10,37.07502746582031,37.74287033081055,31.649328231811523,31.82539176940918,1655716991,0.16523190660205045,0.15292012866854768,30.41015510559082,26.52393741607666,23.62812786102295,27.218041324527533,23.46064066143671,3.7574006630908237,2.597378431515453,1.1600222315753705,94.3144887175849,23.62812786102295,32.899820464864554,14.356435257181344,0.784801289241051,2.229114396231515,744826096.3,2.2229578142132023,0.8904015327958503,0.06042357572016561
2023-12-11,38.1399040222168,39.296878814697266,33.7169075012207,37.08013916015625,3273088459,0.028722205462375028,0.028317454867606635,32.79463768005371,28.151790428161622,24.582882690429688,28.898327893402804,24.547993502975977,4.350334390426827,2.947969623297728,1.4023647671290989,98.51350299310207,24.582882690429688,35.629997420165026,13.535767960694347,0.8987647924656182,2.5303185326712474,853327661.0,3.835676034648079,0.7926557798580901,0.05370616336511284
2023-12-12,37.430912017822266,42.75495529174805,36.08676528930664,38.136104583740234,2639559669,-0.018589244587021936,-0.01876419613126287,35.02007522583008,29.670774269104005,25.41459035873413,30.21103314331349,25.50228376333496,4.708749379978528,3.300125574633888,1.4086238053446398,94.76306305545256,25.41459035873413,37.69711026774571,13.132070449722557,0.9665723299601003,2.917672566005162,952046893.2,2.7725101440412954,0.20157594879686042,0.05339495650971594
2023-12-13,39.053768157958984,41.2797737121582,34.27824401855469,37.432926177978516,2490212384,0.043356040573203636,0.04244247977478818,36.703467178344724,31.37928524017334,26.333656311035156,31.571453914797413,26.506097422196,5.065356492601413,3.653171758227394,1.4121847343740193,95.07577077097578,26.333656311035156,39.81449671657477,12.85281590549554,1.0238487391430298,3.349550519670759,1056385469.5,2.3572951880705513,0.682068682354722,0.052728634085121365
2023-12-14,39.30565643310547,40.28084182739258,37.60223388671875,39.04536056518555,1571510677,0.006449781596687076,0.00642907076124076,38.201053619384766,33.04657897949219,27.25465269088745,32.76133122530634,27.45421290448559,5.307118320820752,3.9839610707460666,1.3231572500746855,95.06374374753506,27.25465269088745,41.653923231246296,12.855382150528609,1.0566467827471686,3.4972561427525113,1110536715.9,1.4150911487212,0.6359357463858074,0.052825280113776636
2023-12-15,39.812110900878906,42.02362823486328,38.641990661621094,39.30233383178711,1987675065,0.012885027594829124,0.012802721880393358,38.748470306396484,34.57931270599365,28.178892040252684,33.84606656000982,28.369612756070282,5.476453803939535,4.282459617384761,1.1939941865547734,95.0716617581871,28.178892040252684,43.329590305985896,13.028193774519472,1.0753224962919694,3.637714113507952,1194829079.2,1.6635643537658553,0.3460217750880167,0.05295779635855552
2023-12-16,42.081905364990234,45.20425033569336,38.727012634277344,39.80160140991211,2062984465,0.057012663050258316,0.05544668699633721,39.53687057495117,36.16575412750244,29.227464389801025,35.11311868385296,29.3853381345088,5.7277805493441605,4.571523803776642,1.1562567455675188,95.49888508746531,29.227464389801025,45.19897402929304,13.255954750309012,1.0929110665559685,4.059091295514788,1279203734.6,1.6127098516055256,0.5179511514298684,0.052205275109180924
2023-12-17,40.662322998046875,43.86850357055664,40.440128326416016,42.08854675292969,1267591263,-0.03373379495607087,-0.03431590815368236,40.183152770996095,37.601613998413086,30.242642879486084,35.966842424498175,30.220670346622732,5.746172077875443,4.806453458596402,0.9397186192790405,90.7254948043836,30.242642879486084,46.42036327554478,14.064922483427388,1.069861550164468,4.229085922241211,1323287886.8,0.9579104257239998,0.06481048752247977,0.05207091424611218
2023-12-18,41.06120300292969,41.28627395629883,36.73610305786133,40.651729583740234,1569013140,0.009809572485614648,0.009761770983422317,40.58463973999024,38.64405345916748,31.263021659851074,36.75059020579533,31.02367276560843,5.726917440186902,4.990546254914502,0.7363711852724002,90.61708174970079,31.263021659851074,47.46849243752399,15.057550882178155,1.0367181364611648,4.420975548880441,1381245213.9,1.1359410510244086,0.9505357121967033,0.0521847603864047
2023-12-19,39.82133483886719,41.94941329956055,38.85555648803711,41.05990982055664,1162110260,-0.03019561224190237,-0.03066088992629896,40.687775421142575,39.44441452026367,32.199767684936525,37.22301245703716,31.67535143770167,5.547661019335486,5.1019692077987,0.4456918115367863,84.73984309646299,32.199767684936525,48.09126571248585,16.3082696573872,0.9870566882992499,4.44133118220738,1414805700.45,0.8213921244665423,0.3121600017529324,0.054183897015539544
2023-12-20,43.42633819580078,44.43490982055664,39.24809646606445,39.81120300292969,1501900736,0.09052944537195606,0.08666330801161036,41.410620880126956,40.07954559326172,33.30174150466919,38.177370263000796,32.545794901264564,5.631575361736232,5.207890438586206,0.4236849231500255,85.93301504007341,33.30174150466919,49.092435940945805,17.511047068392568,0.948340460456858,4.592334066118513,1470446912.55,1.0213906555765784,0.8055508143670014,0.05542102910238846
2023-12-21,45.96164321899414,46.81657028198242,43.15488815307617,43.42608642578125,1804875169,0.05838173625789422,0.0567410776775591,42.18656845092774,40.86171951293945,34.50675497055054,39.374950717769,33.539561443318604,5.8353892744503995,5.333390205759046,0.5019990686913536,87.23823622523834,34.50675497055054,50.29978206389579,18.713727877205287,0.9153585787376217,4.71507453918457,1532460057.15,1.1777632706177186,0.7665206753190081,0.05548872373184475
2023-12-22,45.44339370727539,48.71824264526367,43.86941146850586,45.960601806640625,1716677537,-0.011275695893844362,-0.011339748499763642,43.142782592773436,41.662967681884766,35.66687097549438,40.30855733153922,34.42132679620429,5.887230535334929,5.444158271674223,0.4430722636607056,82.78699152681607,35.66687097549438,51.070147061370264,20.263594889618506,0.8637301599267847,4.73325388772147,1601753117.65,1.0717491466591371,0.3246106490710764,0.05644382269749869
2023-12-23,48.06705856323242,48.17335510253906,43.66390609741211,45.44181442260742,1256731782,0.05773479139470572,0.05612963225393489,44.54395370483398,42.56429672241211,36.97179098129273,41.50217290564587,35.43212174191008,6.070051163735791,5.569336850086537,0.5007143136492536,83.82076508736964,36.97179098129273,51.90361248442076,22.039969478164693,0.8077413134074761,4.797135353088379,1646429051.95,0.7633075840781297,0.9764280405543851,0.05533713771547881
2023-12-24,47.711238861083984,49.65569305419922,46.60761642456055,48.0566291809082,1711488144,-0.007402568677680854,-0.007430103659750186,46.121934509277345,43.404854965209964,38.22571697235107,42.45741382186712,36.34168597296,6.11572784890712,5.678615049850654,0.4371127990564663,77.81256402721426,38.22571697235107,52.27328122990372,24.178152714798422,0.7349797659891298,4.579602105276925,1697354152.15,1.0083270729518037,0.3620717478594187,0.056363124781855636
2023-12-25,48.3452033996582,48.81945037841797,46.11513137817383,47.71583938598633,1173301947,0.013287530437431583,0.013200025502240796,47.10570755004883,44.25816421508789,39.41873846054077,43.36322760306575,37.23083541197468,6.132392191091071,5.769370478098738,0.36302171299233343,77.3010248275558,39.41873846054077,52.57737595846227,26.26010096261928,0.6676336185184438,4.374198368617466,1715240136.85,0.6840452959285006,0.8246334892580031,0.05572789635307258
2023-12-26,44.426029205322266,48.32989501953125,42.7763671875,48.32989501953125,1272282582,-0.08106645372731325,-0.08454147015212342,46.79858474731445,44.492576599121094,40.329165363311766,43.526735541874444,37.76381273000043,5.762922811874013,5.768080944853794,-0.0051581329797807385,65.97021887496547,40.329165363311766,52.08710786098635,28.571222865637182,0.583098727273489,4.295673097882952,1705843790.55,0.7458376839943763,0.297047582139948,0.06084600515239819
2023-12-27,42.41041564941406,44.86298370361328,42.04249572753906,44.426544189453125,1041221252,-0.04537010378741502,-0.04643155684858811,46.19198913574219,44.66738586425781,41.13449993133545,43.35499401995746,38.10800553884589,5.246988481111572,5.6638624521053496,-0.41687397099377765,57.528390010686095,41.13449993133545,50.88216994758592,31.386829915084974,0.4739413403601337,3.997027260916574,1706875117.55,0.6100160704753488,0.13044548450181503,0.06284238488317453
2023-12-28,39.90686798095703,43.31593322753906,39.355064392089844,42.41714859008789,1132807530,-0.059031434380474423,-0.0608455452474731,44.55995101928711,44.55195236206055,41.598002910614014,42.82451309088047,38.2412546086319,4.583258482248574,5.447741658133995,-0.8644831758854208,51.22471676812287,41.598002910614014,50.03775768913882,33.158248132089206,0.405776921390202,4.088617324829102,1703605808.35,0.6649469756722435,0.13931377442632922,0.056425471190163515
2023-12-29,40.21108627319336,42.102848052978516,38.81035232543945,39.90666198730469,1101215880,0.007623206421047524,0.007594296613640075,43.05992050170899,44.59092750549316,42.01767101287842,42.42244742662092,38.387168065266074,4.035279361354846,5.165249198778166,-1.12996983742332,50.819497440094,42.01767101287842,49.141939377963126,34.89340264779371,0.33910819868626807,4.082250050136021,1669598246.6,0.6595693797849488,0.4254322736954759,0.056162574449439055
2023-12-30,39.39484786987305,40.32802200317383,38.29671859741211,40.209877014160156,594951004,-0.020298839921279566,-0.02050769251596059,41.269849395751955,44.18777847290039,42.13366203308105,41.95666287942894,38.46181101375548,3.4948518656734606,4.831169732157225,-1.336317866483764,44.130275948594125,42.13366203308105,48.98958680735904,35.277737258803064,0.3254369282639183,3.764683314732143,1616559947.25,0.3680352250543488,0.5406032717417304,0.04366409454599347
2023-12-31,38.5449104309082,40.463134765625,38.2690544128418,39.39030075073242,578258573,-0.021574837445046402,-0.021810976874717142,40.09362564086914,43.4461051940918,42.15391235351562,41.43177788734883,38.46796652613717,2.963811361211661,4.457698057968112,-1.4938866967564506,45.25658276930513,42.15391235351562,48.96239668795346,35.34542801907779,0.3230297713455302,3.6765193939208984,1481818452.95,0.3902357754074424,0.12572739939045868,0.04361012170990304
2024-01-01,41.864463806152344,41.980567932128906,38.1713981628418,38.55867004394531,671490413,0.08612170421810794,0.08261328173194127,39.9844352722168,43.088212203979495,42.37558994293213,41.49834495178013,38.7195589172494,2.7787860345307323,4.121915653280636,-1.343129618749904,51.59123568212828,42.37558994293213,48.81531303514783,35.93586685071643,0.30393550158891836,3.623590741838728,1383414990.15,0.48538610451748254,0.9695198316945874,0.047216983661776665
2024-01-02,40.64521026611328,43.39170455932617,40.46870040893555,41.86973571777344,869881311,-0.0291238303130944,-0.029556347467044598,40.132103729248044,42.34602737426758,42.455162048339844,41.36709346167754,38.862199757905984,2.5048937037715575,3.7985112633788205,-1.293617559607263,51.633406704308115,42.455162048339844,48.75997622568621,36.15034787099348,0.29701048697765636,3.611386980329241,1302398436.5,0.6679072138152095,0.060386454309440986,0.047033554356930955
2024-01-03,36.7952766418457,41.40471649169922,34.124481201171875,40.645931243896484,1364836993,-0.09472047503411107,-0.09951151560629297,39.44894180297852,41.25443115234375,42.32964305877685,40.66373702785726,38.70909434190151,1.954642685955747,3.429737547894206,-1.4750948619384587,36.979778915261335,42.32964305877685,48.98848056536685,35.670805552186856,0.31461817418794974,3.7609171186174666,1292064752.3,1.056322440938396,0.36685564826185896,0.05184200733301643
2024-01-04,38.73783493041992,39.355289459228516,36.30217742919922,36.795127868652344,837720647,0.052793686197348144,0.05144728441795792,39.31753921508789,40.29369430541992,42.2759292602539,40.36744439748229,38.71122327438435,1.6562211230979358,3.0750342629349516,-1.4188131398370158,35.477871537524535,42.2759292602539,49.03682252859308,35.51503599191473,0.3198459921114254,3.7174478258405412,1234567031.4,0.67855420215622,0.7977622403917188,0.05319628887984694
2024-01-05,36.43484878540039,38.90220260620117,35.238311767578125,38.73728561401367,806375166,-0.05945056426504236,-0.06129106837422395,38.89552688598633,39.49457626342773,41.99357643127441,39.762429687931224,38.542602941867024,1.2198267460642,2.7039927595608018,-1.4841660134966017,33.10251305412035,41.99357643127441,49.24263565043888,34.74451721210995,0.3452460988183793,3.6328092302594865,1171736566.45,0.6881881039550278,0.3265755087305466,0.05299800612284845
2024-01-06,34.62417984008789,36.465049743652344,33.64159393310547,36.43449783325195,588059111,-0.04969607410688759,-0.05097342355892929,37.447470092773436,38.715952682495114,41.69166927337646,38.971929711339946,38.25234937877227,0.7195803325676735,2.3071102741621763,-1.5875299415945028,23.99172805920844,41.69166927337646,49.643099395640654,33.74023915111227,0.3814397581505248,3.512381144932338,1137759958.85,0.5168569226099199,0.34800824572211825,0.053557286929003786
2024-01-07,33.62965393066406,35.7130126953125,33.283348083496094,34.62958526611328,626766433,-0.028723450317583166,-0.02914404209353807,36.044358825683595,38.08823127746582,41.320091819763185,38.150041129697506,37.909927493727224,0.2401136359702818,1.8937109465237973,-1.6535973105535156,23.41308728443076,41.320091819763185,50.051849974986574,32.588333664539796,0.42263982342106193,3.4682088579450334,1090647623.5,0.5746736338072624,0.14253236601398594,0.053627195758603495
2024-01-08,36.08260726928711,36.36847686767578,31.480796813964844,33.63080978393555,1051954159,0.07294018974088834,0.07040272094015503,35.901824951171875,37.67538337707519,41.13315544128418,37.83197438194206,37.77457044006499,0.05740394187706954,1.5264495455944518,-1.4690456037173822,28.33552590787413,41.13315544128418,50.155270609585465,32.1110402729829,0.4386784855919924,3.6241632189069475,1085139818.45,0.9694180796928068,0.9415122093380991,0.05632921890825997
2024-01-09,34.695011138916016,37.54158020019531,33.865211486816406,36.08619689941406,964444462,-0.0384560938187023,-0.039215050740763174,35.09326019287109,37.205399703979495,40.69658908843994,37.34936465224575,37.54645493627618,-0.1970902840304305,1.1817415796694755,-1.378831863699906,31.119179458271688,40.69658908843994,50.08888583492573,31.304292341954152,0.4615766066328009,3.4889869689941406,1058267004.75,0.91134322214632,0.2257117592211889,0.05224275768044018
2024-01-10,38.472389221191406,39.45473861694336,33.536705017089844,34.68918991088867,1016992295,0.10887381091048143,0.10334491551939073,35.5007682800293,37.19814758300781,40.322126388549805,37.52213766285277,37.615042661084715,-0.09290499823194409,0.9268122640891915,-1.0197172623211355,42.84810489640134,40.322126388549805,49.42324494451629,31.221007832583318,0.45142056588319773,3.710240227835519,1018872861.05,0.998154268189986,0.8340074642164345,0.056740713525132644
2024-01-11,39.445777893066406,41.62960433959961,37.64054870605469,38.478946685791016,1199348855,0.02530096756608069,0.024986196384169056,36.465087890625,36.95627899169922,40.02224559783936,37.81808231365487,37.750652678268544,0.06742963538632551,0.7549357383486183,-0.6875061029622928,49.11332888110074,40.02224559783936,48.802441532223014,31.242049663455703,0.4387657815411369,3.7122535705566406,993006426.95,1.20779566219302,0.45254550157326967,0.0571948516287969
2024-01-12,35.87169647216797,39.51717758178711,35.04478073120117,39.40984344482422,838949726,-0.0906074518440837,-0.09497843186724948,36.91349639892578,36.47892761230469,39.41247749328613,37.5186383380415,37.611470737075905,-0.09283239903440688,0.5853821108720133,-0.6782145099064202,42.58757490814495,39.41247749328613,47.50741343645638,31.317541550115884,0.41078036490089775,3.796532222202846,972117324.15,0.8630128330791357,0.1848931941291232,0.05817152290932868
2024-01-13,36.45083999633789,36.59554672241211,34.86716842651367,35.86818313598633,508938996,0.016144860185780985,0.016015917915894334,36.987142944335936,36.44448394775391,38.849457550048825,37.3543616700871,37.52549808961383,-0.1711364195267322,0.43407840479226417,-0.6052148243189963,44.930061155594515,38.849457550048825,46.02866685899903,31.67024824109862,0.36959122529324395,3.7748947143554688,911989866.75,0.5580533452785758,0.916276005328013,0.058526477073937835
2024-01-14,35.33799743652344,37.78963851928711,35.33651351928711,36.450199127197266,612422802,-0.030529956509267153,-0.03100570370333842,37.11574020385742,36.104500198364256,38.19909725189209,37.044151788000384,37.36346100419973,-0.3193092161993434,0.28340088059394264,-0.602710096793286,44.52686635164051,38.19909725189209,43.9760343837948,32.422160119989385,0.3024645893492449,3.793397903442383,883945909.5,0.6928283681367045,0.00060490893463604,0.05835972143018768
2024-01-15,35.66428756713867,36.737552642822266,35.228878021240234,35.33125686645508,467302331,0.009233407501410884,0.00919104019110688,36.55411987304687,36.02744407653809,37.76101016998291,36.83186498479089,37.23759630515816,-0.40573132036727344,0.1455744404016994,-0.5513057607689729,38.21420610555172,37.76101016998291,42.83590058066066,32.68611975930516,0.2687899708102565,3.629076821463449,843696896.95,0.5538746588843905,0.2886040083022122,0.056351850105840096
2024-01-16,35.59072494506836,36.498111724853516,34.85787582397461,35.653194427490234,480326505,-0.0020626410083709468,-0.0020647711820287245,35.78310928344727,36.12409858703613,37.42002563476562,36.640920363295116,37.1156058340404,-0.47468547074528544,0.021522458172302392,-0.49620792891758786,39.95448063266159,37.42002563476562,42.07895464682112,32.76109662271013,0.24900725924287176,3.537450517926897,815652159.6,0.5888864503657473,0.4467949495759175,0.05572662989046683
2024-01-17,36.00657653808594,36.434715270996094,35.33757400512695,35.58462142944336,542915389,0.011684268686839472,0.011616534723462796,35.81008529663086,36.36179084777832,37.22501106262207,36.54332900557063,37.03345551582155,-0.49012651025092424,-0.08080733551234297,-0.40931917473858126,48.184711905008996,37.22501106262207,41.770790658528256,32.67923146671589,0.24423254506272724,3.0958009447370256,786157552.55,0.6905936185933549,0.6097688125250866,0.05449894567535693
2024-01-18,33.52815246582031,36.07768249511719,32.92153549194336,36.010311126708984,565920717,-0.06883253867926242,-0.07131614535523319,35.225547790527344,36.10634536743164,36.89086437225342,36.07945569176289,36.77380343804368,-0.6943477462807905,-0.2035154176660325,-0.490832328614758,38.29794635872187,36.89086437225342,41.494560158695975,32.28716858581086,0.24958459850591722,3.1031605856759206,759392794.4,0.7452279257497259,0.19220174831683073,0.05631223449824176
2024-01-19,32.643001556396484,33.68983840942383,31.310749053955078,33.53049850463867,541126328,-0.026400229190265745,-0.02675497271380394,34.68654861450195,35.901144409179686,36.55327205657959,35.55077044016806,36.46781811347722,-0.9170476733091633,-0.3462218687946587,-0.5708258045145045,40.903288839820426,36.55327205657959,41.36918000422594,31.737364108933235,0.2635007853847923,3.0113890511648997,756701560.6,0.7151119492484366,0.5599842199197564,0.056401396983378954
2024-01-20,32.80842590332031,32.92415237426758,32.04904556274414,32.64551544189453,335959594,0.005067681862466866,0.005054884380240108,34.11537628173828,35.334748077392575,36.26644783020019,35.12887128065302,36.19675202383597,-1.067880743182947,-0.4905536436723164,-0.5773270995106305,45.27063991111776,36.26644783020019,41.262835810198396,31.27005985020199,0.2755377644588372,2.8722212655203685,744586611.65,0.4512028402653055,0.8677573090496515,0.05637490358156971
2024-01-21,32.473045349121094,33.43380355834961,32.473045349121094,32.8138313293457,323246888,-0.0102223908939586,-0.010274998354856246,33.49184036254883,34.637474822998044,35.79687690734863,34.720282675801954,35.92092189978302,-1.2006392239810637,-0.632570759734066,-0.5680684642469978,46.88034907395556,35.79687690734863,40.32098015681896,31.272773657878307,0.2527652488332907,2.767299379621233,727174435.4,0.44452454908180344,0.0,0.05198743105506604
2024-01-22,29.48309326171875,32.656776428222656,29.425447463989258,32.48581314086914,625350714,-0.09207489027459725,-0.09659338205835197,32.18714370727539,33.99861450195313,35.23877105712891,33.914561227481464,35.44404570437085,-1.5294844768893867,-0.8119535031651303,-0.7175309737242564,32.70065918611783,35.23877105712891,39.99268486347938,30.484857250778433,0.26981155492871506,2.648988587515695,714947905.55,0.8746801118592353,0.017839656125748723,0.054942537352779895
2024-01-23,30.59178352355957,30.599285125732422,27.378292083740234,29.482973098754883,785003146,0.03760427211619488,0.036914471317128786,31.59986991882324,33.412708854675294,34.9285964012146,33.40336465764732,35.08461887616261,-1.681254218515285,-0.9858136462351613,-0.6954405722801237,39.084583186992624,34.9285964012146,40.05019515304279,29.806997649386403,0.29326106855241957,2.616461753845215,685956213.2,1.144392500416235,0.9976710250373835,0.05269352101109359
2024-01-24,31.217866897583008,31.859466552734375,29.510068893432617,30.59920883178711,644903093,0.020465736283119096,0.020259127283339957,31.314842987060548,33.00069580078125,34.552597999572754,33.06713423302204,34.79819280367523,-1.7310585706531896,-1.134862631118767,-0.5961959395344225,26.814117504771033,34.552597999572754,39.60032588334598,29.504870115799527,0.2921764600066046,2.3615591866629466,676315335.5,0.9535538515080736,0.7269088696499597,0.051209615574415356
2024-01-25,30.48063850402832,31.32682228088379,29.657167434692383,31.216732025146484,421239728,-0.023615591544845937,-0.023898908989892133,30.849285507202147,32.482330894470216,34.25488748550415,32.66921181317685,34.47837396666434,-1.8091621534874918,-1.2697225355925121,-0.5394396178949796,20.907717417743996,34.25488748550415,39.53231209375308,28.977462877255224,0.3081268102534102,2.195887701851981,657058563.6,0.6410992129712804,0.4931983794628848,0.04998164178326623
2024-01-26,32.27981948852539,33.016544342041016,30.164409637451172,30.48351287841797,539176077,0.05902701100763652,0.0573505724390702,30.810640335083008,32.15124034881592,34.137669467926024,32.60930530169201,34.31551807939479,-1.7062127777027811,-1.3570205840145662,-0.34919219368821497,36.826733425427896,34.137669467926024,39.48424663824734,28.791092297604703,0.31323621405056284,2.080154691423689,654614411.9,0.8236544555061911,0.7416935252928363,0.0510736791429038
2024-01-27,33.261962890625,33.2649040222168,31.912988662719727,32.276145935058594,336041590,0.03042592609443595,0.02997223724554885,31.566414260864256,31.876778984069823,34.11928491592407,32.709714161527856,34.23747695430073,-1.5277627927728759,-1.3911690257662281,-0.13659376700664771,38.640529831849754,34.11928491592407,39.47573676038894,28.762833071459198,0.3139838280704952,2.053264481680734,640078169.75,0.5250008606468335,0.9978244632333081,0.05117303775122439
2024-01-28,34.79377365112305,36.629364013671875,33.266849517822266,33.26731491088867,966178090,0.04605292734932953,0.045023964122959746,32.406812286376955,32.003341102600096,34.054843235015866,33.030338698388654,34.278684117028305,-1.2483454186396514,-1.3626043043409128,0.11425888570126141,48.11754668428804,34.054843235015866,39.34241025100561,28.767276219026122,0.3105324537540647,2.118569919041225,635789366.3,1.5196512260384436,0.45410187246611505,0.049501154873282695
2024-01-29,36.073768615722656,36.46578598022461,34.414207458496094,34.79945755004883,693709649,0.036788046546319286,0.03612751736954989,33.37799263000488,32.34641780853271,34.1237811088562,33.49855868567081,34.41165333915381,-0.9130946534830002,-1.2727023741693304,0.3596077206863302,51.32871789857018,34.1237811088562,39.481970701864434,28.765591515847966,0.3140443068671317,2.157348769051688,622252625.65,1.1148360334765266,0.8089191476518002,0.04933534541337914
2024-01-30,35.144779205322266,37.09964370727539,35.08681869506836,36.073768615722656,681955940,-0.025752491243609454,-0.026089891855229783,34.310820770263675,32.58005313873291,33.95740060806274,33.7518233810018,34.46595895886999,-0.7141355778681913,-1.1609890149091027,0.4468534370409114,48.62906611564432,33.95740060806274,38.940568588413925,28.974232627711554,0.2934952552974857,2.183962277003697,605500807.9,1.126267597173259,0.02879560300296419,0.04291243006236167
2024-01-31,33.16189956665039,35.46770477294922,33.1399040222168,35.15542221069336,581078929,-0.056420318565313154,-0.05807446470855394,34.48723678588867,32.64893856048584,33.643206691741945,33.66106587110158,34.369361966853724,-0.7082960957521465,-1.0704504310777114,0.36215433532556496,42.02337552148661,33.643206691741945,37.910290132149974,29.37612325133392,0.2536668682926366,2.2718665259225026,574587311.6,1.0112978780925799,0.009449066605972346,0.043893640196360086
2024-02-01,33.82854080200195,33.90343475341797,32.340728759765625,33.16287612915039,476844022,0.020102625122897955,0.019903235100631057,34.60055236816406,33.08348331451416,33.54104890823364,33.686831245086246,34.32930113982766,-0.6424698947414171,-0.9848543238104526,0.34238442906903543,50.93756794078433,33.54104890823364,37.67937969152008,29.4027181249472,0.24676215669990967,2.1580493109566823,556482026.4,0.8568902487018403,0.9520741833454444,0.039665148027366405
2024-02-02,36.707916259765625,36.84721374511719,33.8226203918457,33.82978057861328,721421678,0.08511675022037224,0.0816875850932836,34.98338088989258,33.69509658813477,33.55390272140503,34.15161355503692,34.50549485241566,-0.3538812973787415,-0.8586597185241103,0.5047784211453687,61.28279533937867,33.55390272140503,37.73169672950458,29.376108713305484,0.2490198557698272,2.2041567393711636,567106160.5,1.2721104587612746,0.9539450502526745,0.044092158737656276
2024-02-03,35.91640090942383,37.528160095214844,35.445926666259766,36.712059020996094,463062303,-0.021562524681068673,-0.021798392686394892,34.951907348632815,34.16494998931885,33.58282289505005,34.423119301865675,34.61000641219404,-0.1868871103283638,-0.724305196884961,0.5374180865565972,58.3369028159995,33.58282289505005,37.82020042028624,29.34544536981386,0.252353861882216,2.290380069187709,559638135.55,0.8274316448161858,0.22594692524012072,0.04379623030101189
2024-02-04,34.844993591308594,36.494102478027344,34.83823013305664,35.922218322753906,374440909,-0.02983058689029494,-0.030284570044296483,34.89195022583008,34.601385498046874,33.541858196258545,34.48802303870305,34.62741286990623,-0.13938983120318227,-0.6073221237486053,0.467932292545423,56.12087475493546,33.541858196258545,37.70978124177601,29.37393515074108,0.24852070038161322,2.34003107888358,554995064.45,0.6746743043040767,0.004084528757092988,0.04431208313543413
2024-02-05,34.50077438354492,35.849082946777344,34.15762710571289,34.84466552734375,430466400,-0.009878584332686735,-0.00992770128523229,35.159725189208984,34.82348098754883,33.487360668182376,34.48998478406334,34.618032241286876,-0.12804745722353772,-0.5114671904435918,0.38341973322005407,64.99591514351948,33.487360668182376,37.57011728665455,29.404604049710205,0.24383866252865705,2.2300401415143694,552502059.2,0.7791218020495659,0.2028709632687632,0.04436360620340844
2024-02-06,34.1414680480957,34.682735443115234,33.80533218383789,34.49977111816406,371504176,-0.010414442628296161,-0.010469052420520193,35.222310638427736,34.9114315032959,33.39410524368286,34.4363668246837,34.58273118993938,-0.1463643652556783,-0.4384466254060091,0.2920822601503308,61.10610824406051,33.39410524368286,37.31663823326694,29.471572254098774,0.23492367655672447,2.062640871320452,543931498.55,0.6829980925729568,0.3831030451193375,0.044316386792507705
2024-02-07,35.27924728393555,35.47366714477539,33.742950439453125,34.140872955322266,434703122,0.03332543387522269,0.03278217815688921,34.93657684326172,34.959978866577146,33.481659984588624,34.566040741491676,34.634324974679835,-0.0682842331881588,-0.364414146962439,0.2961299137742802,62.312831155553994,33.481659984588624,37.49393678170827,29.469383187468978,0.23967012382100947,2.018449374607631,537370618.8,0.8089447148612883,0.8876651105760875,0.04200044095075881
2024-02-08,35.427764892578125,36.10142517089844,35.124412536621094,35.279212951660156,465036665,0.004209772602212114,0.004200936300065626,34.83884963989258,34.895378494262694,33.620898151397704,34.69861368781267,34.69309830193156,0.005515385881103896,-0.29042824039373044,0.29594362627483434,65.55332231330424,33.620898151397704,37.70329850880209,29.53849779399332,0.24284897678943604,1.9689749308994837,533566135.65,0.8715633057062062,0.3104896929777286,0.04141132318826465
2024-02-09,38.01095962524414,38.55329895019531,35.421939849853516,35.427825927734375,734324526,0.07291441445709657,0.07037869761281254,35.472042846679685,35.181996536254886,33.8810248374939,35.20820537049443,34.93886580736212,0.2693395631323128,-0.17847467968852176,0.44781424282083454,67.17167283865953,33.8810248374939,38.386522670960325,29.375527004027468,0.2659599498584524,1.9889195305960519,553484382.25,1.3267303460575648,0.8268038523080881,0.04411469397487892
2024-02-10,40.2883186340332,41.099517822265625,38.00907897949219,38.00907897949219,716869745,0.05991322058800663,0.058187037402854684,36.62955169677734,35.89463844299316,34.2717885017395,35.989761257192704,35.33512157230072,0.6546396848919827,-0.01185180677242084,0.6664914916644035,69.53611618509703,34.2717885017395,39.55213455667927,28.991442446799727,0.30814534553233264,2.1130997794015065,573165525.1,1.250720278186529,0.7375132669250416,0.045334477664706295
2024-02-11,39.732269287109375,41.1525993347168,39.44087219238281,40.27340316772461,506846339,-0.01380175112232429,-0.013897880819650316,37.747711944580075,36.48501129150391,34.78424730300903,36.56553172333373,35.6608362178421,0.9046955054916239,0.17145765568038818,0.7332378498112357,64.51881337976913,34.78424730300903,40.09704667473954,29.47144793127853,0.305471573120452,1.9948373522077287,567240306.35,0.8935301905137616,0.17023571445322638,0.03880118006184463
2024-02-12,41.08818817138672,41.08818817138672,38.450008392333984,39.73163604736328,790355103,0.034126389169451654,0.03355700185567864,38.90950012207031,36.923038482666016,35.30906753540039,37.26132502303419,36.06286228847504,1.1984627345591505,0.3768586714561407,0.8216040631030098,64.67650504237596,35.30906753540039,40.94218238718618,29.675952683614593,0.3190746878907583,2.0367374420166016,567507904.2,1.3926768193901042,0.9999999962095077,0.038705679422354214
2024-02-13,39.765350341796875,41.63744354248047,38.920753479003906,41.080970764160156,707780905,-0.03219508789416636,-0.0327247490976369,39.777017211914064,37.30793342590332,35.736441707611085,37.64655968745922,36.33712066279517,1.3094390246640444,0.5633747420977215,0.7460642825663228,63.219004468196054,35.736441707611085,41.359598323716696,30.113285091505475,0.31470153979588855,2.0870135171072826,570651794.8,1.2403026003765756,0.3108918720758359,0.04011971853772107
2024-02-14,42.26839065551758,42.41257858276367,39.194610595703125,39.76451873779297,792191831,0.06294525993625633,0.06104360220719142,40.62850341796875,38.05027313232422,36.325829315185544,38.35761060562204,36.77647399558943,1.5811366100326154,0.7669271156847004,0.814209494347915,75.29979770437708,36.325829315185544,42.098538498885354,30.55312013148573,0.3178294504228486,2.15059689113072,589199399.95,1.3445224673806966,0.9551928616512649,0.0406358329584099
2024-02-15,41.596004486083984,43.491729736328125,41.054229736328125,42.267059326171875,822570663,-0.01590754128572014,-0.016035424236038005,40.89004058837891,38.759796142578125,36.79163856506348,38.855825048770036,37.133476254144576,1.7223487946254608,0.9580114514728526,0.7643373431526082,71.57280424397068,36.79163856506348,42.69176879443897,30.891508335687984,0.32073212607486995,2.2130821772984097,603369129.25,1.3632959048177886,0.22226656309054102,0.040031685702373705
2024-02-16,40.312129974365234,41.795867919921875,39.71167755126953,41.59409713745117,569724888,-0.03086533256212798,-0.0313517010635181,41.006012725830075,39.376862335205075,37.14414691925049,39.07987196040007,37.36893208527203,1.710939875128041,1.1085971362038904,0.6023427389241505,60.983496558905934,37.14414691925049,42.99860641675938,31.289687421741597,0.31522918053475246,2.1459105355398997,615053294.15,0.926301661041189,0.2880986445604653,0.04100263864182294
2024-02-17,39.762489318847656,40.43075180053711,38.50971984863281,40.31004333496094,449295833,-0.013634622032303922,-0.013728427131925607,40.74087295532227,39.825186538696286,37.392582702636716,39.184890015545854,37.54623262109244,1.6386573944534106,1.2146091878537946,0.42404820659961606,61.89595433557425,37.392582702636716,43.24878700038405,31.536378404889387,0.3132281257124496,2.1343961443219865,589209181.3,0.7625404478740427,0.6521335902048125,0.04044273586098701
2024-02-18,40.254661560058594,40.72416687011719,39.06589889526367,39.76359558105469,426847219,0.01237780253807319,0.012301823863785973,40.83873519897461,40.30787620544434,37.601627349853516,39.3494702531632,37.746856986941786,1.602613266221411,1.2922100035273179,0.31040326269409313,67.3539240511286,37.601627349853516,43.557254378403755,31.646000321303273,0.31677496152694795,2.1345672607421875,575866059.8,0.7412265608225728,0.7168700569829383,0.039875390177938515
2024-02-19,39.482234954833984,40.59480667114258,39.2391471862793,40.255306243896484,583708516,-0.019188500791943675,-0.01937498955401689,40.28150405883789,40.45500373840332,37.8185001373291,39.36989559188178,37.87540350308195,1.4944920887998308,1.3326664205818206,0.16182566821801014,65.55296602801359,37.8185001373291,43.71301139745588,31.923988877202323,0.31172633704257063,2.110581806727818,570953688.6,1.0223395130895385,0.17931329325377757,0.03962444999114371
2024-02-20,38.52740478515625,39.664451599121094,37.06422424316406,39.483707427978516,665731631,-0.024183792299752538,-0.02448102208446787,39.66778411865234,40.27891235351562,38.086775398254396,39.24028162161631,37.92369989434671,1.3165817272696003,1.3294494819193767,-0.012867754649776408,63.20267767882139,38.086775398254396,43.56244760101187,32.61110319549692,0.2875366657061986,2.233640670776367,575186323.7,1.1574190893788108,0.5627125385835843,0.037527616167201
2024-02-21,37.63543701171875,38.53395080566406,36.015567779541016,38.52565383911133,522409643,-0.023151514575442067,-0.023423720414489212,39.13244552612305,40.06922912597656,38.277120208740236,38.99338245086284,37.90234708822612,1.0910353626367169,1.2817666580628448,-0.190731295426128,57.19921366615219,38.277120208740236,43.381621944661354,33.17261847281912,0.2667129453879632,2.289902550833566,577464604.75,0.904660889520952,0.6432179731767335,0.038047028933460986
2024-02-22,36.75072479248047,38.165103912353516,36.581363677978516,37.63346481323242,457923442,-0.023507425168540097,-0.023788132553544963,38.53009262084961,39.63548278808594,38.27926063537598,38.64835819572709,37.8170417329857,0.8313164627413911,1.1916766189985541,-0.360360156257163,53.868210949926045,38.27926063537598,43.38102701002002,33.17749426073193,0.266555115744802,2.333240236554827,564289692.95,0.8115041754636039,0.10693743188220176,0.03366134616153926
2024-02-23,35.92631912231445,36.90663528442383,35.261531829833984,36.746185302734375,474695416,-0.022432364934873217,-0.02268779763378146,37.664424133300784,39.251579666137694,38.27975654602051,38.22958295366361,37.676988206269314,0.5525947473942949,1.0638602446777023,-0.5112654972834074,43.20593160030773,38.27975654602051,43.38055768913715,33.17895540290387,0.2665012321582756,2.227079119001116,564871348.6,0.8403602292389307,0.4041005971902279,0.033692015196393775
2024-02-24,36.73804473876953,36.926849365234375,35.2357292175293,35.925933837890625,348541912,0.02259417709037992,0.02234270942730708,37.11558609008789,38.69854507446289,38.37440910339355,38.0001155359876,37.60743683830637,0.39267869768122665,0.9296239352784071,-0.5369452375971805,37.20713114778886,38.37440910339355,43.27309668363607,33.47572152315104,0.2553101243614621,2.1271277836390903,563576398.75,0.6184466077235637,0.8883552800168502,0.0332410442970626
2024-02-25,37.44997024536133,37.464752197265625,36.51702880859375,36.73904800415039,348630081,0.019378426686940786,0.019193055944269455,36.900099182128905,38.283941650390624,38.52186889648438,37.91547779896817,37.59577264623637,0.31970515273179956,0.8076401787690857,-0.4879350260372861,41.86744179281633,38.52186889648438,43.096422506913115,33.94731528605564,0.23750424065464926,2.0725560869489397,559484582.8,0.6231272348118044,0.9844026622904825,0.03328068381670255
2024-02-26,39.33618927001953,39.34660339355469,36.348480224609375,37.453468322753906,556405127,0.05036636911325276,0.04913902627497331,37.24024963378906,38.186347579956056,38.78160495758057,38.134048794514534,37.72469239614623,0.4093563983683026,0.7279834226889291,-0.3186270243206265,43.98441445764953,38.78160495758057,42.873368652441805,34.689841262719334,0.21101569671171774,2.0982663290841237,568729630.35,0.9783297674460614,0.9965264490771124,0.03458462673687013
2024-02-27,39.268646240234375,39.93532180786133,38.53913497924805,39.33588409423828,507254829,-0.001717070998451642,-0.0017185468545335826,37.74383392333984,38.136963272094725,38.98107490539551,38.308602247702204,37.839059347560166,0.4695429001420379,0.6762953181795509,-0.20675241803751299,48.13365532251092,38.98107490539551,42.72840947741275,35.23374033337827,0.1922643016444144,2.0039446694510326,572357215.7,0.8862556723070592,0.5225026055330046,0.03410042433154028
2024-02-28,40.2947883605957,41.20718765258789,37.503448486328125,39.26774215698242,978077517,0.02613133424777825,0.02579574464594989,38.61752777099609,38.14097595214844,39.224426078796384,38.61416934199351,38.02096520037761,0.5932041416158995,0.6596770828668207,-0.06647294125092118,41.658465423861294,39.224426078796384,42.61535478244376,35.83349737514901,0.17289883078648363,2.038642610822405,598009258.3,1.6355558102569263,0.753654547857882,0.034393875060642815
2024-02-29,40.935386657714844,44.591949462890625,39.7660026550293,40.29948806762695,1053380461,0.01589779530261981,0.015772748921669428,39.45699615478516,38.28629112243652,39.37064743041992,38.971279698258336,38.23684827129148,0.7344314269668573,0.6746279516868281,0.05980347528002916,47.200340918313145,39.37064743041992,42.79331673631177,35.94797812452807,0.173869089246793,2.2092459542410716,613962055.05,1.7157093868190512,0.24231182953727046,0.030820939627476035
2024-03-01,42.85532760620117,43.288875579833984,40.92544174194336,40.92544174194336,649269967,0.04690174211715892,0.0458350804139616,40.53806762695312,38.71908340454102,39.49899787902832,39.56882553024954,38.57895785165516,0.9898676785943792,0.7376758970683384,0.2521917815260408,60.22658245090448,39.49899787902832,43.243918883872354,35.75407687418429,0.1896210641248884,2.22919191632952,610582066.15,1.0633623275147024,0.8165601359988324,0.029698994751397784
2024-03-02,44.33390808105469,44.517086029052734,42.13771057128906,42.8487548828125,696365708,0.03450167242776048,0.033919834855378125,41.537611389160155,39.38893051147461,39.72907981872559,40.30191515345034,39.00525046124031,1.2966646922100296,0.8494736560966767,0.44719103611335287,67.10451945145414,39.72907981872559,44.05474972028116,35.403409917170016,0.21775837352853789,2.2619307381766185,620058034.6,1.1230653731456381,0.923014269719183,0.030177561271657306
2024-03-03,42.6048583984375,44.88861083984375,41.51360321044922,44.364845275878906,618511855,-0.039000615047426135,-0.039781510019776874,42.20485382080078,39.974343872070314,39.80491333007812,40.65621411421759,39.27188808621788,1.3843260279997125,0.9564441304772838,0.42788189752242867,58.04858229779585,39.80491333007812,44.28145235877072,35.32837430138552,0.2249239430103195,2.384554999215262,611465872.2,1.0115231006673342,0.3233341386403647,0.03099930221388037
2024-03-04,43.08823776245117,43.96274948120117,41.5581169128418,42.607784271240234,832140642,0.011345639492405857,0.011281760436412332,42.763543701171876,40.69053573608399,39.97105770111084,41.030371598561224,39.554580654827745,1.4757909437334789,1.060313493128523,0.4154774506049559,62.59869259303093,39.97105770111084,44.68193499153579,35.260180410685884,0.23571441744930524,2.459481648036412,617683859.05,1.347195057484318,0.6363220990099623,0.029963400469127776
2024-03-05,39.50013732910156,44.857181549072266,35.19068908691406,43.0906867980957,1599003513,-0.08327331586710707,-0.08694590553341276,42.47649383544922,40.96674499511719,39.83264503479004,40.79495094172127,39.55054781588507,1.2444031258362003,1.0971314196700586,0.1472717061661417,52.87038446194869,39.83264503479004,44.420376935947324,35.24491313363276,0.2303503519362239,2.964214869907924,658024443.15,2.430006255307904,0.44581302417601165,0.03265515262635876
2024-03-06,41.51433563232422,42.131126403808594,37.99665451049805,39.5008544921875,750303597,0.050992184823081654,0.04973465592338201,42.20829544067383,41.37318153381348,39.82856159210205,40.90562550950634,39.69601358006575,1.209611929440591,1.1196275216241651,0.0899844078164258,60.735046019556464,39.82856159210205,44.40982577539975,35.24729740880434,0.230049190840282,3.0796497889927457,654411089.85,1.146532521586668,0.850817517712359,0.034616682786615366
2024-03-07,43.29000473022461,44.49676513671875,41.512916564941406,41.51433563232422,881639513,0.04277243200100278,0.041882966211650954,41.999514770507815,41.76856307983398,39.97745532989502,41.272453081924546,39.962235146744185,1.3102179351803613,1.1577456043354044,0.15247233084495693,67.24723110905147,39.97745532989502,44.8114854785629,35.143425181227144,0.24183781127524667,3.179657527378627,670006821.1,1.315866473646562,0.595569150571532,0.03502139956615266
2024-03-08,42.74036407470703,43.98072814941406,41.2760124206543,43.29113006591797,693557709,-0.01269671045181997,-0.012778002507445678,42.026615905761716,42.11573486328125,40.12634906768799,41.498285542352626,40.168022474741434,1.3302630676111917,1.192249096990562,0.1380139706206298,68.23623023786737,40.12634906768799,45.11351877372296,35.13917936165302,0.24857331015200287,3.2553441183907643,682219914.9,1.016618972639727,0.5414068595334923,0.03499693898980649
2024-03-09,43.000335693359375,43.59053421020508,42.493438720703125,42.74036407470703,430944940,0.0060825784777578384,0.006064154270665166,42.00903549194336,42.38628959655762,40.26363277435303,41.72937018096905,40.37782345389832,1.3515467270707262,1.224108623006595,0.12743810406413125,67.26960804322057,40.26363277435303,45.41416144770384,35.113104101002214,0.2558402368815353,3.21291378566197,682424800.95,0.6314907362687929,0.4620354134041798,0.034947843352804
2024-03-10,42.052711486816406,43.959617614746094,41.026031494140625,43.00034713745117,496784831,-0.02203760020155643,-0.02228405570024803,42.51955032348633,42.49802207946777,40.39215660095215,41.77911499725326,40.50188923411448,1.2772257631387802,1.2347320510330322,0.04249371210574804,62.53015498963696,40.39215660095215,45.58866543463856,35.19564776726574,0.25730286624824156,3.3547611236572266,678078616.7,0.7326360377174241,0.3499743818545674,0.03505252032830642
2024-03-11,49.007232666015625,49.32368850708008,40.650779724121094,42.05349349975586,1729844746,0.16537628450853803,0.15304402586175497,44.01812973022461,43.11321258544922,40.916147994995114,42.891133100139776,41.131914673514565,1.7592184266252104,1.339629326151468,0.4195891004737424,70.63379591602866,40.916147994995114,47.29899492505866,34.53330106493157,0.31199647292527616,3.7601029532296315,731284272.45,2.3654887861932985,0.9635121435473454,0.04967880831323423
2024-03-12,55.59136962890625,57.29952621459961,46.59808349609375,49.00715255737305,2700412078,0.13435031126449304,0.12606007405968386,46.47840270996094,44.238958740234374,41.81394462585449,44.84501564302692,42.20298541095099,2.642030232075932,1.600109507336361,1.041920724739571,77.24854233903321,41.81394462585449,50.7816854147621,32.84620383694688,0.428935412296053,4.424764088221958,840184394.2,3.2140707404726987,0.8403807188405283,0.05572444732687877
2024-03-13,54.948246002197266,55.615718841552734,52.53631591796875,55.59136962890625,1263536738,-0.011568767436421878,-0.011636206253631196,48.919979095458984,45.47329750061035,42.72382068634033,46.39935877520697,43.14707878808034,3.2522799871266272,1.9305436032944143,1.321736383832213,74.77880239147055,42.72382068634033,53.10916429848052,32.33847707420014,0.48616174514844335,4.380168642316546,880465059.0,1.4350787973745134,0.7832460175717811,0.055283639495138266
2024-03-14,54.05936813354492,59.065731048583984,50.79115295410156,54.94715881347656,1860444499,-0.016176637715001885,-0.016308907916678692,51.1317855834961,46.570410537719724,43.630473136901855,47.577821753412806,43.95539651737402,3.6224252360387865,2.268919929843289,1.3535053061954976,72.00768547876687,43.630473136901855,54.66306794852836,32.59787832527535,0.5057288641821001,4.6264994485037665,949752513.15,1.958872941361903,0.39497061217815255,0.05503796520806126
2024-03-15,58.48988723754883,58.600582122802734,49.03160095214844,54.05936813354492,2858368931,0.08195654623744453,0.0787710190239725,54.419220733642575,48.46938552856445,44.71806526184082,49.2566010586645,45.032025459609194,4.224575599055306,2.660051063685693,1.5645245353696136,74.18159706750848,44.71806526184082,57.096320303432684,32.33981022024896,0.5536131748595383,5.141181400844029,1075243864.1,2.6583447964081253,0.9884319037560968,0.05664817885349026
2024-03-16,53.49980545043945,61.348236083984375,52.139373779296875,58.48988723754883,2266775404,-0.08531529163054852,-0.08917585410528887,55.317735290527345,49.66793251037598,45.52055702209473,49.90940173432219,45.65926842189292,4.25013331242927,2.9780675134344086,1.2720657989948614,62.787639871671495,45.52055702209473,57.99549682763046,33.045617216558995,0.5481013687719444,5.6290018899100165,1171151130.25,1.935510580531244,0.14773069947769588,0.061796252655391015
2024-03-17,58.115814208984375,58.329524993896484,50.310028076171875,53.49848937988281,1531363097,0.08628085129806773,0.08275979884944362,55.82262420654297,51.15051345825195,46.459538269042966,51.17192673042406,46.581975517233026,4.589951213191036,3.300444253385734,1.2895069598053017,70.0266161006723,46.459538269042966,59.77336146497332,33.14571507311261,0.573136268330142,5.960751124790737,1219899028.75,1.2553195476917047,0.9733510971027023,0.06323792112553314
2024-03-18,60.689945220947266,65.25045013427734,55.45546340942383,58.113033294677734,3107201148,0.04429312480603498,0.04334022093868455,56.97096405029297,52.945471572875974,47.53060321807861,52.63623726742763,47.62701031010075,5.009226957326881,3.6422007941739634,1.3670261631529175,71.56194473406488,47.53060321807861,61.819553087674095,33.241653348483126,0.6012526205078995,6.488633564540318,1349896344.7,2.301807216679694,0.5344041756480968,0.06318419591533439
2024-03-19,53.52589416503906,61.7707633972168,53.21659469604492,60.689945220947266,3043324575,-0.11804345892596912,-0.12561249734800287,56.8642692565918,53.99802742004395,48.19215850830078,52.77310755936785,48.06396466972581,4.709142889642038,3.8555892132675784,0.8535536763744598,65.79742004162154,48.19215850830078,62.294493579088304,34.08982343751325,0.5852543445780082,6.409181867327009,1453158697.6,2.094282324446929,0.03615774710991972,0.07068802931946624
2024-03-20,57.03071975708008,58.02031707763672,50.54281234741211,53.52589416503906,2192493076,0.06547906665948289,0.06342452586845107,56.572435760498045,55.495828247070314,48.99692516326904,53.428124820554345,48.72816875027058,4.699956070283768,4.024462584670816,0.675493485612952,66.90857441731174,48.99692516326904,63.19230431142566,34.80154601511242,0.5794395913969844,6.647969927106585,1510114328.35,1.451872242279556,0.8676567431334166,0.07152538752611566
2024-03-21,53.86556625366211,57.64848327636719,52.83373260498047,57.03071975708008,1155827899,-0.05549909797561392,-0.05709863701256291,56.64558792114258,55.98166160583496,49.54743709564209,53.49542350257092,49.10871671348476,4.386706789086162,4.096911425553886,0.2897953635322761,61.18570435093041,49.54743709564209,63.59315137940325,35.501722811880924,0.5669602751257762,6.778748648507254,1535442224.95,0.7527654770843873,0.21430676621960776,0.07307954761102174
2024-03-22,53.267066955566406,57.49156951904297,51.74052810668945,53.865623474121094,1355173584,-0.011110981276559295,-0.011173169304766842,55.675838470458984,55.74923133850098,49.99409503936768,53.46029172610869,49.41674265734266,4.043549068766033,4.0862389541963156,-0.04268988543028218,61.12253118769173,49.99409503936768,63.909286445695635,36.07890363303972,0.5566733989432346,6.996343340192523,1568382618.75,0.8640580224486755,0.2654369420716575,0.07311748934327386
2024-03-23,53.412357330322266,55.85826873779297,52.76692199707031,53.277957916259766,718419189,0.0027275835344389154,0.002723870428808302,54.22032089233399,55.595642471313475,50.53446998596191,53.452917203680016,49.71271411460041,3.740203089079607,4.017031781172974,-0.2768286920933667,61.02808478810207,50.53446998596191,64.07581578474847,36.993124187175354,0.535925114186346,7.1387898581368585,1573377985.45,0.4566094070488254,0.20878775022603704,0.07218368586851015
2024-03-24,55.6641960144043,55.79951095581055,52.52367401123047,53.412357330322266,580230389,0.04215950758652731,0.04129500991389892,54.64798126220703,55.75612525939941,51.16326789855957,53.79311394379145,50.153564625696994,3.6395493180944527,3.9415352885572696,-0.30198597046281694,64.02925937118395,51.16326789855957,64.4135564531429,37.91297934397623,0.5179609942372887,7.163236345563616,1560782472.8,0.3717560897253561,0.9586930139434868,0.0724569453841815
2024-03-25,57.823333740234375,59.185062408447266,54.98978042602539,55.66429138183594,962007743,0.0387886268090778,0.038055252353258656,54.80650405883789,55.68946990966797,52.07942771911621,54.41314775862882,50.721695671218285,3.691452087410532,3.891518648327923,-0.20006656091739083,60.083455194077516,52.07942771911621,64.43809468183258,39.72076075639985,0.47460840120483927,6.843405859810965,1528932684.3,0.6292021570854452,0.6754142675813827,0.06876010669212543
2024-03-26,55.81808853149414,59.257179260253906,55.447227478027344,57.82259750366211,907482590,-0.03467882391127086,-0.0352944080546791,55.197008514404295,55.92129821777344,52.79461536407471,54.62929249291579,51.09920625346094,3.530086239454846,3.819232166553308,-0.289145927098462,50.28964938062609,52.79461536407471,64.19752939348834,41.39170133466108,0.4319726150395633,6.351156507219587,1536791633.95,0.5905046396351773,0.09734009081780615,0.0694869159436494
2024-03-27,54.114627838134766,56.70896530151367,53.213008880615234,55.81808853149414,860804976,-0.030518076454700394,-0.03099344960445523,55.366520690917966,55.521179580688475,53.335846519470216,54.550113315257164,51.322570815288636,3.2275424999685285,3.7008942332363524,-0.47335173326782387,48.96308721838732,53.335846519470216,63.83067548254185,42.84101755639858,0.39353754174466893,6.380910328456333,1535749907.1,0.5605111691821505,0.2579033736092132,0.06999563239839063
2024-03-28,54.621883392333984,55.01533889770508,53.23323059082031,54.11201858520508,484017125,0.00937372341756637,0.009330062702453703,55.60842590332031,54.91437339782715,53.92992248535156,54.561154865576675,51.566964339514215,2.994190526062461,3.5595534918015743,-0.5653629657391135,50.70640238358349,53.92992248535156,63.169459197545784,44.69038577315734,0.34264973085039624,5.917162486485073,1525272877.9,0.3173314965558137,0.7792190790855642,0.06973450367206635
2024-03-29,53.4062385559082,54.6302604675293,52.6002311706543,54.621883392333984,454703288,-0.022255637501441328,-0.02250703115341073,55.15683441162109,54.902407836914065,54.450217628479,54.38347543331999,51.70320687406192,2.6802685592580673,3.383696505292873,-0.7034279460348056,43.05524317029706,54.450217628479,62.14036402789245,46.76007122906555,0.2824652217878845,5.378665924072266,1526460795.3,0.2978807509501977,0.39704224097861096,0.07020291254159036
2024-03-30,53.00242614746094,54.60572814941406,52.857357025146484,53.4062385559082,370817943,-0.007561146775475258,-0.007589877160482893,54.19265289306641,54.49957847595215,54.99770336151123,54.1710063124186,51.79944533875815,2.3715609736604506,3.1812693989663887,-0.8097084253059381,49.22319330258398,54.99770336151123,60.09280522802919,49.90260149499326,0.18528416843251838,4.845773696899414,1520162450.9,0.24393310253154865,0.08297387177764463,0.06989465540007521
2024-03-31,54.11042785644531,54.246498107910156,52.9383544921875,53.00242614746094,343450748,0.02090473567949025,0.020689229912106376,53.85112075805664,54.52406463623047,55.25286312103272,54.161686549961175,51.9706292289572,2.1910573210039743,2.983226983373906,-0.7921696623699317,42.97457113615731,55.25286312103272,59.53033625618212,50.97538998588332,0.15483263286391125,4.366391318184989,1450842751.0,0.2367249984626349,0.8959821698556422,0.060210694994982654
2024-04-01,51.45050048828125,54.130088806152344,50.37531661987305,54.110496520996094,779113611,-0.04915738931543534,-0.05040672888757777,53.318295288085935,54.34240798950195,55.04581966400146,53.74458100201042,51.93210117409232,1.8124798279181036,2.749077552282746,-0.9365977243646424,33.84268642351118,55.04581966400146,59.64320388771701,50.44843544028592,0.16703845094061207,3.9349474225725447,1354777827.65,0.5750858886961944,0.28635129169051354,0.05331896368742958
2024-04-02,46.820255279541016,51.45104217529297,46.354217529296875,51.45036315917969,805544256,-0.08999417235591034,-0.09430427548725275,51.75796966552734,53.683197784423825,54.639420127868654,52.67930012163051,51.55344592264407,1.1258541989864383,2.424432881623485,-1.2985786826370465,37.13341034457873,54.639420127868654,60.52862345601652,48.75021679972079,0.21556609914108865,3.6879942757742747,1331878203.55,0.6048182587964088,0.09143688113654774,0.05679204986753612
2024-04-03,45.94569778442383,48.28740310668945,45.035606384277344,46.8206901550293,585412701,-0.018679041579240163,-0.01885569818592268,50.26586151123047,52.71134796142578,54.2337366104126,51.643361300521796,51.1380571716648,0.5053041288569986,2.0406071310701877,-1.535303002213189,26.342434651441792,54.2337366104126,61.29282057936397,47.17465264146123,0.2603207674831707,3.386157989501953,1268126613.65,0.4616358451109461,0.2798733977050894,0.05681743335616501
2024-04-04,46.506927490234375,48.137733459472656,45.53572463989258,45.94569778442383,459366516,0.012215065454959984,0.012141063558801785,48.96676177978516,51.579707336425784,53.634588623046874,50.85314071432373,50.795010528595874,0.058130185727854666,1.6441117420017208,-1.5859815562738662,32.33147551944751,53.634588623046874,61.18936906274009,46.079808183353656,0.2817130002726232,3.228105000087193,1148176492.9,0.4000835401530976,0.3732511739779658,0.05311990895569103
2024-04-05,45.38042449951172,46.56769561767578,44.054161071777344,46.506019592285156,447464945,-0.024222262177160614,-0.024520446143454427,47.220761108398435,50.535940933227536,53.22861957550049,50.01118437358342,50.39393008199705,-0.38274570841362987,1.2387402519186508,-1.6214859603322807,31.531971090543394,53.22861957550049,61.63815929768424,44.81907985331674,0.3159781256493229,2.996854509626116,1057210969.95,0.42325038021612893,0.5276487743612165,0.05024133393294686
2024-04-06,48.19573974609375,48.717166900634766,45.135780334472656,45.38042449951172,508811240,0.062038098533263364,0.060189796501385624,46.56980895996094,49.944052124023436,52.732615852355956,49.731885200123465,50.23110116822643,-0.4992159681029662,0.8911490079143274,-1.3903649760172936,39.14207889165923,52.732615852355956,61.09854319245861,44.366688512253305,0.3172961251733118,3.031857354300363,1006083377.1,0.5057346653183263,0.8544063441763977,0.048120689725092966
2024-04-07,49.387210845947266,49.428462982177734,47.94411849975586,48.19573974609375,328806120,0.024721502484046587,0.024420870778296373,47.08320007324219,49.42058486938477,52.16747913360596,49.67885837640405,50.16859077398353,-0.4897323975794805,0.6149727268155658,-1.1047051243950463,36.331683086073134,52.16747913360596,59.761542881636686,44.57341538557523,0.29114167961160614,2.903893607003348,867163625.7,0.37917425299588414,0.9722085092503283,0.047187234748558876
2024-04-08,49.883567810058594,50.75939178466797,48.33984375,49.38671112060547,488704448,0.010050313747411277,0.010000145203909024,47.87077407836914,49.0683177947998,51.98536281585693,49.710352135427826,50.14747796184094,-0.4371258264131157,0.40455301616982947,-0.8416788425829451,31.361199925780156,51.98536281585693,59.61686542661975,44.35386020509411,0.29360197553281325,2.777055467878069,739432619.35,0.6609181624007835,0.6380216600619051,0.03973632308187585
2024-04-09,46.47019577026367,49.94405746459961,46.39487838745117,49.883575439453125,437892500,-0.06842678239840427,-0.07088049020272913,47.863427734375,48.41509475708008,51.457336616516116,49.211866540787184,49.87508668839077,-0.6632201476035888,0.1909983834151458,-0.8542185310187347,29.416414225581534,51.457336616516116,59.08035452971506,43.83431870331717,0.2962849775925715,2.7584288460867747,651702590.55,0.671920760097706,0.021221071397953383,0.03890562324488825
2024-04-10,47.31169509887695,47.96779251098633,45.674949645996094,46.470481872558594,530754231,0.01810836633384172,0.017946362692614345,48.249681854248045,47.735221481323244,51.12964305877686,48.919532472800995,49.68520582990827,-0.7656733571072749,-0.0003359646893383862,-0.7653373924179365,34.42922187844556,51.12964305877686,58.87919003705264,43.380096080501076,0.3031332321004929,2.6724921635219028,620448907.15,0.855435838283594,0.7138498109635317,0.03778628174740342
2024-04-11,46.05759811401367,47.482181549072266,45.679466247558594,47.31169509887695,371204369,-0.02650712434298408,-0.02686477247399481,47.82205352783203,47.19593124389648,50.769169616699216,48.4792348791414,49.41649414724941,-0.9372592681080079,-0.18772062537307235,-0.7495386427349355,31.045784742111508,50.769169616699216,58.76682399925882,42.77151523413961,0.3150594915355472,2.673964091709682,571250446.4,0.6498102038069585,0.2097568396074559,0.038056556976864796
2024-04-12,39.41774368286133,46.87061309814453,36.225364685058594,46.057159423828125,966043351,-0.14416414887106488,-0.1556766839290545,45.82816009521484,46.45568008422852,50.06943893432617,47.08515931048293,48.67584596470214,-1.590686654219212,-0.4683138311423004,-1.1223728230769114,25.035027211616097,50.06943893432617,59.4266509358116,40.71222693284074,0.3737693970870679,3.2893368857247487,583631654.5,1.6552278197240928,0.299887693637994,0.048823920663088625
2024-04-13,34.07841110229492,39.418113708496094,29.727075576782227,39.41790771484375,1507323529,-0.13545505352930498,-0.14555198391972535,42.66712875366211,45.268951416015625,48.990149688720706,45.08412112460785,47.59455449341272,-2.5104333688048754,-0.8767377386748156,-1.6336956301300598,21.285276970984498,48.990149688720706,60.38739854345614,37.59290083398527,0.4652873660175606,3.856670243399484,629986311.5,2.392629016670309,0.4490061293622314,0.05397407506521457
2024-04-14,37.316444396972656,37.89003372192383,32.789520263671875,34.07841110229492,1185559416,0.09501714399060335,0.09077001975832381,40.836378479003905,44.34990310668945,47.96480522155762,43.889093935740895,46.83321300478753,-2.9441190690466357,-1.29021400474918,-1.6539050642974558,26.064532067805928,47.96480522155762,59.70081114255028,36.22879930056496,0.4893590567826575,4.127553803580148,641163895.15,1.8490738872977852,0.8875428251446708,0.05861434500213854
2024-04-15,35.157203674316406,38.5334587097168,34.287105560302734,37.316444396972656,931818442,-0.05786298125529399,-0.0596045598403476,38.405480194091794,43.32758102416992,46.93176097869873,42.54572620321406,45.96832342475263,-3.422597221538574,-1.716690648107059,-1.7059065734315149,26.441910464489055,46.93176097869873,59.37322566346762,34.490296293929845,0.5301938143942985,4.162666729518345,642380687.75,1.4505704479749906,0.20490479273601758,0.059147596762479916
2024-04-16,34.76621627807617,35.86565399169922,32.79376983642578,35.156307220458984,697719424,-0.01112111759121115,-0.011183419561782482,36.147203826904295,41.984628677368164,45.964340400695804,41.34887852242362,45.13853771018401,-3.7896591877603925,-2.131284356037726,-1.6583748317226665,30.13628224725022,45.964340400695804,59.04660285337545,32.88207794801616,0.5692352958243084,4.018028123038156,634226410.15,1.1001109585376354,0.6420966206825762,0.05914439013747325
2024-04-17,33.54623794555664,35.32106399536133,32.34681701660156,34.76619338989258,603455739,-0.03509091477662063,-0.0357213942851515,34.97290267944336,40.4005313873291,44.91055812835693,40.148472279828695,44.27984883873013,-4.131376558901437,-2.5313027966104684,-1.6000737622909682,29.797063428804137,44.91055812835693,58.44405367453977,31.377062582174098,0.6026865890868394,3.9982031413487027,640198340.85,0.9426074709890432,0.4032687713858041,0.05881100081860184
2024-04-18,34.85084533691406,35.54486846923828,32.873191833496094,33.5467643737793,561597710,0.03888982703439692,0.03815266899173026,35.12738952636719,38.89725914001465,43.982788467407225,39.33345275014952,43.581404134891905,-4.247951384742386,-2.8746325142368523,-1.3733188705055337,31.457458568363833,43.982788467407225,57.60780213393272,30.357774800881728,0.6195611575024219,4.0031794139317105,645543061.95,0.8699616541514283,0.7402293636730802,0.06038561070201954
2024-04-19,34.72248077392578,35.98931884765625,32.009090423583984,34.85084533691406,630681834,-0.003683255362885496,-0.0036900552502023057,34.60859680175781,37.72248764038086,43.068791198730466,38.6240724461151,42.92518758963515,-4.30111514352005,-3.1599290400934925,-1.1411861034265578,32.489213683141756,43.068791198730466,56.598379454552095,29.539202942908837,0.6282780583923349,4.107943262372698,658536256.5,0.9577025224882209,0.6817172419336905,0.060431545856825315
2024-04-20,38.301055908203125,38.48906326293945,34.22211837768555,34.72248077392578,432114532,0.10306219643628145,0.09809012710977677,35.23736724853516,36.82142372131348,42.27832260131836,38.57437759412864,42.582659316936486,-4.008281722807844,-3.329599576636363,-0.6786821461714809,34.14098489272888,42.27832260131836,54.909137884559655,29.64750731807706,0.5975078719347031,4.156911713736398,662969445.7,0.6517864960484708,0.9559386471230394,0.06584536824327539
2024-04-21,37.11705017089844,38.675357818603516,36.501609802246094,38.301055908203125,351138122,-0.030913135662432256,-0.03140102782986579,35.70753402709961,35.92736892700195,41.561650085449216,38.35017337517015,42.17779938019293,-3.827626005022779,-3.4292048623136466,-0.3984211427091324,30.328907399826335,41.561650085449216,53.61452129549134,29.50877887540709,0.5799996480054026,4.206154823303223,641570671.25,0.5473101214490718,0.2831240609260703,0.0654727638716919
2024-04-22,39.22599411010742,39.68306350708008,36.87324142456055,37.11677551269531,478316447,0.05681873773639734,0.05526320470505053,36.843485260009764,35.90819396972656,41.181937026977536,38.484915026698964,41.95914713796437,-3.474232111265408,-3.438210312103999,-0.03602179916140935,33.75414037494896,41.181937026977536,53.01373464846469,29.35013940549038,0.5746110297695012,4.234031541006906,625209280.8,0.7650501387118884,0.837331549143452,0.06474202668876561
2024-04-23,38.2866096496582,39.83196258544922,38.02662658691406,39.22599411010742,352913077,-0.023948009011890536,-0.024239424532781412,37.53063812255859,36.32901382446289,40.79898262023926,38.45440650715423,41.68710732401577,-3.232700816861538,-3.397108413055507,0.16440759619396905,36.507712688880126,40.79898262023926,52.47636281088361,29.12160242959491,0.5724348716897426,4.109471321105957,613584299.6,0.5751664070121523,0.1440081300738526,0.06480377018379169
2024-04-24,36.368186950683594,39.795108795166016,36.055908203125,38.28659439086914,500406290,-0.050106883752025655,-0.05140580992984535,37.859779357910156,36.234188079833984,40.29204559326172,38.1334496523126,41.29311322228746,-3.1596635699748603,-3.349619444439378,0.18995587446451756,32.57615558180707,40.29204559326172,51.80521746583386,28.778873720689578,0.5714860937463825,4.21278258732387,615636288.3,0.8128278002939159,0.08351484201947836,0.06532625660482354
2024-04-25,35.58365249633789,36.69063949584961,34.750816345214844,36.36940002441406,411675388,-0.021571997950009303,-0.021808074771392825,37.31629867553711,36.27683296203613,39.80220699310303,37.741173166778026,40.87019020555045,-3.1290170387724245,-3.3054989633059875,0.17648192453356293,33.07064096821992,39.80220699310303,51.237202952162136,28.36721103404392,0.574591050242042,4.222576005118234,613846810.45,0.6706484109581154,0.42933612095368484,0.06529886930382031
2024-04-26,34.40515899658203,35.807857513427734,34.32506561279297,35.58365249633789,327221441,-0.03311895820354993,-0.03367980888679283,36.77392044067383,36.240727233886716,39.11267795562744,37.2279402175171,40.39129900488612,-3.1633587873690203,-3.277070928118594,0.11371214074957381,40.16094779402504,39.11267795562744,50.06975794412753,28.15559796712735,0.5602827809914055,3.5681148256574358,604767320.5,0.5410699783339236,0.05401525542095484,0.06320633619839021
2024-04-27,34.43024826049805,35.06886672973633,33.31161117553711,34.40515899658203,331491157,0.0007292297041414653,0.0007289639453523846,35.814771270751955,36.32912826538086,38.36482982635498,36.7975260702834,39.94973969048701,-3.1522136202036037,-3.2520994665355967,0.09988584633199293,50.87266996589253,38.36482982635498,48.36953602577919,28.360123626930765,0.5215561359040051,3.0014160701206754,604901572.35,0.5480084234401643,0.6365818994977548,0.06264262805234744
2024-04-28,33.93898010253906,35.33513259887695,33.84305953979492,34.43024826049805,244157564,-0.014268504666073434,-0.01437127857008852,34.945245361328126,36.23794174194336,37.56760044097901,36.3577497675535,39.5044982395279,-3.146748471974398,-3.231029267623357,0.0842807956489593,40.3012735013224,37.56760044097901,46.147166389173435,28.988034492784582,0.4567534709422524,2.743670327322824,592674228.15,0.4119591377578951,0.06428677303528699,0.06234640187004003
2024-04-29,35.364253997802734,35.781105041503906,32.91305923461914,33.93898010253906,442995634,0.041995189335611194,0.041137326560067994,34.744458770751955,36.30211906433105,37.01230335235596,36.20490426451492,39.19781348088159,-2.9929092163666695,-3.18340525737202,0.19049604100535067,50.62073152015122,37.01230335235596,44.53873336022924,29.485873344482673,0.40669881775375644,2.6452198028564453,592929384.85,0.747130510511078,0.8546567662039827,0.0624585631155977
2024-04-30,32.706424713134766,35.65205764770508,31.989028930664062,35.35856246948242,518107123,-0.07515581368783031,-0.07813000288862675,34.16901321411133,35.74265594482422,36.28203983306885,35.66667664122567,38.7169698684559,-3.0502932272302274,-3.156782851343662,0.10648962411343454,44.563693630093326,36.28203983306885,42.279782926259244,30.284296739878457,0.3306177448007661,2.687444414411272,592297029.45,0.8747420588637902,0.19584770853004296,0.063590425727612
2024-05-01,33.28810119628906,33.8548583984375,30.680227279663086,32.706424713134766,620506676,0.01778477740248685,0.017628478686692595,33.94560165405274,35.35976104736328,35.643564987182614,35.30074195738927,38.3148314482954,-3.01408949090613,-3.128244179256156,0.11415468835002596,49.2949575645076,35.643564987182614,39.64673496231749,31.64039501204774,0.22462231129655014,2.7017575672694614,604762144.8,1.0260342538556326,0.8214730502037138,0.06398709512210564
2024-05-02,33.61256408691406,34.08602523803711,32.31461715698242,33.28810119628906,352653461,0.009747113201553637,0.009699916533360496,33.782064819335936,34.798418045043945,35.35330600738526,35.04102228500847,37.966515347452344,-2.925493062443877,-3.087693955893701,0.1622008934498238,46.426589919136795,35.35330600738526,39.033009688520686,31.673602326249828,0.20816744438931645,2.6374526705060686,574092650.3,0.6142797000026322,0.7327204479227876,0.056318037572753374
2024-05-03,35.584896087646484,35.86737823486328,33.367042541503906,33.61269760131836,314837755,0.05867841547679742,0.05702135239776694,34.11124801635742,34.52824668884277,35.42863025665283,35.12469517772201,37.79009910598524,-2.665403928263231,-3.0032359503676074,0.33783202210437624,52.249353630583336,35.42863025665283,39.05980646757847,31.79745404572719,0.2049854134704388,2.531746046883719,514468361.6,0.6119671849612919,0.8870223079095889,0.049184512447712575
2024-05-04,37.36183166503906,37.61781311035156,35.25322723388672,35.58477020263672,376360200,0.049935106541155516,0.04872835896539213,34.510763549804686,34.62761116027832,35.43089962005615,35.46887002192464,37.75837559184108,-2.289505569916443,-2.8604898742773748,0.5709843043609317,47.29620863905991,35.43089962005615,39.06709675622243,31.79470248388987,0.20525570477515967,2.3958632605416432,474008400.8,0.7939947886256956,0.8917436423951582,0.04566690150712826
2024-05-05,37.401939392089844,37.93486785888672,36.71491622924805,37.36183166503906,338713061,0.0010734946672410484,0.0010729188838708276,35.449866485595706,34.80943984985352,35.54313640594482,35.766265309642364,37.731972910378026,-1.9657076007356622,-2.6815334195690324,0.7158258188333702,50.87794617821501,35.54313640594482,39.280918243292945,31.805354568596695,0.21032369201514567,2.32773494720459,444353131.75,0.7622609964872831,0.5631560633381181,0.04351685835069689
2024-05-06,37.138362884521484,39.76741409301758,36.88583755493164,37.40188217163086,552983720,-0.007047134770345687,-0.007072083103183084,36.21991882324219,35.08276023864746,35.66174373626709,35.97735724423915,37.68800179735162,-1.7106445531124663,-2.4873556462777193,0.776711093165253,42.74088930274017,35.66174373626709,39.445979756192706,31.87750771634148,0.21222944384949638,2.3328602654593333,437116346.55,1.2650721583955826,0.08763443392041122,0.04345190392190063
2024-05-07,35.341732025146484,37.57884216308594,35.33201599121094,37.138362884521484,369709353,-0.048376684372476775,-0.0495859993533618,36.56575241088867,35.1739086151123,35.751518440246585,35.879568748994124,37.51420403644753,-1.6346352874534062,-2.316811574512857,0.6821762870594505,40.33619315245737,35.751518440246585,39.40745675321573,32.09558012727744,0.20451933078476164,2.3643952778407504,425429027.25,0.8690270981033535,0.004324337153414664,0.044179504765614566
2024-05-08,34.04719924926758,35.489585876464844,33.69520568847656,35.341732025146484,408813425,-0.03662901339860236,-0.03731670087018679,36.25821304321289,35.184730529785156,35.71133613586426,35.597665749036196,37.2573888670268,-1.6597231179906018,-2.185393883208406,0.5256707652178041,42.05834372976025,35.71133613586426,39.42614726000198,31.996525011726533,0.20804660514547405,2.2254795346941267,417789813.0,0.9785145838393144,0.19616442556914265,0.04422516685225678
2024-05-09,35.08065414428711,35.35547637939453,33.77986145019531,34.04719924926758,314300331,0.030353594944869444,0.02990203939191361,35.8019775390625,35.15637054443359,35.729244804382326,35.518125502151726,37.09614925793497,-1.5780237557832422,-2.063919857723373,0.4858961019401309,48.30773203391467,35.729244804382326,39.427399777013555,32.031089831751096,0.207009971404581,2.199464661734445,401970737.85,0.7818985349060029,0.8255777866341533,0.04473800522957458
2024-05-10,33.71251678466797,36.08312225341797,33.25651931762695,35.08065414428711,394839671,-0.03899976762097923,-0.039780628202278824,35.064093017578124,35.25697975158691,35.499817848205566,35.24033954561577,36.84550981547074,-1.6051702698549732,-1.972169940149693,0.3669996702947198,47.699063009268535,35.499817848205566,39.09405031718139,31.905585379229745,0.20249300908215806,2.2954511642456055,400106994.8,0.9868352119096719,0.16132349530025916,0.038614798746900665
2024-05-11,33.479148864746094,33.97713088989258,33.1314697265625,33.7125358581543,226017886,-0.006922293028801874,-0.006946363244228547,34.33225021362305,35.27608451843262,35.31792278289795,34.96938713317428,36.596149745046695,-1.6267626118724152,-1.9030884744942376,0.27632586262182235,46.88360033188266,35.31792278289795,38.935681754952256,31.700163810843648,0.20486816250734521,2.230337279183524,393850983.0,0.5738665021943083,0.41113290895748356,0.0381586812981186
2024-05-12,33.167240142822266,33.965999603271484,32.93456268310547,33.4791374206543,160171039,-0.009316506915511003,-0.009360177012873474,33.897351837158205,35.23155212402344,35.01498508453369,34.692133750043205,36.34215644117822,-1.650022691135014,-1.8524753178223932,0.20245262668737918,47.44121900510246,35.01498508453369,38.249204887707194,31.780765281360193,0.18473346742061433,2.19743469783238,377943712.6,0.4237960142216161,0.2255857366667549,0.035330433354323
2024-05-13,32.421722412109375,33.761016845703125,31.978857040405273,33.167240142822266,377640764,-0.022477532875891937,-0.02273400311656323,33.57225646972656,34.91523475646973,34.72174072265625,34.34283969805338,36.05175392050645,-1.7089142224530676,-1.8237630987485283,0.1148488762954607,39.78321042374338,34.72174072265625,37.76485142752779,31.678630017784712,0.1752856073189833,2.1198714120047435,379180096.95,0.9959403645856365,0.2484992467581173,0.03529648239783698
2024-05-14,31.568510055541992,33.14076232910156,31.50533103942871,32.421722412109375,414009522,-0.026316071235275018,-0.02666853645897213,32.86982765197754,34.33590259552002,34.48175687789917,33.91601975305163,35.71966178236093,-1.8036420293093016,-1.819738884860683,0.016096855551381406,45.48297925984141,34.48175687789917,37.7283815758164,31.23513217998195,0.1883097029779318,1.9750430243355888,374860258.55,1.1044369536569003,0.03863140941837145,0.034174612237225246
2024-05-15,34.67960739135742,34.75374221801758,31.397022247314453,31.568510055541992,493195941,0.09855065476139768,0.09399172444336588,33.06324577331543,34.06366939544678,34.43655462265015,34.03349477432945,35.64262071636067,-1.6091259420312198,-1.7776162962947906,0.16849035426357073,54.5999369482976,34.43655462265015,37.64351490361464,31.22959434168566,0.18625326000848852,1.9880493709019251,378936286.2,1.3015273515920156,0.9779145007369285,0.041215747994816525
2024-05-16,34.46154022216797,35.00104904174805,33.79062271118164,34.67978286743164,363745936,-0.006288051843510778,-0.00630790491000199,33.2597240447998,33.795987129211426,34.439373683929446,34.09934792015076,35.555133272346396,-1.4557853521956332,-1.713250107474959,0.2574647552793259,52.8263632020348,34.439373683929446,37.64631688531101,31.23243048254788,0.18623702224166933,1.947979245867048,380762510.95,0.9553092164784192,0.5542819818943955,0.04052870432867822
2024-05-17,36.423484802246094,37.53593826293945,34.29845428466797,34.46154022216797,503901274,0.05693142463830081,0.055369827430873174,33.91097297668457,33.90416240692139,34.53903551101685,34.456907440473124,35.61945560789452,-1.1625481674213987,-1.603109719464247,0.4405615520428483,52.793714190727606,34.53903551101685,37.86641052732981,31.211660494703885,0.19267330237126262,2.0006326947893416,389383016.8,1.2941018284287944,0.6563833289296649,0.04242382445151737
2024-05-18,37.268310546875,37.62953186035156,36.395660400390625,36.423484802246094,312377541,0.02319453367012292,0.022929628881715236,34.8802906036377,34.22627353668213,34.70550203323364,34.88943099530418,35.74159301078197,-0.8521620154777878,-1.4529201786669552,0.6007581631891674,49.667808389017026,34.70550203323364,38.23355263672736,31.17745142973993,0.20331361869453954,1.9198673793247767,392794015.65,0.7952706216337694,0.7072455824851853,0.04241749466002847
2024-05-19,35.621829986572266,37.72692108154297,35.43242263793945,37.268333435058594,308506373,-0.044179103805412345,-0.04518473055918271,35.69095458984375,34.28039112091064,34.71838083267212,35.002107763191574,35.73272167565533,-0.7306139124637525,-1.3084589254263148,0.5778450129625623,44.32462771883225,34.71838083267212,38.25841667954995,31.178344985794283,0.20392862581577798,1.9966207231794084,386069552.6,0.7990953208362384,0.08254847517345143,0.042893142926029144
2024-05-20,40.13941955566406,40.21567916870117,35.2384147644043,35.621829986572266,665621114,0.1268208166395357,0.11940023097042972,36.78291702270508,34.923081398010254,35.09003057479858,35.79246342357196,36.05914374084116,-0.2666803172691985,-1.1001032037948917,0.8334228865256932,57.526437421168,35.09003057479858,39.24754826357665,30.93251288602052,0.23696289918675448,2.146312713623047,393445252.15,1.6917756927112026,0.9846784063112946,0.04749312084369956
2024-05-21,41.16374206542969,41.3155403137207,39.734439849853516,40.13881301879883,775228484,0.025519116148282395,0.025198939164246946,38.12335739135742,35.69154071807861,35.48381261825561,36.61881398385776,36.437262135255125,0.18155184860263773,-0.8437721933153858,1.0253240419180236,65.18960167584689,35.48381261825561,40.35359623304617,30.614029003465056,0.27447916418570895,2.0987608773367747,401181342.55,1.9323642497242548,0.9039920227714974,0.047579890425878874
2024-05-22,39.992427825927734,41.68886947631836,39.332481384277344,41.16374206542969,569900149,-0.02845499900471027,-0.028867690089425566,38.83714599609375,36.37405948638916,35.8028058052063,37.13783149802238,36.700607741971616,0.4372237560507628,-0.587573003442156,1.0247967594929188,65.61145272197176,35.8028058052063,40.98244552279442,30.62316608761817,0.2893426702794854,2.138904299054827,412043676.95,1.383106162964261,0.2800669554725597,0.04842230712116747
2024-05-23,38.508544921875,40.39580154418945,36.72113800048828,39.992427825927734,738657009,-0.03710409656826863,-0.03780996915170821,39.08519287109375,36.98274173736572,35.94898824691772,37.3487104863074,36.83452901455705,0.5141814717503479,-0.3672221084036552,0.8814035801540031,58.793220401344605,35.94898824691772,41.26593878797527,30.632037705860167,0.29580529524434834,2.288836342947824,433234639.65,1.704981415144328,0.4864137614956389,0.048069213205533805
2024-05-24,37.99346923828125,38.947025299072266,36.998558044433594,38.508544921875,387867841,-0.013375620518477627,-0.013465879884190355,39.55952072143555,37.62523765563965,35.98057012557983,37.44790414045722,36.920376438536614,0.5275277019206044,-0.18827214633880326,0.7157998482594077,61.484099771612726,35.98057012557983,41.34018818375033,30.620952067409338,0.29791735036239225,2.2261123657226562,433810021.7,0.8940960826124686,0.5106122191034884,0.04702861201005026
2024-05-25,38.287784576416016,38.68832015991211,37.7730598449707,37.99354553222656,231452356,0.007746471802533295,0.007716621944790366,39.18919372558594,37.98605537414551,36.024862384796144,37.57711651522011,37.021665930231386,0.5554505849887263,-0.03952760007329731,0.5949781850620237,62.85762108994414,36.024862384796144,41.44820111293863,30.601523656653665,0.3010886576172646,2.231083733694894,428446986.45,0.5402123560670922,0.562380688224702,0.04704649684733402
2024-05-26,36.752044677734375,38.289207458496094,36.518898010253906,38.287803649902344,246541312,-0.040110440331603936,-0.040937043150182394,38.306854248046875,38.215105819702146,36.005546474456786,37.45018238637615,37.001693985601975,0.44848840077417407,0.058075600096197,0.39041280067797707,58.99647430227028,36.005546474456786,41.414920651650675,30.596172297262893,0.30047449389673525,2.283860342843192,413124866.05,0.5967719018156641,0.13169825557615764,0.04795988728770657
2024-05-27,38.234317779541016,38.86856460571289,36.68791961669922,36.752044677734375,369526478,0.04033171799839086,0.039539621910314925,37.95523223876953,38.39618911743164,36.15017576217652,37.57081860070921,37.09299945181968,0.47781914888953025,0.14202430985486367,0.33579483903466656,64.0671725568194,36.15017576217652,41.638915086075855,30.66143643827718,0.30366321646724265,2.312323570251465,413115722.3,0.8944866003711522,0.7091471392827575,0.047296387263596015
2024-05-28,36.99539566040039,38.332275390625,36.56013107299805,38.234317779541016,499550168,-0.032403405921461625,-0.032940020220899015,37.65260238647461,38.36889762878418,36.297585582733156,37.482291994507854,37.08576954134418,0.3965224531636764,0.19292393851662623,0.20359851464705017,62.89300600946866,36.297585582733156,41.70629250760008,30.888878657866226,0.2980202037151398,2.3220887865339006,417652559.45,1.1960902829324203,0.24561463793707977,0.0471098773711365
2024-05-29,36.136924743652344,37.41986083984375,36.1272087097168,36.99539566040039,386815665,-0.02320480431209304,-0.023478274617161263,37.28129348754883,38.420407104492185,36.35039911270142,37.27531241745316,37.01548474151515,0.2598276759380056,0.2063046860009021,0.0535229899371035,53.877241409827725,36.35039911270142,41.729620925842546,30.97117729956029,0.29596493818201525,2.1746553693498885,421278326.15,0.9181950292459877,0.007516356205926097,0.047125531842294274
2024-05-30,35.98757553100586,37.05754470825195,35.33282470703125,36.136924743652344,400927205,-0.004132870013315637,-0.004141433924421175,36.821251678466794,38.005222702026366,36.46415205001831,37.07719905030742,36.93934331851446,0.1378557317929605,0.1926148951593138,-0.05475916336635328,54.074968060617906,36.46415205001831,41.70288538237909,31.225418717657536,0.2873360842273114,2.211390631539481,421582702.85,0.9510048735150567,0.37962731325370147,0.0461443276916851
2024-05-31,36.05586242675781,36.73426818847656,35.219242095947266,35.98757553100586,304849133,0.0018975130929039796,0.0018957150890663644,36.68201522827148,37.49443473815918,36.5929877281189,36.9200703389921,36.87390028949545,0.04617004949664505,0.16332592602678006,-0.11715587653013501,48.907891152207135,36.5929877281189,41.64607509427201,31.539900361965792,0.2761779061986894,2.088357925415039,425524265.2,0.7164083412651411,0.5522151264680066,0.04607412432283622
2024-06-01,35.76011276245117,36.18375015258789,35.69512939453125,36.05585479736328,153306282,-0.008202540291676885,-0.00823636622467374,36.187174224853514,37.07120323181152,36.72263135910034,36.74161532721657,36.79139750971439,-0.049782182497821736,0.1207043043218597,-0.17048648681968143,45.36844721940486,36.72263135910034,41.532857777593954,31.912404940606727,0.26197612973077855,2.035125732421875,425181027.35,0.3605670811689382,0.1329934627592191,0.04605698192714718
2024-06-02,34.932491302490234,36.129119873046875,34.785152435302734,35.76012420654297,242436678,-0.023143703865217025,-0.02341572462075537,35.774593353271484,36.71359786987305,36.848169803619385,36.46328855418175,36.65370075362372,-0.1904121994419654,0.05848100356909467,-0.24889320301106008,47.770993533998926,36.848169803619385,41.3037613720576,32.39257823518117,0.24183516262458,1.9672306605747767,418420823.05,0.5794087307433778,0.10962978860448547,0.04607793566074469
2024-06-03,35.04046630859375,36.23768997192383,34.62831497192383,34.93251037597656,367614939,0.0030909620836523377,0.0030861948813193127,35.555301666259766,36.418297576904294,37.02176761627197,36.244392824091285,36.534201905843716,-0.2898090817524306,-0.011177013495210402,-0.2786320682572202,26.93469945015731,37.02176761627197,40.835556116101685,33.20797911644226,0.20602951967930666,1.7266671316964286,416101093.9,0.8834750602418449,0.25609403284441573,0.04550157631947301
2024-06-04,36.07328796386719,36.2290153503418,34.57197570800781,35.04046630859375,331619265,0.02947511160889249,0.029049071971424863,35.572444152832034,36.196847915649414,37.09145164489746,36.21806899944142,36.50006013236397,-0.28199113292254907,-0.06533983738067815,-0.2166512955418709,26.990837938274026,37.09145164489746,40.77371210001419,33.409191189780735,0.19855035550345096,1.7320913587297713,408022260.1,0.8127479734040127,0.9060207181793971,0.04046338443442557
2024-06-05,36.52158737182617,36.876365661621094,35.98094940185547,36.07328796386719,338905421,0.012427461794112693,0.012350874759617023,35.6655891418457,36.17380218505859,37.19445400238037,36.26476413365446,36.501654742694505,-0.23689060904004577,-0.09964999171255169,-0.1372406173274941,33.21446361036804,37.19445400238037,40.676787499125645,33.71212050563509,0.18725014737532722,1.6277362278529577,406780234.35,0.8331413190258417,0.603783947450737,0.04046049755202485
2024-06-06,35.91181564331055,37.143638610839844,35.78007125854492,36.52189636230469,288389895,-0.016696200039377884,-0.016837152705759383,35.69592971801758,35.941551971435544,37.168870544433595,36.21046436590924,36.457962957554955,-0.24749859164571575,-0.12921971169918453,-0.11827887994653122,36.28199025676845,37.168870544433595,40.68243070183052,33.65531038703667,0.189059291064367,1.4626579284667969,396004665.4,0.7282487308797246,0.09661743776552083,0.038667885016343766
2024-06-07,33.507789611816406,36.826385498046875,31.625736236572266,35.91181945800781,639619595,-0.06694248086400911,-0.06928843037161417,35.410989379882814,35.592791366577146,36.980844497680664,35.79466824989496,36.23943159861136,-0.4447633487163998,-0.1923284391026276,-0.2524349096137722,30.245601562216507,36.980844497680664,40.85588739861154,33.105801596749785,0.2095702763723479,1.6949566432407923,412366768.1,1.5510939398610573,0.3618881560745005,0.041001561561134714
2024-06-08,32.29003143310547,33.69501876831055,31.995676040649414,33.506649017333984,283275581,-0.03634253983382718,-0.03701937929471543,34.86090240478516,35.20810203552246,36.81425457000732,35.25549335500427,35.94688343820352,-0.6913900831992521,-0.29214076792195254,-0.39924931527729957,25.57334343371886,36.81425457000732,41.18948534851254,32.4390237915021,0.23769221078129515,1.75096252986363,411105228.5,0.6890585703168696,0.17321720094039814,0.04063857438561309
2024-06-09,32.96836853027344,33.000099182128906,32.09587478637695,32.29042053222656,225586790,0.021007631986152298,0.020790014165513664,34.2399185180664,34.90618133544922,36.455702018737796,34.90362799735337,35.72625270428277,-0.8226247069294033,-0.3982375557234427,-0.42438715120596054,33.43350271713351,36.455702018737796,40.858822427647496,32.052581609828096,0.24156003944988078,1.6890993118286133,389103512.3,0.5797603539134129,0.9649084213458256,0.02743430362610537
2024-06-10,32.274227142333984,33.427947998046875,32.06824493408203,32.96840286254883,339010385,-0.02105476912823434,-0.02127958196775762,33.390446472167966,34.52801780700683,36.01122627258301,34.49910478888884,35.47054710710138,-0.9714423182125387,-0.5128785082212619,-0.45856380999127677,21.96974372369924,36.01122627258301,40.20290717208132,31.8195453730847,0.23279856496803758,1.630460602896554,367292607.35,0.9229981170760418,0.1514905806981201,0.02626317712964796
2024-06-11,31.541475296020508,32.35134506225586,30.669361114501953,32.27455139160156,431914740,-0.022703931625750018,-0.022965634592077774,32.51637840270996,34.10615406036377,35.588678646087644,34.044084866909095,35.17950475072502,-1.1354198838159277,-0.6373867833401952,-0.49803310047573257,23.068018810968226,35.588678646087644,39.794343364217454,31.383013927957833,0.23634846125944325,1.6240205764770508,360393336.9,1.1984537331217235,0.5185032696049977,0.026101747334204756
2024-06-12,33.27341079711914,33.94829177856445,30.869464874267578,31.541534423828125,393798586,0.05490978100561916,0.05345524763687527,32.46950263977051,33.94024600982666,35.32692193984985,33.92551962540295,35.03831260601348,-1.1127929806105286,-0.7324680227942619,-0.38032495781626663,36.9826371113969,35.32692193984985,39.41749362438585,31.23635025531386,0.23158381539727096,1.7516044889177596,343150415.75,1.1475975779871979,0.7807993075832137,0.029263716315788023
2024-06-13,30.98321533203125,33.390506744384766,30.94081687927246,33.27122497558594,288165399,-0.06882959727369398,-0.07131298652393277,32.208139419555664,33.53452091217041,34.97640924453735,33.472857426422685,34.73793503016294,-1.2650776037402522,-0.8389899389834601,-0.42608766475679216,30.957057163245835,34.97640924453735,39.299683319723435,30.65313516935127,0.2472108583222445,1.8033880506243025,338165293.65,0.8521436244674189,0.017307681755775444,0.032374210304577045
2024-06-14,30.291038513183594,32.06368637084961,29.31273078918457,30.981414794921875,375634359,-0.02234038047471676,-0.022593706821566806,31.672673416137695,32.95629596710205,34.57657194137573,32.983346824385904,34.408535288164465,-1.4251884637785608,-0.9562296439424802,-0.46895881983608056,29.05765880874216,34.57657194137573,39.08553176739808,30.067612115353388,0.26081011348766714,1.8916687284197127,345374393.8,1.0876149643494502,0.3556246880041035,0.032222260281909144
2024-06-15,29.987537384033203,30.605833053588867,29.937782287597656,30.28949546813965,160233357,-0.01001950227022752,-0.01007003531039055,31.21533546447754,32.30289096832276,34.238346576690674,32.52245306433164,34.08105396193252,-1.5586008976008756,-1.0767038946741594,-0.4818970029267162,29.0413031115489,34.238346576690674,39.06392627965221,29.412766873729137,0.2818815851491363,1.9044851575578963,341058996.05,0.4698112609717218,0.07447801607852854,0.031493029259285536
2024-06-16,30.038869857788086,30.435218811035156,29.67672348022461,29.988563537597656,183019542,0.0017117935726931321,0.001710330123918827,30.914814376831053,31.715596389770507,33.82857418060303,32.140363340248015,33.78163291718108,-1.6412695769330625,-1.1896170311259402,-0.45165254580712233,31.171171567861194,33.82857418060303,38.61713715606753,29.040011205138523,0.2831075853152698,1.8626657213483537,331733649.25,0.5517062933283365,0.4774536613191031,0.02938064795841548
2024-06-17,28.480154037475586,30.307405471801758,27.425512313842773,30.042442321777344,322647281,-0.05188996216208763,-0.05328470979445835,29.956163024902345,31.212832832336424,33.40281209945679,31.577254216744564,33.388930777943635,-1.8116765611990715,-1.3140289371405667,-0.4976476240585048,27.29330194945932,33.40281209945679,38.50947370862481,28.296150490288767,0.3057623767701324,1.9535598754882812,322888504.9,0.9992529188981978,0.3659544827540333,0.030412706208114534
2024-06-18,26.618864059448242,28.494125366210938,25.382999420166016,28.476163864135742,449168310,-0.06535392946183394,-0.06758735553937877,29.083292770385743,30.6457160949707,32.92690906524658,30.8144249617759,32.88744435435138,-2.073019392575482,-1.4658270282275498,-0.607192364347932,19.051067937863394,32.92690906524658,38.69227518506916,27.16154294542401,0.35019176008280434,2.0574231828962053,326006137.15,1.3777909640803216,0.39724031001732346,0.03257355683511972
2024-06-19,26.89194107055664,27.589130401611328,26.42009735107422,26.617782592773438,214897798,0.010258777778741068,0.010206513658066853,28.40347328186035,30.038073348999024,32.47212734222412,30.21096590158832,32.443332999996215,-2.232367098407895,-1.619135042263619,-0.6132320561442761,18.11166426442891,32.47212734222412,38.64173028132879,26.30252440311945,0.3799937635180569,2.076967239379883,316704666.8,0.6785431997934802,0.40361879865539,0.03297476458766306
2024-06-20,27.544408798217773,28.845136642456055,26.717437744140625,26.89194107055664,295674926,0.024262574648265423,0.023972914302131176,27.914847564697265,29.5650915145874,32.04655466079712,29.800726347223623,32.0804497257904,-2.2797233785667785,-1.751252709524251,-0.5284706690425276,22.369670276238367,32.04655466079712,38.34811691945512,25.74499240213912,0.3932754909448514,2.1315480640956332,316245956.45,0.9349524317056292,0.38866921012423183,0.03390608850785414
2024-06-21,27.450439453125,27.984088897705078,26.97675132751465,27.54388427734375,229113421,-0.0034115578875250074,-0.0034173905204898727,27.39716148376465,29.15598793029785,31.63107099533081,29.439143748131528,31.73748600188926,-2.298342253757731,-1.860670618370947,-0.4376716353867842,26.39683804336839,31.63107099533081,37.99713630042149,25.265005690240134,0.402519744338116,1.8320258004324776,320036313.4,0.7158982009445932,0.47023771864125663,0.03395730471609047
2024-06-22,25.6173152923584,27.468799591064453,24.671510696411133,27.449893951416016,568500434,-0.06677941035868973,-0.06911367559635591,26.82459373474121,28.390378379821776,31.165312194824217,28.851170139551044,31.28414002340549,-2.4329698838544473,-1.9751304714676472,-0.45783941238680015,25.188858782183374,31.165312194824217,37.868485000243695,24.46213938940474,0.4301688212533104,1.9104505266462053,336339501.2,1.690257706786419,0.338114734725437,0.03601148985939388
2024-06-23,25.05120277404785,25.971771240234375,24.195812225341797,25.616165161132812,388408327,-0.022098823075321183,-0.02234666014210519,26.511061477661134,27.797177124023438,30.665849018096925,28.266559775627478,30.82244096789752,-2.555881192270043,-2.0912806156281265,-0.46460057664191634,20.313874258343006,30.665849018096925,37.63655074502254,23.695147291171313,0.4546231035580964,1.97271728515625,337379170.6,1.1512516505071992,0.48164993488957014,0.03579410790161741
2024-06-24,24.831315994262695,25.179546356201172,23.649463653564453,25.053388595581055,451738262,-0.008777493909911227,-0.008816243022952844,26.098936462402342,27.251204872131346,30.1037504196167,27.738060732340585,30.37865393281346,-2.6405932004728747,-2.201143132597076,-0.43945006787579866,21.062983630262693,30.1037504196167,37.051495607094694,23.156005232138703,0.4615866854217999,1.9848872593470983,343385120.45,1.3155440789280712,0.7724107533125528,0.03422263993820838
2024-06-25,25.399450302124023,25.724775314331055,24.630022048950195,24.830524444580078,240499666,0.022879750231223905,0.022621933854355483,25.669944763183594,26.79239616394043,29.54764356613159,27.378274512307268,30.009824034243874,-2.6315495219366056,-2.287224410464982,-0.3443251114716235,25.811026456368225,29.54764356613159,36.101786281014824,22.993500851248356,0.4436321766379903,1.9429422106061662,338464832.7,0.7105602791329523,0.7028325655441842,0.03478585291702021
2024-06-26,25.803598403930664,26.602628707885742,25.309471130371094,25.39849090576172,341321541,0.01591168694595102,0.015786423081036036,25.340576553344725,26.368869018554687,29.042232704162597,27.136016649480094,29.698251765331783,-2.5622351158516885,-2.3422265515423235,-0.220008564309365,17.145822060593858,29.042232704162597,35.06763720448238,23.016828203842817,0.41494085951981,1.815394401550293,341111415.0,1.0006160040114753,0.3821090935322475,0.035576271498887334
2024-06-27,27.89529800415039,28.291244506835938,25.36954116821289,25.80181312561035,359682498,0.08106232190860241,0.07794418908461732,25.796173095703125,26.31038341522217,28.761608123779297,27.25282916558322,29.5646996348739,-2.3118704692906817,-2.3361553350919952,0.024284865801313504,36.17717985296031,28.761608123779297,34.423119540400755,23.10009670715784,0.3936853177511085,1.8491096496582031,327114560.15,1.0995612602357592,0.8644809327161328,0.03954567700165147
2024-06-28,27.89578628540039,28.929967880249023,27.693504333496094,27.894441604614258,328243749,1.750407003808796e-05,1.7503916843641692e-05,26.36508979797363,26.438075637817384,28.541895866394043,27.35174564555509,29.441076423801785,-2.089330778246694,-2.2867904237229353,0.19745964547624117,38.570031066019936,28.541895866394043,33.962806386294645,23.120985346493445,0.37985637291062496,1.7409316471644811,329362968.55,0.9966018658535678,0.16359718068481408,0.03902485970203381
2024-06-29,27.725507736206055,28.589292526245117,27.579500198364258,27.89761734008789,191296681,-0.006104095702921697,-0.006122801856713845,26.943928146362303,26.521432304382323,28.279752826690675,27.40924750565524,29.313997261757656,-1.9047497561024151,-2.2103822901988313,0.3056325340964161,39.06674791628831,28.279752826690675,33.29096628363205,23.2685393697493,0.3544029177095035,1.7653417587280273,327648463.1,0.5838473319547214,0.1445916475740021,0.0384839223311582
2024-06-30,29.360876083374023,29.448894500732422,27.41143035888672,27.725421905517578,255192412,0.058984252433811335,0.05731019628567664,27.736213302612306,26.70307903289795,28.134085273742677,27.709498056073514,29.317469767062573,-1.6079717109890588,-2.0899001743568766,0.4819284633678178,47.15815497850532,28.134085273742677,32.81488273606431,23.45328781142104,0.3327492198006657,1.856696673801967,323457564.45,0.7889517514729435,0.9568000117800041,0.04111740044916415
2024-07-01,28.816137313842773,30.02854347229004,28.816137313842773,29.350496292114258,296949144,-0.01855321918816022,-0.018727489036426993,28.338721084594727,26.839648818969728,27.997818374633788,27.879750249576478,29.28033402978703,-1.4005837802105532,-1.952036895527612,0.5514531153170588,51.53912020816113,27.997818374633788,32.41203876979914,23.583597979468436,0.31532602548523314,1.7374476024082728,316709284.65,0.9376079527575669,0.0,0.04102795459960322
2024-07-02,28.642642974853516,28.850215911865234,28.081689834594727,28.81500244140625,250229605,-0.006020735433749924,-0.006038933140482231,28.48819007873535,27.142181587219238,27.76627998352051,27.99711836115756,29.23309765534751,-1.2359792941899492,-1.8088253752600796,0.5728460810701304,60.966628279855364,27.76627998352051,31.438855327934032,24.093704639106985,0.26453492124931566,1.5701190403529577,309530835.6,0.8084157577223301,0.7299077409994845,0.03863884675065468
2024-07-03,26.491296768188477,28.90276336669922,26.447532653808594,28.642305374145508,340094712,-0.07510990548441321,-0.07808036526888605,28.20729217529297,27.2861909866333,27.541684055328368,27.765453500700776,29.030001293335733,-1.264547792634957,-1.699969858735055,0.4354220661000978,48.19615025059456,27.541684055328368,30.92383965667097,24.159528453985764,0.24560267226566146,1.6619903019496374,312127301.25,1.08960257765981,0.01782484797532912,0.039191446906171344
2024-07-04,24.446414947509766,26.63045883178711,24.390846252441406,26.489843368530273,534573189,-0.07719070299096364,-0.08033267795106468,27.55147361755371,27.247700881958007,27.24945287704468,27.254832184825236,28.690476378830105,-1.435644194004869,-1.6471047257890177,0.2114605317841487,37.605715420307654,27.24945287704468,30.641359594797777,23.85754615929158,0.24895228047756424,1.6699841363089425,320074242.75,1.6701537256077754,0.0248117443761082,0.042125679057925414
2024-07-05,25.134418487548828,25.407726287841797,22.125659942626953,24.43590545654297,610525789,0.02814333068944097,0.02775458405467007,26.706182098388673,27.22119770050049,27.00679693222046,26.92861469293656,28.42706468317964,-1.4984499902430812,-1.6173737786798303,0.11892378843674911,41.15462459410381,27.00679693222046,30.2657125951003,23.74788126934062,0.24134040560669306,1.8324647630964006,342588864.35,1.7820946695344622,0.9167269089917355,0.042971565948180905
2024-07-06,27.44342613220215,27.566560745239258,24.97484016418457,25.129459381103516,251584025,0.09186636427642703,0.08788849279779384,26.431639862060546,27.385180473327637,26.877024745941164,27.007816452823576,28.35420256829242,-1.3463861154688423,-1.563176246037633,0.2167901305687907,56.72968080745373,26.877024745941164,29.818842518753314,23.935206973129013,0.21890948128523113,1.8177813121250697,346017088.5,0.7270855497068897,0.9524892368945527,0.04841684359999041
2024-07-07,25.705129623413086,27.453351974487305,25.51751708984375,27.44013786315918,246740619,-0.06334108942576022,-0.06543608588246169,25.84413719177246,27.166163635253906,26.738273525238036,26.80740309445273,28.157974942745803,-1.3505718482930718,-1.520655366488721,0.17008351819564926,52.218239244212455,26.738273525238036,29.62293943558303,23.85360761489304,0.2157705438701705,1.8292010171072823,342221755.4,0.720996298764237,0.09691556552082974,0.049083621589515146
2024-07-08,25.222187042236328,27.15577507019043,24.6664981842041,25.715274810791016,457966073,-0.018787790151304162,-0.018966522883240994,25.59031524658203,26.8988037109375,26.668439674377442,26.56352370180405,27.94050917233769,-1.37698547053364,-1.491921387297705,0.11493591676406512,51.302657846884806,26.668439674377442,29.63182632115262,23.705053027602265,0.22223922231358334,1.8977148873465401,342661643.55,1.3364964583004901,0.22323304367152194,0.047082114024274056
2024-07-09,26.421600341796875,26.469608306884766,24.77920913696289,25.219947814941406,349286751,0.047553897588343386,0.04645782503542539,25.985352325439454,26.76841297149658,26.64492263793945,26.541689338726023,27.827997407112445,-1.2863080683864219,-1.4507987235154487,0.16449065512902683,53.26897468821579,26.64492263793945,29.608306292473713,23.68153898340519,0.22243514794933036,1.9402610233851842,349381091.2,0.9997299790905227,0.971599622350675,0.048300949280193614
2024-07-10,25.76766586303711,27.376235961914062,25.65686798095703,26.42434310913086,255672807,-0.024749995091148724,-0.02506142556194254,26.112001800537108,26.40909194946289,26.55608549118042,26.42260880400465,27.675380255699455,-1.2527714516948052,-1.41119326915132,0.15842181745651485,49.886890012710545,26.55608549118042,29.512451185834582,23.599719796526255,0.22265071376095746,1.9707046236310686,347380985.25,0.7360011568163402,0.06444105198120272,0.048260542742284876
2024-07-11,25.22551918029785,26.314916610717773,25.084890365600586,25.7673282623291,302646280,-0.021039805685968194,-0.021264296814477023,25.66842041015625,26.050030136108397,26.444839477539062,26.23844116958822,27.493909064928967,-1.2554678953407468,-1.3800481943892056,0.1245802990484588,40.687472780611024,26.444839477539062,29.426837757036452,23.462841198041673,0.22552591268554695,1.8498705455235072,351057628.2,0.862098572111301,0.11432992922892332,0.04844397789985255
2024-07-12,25.974353790283203,26.073482513427734,24.8803653717041,25.222850799560547,245057056,0.029685597534508723,0.029253510532645178,25.722265243530273,25.783201217651367,26.462691402435304,26.197812342002834,27.381349414955206,-1.1835370729523724,-1.3407459701018392,0.15720889714946673,43.63033772771556,26.462691402435304,29.428059115155257,23.49732368971535,0.224116864579168,1.8467743737357003,334885459.3,0.7317637992173045,0.9169161779282737,0.04653544565535725
2024-07-13,25.873245239257812,26.296735763549805,25.57195472717285,25.973613739013672,263193767,-0.0038926300858816987,-0.0039002260890691766,25.85247688293457,25.721396064758302,26.5037935256958,26.147878941580522,27.269637994533177,-1.1217590529526547,-1.2969485866720023,0.17518953371934765,43.83135060860148,26.5037935256958,29.408962635033465,23.59862441635814,0.21922666327150947,1.8264164243425642,328624731.3,0.8008945825800664,0.41569866319084453,0.04622207486271887
2024-07-14,26.36935806274414,26.63951873779297,25.65995216369629,25.87187385559082,251852910,0.019174742824049407,0.018993224155120638,25.842028427124024,25.91369037628174,26.580695629119873,26.18195265252877,27.202950592178436,-1.0209979396496642,-1.2417584572675349,0.22076051761787063,39.219181345784065,26.580695629119873,29.378914950538636,23.78247630770111,0.21054522879779247,1.750852312360491,318630463.7,0.7904231976925061,0.7242038576704202,0.04628164950077527
2024-07-15,27.85492706298828,27.874717712402344,26.318376541137695,26.376392364501953,358080889,0.05633694217012519,0.054807208415518394,26.259480667114257,26.185741233825684,26.703469467163085,26.439333331061004,27.251245145571758,-0.8119118145107542,-1.1557891287161788,0.34387731420542456,46.7559761180579,26.703469467163085,29.498935944740023,23.908002989586148,0.20937103180652136,1.775419098990304,324509524.85,1.1034526310607304,0.9872838554602912,0.047585343957700796
2024-07-16,28.03032875061035,29.207748413085938,26.536853790283203,27.849105834960938,474045817,0.006296971707211219,0.0062772286186377505,26.820442581176756,26.244431495666504,26.81480598449707,26.68410185714552,27.308955042241283,-0.6248531850957626,-1.0496019399920955,0.4247487548963329,47.93374418716913,26.81480598449707,29.63661492857808,23.99299704041606,0.21046648226449471,1.9113025665283203,331145738.65,1.4315322882685086,0.5591665586447913,0.04752525015590218
2024-07-17,27.253253936767578,28.995689392089844,27.253253936767578,28.03105926513672,364404918,-0.02772264359638854,-0.028114169130901392,27.076222610473632,26.399243927001955,26.78270378112793,26.771663715548915,27.304829034428415,-0.5331653188795009,-0.9463146157695765,0.4131492968900756,52.834086824357065,26.78270378112793,29.567116777126095,23.99829078512976,0.20792620631231162,1.8603886195591517,331381859.65,1.0996525832309543,0.0,0.04451791476594178
2024-07-18,27.138296127319336,27.911972045898438,26.711889266967773,27.251876831054688,270954780,-0.004218131519816537,-0.004227052933210994,27.32923278808594,26.590854835510253,26.74482927322388,26.82806870197513,27.292493263531448,-0.4644245615563172,-0.8499366049269248,0.3855120433706076,61.69081473320604,26.74482927322388,29.48576047943904,24.003898067008716,0.2049690561277428,1.7861364909580775,328517411.2,0.8247805771093328,0.35531453686750486,0.04452678622035982
2024-07-19,28.1879940032959,28.409578323364258,26.707508087158203,27.13728904724121,337996220,0.03867957925773613,0.03795027115439037,27.69295997619629,26.767494201660156,26.76795358657837,27.037287979101404,27.358826651662145,-0.32153867256074165,-0.7442570184536882,0.42271834589294655,62.857703211082786,26.76795358657837,29.55119830149292,23.984708871663816,0.20795349229162516,1.6732796260288783,335852388.15,1.0063832562329214,0.8698148148924671,0.045345191277089796
2024-07-20,29.130952835083008,29.167200088500977,27.87027931213379,28.1879940032959,247061759,0.03345249866580979,0.032905137463495486,27.948165130615234,27.103822898864745,26.75645742416382,27.35939026463704,27.490095257841467,-0.13070499320442863,-0.6215466134038363,0.4908416201994077,58.029380043830116,26.75645742416382,29.49616613202861,24.01674871629903,0.20478859846300518,1.5807939256940569,335445855.5,0.7365175480607481,0.9720512896400549,0.043989850574536096
2024-07-21,32.60565948486328,32.947845458984375,28.623668670654297,29.130979537963867,758424815,0.11927885330258103,0.11268459694678308,28.86323127746582,27.84183692932129,26.945933532714843,28.166508606210307,27.869025941324566,0.2974826648857416,-0.4377407577459207,0.7352234226316623,78.17725165125012,26.945933532714843,30.64248605616504,23.249381009264646,0.27436811710102693,1.75138977595738,358519639.05,2.115434504535547,0.9208667915120307,0.051070011381304486
2024-07-22,31.858896255493164,32.889923095703125,31.407184600830078,32.60565948486328,499061368,-0.02290287150047654,-0.023169216835130856,29.784359741210938,28.430291175842285,27.106746196746826,28.73456824456152,28.164571890522243,0.5699963540392758,-0.23619333538888135,0.8061896894281572,76.52841479252308,27.106746196746826,31.353045965017635,22.860446428476017,0.3133020641762177,1.6794941765921456,370961227.2,1.3453194873407515,0.3046468768286029,0.051442016502860385
2024-07-23,29.841068267822266,32.60590744018555,29.53968048095703,31.858896255493164,474364433,-0.0633364059912459,-0.06543108574553613,30.324914169311523,28.82707347869873,27.274234771728516,28.904799017370866,28.288756807359285,0.6160422100115817,-0.06574622630878871,0.6817884363203703,62.829007063737365,27.274234771728516,31.679595953261508,22.868873590195523,0.32304196384636463,1.7777675901140486,377674713.25,1.256013220789809,0.09829271932242696,0.05051710224175397
2024-07-24,28.39635467529297,30.490442276000977,28.31222915649414,29.841856002807617,447694427,-0.048413601670123096,-0.049624794129765275,30.36658630371094,29.029773139953612,27.471731758117677,28.826576810897343,28.296727019798816,0.5298497910985276,0.05337297717267459,0.476476813925853,59.30978979258108,27.471731758117677,31.69364753281235,23.249815983423005,0.3073643709007991,1.8105422428676061,373330775.15,1.199189718072724,0.03862134410046219,0.04835140190463937
2024-07-25,27.257287979125977,28.55320167541504,26.349035263061523,28.396076202392578,400103089,-0.040113131040656724,-0.04093984629852057,29.991853332519533,28.97000923156738,27.577875232696535,28.585147759855595,28.21973153530453,0.3654162245510655,0.1157816266483528,0.2496345979027127,56.90383017554593,27.577875232696535,31.65668684772112,23.49906361767195,0.29580318139874057,1.8801236833844865,362809640.15,1.1027906778733372,0.41206176940789224,0.04929920409130202
2024-07-26,28.708839416503906,28.838834762573242,27.20052719116211,27.257320404052734,345076408,0.05325370001922236,0.05188413482521899,29.212489318847656,29.037860298156737,27.64114589691162,28.604177245493798,28.255961748726705,0.34821549676709296,0.16226840067210085,0.1859470960949921,58.868116353688926,27.64114589691162,31.75032137553349,23.531970418289752,0.29732309173774096,1.9119229997907365,367484259.3,0.9390236432366288,0.9206526554938077,0.046396816806844494
2024-07-27,28.0848331451416,29.48973846435547,27.729169845581055,28.7092227935791,294617909,-0.021735684341303685,-0.02197538405164583,28.457676696777344,29.12101821899414,27.760131072998046,28.52427815313192,28.24328555586855,0.28099259726337067,0.18601323999035485,0.09497935727301582,56.937048938271815,27.760131072998046,31.769878005882415,23.750384140113677,0.28888530261909334,1.985907827104841,369878123.8,0.7965269910347695,0.20201615191117828,0.04413089282338233
2024-07-28,27.40057373046875,28.152498245239258,27.162982940673828,28.0848331451416,186939609,-0.024364019224775824,-0.024665732657035366,27.96957778930664,29.147245979309083,27.869050407409667,28.35140054964528,28.180862457690786,0.17053809195449432,0.18291821038318276,-0.012380118428688441,53.196863106089786,27.869050407409667,31.703017374940227,24.035083439879106,0.27514155749714436,1.9866184507097517,356326800.6,0.5246296621113601,0.24010824925864416,0.044308608027819774
2024-07-29,27.083110809326172,28.81195640563965,27.083110809326172,27.400556564331055,345660151,-0.011585995397956461,-0.011653636006058067,27.706929016113282,29.03675765991211,27.902125930786134,28.156279051134646,28.09954752077489,0.05673153035975531,0.1576808743784973,-0.10094934401874198,47.42047767959137,27.902125930786134,31.694705872503608,24.10954598906866,0.2718488154720058,1.9989401953560966,356145470.6,0.9705588854398868,0.0,0.04328511642387808
2024-07-30,26.339189529418945,27.288570404052734,26.11893081665039,27.083110809326172,233626464,-0.02746808832798686,-0.027852389969279804,27.523309326171876,28.757581329345705,27.930702114105223,27.87672681702454,27.969150632526304,-0.09242381550176404,0.10765993640244502,-0.20008375190420907,44.55488886039345,27.930702114105223,31.663710379406915,24.19769384880353,0.2673050072319158,1.8917076928274972,355043153.45,0.6580227268990307,0.188313317416517,0.043378037012500696
2024-07-31,25.71908950805664,26.822425842285156,25.469463348388672,26.339189529418945,274132420,-0.02354286644506276,-0.023824427678170404,26.925359344482423,28.068924331665038,27.955380630493163,27.544782615644866,27.802479438121143,-0.25769682247627657,0.03458858462670068,-0.29228540710297723,45.00987176140216,27.955380630493163,31.618969635748993,24.291791625237334,0.26210260226324095,1.8638881955827986,353617460.45,0.7752230889593223,0.18450338346336592,0.04345146184677287
2024-08-01,25.723108291625977,25.88352394104004,24.138700485229492,25.71908950805664,296943609,0.00015625683670017487,0.00015624462987225076,26.453014373779297,27.45534553527832,27.942818355560302,27.26452502733427,27.648451945788167,-0.3839269184538985,-0.049114515989419176,-0.3348124024644793,45.36340103494631,27.942818355560302,31.636607371149314,24.24902933997129,0.2643819938695618,1.9027982439313615,356211788.1,0.8336153348092974,0.9080619543711017,0.0429544466659633
2024-08-02,23.59450340270996,25.854928970336914,23.431133270263672,25.723108291625977,325550807,-0.08275068723358647,-0.08637596497960899,25.69180030822754,26.83068904876709,27.82888126373291,26.699906315853607,27.348159461115706,-0.6482531452620997,-0.16894224184395532,-0.4793109034181443,35.94399852641217,27.82888126373291,31.911564694055272,23.746197833410548,0.2934134068582187,1.9543500627790178,359329640.1,0.9059948600660955,0.06740259988386248,0.04681207089782527
2024-08-03,22.68356704711914,24.07581329345703,22.250192642211914,23.59466552734375,270795273,-0.038607990176482976,-0.03937303453713658,24.811891555786133,26.259410285949706,27.64459171295166,26.08200796681753,27.002634097115962,-0.9206261302984302,-0.31927901953485033,-0.6013471107635799,30.232371550271537,27.64459171295166,32.29758716254068,22.991596263362638,0.3366297102813831,1.9921143395560128,360276758.25,0.7516312579122636,0.23738469557616357,0.04711615266939696
2024-08-04,21.22766876220703,22.92548370361328,20.66783905029297,22.68356704711914,270824417,-0.06418295155642251,-0.06633528267410241,23.78958740234375,25.656448364257812,27.313228797912597,25.33518655072361,26.574858887122705,-1.2396723363990958,-0.5033576829076996,-0.7363146534913962,10.18655511091059,27.313228797912597,32.776520136195785,21.84993745962941,0.40004727223613473,1.8445049013410295,355913934.65,0.7609267034355492,0.24797069308981615,0.04636221385825626
2024-08-05,19.549341201782227,21.33831024169922,17.487194061279297,21.22766876220703,987178111,-0.07906320657371657,-0.08236387328349964,22.555637741088866,24.740498542785645,26.88917942047119,24.445056497040323,26.054450169690075,-1.6093936726497517,-0.72456488085611,-0.8848287917936417,9.563099277345898,26.88917942047119,33.34458489016261,20.433773950779774,0.4801489378866509,2.013674736022949,381570549.35,2.5871444027366466,0.5354673914105083,0.04842472937116701
2024-08-06,20.877193450927734,21.448694229125977,19.545991897583008,19.54926109313965,352023957,0.0679231200396897,0.06571575296539602,21.586454772949217,24.019734573364257,26.5703763961792,23.89615448994608,25.670949672003974,-1.7747951820578933,-0.9346109410964668,-0.8401842409614265,19.155434256699877,26.5703763961792,33.557913446259974,19.582839346098424,0.5259644760685872,1.9305658340454102,380951501.3,0.9240650208719888,0.6996373128259296,0.05188431407622794
2024-08-07,19.829347610473633,21.686050415039062,19.744291305541992,20.877193450927734,285635733,-0.050190934088774175,-0.05149429783873203,20.833423614501953,23.262611961364748,26.204928970336915,23.270491893104168,25.238238408186913,-1.9677465150827445,-1.1412380558937225,-0.8265084591890219,19.693304196953136,26.204928970336915,33.80506541609674,18.604792524577093,0.5800539627001408,1.9136762619018555,381685548.95,0.7483535433441775,0.0438037365590799,0.052536744647449216
2024-08-08,22.737106323242188,22.765228271484375,19.613391876220703,19.829347610473633,296564441,0.146639151720388,0.13683518683661355,20.844131469726562,22.828011512756348,25.93238458633423,23.188432574663864,25.05296936485767,-1.8645367901938066,-1.2858978027537393,-0.5786389874400673,35.787866237809766,25.93238458633423,33.623493460380004,18.241275712288456,0.5931663436843222,1.9813669749668665,379613960.0,0.7812263832447047,0.9910775958437364,0.06280657452033685
2024-08-09,21.774154663085938,22.76107406616211,21.356245040893555,22.737106323242188,237335760,-0.04235154845416311,-0.04327452916597352,20.953428649902342,22.371508026123045,25.564544677734375,22.97085135749803,24.81009420176347,-1.8392428442654385,-1.3965668110560794,-0.4426760332093591,27.50515817538316,25.564544677734375,33.3150136335907,17.81407572187805,0.6063451591693438,1.9646899359566825,379127660.05,0.6260048659301191,0.2974807693325423,0.06240360310274163
2024-08-10,21.588260650634766,22.021331787109375,21.439611434936523,21.774154663085938,133818907,-0.008537369892311908,-0.008574021992099872,21.361212539672852,21.95842514038086,25.01367473602295,22.758145094903682,24.571439864642826,-1.8132947697391444,-1.4799124027926926,-0.33338236694645174,28.30981109828012,25.01367473602295,32.20278618105108,17.82456329099482,0.5748144981412806,1.8804864883422852,347897364.65,0.38465053374183417,0.25553380174454465,0.054183041940883026
2024-08-11,20.428546905517578,22.344762802124023,20.42733383178711,21.588375091552734,189436264,-0.053719647167734585,-0.0552163977755645,21.27148323059082,21.42896900177002,24.44215726852417,22.399745373459666,24.264558904707624,-1.8648135312479575,-1.5568926284837459,-0.3079209027642116,27.438684772255613,24.44215726852417,31.140617127032808,17.743697410015532,0.5481070909509859,1.9467660358973913,332416109.45,0.5698769061265783,0.000632656407569056,0.05473349551987047
2024-08-12,21.289514541625977,21.66364860534668,20.378995895385742,20.428546905517578,241874343,0.04214531949288358,0.04128139569254357,21.56351661682129,21.19847011566162,24.014579582214356,22.228940630100638,24.044185248183055,-1.815244618082417,-1.6085630264034803,-0.20668159167893685,31.889115473551556,24.014579582214356,30.343526345672508,17.685632818756204,0.5270920310547921,1.9150379725864954,320791604.95,0.7539921221993936,0.7087663709363575,0.05547570575638382
2024-08-13,21.40406036376953,21.60154914855957,20.64847755432129,21.289514541625977,189686139,0.005380386758917943,0.0053659641876257595,21.296907424926758,21.07051944732666,23.664964866638183,22.102035973742,23.8486204419302,-1.7465844681881997,-1.636167314760424,-0.11041715342777558,33.940788512473404,23.664964866638183,29.742259841878095,17.58766989139827,0.5136111555193908,1.899568830217634,307891190.55,0.6160817354376233,0.7927870330919395,0.05508975795641146
2024-08-14,20.972698211669922,21.852943420410156,20.839977264404297,21.40406036376953,179944462,-0.02015328609471556,-0.020359133933887504,21.136616134643553,21.045022392272948,23.35073537826538,21.928291702653986,23.635589165614622,-1.7072974629606357,-1.6503933444004664,-0.0569041185601693,34.36287773581586,23.35073537826538,29.29438131756881,17.40708943896195,0.5090756965911842,1.8752833775111608,296883259.2,0.6061118517928208,0.13102209305661774,0.054745505308001645
2024-08-15,20.141338348388672,21.141996383666992,19.898605346679688,20.972698211669922,241013187,-0.039640100424400915,-0.04044716938472479,20.847231674194337,21.104222106933594,22.922360324859618,21.653375801997786,23.376755771746033,-1.7233799697482475,-1.6649906694700227,-0.058389300278224754,32.56134906262457,22.922360324859618,28.461194520632056,17.38352612908718,0.48326909770853704,1.8394667761666434,291680098.15,0.826292875409196,0.19521855356536338,0.05285834727887356
2024-08-16,20.394376754760742,20.68081283569336,19.857200622558594,20.141498565673828,182512415,0.012563137662215729,0.012484876239270788,20.84039764404297,21.055940437316895,22.537837505340576,21.459683640884393,23.155838807524898,-1.696155166640505,-1.6712235689041193,-0.024931597736385758,38.674886039297576,22.537837505340576,27.616299135549546,17.459375875131606,0.45066094996963,1.725167955671038,286074823.45,0.6379883863911548,0.652219718349483,0.053227222101020974
2024-08-17,20.670944213867188,20.671018600463867,20.265108108520508,20.394376754760742,101104215,0.013560966458162849,0.013469839474828198,20.71668357849121,21.14010009765625,22.2013560295105,21.338339113650974,22.97177254132803,-1.6334334276770548,-1.6636655406587066,0.03023211298165185,42.542573019169765,22.2013560295105,26.79152540627728,17.61118665274372,0.4135035148903007,1.6237600871494837,281783053.75,0.35880161583350717,0.9998167167483386,0.05353451168675147
2024-08-18,20.819700241088867,21.49272346496582,20.566490173339844,20.670944213867188,151064030,0.007196382791352374,0.007170612390630447,20.599811553955078,20.948359489440918,21.888185501098633,21.25854851787219,22.81235977834735,-1.553811260475161,-1.6416946846219977,0.0878834241468367,48.32620623911197,21.888185501098633,25.893360789996628,17.883010212200638,0.36596686268918577,1.5286592755998885,272053247.7,0.5552737608432528,0.27337612165803177,0.053718978103564866
2024-08-19,21.2274112701416,21.235275268554688,20.44474983215332,20.819700241088867,165359094,0.01958294424662732,0.019393665493119102,20.650754165649413,20.893685150146485,21.632596588134767,21.25375817206748,22.694956185146925,-1.4411980130794433,-1.6015953503134872,0.16039733723404392,57.68605793372982,21.632596588134767,25.05129009284238,18.213903083427155,0.3160687151705798,1.3100456510271346,268639879.2,0.6155418714914312,0.9900521754879814,0.054022984115669206
2024-08-20,22.425113677978516,22.759679794311523,21.204805374145508,21.2274112701416,283519502,0.05642244325484924,0.054888146250049445,21.107509231567384,20.97737045288086,21.467897796630858,21.43396671143841,22.6749678512826,-1.2410011398441902,-1.529476508219628,0.28847536837543775,57.175482779852814,21.467897796630858,24.329682487878543,18.606113105383173,0.2666106125860921,1.285200800214495,269109233.3,1.0535480277777596,0.7848275591635488,0.05584789920113795
2024-08-21,23.527414321899414,23.763460159301758,22.25629425048828,22.25629425048828,293546446,0.049154740517697304,0.04798483094490011,21.734116744995116,21.287257194519043,21.358113098144532,21.756035574586253,22.73811203429125,-0.9820764597049987,-1.4199964985167022,0.4379200388117035,67.0565126542769,21.358113098144532,23.642860858090035,19.07336533819903,0.213946592514672,1.2541584287370955,268939375.15,1.091496720538878,0.8433842986655564,0.05716285579420078
2024-08-22,25.26703453063965,25.274473190307617,23.102005004882812,23.527414321899414,342253539,0.07394013574713099,0.07133425500535674,22.65333480834961,21.68500919342041,21.441739654541017,22.29618926013293,22.925439626613358,-0.6292503664804272,-1.2618472721094474,0.6325969056290202,63.07795576209124,21.441739654541017,24.15365102957201,18.729828279510023,0.2529562823468621,1.1842035566057478,269774511.75,1.2686652151822493,0.9965759362168641,0.05637971870682256
2024-08-23,26.519519805908203,26.967382431030273,25.236099243164062,25.266897201538086,487111253,0.049569935630940254,0.04838049515314818,23.793298721313477,22.196555137634277,21.63353729248047,22.945932421021432,23.191667788042604,-0.24573536702117238,-1.0586248910917924,0.81288952407062,73.81727254799472,21.63353729248047,25.141113754276315,18.125960830684622,0.32427211642499476,1.207521711077009,280590310.75,1.7360230711387814,0.7413117416757371,0.05624566769311408
2024-08-24,27.165842056274414,27.998321533203125,26.2342529296875,26.519620895385742,340043251,0.024371566872120276,0.024079319073728706,24.98098487854004,22.815869522094726,21.93044595718384,23.59514928798343,23.486051067170884,0.10909822081254461,-0.8250802687109249,0.9341784895234695,76.75752745011454,21.93044595718384,26.213048747912563,17.647843166455115,0.39056230767855005,1.2919751576014928,284051252.45,1.1971193510574505,0.5280912088392885,0.05357784225262372
2024-08-25,26.964920043945312,27.642440795898438,26.22050666809082,27.165842056274414,305158503,-0.007396126794556479,-0.00742361375556797,25.8889461517334,23.498227691650392,22.30122489929199,24.113575558131412,23.743745065450472,0.3698304926809399,-0.5860981164325519,0.9559286091134919,84.53406141946968,22.30122489929199,26.981418117207554,17.62103168137643,0.41972521590633766,1.2565826688494002,249950272.05,1.220876858813565,0.5235216991148776,0.049267611131495435
2024-08-26,25.95624542236328,27.196500778198242,25.934551239013672,26.964920043945312,303438100,-0.03740692054484762,-0.038124511568483475,26.37471237182617,24.054414558410645,22.55517749786377,24.3970632295517,23.907633980777348,0.48942924877435345,-0.37099264339117083,0.8604218921655242,74.27714136878922,22.55517749786377,27.456014411516993,17.654340584210548,0.4345642515220629,1.2549610137939453,247520979.2,1.2259086117901072,0.017191006854138848,0.04920362451343746
2024-08-27,24.101638793945312,26.78548240661621,23.80750846862793,25.95624542236328,321291989,-0.0714512672476153,-0.07413241410370192,26.141633224487304,24.397484016418456,22.768792057037352,24.35161331638149,23.922004707678678,0.4296086087028108,-0.21087239297237448,0.6404810016751853,61.88210944013679,22.768792057037352,27.540092928421647,17.997491185653057,0.41910882750669126,1.399596895490374,249303792.0,1.2887569275320128,0.09876860256486712,0.05082226159318886
2024-08-28,23.46433448791504,24.80661392211914,23.233379364013672,24.101638793945312,333317595,-0.026442364001835972,-0.02679825099364869,25.53059616088867,24.661947441101074,22.805153465270998,24.2151088812328,23.88810320991841,0.3270056713143923,-0.1032967801150211,0.43030245142941337,60.77942486299366,22.805153465270998,27.586511217213648,18.023795713328347,0.4193225675261495,1.4396160670689173,251141449.7,1.3272106034195597,0.14680272642336453,0.04011758922642815
2024-08-29,22.90632438659668,24.65316390991211,22.80751609802246,23.46433448791504,274417039,-0.023781202983010452,-0.024068540421508668,24.678692626953126,24.829838752746582,22.861761951446532,24.013757420519553,23.81537885263532,0.1983785678842338,-0.04296171051517011,0.24134027839940392,62.25177596572864,22.861761951446532,27.61846914696183,18.105054755931235,0.4161277862675257,1.4826344081333704,252995513.65,1.0846715621196155,0.05353583029348191,0.03923395281327945
2024-08-30,23.286901473999023,23.603702545166016,22.27901840209961,22.90677833557129,242434308,0.016614498292228497,0.01647798747946049,23.943088912963866,24.916017532348633,22.946693992614748,23.901933428747164,23.776232380143743,0.12570104860342113,-0.009229158691451854,0.13493020729487298,62.67366032508411,22.946693992614748,27.668188401480055,18.22519958374944,0.4115184880562657,1.5184252602713448,258426283.7,0.938117843622421,0.7608478364947188,0.03923873641112394
2024-08-31,22.797574996948242,23.347835540771484,22.549074172973633,23.286901473999023,120764897,-0.021012949172183326,-0.021236863476982164,23.31135482788086,24.843033599853516,23.065145397186278,23.732032131547328,23.70373924064778,0.028292890899546563,-0.001724748773252168,0.030017639672798732,59.14733486356777,23.065145397186278,27.637142010879565,18.49314878349299,0.39644203710513143,1.5464860371180944,254992715.35,0.47360136086334675,0.31110771111607166,0.03731805971406917
2024-09-01,21.44817352294922,22.817733764648438,21.235628128051758,22.797574996948242,225766458,-0.05919057067164635,-0.06101467921755727,22.78066177368164,24.461147499084472,23.07307834625244,23.38066926868608,23.536660298596036,-0.15599102990995561,-0.032578005000592866,-0.12341302490936275,52.450195011135534,23.07307834625244,27.632636297874434,18.513520394630447,0.3952275360225232,1.5933340617588587,254187321.1,0.8881892968657594,0.13434336408233827,0.03901592428828318
2024-09-02,22.36886215209961,22.52987289428711,21.401275634765625,21.44817352294922,184335608,0.04292620199875152,0.04203041800120549,22.561567306518555,24.046081733703613,23.121318435668947,23.225006635365084,23.450156732188894,-0.22515009682381049,-0.0710924233652364,-0.15405767345857407,54.27896174460952,23.121318435668947,27.626618441805917,18.616018429531977,0.3897096109525229,1.6174820491245814,253919794.55,0.7259599761676004,0.8573355114922729,0.04012065447165501
2024-09-03,21.383655548095703,22.69561004638672,21.383655548095703,22.36886215209961,173297593,-0.04404366200233534,-0.045043038524272765,22.25703353881836,23.467863082885742,23.141866302490236,22.941721852708252,23.297082570404214,-0.35536071769596234,-0.1279460822313816,-0.22741463546458074,46.03267536765892,23.141866302490236,27.609496495861173,18.6742361091193,0.38610802905642805,1.60013062613351,253587451.1,0.6833839460441661,0.0,0.04118686506896495
2024-09-04,21.89966583251953,22.275537490844727,20.696475982666016,21.383655548095703,222847327,0.02413106043834401,0.023844507136780307,21.97958641052246,22.961337661743165,23.22978267669678,22.781405541909987,23.193570219449793,-0.41216467753980623,-0.18478980129306655,-0.2273748762467397,43.50933789099666,23.22978267669678,27.514246066657655,18.945319286735902,0.3688767518482973,1.6052660260881697,252679158.1,0.8819379036865646,0.7619651520868386,0.040270011755117574
2024-09-05,21.366561889648438,22.16934585571289,21.252456665039062,21.899694442749023,159690610,-0.024343017238165787,-0.024644206431088465,21.6933837890625,22.50236930847168,23.278391933441164,22.563737287715902,23.058236269094134,-0.4944989813782321,-0.2467316373100997,-0.24776734406813242,32.79097921474252,23.278391933441164,27.4479251353062,19.108858731576127,0.35823206463631946,1.5155818121773856,251538067.85,0.6348566297139108,0.12444821525383687,0.040746301792947255
2024-09-06,21.147371292114258,22.134326934814453,20.547168731689453,21.366561889648438,305777164,-0.010258580611435253,-0.010311562507016184,21.63322334289551,22.206942558288574,23.302213287353517,22.345834826854112,22.91669071524377,-0.5708558883896586,-0.3115564875260115,-0.2592994008636471,23.91995070949548,23.302213287353517,27.41406778130573,19.190358793401305,0.35291535986272865,1.5052871704101562,261771715.3,1.168106201426568,0.3781617708061058,0.04077316702948831
2024-09-07,21.797344207763672,21.978313446044922,21.066984176635742,21.147159576416016,138843987,0.030735400001785873,0.030272528062921803,21.51891975402832,22.040243530273436,23.351095485687257,22.26145165468635,22.833776159134135,-0.5723245044477849,-0.3637100909103662,-0.20861441353741872,23.94690818897699,23.351095485687257,27.36065959345361,19.3415313779209,0.34341550358731254,1.4443772179739816,261160713.15,0.5316419354401659,0.8014227652176681,0.04126992232722251
2024-09-08,23.215967178344727,23.466327667236328,21.749950408935547,21.797344207763672,236441927,0.06508237687395768,0.06305214534752011,21.885382080078124,22.071207809448243,23.45052328109741,22.408300196787643,22.86208660500159,-0.4537864082139471,-0.38172535437108246,-0.07206105384286465,33.72948710158981,23.45052328109741,27.33502359767148,19.56602296452334,0.33129327392921926,1.4654088701520647,264714854.8,0.8931947819046232,0.8541343424225962,0.04342385026220561
2024-09-09,23.859668731689453,24.30732536315918,23.184110641479492,23.215967178344727,284956740,0.027726673991215645,0.027349250348763298,22.27738265991211,22.128484535217286,23.522251033782958,22.631587663695612,22.935981577348837,-0.3043939136532252,-0.36625906622751103,0.06186515257428582,40.60313444849997,23.522251033782958,27.379913691414952,19.664588376150963,0.32800114683680315,1.4554992403302873,264786716.7,1.0761746040412306,0.6014505251366424,0.042102579863303985
2024-09-10,24.359909057617188,24.536733627319336,23.60438346862793,23.859668731689453,207002559,0.020965937605970764,0.020749176829704605,22.87605209350586,22.28471794128418,23.56387577056885,22.89748326276047,23.041457686998342,-0.14397442423787155,-0.32180213782958317,0.17782771359171162,51.31752295409725,23.56387577056885,27.439695752715096,19.688055788422602,0.3289628599202789,1.3093832560947962,260459522.35,0.794759036384296,0.8103453126947685,0.040966001135485985
2024-09-11,23.29693603515625,24.48965835571289,22.93328285217285,24.36018180847168,239140352,-0.043636165469532084,-0.04461685828016404,23.30596504211426,22.469594192504882,23.465370845794677,22.958937535436743,23.060382009084115,-0.10144447364737275,-0.2777306049931411,0.17628613134576837,49.18158781940828,23.465370845794677,27.258185387245955,19.6725563043434,0.32326909013083027,1.3081790379115514,255303863.0,0.9366891248331797,0.2336538835388476,0.038544821501404904
2024-09-12,24.028888702392578,24.03182601928711,23.285247802734375,23.29693603515625,213390700,0.03141840910460392,0.030934951132217135,23.752273941040038,22.63559684753418,23.340839290618895,23.1235454072761,23.132123245625483,-0.00857783834938175,-0.22390005166438923,0.21532221331500748,55.396441255556695,23.340839290618895,26.865501709160032,19.816176872077758,0.30201676766248614,1.2296740668160575,241617835.35,0.8831744547785099,0.9960656140374008,0.03743099105618521
2024-09-13,24.952272415161133,25.093059539794922,23.682689666748047,24.028888702392578,258822734,0.0384280656590088,0.03770809439424786,24.09953498840332,22.992458534240722,23.230160808563234,23.404888023873802,23.26694911003553,0.13793891383827273,-0.15153225856385683,0.28947117240212955,57.60875892563034,23.230160808563234,26.366752675442036,20.09356894168443,0.27004478296358364,1.2357944761003767,237556809.5,1.0895193219035044,0.9001771547123218,0.0381222642555534
2024-09-14,25.330501556396484,25.64888572692871,24.63634490966797,24.95267677307129,183882258,0.01515810403727147,0.01504436788765489,24.393701553344727,23.335542106628417,23.14843988418579,23.70113625964652,23.41980484680301,0.28133141284351026,-0.06495952428238339,0.34629093712589365,61.691137669662325,23.14843988418579,25.94169978251336,20.35517998585822,0.24133461367613182,1.2510644367762975,231492997.25,0.7943318380444011,0.6855591676302466,0.03833539727868324
2024-09-15,23.837696075439453,25.363609313964844,23.735963821411133,25.330501556396484,194956670,-0.05893311972656401,-0.06074106830553836,24.28925895690918,23.58265552520752,23.0425124168396,23.722145462076202,23.45075975262793,0.27138570944827123,0.0023095224637475604,0.2690761869845237,60.88513453867044,23.0425124168396,25.531554450838648,20.55347038284055,0.21603911838884743,1.254317283630371,226068925.75,0.8623771239378307,0.06250270950812475,0.039649101236268816
2024-09-16,23.51923179626465,24.211713790893555,23.258258819580078,23.837696075439453,233303180,-0.013359692067847373,-0.013449735622619976,24.33371810913086,23.819841575622558,23.013392066955568,23.69092797502827,23.45583175586028,0.23509621916798906,0.04886686180459588,0.1862293573633932,55.54456066303247,23.013392066955568,25.463585247816724,20.563198886094412,0.21293629150648638,1.241807120186942,221669485.3,1.0524821658888022,0.27371295110866667,0.036403828263890485
2024-09-17,23.75840187072754,24.461421966552734,23.175294876098633,23.51923179626465,225254583,0.010169127824186663,0.010117770125704596,24.279620742797853,24.015947341918945,23.02809543609619,23.701308574366617,23.47824435696156,0.22306421740505655,0.08370633292468804,0.1393578844803685,62.33272996231391,23.02809543609619,25.493166726672925,20.563024145519456,0.21409250256213308,1.2399623053414481,216266334.7,1.0415610146279508,0.4533820914146236,0.03595317350121156
2024-09-18,24.63865089416504,24.63865089416504,22.871198654174805,23.75840187072754,284771341,0.03705000985449458,0.03638015359518002,24.21689643859863,24.158215713500976,23.11471176147461,23.845515085104836,23.564200396754412,0.28131468835042384,0.12322800400983522,0.15808668434058862,63.70580812057609,23.11471176147461,25.68141151263162,20.5480120103176,0.22208364764772362,1.2534187861851283,216784049.8,1.3136175897752786,0.9999999943421386,0.03629649561043232
2024-09-19,26.65570831298828,26.75040626525879,24.63788604736328,24.63865089416504,450224106,0.08186557890233037,0.0786869387901022,24.48193778991699,24.43781967163086,23.283152103424072,24.27785250477921,23.793200983142103,0.4846515216371081,0.19551270753528985,0.2891388141018183,73.04435494593747,23.283152103424072,26.30009776923321,20.266206437614933,0.2591526827989463,1.3388210024152483,227173539.7,1.9818509963552768,0.9551729914724434,0.040187448875543964
2024-09-20,27.599931716918945,28.657886505126953,26.49061393737793,26.655851364135742,526269388,0.0354229342864838,0.0348099754108024,25.23438491821289,24.761821937561034,23.523269939422608,24.78894161433917,24.075181037495945,0.7137605768432245,0.29916228139687684,0.41459829544634763,76.4426526631339,23.523269939422608,27.09155081892839,19.954989059916826,0.3033830661038928,1.3802577427455358,247448764.25,2.1267812332588765,0.5118496819136508,0.040057905228280025
2024-09-21,27.84765625,28.061067581176758,27.057910919189453,27.599931716918945,214929916,0.008975548766636976,0.008935507942698038,26.10006980895996,25.21689395904541,23.843244075775146,25.259513096748528,24.354623645829577,0.9048894509189509,0.4203077153012917,0.4845817356176592,75.63952804152883,23.843244075775146,27.758843322330797,19.927644829219496,0.32844517584198357,1.3868168422154017,246906937.15,0.8704895799238989,0.787260208563455,0.036576954982626676
2024-09-22,27.337196350097656,27.84765625,26.519569396972656,27.84765625,228253627,-0.01833044387361482,-0.018500528146427844,26.815828704833983,25.547724723815918,24.09166078567505,25.57915667418686,24.57555495725684,1.0036017169300173,0.5369665156270369,0.4666352013029804,68.92097819391789,24.09166078567505,28.237077814698583,19.946243756651516,0.34413709091308536,1.359081813267299,249102838.1,0.9163027958291255,0.6156426781161272,0.03657208597975286
2024-09-23,27.407100677490234,28.14179229736328,26.67772674560547,27.337196350097656,361459724,0.00255711399579317,0.0025538501426450987,27.369518661499022,25.793207550048827,24.392833042144776,25.860378828541222,24.78529908468154,1.075079743859682,0.6445891612735659,0.43049058258611606,67.1924391115982,24.392833042144776,28.584831582838664,20.20083450145089,0.34370739417198093,1.3834283011300224,258510944.65,1.3982376045601594,0.4981839276439586,0.034314828794499964
2024-09-24,28.481760025024414,28.50322723388672,26.891525268554688,27.407100677490234,344591266,0.03921098259097544,0.03846175463151035,27.73472900390625,26.108333396911622,24.72193775177002,26.26366824338479,25.05911100618842,1.2045572371963686,0.7565827764581265,0.4479744607382421,68.92275253473855,24.72193775177002,29.118306799609968,20.325568703930074,0.3556654087542292,1.4319534301757812,264598141.6,1.3023192979220835,0.986680404199491,0.03473443789998518
2024-09-25,27.290143966674805,28.482555389404297,27.19045639038086,28.481922149658203,377318861,-0.0418378659641343,-0.04273827312249536,27.672771453857422,26.453578186035156,25.018116855621336,26.421587585429407,25.22437270696519,1.1972148784642158,0.8447091968593445,0.3525056816048713,68.118168769356,25.018116855621336,29.25805189926054,20.778181811982133,0.3389491757599277,1.413076536996024,275479554.15,1.3696800917375815,0.07715165447676392,0.03594466174657981
2024-09-26,29.154499053955078,29.399534225463867,26.99502944946289,27.290143966674805,481475077,0.06831605907088356,0.06608363221737097,27.934140014648438,27.0171049118042,25.41847324371338,26.842035503664125,25.51549317711259,1.326542326551536,0.941075822797783,0.3854665037537529,71.08905144408384,25.41847324371338,29.631542266381572,21.205404221045185,0.3314966231270551,1.5314998626708984,284264449.8,1.69375761667965,0.8980932860124116,0.03753668509487834
2024-09-27,30.449289321899414,30.784746170043945,28.95863914489746,29.154499053955078,429836781,0.044411336498977994,0.043453412340588644,28.55655860900879,27.686193656921386,25.851070499420167,27.396997629546476,25.88095955820791,1.516038071338567,1.0560682725059398,0.45996979883262723,71.94644252310758,25.851070499420167,30.270310550927643,21.43183044791269,0.3418999651566923,1.5611953735351562,298814089.5,1.4384756144505697,0.8162994546934529,0.03792551125157969
2024-09-28,29.330692291259766,30.73416519165039,29.10500144958496,30.449289321899414,278757607,-0.036736392065319645,-0.03742816846983749,28.941276931762694,28.155397796630858,26.15680675506592,27.694489115963908,26.13649531621175,1.5579937997521576,1.1564533779551833,0.40154042179697425,65.07904005006475,26.15680675506592,30.653834958509755,21.659778551622082,0.34385146822808366,1.6052398681640625,300929873.5,0.9263208193918309,0.13853171075570347,0.03804043842460749
2024-09-29,29.069881439208984,29.451961517333984,28.3126220703125,29.330692291259766,284304343,-0.00889207965024752,-0.008931850127536013,29.058901214599608,28.39681510925293,26.417317390441895,27.906087934924688,26.353783177174506,1.552304757750182,1.2356236539141832,0.3166811038359989,71.74264410751844,26.417317390441895,30.95748531780869,21.8771494630751,0.3437266441754213,1.5703608649117606,300897253.65,0.9448552273285264,0.6646477169114708,0.03814715776263142
2024-09-30,27.738948822021484,29.069881439208984,27.612581253051758,29.069881439208984,397914811,-0.045783902489274,-0.04686511587818145,29.148662185668947,28.410716819763184,26.58626937866211,27.88037422524727,26.456388039755762,1.4239861854915077,1.2732961602296482,0.15069002526185948,66.17425301951236,26.58626937866211,31.05499645392802,22.1175423033962,0.33616804310667736,1.6063498088291712,310442866.25,1.2817650339549396,0.0867134783230983,0.040065284568043376
2024-10-01,25.86651611328125,28.867998123168945,25.228439331054688,27.738948822021484,591569105,-0.0675019345813761,-0.06988820208441616,28.49106559753418,28.212602806091308,26.71474838256836,27.57054990032942,26.412693822979872,1.1578560773495497,1.2502081436536285,-0.09235206630407888,57.18129568556597,26.71474838256836,30.925597072552033,22.503899692584685,0.3152452442884542,1.774452073233468,328064303.9,1.8032108277782064,0.1753170691612118,0.0419714282318047
2024-10-02,25.381216049194336,26.7501163482666,25.108360290527344,25.866239547729492,387669295,-0.018761709615688682,-0.018939943323028983,27.477450942993165,28.017004776000977,26.782364749908446,27.2337293078471,26.336288061958722,0.8974412458883769,1.1796547641005783,-0.2822135182122014,52.59949676389969,26.782364749908446,30.852705446294454,22.712024053522438,0.30395678159076095,1.7654737745012556,336778233.65,1.151111491970378,0.16619750280120596,0.04187677892878384
2024-10-03,24.65347671508789,25.627880096435547,23.943479537963867,25.381216049194336,405957042,-0.028672358830086342,-0.02909144106678317,26.542007827758788,27.74164237976074,26.767424964904784,26.83676737049953,26.211635369597918,0.6251320009016119,1.0687502114607852,-0.4436182105591733,42.29528386638405,26.767424964904784,30.868128651493187,22.66672127831638,0.3063950822288587,1.734893798828125,344134949.05,1.1796449129060058,0.42151326140208484,0.04162436993725147
2024-10-04,26.24127960205078,26.4856014251709,24.465038299560547,24.65347671508789,333503580,0.06440482635827016,0.06241579445748125,25.97628746032715,27.51759433746338,26.8129638671875,26.745153867661262,26.213831238668497,0.5313226289927648,0.9612646949671811,-0.4299420659744163,45.01855371514176,26.8129638671875,30.866435807796858,22.75949192657814,0.3023516505439234,1.724414552961077,351616015.15,0.948488025659829,0.8790823069003905,0.04394662810779873
2024-10-05,25.690710067749023,26.3914737701416,25.13379669189453,26.24127960205078,203836787,-0.020981047519448293,-0.021204277619038977,25.566639709472657,27.3576509475708,26.905614566802978,26.58293174459784,26.175081522304094,0.4078502222937459,0.8505818004324941,-0.4427315781387482,42.26344755511996,26.905614566802978,30.752173310138346,23.05905582346761,0.28592981838678216,1.7425945826939173,352060021.0,0.5789830564146902,0.44281110076570523,0.041918822288531825
2024-10-06,26.928571701049805,27.06745719909668,25.52190589904785,25.690710067749023,246688545,0.048183239390285904,0.0470584173613956,25.779050827026367,27.135058212280274,27.076081562042237,26.63610712251353,26.230895609618592,0.40521151289493673,0.7615077429249826,-0.35629623003004585,48.60702838921618,27.076081562042237,30.57744448826224,23.574718635822233,0.25863143588166315,1.7581277574811662,352729289.25,0.6993707427146979,0.9101385329986313,0.04278283826300554
2024-10-07,26.556774139404297,27.674049377441406,26.556774139404297,26.928571701049805,342346769,-0.013806805863045946,-0.013903006314125124,26.014162445068358,26.74580669403076,27.216000175476076,26.62390204818903,26.25503475997309,0.3688672882159416,0.6829796519831745,-0.31411236376723284,47.15975854864156,27.216000175476076,30.36506731947127,24.066933031480882,0.2314129279608669,1.7333570207868303,358583898.55,0.9547187433243438,0.0,0.04304375098538204
2024-10-08,26.33306884765625,27.14759063720703,26.074256896972656,26.556774139404297,279668835,-0.00842366209742762,-0.008459341648603647,26.35008087158203,26.44604434967041,27.300721073150633,26.579158478876295,26.260815062764436,0.31834341611185835,0.6100524048089113,-0.291708988697053,42.39040991421173,27.300721073150633,30.242158216321453,24.359283929979814,0.2154842090279899,1.6949021475655692,358328773.25,0.7804810996991295,0.24112905294096934,0.042540643890070486
2024-10-09,25.766281127929688,26.649261474609375,25.698360443115234,26.33306884765625,291046815,-0.021523800473297605,-0.021758815868803103,26.255081176757812,26.11568431854248,27.256249713897706,26.45410042488451,26.224182919443344,0.22991750544116485,0.5340254249353621,-0.30410791949419724,44.35333751456469,27.256249713897706,30.264874497421502,24.24762493037391,0.22076586581826968,1.6705308641706194,350369908.7,0.8306843931885867,0.07142771103471511,0.03871337999657438
2024-10-10,25.854782104492188,26.307537078857422,25.065065383911133,25.766281127929688,277816995,0.003434759409908228,0.00342887409637996,26.287895584106444,25.927267646789552,27.168992233276366,26.36189760636261,26.196819896113627,0.16507771024898332,0.46023588199808635,-0.295158171749103,35.91986016890938,27.168992233276366,30.236302951519505,24.101681515033228,0.2257949571266262,1.5875285012381417,337947289.05,0.8220719739488616,0.6356013721980038,0.037779415626268235
2024-10-11,27.41640853881836,27.536771774291992,25.75602149963379,25.854717254638672,275196332,0.060399906988767293,0.058646107719383,26.385462951660156,26.082256889343263,27.147429847717284,26.524130057509648,26.28715979557324,0.2369702619364098,0.41558275798575106,-0.17861249604934126,37.34661550255908,27.147429847717284,30.200683770369796,24.09417592506477,0.2249387098358593,1.5842887333461217,340960609.85,0.8071206000044054,0.9324086894661172,0.04027532130052062
2024-10-12,28.627531051635742,29.335399627685547,27.41640853881836,27.41640853881836,382332550,0.04417509722699742,0.04322719304779491,26.799614334106444,26.4068883895874,27.21194658279419,26.847730210452127,26.460520629355646,0.3872095810964815,0.4099081226078972,-0.022698541511415704,47.088839055936674,27.21194658279419,30.335798717856456,24.088094447731926,0.22959416927838905,1.6049906866891044,348664556.0,1.096562708828941,0.6311246120590808,0.041194086074200824
2024-10-13,29.171485900878906,29.30599021911621,28.322559356689453,28.627531051635742,324930237,0.019001109395778037,0.018822842950277783,27.367297744750978,26.858689308166504,27.300165843963622,27.2052310859024,26.661332871690703,0.5438982142116977,0.4367061409286574,0.10719207328304031,50.411016824916246,27.300165843963622,30.544552225841677,24.055779462085567,0.23768254012972787,1.5938543592180525,346838081.65,0.9368355269819895,0.8632295039656465,0.041346322742282476
2024-10-14,29.062816619873047,29.79548454284668,28.69758415222168,29.171606063842773,383950328,-0.003725188404015589,-0.003732144198140594,28.026604843139648,27.140843009948732,27.329218673706055,27.49101347574404,26.839220556741246,0.6517929190027942,0.4797234965434848,0.17206942245930945,55.943091920269225,27.329218673706055,30.628105115382894,24.030332232029217,0.24141827697772847,1.5681829452514648,348806034.75,1.1007559782478793,0.3326644816264316,0.040524583687384985
2024-10-15,28.191293716430664,29.498897552490234,27.613773345947266,29.062816619873047,525425043,-0.02998755815176013,-0.03044638091929932,28.493907165527343,27.390901374816895,27.374276161193848,27.598748897388138,26.93937412412565,0.6593747732624884,0.5156537518872856,0.14372102137520282,61.466837087489814,27.374276161193848,30.695456637426307,24.053095684961388,0.24264973851185231,1.4428661891392298,356211343.85,1.4750373677634914,0.30635666626917724,0.03993556619223126
2024-10-16,28.043020248413086,28.194528579711914,27.275114059448242,28.191293716430664,344052072,-0.005259548196298591,-0.005273428310056048,28.61922950744629,27.502346229553222,27.318702220916748,27.66709833600736,27.02112568888768,0.6459726471196809,0.5417175309337646,0.10425511618591632,63.58072459491926,27.318702220916748,30.55044917196456,24.086955269868938,0.23659593526177108,1.391270365033831,349340193.6,0.9848625446001356,0.8352121526126216,0.03680800399344614
2024-10-17,27.261091232299805,28.22910499572754,26.878782272338867,28.043020248413086,246289159,-0.027883195504147973,-0.028279312507026373,28.3459415435791,27.572777938842773,27.15929231643677,27.604635704667736,27.038900914325612,0.5657347903421233,0.5465209828154364,0.019213807526686888,63.23108222961486,27.15929231643677,30.035854876356478,24.28272975651706,0.2118289774567371,1.3674076625279017,340162812.5,0.7240331686756617,0.28312413803589215,0.0356128588211327
2024-10-18,28.100568771362305,28.13713836669922,27.111705780029297,27.2623233795166,182973906,0.03079398149945889,0.03032936110950795,28.13175811767578,27.74952793121338,27.097786140441894,27.680933099543825,27.117542977809812,0.5633901217340131,0.5498948105991518,0.013495311134861354,60.20936892092497,27.097786140441894,29.82772815199497,24.367844128888816,0.20148819519088282,1.2963269097464425,335373627.45,0.5455822730941452,0.96433738750292,0.035638553287208045
2024-10-19,28.108549118041992,28.41972541809082,27.74331283569336,28.100568771362305,130507026,0.0002839923541981815,0.0002839520360027522,27.94090461730957,27.98375473022461,27.049719524383544,27.746720179312774,27.190950840049233,0.5557693392635414,0.5510697163320297,0.0046996229315117155,64.11759831859851,27.049719524383544,29.664899704287965,24.434539344479123,0.19336098309980684,1.254808017185756,327683761.6,0.3982712642297744,0.5399607967883889,0.035597971588834404
2024-10-20,28.93516731262207,28.96370506286621,27.779827117919922,28.108549118041992,170244986,0.029408070516506957,0.028983948225705575,28.089679336547853,28.291793251037596,27.109530448913574,27.929558199821894,27.320152060239813,0.6094061395820809,0.5627370009820399,0.04666913860004096,62.30743349638207,27.109530448913574,29.843117813418964,24.375943084408185,0.20166984224656234,1.2289742061070033,316300270.35,0.5382385092861809,0.9758946772132139,0.03458455853449452
2024-10-21,27.74962615966797,29.278295516967773,27.405776977539062,28.93516731262207,307767782,-0.040972327553708165,-0.04183534899228792,28.031000518798827,28.32511501312256,27.20368595123291,27.901876347490518,27.35196495649375,0.549911390996769,0.5601718789849858,-0.010260487988216771,56.6523011674645,27.20368595123291,29.886249812642582,24.521122089823237,0.19722061681042857,1.2829201562064034,302110204.2,1.018726867617668,0.1836292528230557,0.0321760648302932
2024-10-22,27.603822708129883,28.186559677124023,27.273767471313477,27.74962615966797,287607240,-0.005254249217598539,-0.0052681013279506405,28.099546813964842,28.222744178771972,27.314816284179688,27.85602194143504,27.370621086244572,0.4854008551904663,0.5452176742260819,-0.05981681903561564,57.14885989032508,27.314816284179688,29.86012863177651,24.769503936582865,0.18636862288332712,1.2714529037475586,297107101.45,0.9680254648790388,0.36158857525238836,0.03181276504072269
2024-10-23,26.662872314453125,27.65413475036621,25.924089431762695,27.603822708129883,283121246,-0.03408768429017728,-0.03468221937623496,27.81200752258301,27.971882820129395,27.41528606414795,27.6724604603609,27.31819525129706,0.35426520906383985,0.5070271811936335,-0.1527619721297937,54.84017512572231,27.41528606414795,29.659053577264128,25.17151855103177,0.16368733179482975,1.3271060671125139,290965311.65,0.9730412343467405,0.4270309398695188,0.03213300730632089
2024-10-24,26.833412170410156,27.203475952148438,26.422611236572266,26.758743286132812,220372770,0.006396154695778478,0.0063757861059630045,27.55698013305664,27.748942375183105,27.44489269256592,27.543376108060787,27.282285393453584,0.261090714607203,0.45783988787634744,-0.19674917326914443,55.236671026782865,27.44489269256592,29.638500396667283,25.251284988464555,0.15985544040371147,1.2941341400146484,285308771.15,0.7724009644419234,0.5260846346142418,0.028886594804285903
2024-10-25,24.892988204956055,26.839845657348633,24.176481246948242,26.833412170410156,353648637,-0.07231372414104875,-0.07506166815989017,26.74854431152344,27.419111824035646,27.40500659942627,27.13562412296775,27.105300416527843,0.03032370643990845,0.37233665158905965,-0.3420129451491512,37.02319015542954,27.40500659942627,29.756258759972397,25.05375443888014,0.1715928913949141,1.357178006853376,292799363.65,1.2078190081817823,0.2690232521391489,0.032980430449653396
2024-10-26,25.386613845825195,25.61916160583496,24.59290885925293,24.892988204956055,185204600,0.01982990699247833,0.01963585554003198,26.275941848754883,27.153471183776855,27.32790870666504,26.86654561879197,26.9779903001795,-0.11144468138752828,0.2755803849937421,-0.3870250663812704,32.00552127176485,27.32790870666504,29.84052421648029,24.815293196849787,0.1838864098080397,1.2934109824044364,289725166.4,0.6392423630341558,0.7734010763739396,0.031319972127938966
2024-10-27,25.732751846313477,25.878721237182617,25.23799705505371,25.386613845825195,113629702,0.013634665993283113,0.013542550301521931,25.9017276763916,27.000637245178222,27.286707592010497,26.692115807641436,26.885750414707942,-0.1936346070665067,0.1817373865816923,-0.375371993648199,30.478361023747297,27.286707592010497,29.878345991783945,24.69506919223705,0.18995610892479203,1.2689319338117326,278289313.05,0.4083150041036044,0.7721806002296643,0.031398435043164835
2024-10-28,26.255901336669922,26.475894927978516,25.05948257446289,25.733036041259766,252758395,0.02033010279976688,0.02012620513507365,25.82033348083496,26.816170501708985,27.28284921646118,26.625005889030437,26.839094927445867,-0.21408903841543037,0.10257210158226776,-0.3166611399976981,34.7813740312763,27.28284921646118,29.8806878937257,24.68501053919666,0.19043749108851185,1.2916827883039201,276943791.05,0.9126703799413451,0.8446825183292275,0.03170244703703451
2024-10-29,26.848377227783203,27.1206111907959,26.18859100341797,26.255765914916992,266070222,0.02256543713796666,0.02231460408803165,25.82332649230957,26.690153312683105,27.336954021453856,26.659370710377015,26.839782505248632,-0.18041179487161685,0.04597532229149083,-0.22638711716310767,42.491739126818295,27.336954021453856,29.84533483953729,24.82857320337042,0.18351575059275985,1.2236039297921317,275694961.4,0.9650891719198464,0.7079097923214793,0.03163536998349858
2024-10-30,26.1982421875,26.865835189819336,26.02806854248047,26.848377227783203,242724462,-0.024215059061760802,-0.024513064248444613,26.08437728881836,26.4164608001709,27.35412702560425,26.58842786070363,26.792261000230216,-0.2038331395265871,-0.003986370072124769,-0.19984676945446234,40.23388314809052,27.35412702560425,29.82419247832485,24.88406157288365,0.1805991067021476,1.2177719388689314,273940334.75,0.8860486434811148,0.2031277367376748,0.032193378905122055
2024-10-31,25.01712417602539,26.199106216430664,24.685976028442383,26.1982421875,228654285,-0.04508386490289629,-0.046131759009762185,26.010479354858397,26.14321060180664,27.2341628074646,26.346688832291594,26.66076938362245,-0.3140805513308571,-0.06600520632387126,-0.24807534500698586,38.602334899349536,27.2341628074646,29.915509127891287,24.552816487037912,0.19691050093096737,1.2294010434831892,271613232.4,0.8418377962648922,0.21884973812780417,0.030576738145406023
2024-11-01,24.79058074951172,25.67954444885254,24.431753158569336,25.01712417602539,258046918,-0.009055534318000213,-0.009096784888367928,25.822045135498048,25.861886405944823,27.0423152923584,26.107287588786996,26.52223689220684,-0.4149493034198457,-0.13579402574306618,-0.2791552776767795,32.07142967833916,27.0423152923584,29.849981292769197,24.2346492919476,0.20764982362321516,1.245283808026995,265398950.8,0.9722981843830257,0.2875701977253264,0.028390381745519274
2024-11-02,24.088130950927734,25.0036678314209,24.00838851928711,24.79058074951172,136177246,-0.028335350659254743,-0.028744545017985602,25.388491058349608,25.604412269592284,26.78814754486084,25.796648106039417,26.34193274840839,-0.5452846423689728,-0.21769214906824752,-0.32759249330072526,29.74704962328687,26.78814754486084,29.702576531903887,23.873718557817796,0.21759093137458568,1.2680600030081612,255961301.25,0.5320227914726621,0.08012065544541247,0.028099651835146337
2024-11-03,23.538249969482422,24.17119789123535,22.63079261779785,24.088130950927734,272834544,-0.022827880775205367,-0.023092471294161712,24.72646560668945,25.27489604949951,26.511919212341308,25.4492022388768,26.13425254256202,-0.6850503036852196,-0.31116377999164196,-0.3738865236935776,22.03314779953969,26.511919212341308,29.56263717920392,23.461201245478694,0.23013935297769791,1.2935262407575334,250405512.05,1.0895708395808852,0.5891029857152456,0.028230032805701938
2024-11-04,22.70597267150879,23.885709762573242,22.380149841308594,23.538249969482422,257203289,-0.0353585036717976,-0.03599875306439348,24.02801170349121,25.056194496154784,26.237653160095213,25.027166920820182,25.880305885446965,-0.8531389646267833,-0.41955881691867025,-0.43358014770811304,22.8704890197547,26.237653160095213,29.620836760034095,22.854469560156332,0.2578876684812922,1.2673149108886719,236994424.35,1.0852714771895013,0.21641305897833565,0.028453819368590857
2024-11-05,23.99547576904297,24.422250747680664,22.615318298339844,22.70597267150879,254877588,0.05679136129465334,0.05523729979311045,23.823682022094726,24.917080688476563,26.03527593612671,24.86844520516215,25.74068883978741,-0.87224363462526,-0.5100957804599883,-0.36214785416527173,32.71733861633322,26.03527593612671,29.447854891465276,22.62269698078814,0.26215039653973876,1.3311820711408342,232535700.15,1.0960793883932147,0.7638124289419288,0.03217944871201417
2024-11-06,27.033344268798828,27.27164649963379,23.99547576904297,23.99547576904297,622787876,0.12660171979899104,0.11920577401644776,24.27223472595215,25.0471399307251,26.02388858795166,25.201506599567793,25.836441093788256,-0.6349344942204631,-0.5350635232120833,-0.09987097100837983,51.47761703158382,26.02388858795166,29.420728471474213,22.627048704429107,0.26105551997292176,1.441619600568499,251360636.0,2.4776666940005674,0.9272619592494176,0.04351500666520807
2024-11-07,27.383121490478516,27.99321174621582,26.610122680664062,27.033344268798828,480668334,0.012938732929295371,0.012855742617463728,24.931232833862303,25.159861946105956,25.988016223907472,25.537139659707904,25.95101001206161,-0.4138703523537046,-0.5108248890404076,0.09695453668670295,52.161594500514056,25.988016223907472,29.306771622895212,22.669260824919732,0.25540659744045235,1.484635625566755,266245357.4,1.8053585560850045,0.5588930051421884,0.04304041266493499
2024-11-08,28.776140213012695,28.776256561279297,27.177440643310547,27.383121490478516,437139762,0.05087143637070568,0.049619759360835076,25.97881088256836,25.352638244628906,26.021395778656007,26.03544743713941,26.160278915835764,-0.12483147869635403,-0.4336262069715968,0.3087947282752428,65.95646127386466,26.021395778656007,29.441824941386972,22.600966615925042,0.26289359662532513,1.4085964475359236,281576994.2,1.5524697365350313,0.9999272222245438,0.044545107768300105
2024-11-09,30.41794776916504,30.431133270263672,28.60061264038086,28.776140213012695,441332769,0.057054474436078584,0.05548624239652703,27.52120590209961,25.77460880279541,26.095534801483154,26.709678257451046,26.475661793860155,0.23401646359089057,-0.30009767285909933,0.53411413644999,68.89185896313884,26.095534801483154,29.831604149734208,22.3594654532321,0.28633782573704614,1.4660441534859794,295131383.35,1.4953772926162106,0.9927968519931701,0.045847281318025616
2024-11-10,31.9826717376709,33.229583740234375,29.7810115814209,30.417957305908203,968497492,0.05144081317977789,0.050161426587590166,29.118645095825194,26.47116355895996,26.3071870803833,27.520908023638718,26.883588456364652,0.6373195672740657,-0.11261422483246628,0.749933792106532,71.49995328319413,26.3071870803833,30.8337855865676,21.780588574199,0.3441339807523311,1.666604723249163,328167868.85,2.9512258326627454,0.6384265859825425,0.04578872825339908
2024-11-11,35.75919723510742,35.76188278198242,30.787403106689453,31.9826717376709,1369370972,0.11808036327960458,0.11161325343723208,30.863815689086913,27.568025207519533,26.714955806732178,28.788337133095443,27.541040958493745,1.247296174601697,0.15936785505436646,1.0879283195473306,76.71250223834426,26.714955806732178,32.89917463587608,20.530736977588276,0.46297803177241087,1.9207523890904017,382256055.45,3.5823395142503296,0.9994601331104156,0.05180594779190347
2024-11-12,34.04673385620117,37.64361572265625,32.81562042236328,35.75919723510742,1838315195,-0.047888753420476604,-0.04907339536710158,32.19653816223145,28.563885498046876,27.08414888381958,29.597321244342474,28.022944136101703,1.5743771082407712,0.4423697056916476,1.1320074025491236,69.03512114953608,27.08414888381958,34.08321435700396,20.0850834106352,0.5168385023437612,2.19903632572719,460015752.9,3.996200528810195,0.2549947451716114,0.05257015025283492
2024-11-13,33.13338851928711,35.03453826904297,31.27214241027832,34.04597091674805,1511749059,-0.026826224822963707,-0.02719261543848081,33.06798782348633,29.523399353027344,27.399147701263427,30.14133159433396,28.401495571893214,1.7398360224407448,0.701862969041467,1.0379730533992777,68.08731103409275,27.399147701263427,34.89979755778524,19.898497844741613,0.5475097209812804,2.4079384122576033,524584567.35,2.8818023881960086,0.4946970425044385,0.05332827113988928
2024-11-14,31.160669326782227,34.677459716796875,30.800182342529297,33.13338851928711,852265512,-0.05953870946089779,-0.061384789472874506,33.216532135009764,30.368869018554687,27.712531757354736,30.298152783941383,28.605878812996103,1.6922739709452799,0.8999451694222298,0.7923288015230501,65.38740345093892,27.712531757354736,35.29558519691376,20.12947831779571,0.5472652954233624,2.57680606842041,549515411.1,1.550940146144338,0.09297425706905571,0.052333577976035335
2024-11-15,33.146217346191406,33.23571014404297,30.66400718688965,31.1600399017334,675943240,0.06371968453522991,0.061771901825067456,33.44924125671387,31.28394317626953,28.100511932373045,30.736316562749078,28.942200185825385,1.794116376923693,1.0787794109225224,0.7153369660011706,69.2332008258129,28.100511932373045,35.97107394122672,20.229949923519367,0.5601721440374499,2.671371187482561,574052343.1,1.1774940876467264,0.9652009547779835,0.05356071230394935
2024-11-16,35.11469268798828,35.61139678955078,32.88078689575195,33.09737014770508,833850531,0.05938763151274218,0.05769103506744407,33.32034034729004,32.092078018188474,28.569608974456788,31.409912889708956,29.399421852652264,2.010491037056692,1.2651217361493563,0.7453693009073357,73.98336815103643,28.569608974456788,36.94794819239786,20.19126975651572,0.5865210983763821,2.795323371887207,610063384.55,1.3668260579432607,0.8180977404090256,0.054479990602900735
2024-11-17,34.73808670043945,37.18247604370117,33.22418212890625,35.11469268798828,1172065142,-0.010725025871510918,-0.010782953517460612,33.458610916137694,32.82757453918457,28.993718242645265,31.92193962982134,29.794878508043908,2.1270611217774302,1.4375096132749712,0.689551508502459,74.54526423715114,28.993718242645265,37.73000914821779,20.257427337072738,0.6026333588854978,2.968029703412737,656028721.9,1.7866064440066707,0.3824639100320571,0.05482254097478132
2024-11-18,35.448455810546875,36.10569763183594,34.25575256347656,34.73808670043945,890069195,0.020449287153700313,0.020243007916065724,33.92162437438965,33.494806098937985,29.423722171783446,32.46448058070219,30.213662011933017,2.2508185687691693,1.6001714043738111,0.6506471643953582,78.07610936616545,29.423722171783446,38.55315728033777,20.294287063229124,0.6205493006801978,2.992628642490932,687228670.55,1.2951572498971318,0.6447235980259814,0.05481018671276085
2024-11-19,34.27410888671875,35.61479187011719,33.637908935546875,35.447792053222656,664506765,-0.03312829563308439,-0.03368946620162076,34.54431228637695,33.88042221069336,29.827515506744383,32.74288493547397,30.51443585450974,2.2284490809642286,1.7258269396918946,0.502622141272334,72.76290550049075,29.827515506744383,39.06995571385335,20.585075299635413,0.6197257833974898,3.004767962864467,708317785.7,0.9381477896157817,0.3218197379461721,0.055183989912135224
2024-11-20,33.58571243286133,35.6959342956543,32.864009857177734,34.27379608154297,768090737,-0.020085028501621416,-0.020289474858878404,34.63221130371094,34.040726280212404,30.25594491958618,32.87255070430279,30.741937823276523,2.1306128810262663,1.8067841279587689,0.3238287530674975,66.19618453382355,30.25594491958618,39.352745673691544,21.15914416548082,0.6013231963690249,2.973036084856306,735289608.3,1.0446098086111086,0.25484527882508823,0.054024071074096215
2024-11-21,35.82438659667969,36.15217208862305,32.43586730957031,33.58573913574219,919488029,0.06665555087728214,0.06452810003072364,34.77415008544922,34.04724521636963,30.80763521194458,33.32667930313001,31.118415510195277,2.20826379293473,1.8870800609539613,0.32118373198076866,69.08318850938383,30.80763521194458,39.8469769140528,21.768293509836354,0.5868247685952563,3.1396943501063754,768361663.85,1.1966864983772836,0.9117980035144237,0.054809719364468934
2024-11-22,43.08974075317383,43.26362991333008,35.27197265625,35.824562072753906,1853305714,0.20280470502647807,0.18465608385261914,36.444480895996094,34.9515459060669,31.757715702056885,34.828688756982906,32.005180343008504,2.8235084139744018,2.0743657315580495,0.7491426824163523,75.56972194522969,31.757715702056885,41.76577968954352,21.74965171457025,0.6302760615013903,3.5963258743286133,854218087.25,2.1695931538588478,0.9782411627094484,0.06708387290859118
2024-11-23,41.489986419677734,45.04686737060547,40.9155158996582,43.0897216796875,1929765400,-0.03712610717849962,-0.0378328281769923,37.65278701782226,35.78720569610596,32.65530252456665,35.85350378201288,32.70775857090993,3.1457452111029482,2.288641627467029,0.8571035836359191,69.80877922338505,32.65530252456665,42.778861520211784,22.531743528921517,0.6200254300525411,3.760670934404646,937064630.05,2.059372788296397,0.13905147568993878,0.06776626734072598
2024-11-24,42.04306411743164,42.97882843017578,38.77802276611328,41.489986419677734,1401619979,0.013330389944200993,0.013242322085474137,39.20657806396484,36.875445175170896,33.62215709686279,36.805743833615765,33.3992626854671,3.4064811481486643,2.5122095316033564,0.894271616545308,68.67486080800927,33.62215709686279,43.433593709597055,23.81072048412853,0.5836292171539312,3.8144018990652904,994285464.55,1.409675620305235,0.7772417018663982,0.0661187934520703
2024-11-25,41.39607620239258,47.630340576171875,40.27899932861328,42.04306411743164,2198820064,-0.015388695582033263,-0.015508330495053973,40.76865081787109,37.70043106079102,34.492187118530275,37.51194881342758,33.99161924227639,3.520329571151187,2.713833539512923,0.8064960316382641,61.839139343441396,34.492187118530275,43.78142424121507,25.20294999584548,0.5386284778499493,3.984177725655692,1091482588.35,2.0145260102810876,0.15195551867908824,0.06673271322444221
2024-11-26,42.77906036376953,43.26472091674805,38.65792465209961,41.39488983154297,1538218514,0.03340858091514054,0.03286264041218446,42.159585571289064,38.46686782836914,35.27947292327881,38.32227366732634,34.64254080683144,3.6797328604949016,2.907013403709319,0.7727194567855826,68.59790616581034,35.27947292327881,44.57597710819141,25.98296873836621,0.5270205824859925,3.9683777945382253,1137254120.25,1.352572381678298,0.8945773735098416,0.06273948681456677
2024-11-27,43.91240692138672,44.36920166015625,42.08385467529297,42.77759552001953,1220290175,0.026493021304812014,0.026148158919705042,42.32411880493164,39.38429985046387,36.10593719482422,39.182294167951014,35.32919755605776,3.853096611893257,3.0962300453461067,0.7568665665471501,72.74376957120586,36.10593719482422,45.38560395844233,26.82627043120611,0.5140244228280743,3.862874303545271,1174235212.3,1.0392212413812656,0.8001201787753642,0.0626758393797601
2024-11-28,42.84018325805664,44.15614318847656,41.619895935058594,43.91267776489258,709342516,-0.024417328461398213,-0.024720374648667044,42.59415817260742,40.12347259521484,36.80913934707642,39.745046335659566,35.88556686731693,3.8594794683426343,3.2488799299454127,0.6105995383972216,75.61730107193551,36.80913934707642,45.87924412584787,27.739034568304966,0.492818084837501,3.7670864377702986,1187845350.0,0.5971673972541964,0.4811389412219726,0.06333871790828072
2024-11-29,44.924110412597656,45.03740692138672,42.60918045043945,42.84017562866211,755020169,0.04864421662223184,0.047498107559128123,43.17036743164063,41.188472747802734,37.534447479248044,40.54182542441927,36.555088611411804,3.986736813007468,3.3964513065578243,0.5902855064496437,75.72207498522909,37.534447479248044,46.77111686293469,28.297778095561398,0.4921702598016605,3.756838117327009,1203529720.0,0.6273382006719369,0.9533418650698247,0.06312047709261544
2024-11-30,44.89286804199219,46.19083023071289,43.76329040527344,44.924110412597656,738899863,-0.0006954477299278006,-0.0006956896658760385,43.86972579956055,42.31918830871582,38.17995729446411,41.211216596353566,37.17270190256591,4.038514693787654,3.5248639840037908,0.5136507097838634,73.32881553627088,38.17995729446411,47.58591030367376,28.774004285254463,0.49271679047024286,3.7351902553013394,1192049838.55,0.6198565186660249,0.46531785811632814,0.06289350764722194
2024-12-01,45.09182357788086,45.69475173950195,43.87283706665039,44.8926887512207,737035871,0.004431784926339999,0.004421993485903329,44.332278442382815,43.245932006835936,38.64658861160278,41.808233055050074,37.7593035081448,4.048929546905278,3.6296770965840883,0.4192524503211894,74.9131765009111,38.64658861160278,48.46387403966927,28.82930318353629,0.5080544379598394,3.5825917380196706,1160433083.5,0.6351386232259209,0.6690689320987177,0.058432795775417885
2024-12-02,52.31305694580078,52.335689544677734,45.0889892578125,45.09349060058594,3304021551,0.16014507276352852,0.14854506002576212,46.01240844726563,44.168263626098636,39.55990476608277,43.42435980747326,38.83735931834154,4.587000489131718,3.821141775093615,0.765858714038103,80.89829497786008,39.55990476608277,50.86180453731143,28.258004994854108,0.5713815459393371,3.968074253627232,1233718401.3,2.67810024355515,0.9968768393958912,0.06512370760622191
2024-12-03,50.999488830566406,53.75947570800781,48.54588317871094,52.314552307128906,2337355056,-0.025109756376793357,-0.02543038496370522,47.64426956176758,45.1192138671875,40.45320978164673,44.589764272564516,39.738257800728576,4.85150647183594,4.02721471444208,0.8242917573938602,80.48769090713378,40.45320978164673,52.42102234232881,28.485397220964643,0.5916866733334856,4.1992677961077005,1274998701.15,1.833221519278251,0.4706170713115167,0.06505488232696181
2024-12-04,52.81734085083008,55.697444915771484,50.95130157470703,50.999488830566406,1899587373,0.035644514522548354,0.03502395225355314,49.22291564941406,46.196641540527345,41.536043357849124,45.85554528460538,40.70707876740276,5.148466517202614,4.2514650749941865,0.8970014422084276,83.66978253732192,41.536043357849124,53.876864886263405,29.195221829434843,0.5942222961437765,4.3359977177211215,1327364794.2,1.4310966972307544,0.39316959857618633,0.06206053879839165
2024-12-05,50.81978225708008,53.55107879638672,49.934574127197266,52.811988830566406,1436459355,-0.03782012804074375,-0.03855386870584381,50.40829849243164,47.13901214599609,42.419721603393555,46.61927404960149,41.45616791478627,5.163106134815223,4.433793286958394,0.7293128478568294,76.47673017161517,42.419721603393555,54.7620859046811,30.07735730210601,0.5819163273480873,4.328869138445173,1365390599.95,1.0520501276723324,0.24476897126017524,0.06316447315742983
2024-12-06,52.589290618896484,53.47829818725586,49.927711486816406,50.453609466552734,1051746898,0.03481928263417311,0.03422680532134645,51.90779190063476,48.12003517150879,43.29345149993897,47.53773813718534,42.28084367064629,5.256894466539052,4.598413522874526,0.658480943664526,70.81206370091938,43.29345149993897,55.9290311855218,30.657871814356135,0.5837178255746436,4.011649812970843,1376285418.3,0.7641924298661299,0.7496167110225725,0.06266354089995077
2024-12-07,51.6760368347168,53.04301834106445,51.337581634521484,52.589290618896484,597601547,-0.017365774921701216,-0.017518328714042092,51.78038787841797,48.8963981628418,44.14034900665283,48.1743994752671,42.97678390502188,5.197615570245219,4.718253932348665,0.47936163789655417,73.0081757843614,44.14034900665283,56.63121863008616,31.649479383219507,0.5659615252045561,3.8383701869419644,1347562238.55,0.44346860568238355,0.19845661636825976,0.06286399163118492
2024-12-08,53.933502197265625,54.33829879760742,50.4936408996582,51.74533462524414,814725035,0.04368495536469297,0.042757677027599826,52.367190551757815,50.005730056762694,45.06460132598877,49.06041527865149,43.788392667410314,5.2720226112411765,4.829007668127168,0.4430149431140089,74.93788743845349,45.06460132598877,57.583014365204974,32.54618828677256,0.5555763357878342,3.8129310607910156,1343795030.55,0.6062866854527229,0.894711930155128,0.0630524427224734
2024-12-09,45.23026657104492,54.174991607666016,41.21001052856445,54.111263275146484,1930934570,-0.1613697474046465,-0.17598536977649834,50.84977569580078,50.036345672607425,45.61240921020508,48.471161631327405,43.895198141753625,4.57596348957378,4.7783988324164905,-0.20243534284271014,56.010389600449116,45.61240921020508,57.055324804610606,34.16949361579955,0.5017457219446917,4.213905334472656,1407116420.8,1.3722635465388069,0.3100857621658946,0.07453093509546917
2024-12-10,44.63996505737305,46.40791320800781,41.448299407958984,45.230770111083984,1441194376,-0.013051028844693335,-0.013136941842332125,49.61381225585937,50.011055374145506,46.16512184143066,47.88174677379597,43.95036606142914,3.931380712366824,4.608995208406557,-0.677614496039733,52.991454983117364,46.16512184143066,56.1351917285336,36.195051954327724,0.43193083823534273,4.239106587001255,1440771602.75,1.000293435301746,0.6435310835991563,0.07436545229557263
2024-12-11,48.37092590332031,48.3787727355957,42.932987213134766,44.64183044433594,865434227,0.08357893741968847,0.08026939344270373,48.77013931274414,50.338965606689456,46.79244880676269,47.9570051014151,44.27781493860626,3.679190162808837,4.423034199287013,-0.7438440364781762,56.61476084345737,46.79244880676269,55.52502397538056,38.05987363814482,0.37324719655859484,4.46485219682966,1438068912.65,0.6018030286220581,0.9985590981817742,0.07505465108714193
2024-12-12,53.11970138549805,55.19392013549805,48.326263427734375,48.374534606933594,1824782725,0.09817416957593861,0.09364895489392196,49.05887222290039,50.41963005065918,47.29394683837891,48.7512660681971,44.93276949022788,3.8184965779692206,4.302126675023454,-0.48363009705423377,63.750819523561866,47.29394683837891,56.27953706717969,38.30835660957813,0.37998901886991593,4.774238586425781,1436642763.2,1.2701715219275884,0.6979728537340999,0.06436020613387405
2024-12-13,52.70176315307617,53.9354248046875,50.96235656738281,53.12007522583008,948118176,-0.00786785733957407,-0.007898972241663362,48.8125244140625,50.589857482910155,47.85453567504883,49.35903485048618,45.508250502290714,3.850784348195468,4.211858209657857,-0.36107386146238873,60.88945673768729,47.85453567504883,56.71357536086128,38.99549598923638,0.3702486947514786,4.813155855451312,1387560402.0,0.6832986691126401,0.5850543751460343,0.06349958617893775
2024-12-14,49.83277130126953,53.73722457885742,49.459877014160156,52.70176315307617,706207493,-0.05443825178056072,-0.05597608553913322,49.73302536010742,50.2914005279541,48.244021034240724,49.43191738137593,45.82858537628915,3.6033320050867843,4.090152968743642,-0.4868209636568581,56.407204519181846,48.244021034240724,56.70319248007592,39.78484958840553,0.3506826862475407,4.945284979684012,1352789777.7,0.5220378691807437,0.08717886040293722,0.06531724812404557
2024-12-15,50.754615783691406,51.267032623291016,48.164695739746094,49.830623626708984,755577878,0.018498760120097657,0.01832973932521729,50.955955505371094,50.28488388061523,48.711948013305665,49.635409443270625,46.193476517578205,3.44193292569242,3.960508960133398,-0.518576034440978,57.20961740145528,48.711948013305665,56.591677327169144,40.83221869944219,0.32352347361313205,5.036743709019253,1280627668.4,0.5900058983920045,0.8348287541995189,0.06504725727065074
2024-12-16,48.99325942993164,51.91432571411133,48.47699737548828,50.75556945800781,862749862,-0.03470337281768432,-0.03531983919529449,51.08042221069336,49.92528076171875,49.02265796661377,49.53661713352617,46.4008678444192,3.1357492891069683,3.795557025928112,-0.6598077368211439,45.09088849635477,49.02265796661377,56.39082996776732,41.654485965460225,0.30060271338904315,4.764645712716239,1246854235.8,0.6919412367769253,0.15019282479957663,0.06566236694603421
2024-12-17,47.83877182006836,50.80573654174805,47.606895446777344,48.99325942993164,743674965,-0.023564213185578886,-0.02384628933816653,50.02423629760742,49.5415542602539,49.218976211547854,49.27541016222497,46.507379250022844,2.7680309122021285,3.5900518031829156,-0.8220208909807871,45.304033486014795,49.218976211547854,56.213611857303036,42.22434056579267,0.2842251580240747,4.620734895978655,1223023475.3,0.6080627069055901,0.07248761838488983,0.06590858205961493
2024-12-18,42.80390930175781,48.16446304321289,42.76815414428711,47.83876037597656,1142828284,-0.10524648369418266,-0.11120699941266245,48.04466552734375,48.428594970703124,49.21716251373291,48.27979464523002,46.233048142743954,2.046746502486066,3.2813907430435463,-1.2346442405574805,36.42082353419536,49.21716251373291,56.21877774472679,42.215547282739024,0.2845192560233535,4.66717529296875,1244697763.7,0.9181572565879914,0.006625854463513421,0.07023162059093542
2024-12-19,38.91089630126953,43.527671813964844,37.68978500366211,42.80350875854492,1306741716,-0.09094994041416704,-0.0953551152694915,45.86029052734375,47.796657943725585,48.9165018081665,46.838425669236095,45.69066652485696,1.1477591443791368,2.854664423310665,-1.706905278931528,34.64003574790797,48.9165018081665,57.10941678270876,40.72358683362424,0.3349755060847165,4.825845445905413,1272283841.05,1.0270834807754552,0.2091700876009958,0.07229180912224913
2024-12-20,39.81724548339844,40.29148864746094,33.67742156982422,38.90713882446289,1322742516,0.023292940237394033,0.023025800071230573,43.67281646728516,47.314385986328126,48.662720680236816,45.75824410218414,45.25559829956373,0.5026458026204139,2.3842606991726147,-1.8816148965522008,33.15159690503252,48.662720680236816,57.65578297370026,39.66965838677337,0.3696078709843184,5.044665472848075,1301475973.7,1.0163403264676034,0.928297798044871,0.07255955650644114
2024-12-21,37.401676177978516,42.29633712768555,36.98344039916992,39.81724548339844,676474348,-0.06066640914241739,-0.06258460103525432,41.35449981689453,46.217461013793944,48.278213310241696,44.472618267690976,44.673826290557415,-0.2012080228664388,1.867166954764804,-2.068374977631243,31.887697215363985,48.278213310241696,58.48924917224344,38.06717744823995,0.42300802626577666,5.302341188703265,1298447897.55,0.5209869023442665,0.0787208559459872,0.07363894662876598
2024-12-22,36.51603317260742,38.474857330322266,35.5992317199707,37.4013671875,512824679,-0.023679233015031165,-0.023964091866455584,39.089952087402345,44.557094192504884,47.48836212158203,43.24852825306274,44.06954531885741,-0.8210170657946705,1.3295301506529091,-2.1505472164475794,27.10236064259034,47.48836212158203,58.77273952859791,36.20398471456615,0.47524811987093035,5.2331245967320035,1158888053.95,0.44251442341826547,0.31881808471460005,0.062317887883985776
2024-12-23,39.02850341796875,39.562156677246094,35.69780731201172,36.519954681396484,789241250,0.06880457779970639,0.06654080691205447,38.33487091064453,43.18976821899414,46.88981285095215,42.59929366304828,43.69613480768047,-1.0968411446321937,0.8442558915958885,-1.9410970362280824,40.26183440299583,46.88981285095215,58.64993769709382,35.129688004810475,0.5016068152595695,4.583079474312918,1081482363.65,0.7297772728686143,0.8619034622755927,0.06506564160694286
2024-12-24,41.21257781982422,41.89959716796875,37.72718048095703,39.02867889404297,650595703,0.05596100825249484,0.05445126059904266,38.79520721435547,42.32774887084961,46.30957469940186,42.38595276409073,43.512167623394824,-1.126214859304092,0.4501617414158923,-1.5763766007199842,44.87475663523722,46.30957469940186,57.98311140286762,34.63603799593609,0.504152187932598,4.526851109095982,1019032780.15,0.638444332383727,0.8353425824806583,0.06598772885700419
2024-12-25,40.24849319458008,41.80654525756836,39.8733024597168,41.21100616455078,392462926,-0.02339297069596058,-0.023670929649537212,38.881456756591795,41.277136611938474,45.78101024627686,42.05711283031986,43.27041396200114,-1.213301131681284,0.11746916679645696,-1.330770298477741,36.7581094838625,45.78101024627686,57.55159409994071,34.010426392613006,0.5142124994771645,4.2759552001953125,966832958.7,0.40592630036909805,0.19407326039931608,0.065748271815842
2024-12-26,37.28079605102539,40.621952056884766,37.010440826416016,40.24665832519531,504900895,-0.07373436638254871,-0.07659422411487139,38.85728073120117,40.10589027404785,45.0155855178833,41.32229486427456,42.82673856118812,-1.5044436969135617,-0.20691340594554689,-1.2975302909680149,22.586028948426204,45.0155855178833,56.91233447364389,33.118836562122716,0.5285613335423295,4.043373380388532,939490658.55,0.5374198140290812,0.07485930587171168,0.06637698066344115
2024-12-27,36.48052215576172,38.94218444824219,36.32023239135742,37.28119659423828,472646946,-0.02146611607135096,-0.021699864305445286,38.85017852783203,38.97006530761719,44.25580978393555,40.577406755272584,42.356648457082464,-1.7792417018098803,-0.5213790651184137,-1.2578626366914665,22.29100904283942,44.25580978393555,56.301516869746195,32.2101026981249,0.5443672658853088,4.0182936532156805,933242928.5,0.5064564986950233,0.06113375085256339,0.0663913226764321
2024-12-28,37.66184616088867,38.02265548706055,36.30048370361328,36.481170654296875,315276472,0.03238232172453648,0.03186906524083589,38.576847076416016,38.45585899353027,43.4422269821167,40.12885897152121,42.00888532403107,-1.8800263525098586,-0.7931085225967028,-1.0869178299131557,27.937673244931943,43.4422269821167,54.92039681141197,31.964057152821432,0.5284337671740603,3.8357810974121094,908270500.35,0.3471173751415563,0.7904916701430558,0.06591090759088084
2024-12-29,35.826663970947266,37.68271255493164,35.51964569091797,37.66184616088867,338847922,-0.04872788715937193,-0.04995512398903931,37.499664306640625,38.14743576049805,42.972046852111816,39.46698281758676,41.55094300158042,-2.0839601839936606,-1.0512788548760945,-1.032681329117566,23.807290797234913,42.972046852111816,54.903280915480046,31.040812788743587,0.5553021062473258,3.768690381731306,828666167.95,0.40890763386450374,0.14193656410613423,0.05701852192386314
2024-12-30,35.90605545043945,37.08730697631836,34.870948791503906,35.826637268066406,608777704,0.0022159886155341812,0.0022135369340262425,36.6311767578125,37.75631675720215,42.53535137176514,38.91914783802564,41.13280318297739,-2.2136553449517535,-1.2837541528912264,-0.9299011920605271,25.59670746766365,42.53535137176514,54.84294739427889,30.22775534925139,0.5786996286897257,3.6814782278878346,787045334.35,0.7734976340375278,0.46703040210619157,0.05707825047898652
2024-12-31,35.6909294128418,37.14768600463867,34.9591064453125,35.90605545043945,342457823,-0.005991358139982528,-0.006009378339193378,36.31320343017578,37.585242080688474,41.90135154724121,38.42249884953582,40.72970142222661,-2.307202572690791,-1.4884438368511395,-0.8187587358396515,26.52596376348373,41.90135154724121,54.24953219816396,29.553170896318463,0.5893929524922809,3.6093166896275113,760896514.15,0.4500714836137221,0.33438261865645275,0.05275970313999371
2025-01-01,37.69343948364258,37.869911193847656,34.960540771484375,35.6909294128418,334807162,0.05610697462196845,0.054589481878745356,36.55578689575195,37.70298271179199,41.13003845214844,38.31033587016763,40.50479313047964,-2.1944572603120136,-1.6296465215433142,-0.5648107387686994,38.81378318489118,41.13003845214844,52.40857053861007,29.85150636568681,0.5484328491247736,3.431678227015904,686397736.0,0.4877742807706464,0.9393436744107796,0.04874866733971576
2025-01-02,39.22916030883789,40.50159454345703,37.689964294433594,37.69344711303711,522067297,0.04074239035314764,0.03993429537094709,36.869249725341795,37.72304840087891,40.45640830993652,38.451693476116894,40.410301810358035,-1.9586083342411413,-1.6954388840828798,-0.26316945015826154,50.77680629273524,40.45640830993652,50.34907526355328,30.56374135631976,0.48905314964339125,3.215517044067383,665095192.05,0.7849512419280164,0.5474389847187465,0.05035341487604696
2025-01-03,41.88275146484375,42.138099670410156,38.909671783447266,39.22829818725586,617233780,0.06764333304906445,0.06545372694244424,38.080467224121094,37.79006576538086,40.05890731811523,38.97954855130564,40.519372155134754,-1.539823603829113,-1.6643158280321264,0.12449222420301331,54.64520694188455,40.05890731811523,48.95380489147234,31.164009744758125,0.44409087360876176,2.9736856733049666,660646506.4,0.9342875108254717,0.9209063284930036,0.05247522363198311
2025-01-04,42.681068420410156,42.823604583740234,40.997947692871094,41.882179260253906,451368108,0.01906075717677025,0.01888137677791821,39.43546981811524,38.03332328796387,39.65522994995117,39.54901314655248,40.67949780441441,-1.1304846578619276,-1.5575495939980868,0.42706493613615915,62.80448280551903,39.65522994995117,47.124953462158004,32.18550643774434,0.37673333487836863,2.7245971134730746,645436017.9,0.6993227763591159,0.9219260895833051,0.05248992743187893
2025-01-05,43.0792350769043,43.1455192565918,41.28764724731445,42.680877685546875,394208895,0.009328882130414051,0.009285636854845979,40.91313095092774,38.613167190551756,39.35952873229981,40.09212421276045,40.857256120895144,-0.7651319081346912,-1.3990660568254079,0.6339341486907166,66.30371828150017,39.35952873229981,45.64754384452351,33.071513620076104,0.31951678867859706,2.651900427682059,622008969.55,0.6337672192817336,0.9643225211426121,0.05220249179123137
2025-01-06,44.097415924072266,44.97941970825195,42.07746505737305,43.0792350769043,676573179,0.023635072566871917,0.02336008865443799,42.19392623901367,39.374856567382814,39.1724609375,40.708322937577655,41.09726795816752,-0.38894502058986546,-1.1970418495782995,0.808096828988434,63.60150895746451,39.1724609375,44.555886011369545,33.78903586363045,0.27485763952685266,2.58315794808524,618653880.25,1.0936214911100124,0.6960656187810468,0.052390097555851695
2025-01-07,39.26634216308594,44.52291488647461,39.26327896118164,44.09754943847656,718791551,-0.10955457728644602,-0.11603346649272459,42.20136260986328,39.53530616760254,38.995582580566406,40.48647974150201,40.961643825198514,-0.4751640836965052,-1.0526662964019406,0.5775022127054354,45.427215326017745,38.995582580566406,44.10196019555483,33.88920496557798,0.2618951828422334,2.6608164651053294,597452043.6,1.2030949742323385,0.000582398086480153,0.05284068524607529
2025-01-08,37.422332763671875,39.87239074707031,36.38608932495117,39.26634216308594,692004532,-0.04696157823296321,-0.0481000594910628,41.309278869628905,39.694873046875,38.92115440368652,40.015072514143526,40.6994726354558,-0.6844001213122723,-0.979013061384007,0.29461294007173466,43.623446639235745,38.92115440368652,44.07589347611185,33.76641533126119,0.2648810987958304,2.7717492239815846,566715184.4,1.2210799199471742,0.2972328867417597,0.0498137863704173
2025-01-09,36.18815612792969,37.87865447998047,35.56924057006836,37.422332763671875,482489077,-0.03297968204003243,-0.0335357724155885,40.01069641113281,39.723083114624025,38.73969993591309,39.4263161470337,40.36530104230572,-0.9389848952720143,-0.9710074281616086,0.032022532889594224,47.32550650095698,38.73969993591309,44.01569575954967,33.4637041122765,0.27238186317212787,2.6787422725132535,524702512.45,0.9195478686524822,0.2679968075557813,0.04997326156755352
2025-01-10,36.68634796142578,37.90095520019531,35.993896484375,36.188175201416016,504078948,0.013766709520510512,0.013672809192542597,38.73211898803711,39.82262496948242,38.703933525085446,39.0047825800171,40.092785999277574,-1.088003419260474,-0.9944066263813817,-0.09359679287909228,50.51136943057882,38.703933525085446,44.027604373858466,33.38026267631243,0.27509714718389294,2.627678462437221,516082742.45,0.9767405621954837,0.3630991891730688,0.048238339965737974
2025-01-11,37.095218658447266,37.704891204833984,36.04962158203125,36.68634796142578,264638508,0.011145036770937145,0.011083388474078077,37.33167953491211,39.76280288696289,38.73289279937744,38.7110035151602,39.87074397403089,-1.1597404588706866,-1.0274733928792428,-0.13226706599144378,48.53603603603604,38.73289279937744,44.01257124816434,33.453214350590535,0.27261988801785364,2.622899736676897,503673433.9,0.5254168478787422,0.63167779780119,0.047960331943136
2025-01-12,36.55796432495117,37.508079528808594,36.12608337402344,37.095218658447266,241246915,-0.014483115423657211,-0.014589019531216368,36.79000396728516,39.49568328857422,38.60936584472656,38.3797667166665,39.625352888913866,-1.2455861722473642,-1.071095948752867,-0.17449022349449717,52.025248790382214,38.60936584472656,43.974830881575265,33.24390080787786,0.27793593183719917,2.5671089717320035,476273717.15,0.5065299770132403,0.31250517326498817,0.04539237610009393
2025-01-13,35.28932571411133,37.294857025146484,32.96311950683594,36.55796432495117,572190127,-0.03470211304883808,-0.03531853413735817,36.36340255737305,38.836340713500974,38.31320323944092,37.904314254734935,39.304165690780344,-1.3998514360454095,-1.1368470462113756,-0.26300438983403396,48.39759079611803,38.31320323944092,43.72733153393757,32.89907494494426,0.2826246743536791,2.7182074955531528,472353438.35,1.2113601395572438,0.5370145795012311,0.043769592749360584
2025-01-14,36.50234603881836,36.673011779785156,35.058380126953125,35.29032516479492,291606376,0.03437357614974146,0.03379600305037125,36.42624053955078,38.218468475341794,38.12589588165283,37.68862683690162,39.096623494338715,-1.4079966574370957,-1.1910769684565197,-0.216919688980576,52.00431717639929,38.12589588165283,43.517271163946056,32.734520599359605,0.2828195984707441,2.677211216517857,467310610.85,0.6240097468995872,0.8943005052511775,0.04451650259000556
2025-01-15,39.852821350097656,39.91694259643555,36.28029251098633,36.50262451171875,500173934,0.09178794447119198,0.08781666842068928,37.05953521728516,37.89582710266113,38.25449714660645,38.02157983893178,39.15263815032086,-1.1310583113890829,-1.1790732370430324,0.04801492565394949,55.000956780214594,38.25449714660645,43.68356544811988,32.825428845093015,0.2838394806606441,2.7291597638811385,467074262.8,1.0708659710804342,0.9823680434864686,0.0462063048785645
2025-01-16,40.04843521118164,40.44487380981445,38.40142059326172,39.85343933105469,481653335,0.00490840684441296,0.004896399889521856,37.65017852783203,37.49092903137207,38.43289279937744,38.33340374235484,39.2189934881624,-0.8855897458075574,-1.1203765387959375,0.23478679298838,52.02294291248471,38.43289279937744,43.85099003364129,33.014795565113594,0.2819510497191412,2.674289975847517,467524582.25,1.0302203419593559,0.8059957509761079,0.04580487106961802
2025-01-17,41.39154052734375,41.79570770263672,40.047603607177734,40.047943115234375,432536419,0.03353702358356081,0.03298692299447017,38.61689376831055,37.70344886779785,38.619377517700194,38.80388632466082,39.379922898472124,-0.5760365738113009,-1.01150854579901,0.43547197198770915,48.70318262477416,38.619377517700194,44.1805870840828,33.058167951317586,0.28800099451803807,2.5685525621686662,473387579.6,0.9137046209904405,0.7687968445181071,0.04584100667172425
2025-01-18,39.24570846557617,41.62980270385742,38.38263702392578,41.39154052734375,500077820,-0.05184228551121495,-0.05323442506982046,39.40817031860352,37.88578643798828,38.79032974243164,38.87185896172472,39.36998108862797,-0.4981221269032545,-0.908831262019859,0.41070913511660445,41.53293720793838,38.79032974243164,44.19816118805038,33.3824982968129,0.27882369041597843,2.670088904244559,481449074.5,1.0386930757304842,0.26579223977590133,0.04604063421979707
2025-01-19,35.575374603271484,40.45109939575195,35.241050720214844,39.24538040161133,860313012,-0.09352191630134721,-0.0981884259149587,39.22277603149414,37.82450828552246,38.773795700073244,38.36470752196268,39.08889912674971,-0.7241916047870305,-0.8719033305732933,0.1477117257862628,34.0741721871462,38.773795700073244,44.220638829220135,33.32695257092635,0.2809548578261376,2.9095300946916853,494025839.9,1.7414332257886416,0.06416905162224502,0.05110770938568965
2025-01-20,35.95790481567383,39.31837463378906,34.549495697021484,35.57020950317383,1168790460,0.010752668571117896,0.010695269724343136,38.443792724609374,37.75166397094726,38.78714447021484,37.99443018253363,38.85697362222557,-0.8625434396919403,-0.8700313523970227,0.007487912705082422,32.24607099827597,38.78714447021484,44.20339853569899,33.370890404730694,0.27928088749319296,3.042881829398019,535342471.75,2.183257487826997,0.29533337590944425,0.05112774353866551
2025-01-21,36.922481536865234,37.557743072509766,34.59984588623047,35.957977294921875,514450441,0.02682516476240715,0.026471677663897596,37.81860198974609,37.73439025878906,38.748596572875975,37.82951500627695,38.713677912198875,-0.8841629059219258,-0.8728576631020033,-0.011305242819922512,43.8502748729327,38.748596572875975,44.20842396427658,33.288769181475374,0.2818077491468417,2.878471919468471,544324635.7,0.945116952750849,0.7852320403685364,0.04989013275982179
2025-01-22,36.75145721435547,37.7232551574707,36.59748077392578,36.922481536865234,306071928,-0.004631983425572472,-0.004642744303129164,36.890585327148436,37.753739547729495,38.624711418151854,37.66365996136595,38.568328230877135,-0.9046682695111841,-0.8792197843838394,-0.025448485127344656,48.0703828687971,38.624711418151854,44.150665880415005,33.0987569558887,0.2861357022160794,2.709862845284598,533524867.25,0.5736788419584204,0.13677379882911983,0.04897139876145307
2025-01-23,35.59188461303711,36.86491012573242,34.751644134521484,36.75145721435547,459399067,-0.03155174486157297,-0.03206022540088954,36.159820556640625,37.78399543762207,38.31016807556152,37.34492529239228,38.34785092585195,-1.0029256334596681,-0.9039609541990052,-0.09896467926066288,48.277571972519425,38.31016807556152,43.771058375289385,32.849277775833656,0.28508829765283267,2.695852279663086,525633131.6,0.8739918383790097,0.3976027996637209,0.04649726412283597
2025-01-24,35.338050842285156,36.74484634399414,34.636497497558594,35.59232711791992,561930582,-0.007131787864331773,-0.007157340627138542,36.11235580444336,37.66756591796875,37.943017196655276,37.03617537699118,38.12490277151367,-1.0887273945224862,-0.9409142422637015,-0.14781315225878477,46.049451379754665,37.943017196655276,43.147954109726626,32.738080283583926,0.27435545708421794,2.710230146135603,531161255.3,1.0579284094857813,0.3327501246224663,0.046090052695115034
2025-01-25,36.62107849121094,37.2052001953125,34.95508575439453,35.337703704833984,633077814,0.03630725572986404,0.03566367875629619,36.244990539550784,37.344391632080075,37.6201093673706,36.972314317640375,38.01350838038013,-1.0411940627397556,-0.9609702063589124,-0.08022385638084317,48.678453582400564,37.6201093673706,42.25329396685551,32.9869247678857,0.24631425465782664,2.752719061715262,543104701.25,1.1656643968334641,0.7404035541999826,0.04702055112396018
2025-01-26,35.85732650756836,38.1331901550293,35.85732650756836,36.621803283691406,351844441,-0.020855529523137295,-0.02107607790392701,36.031959533691406,36.92528076171875,37.20810489654541,36.80077773147545,37.85379120461629,-1.0530134731408438,-0.9793788597152988,-0.073634613425545,48.07149784100326,37.20810489654541,40.75396526376137,33.66224452932944,0.19059612829382136,2.8165667397635326,526868264.35,0.6678034431131893,0.0,0.04654413718050175
2025-01-27,34.199623107910156,35.97551727294922,32.91709899902344,35.855472564697266,686036211,-0.04623053532193244,-0.047333288017077535,35.521592712402345,36.20608901977539,36.95476894378662,36.40060009708079,37.583112086341764,-1.1825119892609735,-1.0200054856244338,-0.16250650363653962,47.063492960931754,36.95476894378662,40.60394728565122,33.30559060192201,0.197494312434507,2.7256153651646207,525230497.35,1.3061621791981421,0.4193422840908709,0.04120912348595718
2025-01-28,32.12329864501953,34.491546630859375,31.88039207458496,34.20404815673828,347595465,-0.060711910664605684,-0.06263304242468033,34.82787551879883,35.49384803771973,36.689817237854,35.7425537198406,37.17868146105863,-1.43612774121803,-1.103229936743153,-0.33289780447487693,38.72408641251337,36.689817237854,40.91938455188594,32.46024992382206,0.23055810208114996,2.796795572553362,508010044.0,0.6842295129897077,0.09302650006703683,0.042033625192538726
2025-01-29,32.775238037109375,33.74737548828125,31.9444522857666,32.12303924560547,406122843,0.020294908044598436,0.020091711041367165,34.31531295776367,35.21383438110352,36.51917133331299,35.28604361480503,36.85250046669202,-1.56645685188699,-1.1958753197719205,-0.3705815321150694,28.83392693761793,36.51917133331299,41.09516715495752,31.94317551166846,0.25060786729682893,2.6658150809151784,504191732.3,0.8054928650800488,0.4607992983705752,0.04197272379607867
2025-01-30,34.310176849365234,34.64218521118164,32.50153350830078,32.77690124511719,314772918,0.046832270463389,0.04576871892450977,33.85313262939453,35.04906158447265,36.40036277770996,35.13591026627583,36.66418019874189,-1.5282699324660598,-1.2623542423107486,-0.26591569015531125,34.112024564811534,36.40036277770996,41.080289756583575,31.72043579883634,0.25713628226471447,2.672757829938616,494726430.8,0.6362565215911241,0.8449031340228654,0.04334231755518379
2025-01-31,34.39764404296875,36.104000091552734,33.830631256103516,34.30886459350586,408161766,0.0025493075709732693,0.0025460635985136005,33.56119613647461,34.796577835083006,36.26548404693604,35.02233084730551,36.49628863164758,-1.473957784342069,-1.3046749507170128,-0.16928283362505625,29.188370420417144,36.26548404693604,41.01604890423641,31.514919189635663,0.2619882228044733,2.7102767399379184,501902593.7,0.8132290430919126,0.24941521830048322,0.04324296970964778
2025-02-01,32.1812629699707,35.066104888916016,31.931659698486328,34.39739227294922,298434498,-0.064434095260402,-0.0666036870699638,33.15752410888672,34.33955841064453,36.04664897918701,34.5852434815617,36.176657101153,-1.5914136195913002,-1.3620226844918704,-0.22939093509942987,29.06633158967297,36.04664897918701,41.131919909322754,30.96137804905127,0.2821494410241534,2.7022252764020647,504761972.85,0.5912380766620977,0.07963236091993504,0.045340339304613245
2025-02-02,27.576316833496094,32.56208419799805,26.41944694519043,32.1812629699707,826871839,-0.1430940153210153,-0.15442706922714095,32.24812774658203,33.53800163269043,35.66099853515625,33.50694707416699,35.53959485910434,-2.032647784937353,-1.496147704580967,-0.5365000803563862,27.540852972142744,35.66099853515625,42.00272949406435,29.31926757624816,0.35566760435247624,2.768838746207101,517496058.45,1.597832148667257,0.18833439755758802,0.05456950202725346
2025-02-03,28.41798210144043,28.780109405517578,22.202606201171875,27.57649803161621,1827441235,0.030521308303289807,0.03006479877000712,31.376676559448242,32.845994758605954,35.256780338287356,32.72402938605521,35.01206798816627,-2.2880386021110652,-1.654525884086987,-0.6335127180240783,29.362074641684686,35.256780338287356,42.3578394781271,28.155721198447615,0.40281949013525176,2.8980261938912526,594287801.4,3.0750105095460234,0.9449445629631409,0.054408251939355994
2025-02-04,26.524229049682617,28.617586135864258,25.588348388671875,28.41794204711914,673184054,-0.06663925133733628,-0.06896349835120653,29.819486999511717,31.836309814453124,34.5903507232666,31.77021394969019,34.38333917790822,-2.6131252282180277,-1.8462457529131953,-0.7668794753048325,22.91603924921543,34.5903507232666,42.34677739241571,26.8339240541175,0.4484734330219947,2.9031219482421875,602938307.4,1.1165056950899583,0.3089492261836038,0.050013274072340026
2025-02-05,25.872116088867188,27.372623443603516,25.69465446472168,26.524181365966797,369790684,-0.02458555758940084,-0.02489282916150744,28.114381408691408,30.837788772583007,33.88153476715088,30.862814278794342,33.75287820834962,-2.8900639295552786,-2.0550093882416123,-0.8350545413136663,22.355770302600632,33.88153476715088,42.114188139658,25.648881394643766,0.48596696867987865,2.9425644193376814,597345174.85,0.6190569532814232,0.10575977584887584,0.04970802667364944
2025-02-06,24.507278442382812,26.807785034179688,24.373432159423828,25.87181854248047,359084186,-0.052753228293980436,-0.05419563715888907,26.579584503173827,29.868554306030273,33.03732166290283,29.885039534731032,33.06801896642615,-3.18297943169512,-2.280603396932314,-0.9023760347628063,22.12497357124522,33.03732166290283,41.48731502556531,24.58732830024036,0.5115422762705887,2.9654991967337474,593672563.2,0.604852250648864,0.054982284531195975,0.048512319714551756
2025-02-07,24.450775146484375,26.189199447631836,23.771848678588867,24.506954193115234,374747957,-0.0023055720377632705,-0.0023082339612652634,25.954476165771485,29.10130195617676,32.29757499694824,29.048998859616162,32.429704609393426,-3.3807057497772632,-2.5006238675013037,-0.8800818822759595,22.346759367544777,32.29757499694824,41.04432241020966,23.55082758368683,0.5416349316682683,2.9875707626342773,587406070.05,0.6379708622488384,0.2808555852884104,0.04831752430111511
2025-02-08,24.599567413330078,24.793628692626953,23.964962005615234,24.45125961303711,191355666,0.006085380359284631,0.006066939208686358,25.190793228149413,28.28373489379883,31.748784637451173,28.36447094480292,31.849694446722065,-3.485223501919144,-2.697543794384872,-0.7876797075342719,17.598956131360808,31.748784637451173,40.99276973507082,22.504799539831527,0.5823205645935406,2.8860387802124023,553958202.75,0.3454334010220593,0.7658150255142561,0.045640398999898774
2025-02-09,24.912887573242188,25.478614807128906,23.755592346191406,24.599082946777344,277872000,0.012736815841010607,0.012656384838695968,24.868524932861327,27.344005966186522,31.19653377532959,27.833458118408963,31.33585690053837,-3.502398782129408,-2.8585147919337794,-0.6438839901956284,19.767887618635754,31.19653377532959,40.697854049317826,21.695213501341357,0.6091266640335495,2.8465501240321567,509412279.75,0.5454756609643743,0.6716657771857697,0.04570655199291058
2025-02-10,25.63951873779297,25.945751190185547,23.940326690673828,24.912887573242188,320056403,0.029166878484661263,0.02874961910102019,24.822005462646484,26.468193435668944,30.632385635375975,27.49592898292958,30.91390592552019,-3.4179769425906095,-2.9704072220651456,-0.44756972052546384,25.071935437070408,30.632385635375975,40.0416234130024,21.223147857749552,0.6143326797740568,2.7713362830025807,499692577.85,0.640506617843093,0.8472979357038278,0.04582793892629963
2025-02-11,25.39145851135254,26.961986541748047,24.938663482666016,25.63951873779297,372729241,-0.009674917418585727,-0.009722023510044633,24.99884147644043,25.78921298980713,30.06438570022583,27.172164294994648,30.504835746692955,-3.3326714516983067,-3.042860067991778,-0.2898113837065286,28.059816356128124,30.06438570022583,39.28800686940616,20.8407645310455,0.6135911946546805,2.7293483189174106,503025443.5,0.7409749264502165,0.2237878051239507,0.04577001994291236
2025-02-12,26.493667602539062,27.020484924316406,24.43290138244629,25.391477584838867,452352647,0.04340865613110512,0.04249290765292483,25.407419967651368,25.680948066711426,29.609474849700927,27.067780188463022,30.207712180459332,-3.13993199199631,-3.0622744527926846,-0.07765753920362517,30.111061778234927,29.609474849700927,38.57919052152077,20.639759177881082,0.6058679336496536,2.78539548601423,502673122.5,0.8998942389246204,0.7964056730084722,0.04757295374683239
2025-02-13,25.416154861450195,26.591665267944336,25.14626121520996,26.493667602539062,290056934,-0.04067057673002594,-0.04152075602433144,25.570737457275392,25.3807653427124,29.11338005065918,26.8136839843072,29.85278200868088,-3.039098024373679,-3.057639167108884,0.018541142735204907,20.99937894402572,29.11338005065918,37.8433670282398,20.383393073078565,0.5997233548553874,2.7357349395751953,489079440.1,0.593067117973091,0.18672539617029796,0.047925519854739335
2025-02-14,26.39476776123047,27.17354393005371,25.332901000976562,25.415891647338867,338474858,0.0385035779454026,0.037780809629397366,25.867113494873045,25.367819213867186,28.602064514160155,26.74923533460309,29.596632805166035,-2.847397470562946,-3.015590827799697,0.16819335723675088,25.33833720280954,28.602064514160155,36.65199606450812,20.55213296381219,0.5628916434589991,2.7048259462629045,474349292.3,0.7135561568118313,0.5768999178006242,0.04805211032331491
2025-02-15,25.489839553833008,26.947673797607422,25.417577743530273,26.39493751525879,192755887,-0.034284378464077614,-0.03488587575414036,25.837177658081053,25.32959156036377,28.08369016647339,26.555482137561537,29.292425897659886,-2.736943760098349,-2.9598614142594277,0.2229176541610789,27.566464526738187,28.08369016647339,35.474716285092335,20.692664047854443,0.5263571898711824,2.5902295793805803,466394864.6,0.41328904246258286,0.04722697613519963,0.04823036368424951
2025-02-16,24.837257385253906,25.557722091674805,24.784574508666992,25.490110397338867,208197236,-0.025601658543235928,-0.025935084145395533,25.726337432861328,25.36258945465088,27.615571880340575,26.291139867975748,28.96241341525944,-2.6712735472836933,-2.902143840864281,0.23087029358058775,37.50602488883754,27.615571880340575,34.547291711311296,20.683852049369854,0.502015302164022,2.2066946029663086,442502915.85,0.4704991278985715,0.0681407755302702,0.04776284288317689
2025-02-17,25.0288143157959,25.922121047973633,24.495187759399414,24.83685302734375,330618844,0.007712483209024512,0.007682894050280294,25.433366775512695,25.42039337158203,27.260847663879396,26.096935936871155,28.671035704188068,-2.5740997673169126,-2.8365350261548077,0.2624352588378951,33.565938791931416,27.260847663879396,33.94289970985639,20.5787956179024,0.49023068749477733,1.838796751839774,441654084.8,0.7485922928794341,0.3739674145453611,0.046735601037702926
2025-02-18,23.48827362060547,25.106082916259766,22.955333709716797,25.028730392456055,381480791,-0.06155068617126547,-0.06352643205523793,25.04779052734375,25.30926399230957,26.7964994430542,25.69560327283028,28.287127401700467,-2.591524128870187,-2.787532846697884,0.1960087178276968,34.75650574175464,26.7964994430542,33.14759667373441,20.445402212373985,0.47402439592358425,1.7760475703648158,440421982.2,0.8661710959439936,0.24779267930888704,0.04740096256596663
2025-02-19,23.72795867919922,24.001558303833008,23.025333404541016,23.48853302001953,290366057,0.010204456166735154,0.010152742214858826,24.5144287109375,25.190771102905273,26.267388534545898,25.392888719963963,27.949411200033705,-2.5565224800697415,-2.7413307733722556,0.18480829330251414,38.76907344126581,26.267388534545898,31.676143588163484,20.85863348092831,0.4118228233083918,1.7259229932512556,439201639.15,0.6611224347020974,0.7197370892408211,0.04554092645121688
2025-02-20,25.14973258972168,25.32773208618164,23.7272891998291,23.72795867919922,352566834,0.05991977353571665,0.05819321991603209,24.446407318115234,25.141792488098144,25.804992961883546,25.355480084542073,27.742027599269854,-2.3865475147277806,-2.670374121643361,0.28382660691558037,53.34517144908666,25.804992961883546,29.63922671389532,21.970759209871773,0.2971699126347606,1.6663579940795898,436421892.55,0.8078578091945905,0.8887810949921253,0.04855948305598863
2025-02-21,24.5191650390625,26.475788116455078,23.816003799438477,25.1494140625,601404830,-0.025072535002494734,-0.02539220562607937,24.382788848876952,25.054563140869142,25.421888065338134,25.226816231391368,27.503297039254495,-2.276480807863127,-2.5915954588873142,0.31511465102418734,50.33600971594358,25.421888065338134,27.845133049586224,22.998643081090044,0.19064240846470412,1.6836746760777064,451570409.15,1.3318074386938603,0.2643677656423887,0.0472021693871844
2025-02-22,25.816495895385742,26.338241577148438,24.483322143554688,24.5191650390625,393255920,0.05291089049143438,0.05155860515639843,24.540325164794922,24.98684597015381,25.333897018432616,25.317536179698195,27.378348806375328,-2.0608126266771336,-2.4854388924452784,0.4246262657681448,55.37260482760653,25.333897018432616,27.546390526755133,23.1214035101101,0.1746666536705928,1.7569784436907088,429889613.2,0.914783488423209,0.7187232612366945,0.03811065152246096
2025-02-23,24.88555335998535,25.95378875732422,24.43094825744629,25.816495895385742,256055664,-0.03605998812436739,-0.03672621465263466,24.8197811126709,24.933785820007323,25.157275581359862,25.25107728435776,27.193697291827924,-1.9426200074701647,-2.3768751154502556,0.4342551079800909,49.885563241101984,25.157275581359862,26.831688869769877,23.482862292949847,0.1331156295517677,1.7426797321864538,351320334.65,0.728838153519048,0.2985244348244344,0.037973066521774075
2025-02-24,21.88091278076172,25.133350372314453,21.754867553710938,24.884260177612305,556184604,-0.12073834709478215,-0.12867275448275184,24.450371932983398,24.482400321960448,24.925109767913817,24.732590437650675,26.800157698415614,-2.067567260764939,-2.3150135445131923,0.2474462837482534,36.784962720648295,24.925109767913817,27.033007521093804,22.81721201473383,0.16913849309450116,1.8407553264072962,345470362.15,1.6099343530907866,0.03730823373842087,0.04397750808812107
2025-02-25,21.931367874145508,22.28801918029785,20.43687629699707,21.880407333374023,955836926,0.0023058952745405037,0.002303240777909586,23.806698989868163,24.1265531539917,24.728072357177734,24.30163312018834,26.439506600321533,-2.137873480133191,-2.279585531637192,0.14171205150400112,37.66309933207005,24.728072357177734,27.173026395485437,22.28311831887003,0.1977472407062101,1.8284567424229212,374772674.25,2.5504445539228104,0.8073345296880906,0.043875055929725744
2025-02-26,21.797014236450195,22.47026252746582,21.068252563476562,21.931367874145508,528245201,-0.006126094754614009,-0.006144936262405693,23.262268829345704,23.822528839111328,24.592559146881104,23.91630713807478,26.095618277071804,-2.179311138997022,-2.259530653109158,0.08021951411213601,32.012716745609424,24.592559146881104,27.367242678794927,21.81787561496728,0.2256522808660778,1.7437729154314314,383230725.0,1.3783999208309825,0.5197977806819915,0.042550858159261136
2025-02-27,22.493072509765625,23.317138671875,21.66097640991211,21.797014236450195,413198029,0.031933652277541746,0.03143437456391418,22.59758415222168,23.5689546585083,24.494674015045167,23.697347964488756,25.82876303504912,-2.131415070560365,-2.2339075365993994,0.10249246603903428,38.46821917936035,24.494674015045167,27.424223568771897,21.565124461318437,0.23919890111028513,1.758827073233468,385153228.6,1.0728146574337194,0.5024242575380683,0.04334450404170897
2025-02-28,22.368793487548828,22.543922424316406,20.294767379760742,22.493072509765625,742484608,-0.005525213247894012,-0.005540533697171212,22.094232177734376,23.457006645202636,24.383135318756104,23.49295496803646,25.572468994493544,-2.0795140264570833,-2.203028834570936,0.12351480811385285,32.96921182186516,24.383135318756104,27.461935001768403,21.304335635743804,0.2525351758716617,1.7880065100533622,412709675.7,1.799048221345105,0.9221356720547771,0.04329068724093183
2025-03-01,21.871139526367188,22.456825256347656,21.084749221801758,22.368854522705078,266943722,-0.022247689016336558,-0.022498901776140393,22.09227752685547,23.271324729919435,24.231047916412354,23.243444900087344,25.298296441299,-2.054851541211658,-2.1733933758990807,0.11854183468742274,34.145781784421715,24.231047916412354,27.49463197851233,20.967463854312378,0.26937209429473014,1.77671936580113,412163261.8,0.6476650073910105,0.5731390090887368,0.043293058746570856
2025-03-02,24.94097328186035,24.98056983947754,21.621530532836914,21.870954513549805,815445770,0.14036002796252411,0.13134402654987334,22.694198608398438,23.250448799133302,24.19612064361572,23.50460311266781,25.271828059118363,-1.767224946450554,-2.0921596900093755,0.32493474355882146,50.37497598517997,24.19612064361572,27.410822564854985,20.981418722376457,0.26572044077549106,1.9614259174891882,436932730.15,1.8662959163532007,0.9882119368412788,0.0538434233672005
2025-03-03,20.9365177154541,25.076040267944336,20.641185760498047,24.94090461730957,607903958,-0.16055730949837077,-0.17501707102274458,22.52209930419922,22.89218406677246,23.9733736038208,23.109513051558007,24.950693959587678,-1.8411809080296706,-2.0419639336134345,0.20078302558376393,38.40220986686398,23.9733736038208,27.446331356090173,20.500415851551427,0.2897345871851648,2.1762774331229076,448691466.0,1.3548373527567827,0.06659338063836082,0.0647365208297583
2025-03-04,20.008602142333984,21.072490692138672,18.983314514160156,20.936899185180664,762415239,-0.04432043502798866,-0.045332605200811206,22.025205230712892,22.311394691467285,23.649120330810547,22.63244983475431,24.584613084235553,-1.9521632494812415,-2.024003796786996,0.0718405473057544,39.78366811534534,23.649120330810547,27.33569757831589,19.962543083305203,0.3117728859201919,2.171879359654018,464194595.6,1.642447469718021,0.49076168590926517,0.0640700481060218
2025-03-05,21.728666305541992,22.39214515686035,19.71605110168457,20.009384155273438,558367629,0.0859662334715885,0.08247012846076172,21.897179794311523,21.995705986022948,23.464745903015135,22.493406214875492,24.37306147099899,-1.879655256123499,-1.9951340886542965,0.1154788325307976,44.599520997005484,23.464745903015135,27.148062489058734,19.781429316971536,0.31394472382249883,2.2932985850742886,477610130.35,1.1690866535657851,0.7520719208071716,0.06725994727200499
2025-03-06,21.02910804748535,22.486928939819336,20.9456729888916,21.728666305541992,488753037,-0.03219517701729424,-0.032724841185547256,21.728773498535155,21.910525512695312,23.19646291732788,22.268129573738545,24.125361217405388,-1.857231643666843,-1.9675535996568059,0.11032195598996286,38.417474329011554,23.19646291732788,26.76091278445058,19.632013050205185,0.30732701617711156,2.2890709468296597,485124039.3,1.0074805563237732,0.05413445962832001,0.06667457563886917
2025-03-07,20.0969295501709,21.143627166748047,19.7777156829834,21.02910804748535,552573508,-0.0443280093102153,-0.04534053077808582,20.759964752197266,21.72708168029785,22.926817417144775,21.93409880088198,23.82695887168431,-1.8928600708023318,-1.9526148938859111,0.05975482308357938,37.77693755197447,22.926817417144775,26.575711852283014,19.277922982006537,0.31830797696409263,2.1966514587402344,503114920.35,1.0983047523527891,0.23370025704059397,0.06691126385248666
2025-03-08,20.471092224121094,21.01498031616211,19.485431671142578,20.0969295501709,308597153,0.018617902452019663,0.018446710860767362,20.666879653930664,21.59448947906494,22.708509159088134,21.709020865995686,23.57837615705,-1.8693552910543119,-1.9359629733195916,0.06660768226527969,34.430758725039624,22.708509159088134,26.39835813004974,19.01866018812653,0.32497500783620553,2.1734106881277904,508134916.2,0.6073134184672665,0.6444126832735043,0.06708679406635144
2025-03-09,17.957881927490234,20.659183502197266,17.836383819580078,20.471126556396484,320273559,-0.12276874477999489,-0.13098463240740052,20.256735610961915,21.1409704208374,22.35496253967285,21.13192256776408,23.162043251156682,-2.030120683392603,-1.9547945153341941,-0.07532616805840897,31.525046183633194,22.35496253967285,26.442322248947537,18.267602830398165,0.36567806383221985,2.2662649154663086,507617651.95,0.6309346370633043,0.043041703677354465,0.07172025448949829
2025-03-10,16.28597068786621,19.000041961669922,16.220285415649414,17.955759048461914,527953869,-0.09310180601336027,-0.0977250799446019,19.16819648742676,20.53268814086914,21.99484739303589,20.38639150931825,22.652704542764795,-2.2663130334465436,-2.017098218956664,-0.24921481448987937,33.93743346190202,21.99484739303589,26.85739013983524,17.13230464623654,0.44215289698613225,2.223498753138951,514941305.85,1.0252699929140865,0.023629865023443542,0.07315472294733824
2025-03-11,17.47471809387207,17.866758346557617,15.379907608032227,16.28557777404785,670199827,0.07299211258506877,0.07045111281545723,18.4573184967041,20.09304599761963,21.68218536376953,19.93844175309576,22.269149990994965,-2.3307082378992057,-2.0798202227451723,-0.25088801515403336,37.99030411684403,21.68218536376953,26.868874249575384,16.495496477963677,0.4784286084439348,2.268906457083566,533932994.35,1.2552133584025627,0.8423547279956338,0.07562331899015026
2025-03-12,18.89916229248047,18.9338321685791,16.968788146972656,17.474838256835938,418884253,0.08151457385214789,0.07836244191162654,18.217765045166015,19.48886489868164,21.36965684890747,19.778552605308793,22.019521272586484,-2.2409686672776914,-2.112049911651676,-0.12891875562601518,42.69859179242574,21.36965684890747,26.42828418071981,16.311029517095132,0.47344020239341955,2.3091231754847934,537248865.3,0.779683830073973,0.9823566874120934,0.07685440684397804
2025-03-13,18.499713897705078,19.2808780670166,17.782907485961914,18.89916229248047,357447077,-0.02113577250639953,-0.021362330958335122,17.823489379882812,19.24518451690674,21.0686842918396,19.581808188754376,21.758794800373046,-2.17698661161867,-2.125037251645075,-0.051949359973594955,39.78569010148594,21.0686842918396,26.054065149199005,16.083303434480193,0.4732503262475068,2.2978237697056363,525050977.65,0.6807854707743729,0.4785183474386348,0.0768223703755635
2025-03-14,18.569934844970703,19.26436424255371,18.49861717224121,18.499713897705078,299117682,0.003795785581004907,0.003788599765053915,17.945899963378906,19.10131778717041,20.706356239318847,19.42613536663381,21.522582951824724,-2.096447585190912,-2.1193193183542425,0.022871733163330354,40.25624126254554,20.706356239318847,25.274737440898292,16.137975037739402,0.44125399454923375,2.1918660572596957,520344065.75,0.574845956144163,0.09313476285196878,0.07544020249903298
2025-03-15,19.41447639465332,19.45633316040039,18.412668228149414,18.569812774658203,274731087,0.045478972152201314,0.044475126965207244,18.571601104736327,18.869898796081543,20.432802391052245,19.424341678636814,21.366426910552768,-1.9420852319159536,-2.0838725010665846,0.141787269150631,43.80902876948487,20.432802391052245,24.583633331722517,16.281971450381974,0.40629091019721963,2.168408121381487,521277836.9,0.5270338916264024,0.9598944315818508,0.07635912077596184
2025-03-16,18.291139602661133,19.80494499206543,18.14929962158203,19.414430618286133,251537677,-0.057860782292410984,-0.05960222582706391,18.73488540649414,18.59610195159912,20.253313732147216,19.25000289771748,21.138627850708943,-1.8886249529914636,-2.0448229914515603,0.15619803846009672,31.41902032379592,20.253313732147216,24.45068158757645,16.05594587671798,0.4144870228092041,2.0467371259416853,506045490.55,0.49706534629251226,0.08567050816020069,0.07274729392534601
2025-03-17,18.832107543945312,19.06882095336914,18.255935668945312,18.291118621826172,264901613,0.029575409353142623,0.029146493324916083,18.72147445678711,18.469619750976562,20.098350715637206,19.185711304829454,20.967774494652378,-1.7820631898229244,-1.9922710311258331,0.2102078413029087,42.70856917936617,20.098350715637206,24.263587827399096,15.933113603875316,0.41448546407553655,1.7880250385829382,471498724.9,0.561828906443348,0.70879849709717,0.0731725740975402
2025-03-18,19.001611709594727,19.234115600585938,18.375505447387695,18.832040786743164,265141173,0.009000807012909728,0.008960541185730574,18.821854019165038,18.322671699523926,19.958580589294435,19.157388290177956,20.82213280687033,-1.664744516692373,-1.926765728239141,0.26202121154676794,46.31740567150482,19.958580589294435,24.071086954357995,15.846074224230875,0.4121040919382276,1.700127465384347,458343523.5,0.5784769706689223,0.729209004322572,0.07323843448780054
2025-03-19,19.74834632873535,20.058481216430664,18.865785598754883,19.001611709594727,361404418,0.03929848849419271,0.038545955261323483,19.057536315917968,18.50171813964844,19.82134428024292,19.24830491149448,20.742593067749215,-1.4942881562547363,-1.8402702138422604,0.3459820575875241,42.202830435229274,19.82134428024292,23.75712451912571,15.885564041360126,0.3971254606384908,1.594170434134347,455753842.95,0.7929816140675946,0.7399714642203596,0.07344810422890141
2025-03-20,18.730924606323242,19.832075119018555,18.44213104248047,19.748584747314453,236868273,-0.05151933764356176,-0.05289387742012937,18.920825958251953,18.746213531494142,19.63945083618164,19.168707941468135,20.59358058912507,-1.4248726476569367,-1.7571907006051957,0.332318052948259,41.17226174609147,19.63945083618164,23.41240310821154,15.866498564151744,0.38422176908114053,1.583362443106515,430473026.2,0.5502511390573164,0.20777351163964264,0.07421860176100692
2025-03-21,19.154340744018555,19.437374114990234,18.38875389099121,18.730789184570312,192050442,0.022605191499856625,0.022353480415843428,19.093466186523436,18.91417579650879,19.50361089706421,19.16649760339897,20.48697023022829,-1.3204726268293214,-1.6698470858500207,0.3493744590206993,46.23207676929716,19.50361089706421,23.131076291255162,15.876145502873259,0.3719788518480932,1.5606987816946847,426728362.2,0.45005314624479864,0.7300897200006315,0.0743847403994739
2025-03-22,19.420124053955078,19.715173721313477,19.11447525024414,19.154354095458984,150619021,0.013875878762338534,0.013780490144367507,19.21106948852539,18.96627197265625,19.227568435668946,19.205517057330677,20.407944587541387,-1.2024275302107093,-1.5763631747221585,0.37393564451144923,45.76211873604832,19.227568435668946,21.799521253983166,16.655615617354727,0.2675276207617605,1.4943523406982422,393487024.75,0.3827801465517066,0.5088223349039196,0.06642227628497481
2025-03-23,19.811660766601562,19.812135696411133,19.333528518676758,19.420124053955078,160264018,0.02016139091381053,0.01996084116579411,19.373079299926758,19.097466659545898,19.171325588226317,19.298769935680046,20.36377541561992,-1.0650054799398738,-1.4740916357657017,0.40908615582582786,59.018175272424955,19.171325588226317,21.632748464090067,16.709902712362567,0.2567817091766866,1.3269100189208984,371105027.75,0.43185622941213303,0.9990076626056985,0.05644151747834519
2025-03-24,21.46042823791504,22.08034896850586,19.810155868530273,19.81137466430664,502855575,0.08322207263375736,0.079940000215082,19.715495681762697,19.38651599884033,19.24391689300537,19.631332751408507,20.445008958012153,-0.8136762066036454,-1.3420085499332906,0.5283323433296452,75.22926599542528,19.24391689300537,21.888153174661788,16.59968061134895,0.2748126897822475,1.2905126299176897,358127044.55,1.4041262246247188,0.7269303928961853,0.058483485147248035
2025-03-25,22.924375534057617,23.43741798400879,21.334035873413086,21.4604434967041,368087459,0.06821612690636636,0.06599008608195961,20.55418586730957,19.73750591278076,19.303702354431152,20.137954717969905,20.628665741422928,-0.49071102345302364,-1.1717490446372372,0.6810380211842135,75.87664084306775,19.303702354431152,22.22412919148484,16.383275517377466,0.30257686151934515,1.2631220136369978,348613036.05,1.0558625780913335,0.7560868969420202,0.0573157040038089
2025-03-26,22.047786712646484,23.22555160522461,21.870479583740234,22.924375534057617,287117610,-0.038238285710719966,-0.038988557242698986,21.132875061035158,20.113170623779297,19.35463628768921,20.431775024843223,20.733785813365415,-0.30201078852219254,-0.9978013934142282,0.6957906048920357,65.77116973621759,19.35463628768921,22.433027192503534,16.276245382874887,0.3181037203755028,1.2195525850568498,338531264.7,0.8481273073978506,0.13084701387573025,0.05753358519780414
2025-03-27,22.000259399414062,22.35063362121582,21.66950035095215,22.047664642333984,231004333,-0.002155650081881455,-0.0021579768399046556,21.648902130126952,20.429985809326173,19.449802780151366,20.67308031323874,20.827598671591243,-0.1545183583525045,-0.8291447864018834,0.6746264280493789,68.17465391495585,19.449802780151366,22.73551408852964,16.16409147177309,0.337865771238705,1.1612070628574915,322452805.95,0.7163973416805058,0.4856010681696168,0.05643256210801238
2025-03-28,20.373674392700195,22.166343688964844,19.806549072265625,22.00030517578125,324964703,-0.07393481036669902,-0.07681064764183179,21.76130485534668,20.56719207763672,19.44493188858032,20.627017863925115,20.793974650932647,-0.16695678700753191,-0.6967071865230131,0.5297503995154812,58.06201194844495,19.44493188858032,22.72455161704817,16.16531216011247,0.3373238587062282,1.2750676018851144,323271183.45,1.0052386962918454,0.24032825315304718,0.05908276102195256
2025-03-29,19.654756546020508,20.517507553100586,19.50424575805664,20.371074676513672,234283284,-0.03528660725712163,-0.03592422409606679,21.400170516967773,20.557833099365233,19.529775619506836,20.477439199632098,20.709588124642856,-0.23214892501075823,-0.6037955342205622,0.37164660920980397,51.08615580717786,19.529775619506836,22.73435428636791,16.32519695264576,0.3281736287497599,1.2728959492274694,318971669.7,0.7344955877126915,0.14854086793229074,0.052244927605147644
2025-03-30,18.862831115722656,19.878585815429688,18.732824325561523,19.654523849487305,222561606,-0.04029179544623729,-0.04112599431334069,20.587861633300783,20.571023750305176,19.658618640899657,20.22903795595372,20.572791309167286,-0.3437533532135646,-0.5517870980191627,0.2080337448055981,52.66407995288523,19.658618640899657,22.5007759055525,16.816461376246814,0.28915126912729766,1.2364756720406669,303702056.55,0.7328287747809786,0.11346758481245174,0.04815648719318224
2025-03-31,18.768949508666992,19.100217819213867,18.215557098388672,18.862812042236328,253348453,-0.004977068737969659,-0.0049894955946078005,19.932094192504884,20.53248462677002,19.723330211639404,20.004408964063455,20.439173398019115,-0.4347644339556602,-0.5283825652064622,0.09361813125080198,49.692886918613226,19.723330211639404,22.41085158677607,17.03580883650274,0.27252206866674755,1.2416024889264787,282859487.85,0.8956689235552541,0.6255419631457203,0.045753910710020225
2025-04-01,19.79265785217285,19.925373077392578,18.74103546142578,18.768938064575195,287419415,0.05454265530594227,0.053107170859163715,19.49057388305664,20.5697380065918,19.768004989624025,19.97183186992644,20.391283357586058,-0.41945148765961804,-0.5065963496970933,0.08714486203747529,53.551515193034255,19.768004989624025,22.427399450602337,17.108610528645713,0.26906048054664033,1.2648687362670898,276286245.95,1.040295777343961,0.8879413840192837,0.04371875528776148
2025-04-02,18.013551712036133,19.824604034423828,17.80935287475586,19.792430877685547,475338408,-0.08988717702415128,-0.09418670586414508,19.018549346923827,20.389927101135253,19.743696880340575,19.670557999481776,20.215155087545327,-0.5445970880635507,-0.5141964973703848,-0.03040059069316592,42.87214033591845,19.743696880340575,22.46017781196785,17.0272159487133,0.2751744972677493,1.323622703552246,282180812.5,1.6845171143590778,0.10132674296570045,0.04820705276244098
2025-04-03,18.1337947845459,18.96429443359375,17.62010955810547,18.013423919677734,333215974,0.006675145159153795,0.006652965026731102,18.714356994628908,20.05726375579834,19.721889877319335,19.43413288949164,20.060980250286107,-0.6268473607944678,-0.5367266700552014,-0.09012069073926643,47.35125403148024,19.721889877319335,22.48465289671066,16.95912685792801,0.280172238723285,1.3203541891915458,283885727.1,1.1737679713732956,0.38215369923150955,0.048223970136853596
2025-04-04,18.181718826293945,18.74675941467285,17.67347526550293,18.133808135986328,346981298,0.0026428026961509143,0.0026393166337381844,18.578134536743164,19.582998085021973,19.660251998901366,19.24145380284584,19.921775700360765,-0.6803218975149257,-0.5654457155471463,-0.11487618196777938,45.53697490965143,19.660251998901366,22.50566277813413,16.8148412196686,0.2894582205143422,1.3221158981323242,287498237.65,1.2068988694894702,0.4735405404511805,0.047030758408343594
2025-04-05,17.891618728637695,18.358247756958008,17.72951889038086,18.181718826293945,135715781,-0.0159555925612882,-0.016084253437303395,18.402668380737303,19.167381286621094,19.640275955200195,19.03378686835228,19.771393702455352,-0.7376068341030724,-0.5998779392583315,-0.13772889484474082,43.001835782761106,19.640275955200195,22.531399791756066,16.749152118644325,0.29440765935779856,1.3241180692400252,281707142.85,0.48176194478769135,0.2578215257732725,0.045323776726862254
2025-04-06,15.994715690612793,17.89511489868164,15.652859687805176,17.89148712158203,354643328,-0.10602187911531336,-0.11207397739144687,17.643079948425292,18.566826915740968,19.49840636253357,18.566237456392358,19.4916397756522,-0.9254023192598417,-0.6649828152586337,-0.26041950400120806,34.641451320160954,19.49840636253357,22.805106729881892,16.191705995185245,0.3391764748222901,1.4500929287501745,286194228.6,1.2391700899589697,0.1524607902012112,0.05049455302050442
2025-04-07,16.694761276245117,17.110872268676758,14.703357696533203,15.994580268859863,729973332,0.04376730410051466,0.04283657582443795,17.37932186126709,18.19893560409546,19.38306384086609,18.27831804406201,19.284463590510935,-1.0061455464489235,-0.7332153614966918,-0.27293018495223176,29.23891539045097,19.38306384086609,22.91592648404164,15.850201197690536,0.36453087831523073,1.4599016053336007,309435836.55,2.359045869213819,0.8271615858454523,0.051655895111526906
2025-04-08,16.121753692626953,17.685020446777344,15.957785606384277,16.69478988647461,361405461,-0.03432259821729189,-0.0349254531501005,16.9769136428833,17.845635318756102,19.201734209060668,17.946538913072004,19.050188783260268,-1.1036498701882635,-0.8073022632350063,-0.29634760695325724,17.871132950751274,19.201734209060668,23.016674825098164,15.386793593023171,0.39735375716609506,1.4330339431762695,309435888.7,1.167949401468376,0.0949309737499574,0.050938944380045544
2025-04-09,18.44510269165039,18.827648162841797,15.628395080566406,16.121753692626953,610138171,0.14411267181720966,0.13462937745855622,17.02959041595459,17.803862476348876,19.187443113327028,18.023241032853296,19.005367591289165,-0.9821265584358692,-0.8422671222751791,-0.13985943616069008,35.03026292326287,19.187443113327028,23.011939266073043,15.362946960581013,0.3986457320193573,1.5647611618041992,328099383.6,1.8596138898689474,0.8804266276666064,0.06024587935174443
2025-04-10,18.330242156982422,18.445785522460938,17.6319637298584,18.445587158203125,282886888,-0.0062271561502318384,-0.006246625756025144,17.117315101623536,17.75999174118042,19.14623818397522,18.070471975027008,18.955358299859036,-0.8848863248320278,-0.8507909627865489,-0.034095362045478916,34.83533798000906,19.14623818397522,22.989945336271088,15.302531031679353,0.4015104288750493,1.5742389133998327,332641205.9,0.8504264744790598,0.8580237404441403,0.06004473384147175
2025-04-11,19.161819458007812,19.54140853881836,18.319910049438477,18.329376220703125,331255925,0.045366411087407466,0.04436745657905159,17.75073585510254,17.696907901763915,19.133322954177856,18.238371587793285,18.970651718981166,-0.7322801311878813,-0.8270887964668154,0.09480866527893417,44.640442193190765,19.133322954177856,22.97489049163498,15.291755416720731,0.4015578001434716,1.4929320471627372,341673051.1,0.9695114201530891,0.6892430968983977,0.06084915356376846
2025-04-12,20.469505310058594,20.991731643676758,18.860998153686523,19.161819458007812,330578712,0.06824434678118707,0.0660165034907251,18.505684661865235,17.942503261566163,19.166215181350708,18.581622929680254,19.08167791091283,-0.5000549812325765,-0.7616820334199678,0.26162705218739124,53.42494958345413,19.166215181350708,23.043338329857015,15.289092032844401,0.40457890217979625,1.572751453944615,350188785.8,0.9440014226749119,0.7549077143525657,0.06256871807588134
2025-04-13,19.586620330810547,20.627246856689453,19.378501892089844,20.470176696777344,270016996,-0.043131720375001126,-0.04408953584762915,19.198657989501953,18.08778581619263,19.072524785995483,18.73623791446953,19.119081053127474,-0.38284313865794317,-0.6859142544675629,0.30307111580961976,53.01949301824695,19.072524785995483,22.804045365101675,15.341004206889291,0.3912980185870475,1.5801074164254325,338546856.85,0.7975764374608755,0.1666620830946151,0.060435375275675454
2025-04-14,20.091869354248047,20.59693145751953,19.581300735473633,19.58663558959961,393253373,0.025795620423740173,0.02546852653882456,19.528011322021484,18.278800868988036,18.930899477005006,18.94479659751238,19.19113944580307,-0.2463428482906913,-0.5979999732321887,0.35165712494149737,55.335798069117644,18.930899477005006,22.237712931356732,15.62408602265328,0.34935618969066395,1.5894624165126257,339805152.55,1.157290788703198,0.5027108797169998,0.058524417305898926
2025-04-15,19.03645896911621,20.251209259033203,18.9915714263916,20.09100914001465,269573528,-0.05252922794407322,-0.0539591899357256,19.66925468444824,18.39328489303589,18.780333089828492,18.958898500836046,19.179681632715155,-0.22078313187910936,-0.5225566049615729,0.3017734730824635,46.95776556073304,18.780333089828492,21.74624732117736,15.814418858479625,0.3158532084774598,1.5948410034179688,338927948.45,0.7953711968364526,0.03563527643030728,0.059037052340317885
2025-04-16,18.75917625427246,19.25948715209961,18.567848205566406,19.03659439086914,246924498,-0.014565876736508554,-0.014673000627216,19.588726043701172,18.669730949401856,18.61827893257141,18.928172001364725,19.148533086163845,-0.2203610847991193,-0.46211750092908216,0.24175641612996285,53.411993586616035,18.61827893257141,21.168464292459962,16.06809357268286,0.2739442640347574,1.5002972739083427,339723956.7,0.7268386380476888,0.2766299481814537,0.059063287363960604
2025-04-17,19.038515090942383,19.542200088500977,18.710084915161133,18.758665084838867,192744228,0.01489078373610897,0.014781004473780831,19.30252799987793,18.90410633087158,18.55152096748352,18.945147861299752,19.140383605036327,-0.19523574373657482,-0.4087411494905807,0.2135054057540059,54.080603476531635,18.55152096748352,20.974977315925162,16.128064619041876,0.26126767208892426,1.4637208666120256,333112932.95,0.5786152650786776,0.39469316550989547,0.05701380792651298
2025-04-18,19.073871612548828,19.317546844482422,18.865575790405273,19.038515090942383,121725906,0.0018571050020212976,0.0018553827145098654,19.199978256225585,19.19931812286377,18.522476720809937,18.964951515338072,19.135456790777997,-0.17050527543992544,-0.3610939746804497,0.19058869924052424,54.0284865922954,18.522476720809937,20.903819477153995,16.14113396446588,0.2571300579547904,1.4193413598196847,327485064.05,0.3716991074176593,0.4608609680994976,0.05646995250232228
2025-04-19,19.89363670349121,20.333553314208984,19.043197631835938,19.073871612548828,175262077,0.042978431835676956,0.04208049683615235,19.16033172607422,19.34417152404785,18.574017000198364,19.107826159669322,19.19161826579379,-0.08379210612446641,-0.30563360096925307,0.22184149484478666,58.627367497018405,18.574017000198364,21.029831962418054,16.118202037978673,0.26443552433417755,1.4666004180908203,325120087.6,0.5390687431643026,0.6590733676628817,0.056412672343287916
2025-04-20,19.500951766967773,20.016448974609375,19.24933433532715,19.89335823059082,157114043,-0.01973922326904276,-0.019936644010442026,19.25323028564453,19.461242485046387,18.610617113113403,19.168307022330623,19.214531858473343,-0.046224836142719994,-0.25375184800394646,0.20752701186122646,67.36018542941038,18.610617113113403,21.10025022389077,16.120984002336034,0.26754976427118315,1.3612332344055176,320308367.1,0.49050870703901756,0.32800498840174447,0.05663469011715534
2025-04-21,19.92521095275879,20.901233673095703,19.500951766967773,19.500951766967773,347296926,0.021755819452343728,0.021522539019647464,19.486437225341795,19.537581634521484,18.6172447681427,19.284753780858033,19.267174754346343,0.017579026511690188,-0.1994856731008191,0.2170646996125093,66.4437769057055,18.6172447681427,21.120794038701092,16.11369549758431,0.26894949298216175,1.28928804397583,323302242.65,1.0742174973898222,0.3029812646328965,0.0555411209810236
2025-04-22,22.08037757873535,22.268787384033203,19.520553588867188,19.923755645751953,456889464,0.10816280094029129,0.1027035097881859,20.09480972290039,19.69866886138916,18.820586061477663,19.714849749762237,19.475560148745526,0.23928960101671137,-0.11173061827731301,0.3510202192940244,76.12315340056263,18.820586061477663,21.743228879179295,15.897943243776028,0.3105793632732569,1.3622165407453264,322379795.45,1.4172397602096687,0.9314433091741734,0.05598996453074687
2025-04-23,22.338470458984375,23.050012588500977,21.937467575073242,22.08009910583496,443596592,0.011688789257733534,0.01162100307483905,20.7477294921875,19.973853874206544,19.030819845199584,20.118483705027177,19.687627579133586,0.430856125893591,-0.003213269443132173,0.4340693953367232,70.8432993345652,19.030819845199584,22.326546214754096,15.735093475645073,0.34635674094574964,1.2131659643990653,327898826.35,1.3528459279280978,0.36043744339950307,0.05597756266281142
2025-04-24,22.357967376708984,22.60797691345215,21.66159439086914,22.338478088378906,329239526,0.0008727955551122157,0.0008724148905504931,21.240595626831055,20.200463676452635,19.239632272720335,20.463019654516685,19.885430527102134,0.5775891274145515,0.11294720992840461,0.46464191748614686,71.78502677106867,19.239632272720335,22.82529066480698,15.65397388063369,0.372736686570742,1.2226345879690987,327011737.75,1.0068125635652354,0.7358261187885612,0.055994429245192254
2025-04-25,22.188095092773438,22.831296920776367,21.81797218322754,22.357940673828125,377519228,-0.007597841121841364,-0.007626851755572918,21.77802429199219,20.515627288818358,19.454456090927124,20.728415875786954,20.055998272707416,0.6724176030795377,0.22484128855863128,0.4475763145209064,67.63040682921581,19.454456090927124,23.21082054346417,15.698091638390077,0.3861700820604163,1.2077650342668806,339101910.1,1.1132913639108397,0.3652559660081367,0.05580686681912066
2025-04-26,22.42249870300293,22.939279556274414,21.77387809753418,22.18766975402832,288849374,0.010564386408540072,0.010508973207763981,22.277481842041016,20.881959533691408,19.77584524154663,20.989044003050953,20.231294600877458,0.757749402173495,0.33142291128160406,0.4263264908918909,63.00389355697474,19.77584524154663,23.382781676372755,16.168908806720506,0.3647820248156466,1.138812746320452,335812212.4,0.8601514874507882,0.5565640878845728,0.04839777128673435
2025-04-27,21.759990692138672,22.773181915283203,21.708871841430664,22.42240333557129,255674724,-0.029546573717742275,-0.029991866929795996,22.21340446472168,21.154107093811035,20.02910671234131,21.107651185987528,20.34453134837829,0.7631198376092385,0.417762296547131,0.34535754106210753,64.90879440300031,20.02910671234131,23.430604275079727,16.627609149602893,0.339655443609227,1.125638825552804,312097282.0,0.819214836994319,0.04803003512187936,0.04912217152615387
2025-04-28,21.84221649169922,22.41843032836914,21.08994483947754,21.760122299194336,366359713,0.003778760787349622,0.0037716392056699652,22.11415367126465,21.430941581726074,20.315129852294923,21.220661233020095,20.455470988624285,0.7651902443958107,0.487247886116867,0.27794235827894376,62.74673652453405,20.315129852294923,23.26531830832003,17.364941396269817,0.2904424906436751,1.1479855946132116,312344994.6,1.1729328765750613,0.5662625996665559,0.04785432996290971
2025-04-29,21.550371170043945,22.276966094970703,21.31342315673828,21.84221649169922,268553485,-0.01336152499752874,-0.01345159337297661,21.952634429931642,21.596615028381347,20.4703932762146,21.271385838716075,20.53657470576648,0.734811132949595,0.5367605354834126,0.19805059746618237,70.59807549130107,20.4703932762146,23.331708452812297,17.609078099616905,0.27955644407891045,1.1268359592982702,295265760.3,0.9095314157901023,0.24591328673032686,0.03757521221054758
2025-04-30,20.909435272216797,21.89655303955078,20.50130844116211,21.550233840942383,313894877,-0.029741292749429826,-0.030192534539356917,21.696902465820312,21.73746337890625,20.59935293197632,21.215701136177724,20.56419400698502,0.651507129192705,0.5597098542252711,0.09179727496743395,66.62755186472296,20.59935293197632,23.281407948053364,17.917297915899276,0.2604018703824135,1.177093505859375,296816159.75,1.0575397150356804,0.2925127455077727,0.038417477638113914
2025-05-01,21.64530372619629,21.85618019104004,20.83427619934082,20.9093074798584,331775588,0.03519312905390937,0.034588007429787855,21.541463470458986,21.90947265625,20.72352714538574,21.281793842334427,20.644276208408076,0.6375176339263504,0.575271410165487,0.06224622376086342,68.82842605914959,20.72352714538574,23.354831270265226,18.092223020506257,0.2539436560600511,1.1906498500279017,296842142.9,1.1176835767277438,0.7936435570336301,0.03795127603321016
2025-05-02,21.248334884643555,22.168426513671875,21.011560440063477,21.64569091796875,293075581,-0.018339721473730197,-0.01850997902926138,21.439132308959962,21.82626838684082,20.76246862411499,21.27664631038198,20.68902129553663,0.5876250148453508,0.5777421311014598,0.009882883743891013,64.92610690388989,20.76246862411499,23.400986307396014,18.123950940833968,0.2541622319627699,1.240999494280134,294966986.35,0.9935877388401841,0.20466884450579742,0.035425026801473185
2025-05-03,20.548114776611328,21.276565551757812,20.541933059692383,21.24832534790039,166453714,-0.032954116726496285,-0.0335093355609231,21.180311965942384,21.647232818603516,20.81054334640503,21.164564535955726,20.67858377561624,0.485980760339487,0.5593898569490653,-0.07340909660957828,54.56747580789221,20.81054334640503,23.393301509719436,18.227785183090624,0.24821631231080477,1.2013049806867326,289788822.25,0.5743965992463327,0.008414706539072702,0.03480344195072411
2025-05-04,19.901275634765625,20.629955291748047,19.811601638793945,20.548114776611328,184217043,-0.031479245121891264,-0.03198536644409607,20.850492858886717,21.40156364440918,20.801013660430907,20.970212397311098,20.62100539481249,0.34920700249860914,0.517353286058974,-0.16814628356036487,52.69807177563807,20.801013660430907,23.396312969178243,18.20571435168357,0.24953584965758563,1.2049649102347237,279337005.75,0.6594795505357063,0.10957853557833853,0.03517974567756816
2025-05-05,19.68511199951172,20.223373413085938,19.343711853027344,19.901214599609375,219716897,-0.010861797968180986,-0.010921217959424554,20.605628204345702,21.151265335083007,20.833446311950684,20.772504643803497,20.551679958123543,0.22082468567995406,0.45804756598317004,-0.23722288030321598,48.33509900315705,20.833446311950684,23.35094480324529,18.315947820656078,0.24167854454790752,1.1677777426583427,276844174.2,0.7936482594763593,0.3881039687361067,0.03306982904930429
2025-05-06,20.028181076049805,20.104509353637695,19.307458877563477,19.68511390686035,221967592,0.017427844786790825,0.017277721605625025,20.282203674316406,20.911833572387696,20.89689655303955,20.657993325687546,20.51290226315512,0.1450910625324262,0.3954562652930213,-0.2503652027605951,30.99293591588956,20.89689655303955,23.25307011339769,18.54072299268141,0.2255046393494659,1.0284075055803572,275596328.9,0.8054083771215286,0.9042365710560734,0.03299098189044911
2025-05-07,19.529470443725586,20.217430114746094,19.1164608001709,20.027816772460938,269898840,-0.024900445548726835,-0.025215706067357062,19.938430786132812,20.688781547546387,20.92144432067871,20.48437442077032,20.440055461715893,0.04431895905442573,0.3252288040453022,-0.28090984499087646,25.093665642153795,20.92144432067871,23.20521320099669,18.63767544036073,0.2183184722156784,1.027580669948033,279454059.5,0.9658075480560339,0.3751327437883391,0.03348168586431087
2025-05-08,22.110124588012695,22.11761474609375,19.509828567504883,19.52960205078125,511566880,0.13214153203607326,0.12411100026602273,20.250832748413085,20.715572357177734,21.073256969451904,20.734489831115297,20.563764285886027,0.17072554522927064,0.2943281522820959,-0.12360260705282528,48.488815998656534,21.073256969451904,23.240602941806575,18.905910997097234,0.2056963454198358,1.1462523596627372,298946108.2,1.711234453193661,0.997127767562452,0.04439227317189936
2025-05-09,23.25318145751953,23.944400787353516,21.969432830810547,22.109447479248047,645061542,0.05169834593001621,0.05040632978423314,20.921213912963868,20.885853385925294,21.24123420715332,21.121980850562103,20.762980372673695,0.35900047788840794,0.30726261740335836,0.05173786048504958,55.80525372488845,21.24123420715332,23.54037983485418,18.94208857945246,0.21647947621862634,1.2149411610194616,322436081.45,2.0005873384242494,0.6500098474792423,0.04479179219554381
2025-05-10,25.888412475585938,25.94477081298828,23.0656681060791,23.253189086914062,641198524,0.11332776217657026,0.10735351427495841,22.16187400817871,21.383751106262206,21.56060724258423,21.855278023642693,21.142642009926455,0.7126360137162386,0.3883372966659345,0.32429871705030416,64.97245917902399,21.56060724258423,24.521280551649483,18.599933933518976,0.2746372841686615,1.337348393031529,346640305.5,1.849751785428195,0.9804250306627315,0.0499275691522458
2025-05-11,24.7523250579834,25.990549087524414,24.198917388916016,25.88687515258789,459372450,-0.04388401253548957,-0.04487604749041825,23.10670280456543,21.694453239440918,21.80196294784546,22.30097756738742,21.410025939412154,0.8909516279752658,0.4888601629278009,0.40209146504746496,62.418513756782374,21.80196294784546,24.98031159764273,18.623614298048192,0.2915653656875298,1.3892999376569475,352244081.7,1.304131066682447,0.3088847258107679,0.05161605708037562
2025-05-12,24.832002639770508,26.747081756591797,23.949138641357422,24.752492904663086,777042215,0.003218993835951256,0.0032138239668401776,24.167209243774415,22.052820014953614,21.939544200897217,22.690366040061743,21.663505694994253,1.0268603450674902,0.5964601993557388,0.43040014571175145,62.41056330411873,21.939544200897217,25.394794346995894,18.48429405479854,0.3149792096371241,1.4942611966814314,368251719.25,2.1100844188387318,0.3155403662249679,0.046409090254867204
2025-05-13,25.768766403198242,26.19868278503418,23.517913818359375,24.832002639770508,512615888,0.0377240521844755,0.0370299037207741,24.898937606811522,22.574885177612305,22.11105899810791,23.163966095928895,21.96759908078714,1.1963670151417567,0.7164415625129424,0.47992545262881425,66.62061964630117,22.11105899810791,25.967005423524814,18.255112572691008,0.34877989568449563,1.6169201987130302,371702684.05,1.379101927418541,0.8396294512594663,0.046913992478580545
2025-05-14,24.986888885498047,26.516620635986328,24.78171157836914,25.76890754699707,486613592,-0.030342062381502055,-0.03081191130780437,25.245679092407226,23.083446502685547,22.242505073547363,23.44441575586261,22.191250177432394,1.2531655784302167,0.8237863656963973,0.4293792127338194,65.88883877751908,22.242505073547363,26.307462012487292,18.177548134607434,0.3655125108883813,1.6411819458007812,379571387.35,1.2820080970731789,0.11826401219443,0.04768226589845302
2025-05-15,23.43390464782715,25.098575592041016,23.027305603027344,24.986042022705078,582877002,-0.06215196476789964,-0.06416735244828528,24.75477752685547,23.45832576751709,22.30479555130005,23.442798662318694,22.283298656720895,1.159500005597799,0.8909290936766778,0.26857091192112126,56.55246587238434,22.30479555130005,26.40427629571105,18.20531480688905,0.3675873858590073,1.7161366598946708,389839276.05,1.4951725949882007,0.196304221561373,0.05003955198262442
2025-05-16,23.091123580932617,24.030256271362305,22.733427047729492,23.43501853942871,365753876,-0.014627569414741748,-0.01473560715562729,24.42253723144531,23.76462001800537,22.338226795196533,23.388694803643915,22.343137539995837,1.045557263648078,0.9218547276709579,0.12370253597712022,56.77789077162074,22.338226795196533,26.45262720690659,18.223826383486475,0.36837305390728614,1.7261340277535575,393684501.15,0.9290532772603157,0.27582392802875705,0.05017919169108761
2025-05-17,22.1935977935791,23.104572296142578,21.99909782409668,23.090999603271484,298929781,-0.03886886596088568,-0.039644423505156734,23.894856262207032,24.031032752990722,22.359907150268555,23.204833725172403,22.332060521742747,0.8727732034296558,0.9120384228226974,-0.03926521939304162,55.96560322083257,22.359907150268555,26.466039684693204,18.253774615843906,0.3672763493005231,1.7526227406093053,395847254.0,0.7551644680601978,0.17594252299922958,0.05053570498209856
2025-05-18,23.08956527709961,23.832250595092773,21.766780853271484,22.1935977935791,435356952,0.04037053801974033,0.039576936255740075,23.359016036987306,24.128976821899414,22.422274589538574,23.187100117776588,22.388171985102513,0.7989281326740745,0.8894163647929729,-0.09048823211889845,61.35386288167892,22.422274589538574,26.533188030566052,18.311361148511097,0.3666812146654811,1.8417024612426758,399297115.95,1.0903082807503057,0.6404278845825366,0.05125504282532067
2025-05-19,22.272796630859375,23.147705078125,21.303157806396484,23.08956527709961,364366343,-0.035373929151031325,-0.03601474408554211,22.81619758605957,24.030938339233398,22.458395862579344,23.046438042866246,22.379625662565985,0.6668123803002608,0.8448955678944304,-0.17808318759416963,58.83702340564619,22.458395862579344,26.549700568340718,18.36709115681797,0.3643452302466885,1.9106228692190987,404087758.85,0.9017010167221006,0.5256784871105322,0.05187954768831538
2025-05-20,22.583253860473633,22.801956176757812,21.797563552856445,22.272796630859375,357550193,0.013938852617372488,0.013842600211998143,22.646067428588868,23.700422477722167,22.542086791992187,22.975178937882767,22.39470923278137,0.5804697051013967,0.7920103953358237,-0.211540690234427,58.74513192439201,22.542086791992187,26.567934976017696,18.516238607966677,0.35718504867576367,1.9254330226353236,406270524.65,0.8800790884547376,0.7822541515117717,0.051350761449522005
2025-05-21,23.188013076782227,23.76703643798828,22.245073318481445,22.58338165283203,546490909,0.026779100126358424,0.026426815431339908,22.66544532775879,23.54399127960205,22.619222259521486,23.007922651559607,22.45347248048514,0.5544501710744676,0.7444983504835526,-0.19004817940908503,62.43168223092482,22.619222259521486,26.63181842384328,18.60662609519969,0.3547952372794521,1.9555040087018694,417006290.7,1.3105099879492057,0.6195549287756553,0.05112489125244758
2025-05-22,25.24054718017578,25.390092849731445,23.174039840698242,23.188627243041992,728718314,0.08851703233895125,0.08481624910238295,23.274835205078126,23.584845733642577,22.818832874298096,23.351403348269788,22.65992245824,0.6914808900297871,0.7338948583927996,-0.04241396836301248,61.033125803245234,22.818832874298096,26.94001134881959,18.697654399776603,0.36120852431180794,1.927523068019322,438788427.35,1.6607509874428323,0.9325171021310192,0.0540940913589985
2025-05-23,23.029863357543945,25.952392578125,22.97102165222168,25.240955352783203,722455405,-0.08758462353653462,-0.09165993594816574,23.26289482116699,23.310955429077147,22.942920303344728,23.30193565738889,22.687325487818068,0.6146101695708204,0.7100379206284038,-0.09542775105758339,49.26800625342215,22.942920303344728,26.92326547415674,18.962575132532717,0.34697807586698,1.9994089944022042,466588511.9,1.5483780388378654,0.019736459027510204,0.057639571111402846
2025-05-24,22.977720260620117,23.453079223632812,22.785839080810547,23.031259536743164,331302370,-0.002264151380939383,-0.0022667184472270566,23.40387954711914,23.110038566589356,23.09674253463745,23.25205636557831,22.70883621172933,0.5432201538489778,0.6766743672725186,-0.1334542134235408,38.514364711657336,23.09674253463745,26.811048721734622,19.382436347540278,0.3216303062240873,1.8414188112531389,473942778.25,0.6990345358216248,0.28757438981745775,0.056972647365553616
2025-05-25,23.441709518432617,23.451677322387695,22.068702697753906,22.977720260620117,294646906,0.020193006640771838,0.019991831592753008,23.57557067871094,23.1108190536499,23.284572410583497,23.28123377370974,22.76312312333698,0.5181106503727584,0.6449616238925666,-0.12685097351980823,44.538607121477014,23.284572410583497,26.634529604667076,19.934615216499918,0.2877404948661139,1.8122290202549525,477689278.7,0.6168170799266465,0.9927924824465653,0.056834056556701054
2025-05-26,23.072145462036133,23.976015090942383,22.919599533081055,23.441120147705078,322936502,-0.01576523487358672,-0.015890827940607317,23.552397155761717,23.108921241760253,23.436770629882812,23.24906634114457,22.786013666944328,0.46305267420024165,0.6085798339541016,-0.14552715975386,42.83958856844854,23.436770629882812,26.42034910427611,20.453192155489514,0.2546066197865261,1.6878341947283064,482737724.2,0.6689688537086574,0.1443995465382069,0.0570979759824991
2025-05-27,23.373483657836914,23.858348846435547,22.563859939575195,23.0721492767334,413600080,0.01306069243957464,0.012976137035052843,23.178984451293946,23.226909828186034,23.628971290588378,23.268207466789548,22.829529962566003,0.4386775042235449,0.5745993680079903,-0.13592186378444537,39.72279271535015,23.628971290588378,25.981191117975328,21.27675146320143,0.1990962533628249,1.5888141904558455,489922786.2,0.8442148266015883,0.6254388953946218,0.056553844070795514
2025-05-28,23.554271697998047,23.755128860473633,22.82054901123047,23.37347984313965,350882679,0.0077347494625823465,0.007704989645935483,23.283866119384765,23.273380470275878,23.701178646087648,23.312217348513933,22.88321453556097,0.4290028129529624,0.5454800569969848,-0.11647724404402238,43.51890904949108,23.701178646087648,25.94316379708396,21.459193495091334,0.18918765049403127,1.5316478184291296,481888576.15,0.7281406872172436,0.7850829220327485,0.04877816461662742
2025-05-29,22.247188568115234,24.30491828918457,22.23751449584961,23.554014205932617,552513610,-0.05549240267929434,-0.057091548324161634,23.13775978088379,23.270819664001465,23.650879001617433,23.148366766914133,22.83610150093536,0.31226526597877324,0.4988370987933425,-0.18657183281456924,44.50918931379009,23.650879001617433,25.97868109635778,21.323076906877088,0.19684698353758032,1.5313716615949358,477261179.55,1.1576755740346492,0.004679333688957912,0.04918156737668165
2025-05-30,20.55556297302246,22.32855224609375,20.550596237182617,22.247116088867188,607428819,-0.07603772449329704,-0.0790840355476109,22.56053047180176,23.068050575256347,23.384236526489257,22.749473875546183,22.667172721089962,0.08230115445622133,0.4155299099259183,-0.333228755469697,39.57008178457328,23.384236526489257,25.850476297656574,20.91799675532194,0.2109318188236424,1.5657378605433874,475572694.3,1.2772575597387488,0.0027935088309358237,0.04394754479911271
2025-05-31,20.80081558227539,21.117164611816406,19.833385467529297,20.555707931518555,390994869,0.011931203712338245,0.011860588033088534,22.106264495849608,22.829330825805663,23.186661052703858,22.44968029196606,22.528924044140734,-0.07924375217467272,0.3165751775058001,-0.39581892968047283,43.94598051588322,23.186661052703858,25.818961810611327,20.55436029479639,0.2270530243163674,1.5784739085606165,472153815.25,0.8281090957466323,0.7535798595228895,0.043488668817759035
2025-06-01,20.873411178588867,20.969884872436523,20.239288330078125,20.80081558227539,244389466,0.0034900360529774854,0.003483960010120426,21.60625,22.392617225646973,22.988731479644777,22.20717735144649,22.40629346150726,-0.19911611006077123,0.21343691999248582,-0.41255303005325705,39.62434122014717,22.988731479644777,25.694407319119833,20.28305564016972,0.23539148663951112,1.483125822884696,445521177.8,0.548547360210359,0.8679521501487588,0.04349230966460483
2025-06-02,21.182096481323242,21.268600463867188,20.276948928833008,20.873411178588867,323844039,0.01478844545787572,0.014680162649271829,21.13181495666504,22.207840538024904,22.759397983551025,22.049472602196758,22.315612203715855,-0.26613960151909666,0.11752161569016929,-0.38366121720926594,44.6384494434907,22.759397983551025,25.241192626944407,20.277603340157643,0.21808965643002134,1.4222046988351005,436082585.35,0.742620893104646,0.9127677529701587,0.0425220427064665
2025-06-03,21.149673461914062,21.682941436767578,20.969694137573242,21.182109832763672,342488538,-0.0015306803761264698,-0.0015318530641598744,20.912311935424803,22.025035858154297,22.567537212371825,21.91104196523019,22.229246370989795,-0.3182044057596052,0.030376411400214375,-0.34858081715981953,42.75491249801187,22.567537212371825,24.913866183959875,20.221208240783774,0.20793841609812538,1.4014086042131697,428876332.65,0.7985717838141937,0.25233789461346845,0.04224399548946205
2025-06-04,20.1472110748291,21.619617462158203,20.13114356994629,21.14965057373047,327713101,-0.047398480590737035,-0.048558595603775914,20.830641555786134,21.695586013793946,22.403202533721924,21.639683366706944,22.075021534237152,-0.43533816753020815,-0.06276650438587016,-0.372571663144338,35.2261573270941,22.403202533721924,24.946190898062046,19.860214169381802,0.22702007541219565,1.3990165165492467,416118137.6,0.7875482258238387,0.010794616458465101,0.041357926555814176
2025-06-05,18.796627044677734,20.533674240112305,18.486703872680664,20.14665412902832,476076764,-0.06703578103863306,-0.06938842939391583,20.4298038482666,21.268034172058105,22.18847770690918,21.202290086394758,21.832177497973493,-0.6298874115787356,-0.17619068582444328,-0.4536967257542923,16.400179651485672,22.18847770690918,25.173678679303954,19.203276734514404,0.26907668131421436,1.386939185006278,421634282.0,1.1291225223474595,0.15140579239155127,0.043491426276130694
2025-06-06,19.6684627532959,19.92874526977539,18.717849731445312,18.79619026184082,307730766,0.04638256143221309,0.045339036283968084,20.188814163208008,20.897532081604005,22.062220954895018,20.966316650533393,21.67190233170108,-0.7055856811676868,-0.28206968489309203,-0.4235159962745948,29.62878880702428,22.062220954895018,25.253026885726854,18.871415024063182,0.28925518762188634,1.2604766573224748,422074331.25,0.729091402191258,0.7850495636568797,0.04460711070346375
2025-06-07,20.675182342529297,21.11813735961914,19.6050968170166,19.668466567993164,260705819,0.05118445716174236,0.049917582833858304,20.087431335449217,20.609623146057128,21.941501808166503,20.9215267569943,21.59807122139206,-0.676544464397761,-0.36096464079402585,-0.3155798236037351,37.49293157976421,21.941501808166503,25.151285513854962,18.731718102478045,0.2925764821160779,1.3208909715924944,413341774.6,0.6307270037060512,0.7072418010687624,0.04524777108958486
2025-06-08,21.055870056152344,21.472509384155273,20.176700592041016,20.675182342529297,311045653,0.018412786272746118,0.018245323438278217,20.068670654296874,20.49049129486084,21.88065547943115,20.94219495686477,21.557908172115045,-0.615713215250274,-0.4119143556852755,-0.2037988595649985,36.922098650271444,21.88065547943115,25.11007358420714,18.651237374655164,0.2951847679162805,1.3146648406982422,410675740.1,0.7573996285348144,0.678471594479729,0.04491488905723976
2025-06-09,21.9520263671875,21.99348258972168,20.244644165039062,21.055870056152344,418466692,0.042560877733632596,0.04168006889340607,20.429633712768556,20.630137634277343,21.849094104766845,21.09755363537596,21.587102112490783,-0.4895484771148233,-0.4274411799711851,-0.06210729714363822,44.195213755978855,21.849094104766845,25.06189573720288,18.63629247233081,0.2940901455255388,1.3641236168997628,413721565.05,1.011469373005554,0.9762949900276504,0.04588934369722198
2025-06-10,22.543359756469727,22.546127319335938,21.545150756835938,21.9520263671875,531852889,0.026937530931819387,0.026581102350362044,21.17898025512695,20.804392051696777,21.81686143875122,21.319985346313462,21.65793601204478,-0.3379506657313165,-0.40954307712321136,0.07159241139189487,45.82358378165918,21.81686143875122,24.985738707999896,18.647984169502546,0.29049799652851066,1.343158449445452,412989664.05,1.287811621686516,0.9972351272324999,0.04589429643928183
2025-06-11,21.593502044677734,22.72736358642578,21.362306594848633,22.543359756469727,467715657,-0.04213470050840107,-0.043048116855886005,21.56398811340332,20.876401138305663,21.63450918197632,21.362064838369502,21.653163125573148,-0.2910982872036456,-0.38585411913929824,0.09475583193565262,40.84377354726197,21.63450918197632,24.362982377654305,18.906035986298335,0.2522334269502238,1.3739068167550224,399939531.2,1.169465933004024,0.16936688325980884,0.041677077311958494
2025-06-12,20.35604476928711,21.593692779541016,20.20121192932129,21.593502044677734,389684875,-0.05730692839124851,-0.059014530125708446,21.50016059875488,20.79379596710205,21.500818252563477,21.20729252004913,21.557080284366773,-0.349787764317643,-0.37864084817496724,0.028853083857324213,41.1111047359556,21.500818252563477,24.203319280943465,18.79831722418349,0.25138587719169964,1.3256980351039342,383301004.7,1.0166549793027453,0.11119207767163741,0.03906090235258734
2025-06-13,19.417818069458008,20.35604476928711,18.526824951171875,20.35604476928711,679579060,-0.04609081530635484,-0.047186806306571995,21.172550201416016,20.620610427856445,21.322823143005373,20.931988758419728,21.39861641659575,-0.4666276581760229,-0.3962382101751784,-0.07038944800084451,44.24467331299709,21.322823143005373,24.084046599174137,18.561599686836608,0.258992295499533,1.32935973576137,400714839.2,1.695916880334987,0.4870891429184767,0.040090639423817215
2025-06-14,18.96038246154785,19.421146392822266,18.74554443359375,19.41777992248535,206828236,-0.023557518474727646,-0.02383943308812801,20.574221420288087,20.50192756652832,21.098756790161133,20.628664712747135,21.21800649399961,-0.5893417812524753,-0.4348589243906378,-0.1544828568618375,40.88575075664221,21.098756790161133,23.863307501641785,18.33420607868048,0.2620581619074191,1.2859185082571847,396323905.7,0.5218666677062878,0.31799497002566424,0.03968554324730024
2025-06-15,19.114946365356445,19.278240203857422,18.780080795288086,18.96049690246582,190913480,0.008151940190133544,0.008118892605510072,19.88853874206543,20.53375949859619,20.90089683532715,20.395784966994718,21.062224262248264,-0.6664392952535465,-0.4811749985632195,-0.185264296690327,41.36180606203251,20.90089683532715,23.63705963978598,18.164734030868317,0.2618225261830976,1.2693158558436803,389722754.6,0.4898699851281406,0.6722056385685928,0.039856104864835665
2025-06-16,19.078920364379883,19.967815399169922,18.937227249145508,19.114961624145508,337682963,-0.0018847032206094072,-0.0018864815084387735,19.385622406005858,20.47480525970459,20.686168670654297,20.193190412746283,20.91531286240616,-0.7221224496598779,-0.5293644887825513,-0.19275796087732666,39.38408495581765,20.686168670654297,23.275419190588565,18.09691815072003,0.25033640217846787,1.272097042628697,385926898.75,0.8749920362994651,0.13748762185567742,0.03956772294057645
2025-06-17,18.622413635253906,19.46585464477539,18.171117782592773,19.07805633544922,379172704,-0.023927283117039955,-0.02421819034137162,19.03889617919922,20.26952838897705,20.43957576751709,19.951532446978227,20.745468475209698,-0.7939360282314709,-0.5822787966723352,-0.21165723155913574,37.767203403068564,20.43957576751709,22.808761520794626,18.070390014239557,0.231823378354328,1.3136320114135742,387341400.0,0.9789108626137046,0.3485618293239427,0.039481711666232176
2025-06-18,18.160785675048828,18.885967254638672,18.095800399780273,18.622413635253906,326360202,-0.024788836143730286,-0.02510125311986443,18.787489700317384,19.980019950866698,20.235255622863768,19.676032943604476,20.554010490012598,-0.8779775464081219,-0.6414185466194926,-0.23655899978862927,39.85380723715552,20.235255622863768,22.65240623780405,17.818105007923485,0.23890487572681318,1.2637529373168945,376033729.6,0.867901404342532,0.08224247074723938,0.03823493734906373
2025-06-19,18.06515884399414,18.37000274658203,17.664466857910156,18.16054344177246,315246811,-0.005265566851882952,-0.005279478806727208,18.60844497680664,19.591333198547364,20.110735416412354,19.42820615904904,20.369651108826044,-0.9414449497770043,-0.7014238272509951,-0.24002112252600927,45.71441917472788,20.110735416412354,22.70826658425148,17.513204248573228,0.2583228424077702,1.167936188834054,361424629.2,0.8722338920227631,0.567925724032272,0.03486917997481317
2025-06-20,17.368581771850586,18.394975662231445,16.979022979736328,18.065204620361328,326554009,-0.038559144603100726,-0.0393222286930341,18.25917205810547,19.07385540008545,19.939123725891115,19.111340868710815,20.147349676457495,-1.0360088077466791,-0.768340823350132,-0.26766798439654715,36.24276084902862,19.939123725891115,22.78621765797801,17.09202979380422,0.2855786413913387,1.1825831277029855,358202586.2,0.9116461510349643,0.27512133292235763,0.035338346871242314
2025-06-21,16.790212631225586,17.631744384765625,16.506357192993164,17.368581771850586,326372168,-0.033299733289816946,-0.03386679361404316,17.80143051147461,18.593526458740236,19.734963798522948,18.75424421679001,19.89867285829217,-1.1444286415021594,-0.8435583869805376,-0.30087025452162175,25.506001792757345,19.734963798522948,22.87091344383154,16.599014153214355,0.3178064755855596,1.1548936026436942,362301721.3,0.9008297471757002,0.25222913303559485,0.03564422235743141
2025-06-22,16.499881744384766,17.086088180541992,15.70966911315918,16.79114532470703,443647758,-0.017291674216256103,-0.017442921294152137,17.376924133300783,18.20791015625,19.500853061676025,18.407419221035358,19.64691055355829,-1.239491332522931,-0.9227449760890163,-0.3167463564339148,20.94430609847832,19.500853061676025,22.872179897096192,16.12952622625586,0.34576198536110747,1.160651479448591,368291907.25,1.2046090323099272,0.574107584100137,0.03517845779591095
2025-06-23,18.099651336669922,18.175745010375977,16.322071075439453,16.499879837036133,519115911,0.09695642775316182,0.09253946104496727,17.364697265625,18.076093482971192,19.34835195541382,18.360070315748366,19.532298759714706,-1.1722284439663397,-0.9726416696644812,-0.19958677430185856,27.454902079848836,19.34835195541382,22.681357168415545,16.015346742412092,0.3445260062130641,1.1681397301810128,377123275.9,1.3765151720246818,0.9589498013316142,0.042769160184315834
2025-06-24,18.226329803466797,18.47254180908203,17.9340877532959,18.099651336669922,355342749,0.006998945142121293,0.006974566210674296,17.396931457519532,18.002688217163087,19.252307891845703,18.339494852320435,19.435560318511158,-1.0960654661907228,-0.9973264289697296,-0.0987390372209932,23.282577280864714,19.252307891845703,22.59906300171626,15.905552781975146,0.3476731339091114,1.1351024082728796,378504758.3,0.9388065571380692,0.5427427681212333,0.0417761408199185
2025-06-25,17.569374084472656,18.349748611450195,17.444421768188477,18.226329803466797,278415199,-0.036044323024879255,-0.03670996367019918,17.437089920043945,17.848130989074708,19.19094524383545,18.221014734190007,19.297324301174974,-1.0763095669849676,-1.0131230565727773,-0.06318651041219026,24.15842884180192,19.19094524383545,22.616943985961033,15.764946501709867,0.35704325124121633,1.1022645405360632,368621680.05,0.7552870980411017,0.13801901029887767,0.0398523607375471
2025-06-26,17.227298736572266,17.986366271972656,17.13741111755371,17.569374084472656,235439480,-0.019469979195371967,-0.01966201596169618,17.524507141113283,17.662968826293945,19.06888704299927,18.068135349941123,19.143989074167365,-1.075853724226242,-1.0256691901034702,-0.050184534122771796,27.297558534389893,19.06888704299927,22.59571327708407,15.542060808914465,0.36990373125940773,1.063441276550293,365007115.75,0.6450270962970945,0.10588029001517049,0.03827927445778616
2025-06-27,17.57777214050293,17.732440948486328,17.10713005065918,17.227590560913086,210772393,0.020344071887871573,0.020139895795031212,17.740085220336915,17.55850467681885,18.91401653289795,17.9926948561814,19.027973005007034,-1.0352781488256326,-1.0275909818479028,-0.007687166977729865,35.40345022508046,18.91401653289795,22.41578848047444,15.412244585321462,0.37028327023884205,0.9774477822440011,362510444.45,0.5814243319796851,0.7526529346483865,0.03643452954998336
2025-06-28,17.98171615600586,18.06293487548828,17.502666473388672,17.57777214050293,142224426,0.02298038751862963,0.022720315249671767,17.716498184204102,17.54059772491455,18.760308837890626,17.991005825385166,18.950472497673612,-0.9594666722884462,-1.0139661199360115,0.05449944764756531,42.17007456926507,18.760308837890626,22.133751824968112,15.38686585081314,0.35963618895911414,0.9692096710205078,354069383.1,0.4016851859790189,0.8550360367844865,0.036619108959647394
2025-06-29,18.741649627685547,18.86417007446289,17.814878463745117,17.98171615600586,209495241,0.042261454084062455,0.04139282748481293,17.81956214904785,17.60824680328369,18.599790000915526,18.106489487277532,18.935004136933756,-0.8285146496562241,-0.9768758258800541,0.14836117622382994,47.27715189378562,18.599790000915526,21.62089192527056,15.578688076560493,0.32485333696846336,1.0085762568882533,343620810.55,0.6096698295562529,0.8832350755898223,0.03659773432202565
2025-06-30,17.974863052368164,18.839963912963867,17.7498722076416,18.741649627685547,282289662,-0.04091350497688684,-0.04177401523245508,17.90065994262695,17.66887493133545,18.37136516571045,18.086239266522245,18.863882575114083,-0.7776433085918377,-0.937029322422411,0.15938601383057327,42.72272940769431,18.37136516571045,20.762081999179433,15.980648332241469,0.2602655613129041,1.0128265108380998,331142649.2,0.8524714731913186,0.20639625231905198,0.03640619520780422
2025-07-01,17.105613708496094,18.045793533325195,16.990581512451172,17.974628448486328,227124257,-0.04835916364645387,-0.04956758811390756,17.876322937011718,17.7004150390625,18.146970748901367,17.935373796056684,18.733640436846084,-0.7982666407894001,-0.9092767860958089,0.11101014530640874,40.51810150271947,18.146970748901367,20.0587985733138,16.235142924488933,0.21070489955224925,0.9957175936017718,319113079.2,0.711735970112503,0.10901334772466692,0.03671488015250711
2025-07-02,18.5111026763916,18.8011474609375,17.01713752746582,17.10577964782715,384284559,0.08216536347932513,0.07896400005853538,18.062989044189454,17.901537132263183,18.05472364425659,18.023947469954365,18.7171561582939,-0.693208688339535,-0.8660631665445542,0.1728544782050192,51.9587724299477,18.05472364425659,19.673303282165662,16.43614400634752,0.17929708255866436,1.0667063849312919,318843063.4,1.2052467282874564,0.8374197433106949,0.0404978660606822
2025-07-03,18.539133071899414,19.15391731262207,18.3768310546875,18.5111026763916,319916417,0.0015142477462222192,0.0015131024291538298,18.174472427368165,17.945485305786132,18.010789394378662,18.103206793330525,18.70396926300542,-0.6007624696748941,-0.8130030271706221,0.212240557495728,52.670378920234114,18.010789394378662,19.517411403729245,16.50416738502808,0.16730216276037446,1.071817125592913,300859931.25,1.063340058846736,0.20885971597889524,0.03927299168668978
2025-07-04,17.795116424560547,18.864965438842773,17.53482437133789,18.540117263793945,274810097,-0.04013222433073782,-0.04095973768426108,17.985165786743163,17.902363967895507,17.952526092529297,18.055808275058222,18.636646830528022,-0.5808385554697999,-0.7665701328304577,0.18573157736065782,52.390326034883,17.952526092529297,19.393210689691674,16.51184149536692,0.16049937370784817,1.0656877245221819,304259024.3,0.9032109980377663,0.19568755346682445,0.03993011803656317
2025-07-05,17.9272518157959,17.990964889526367,17.647428512573242,17.795116424560547,113907263,0.007425373798228163,0.007397941423599487,17.97564353942871,17.93815174102783,17.89314136505127,18.036030358248635,18.584099051658978,-0.5480686934103431,-0.7228698449464349,0.17480115153609177,56.70750862550846,17.89314136505127,19.225954337804467,16.560328392298075,0.14897473233586972,1.0098412377493722,300408713.45,0.37917429788187124,0.814537597325426,0.0399203149760985
2025-07-06,18.2985897064209,18.58559226989746,17.765676498413086,17.9272518157959,183551796,0.020713598182283022,0.020501988747001716,18.214238739013673,18.045280838012694,17.85412483215332,18.07642410412129,18.562950211270973,-0.4865261071496825,-0.6756010973870845,0.18907499023740204,60.51030845912648,17.85412483215332,19.082364927153968,16.625884737152674,0.13758614399163618,0.9700910023280552,292702155.1,0.6270941050546436,0.6499609106718579,0.04025599204377808
2025-07-07,18.004047393798828,18.56276512145996,17.823976516723633,18.2985897064209,194097862,-0.016096448816419806,-0.016227403823730027,18.112827682495116,18.087908363342287,17.823206520080568,18.065289225610144,18.52155000256933,-0.4562607769591871,-0.6317330333015051,0.175472256342318,49.34081229852454,17.823206520080568,19.000072605668734,16.6463404344924,0.13205997296415173,0.8904563358851841,283448413.0,0.6847731477685147,0.2437380239535258,0.040062299789024494
2025-07-08,18.362350463867188,18.472251892089844,17.710115432739258,18.004047393798828,243240584,0.019901251214866855,0.019705810075099556,18.07747116088867,18.125971794128418,17.833284759521483,18.110990954572767,18.50975744414695,-0.39876648957418226,-0.5851397245560406,0.18637323498185832,50.9088313932594,17.833284759521483,19.02567294774617,16.640896571296796,0.1337261423572627,0.9064336504255023,279292432.1,0.8709172037748172,0.8557982164056485,0.03990829711607584
2025-07-09,19.5084285736084,19.595693588256836,18.11138916015625,18.362350463867188,443768517,0.06241456462757444,0.060544208821113714,18.420133590698242,18.202649688720705,17.905448246002198,18.325981357501323,18.583733083366315,-0.25775172586499195,-0.5196621248178308,0.26191039895283885,62.1610538799296,17.905448246002198,19.312325369311846,16.49857112269255,0.1571451442019907,0.947789192199707,285718517.4,1.5531668057017576,0.9412081360073897,0.042130611221067184
2025-07-10,20.68787384033203,20.750293731689453,19.361339569091797,19.5084285736084,541689104,0.06045824051247384,0.05870111707848604,18.972257995605467,18.47395076751709,18.07141284942627,18.689349431782972,18.739595361660072,-0.05024592987710008,-0.42577888582968465,0.37553295595258457,69.6405645209829,18.07141284942627,19.924119090552153,16.218706608300387,0.20504276633630256,0.9863605499267578,296475272.15,1.8270970798736141,0.9550597834047451,0.042597900991777196
2025-07-11,20.691051483154297,21.465890884399414,20.398874282836914,20.68787384033203,653443134,0.0001535992942913733,0.00015358749912757367,19.45075035095215,18.83249454498291,18.266454792022706,18.997303593532404,18.88414766695594,0.11315592657646434,-0.31799192334845483,0.43114784992491917,68.39462753430367,18.266454792022706,20.357270667040478,16.175638917004935,0.22892410145518424,1.0179109573364258,312828820.45,2.0888201191310665,0.27382629019198607,0.04146537600373127
2025-07-12,20.672183990478516,21.039222717285156,20.20783233642578,20.691051483154297,418609980,-0.0009118672722429055,-0.000912283276116771,19.984377670288087,19.048602676391603,18.47506990432739,19.254977500754883,19.016594802031687,0.23838269872319628,-0.2067169989341246,0.4450996976573209,66.65430897687773,18.47506990432739,20.654448120934372,16.29569168772041,0.2359263838126543,1.0372768129621233,311576931.55,1.3435204522926112,0.5585242013354913,0.04103043422425773
2025-07-13,21.19805335998535,21.730775833129883,20.671934127807617,20.672183990478516,543346177,0.025438500825507804,0.025120326791032665,20.55151824951172,19.314494705200197,18.629990005493163,19.5539122483288,19.178184324843066,0.3757279234857336,-0.09022801445015295,0.4659559379358865,65.65919201160071,18.629990005493163,21.1159387175987,16.144041293387627,0.2668760113529357,1.0379589625767298,312788444.85,1.7371043782022242,0.49688185171058025,0.03606322696610898
2025-07-14,21.281078338623047,22.050861358642578,21.080928802490234,21.19805335998535,566212798,0.003916632212768167,0.003908982177234239,20.906048202514647,19.663090896606445,18.782727432250976,19.819630108374067,19.33395425178973,0.48567585658433643,0.024952759756744956,0.4607230968275915,73.0894922975484,18.782727432250976,21.526273854292,16.03918101020995,0.29213504076412294,1.0293761662074499,323331947.3,1.7511811088517202,0.2063540735896641,0.03607675229321216
2025-07-15,22.51393699645996,22.556716918945312,20.44561004638672,21.281078338623047,857272986,0.05793215166166643,0.05631620251555469,21.271260833740236,20.12175941467285,19.02995557785034,20.234138860387283,19.56950852917271,0.6646303312145712,0.15288827404831024,0.511742057166261,85.94441462653427,19.02995557785034,22.174900944389364,15.885010211311316,0.3305257706643877,1.1047972270420618,352274836.65,2.4335345497633063,0.9797357808651054,0.036105054269291774
2025-07-16,22.66943359375,23.010988235473633,21.63014030456543,22.51393699645996,678757694,0.0069066817284995086,0.006882939857924391,21.666937255859374,20.55884380340576,19.30206232070923,20.60879958859693,19.799132608030288,0.809666980566643,0.28424401535197685,0.5254229652146661,83.14370369919929,19.30206232070923,22.720160388458645,15.883964252959816,0.354169208549506,1.0759999411446708,374440747.35,1.8127239057279911,0.7526486142283071,0.03532658671812353
2025-07-17,23.859947204589844,24.171642303466797,22.065706253051758,22.66943359375,871888122,0.05251624862687665,0.05118372458053128,22.30448989868164,21.144433784484864,19.616171073913574,21.10897614490353,20.09993368925692,1.009042455646611,0.42920370341090375,0.5798387522357074,85.77899672970997,19.616171073913574,23.49116445838152,15.741177689445628,0.39508152430634924,1.1709177834647042,407496533.8,2.1396209530163124,0.851992130845832,0.036329477352707244
2025-07-18,23.524816513061523,24.981237411499023,23.173297882080078,23.86026954650879,974862546,-0.014045743213708883,-0.014145318167349064,22.769842529296874,21.6606803894043,19.893326091766358,21.480643893850917,20.353628713242447,1.1270151806084705,0.5687659988504171,0.5582491817580534,90.77044681990535,19.893326091766358,24.058185182775446,15.728467000757272,0.4187192299364036,1.2050462450299944,449128439.8,2.1705651649094255,0.19443052343134223,0.0368948129945067
2025-07-19,24.51840591430664,25.107561111450195,23.073280334472656,23.52482795715332,638080409,0.04223579812805145,0.04136821151951476,23.417308044433593,22.161678123474122,20.18216390609741,21.947991896997948,20.66213072813609,1.2858611688618566,0.7121850328527051,0.5736761360091516,91.7783827529368,20.18216390609741,24.78857139898488,15.575756413209941,0.4564830128543142,1.3258137021745955,470557698.2,1.3560088623367887,0.7103864860175472,0.03689378504880877
2025-07-20,25.073537826538086,25.485092163085938,24.34065055847168,24.51840591430664,701378743,0.022641435751233896,0.022388922842099646,23.929228210449217,22.600244522094727,20.537097644805907,22.4288451169272,20.988901624314018,1.4399434926131818,0.8577367248048006,0.5822067678083812,91.96558278364148,20.537097644805907,25.506986027503395,15.56720926210842,0.48399130867008705,1.3489941188267298,491512152.25,1.4269814892455692,0.6403885167295591,0.03456385910636889
2025-07-21,25.453935623168945,26.33971405029297,24.693344116210938,25.073537826538086,868415767,0.015171285331272433,0.01505735227735064,24.48612861633301,23.076532936096193,20.95451374053955,22.89424365634901,21.319644883488454,1.5745987728605542,1.0011091344159513,0.5734896384446029,95.66066202627447,20.95451374053955,26.10977665810889,15.799250822970212,0.49204319235485133,1.4138213566371374,523576727.75,1.6586217854485226,0.4619809233592951,0.030937235953871375
2025-07-22,25.86503791809082,26.04902458190918,24.804336547851562,25.453935623168945,1243077434,0.01615083423671737,0.016021797031765903,24.887146759033204,23.595818328857423,21.32221050262451,23.35128892738621,21.656340663829372,1.6949482635568387,1.1398769602441288,0.5550713033127099,95.68856636242228,21.32221050262451,26.783624753664974,15.86079625158405,0.5122746771839839,1.4482893262590681,566516371.5,2.1942480333068364,0.8521825009111741,0.0273242180036805
2025-07-23,23.95308494567871,26.00019645690918,23.203527450561523,25.86503791809082,906923526,-0.07392036224601195,-0.07679504613975299,24.97280044555664,23.87132148742676,21.592908096313476,23.443872930200442,21.82646986989229,1.6174030603081526,1.2353821802569336,0.38202088005121904,74.7570172929829,21.592908096313476,27.010013621885083,16.17580257074187,0.5017485835079769,1.542029653276716,595866726.95,1.5220241120731366,0.26801794947336355,0.03399713447253807
2025-07-24,23.654624938964844,24.4305362701416,22.639957427978516,23.953332901000977,682806176,-0.01246019071826121,-0.012538469822717686,24.80004425048828,24.108676147460937,21.88588352203369,23.4762963161642,21.961888763897665,1.5144075522665332,1.2911872546588536,0.22322029760767959,68.32329189532025,21.88588352203369,27.066813454062583,16.7049535900048,0.4734494658909221,1.5707171303885323,616266530.9,1.1079721869737515,0.5666701076920304,0.032218542407264565
2025-07-25,24.0047664642334,24.021987915039062,22.913436889648438,23.654624938964844,590812697,0.014802243796805614,0.014693759813471643,24.586289978027345,24.25775909423828,22.189759254455566,23.557599415867152,22.11321303799661,1.4443863778705435,1.3218270793011917,0.12255929856935177,69.6251130453485,22.189759254455566,27.098864795983417,17.280653712927716,0.44246586772158264,1.5736838749476842,640111802.6,0.922983601614972,0.9844648913258237,0.03217153816130218
2025-07-26,24.94505500793457,25.71159553527832,23.86664581298828,24.0047664642334,540019054,0.039170909873344595,0.03842319317388689,24.48451385498047,24.485321235656738,22.52208251953125,23.771054122339063,22.322979109843864,1.4480750124951989,1.3470766659399933,0.10099834655520556,72.81551697342105,22.52208251953125,27.217285804681552,17.826879234380947,0.4169421971594857,1.6460809707641602,657935165.5,0.8207785239592882,0.5845195541494328,0.0326000251334744
2025-07-27,25.98979949951172,26.374675750732422,24.775728225708008,24.94477653503418,538780547,0.041881827530339644,0.04102852761995217,24.50946617126465,24.698306465148924,22.921370124816896,24.112399564981008,22.594595435004447,1.517804129976561,1.381222158747307,0.13658197122925397,74.24277485206363,22.921370124816896,27.34944428844744,18.49329596118635,0.38637080938161567,1.6846599578857422,675169299.75,0.7979932547281079,0.7592940025922573,0.03215939725103539
2025-07-28,25.087413787841797,27.306808471679688,25.0325927734375,25.98979949951172,1099619833,-0.03472076464794871,-0.035337856441446144,24.736331939697266,24.854566192626955,23.257623291015626,24.262401753113437,22.77924864632573,1.4831531067877073,1.4016083483553872,0.08154475843232012,67.78296755391878,23.257623291015626,27.22546785606976,19.289778725961494,0.3412080860890806,1.777823039463588,717988262.2,1.5315289829817498,0.024105459392270996,0.03432673786565414
2025-07-29,24.355276107788086,25.483692169189453,23.93816375732422,25.088191986083984,780523121,-0.029183465710942658,-0.02961777366259541,24.876462173461913,24.838253211975097,23.49996566772461,24.276690115371075,22.895991421248866,1.3806986941222092,1.3974264175087516,-0.01672772338654238,59.0248686082666,23.49996566772461,27.07640285297495,19.923528482474268,0.30437807746777285,1.737424577985491,734825992.4,1.0621876867076374,0.26988332570453255,0.03395694003397123
2025-07-30,23.30423355102539,24.47407341003418,22.539926528930664,24.355276107788086,661309834,-0.043154614717203055,-0.044113462459664,24.736355590820313,24.661322784423827,23.63078365325928,24.127081413164046,22.92623157901009,1.2008498341539564,1.3581111008377926,-0.15726126668383622,52.860227355151245,23.63078365325928,26.95675712133808,20.30481018518048,0.2814949784892186,1.7769459315708704,740807028.9,0.8926883900952685,0.39516493065252967,0.03403146506127283
2025-07-31,22.499839782714844,24.084766387939453,22.4720401763916,23.30423355102539,585941325,-0.03451706603219973,-0.03512685311877746,24.247312545776367,24.36591320037842,23.721223068237304,23.876736546941093,22.894647001506737,0.9820895454343557,1.2829067897571054,-0.3008172443227497,43.65082530865824,23.721223068237304,26.799787180730434,20.642658955744174,0.2595620051830569,1.7417166573660714,737431938.45,0.7945700402285037,0.017237647625373678,0.035234924847421495
2025-08-01,21.558088302612305,22.559520721435547,21.14776611328125,22.49873161315918,765144788,-0.04185591938419153,-0.042757115017302914,23.360970306396485,23.935218238830565,23.765518283843996,23.520021432428972,22.795642653440485,0.7243787789884877,1.1712011876033819,-0.4468224086148942,41.311134480689766,23.765518283843996,26.68051280831346,20.850523759374532,0.2453129352917249,1.7134177344185966,754758678.85,1.0137608343448596,0.29064696091981107,0.03674106769456765
2025-08-02,20.869081497192383,21.79538345336914,20.70446014404297,21.558349609375,350475266,-0.0319604779305237,-0.03248236395485426,22.5173038482666,23.626817893981933,23.749069690704346,23.11218451931565,22.65293441964433,0.4592500996713227,1.02881097001697,-0.5695608703456474,33.43164845008211,23.749069690704346,26.728074325548594,20.770065055860098,0.25087337513774394,1.6460350581577845,745115133.3,0.47036390798801675,0.15090093889559109,0.03711503809247213
2025-08-03,21.37859535217285,21.527498245239258,20.682100296020508,20.869081497192383,268323585,0.024414771443056482,0.024121494843973385,21.921967697143554,23.399214935302734,23.753945541381835,22.845478493601377,22.558538933164957,0.2869395604364193,0.8804366881008598,-0.5934971276644405,33.154760476198916,23.753945541381835,26.71621414982878,20.79167693293489,0.24941276414786465,1.6246747970581055,730220672.65,0.36745547620042446,0.8238664980880596,0.03751339174640427
2025-08-04,23.090251922607422,23.102018356323242,21.356060028076172,21.378673553466797,574414794,0.08006403331173972,0.07702032948200233,21.87917137145996,23.307763481140135,23.78276128768921,22.883135944217692,22.597925080531066,0.2852108636866255,0.761391523218013,-0.47618065953138744,40.39041891613783,23.78276128768921,26.705185616518058,20.86033695886036,0.2457598841007246,1.6317882537841797,716077763.05,0.8021681773127364,0.9932607534452205,0.039555165426519795
2025-08-05,21.903446197509766,23.108564376831055,21.480941772460938,23.090240478515625,441314304,-0.051398561136341114,-0.05276654871115453,21.759892654418945,23.003602600097658,23.744461917877196,22.73241444472416,22.546482200307263,0.1859322444168967,0.6462996674577898,-0.46036742304089306,34.8496773522475,23.744461917877196,26.74729106171876,20.741632774035633,0.2529288011854869,1.6591407230922155,704205593.55,0.626683894649675,0.25958377655764847,0.041285761760642505
2025-08-06,22.230154037475586,22.371213912963867,21.591041564941406,21.903446197509766,372181882,0.01491581904599859,0.01480567215380175,21.894305801391603,22.627638053894042,23.662972259521485,22.655143612839765,22.523050484541955,0.13209312829781084,0.543458359625794,-0.4113652313279832,42.50184774329617,23.662972259521485,26.740142827141085,20.585801691901885,0.2600831826087622,1.5151052474975586,679220281.55,0.5479546063475466,0.819193946007223,0.03954430720029791
2025-08-07,23.346223831176758,23.348739624023438,21.969938278198242,22.230154037475586,549785933,0.050205220882397095,0.048985593531296015,22.389734268188477,22.45351905822754,23.654042625427245,22.761463646430073,22.584026287996384,0.17743735843368924,0.4702541593873731,-0.29281680095368384,48.74701401547094,23.654042625427245,26.733936561565592,20.574148689288897,0.2604116332171967,1.4856925691877092,657966450.9,0.8355835350692651,0.9981753696164782,0.04115853847435964
2025-08-08,23.797428131103516,23.861433029174805,23.042217254638672,23.34620475769043,729617997,0.019326650133638212,0.019142262375447375,22.87350082397461,22.397734260559083,23.61799373626709,22.920842797918297,22.67390790600432,0.24693489191397688,0.42559030589269387,-0.17865541397871698,49.164477781127225,23.61799373626709,26.672058902384133,20.563928570150043,0.25862189652691064,1.4650257655552454,662543330.3,1.1012381585210866,0.9218705141191453,0.04024224611776622
2025-08-09,24.247360229492188,24.778728485107422,23.76058578491211,23.797428131103516,727745169,0.018906753112560404,0.018730241822404493,23.104922485351562,22.492046928405763,23.576684856414794,23.12492240277582,22.790459929966385,0.33446247280943453,0.40736473927604205,-0.07290226646660752,47.07277783335001,23.576684856414794,26.569592500819752,20.583777212009835,0.25388706365056596,1.405968121119908,663861651.6,1.096230166701197,0.4781004074435687,0.04013665773450914
2025-08-10,23.863525390625,24.517284393310547,23.306547164916992,24.247360229492188,504053150,-0.015829963972751493,-0.01595659601752947,23.49693832397461,22.628415489196776,23.4971643447876,23.238553631675693,22.86994626038554,0.3686073712901532,0.39961326567886435,-0.031005894388711153,40.55530195278651,23.4971643447876,26.36182538336024,20.632503306214957,0.24383036153110216,1.3782388142177038,645643520.75,0.7806988435576274,0.4600322911080397,0.040081587174406
2025-08-11,22.852481842041016,24.578447341918945,22.687213897705078,23.863525390625,672266231,-0.04236773620134027,-0.043291432951458174,23.621403884887695,22.757854843139647,23.346536540985106,23.179157971731893,22.868652599767426,0.31050537196446726,0.381791686935985,-0.07128631497151772,40.16756660053242,23.346536540985106,25.995661885329753,20.69741119664046,0.2269394725589449,1.3508829389299666,617102960.6,1.0893907077456986,0.08738632661541765,0.040781447382133365
2025-08-12,24.666894912719727,24.84104347229004,22.792320251464844,22.852502822875977,723957827,0.07939676238319082,0.07640233173819864,23.88553810119629,23.137636184692383,23.38222703933716,23.408040578037713,23.00185573406019,0.40618484397752397,0.38667031834429283,0.01951452563323114,51.251744940629884,23.38222703933716,26.0844611328568,20.67999294581752,0.23113573304831292,1.3868254252842493,607954675.65,1.190808880984383,0.9149965368918241,0.041621511357588695
2025-08-13,25.53123664855957,25.653371810913086,24.396682739257812,24.666894912719727,830742273,0.03504055694477115,0.034440611403487725,24.2322998046875,23.552900314331055,23.476057624816896,23.734686127348766,23.189217283282364,0.5454688440664022,0.4184300234887148,0.1270388205776874,59.08189402041808,23.476057624816896,26.343397720527616,20.608717529106176,0.24427782053828417,1.3384355817522322,615351480.5,1.3500288848334054,0.9028119412061393,0.0420886574690235
2025-08-14,23.670026779174805,25.966611862182617,23.240381240844727,25.531145095825195,1194349911,-0.07289932309212177,-0.0756931142347692,24.116833114624022,23.610877799987794,23.459320640563966,23.724738535322004,23.22483280149662,0.4999057338253827,0.4347251655560484,0.06518056826933433,54.39342121488626,23.459320640563966,26.317559876964097,20.601081404163835,0.24367621553864555,1.4179716110229492,645528341.2,1.850189735712877,0.1575969154595078,0.045413364138083306
2025-08-15,23.756633758544922,25.61908721923828,23.507732391357422,23.670026779174805,1228378186,0.003658930350104894,0.003652252748081676,24.09545478820801,23.79619655609131,23.399899578094484,23.729645492740918,23.264225464981678,0.4654200277592402,0.4408641379966868,0.024555889762553407,58.820752024186625,23.399899578094484,26.176328409138492,20.623470747050476,0.23730262788333725,1.4679430552891322,679946297.8,1.8065811814469448,0.11788703761292878,0.044497412097620224
2025-08-16,24.313249588012695,24.365535736083984,23.61323356628418,23.756633758544922,447538373,0.023429911624897937,0.023159644658526556,24.387608337402344,24.00450611114502,23.316072082519533,23.81943073816735,23.34193095557657,0.47749978259077963,0.4481912669155054,0.029308515675274205,63.966668151712256,23.316072082519533,25.854274167426414,20.77786999761265,0.21772124189046543,1.443755831037249,675384189.1,0.6626426561693403,0.9304984626188336,0.04373528418733598
2025-08-17,25.075254440307617,25.63945960998535,24.059242248535156,24.31339454650879,677983365,0.03134113560330576,0.030860028680366115,24.469280242919922,24.177409172058105,23.315464115142824,24.012634384650465,23.47032528777887,0.5423090968715947,0.4670148329067233,0.07529426396487138,64.68974625069694,23.315464115142824,25.851884941990807,20.77904328829484,0.21757412285013364,1.4962429319109236,654302365.7,1.0361927459557096,0.6429572349530922,0.04366248631332701
2025-08-18,23.700531005859375,25.243305206298828,23.409265518188477,25.075254440307617,845916501,-0.05482390767841705,-0.05638402776669691,24.103139114379882,24.167719459533693,23.282726860046388,23.964618480221066,23.48737756319224,0.4772409170288263,0.46906004973114396,0.00818086729768236,52.49184757551817,23.282726860046388,25.77922665710863,20.786227062984146,0.21445080828107674,1.5025344576154436,657572034.7,1.2864240818664485,0.15881089595334016,0.044949042806045544
2025-08-19,22.331470489501953,24.05135154724121,22.32782554626465,23.70067024230957,629987997,-0.05776497227083033,-0.059500536874463085,23.835427856445314,23.976130485534668,23.234088706970216,23.713364943187358,23.401754816992963,0.3116101261943953,0.43757006502379425,-0.12595993882939893,51.72204802838669,23.234088706970216,25.766470199829094,20.701707214111337,0.21798845005693424,1.5093847002301897,656005942.85,0.9603388564790042,0.0021148176552551337,0.0457912115236303
2025-08-20,23.42913055419922,23.53995704650879,22.29598045349121,22.331470489501953,533017799,0.04915305802245662,0.0479832272762278,23.76992721557617,23.93269100189209,23.280553245544432,23.669636575650724,23.403782649378613,0.26585392627211135,0.4032268372734577,-0.13737291100134635,54.54201783225873,23.280553245544432,25.79020962349234,20.770896867596523,0.21560109431061067,1.5425135748726981,653359766.55,0.8158105630142279,0.9109094961748214,0.04639901508142044
2025-08-21,22.77045440673828,23.55899429321289,22.72098159790039,23.42913055419922,402640962,-0.028113554872947755,-0.028516307347361824,23.46136817932129,23.924488258361816,23.341171550750733,23.531300857356502,23.356869446220067,0.17443141113643534,0.35746775204605324,-0.1830363409096179,47.74054377724968,23.341171550750733,25.731375490969583,20.950967610531883,0.20480582433677993,1.5038858141217912,635234575.25,0.6338461061278639,0.05903586965240809,0.04579689215049113
2025-08-22,25.23882293701172,25.35968017578125,22.267305374145508,22.77067756652832,1050508414,0.10840225171540685,0.10291956550535074,23.494081878662108,23.981681060791015,23.5596586227417,23.793996561918842,23.496273408500933,0.297723153417909,0.3455188323204244,-0.047795678902515404,54.88327280716492,23.5596586227417,25.79206234017098,21.327254905312422,0.18951070159177777,1.6662543160574776,670236232.65,1.5673703730496165,0.9609176583916093,0.05054742516385059
2025-08-23,26.21869468688965,26.686969757080078,24.504411697387695,25.238691329956055,1233455583,0.03882398764488282,0.03808929222725868,23.997714614868165,24.050426864624022,23.80166358947754,24.167027042683582,23.697934243937137,0.46909279874644483,0.37023362560562856,0.09885917314081627,56.44714436617566,23.80166358947754,26.08728606234579,21.516041116609287,0.19205569092058764,1.7494268417358398,718492832.55,1.716726357063783,0.7854466798876834,0.050854156697631804
2025-08-24,25.72537612915039,26.51149559020996,24.962007522583008,26.21901512145996,898451908,-0.018815526998219978,-0.018994791221808884,24.67649574279785,24.25596179962158,23.93341979980469,24.406773055986168,23.848115124323304,0.5586579316628644,0.40791848681707576,0.1507394448457886,56.045788511796566,23.93341979980469,26.34661607801823,21.52022352159115,0.20165912756297646,1.773623330252511,734694688.25,1.2228915253764256,0.492658586787247,0.04859100858190902
2025-08-25,23.379615783691406,25.914466857910156,23.133333206176758,25.725385665893555,940439266,-0.09118468603461605,-0.09561338040305883,24.66659278869629,24.21826000213623,24.007228279113768,24.24874886024851,23.813411469461684,0.4353373907868274,0.41340226761102616,0.021935123175801263,51.57516746805266,24.007228279113768,26.24276210428316,21.771694453944377,0.186238394468411,1.8371876307896204,759650936.35,1.2379886879606292,0.08855474330606167,0.05179609886876032
2025-08-26,24.180391311645508,24.343889236450195,23.144590377807617,23.379741668701172,618664019,0.03425101316304291,0.033677505970258044,24.948580169677733,24.20497417449951,24.104740142822266,24.238232314309585,23.8405951614753,0.39763715283428525,0.410249244655678,-0.012612091821392779,48.45249767026481,24.104740142822266,26.178154608753292,22.03132567689124,0.17203375382981947,1.7765144620622908,771975043.2,0.801404170315541,0.8636720678393185,0.05217897986550866
2025-08-27,24.42285919189453,25.302324295043945,23.90983009338379,24.180316925048828,776300691,0.010027458907674758,0.009977517520909022,24.785387420654295,24.1397346496582,24.158571910858154,24.266636449322654,23.883725830395242,0.3829106189274114,0.4047815195100248,-0.021870900582613373,46.32917590991251,24.158571910858154,26.204794175892474,22.112349645823834,0.16939927348227388,1.786214828491211,783300781.1,0.9910633433938753,0.36842458246135174,0.05113040603656356
2025-08-28,24.89027976989746,24.94378662109375,24.166379928588867,24.423200607299805,632225259,0.019138650979818816,0.018957810715416936,24.51970443725586,24.258709526062013,24.213214492797853,24.362581575564935,23.958285381469484,0.40429619409545126,0.4046844544271101,-0.00038826033165884066,54.45239552079674,24.213214492797853,26.27712119847365,22.149307787122055,0.17047771218395646,1.6470131192888533,778431144.2,0.8121787825559613,0.9311726268581366,0.05112736007475539
2025-08-29,23.575597763061523,25.183988571166992,23.231481552124023,24.889982223510742,845036299,-0.052819093195807576,-0.054265172568026966,24.089748764038085,24.38312225341797,24.179626369476317,24.241507142872102,23.929938150476303,0.3115689923957987,0.38606136202084784,-0.07449236962504913,49.3937744535667,24.179626369476317,26.262966433102594,22.09628630585004,0.17232194011535493,1.635666847229004,784295700.7,1.077446042667055,0.17624326356774772,0.052486454603649105
2025-08-30,23.78620147705078,23.911325454711914,23.15150260925293,23.575477600097656,319309453,0.008933122973417529,0.008893458672758467,24.171065902709962,24.418829345703124,24.175760173797606,24.17146011736113,23.91929098948182,0.25216912787930923,0.35928291519254013,-0.1071137873132309,48.193233194894646,24.175760173797606,26.261855343254187,22.089665004341025,0.17257742089264697,1.6362040383475167,775058515.85,0.4119810910661578,0.8353247908217376,0.052387786906929204
2025-08-31,23.406009674072266,24.187524795532227,23.405506134033203,23.78620147705078,293421664,-0.01598371237817564,-0.016112829605670485,24.016189575195312,24.482384872436523,24.20343656539917,24.053698510701302,23.881270151303333,0.1724283593979692,0.32191200403362596,-0.14948364463565678,44.12385938757047,24.20343656539917,26.22943327405926,22.177439856739078,0.16741397058931895,1.5791898454938615,756116287.5,0.38806420235987843,0.0006438977193438134,0.051560182255929225
2025-09-01,23.183116912841797,24.28577995300293,22.700660705566406,23.406009674072266,736005355,-0.009522885973911932,-0.009568518586400352,23.768241119384765,24.276814270019532,24.129247665405273,23.91976288026138,23.829555096602476,0.09020778365890436,0.27557115995868164,-0.18536337629977728,48.017836360033414,24.129247665405273,26.192118753434595,22.06637657737595,0.17098511454933704,1.5614098140171595,756718663.9,0.9726274639596609,0.30436587342685206,0.04830795612776696
2025-09-02,24.452800750732422,24.469358444213867,23.06364631652832,23.183414459228516,744153049,0.05476760707648043,0.05332046501071913,23.680745315551757,24.100224876403807,24.075325870513915,24.001768706487695,23.875721441352844,0.12604726513485076,0.24566638099391547,-0.1196191158590647,58.18896343774656,24.075325870513915,26.037831714341994,22.112820026685835,0.163030469816539,1.5387088230678014,752389202.7,0.9890533334736277,0.9882211278984139,0.04929507128847191
2025-09-03,25.17866325378418,25.609949111938477,24.294931411743164,24.452800750732422,758957141,0.02968422760448064,0.02925218009649781,24.001358413696288,24.045553588867186,24.150757694244383,24.182829406071768,23.972235649681092,0.21059375639067568,0.2386518560732675,-0.02805809968259182,56.95330924240942,24.150757694244383,26.163013588078726,22.13850180041004,0.16664122254962663,1.543783187866211,730619564.2,1.0387856802480078,0.6720303728151005,0.046688171845197045
2025-09-04,24.23689079284668,25.265544891357422,24.218673706054688,25.17866325378418,507788490,-0.03740359253567438,-0.038121054236936784,24.09149627685547,24.131281089782714,24.174770545959472,24.19114654249868,23.991839734360024,0.19930680813865465,0.23078284648634498,-0.03147603834769033,55.69991351175346,24.174770545959472,26.17866824052329,22.170872851395654,0.165784216297246,1.558701651436942,694590079.4,0.7310621113947341,0.017401459581399763,0.04760382754303577
2025-09-05,24.47858238220215,25.061588287353516,23.89712905883789,24.23689079284668,658900687,0.00997205423010783,0.009922661391270893,24.306010818481447,24.16110019683838,24.183037185668944,24.235367440914597,24.027894745311293,0.20747269560330395,0.2261208163097368,-0.018648120706432847,46.4264318435016,24.183037185668944,26.190700755668075,22.175373615669812,0.16603899291763802,1.4209933962140764,705158195.1,0.9344012330546053,0.49933334214897535,0.047380690402099655
2025-09-06,24.382219314575195,24.598846435546875,24.100549697875977,24.47858238220215,268495515,-0.003936627788421965,-0.003944396703180769,24.545831298828126,24.157036209106444,24.148385429382323,24.25796003686238,24.054141009701212,0.20381902716116684,0.2216604584800228,-0.01784143131885596,40.585544219416484,24.148385429382323,26.114706804071535,22.18206405469311,0.16285323757477455,1.3006890160696847,684683802.6,0.39214527053279524,0.565264810608895,0.04686131249582178
2025-09-07,24.692548751831055,24.914539337158203,24.28238296508789,24.382219314575195,334443925,0.012727694442086879,0.012647378115667763,24.59378089904785,24.137263107299805,24.197986316680907,24.32481983916525,24.1014304720812,0.22338936708404944,0.22200624020082813,0.001383126883221314,44.60410821936837,24.197986316680907,26.166786591605067,22.229186041756748,0.16272430682109817,1.2351653235299247,659110173.8,0.5074173306593254,0.6488359500537998,0.04513172610004328
2025-09-08,25.272720336914062,25.745943069458008,24.551939010620117,24.692548751831055,625453896,0.023495816123071833,0.02322403829753678,24.61259231567383,24.30697536468506,24.345048809051512,24.47065068497276,24.188192684291042,0.2824580006817179,0.2340965922970061,0.048361408384711785,62.12765333502769,24.345048809051512,26.160216096105927,22.529881521997098,0.1491200367920013,1.1217989240373885,658883468.75,0.9492633002108538,0.6036673953678172,0.04297819393938856
2025-09-09,25.93682289123535,26.26903533935547,24.926517486572266,25.271961212158203,907855023,0.026277446411310246,0.025938125798433475,24.952578735351562,24.522037506103516,24.47043342590332,24.69621563978239,24.3177208477684,0.37849479201399205,0.26297623224040334,0.11551855977358871,61.452644586410585,24.47043342590332,26.363960670088726,22.576906181717913,0.15476041729453002,1.1320288521902901,677625329.95,1.3397595734312173,0.7525452231738651,0.0420948845046601
2025-09-10,29.427661895751953,29.432437896728516,25.778902053833008,25.93682289123535,1786690378,0.13459007755711805,0.1262714205496126,25.942394638061522,25.124202728271484,24.803293800354005,25.424130448393093,24.696234999470885,0.727895448922208,0.3559600755767643,0.37193537334544374,72.92288596764956,24.803293800354005,27.575301646675875,22.031285954032136,0.2235193332493853,1.293531826564244,746827800.75,2.3923726141497688,0.9986927701906149,0.05012429589586878
2025-09-11,29.175559997558594,29.823442459106445,28.59536361694336,29.4266357421875,1099173268,-0.008566834126558676,-0.008603740381042602,26.901062774658204,25.723447036743163,25.000130653381348,26.001273455957016,25.028036851181085,0.9732366047759307,0.4794153814165977,0.493821223359333,70.02226338668335,25.000130653381348,28.392110722882105,21.60815058388059,0.2713569874117423,1.3257226943969727,749261043.45,1.4670097659673005,0.47244228625328183,0.045111858447561264
2025-09-12,28.978519439697266,29.364749908447266,28.286624908447266,29.17462158203125,882384250,-0.006753616995794354,-0.006776525870494576,27.758256912231445,26.176018905639648,25.13812189102173,26.459311299609364,25.32066519107117,1.1386461085381931,0.611261526840917,0.5273845816972762,78.18823462446993,25.13812189102173,28.938761980034258,21.3374818020092,0.30238059195424266,1.2632668358939034,731707476.8,1.2059248784213052,0.6417572404242807,0.04463330775422837
2025-09-13,30.040700912475586,31.18433952331543,28.785850524902344,28.9786434173584,1504154570,0.0366540973561007,0.03599831271264751,28.71185302734375,26.66222267150879,25.35388813018799,27.010294316973397,25.670297466730755,1.3399968502426418,0.757008591521262,0.5829882587213798,79.96820727525895,25.35388813018799,29.73980869686291,20.96796756351307,0.3459761709252599,1.3803144182477678,761992609.9,1.9739752728013957,0.5231837140681707,0.044737097995348134
2025-09-14,29.49125862121582,30.593812942504883,29.033689498901367,30.04094886779785,1011896647,-0.018289929148476936,-0.01845925775267725,29.422740173339843,27.187659454345702,25.65947027206421,27.391981133010695,25.953331626322242,1.4386495066884528,0.8933367745547002,0.5453127321337526,78.6918915593891,25.65947027206421,30.309878192028794,21.009062352099622,0.3624710775909933,1.4358933312552316,765565478.95,1.3217636829547903,0.29329032985022874,0.03873665201061441
2025-09-15,29.844894409179688,30.352222442626953,28.34599494934082,29.491119384765625,1233415310,0.011991207038870355,0.011919882130758433,29.50618667602539,27.724290657043458,25.94269542694092,27.769352406267465,26.241595536163533,1.5277568701039321,1.0202207936645467,0.5075360764393855,81.02767669222894,25.94269542694092,30.894051786015986,20.99133906786585,0.38171487407844235,1.4659724916730608,796303043.5,1.5489270323252256,0.7471233732882839,0.038392896981600096
2025-09-16,30.081283569335938,30.933374404907227,29.26094627380371,29.844764709472656,1106072756,0.007920589596173588,0.00788938638333068,29.68733139038086,28.29419708251953,26.225616645812988,28.125034123662616,26.52601687195408,1.5990172517085348,1.1359800852733444,0.46303716643519044,79.00704635432456,26.225616645812988,31.450411536441003,21.000821755184973,0.3984497265548318,1.4850236347743444,812791646.75,1.3608318446956282,0.490506752051508,0.038399315447564926
2025-09-17,31.76580047607422,31.932815551757812,29.444862365722656,30.081283569335938,1189235928,0.05599883737858291,0.05448708431621264,30.24478759765625,29.001522254943847,26.569392681121826,28.68515202403363,26.914148990777793,1.7710030332558375,1.262984674869843,0.5080183583859945,80.8948415456702,26.569392681121826,32.304137403293055,20.834647958950598,0.431680527364549,1.5688047409057617,840642180.2,1.4146755373577196,0.9328704872946357,0.03966687805365037
2025-09-18,35.23206329345703,35.3273811340332,31.705181121826172,31.766216278076172,2214636607,0.10911932850530803,0.10356630267471263,31.28306007385254,29.997456550598145,27.1522159576416,29.69236914240646,27.530290790976256,2.1620783514302033,1.4428034101819152,0.7192749412482882,91.69554677985231,27.1522159576416,33.88782526589178,20.416606649391422,0.49613698703324705,1.7527567999703544,909122195.6,2.436016431804737,0.9736850946960974,0.041987216129533794
2025-09-19,33.7672233581543,35.746768951416016,33.43669509887695,35.23181915283203,1550014612,-0.04157689894859973,-0.04246594814328776,32.13825302124023,30.78049659729004,27.651267051696777,30.31926979098305,27.99228579595241,2.3269839950306412,1.6196395271516606,0.7073444678789806,82.23383335175612,27.651267051696777,34.80296593141575,20.499568171977803,0.5172782040221278,1.8345864159720284,970657453.55,1.5968708696678817,0.14308125148606787,0.044216426843695
2025-09-20,33.18632888793945,34.08803939819336,32.95680236816406,33.7672004699707,860272327,-0.017202908988208754,-0.017352598237955815,32.806539916992186,31.15636329650879,28.140283012390135,30.76035580589942,28.37702972869219,2.3833260772072293,1.7723768371627748,0.6109492400444545,79.55837849696641,28.140283012390135,35.40634329647553,20.874222728304748,0.5164170012708225,1.8797964368547713,998999986.7,0.8611334719250001,0.20289869554611326,0.044267366288871776
2025-09-21,33.04840087890625,33.59044647216797,32.670684814453125,33.18632888793945,722469169,-0.004156169532910536,-0.0041648304112192934,33.39996337890625,31.543647384643556,28.633547210693358,31.112362740208162,28.72305722130064,2.3893055189075234,1.8957625735117247,0.4935429453957987,78.38198188812964,28.633547210693358,35.82168343225023,21.445410989136484,0.5020779415602706,1.9003396715436662,998323177.4,0.7236826564335358,0.41066732579926274,0.04410454302265802
2025-09-22,33.729732513427734,33.893272399902344,30.146526336669922,33.048301696777344,2109916174,0.02061617556074724,0.020406538592045997,33.79274978637695,32.0187686920166,29.097393798828126,31.515035013011172,29.093922057754497,2.4211129552566746,2.0008326498607145,0.42028030539596006,78.52952962768788,29.097393798828126,36.34661991569883,21.84816768195742,0.4982732245361894,2.0826783861432756,1066611333.65,1.9781490290186174,0.9563514865224055,0.0432909186272052
2025-09-23,33.65406036376953,35.910240173339844,32.825843811035156,33.73202896118164,2623574371,-0.0022434850210590884,-0.0022460054039120016,33.477149200439456,32.380104637146,29.521163654327392,31.844115836204764,29.431710080422278,2.412405755782487,2.083147271045069,0.32925848473741803,77.110223470702,29.521163654327392,36.7966990107917,22.24562829786309,0.4929030197898593,2.2070982796805247,1159842195.15,2.262009764751401,0.26851819700317064,0.04338938079148952
2025-09-24,32.34635925292969,34.7867431640625,32.30336380004883,33.65406036376953,1422529661,-0.03885715710689275,-0.039632241210506146,33.19297637939453,32.665614700317384,29.92663707733154,31.921384054162445,29.64761001912653,2.2737740350359132,2.121272623843238,0.15250141119267546,62.1108395257848,29.92663707733154,36.85793507220953,22.995339082453558,0.4632193037237865,2.1235156740461076,1205579253.7,1.1799553257358777,0.01731328420086277,0.04348370673477674
2025-09-25,28.660615921020508,32.72183609008789,28.5954532623291,32.346351623535156,1693878830,-0.11394615706481259,-0.12097755941631753,32.287833786010744,32.547186851501465,30.13573875427246,31.419727418294453,29.574499345192752,1.8452280731017012,2.0660637136949305,-0.22083564059322924,48.33712846558605,30.13573875427246,36.61243017532289,23.659047333222027,0.42983458768749827,2.3305373873029436,1257328160.85,1.3472050358395502,0.01579171425761329,0.05224248720257553
2025-09-26,29.106338500976562,29.5327091217041,27.136812210083008,28.660615921020508,1647707011,0.015551744637460896,0.015432055577628646,31.499421310424804,32.44969234466553,30.37194471359253,31.063821431014777,29.5398207641397,1.5240006668750752,1.9576511043309595,-0.4336504374558843,50.40623231440031,30.37194471359253,36.28520527485936,24.458684152325702,0.38938965660769376,2.424663952418736,1326288735.65,1.2423441191276319,0.8220413295414014,0.05216639657113401
2025-09-27,28.790525436401367,29.110143661499023,28.27399444580078,29.106338500976562,587957087,-0.010850319237667105,-0.010909613247477579,30.51157989501953,32.15216484069824,30.576843547821046,30.714083585689636,29.484317406529456,1.2297661791601797,1.8120741192968035,-0.5823079401366238,45.828825632015786,30.576843547821046,35.9177929510096,25.23589414463249,0.349346026828146,2.31306825365339,1338964393.75,0.4391133100659422,0.6177497684928751,0.05237150860163622
2025-09-28,30.007946014404297,30.125532150268555,27.96393394470215,28.790525436401367,839460836,0.04228545882888546,0.04141585862378646,29.782357025146485,31.62975311279297,30.813604831695557,30.605447036261122,29.52310471081648,1.0823423254446425,1.6661277605263711,-0.5837854350817286,51.65035017692527,30.813604831695557,35.550160781493815,26.077048881897298,0.30743277040576134,2.3560307366507396,1349664740.75,0.6219773034401987,0.9456022192202603,0.05281212609894308
2025-09-29,30.452417373657227,30.79118537902832,29.210912704467773,30.00808334350586,1273919331,0.014811788818854144,0.014703165564412672,29.40356864929199,31.29827251434326,31.03938455581665,30.581904011245136,29.591942685841722,0.9899613254034136,1.5308944735017798,-0.5409331480983661,51.92929268333752,31.03938455581665,35.19159374256649,26.88717536906681,0.26754455645105457,2.3256053924560547,1367967956.15,0.9312493946022757,0.7856268613126723,0.0526873939948442
2025-09-30,30.00381088256836,30.657634735107422,28.84609031677246,30.452972412109375,981285193,-0.01473139178359395,-0.014840976288720545,29.672207641601563,30.98002071380615,31.06819200515747,30.492966606833324,29.622451441154805,0.870515165678519,1.3988186119371278,-0.5283034462586087,49.757244301474636,31.06819200515747,35.181128230929566,26.955255779385375,0.2647683022616397,2.3355422701154436,1327697696.9,0.7390878174234784,0.6390793113807264,0.04384463629868633
2025-10-01,30.704654693603516,31.077720642089844,29.648452758789062,30.00381088256836,1013650964,0.023358493152026094,0.023089858770806902,29.991870880126953,30.74564609527588,31.144646739959718,30.525534004797972,29.702614645039894,0.8229193597580782,1.2836387615013178,-0.46071940174323966,46.45652851816034,31.144646739959718,35.16526093284789,27.124032547071543,0.2581897445463448,2.2599218913487027,1323421581.7,0.765932018954924,0.7389810823884375,0.04402473100463472
2025-10-02,31.023582458496094,31.3618106842041,29.621158599853516,30.705080032348633,1558734326,0.010386951687784807,0.010333377964210697,30.4384822845459,30.475031089782714,31.24689989089966,30.60215684382845,29.800464112703313,0.8016927311251365,1.1872495554260816,-0.38555682430094507,32.20653380398589,31.24689989089966,35.13747670539353,27.356323076405786,0.24902161994169306,2.1255256107875278,1357239085.5,1.1484596506633686,0.8056887778978049,0.043981742684278284
2025-10-03,31.361156463623047,31.529491424560547,30.045366287231445,31.023441314697266,1167826177,0.010881206436379909,0.010822432082497373,30.70912437438965,30.245740699768067,31.31292266845703,30.718926016104543,29.916070953512182,0.8028550625923607,1.1103706568593374,-0.3075155942669767,38.75527840641063,31.31292266845703,35.16190752999756,27.4639378069165,0.24584002600420263,2.0665292739868164,1340422665.85,0.8712372647469733,0.8865762963181083,0.04335833450530905
2025-10-04,30.14284324645996,31.40213966369629,29.905662536621094,31.361156463623047,675889608,-0.03884784091352789,-0.03962254842833136,30.647209548950194,30.025389099121092,31.34550189971924,30.630297897697684,29.932868901137944,0.69742899655974,1.027782324799418,-0.330353328239678,36.57609788394286,31.34550189971924,35.140211486619236,27.550792312819244,0.24212147561331507,2.092617852347238,1323622313.9,0.5106363053131965,0.15849270527609088,0.04412780591868002
2025-10-05,30.085981369018555,31.152347564697266,29.6995906829834,30.142824172973633,788787448,-0.0018864138653570395,-0.001888195384800622,30.663643646240235,30.1679256439209,31.35755624771118,30.54655689328551,29.944210565425397,0.6023463278601113,0.9426951254115566,-0.3403487975514453,36.83954363963373,31.35755624771118,35.13368102299153,27.58143147243083,0.24084305201914288,2.1306889397757396,1301390920.8,0.6061110734621624,0.26597064397974934,0.04407192651307236
2025-10-06,30.712078094482422,30.975526809692383,29.979013442993164,30.085981369018555,805717499,0.020810247729150078,0.020596672477620707,30.665128326416017,30.328499603271485,31.389095973968505,30.57202169346965,30.001089641651845,0.570932051817806,0.8683425106928065,-0.2974104588750005,36.528049504896536,31.389095973968505,35.13071642288716,27.647475525049845,0.23840256196111195,1.9342437471662248,1286373157.95,0.6263481898860621,0.7356295144952393,0.04426716462237487
2025-10-07,27.952503204345703,30.711944580078125,27.921110153198242,30.711944580078125,1112567191,-0.08985308260962288,-0.09414924482078264,30.05091247558594,30.24469738006592,31.19843111038208,30.169018848989044,29.849342498147685,0.3196763508413589,0.758609278722517,-0.4389329278811581,29.466679818580516,31.19843111038208,35.23614512755038,27.160717093213783,0.25884083740509917,1.9132845742361886,1282539721.1,0.8674719173966643,0.01124862540486564,0.04683821621877376
2025-10-08,28.81521987915039,29.391925811767578,27.89792823791504,27.953298568725586,716426782,0.030863664284297876,0.03039695990313698,29.541725158691406,30.125424766540526,30.877588939666747,29.960742084398483,29.772740822666403,0.18800126173207943,0.6444876753244295,-0.4564864135923501,36.862036674064996,30.877588939666747,34.570843160546545,27.184334718786946,0.23921908074469364,1.8426144463675362,1207629229.85,0.5932506139231059,0.61398468856285,0.03946337149321338
2025-10-09,28.384201049804688,28.853994369506836,27.664541244506836,28.81521987915039,602237170,-0.01495802673564095,-0.015071026266806935,29.18999671936035,29.918603134155273,30.60843782424927,29.718197309845593,29.669886024676646,0.04831128516894623,0.5252523972933328,-0.4769411121243866,48.642891269670784,30.60843782424927,34.19815271260265,27.018722935895887,0.23455720994094384,1.632833753313337,1160240357.75,0.5190624218311889,0.6050341826185961,0.038757559050184666
2025-10-10,20.73358154296875,28.600032806396484,10.638627052307129,28.3841495513916,2350323050,-0.2695379550550563,-0.3140780067799085,27.319516754150392,28.991580200195312,29.98580045700073,28.335948730326077,29.007937544550135,-0.6719888142240578,0.2858041549898546,-0.9577929692139124,25.924938327938506,29.98580045700073,35.49793959799947,24.473661316001994,0.36764995811287926,2.7446558134896413,1234742893.9,1.9034918618372296,0.5620358797775556,0.07023489649735873
2025-10-11,21.472492218017578,23.346887588500977,20.566242218017578,20.734437942504883,1589010716,0.035638351893882536,0.03501800171076079,25.471599578857422,28.06836395263672,29.407005023956298,27.280032343817076,28.449756409251425,-1.1697240654343481,-0.005301489094986025,-1.164422576339362,29.45752546287744,29.407005023956298,35.907519705322734,22.906490342589866,0.4421065440748431,2.8835483959742954,1278069971.25,1.2432892969434908,0.3259135473946893,0.07127865608646222
2025-10-12,22.583330154418945,23.327850341796875,20.714027404785156,21.47236442565918,1271748794,0.051733069693198575,0.0504393460860033,24.39776496887207,27.224338722229003,28.84968490600586,26.557462776217363,28.01520631630087,-1.4577435400835057,-0.29578989929269006,-1.1619536407908155,29.032874541553852,28.84968490600586,35.69202575402307,22.007344057988647,0.47434423428262745,2.9158501625061035,1236161602.25,1.028788462354134,0.7151604326417326,0.07250701063684652
2025-10-13,23.838850021362305,24.05701446533203,21.945959091186523,22.583362579345703,1570962949,0.055594983483766125,0.054104573346772496,23.40249099731445,26.47210807800293,28.358924388885498,26.139214660085816,27.705846590749864,-1.5666319306640482,-0.5499583055669618,-1.0166736250970865,32.14134659698074,28.358924388885498,35.15820081061754,21.559647967153463,0.4795158186180592,2.9537632124764577,1183531031.15,1.3273525641938972,0.8966562148922337,0.0742575725331043
2025-10-14,22.770381927490234,23.88927459716797,21.988725662231445,23.83871078491211,1229012211,-0.044820454548545885,-0.04585595046393629,22.279727172851562,25.73486194610596,27.880125522613525,25.620932701224955,27.340256615693594,-1.7193239144686387,-0.7838314273472973,-0.9354924871213415,31.100225617178012,27.880125522613525,34.843797607335254,20.916453437891796,0.49954381152792915,2.960120677947998,1173855158.65,1.0469879541300766,0.41127920822102043,0.07437418654925652
2025-10-15,21.916133880615234,23.23442840576172,21.639188766479492,22.770381927490234,728451123,-0.03751575399987839,-0.03823758074623298,22.516237640380858,24.917877197265625,27.54290142059326,25.050963651900386,26.93846974642853,-1.8875060945281454,-1.0045663607834672,-0.8829397337446783,27.2196399373818,27.54290142059326,34.98426648263073,20.10153635855579,0.540347216758632,2.971975803375244,1125583773.3,0.6471762833470123,0.173607215856472,0.07086978109441383
2025-10-16,20.959125518798828,22.34611701965332,20.67486572265625,21.915653228759766,808359413,-0.04366684229205575,-0.044648935313432545,22.41356430053711,23.942581939697266,27.135540771484376,24.42145009296168,26.4955553591967,-2.0741052662350192,-1.2184741418737777,-0.8556311243612416,24.747657182455015,27.135540771484376,35.0907973201652,19.18028422280355,0.5863348451887628,2.9670186042785645,1083616393.4,0.7459830046162902,0.17008800229651905,0.07095868653049836
2025-10-17,19.956615447998047,21.22439956665039,19.092056274414062,20.960006713867188,925795295,-0.047831674556345516,-0.04901344737943552,21.88822135925293,23.1429931640625,26.69384527206421,23.73455245527497,26.011189439848653,-2.2766369845736847,-1.4301067104137593,-0.8465302741599254,22.309268885828644,26.69384527206421,35.22249794979812,18.1651925943303,0.6389976858567741,3.013319901057652,1100508303.8,0.8412433525519756,0.40545027279484713,0.07136625584454163
2025-10-18,20.20686149597168,20.389362335205078,19.857419967651367,19.956371307373047,345603953,0.01253950343562571,0.0124615349763526,21.161823654174803,22.282157325744627,26.203791046142577,23.19183076922831,25.58123922178369,-2.3894084525553794,-1.6219670588420836,-0.7674413937132958,24.684929344670536,26.203791046142577,35.05102951219,17.35655258009516,0.6752640066827131,2.944424561091832,1075815459.65,0.3212483608596189,0.6569161305164654,0.07040506701684215
2025-10-19,20.594934463500977,20.832534790039062,19.774444580078125,20.20686149597168,448813688,0.019205009526425565,0.019022920979123607,20.726734161376953,21.50323066711426,25.710916900634764,22.792308260654874,25.211883313762748,-2.4195750531078737,-1.7814886576952418,-0.6380863954126319,26.21988658281508,25.710916900634764,34.65930320954816,16.762530591721365,0.6960767944213204,2.916234084538051,1034560177.5,0.43382076534644115,0.7754441615131292,0.07051582102762434
2025-10-20,20.35658073425293,21.161468505859375,20.196622848510742,20.595199584960938,588464549,-0.011573415281824095,-0.01164090850926293,20.414823532104492,21.465530586242675,25.228555393218993,22.417580948900728,24.852231270836096,-2.4346503219353686,-1.912120990543267,-0.5225293313921016,23.53985735705953,25.228555393218993,34.24241849227083,16.214692294167158,0.7145762378035018,2.9139721052987233,1014919145.3,0.5798142164576625,0.16578598127693003,0.07052383582500911
2025-10-21,19.557653427124023,20.836000442504883,19.49974822998047,20.362144470214844,656925336,-0.03924663564861819,-0.04003754774640446,20.13452911376953,21.27404670715332,24.67120532989502,21.97759209939662,24.460040319450016,-2.4824482200533957,-2.026186436445293,-0.4562617836081029,26.161096841544477,24.67120532989502,33.63775006779679,15.704660591993253,0.7268833944676931,2.8100638389587402,997082863.9,0.6588472831941927,0.04333403242851985,0.07005058789356036
2025-10-22,19.01815414428711,19.690839767456055,18.55459976196289,19.55739974975586,571554469,-0.027585072250472353,-0.027972685208466245,19.946836853027342,20.917529106140137,24.07093391418457,21.522293952456696,24.056937639808318,-2.534643687351622,-2.1278778866265586,-0.4067658007250632,21.658964104737194,24.07093391418457,32.85240566018439,15.289462168184754,0.7296328241610145,2.7845097269330705,947723871.05,0.6030812206584654,0.40797223826254836,0.06970869447692817
2025-10-23,19.136430740356445,19.711563110351562,18.990253448486328,19.01815414428711,438896726,0.006219141730159139,0.006199882676837616,19.732750701904298,20.447287178039552,23.45969762802124,21.15523807367204,23.692455647256327,-2.537217573584286,-2.2097458240181043,-0.32747174956618164,22.754997694413532,23.45969762802124,31.795068669858725,15.124326586183752,0.7106119758237099,2.7510709081377303,911277398.5,0.4816280165868725,0.2026553886240252,0.06960241773572987
2025-10-24,19.494314193725586,19.785152435302734,19.065479278564453,19.136306762695312,431746285,0.018701682577326517,0.018528956303229815,19.51262664794922,20.119680404663086,22.927271175384522,20.899711322911045,23.38148220625405,-2.481770883343003,-2.264150835883084,-0.21762004745991925,43.59800719643218,22.927271175384522,30.81347126492962,15.041071085839423,0.6879318545341745,1.5195185797555106,899070232.35,0.4802141918006746,0.5958745371940265,0.07004593365165201
2025-10-25,19.72544288635254,19.817333221435547,19.266273498535156,19.49456024169922,271459857,0.01185621049964114,0.011786476283796298,19.38639907836914,19.900611305236815,22.40924425125122,20.71905464036358,23.110664478853934,-2.3916098384903535,-2.289642636404538,-0.10196720208581533,40.47512236818707,22.40924425125122,29.650213307830146,15.168275194672294,0.6462483942245957,1.36026246207101,873203852.8,0.31087798814622913,0.8332479410183689,0.07028817445589676
2025-10-26,20.835847854614258,20.890796661376953,19.359703063964844,19.72544288635254,549295335,0.05629303101883587,0.05476563828553547,19.64203796386719,19.88828353881836,21.915432739257813,20.737022827171376,22.94215954372507,-2.2051367165536924,-2.272741452434369,0.06760473588067661,40.47231202610312,21.915432739257813,28.03205007716234,15.798815401353286,0.5582018307078769,1.2829246520996094,860382744.6,0.6384313707446243,0.9641113929960357,0.07175636768104547
2025-10-27,20.326379776000977,21.068584442138672,20.231048583984375,20.834829330444336,501849682,-0.02445151654821931,-0.024755419024579093,19.90368309020996,19.92525997161865,21.534126567840577,20.673846973145164,22.748398079449206,-2.0745511063040425,-2.2331033832083036,0.1585522769042611,29.15323141180322,21.534126567840577,26.980182948273608,16.088070187407546,0.505807037334522,1.1919589723859514,829846869.15,0.6047497443884283,0.11382341418605246,0.06969323329222599
2025-10-28,19.493608474731445,20.511367797851562,19.23989486694336,20.326379776000977,551989050,-0.0409699764762228,-0.041832897473243105,19.97511863708496,19.853934669494627,21.068045997619627,20.492271819543056,22.50730255317382,-2.0150307336307627,-2.1894888532927954,0.17445811966203273,29.992343865041462,21.068045997619627,25.364618445295775,16.77147354994348,0.4078757420751403,1.1470249720982142,821624982.55,0.6718260297865379,0.19954306507447994,0.06915574276078887
2025-10-29,19.655668258666992,20.15296745300293,19.36042022705078,19.49346351623535,478906964,0.008313483065262917,0.008279116404650814,20.00738945007324,19.76000804901123,20.631619358062743,20.36356357940828,22.29607038321035,-1.9325068038020703,-2.1380924433946507,0.20558563959258036,34.923415860489925,20.631619358062743,23.241191300645326,18.02204741548016,0.2529682132355524,1.0896897997174944,815458472.25,0.5872855335951168,0.3725305170757508,0.06938233351806528
2025-10-30,18.13192367553711,19.95132064819336,17.581600189208984,19.655668258666992,654653081,-0.07752189155197009,-0.08069163402867421,19.688685607910156,19.53754234313965,20.501536464691164,20.0202343634281,21.98761507153085,-1.967380708102752,-2.1039500963362707,0.13656938823351883,32.46880674135828,20.501536464691164,23.339123030839094,17.663949898543233,0.2768169664780952,1.139580454145159,730674973.8,0.8959566215815014,0.23223139333559667,0.039036686105856803
2025-10-31,18.192686080932617,18.55245018005371,17.84819221496582,18.131881713867188,442323772,0.0033511284562424137,0.003345525938293045,19.160053253173828,19.40104560852051,20.337546157836915,19.739073089198026,21.706509220375427,-1.9674361311774007,-2.0766473033044965,0.10921117212709586,37.6156371751975,20.337546157836915,23.314534810349308,17.360557505324522,0.2927579000345854,1.037574359348842,673340626.6,0.6569093777000979,0.4891586295828661,0.03787646437422788
2025-11-01,18.695375442504883,18.73081398010254,18.102994918823242,18.192686080932617,254645635,0.027631398647565586,0.027256541107501038,18.83385238647461,19.368767738342285,20.14314842224121,19.578504220476002,21.4834622738665,-1.904958053390498,-2.042309453321697,0.13735139993119905,39.75130634780796,20.14314842224121,23.008331841869484,17.277965002612937,0.28448218317893736,1.0444226946149553,622485468.65,0.40907884251861565,0.943552929149725,0.03623839360446681
2025-11-02,18.859472274780273,18.978822708129883,18.118486404418945,18.695375442504883,270439301,0.008777402346374252,0.008739104888706349,18.707025146484376,19.34107189178467,19.89417953491211,19.467883921138196,21.289092644304557,-1.821208723166361,-1.9980893072906298,0.17688058412426888,37.86401344041418,19.89417953491211,22.222222089152893,17.566136980671324,0.23404258015821408,1.0302974155970983,557459286.25,0.485128345101633,0.8612746649797817,0.03325048839847128
2025-11-03,16.651477813720703,18.865968704223633,16.341041564941406,18.85919761657715,784853847,-0.11707615297444984,-0.1245163255565311,18.106187057495116,19.05678825378418,19.58823432922363,19.034590673843194,20.94556561981686,-1.910974945973667,-1.9806664350272374,0.06969148905357048,29.686283359542784,19.58823432922363,21.932970427495448,17.243498230951815,0.23940249630092605,1.1417318071637834,535251368.05,1.466327587091162,0.12294859630605426,0.04028647608522365
2025-11-04,16.02454948425293,16.98837661743164,15.124202728271484,16.651477813720703,853804280,-0.03765001139725799,-0.038377080964156964,17.684712219238282,18.68669891357422,19.293655109405517,18.571507413906232,20.581045906071385,-2.0095384921651522,-1.9864408464548204,-0.023097645710331793,30.256933442701794,19.293655109405517,21.87535936202587,16.711950856785165,0.26762210042427775,1.1794404983520508,541519025.9,1.5766838082576777,0.4829735875966656,0.040290484083817545
2025-11-05,16.648000717163086,16.972177505493164,15.345166206359863,16.024911880493164,523413640,0.038906006906641144,0.03816824306496715,17.375775146484376,18.2679141998291,19.078098869323732,18.27558330671498,20.28970922541151,-2.0141259186965286,-1.9919778609031624,-0.02214805779336615,36.87863910874978,19.078098869323732,21.790879173690172,16.365318564957292,0.28438685876907827,1.2144955907549178,527271737.25,0.9926829052698292,0.8007531991263385,0.04138548510601378
2025-11-06,16.100040435791016,16.6991024017334,15.666587829589844,16.64788246154785,418095695,-0.03291447968326644,-0.033468348642286844,16.856708145141603,17.845280265808107,18.88527011871338,17.940884403495907,19.979363389143327,-2.0384789856474193,-2.0012780858520136,-0.03720089979540564,33.95370478073747,18.88527011871338,21.869772996021698,15.90076724140506,0.3160667396915844,1.236724512917655,501886757.25,0.8330478717766566,0.4198028906296911,0.0408096925034346
2025-11-07,17.701526641845703,18.012121200561523,16.07769012451172,16.100177764892578,815955060,0.09947094309741744,0.09482910328504061,16.625119018554688,17.66607208251953,18.76000337600708,17.9040601324728,19.810634741195354,-1.9065746087225541,-1.9823373904261217,0.07576278170356754,41.62635913745717,18.76000337600708,21.72116539831346,15.798841353700702,0.31568885814738473,1.3234929357256209,525404312.6,1.5530041159391883,0.8394388040206341,0.04741574828114855
2025-11-08,17.475784301757812,18.37288475036621,17.058300018310547,17.701778411865234,503095108,-0.01275270459183131,-0.012834718339851243,16.789980316162108,17.448083686828614,18.604045867919922,17.838171543132034,19.637682856792573,-1.7995113136605383,-1.9457721750730053,0.14626086141246697,39.48714456567798,18.604045867919922,21.485787816606663,15.72230391923318,0.3097973386161021,1.378030436379569,528118383.6,0.9526180561460008,0.3175788293377194,0.04707617969581706
2025-11-09,17.776567459106445,17.889820098876953,16.839134216308594,17.475730895996094,380789064,0.01721142537324516,0.01706498668250046,17.140383911132812,17.412548065185547,18.475045204162598,17.82869399174348,19.49982245696397,-1.6711284652204874,-1.890843433102502,0.2197149678820145,34.5333697448264,18.475045204162598,21.255677194565294,15.694413213759901,0.3010149052058822,1.3437155996050154,517734609.35,0.7354908424570439,0.8922107448367217,0.047371660517911675
2025-11-10,18.167652130126953,18.330656051635742,17.69976043701172,17.77644920349121,481673918,0.022000010514975132,0.021761502070138012,17.444314193725585,17.41004467010498,18.405545139312743,17.88084139764863,19.40114317349456,-1.5203017758459296,-1.8167351016511877,0.29643332580525805,38.954021864457694,18.405545139312743,21.141367445061345,15.669722833564142,0.2972823988684919,1.3289555822099959,508972038.45,0.9463661686934072,0.7416309051026787,0.04706564044918192
2025-11-11,17.014080047607422,18.537187576293945,17.009077072143555,18.167783737182617,463721186,-0.06349593630794992,-0.06560141787403928,17.627122116088866,17.241915130615233,18.30534143447876,17.74749349764229,19.224323682688105,-1.4768301850458165,-1.7487541183301136,0.2719239332842971,37.71580940112838,18.30534143447876,21.09300248690281,15.517680382054706,0.30457351067742383,1.3472868374415807,503580374.3,0.9208484080512349,0.00327396180939752,0.048724367256905175
2025-11-12,16.82052993774414,17.744945526123047,16.667814254760742,17.013959884643555,405573955,-0.011375878644140913,-0.011441078896665104,17.450922775268555,17.038020896911622,18.189546394348145,17.60488371919642,19.04626488676633,-1.4413811675699115,-1.687279528178073,0.2458983606081615,35.99772109443988,18.189546394348145,21.023858456070688,15.355234332625603,0.31164186288924933,1.3676142692565918,501914235.75,0.8080542971528976,0.14178000920208247,0.04868127027419616
2025-11-13,16.161346435546875,17.66943359375,15.805699348449707,16.82052993774414,584449657,-0.03918922320741525,-0.039977791800723826,17.188035202026366,16.98900775909424,18.02289800643921,17.382801060173414,18.83256722371304,-1.4497661635396248,-1.6397768552503833,0.19001069171075846,39.358912455412806,18.02289800643921,20.925312081836616,15.120483931041804,0.322080730231113,1.331472396850586,509549404.35,1.1469931119741872,0.19082499883539705,0.048900568913839114
2025-11-14,15.110730171203613,16.161457061767578,14.907024383544922,16.161457061767578,699471351,-0.06500796629372607,-0.0672172698299881,16.654867744445802,16.897625827789305,17.792162370681762,17.0332516926396,18.556875590193822,-1.5236238975542236,-1.6165462637111516,0.09292236615692806,34.96480553039868,17.792162370681762,20.85402692883829,14.730297812525233,0.3441812742448802,1.3707705906459264,530949979.05,1.317395948016659,0.1623887750783281,0.05024503750704428
2025-11-15,15.524422645568848,15.757521629333496,15.110730171203613,15.110730171203613,256109519,0.02737739802631145,0.027009339613318906,16.12622184753418,16.785268020629882,17.526591110229493,16.801124146936406,18.33224944614753,-1.5311252992111228,-1.599462070811146,0.06833677160002316,34.39513535274803,17.526591110229493,20.391969911954824,14.66121230850416,0.3269750271121391,1.3721257618495397,516290688.25,0.49605682385653604,0.6396071914204043,0.04856370962369117
2025-11-16,15.158035278320312,15.831013679504395,14.671903610229492,15.524422645568848,443528413,-0.023600708098031165,-0.02388366567665438,15.755012893676758,16.691067504882813,17.26817388534546,16.548341244072393,18.09712247075292,-1.5487812266805285,-1.5893259019850228,0.04054467530449424,32.14011524970371,17.26817388534546,19.999475112969296,14.53687265772162,0.3163393240951485,1.3934667451041085,513374624.8,0.8639468948680301,0.41940077718496493,0.048553953959155516
2025-11-17,14.500166893005371,15.743045806884766,14.268872261047363,15.158035278320312,612990821,-0.0434006369054869,-0.04437061353742384,15.290940284729004,16.370931529998778,17.018501806259156,16.233237497754388,17.830681316845695,-1.597443819091307,-1.5909494854062798,-0.006494333685027165,37.79371243996319,17.018501806259156,19.805600317825927,14.231403294692383,0.32753746990134214,1.318412917000907,516424713.35,1.1869897105109173,0.15689783000253402,0.04862951037421853
2025-11-18,14.572903633117676,14.890884399414062,14.081185340881348,14.499895095825195,539333206,0.005016269167728904,0.005003729606607072,14.973251724243164,16.080643463134766,16.76436357498169,15.977801518579508,17.58936445138436,-1.6115629328048513,-1.5950721748859944,-0.016490757918856902,41.21079154445165,16.76436357498169,19.46454640514335,14.064180744820034,0.32213365190806015,1.2430932862418038,519446025.45,1.0382853647455894,0.6072852388571828,0.04855703367060607
2025-11-19,14.265960693359375,14.661210060119629,13.745800971984863,14.572903633117676,481211738,-0.021062579392946534,-0.0212875602443988,14.804297828674317,15.729582786560059,16.571065425872803,15.714441391622564,17.343186395234362,-1.6287450036117974,-1.6018067406311551,-0.02693826298064228,35.00278238840605,16.571065425872803,19.409029951956224,13.73310089978938,0.34252046602295594,1.1922645568847656,510773958.3,0.9421226947466322,0.5682265147182689,0.04623788107823172
2025-11-20,13.808121681213379,14.456703186035156,13.506065368652344,14.266080856323242,524935761,-0.03209310764182283,-0.032619381912085105,14.461037635803223,15.2936297416687,16.35183720588684,15.421161436174998,17.081329749751326,-1.660168313576328,-1.6134790552201899,-0.04668925835613824,35.40455289091459,16.35183720588684,19.335994917684385,13.367679494089298,0.3649935691291268,1.1864162172589983,514904557.75,1.0194816749997975,0.31774068300292874,0.04634248607188748
2025-11-21,13.302087783813477,13.943009376525879,12.720542907714844,13.80797004699707,733078170,-0.03664755490157545,-0.03733594753804644,14.089848136901855,14.922430515289307,16.08217282295227,15.095150105042455,16.8013859004226,-1.7062357953801435,-1.632030403252181,-0.0742053921279624,17.440664553611725,16.08217282295227,19.148255851822853,13.016089794081688,0.38130208680442834,1.1355616024562292,538826184.5,1.3605095503668865,0.4757143743231639,0.045624397725336094
2025-11-22,13.22754955291748,13.361913681030273,13.05059814453125,13.302087783813477,347444456,-0.005603498646783667,-0.005619257141366198,13.835324668884278,14.56313247680664,15.80057668685913,14.807826943177073,16.536657282088886,-1.7288303389118127,-1.6513903903841074,-0.0774399485277053,17.83993306057974,15.80057668685913,18.826905486128226,12.774247887590036,0.38306561326790084,1.0638995170593262,542676442.25,0.6402423782382273,0.5683988813799428,0.04532777654722424
2025-11-23,13.277552604675293,13.448928833007812,13.214639663696289,13.22754955291748,288716790,0.003780220331647488,0.003773093254404367,13.5762544631958,14.274753093719482,15.63188042640686,14.572400121869107,16.295242120798992,-1.7228419989298853,-1.6656807120932633,-0.05716128683662203,14.597258800219663,15.63188042640686,18.829778180997632,12.43398267181609,0.40915074416620767,1.0055854661124093,517869589.4,0.5575086776856413,0.2685268741982808,0.038815198591475655
2025-11-24,13.890860557556152,14.03378677368164,13.17660140991211,13.277552604675293,433963981,0.046191340463219266,0.045156274786892284,13.501234436035157,14.152766132354737,15.525195980072022,14.467547881205576,16.117139782781003,-1.6495919015754268,-1.6624629499896961,0.012871048414269337,17.48316093415032,15.525195980072022,18.809142338529583,12.24124962161446,0.4230473306324507,1.0217490196228027,496877574.45,0.8733821031878127,0.8332610068963724,0.040235976356177594
2025-11-25,14.169899940490723,14.336000442504883,13.73542308807373,13.890860557556152,427957253,0.020087983878204207,0.019888882280233392,13.573590087890626,14.017313861846924,15.401290941238404,14.421755890326367,15.972899794463205,-1.551143904136838,-1.640199140819125,0.08905523668228699,25.058662349568223,15.401290941238404,18.693851301845,12.108730580631809,0.42756939962616464,0.9554966517857143,492104755.1,0.869646652597444,0.7234319475701765,0.039331611913784606
2025-11-26,14.936302185058594,14.936302185058594,13.931290626525879,14.169899940490723,432999308,0.05408663771702882,0.05267464571353327,13.900432968139649,13.995140552520752,15.343104028701783,14.50091685874671,15.89611478635916,-1.3951979276124504,-1.5911988981777903,0.19600097056533983,34.985255463047764,15.343104028701783,18.624784585353552,12.061423472050015,0.4277727049901831,0.9503452437264579,492849935.75,0.8785621678961536,0.9999999900498658,0.041120088422364635
2025-11-27,15.023675918579102,15.14503002166748,14.891827583312988,14.935751914978027,393345152,0.0058497566826085645,0.005832713290151303,14.259658241271973,14.047491455078125,15.209211492538453,14.581341329490154,15.831489685042119,-1.2501483555519641,-1.5229887896526253,0.27284043410066117,40.025301849560186,15.209211492538453,18.298619967042313,12.119803018034593,0.4062549167679738,0.8353072575160435,471719440.35,0.8338540207462111,0.5207229871708074,0.03346281576258391
2025-11-28,14.852889060974121,15.244404792785645,14.836654663085938,15.023691177368164,409725334,-0.011367847558118371,-0.011432955431711155,14.574725532531739,14.07548999786377,15.078066730499268,14.62311790356461,15.75900074992597,-1.1358828463613602,-1.4455676009943725,0.30968475463301237,47.32693694890803,15.078066730499268,17.979309543488714,12.176823917509822,0.3848295494170929,0.7748299326215472,467050951.65,0.8772604628092936,0.03981457345456615,0.033453092240708276
2025-11-29,14.244832038879395,14.898616790771484,14.226229667663574,14.852889060974121,284565722,-0.04093863622077354,-0.04180021888904267,14.645519828796386,14.073377132415771,14.901479959487915,14.564920078228422,15.646840104663262,-1.0819200264348403,-1.3728380860824663,0.29091805964762596,37.248257853298156,14.901479959487915,17.52808324729577,12.274876671680062,0.35252918434258873,0.776658194405692,462239784.55,0.6156236038337345,0.02766616179854062,0.03371260995871215
2025-11-30,13.774581909179688,14.326265335083008,13.774581909179688,14.244832038879395,340165721,-0.03301198135690342,-0.03356917384024908,14.56645622253418,14.070023155212402,14.681826448440551,14.443329590682463,15.50815431240522,-1.064824721722756,-1.3112354132105244,0.2464106914877684,36.492825067514644,14.681826448440551,16.853778188669963,12.50987470821114,0.2958694203145425,0.7332705770220075,455164374.7,0.7473469803611148,0.0,0.033163723011785814
2025-12-01,12.777645111083984,13.78128433227539,12.577630996704102,13.774581909179688,467338828,-0.07237510399000369,-0.07512783479533978,14.134724807739257,14.017578887939454,14.47000470161438,14.187070439975004,15.305894371566609,-1.1188239315916046,-1.2727531168867405,0.15392918529513588,34.22670743177217,14.47000470161438,16.506340879272994,12.433668523955767,0.28145618742355,0.7139477048601423,455345256.8,1.0263395105601547,0.16617252393790363,0.03392292133755226
2025-12-02,13.643978118896484,13.735447883605957,12.738789558410645,12.777645111083984,508212904,0.06780067847251425,0.06560109247662411,13.858785247802734,14.059221744537354,14.311177110671997,14.103517775193694,15.182789463961415,-1.0792716887677205,-1.2340568312629365,0.15478514249521602,42.573163997791276,14.311177110671997,16.049263526177224,12.573090695166771,0.24289915526363198,0.727301938193185,460477204.25,1.1036657174544597,0.9082235391213102,0.038513415120240785
2025-12-03,14.813850402832031,14.948444366455078,13.5969877243042,13.643978118896484,613390657,0.08574275579607615,0.08226432033692417,13.850977516174316,14.212851524353027,14.243802309036255,14.212799717907284,15.155460644618497,-0.9426609267112127,-1.1757776503525919,0.23311672364137914,53.84928437979985,14.243802309036255,15.771666485412908,12.715938132659602,0.2145303821588955,0.7584481920514788,461924254.25,1.3279031169210358,0.9004082199685525,0.043312233214755934
2025-12-04,14.399070739746094,14.848408699035645,14.234698295593262,14.813897132873535,403986517,-0.027999449961141898,-0.028398908638259217,13.881825256347657,14.26367254257202,14.20821933746338,14.241456798190177,15.099431762776096,-0.8579749645859192,-1.1122171131992573,0.25424214861333816,54.177077537501034,14.20821933746338,15.683308907051796,12.733129767874964,0.20763890738918825,0.7343819481985909,447150012.55,0.9034697655405444,0.2678338847647138,0.04128750648178209
2025-12-05,13.234511375427246,14.518771171569824,13.158519744873047,14.398914337158203,450129031,-0.08087739725483023,-0.0843357566615418,13.773811149597169,14.170133686065673,14.093723773956299,14.08654211776511,14.961289511861366,-0.8747473940962571,-1.0647231693786574,0.18997577528240028,49.56302177114721,14.093723773956299,15.492144330213577,12.69530321769902,0.19844585840988463,0.7442237309047154,456850988.15,0.985286324590825,0.055865870459020896,0.04427542228236287
2025-12-06,13.412447929382324,13.471810340881348,13.16518497467041,13.234511375427246,263900773,0.013444890325566172,0.013355309827728177,13.900771713256836,14.017748260498047,14.006444406509399,13.982835319552374,14.846560505751807,-0.8637251861994333,-1.0245235727428126,0.1607983865433793,51.17985526751703,14.006444406509399,15.341638402760076,12.671250410258722,0.19065423850612004,0.7438887187412807,447869606.15,0.5892357270424255,0.8064008196823668,0.04432018968959611
2025-12-07,13.455828666687012,13.844263076782227,13.020153999328613,13.412447929382324,329002415,0.0032343638933840513,0.003229144589543802,13.863141822814942,13.860963535308837,13.954227495193482,13.901757372957702,14.743543332487748,-0.8417859595300463,-0.9879760501002594,0.14619009057021304,51.13855986575254,13.954227495193482,15.289806452557864,12.6186485378291,0.1914228441272611,0.7860187121800014,433670185.85,0.7586466068797199,0.5286614041650418,0.04342053212736283
2025-12-08,13.641190528869629,13.884695053100586,13.393484115600586,13.45743465423584,302368259,0.013775581331644249,0.013681560488309716,13.62860984802246,13.739793682098389,13.907641839981078,13.861670166174921,14.661887569256777,-0.8002174030818558,-0.9504243206965787,0.15020691761472282,48.31328415490381,13.907641839981078,15.217100585711012,12.598183094251144,0.18830780383854284,0.7598776817321777,421821938.5,0.7168149197626429,0.5042770616773418,0.04354790424495105
2025-12-09,14.605245590209961,14.7138090133667,13.525362968444824,13.641319274902344,465188681,0.07067235512179426,0.06828682040521276,13.669844818115234,13.775835037231445,13.924606084823608,13.976066385257235,14.65769186710516,-0.6816254818479255,-0.8966645529268481,0.21503907107892262,52.691943211805814,13.924606084823608,15.262101258389833,12.587110911257383,0.19210527973555497,0.8018683024815151,421020785.65,1.1049066859770609,0.9086509373251486,0.04622731887397089
2025-12-10,14.141596794128418,14.772047996520996,14.141596794128418,14.605029106140137,438199900,-0.03174536115930371,-0.03226016964528313,13.85126190185547,13.812536525726319,13.94127984046936,14.001532602006648,14.619462602440215,-0.6179300004335673,-0.840917642428192,0.22298764199462473,44.89482522332219,13.94127984046936,15.280973397796245,12.601586283142474,0.19219089963863492,0.7751139913286481,416683992.6,1.0516360306181822,0.0,0.046213809787223545
2025-12-11,13.430405616760254,14.14193344116211,12.912692070007324,14.14193344116211,480138909,-0.050290726551010856,-0.051599369172091306,13.854853439331055,13.877812576293945,13.9476957321167,13.91366691196874,14.531384307204663,-0.617717395235923,-0.7962775929897382,0.17856019775381526,40.524313045095965,13.9476957321167,15.275678146765316,12.619713317468083,0.190423198233488,0.8448310579572406,404037029.55,1.1883537247433957,0.42116508172428635,0.046912898685659565
2025-12-12,13.111257553100586,13.779206275939941,12.837848663330078,13.430405616760254,341829709,-0.02376309940046728,-0.024049995998128623,13.78593921661377,13.824540519714356,13.941881132125854,13.790219318296716,14.426189732826582,-0.6359704145298668,-0.764216157297764,0.12824574276789724,39.82158046786443,13.941881132125854,15.284082329775314,12.599679934476393,0.19254233843045285,0.8829458781651088,403756292.2,0.8466238560331222,0.29044104302517504,0.047232730756254775
2025-12-13,13.386377334594727,13.460689544677734,13.110868453979492,13.111257553100586,217947611,0.02098347777700993,0.020766356658849693,13.73497657775879,13.681793212890625,13.947322368621826,13.728089782342563,14.349166592216815,-0.6210768098742516,-0.7355882878130616,0.11451147793881,44.77989021795773,13.947322368621826,15.279025211776142,12.61561952546751,0.19096179294605425,0.859905447278704,400217833.25,0.5445724625265683,0.787570789941828,0.0474495577772401
