Date,Close,High,Low,Open,Volume,returns,log_returns,SMA_5,SMA_10,SMA_20,EMA_12,EMA_26,MACD,MACD_Signal,MACD_Hist,RSI,BB_Middle,BB_Upper,BB_Lower,BB_Width,ATR,Volume_SMA,Volume_Ratio,Price_Position,Volatility
2020-07-28,560.0,560.0,560.0,560.0,300,-0.999888,-9.09701168666918,4000112.0,4500056.0,4750028.0,4230855.384615387,4629671.111111123,-398815.7264957363,-79763.14529915548,-319052.5811965808,0.0,4750028.0,6985845.537886333,2514210.462113667,0.9413913088033724,357102.85714285716,15.0,20.0,0.0,0.22358175378863096
2020-07-29,700.0,700.0,700.0,700.0,100,0.25,0.22314355131420976,3000252.0,4000126.0,4500063.0,3580062.2485207114,4286784.362139929,-706722.1136192176,-205154.93896316795,-501567.1746560497,0.002800235219766023,4500063.0,7577610.236773588,1422515.7632264122,1.3677796229846506,357112.85714285716,20.0,5.0,0.0,0.23330118459292734
2020-07-30,700.0,700.0,700.0,700.0,0,0.0,0.0,2000392.0,3500196.0,4250098.0,3029391.1333636786,3969296.631611045,-939905.4982473664,-352105.05082000775,-587800.4474273587,0.002800235219766023,4250098.0,7913094.791570662,587101.2084293384,1.7237234489984286,357112.85714285716,20.0,0.0,0.0,0.23330118459292734
2020-08-03,700.0,700.0,700.0,700.0,0,0.0,0.0,1000532.0,3000266.0,4000133.0,2563438.6513077277,3675326.510750967,-1111887.8594432394,-504061.6125446541,-607826.2468985852,0.002800235219766023,4000133.0,8103500.588234419,-103234.58823441947,2.0516155778992444,357112.85714285716,20.0,0.0,0.0,0.23330118459292734
2020-08-04,700.0,700.0,700.0,700.0,0,0.0,0.0,672.0,2500336.0,3750168.0,2169171.166491154,3403131.954399043,-1233960.787907889,-650041.4476173013,-583919.3402905879,0.002800235219766023,3750168.0,8192187.495895998,-691851.4958959976,2.368970934579996,357112.85714285716,20.0,0.0,0.0,0.23330118459292734
2020-08-05,700.0,700.0,700.0,700.0,0,0.0,0.0,700.0,2000406.0,3500203.0,1835560.2178002074,3151099.9577768915,-1315539.739976684,-783141.1060891779,-532398.6338875062,0.002800235219766023,3500203.0,8201190.173807123,-1200784.1738071227,2.686122589922426,357112.85714285716,20.0,0.0,0.0,0.23330118459292734
2020-08-06,700.0,700.0,700.0,700.0,0,0.0,0.0,700.0,1500476.0,3250238.0,1553274.0304463292,2917736.9979415657,-1364462.9674952365,-899405.4783703897,-465057.4891248469,0.002800235219766023,3250238.0,8143177.319397862,-1642701.319397862,3.010819096569459,357112.85714285716,20.0,0.0,0.0,0.23330118459292734
2020-08-07,700.0,700.0,700.0,700.0,0,0.0,0.0,700.0,1000546.0,3000273.0,1314416.48730074,2701660.1832792275,-1387243.6959784874,-996973.1218920093,-390270.5740864781,0.002800235219766023,3000273.0,8025833.817157795,-2025287.8171577947,3.3500690218242104,357112.85714285716,20.0,0.0,0.0,0.23330118459292734
2020-08-10,700.0,700.0,700.0,700.0,0,0.0,0.0,700.0,500616.0,2750308.0,1112306.2584852416,2501589.058591877,-1389282.8001066356,-1075435.0575349345,-313847.74257170106,0.002800235219766023,2750308.0,7853787.1504644565,-2353171.1504644565,3.711205545316711,357112.85714285716,20.0,0.0,0.0,0.23330118459292734
2020-08-11,700.0,700.0,700.0,700.0,0,0.0,0.0,700.0,686.0,2500343.0,941289.9110259736,2316338.0172147006,-1375048.106188727,-1135357.6672656932,-239690.4389230339,0.002800235219766023,2500343.0,7629530.939638269,-2628844.939638269,4.102787449272575,357112.85714285716,20.0,0.0,0.0,0.23330118459292734
2020-08-12,700.0,700.0,700.0,700.0,0,0.0,0.0,700.0,700.0,2250378.0,796583.7708681315,2144809.2751987968,-1348225.5043306653,-1177931.2346786875,-170294.2696519778,0.002800235219766023,2250378.0,7353854.263260908,-2853098.2632609084,4.5356613540133335,357112.85714285716,20.0,0.0,0.0,0.23330118459292734
2020-08-13,700.0,700.0,700.0,700.0,0,0.0,0.0,700.0,700.0,2000413.0,674140.113811496,1985986.3659248117,-1311846.2521133157,-1204714.2381656133,-107132.01394770248,0.002800235219766023,2000413.0,7025967.953220187,-3025141.9532201868,5.024517390379073,357112.85714285716,20.0,0.0,0.0,0.23330118459292734
2020-08-14,700.0,700.0,700.0,700.0,0,0.0,0.0,700.0,700.0,1750448.0,570533.9424558812,1838928.1165970475,-1268394.1741411663,-1217450.225360724,-50943.948780442355,0.002800235219766023,1750448.0,6643378.285078253,-3142482.2850782527,5.590489160578609,357112.85714285716,20.0,0.0,0.0,0.23330118459292734
2020-08-18,700.0,700.0,700.0,700.0,0,0.0,0.0,700.0,700.0,1500483.0,482867.18207805324,1702763.070923192,-1219895.8888451387,-1217939.358057607,-1956.5307875317521,0.002800235219766023,1500483.0,6201457.636186365,-3200491.636186365,6.26594854614996,357112.85714285716,20.0,0.0,0.0,0.23330118459292734
2020-08-19,700.0,700.0,700.0,700.0,0,0.0,0.0,700.0,700.0,1250518.0,408687.6156045065,1576684.3249288814,-1167996.7093243748,-1207950.8283109607,39954.118986585876,100.0,1250518.0,5692520.910189355,-3191484.910189355,7.104260650689322,10.0,20.0,0.0,0.0,0.23330118459292734
2021-07-22,875.0,875.0,800.0,875.0,1578700,0.25,0.22314355131420976,735.0,717.5,708.75,726.9230769231091,713.0228700462502,13.900206876858874,2.703924140247251,11.196282736611623,100.0,708.75,787.0135939627514,630.4864060372486,0.2208496478666707,12.5,78935.0,20.0,0.9999999998666668,0.055901699437494734
2021-07-23,815.0,1090.0,815.0,900.0,4701200,-0.06857142857142862,-0.07103577311675177,758.0,729.0,714.5,740.4733727810924,720.5767315243057,19.896641256786666,6.142467563555135,13.75417369323153,74.46808510638297,714.5,805.8592137080007,623.1407862919993,0.2557290796585043,32.142857142857146,313995.0,14.972212933326963,0.0,0.0587394893127792
2021-07-26,760.0,815.0,760.0,815.0,472600,-0.06748466257668717,-0.069869679960486,770.0,735.0,717.5,743.4774692763089,723.4969736336163,19.980495642692517,8.910073179382612,11.070422463309905,60.3448275862069,717.5,810.7748097817432,624.2251902182568,0.25999946977489397,36.07142857142857,337625.0,1.3997778600518327,0.0,0.06117578630952882
2021-07-27,710.0,710.0,710.0,710.0,88200,-0.06578947368421051,-0.06805346324501564,772.0,736.0,718.0,738.3270893876459,722.497197808904,15.829891578741808,10.294036859254453,5.5358547194873555,51.470588235294116,718.0,810.9865900508547,625.0134099491453,0.25901557117229723,39.642857142857146,342035.0,0.25786834680661336,0.0,0.06323245871417014
2021-07-28,665.0,665.0,665.0,665.0,121800,-0.06338028169014087,-0.065477929379507,765.0,732.5,716.25,727.0459987126234,718.2381461193556,8.80785259326774,9.99680000605711,-1.1889474127893713,45.45454545454546,716.25,811.9410083926889,620.5589916073111,0.2672000234350824,42.857142857142854,348125.0,0.3498743267504488,0.0,0.06492503536835735
2021-07-29,620.0,670.0,620.0,620.0,201800,-0.06766917293233088,-0.07006756261671696,714.0,724.5,712.25,710.5773835260659,710.9612464068108,-0.38386288074491404,7.920667428696706,-8.30453030944162,40.69767441860465,712.25,817.0552360730563,607.4447639269437,0.29429339718653935,46.42857142857143,358215.0,0.5633488268218807,0.0,0.06662426980226224
2021-07-30,580.0,580.0,580.0,580.0,941500,-0.06451612903225812,-0.06669137449867228,667.0,712.5,706.25,690.4885552912864,701.2604133396396,-10.771858048353238,4.182162333286716,-14.954020381639953,37.234042553191486,706.25,826.5956890663319,585.9043109336681,0.34080195133828517,49.285714285714285,405290.0,2.323027955291273,0.0,0.06796147553845716
2021-08-02,540.0,610.0,540.0,540.0,471500,-0.06896551724137934,-0.07145896398214498,623.0,696.5,698.25,667.3364698618577,689.3151975367034,-21.978727674845686,-1.050015668339766,-20.92871200650592,34.31372549019608,698.25,839.7566694843841,556.7433305156159,0.4053180651181787,54.285714285714285,428865.0,1.0994135683723316,0.0,0.06930416666277753
2021-08-03,505.0,505.0,505.0,505.0,234200,-0.06481481481481477,-0.0670107102829602,582.0,677.0,688.5,642.3616283446488,675.662219941392,-33.300591596743175,-7.50013085402045,-25.800460742722723,32.11009174311927,688.5,854.2873737598829,522.7126262401171,0.48159004723277543,56.785714285714285,440575.0,0.5315780514100891,0.0,0.07028017376943592
2021-08-04,498.0,630.0,470.0,470.0,2627300,-0.013861386138613874,-0.013958352250706914,548.6,656.8,678.4,620.1521470608567,662.5020555012889,-42.34990844043216,-14.470086371302795,-27.879822069129364,31.70289855072464,678.4,864.5938453204343,492.20615467956566,0.5489205345531672,68.21428571428571,571940.0,4.5936636710144425,0.1749999999890625,0.07020253197994536
2021-08-05,620.0,620.0,498.0,500.0,3129700,0.2449799196787148,0.21911940101448427,548.6,631.3,674.4,620.128739820725,659.3537550937859,-39.22501527306099,-19.42107215165444,-19.80394312140655,44.0652818991098,674.4,862.0714391906988,486.72856080930114,0.556558241965299,76.92857142857143,728425.0,4.29653018498816,0.9999999999180328,0.09115692663091304
2021-08-06,775.0,775.0,660.0,660.0,4503400,0.25,0.22314355131420976,587.6,627.3,678.15,643.9550875406135,667.9201436053575,-23.965056064743976,-20.329868934272348,-3.6351871304716283,54.523522316043426,678.15,870.9037033119653,485.3962966880347,0.5684692274923403,88.0,953595.0,4.722549929477399,0.9999999999130436,0.10724024771221276
2021-08-09,965.0,965.0,815.0,815.0,3021500,0.2451612903225806,0.2192650719856389,672.6,647.8,691.4,693.3466125343652,689.9260588938495,3.4205536405157773,-15.579784419314723,19.0003380598305,63.00294406280667,691.4,922.9966108134055,459.8033891865945,0.6699352352137851,101.57142857142857,1104670.0,2.7352059891189224,0.9999999999333333,0.11936374345690029
2021-08-10,900.0,1205.0,900.0,1000.0,1812500,-0.06735751295336789,-0.0697333380146752,751.6,666.8,701.4,725.1394413752321,705.4870915683791,19.652349806852953,-8.533357574081187,28.18570738093414,59.22509225092251,701.4,951.1222470393955,451.67775296060444,0.71206799840147,123.35714285714286,1195295.0,1.516362069614614,0.0,0.12096422894428066
2021-08-12,840.0,895.0,840.0,855.0,62700,-0.06666666666666665,-0.06899287148695143,820.0,684.3,708.4,742.8102965482733,715.4510107114621,27.359285836811182,-1.3548288919027105,28.71411472871389,48.19401444788442,708.4,965.6910304509245,451.1089695490754,0.7264004247626327,115.14285714285714,1198430.0,0.05231844997204676,0.0,0.12242182828143168
2021-08-13,785.0,785.0,785.0,785.0,261200,-0.06547619047619047,-0.06771817405495086,853.0,700.8,712.65,749.3010201562312,720.6027876957983,28.698232460432905,4.655783378564414,24.04244908186849,48.44398340248962,712.65,972.1553810067919,453.144618993208,0.7282828345100455,99.42857142857143,1211490.0,0.21560227488464617,0.0,0.12372815731573095
2021-08-16,735.0,735.0,735.0,735.0,89100,-0.06369426751592355,-0.06581321856957174,845.0,716.3,714.4,747.1008632091186,721.6692478664799,25.431615342638793,8.81094977137929,16.6206655712595,48.69655891553701,714.4,974.0182230099026,454.7817769900974,0.7268147340702762,99.07142857142857,1215945.0,0.07327634062395914,0.0,0.12487527412695623
2021-08-18,685.0,695.0,685.0,685.0,94000,-0.0680272108843537,-0.07045166095061135,789.0,730.8,713.65,737.5468842538696,718.9530072837777,18.59387697009197,10.767535211121826,7.826341758970143,48.69655891553701,713.65,973.5299128198504,453.7700871801495,0.7283119535342267,99.07142857142857,1220645.0,0.07700846683515682,0.0,0.12605690782021817
2021-08-19,640.0,855.0,640.0,670.0,4843000,-0.06569343065693434,-0.06795066190850778,737.0,744.3,710.65,722.5396712917358,713.1046363738682,9.435034917867597,10.501035152470982,-1.0660002346033846,48.69655891553701,710.65,972.5706200217278,448.7293799782722,0.7371297263680513,111.21428571428571,1462795.0,3.3107851749561625,0.0,0.1270649253299041
2021-08-20,600.0,640.0,600.0,630.0,2148800,-0.0625,-0.06453852113757118,689.0,754.5,705.65,703.6874141699303,704.726515160989,-1.0391009910587172,8.193007923765041,-9.232108914823758,48.9517819706499,705.65,972.2036198315102,439.0963801684897,0.7554839363183171,110.5,1570235.0,1.36845758755855,0.0,0.12789313567107616
2021-08-23,560.0,610.0,560.0,600.0,1375000,-0.06666666666666665,-0.06899287148695143,644.0,748.5,689.9,681.5816581437872,694.0060325564714,-12.424374412684188,4.069531456475194,-16.49390586915938,48.9517819706499,689.9,951.5002185603203,428.2997814396797,0.7583714119736782,111.21428571428571,1560050.0,0.8813820069869556,0.0,0.11407598994067875
2021-08-24,525.0,670.0,525.0,560.0,6866200,-0.0625,-0.06453852113757118,602.0,723.5,675.4,657.4921722755123,681.487067181918,-23.994894906405648,-1.5433538161009763,-22.451541090304673,49.209694415173864,675.4,939.9360200993367,410.8639799006632,0.7833462247537363,116.57142857142857,1668300.0,4.115686627105437,0.0,0.11393826227874873
2021-08-25,490.0,560.0,490.0,525.0,11945300,-0.06666666666666665,-0.06899287148695143,563.0,676.0,661.9,631.7241457715872,667.3028399832574,-35.578694211670154,-8.350421895214813,-27.22827231645534,49.209694415173864,661.9,935.6546743339659,388.14532566603407,0.8271783481914667,119.07142857142857,2241935.0,5.328120574414513,0.0,0.11391904660705392
2021-08-26,456.0,490.0,456.0,490.0,5514300,-0.06938775510204087,-0.07191258159028627,526.2,631.6,649.2,604.6896618067276,651.6507777622754,-46.961115955547825,-16.07256070728142,-30.888555248266407,47.84836065573771,649.2,936.7772127600779,361.62278723992216,0.8859433541592046,110.07142857142857,2513240.0,2.19410004615556,0.0,0.11400428684050226
2021-08-27,426.0,458.0,426.0,458.0,4795700,-0.06578947368421051,-0.06805346324501564,491.4,590.2,637.25,577.1989446056925,634.9359053354402,-57.73696072974769,-24.405440711774677,-33.33152001797302,39.02714932126697,637.25,941.445454193001,333.05454580699904,0.9547130771063193,103.64285714285714,2746935.0,1.7458367234754373,0.0,0.11405781674642683
2021-08-30,462.0,476.0,398.0,424.0,10763200,0.08450704225352124,0.08112554481236853,471.8,557.9,629.35,559.4760300509706,622.1258382735557,-62.64980822258508,-32.05431421393676,-30.595494008648316,29.542483660130713,629.35,943.4761741708041,315.22382582919585,0.9982558963082676,98.14285714285714,3275005.0,3.2864682649339465,0.8205128204076266,0.11553137715295317
2021-08-31,478.0,535.0,466.0,480.0,20128000,0.03463203463203457,0.034045841409717066,462.4,532.2,624.25,546.9412561969751,611.4498502532924,-64.50859405631729,-38.545170182412875,-25.963423873904418,8.798646362098125,624.25,944.9921174882563,303.5078825117436,1.027607905448959,89.78571428571429,4234330.0,4.753526531942479,0.1739130434530561,0.11514572213762325
2021-09-01,458.0,480.0,454.0,480.0,4877000,-0.04184100418410042,-0.04274154837727102,456.0,509.5,620.15,533.2579860128251,600.0831946789745,-66.82520866614936,-44.20117787916018,-22.624030786989188,9.523809523809533,620.15,947.4558936777369,292.84410632226303,1.055570083617631,69.85714285714286,4454605.0,1.0948220998270328,0.15384615378698224,0.11449742721725012
2021-09-02,440.0,474.0,440.0,458.0,2730600,-0.0393013100436681,-0.04009445720187809,452.8,489.5,616.9,518.9106035493135,588.2251802583097,-69.31457670899624,-49.223857645127396,-20.090719063868846,10.317460317460316,616.9,950.2550985367507,283.54490146324923,1.0807427412441262,68.0,4579425.0,0.5962757333071291,0.0,0.11390819284788876
2021-09-03,410.0,440.0,410.0,440.0,4336200,-0.06818181818181823,-0.07061756721395342,449.6,470.5,612.5,502.1551260801883,575.0233150539905,-72.86818897380215,-53.95272391086235,-18.915465062939795,10.855949895615865,612.5,954.6695188283975,270.33048117160246,1.1172882247457878,66.21428571428571,4664870.0,0.9295435885673127,0.0,0.11486685530740055
2021-09-06,382.0,410.0,382.0,410.0,4396100,-0.06829268292682922,-0.07073655109177825,433.6,452.7,600.6,483.66972206785164,560.7252917166578,-77.05556964880617,-58.57329305845112,-18.48227659035505,11.378555798687088,600.6,957.8914785830852,243.30852141691474,1.1897818134634872,64.64285714285714,4728190.0,0.9297638208278433,0.0,0.09944962835342983
2021-09-07,356.0,400.0,356.0,378.0,6121700,-0.0680628272251309,-0.07048987775454474,409.2,435.8,579.65,464.02822636510524,545.5604552932016,-81.53222892809634,-63.16508023238017,-18.367148695716175,12.00923787528869,579.65,942.9702018736223,216.32979812637774,1.2535847558824198,64.21428571428571,4809105.0,1.2729395594398543,0.0,0.07693647919355957
2021-09-08,332.0,356.0,332.0,356.0,4499700,-0.0674157303370787,-0.06979576193554198,384.0,420.0,548.0,443.7161915397044,529.74116230852,-86.02497076881554,-67.73705833966724,-18.287912429148292,12.62135922330097,548.0,878.8072751626605,217.19272483733948,1.2073258217615348,50.57142857142857,4883015.0,0.9215003435377528,0.0,0.039584303940621096
2021-09-09,310.0,348.0,310.0,320.0,4326000,-0.0662650602409639,-0.06856267143729666,358.0,405.4,518.5,423.1444697643652,513.4640391745555,-90.3195694101903,-72.25356055377186,-18.066008856418435,13.19796954314721,518.5,821.170188116902,215.82981188309805,1.1674838500169795,50.42857142857143,5008690.0,0.8636988913268739,0.0,0.039561609607558605
2021-09-10,334.0,366.0,298.0,310.0,12841200,0.07741935483870965,0.07456869549750847,342.8,396.2,493.2,409.42993595446285,500.17040664310696,-90.74047068864411,-75.95094258074631,-14.789528107897794,20.1058201058201,493.2,765.816987222938,220.58301277706198,1.105502786792125,51.714285714285715,5647615.0,2.273738560436574,0.5294117646280277,0.048662503163915266
2021-09-13,312.0,336.0,312.0,336.0,6028400,-0.06586826347305386,-0.06813780516721803,328.8,381.2,469.55,394.4407150383916,486.23185800287683,-91.79114296448523,-79.1189826574941,-12.672160306991131,20.821917808219183,469.55,716.4336730905788,222.66632690942123,1.051575649411474,43.07142857142857,5935975.0,1.0155703149019326,0.0,0.04867170516813291
2021-09-14,292.0,314.0,292.0,312.0,7937900,-0.0641025641025641,-0.0662493855412006,316.0,362.6,447.4,378.6806050324852,471.84431296562667,-93.1637079331415,-81.92792771262359,-11.23578022051791,21.714285714285708,447.4,672.5398176972471,222.26018230275275,1.0064363777257364,39.642857142857146,6328415.0,1.2543267152991704,0.0,0.04868049424383756
2021-09-15,272.0,330.0,272.0,292.0,17046000,-0.06849315068493156,-0.07095173597228449,304.0,344.0,426.75,362.2682042582567,457.0410305237284,-94.77282626547174,-84.49690742319322,-10.275918842278514,22.61904761904762,426.75,635.2790100667296,218.2209899332704,0.9772888579577251,41.357142857142854,7176015.0,2.375413094872293,0.0,0.04869270798177134
2021-09-16,254.0,280.0,254.0,272.0,17647200,-0.06617647058823528,-0.06846779927746072,292.8,325.4,407.45,345.6115574492941,442.0009541886374,-96.38939673934334,-86.87540528642326,-9.51399145292008,23.456790123456784,407.45,603.981959735884,210.91804026411603,0.9646924026795138,40.92857142857143,7816225.0,2.257765097601464,0.0,0.0487041406148129
2021-09-17,238.0,258.0,238.0,254.0,15973900,-0.06299212598425197,-0.06506359334706188,273.6,308.2,389.35,329.0559332263257,426.8897723968865,-97.8338391705608,-89.06709206325077,-8.766747107310024,13.15789473684211,389.35,577.7244608850115,200.97553911498855,0.9676356023372874,36.785714285714285,8507480.0,1.8776300385072902,0.0,0.04871407706808363
2021-09-20,222.0,238.0,222.0,238.0,9185700,-0.0672268907563025,-0.06959329179919523,255.6,292.2,372.45,312.5857896530448,411.71275221933934,-99.12696256629454,-91.07906616385954,-8.047896402435,7.89473684210526,372.45,556.9697768270833,187.93022317291673,0.9908432102407478,32.714285714285715,8898015.0,1.0323313682883204,0.0,0.048727912033125265
2021-09-21,222.0,222.0,222.0,222.0,0,0.0,0.0,241.6,278.8,357.3,298.64951432180715,397.6599557586475,-99.01044143684038,-92.66534121845572,-6.345100218384658,8.450704225352098,357.3,538.8135797110422,175.7864202889578,1.0160289936246414,30.857142857142858,8554705.0,0.0,0.0,0.0494840483741514
2021-09-22,232.0,262.0,212.0,230.0,41818000,0.04504504504504503,0.044059989794030495,233.6,268.8,344.4,288.39574288768296,385.38884792467366,-96.9931050369907,-93.53089398216272,-3.462211054827975,12.318840579710141,344.4,522.8504667783652,165.9495332216348,1.0362977164829572,32.0,10048340.0,4.161682427147171,0.39999999992,0.05263589970538206
2021-09-23,218.0,246.0,216.0,232.0,12725600,-0.06034482758620685,-0.062242308877220896,226.4,259.6,332.5,277.5656285972702,372.98967400432747,-95.42404540705729,-93.90952426714165,-1.5145211399156437,13.07692307692308,332.5,511.3571339275371,153.64286607246288,1.0758323845265392,32.0,10408905.0,1.22256856028564,0.06666666664444444,0.05236663382119401
2021-09-24,208.0,230.0,206.0,224.0,6862200,-0.04587155963302747,-0.04695698308777098,220.4,247.0,321.6,266.86322419769016,360.7682166706736,-93.90499247298345,-93.90861790831002,0.0036254353265690042,14.049586776859499,321.6,503.01763576753285,140.18236423246717,1.1282191279075424,31.714285714285715,10512230.0,0.652782520930383,0.0833333332986111,0.05193665021363736
2021-09-27,208.0,208.0,208.0,208.0,0,0.0,0.0,217.6,236.6,308.9,257.8073435518917,349.45205247284593,-91.64470892095426,-93.45583611083887,1.8111271898846155,15.740740740740748,308.9,484.3997095193534,133.40029048064656,1.1362881807662897,28.571428571428573,9974070.0,0.0,0.0,0.04473063802483348
2021-09-28,208.0,208.0,208.0,208.0,0,0.0,0.0,214.8,228.2,295.4,250.1446753131391,338.9741226600425,-88.82944734690341,-92.53055835805179,3.7011110111483845,17.708333333333343,295.4,457.12862468222124,133.67137531777874,1.094980532716461,26.857142857142858,8967670.0,0.0,0.0,0.0423722983321905
2021-09-29,208.0,208.0,208.0,208.0,0,0.0,0.0,210.0,221.8,282.9,243.66087911111768,329.2723357963356,-85.61145668521792,-91.14673802348503,5.5352813382671116,20.0,282.9,429.66634003792296,136.13365996207702,1.0375845884618098,24.142857142857142,8723820.0,0.0,0.0,0.04329422779245937
2021-09-30,208.0,208.0,208.0,208.0,0,0.0,0.0,208.0,217.2,271.3,238.17459001709958,320.28919981142184,-82.11460979432226,-89.3403123776525,7.225702583330232,6.849315068493141,271.3,401.52660670783314,141.07339329216686,0.9600192164233919,19.285714285714285,8587290.0,0.0,0.0,0.04410709684231691
2021-10-01,208.0,208.0,208.0,208.0,0,0.0,0.0,208.0,214.2,261.2,233.53234539908425,311.9714813068721,-78.43913590778783,-87.16007708367957,8.720941175891738,8.064516129032256,261.2,376.6251666440437,145.77483335595628,0.8838067890049289,17.571428571428573,8370480.0,0.0,0.0,0.04411084116155402
2021-10-04,208.0,208.0,208.0,208.0,0,0.0,0.0,208.0,212.8,252.5,229.60429226076357,304.26989009895567,-74.6655978381921,-84.66118123458207,9.995583396389975,9.615384615384613,252.5,355.10594340127807,149.89405659872193,0.8127203437724996,16.0,8150675.0,0.0,0.0,0.04383117391006947
2021-10-05,197.0,226.0,194.0,226.0,15016600,-0.05288461538461542,-0.0543343509633295,205.8,210.3,244.55,224.58824729756915,296.32397231384783,-71.73572501627868,-82.0760899909214,10.340364974642725,10.526315789473685,244.55,337.5829349736965,151.51706502630347,0.7608500100077409,14.142857142857142,8595420.0,1.747046683000947,0.09374999997070313,0.043247059364435965
2021-10-06,185.0,214.0,184.0,198.0,20815200,-0.060913705583756306,-0.06284790365966364,201.2,205.6,237.2,218.49774771332773,288.0777521424517,-69.58000442912396,-79.57687287856191,9.996868449437954,11.235955056179776,237.2,324.17259483941274,150.22740516058724,0.733327106571777,14.428571428571429,9411195.0,2.211748879924388,0.03333333332222222,0.04296070367034166
2021-10-07,178.0,197.0,177.0,185.0,9090000,-0.037837837837837784,-0.03857227478623962,195.2,201.6,230.6,212.2673249882004,279.92384457634415,-67.65651958814377,-77.19280222047828,9.536282632334519,12.5,230.6,314.28324136163565,146.91675863836434,0.725787002269173,14.428571428571429,9649395.0,0.9420279717018528,0.049999999975,0.04208713700738496
2021-10-08,169.0,178.0,167.0,178.0,7416100,-0.050561797752809,-0.051884835369011686,187.4,197.7,222.35,205.61081345155415,271.7072634966149,-66.09645004506078,-74.9735317853948,8.87708174033402,13.698630136986296,222.35,294.90553691868774,149.79446308131222,0.6526245731386352,14.071428571428571,9378140.0,0.7907858061406633,0.18181818165289254,0.03449853161992398
2021-10-11,161.0,169.0,159.0,169.0,3886800,-0.047337278106508895,-0.048494349938610494,178.0,193.0,214.8,198.74761138208427,263.5067254598286,-64.75911407774433,-72.9306482438647,8.171534166120367,12.345679012345684,214.8,279.02346382830933,150.5765361716907,0.5979838345280197,14.785714285714286,9271060.0,0.4192400868940553,0.1999999998,0.033808755989257214
2021-10-12,164.0,174.0,159.0,161.0,9638100,0.01863354037267073,0.018462062839735352,171.4,188.6,208.4,193.40182501560975,256.1358569072487,-62.73403189163895,-70.89132497341954,8.157293081780594,4.054054054054049,208.4,265.3278457523422,151.47215424765778,0.5463324928247814,12.285714285714286,9356070.0,1.0301440668998842,0.3333333331111111,0.03472146676323581
2021-10-13,156.0,164.0,155.0,164.0,3746200,-0.04878048780487809,-0.05001042057466142,165.6,183.4,202.6,187.6476980901313,248.71838602523027,-61.07068793509896,-68.92719756575543,7.8565096306564755,4.411764705882362,202.6,255.75657746095442,149.44342253904557,0.5247441012927386,10.785714285714286,8691080.0,0.4310396406430501,0.1111111109876543,0.03377381378031165
2021-10-14,160.0,163.0,152.0,156.0,1663600,0.02564102564102555,0.025317807984289786,162.0,178.6,197.9,183.39420607626496,242.14665372706506,-58.75244765080009,-66.89224758276437,8.139799931964276,11.290322580645153,197.9,248.4812596986677,147.3187403013323,0.5111799868485872,9.857142857142858,7891900.0,0.21079841356327372,0.7272727266115702,0.03438347190414246
2021-10-15,174.0,176.0,160.0,160.0,19949900,0.08749999999999991,0.08388148398070203,163.0,175.2,194.7,181.94894360299344,237.09875345098615,-55.149809847992714,-64.54376003581004,9.393950187817325,27.631578947368425,194.7,242.62780361202954,146.77219638797044,0.4923246390552599,11.0,8090700.0,2.465781699976516,0.874999999453125,0.0408601474230028
2021-10-18,191.0,191.0,173.0,174.0,52225600,0.09770114942528729,0.09321812883210079,169.0,173.5,193.15,183.3414138179175,233.6840309731353,-50.342617155217795,-61.70353145969159,11.360914304473795,40.86021505376344,193.15,239.33373649883566,146.96626350116435,0.47821627231515046,12.285714285714286,10242695.0,5.098814325721893,0.9999999994444444,0.04602736925141444
2021-10-19,210.0,210.0,194.0,195.0,89949100,0.09947643979057585,0.09483410267083875,178.2,174.8,192.55,187.4427347690071,231.92965830845858,-44.48692353945148,-58.26020987564357,13.773286336192086,50.89285714285714,192.55,237.44954449603327,147.65045550396675,0.46636763953293436,13.642857142857142,14740150.0,6.10231917585642,0.999999999375,0.05178190410842433
2021-10-21,208.0,224.0,196.0,216.0,36238900,-0.00952380952380949,-0.009569451016150672,188.6,177.1,191.35,190.60539095839061,230.15709102635054,-39.55170006795993,-54.518507914106834,14.966807846146907,50.0,191.35,232.9735085545699,149.7264914454301,0.43505104316247606,15.642857142857142,14461195.0,2.5059408990750764,0.4285714284183673,0.05062352253124639
2021-10-22,200.0,214.0,200.0,208.0,11241700,-0.038461538461538436,-0.03922071315328127,196.6,179.3,190.45,192.0507154263305,227.92323243180607,-35.87251700547557,-50.78930973238058,14.916792726905008,46.721311475409834,190.45,230.39167644251998,150.50832355748,0.4194452763719611,16.642857142857142,14387000.0,0.7813790227288524,0.0,0.049572999054833526
2021-10-25,190.0,206.0,190.0,200.0,11522000,-0.050000000000000044,-0.05129329438755058,199.8,181.4,189.55,191.73522074535657,225.11410410352414,-33.37888335816757,-47.307224457537984,13.928341099370414,43.18181818181818,189.55,228.6284722160193,150.47152778398072,0.4123289075813167,17.785714285714285,14619990.0,0.7880990342674653,0.0,0.04976841636933461
2021-10-26,185.0,198.0,185.0,190.0,10877900,-0.02631578947368418,-0.026668247082161294,198.6,183.8,188.4,190.69903293837865,222.14268898474455,-31.443656046365902,-44.134510775303575,12.690854728937673,45.238095238095234,188.4,226.53467328491044,150.26532671508957,0.40482668030690483,16.428571428571427,15163885.0,0.7173557435973696,0.0,0.05002192721287986
2021-10-27,173.0,188.0,173.0,185.0,24225300,-0.06486486486486487,-0.06706423058054588,191.2,184.7,186.65,187.97610479401268,218.50248980068937,-30.52638500667669,-41.4128856215782,10.886500614901507,45.238095238095234,186.65,224.20544170041032,149.0945582995897,0.40241566247425997,15.357142857142858,16375150.0,1.4793940818862727,0.0,0.05177440647842288
2021-10-28,161.0,174.0,161.0,173.0,15601000,-0.06936416184971095,-0.07188722951331591,181.8,185.2,184.3,183.82593482570303,214.2430461117494,-30.417111286046378,-39.21373075447184,8.796619468425462,43.51145038167939,184.3,222.11145247400916,146.48854752599087,0.41032504041247037,14.857142857142858,17155200.0,0.9094035627681403,0.0,0.05350965711522894
2021-10-29,150.0,160.0,150.0,160.0,30378100,-0.06832298136645965,-0.07076907088820726,171.8,184.2,181.4,178.62194485251797,209.4843019553235,-30.862357102805532,-37.54345602413858,6.681098921333046,42.857142857142854,181.4,220.4349457649712,142.36505423502882,0.4303742642223945,14.857142857142858,18674105.0,1.6267499834664099,0.0,0.05490660734104167
2021-11-01,140.0,150.0,140.0,150.0,9281900,-0.06666666666666665,-0.06899287148695143,161.8,180.8,178.0,172.6801071828998,204.33731662529954,-31.657209442399733,-36.36620670779081,4.708997265391076,42.22222222222222,178.0,219.07221677644145,136.92778322355855,0.4614855817577691,14.857142857142858,19138200.0,0.4849933640572259,0.0,0.05597340496370125
2021-11-02,133.0,148.0,131.0,141.0,33903300,-0.050000000000000044,-0.05129329438755058,151.4,175.0,174.25,166.57547530860754,199.05307094935142,-32.477595640743885,-35.588484494381426,3.1108888536375403,38.84892086330935,174.25,217.43053461851724,131.06946538148276,0.4956158923215752,15.0,20833365.0,1.6273559264189918,0.11764705875432525,0.05623634444965355
2021-11-03,146.0,146.0,133.0,134.0,27021100,0.09774436090225569,0.09325749348658272,146.0,168.6,171.7,163.4100175688218,195.12321384199205,-31.71319627317027,-34.813426850139194,3.100230576968926,46.52777777777778,171.7,215.24574897959684,128.15425102040314,0.5072306229423047,15.285714285714286,21433590.0,1.2606894132060937,0.9999999992307692,0.06152874617021533
2021-11-04,197.0,197.0,152.0,152.0,81857700,0.34931506849315075,0.29959710702965214,153.2,167.5,172.3,168.57770717361842,195.26223503888153,-26.684527865263107,-33.18764705316398,6.503119187900872,59.68586387434555,172.3,216.93442902271795,127.66557097728207,0.5181013235370625,18.142857142857142,24485715.0,3.3430798324655826,0.9999999997777778,0.10067784236578933
2021-11-05,256.0,264.0,204.0,204.0,419882100,0.29949238578680193,0.2619737157415739,174.4,173.1,176.2,182.02729068536945,199.76132873970514,-17.734038054335684,-30.096925253398318,12.362887199062634,67.37288135593221,176.2,234.4772018384457,117.92279816155428,0.6614892376668071,21.785714285714285,45025320.0,9.32546620434902,0.8666666665222222,0.11924484129755264
2021-11-08,286.0,298.0,258.0,258.0,269268100,0.1171875,0.11081436634029011,203.6,182.7,182.05,198.02309211838954,206.14937846268992,-8.126286344300382,-25.70279747157873,17.576511127278348,69.07630522088354,182.05,258.0719541789027,106.02804582109734,0.8351766457446048,23.5,58117920.0,4.633133807954586,0.6999999998249999,0.11960368421360211
2021-11-09,266.0,292.0,266.0,290.0,29850700,-0.0699300699300699,-0.07249550203815347,230.2,190.8,187.3,208.48107794632963,210.582757835824,-2.1016798894943634,-20.982573955161858,18.880894065667494,61.199999999999996,187.3,271.28634375982904,103.313656240171,0.8968109317653926,24.0,59416115.0,0.5024007375776757,0.0,0.12050225820235248
2021-11-10,254.0,278.0,248.0,250.0,106932600,-0.045112781954887216,-0.04616204176316249,251.8,198.9,191.8,215.48398903150968,213.7988498479852,1.685139183524484,-16.44903132742459,18.134170510949073,58.84615384615385,191.8,280.06527386038067,103.53472613961935,0.9203886742479734,24.142857142857142,64280840.0,1.66352213194476,0.19999999993333334,0.12169825121919427
2021-11-11,238.0,270.0,238.0,270.0,34180900,-0.06299212598425197,-0.06506359334706188,260.0,206.6,195.9,218.94799071896972,215.59152763702332,3.3564630819464014,-12.487932445550388,15.84439552749679,57.089552238805965,195.9,284.77922403079583,107.02077596920417,0.9073938134843882,25.428571428571427,65802575.0,0.519446237476269,0.0,0.12221262545612996
2021-11-12,232.0,254.0,226.0,240.0,42747000,-0.025210084033613467,-0.025533302005164762,255.2,214.8,199.5,220.95599214682053,216.80697003428085,4.149022112539683,-9.160541533932374,13.309563646472057,57.954545454545446,199.5,288.08882334781873,110.91117665218125,0.8881085047400374,26.285714285714285,67856745.0,0.6299594830256005,0.21428571420918366,0.12278370471914629
2021-11-15,280.0,288.0,230.0,230.0,174175500,0.2068965517241379,0.18805223150293962,254.0,228.8,204.8,230.0396856626943,221.48793521692673,8.551750445767567,-5.618083137992385,14.169833583759953,65.47231270358307,204.8,299.44182140525754,110.15817859474245,0.9242365371607182,29.5,75568025.0,2.3048835800591587,0.8620689653686088,0.12873647681163575
2021-11-16,288.0,316.0,262.0,282.0,177950800,0.02857142857142847,0.028170876966696224,258.4,244.3,209.65,238.95665709920289,226.4147548304877,12.541902268715177,-1.986086056650872,14.52798832536605,68.97689768976898,209.65,311.0169241231681,108.28307587683187,0.9670109623006736,32.285714285714285,81854285.0,2.1739949228070343,0.4814814813923182,0.12777729110140051
2021-11-17,288.0,308.0,280.0,290.0,75969800,0.0,0.0,265.2,258.5,213.55,246.5017867762486,230.97662484304416,15.52516193320443,1.5161635413201895,14.00899839188424,71.8213058419244,213.55,320.8045945075041,106.29540549249593,1.004491636689338,33.357142857142854,81155320.0,0.9361037575848385,0.2857142856122449,0.12676410716928324
2021-11-18,288.0,296.0,280.0,290.0,30027700,0.0,0.0,275.2,267.6,217.55,252.88612727221033,235.20057855837425,17.685548713836084,4.75004057582337,12.935508138012715,74.64285714285714,217.55,329.78457878248264,105.31542121751738,1.031804907216572,33.714285714285715,80844760.0,0.3714241962002237,0.4999999996875,0.1266548361373679
2021-11-19,278.0,294.0,268.0,292.0,36363300,-0.03472222222222221,-0.03533936644530885,284.4,269.8,221.45,256.7497999995626,238.37090607256874,18.37889392699384,7.475811246057465,10.903082680936375,74.64285714285714,221.45,336.5022565056756,106.3977434943244,1.0390811154271897,34.857142857142854,82100840.0,0.44291020652163854,0.38461538446745563,0.12656190552883217
2021-11-22,262.0,284.0,260.0,278.0,32317000,-0.05755395683453235,-0.05927660992954019,280.8,267.4,225.05,257.55752307655297,240.12120932645254,17.436313750100425,9.467911746866058,7.968402003234367,72.31833910034602,225.05,340.4639945935514,109.63600540644863,1.0256742465545554,35.357142857142854,83140590.0,0.3887030390330403,0.0833333332986111,0.12680316272929168
2021-11-23,244.0,262.0,244.0,250.0,23392400,-0.06870229007633588,-0.071176278467895,272.0,265.2,228.0,255.47175029554484,240.4085271541227,15.063223141422128,10.586974025777273,4.476249115644855,66.66666666666666,228.0,342.11250515259746,113.88749484740251,1.0009868873034866,35.714285714285715,83766315.0,0.2792578377119729,0.0,0.12801755571736784
2021-11-24,260.0,278.0,236.0,244.0,48704800,0.06557377049180335,0.06351340572232593,266.4,265.8,232.35,256.16840409623023,241.85974736492844,14.308656731301795,11.331310566882179,2.9773461644196164,62.16216216216216,232.35,344.2460543988201,120.4539456011799,0.9631681032822905,35.07142857142857,84990290.0,0.573063111091867,0.571428571292517,0.12674050791306296
2021-11-25,250.0,276.0,248.0,264.0,36501100,-0.038461538461538436,-0.03922071315328127,258.8,267.0,236.8,255.21941885065633,242.4627290416004,12.756689809055928,11.61638641531693,1.1403033937389981,48.57142857142857,236.8,343.71669477461586,129.88330522538416,0.9030126247856067,32.285714285714285,86035295.0,0.42425727720233886,0.07142857140306122,0.1256838582273664
2021-11-26,252.0,278.0,244.0,252.0,53346800,0.008000000000000007,0.007968169649176881,253.6,269.0,241.9,254.72412364286305,243.1691935570374,11.554930085825646,11.604095149418674,-0.04916506359302808,40.65934065934066,241.9,340.8148524868529,142.98514751314713,0.81781606024682,31.714285714285715,87183730.0,0.6118893972533637,0.23529411757785468,0.12372130710306886
2021-11-29,254.0,262.0,248.0,262.0,16294100,0.007936507936507908,0.007905179507113247,252.0,266.4,247.6,254.6127200054995,243.97147551577535,10.641244489724158,11.411525017479772,-0.7702805277556131,46.34146341463415,247.6,334.1571952087214,161.04280479127857,0.6991695897311908,30.857142857142858,87534340.0,0.18614523168850075,0.4285714282653061,0.12167639276874252
2021-11-30,242.0,266.0,242.0,256.0,18940900,-0.047244094488189003,-0.04839654086185021,251.6,261.8,253.05,252.67230154311497,243.82544029238457,8.846861250730399,10.898592264129897,-2.0517310133994986,46.34146341463415,253.05,320.9382257847741,185.16177421522593,0.5365597769988072,30.428571428571427,86786220.0,0.2182477817330908,0.0,0.12157491353528628
2021-12-01,228.0,246.0,226.0,242.0,18396700,-0.05785123966942152,-0.05959209720224566,245.2,255.8,257.15,248.87656284417417,242.65318545591165,6.22337738826252,9.963549288956422,-3.740171900693902,46.91358024691358,257.15,304.6638831803175,209.63611681968243,0.3695421596758121,29.571428571428573,86355000.0,0.2130357246250941,0.09999999995,0.12242759081695016
2021-12-02,222.0,234.0,214.0,234.0,10534100,-0.02631578947368418,-0.026668247082161294,239.6,249.2,258.4,244.74170702199353,241.12331986658486,3.6183871554086693,8.694516862246871,-5.076129706838202,46.91358024691358,258.4,300.2259632299742,216.5740367700258,0.3237303655570758,29.0,82788820.0,0.12724061050755403,0.3999999998,0.0967917945481613
2021-12-03,216.0,234.0,216.0,224.0,9488200,-0.027027027027026973,-0.027398974188114388,232.4,243.0,256.4,240.31990594168684,239.26233320980077,1.0575727318860686,7.16712803617471,-6.109555304288642,23.33333333333333,256.4,302.3329103451993,210.46708965480065,0.3582910323338482,26.142857142857142,62269125.0,0.1523740698138925,0.0,0.0689105018969768
2021-12-06,216.0,230.0,214.0,216.0,9089100,0.0,0.0,224.8,238.4,252.9,236.5783819506581,237.53919741648218,-0.9608154658240835,5.541539335774951,-6.502354801599035,17.85714285714286,252.9,299.9893958360794,205.81060416392063,0.372395380277417,23.428571428571427,49260175.0,0.18451213378758805,0.124999999921875,0.0625414177489623
2021-12-07,250.0,266.0,218.0,218.0,75712600,0.15740740740740744,0.14618251017808145,226.4,239.0,252.1,238.64324626594149,238.4622198300761,0.18102643586539102,4.46943675579304,-4.288410319927649,36.986301369863014,252.1,298.7943098100976,205.4056901899024,0.3704427593026387,25.0,51553270.0,1.468628469154333,0.6666666665277777,0.07151379716228524
2021-12-08,238.0,268.0,236.0,252.0,41314100,-0.04800000000000004,-0.04919024419077178,228.4,236.8,251.3,238.5442853019505,238.42798132414453,0.116303977805984,3.5988102001956284,-3.4825062223896444,34.17721518987341,251.3,298.4037001588488,204.19629984115122,0.3748802241054419,26.142857142857142,48272345.0,0.8558544234799449,0.06249999998046875,0.0716107195454603
2021-12-09,242.0,252.0,236.0,244.0,10673400,0.01680672268907557,0.016667052485211643,232.4,236.0,251.5,239.07593371703507,238.6925753001338,0.3833584169012738,2.9557198435367575,-2.5723614266354837,38.15789473684211,251.5,298.3994516881743,204.60054831182572,0.37295786630754896,25.428571428571427,47096970.0,0.22662604409583037,0.374999999765625,0.07018285686509239
2021-12-10,240.0,254.0,238.0,244.0,24294700,-0.008264462809917328,-0.008298802814695066,237.2,234.8,251.9,239.21809776056813,238.78942157419795,0.4286761863701827,2.4503111121034427,-2.02163492573326,42.02898550724638,251.9,298.2322172804022,205.5677827195978,0.3678619871409464,24.857142857142858,46174355.0,0.5261513669221801,0.124999999921875,0.0699261187749663
2021-12-13,244.0,252.0,230.0,230.0,29154000,0.016666666666666607,0.016529301951210506,242.8,233.8,250.1,239.95377502817306,239.17539034647956,0.7783846816934954,2.1159258260214533,-1.337541144327958,50.0,250.1,294.5964888057831,205.60351119421685,0.3558295786148191,25.142857142857142,38923280.0,0.7490119023884935,0.6363636360743802,0.05131508483564243
2021-12-14,238.0,252.0,232.0,244.0,23195600,-0.024590163934426257,-0.0248975516217272,240.4,233.4,247.6,239.653194254608,239.08832439488847,0.5648698597195221,1.805714632761067,-1.2408447730415448,40.35087719298246,247.6,288.612714848481,206.58728515151898,0.33128202623974967,23.571428571428573,31185520.0,0.7437939146116531,0.29999999985,0.05082316041683398
2021-12-15,234.0,246.0,230.0,240.0,9684200,-0.01680672268907568,-0.01694955831377332,239.6,234.0,244.9,238.7834720615914,238.71141147674857,0.07206058484283062,1.4589838231774197,-1.386923238334589,42.59259259259259,244.9,281.5970619836964,208.20293801630362,0.29969017544872506,22.714285714285715,27871240.0,0.3474621150691537,0.24999999984375,0.05081734877438193
2021-12-16,234.0,238.0,222.0,236.0,8115600,0.0,0.0,238.0,235.2,242.2,238.04755328288502,238.36241803402646,-0.3148647511414424,1.1042141083136474,-1.4190788594550898,41.50943396226415,242.2,273.0207148447839,211.37928515521602,0.25450631581159333,21.428571428571427,26775635.0,0.3030964531746866,0.74999999953125,0.05081734877438193
2021-12-17,228.0,236.0,226.0,234.0,5008500,-0.02564102564102566,-0.025975486403260677,235.6,236.4,239.7,236.50177585474884,237.59483151298747,-1.093055658238626,0.6647601550031926,-1.7578158132418187,38.18181818181818,239.7,266.0862133141325,213.31378668586746,0.2201603113402798,21.142857142857142,25207895.0,0.19868775238868616,0.1999999998,0.05061707770781248
2021-12-20,224.0,234.0,220.0,228.0,4169600,-0.01754385964912286,-0.017699577099400975,231.6,237.2,237.8,234.578425723249,236.58780695646988,-2.0093812332208643,0.12993187735838113,-2.1393131105792453,41.1764705882353,237.8,262.8645616975566,212.73543830244338,0.21080371486590926,20.428571428571427,23800525.0,0.17518941283858233,0.28571428551020406,0.049359804620179595
2021-12-21,220.0,228.0,218.0,224.0,4032600,-0.017857142857142905,-0.018018505502678365,228.0,234.2,236.6,232.33559099659533,235.3590805152499,-3.0234895186545714,-0.5007524018442095,-2.5227371168103616,45.65217391304348,236.6,262.6917538991097,210.5082461008903,0.2205558233229899,19.714285714285715,22832535.0,0.1766163941060421,0.1999999998,0.04726334000806797
2021-12-22,214.0,224.0,212.0,220.0,5953400,-0.027272727272727226,-0.02765153133051001,224.0,231.8,234.3,229.51473084327296,233.77692640300916,-4.262195559736199,-1.2530410334226076,-3.0091545263135915,45.65217391304348,234.3,259.80996999093736,208.79003000906266,0.21775475877880793,19.142857142857142,20694965.0,0.2876738375735354,0.16666666652777776,0.04453437899462863
2021-12-23,206.0,214.0,204.0,214.0,5425800,-0.03738317757009346,-0.038099846232270404,218.4,228.2,232.1,225.8970799443079,231.71937629908254,-5.822296354774636,-2.166892097693014,-3.655404257081622,44.680851063829785,232.1,259.4330461361428,204.76695386385717,0.23552818729980893,18.571428571428573,19141200.0,0.28346185192150963,0.1999999998,0.044497218527234796
2021-12-24,200.0,212.0,200.0,204.0,4413500,-0.029126213592232997,-0.02955880224154439,212.8,224.2,229.5,221.91291379902975,229.3697928695209,-7.456879070491141,-3.22488949225264,-4.231989578238501,41.99999999999999,229.5,258.6922960379279,200.30770396207208,0.2543990940124437,18.285714285714285,16694535.0,0.26436795035021937,0.0,0.0445361061363128
2021-12-27,224.0,236.0,202.0,202.0,29346000,0.1200000000000001,0.11332868530700327,212.8,222.2,228.0,222.23400398379442,228.97203043474155,-6.738026450947132,-3.9275168839915393,-2.8105095669555924,35.55555555555554,228.0,254.8833863897489,201.1166136102511,0.23581917885744644,17.285714285714285,17347130.0,1.6916919398194399,0.6470588233391004,0.05319866861811526
2021-12-28,210.0,228.0,210.0,226.0,13731000,-0.0625,-0.06453852113757118,210.8,219.4,226.4,220.35184952474913,227.56669484698293,-7.214845322233799,-4.584982571639992,-2.629862750593807,34.78260869565217,226.4,253.58243706623597,199.21756293376404,0.24012753592081237,16.285714285714285,17086635.0,0.8036105412212527,0.0,0.053940441077400224
2021-12-29,208.0,214.0,206.0,212.0,2950500,-0.00952380952380949,-0.009569451016150672,209.6,216.8,225.4,218.45156498248002,226.1173100435027,-7.665745061022676,-5.201135069516529,-2.464609991506147,31.111111111111114,225.4,253.77976745264215,197.02023254735786,0.2518169250456268,15.714285714285714,16314325.0,0.1808533298190394,0.24999999968749997,0.05254883529935454
2021-12-30,206.0,214.0,202.0,208.0,2277500,-0.009615384615384581,-0.009661910911736859,209.6,214.0,224.6,216.53593960056003,224.62713892916918,-8.09119932860915,-5.7791479213350545,-2.3120514072740956,31.111111111111114,224.6,254.25664282816408,194.9433571718359,0.2640840857361005,15.428571428571429,15901495.0,0.14322552690800455,0.3333333330555555,0.052296752555521055
2022-01-03,206.0,212.0,202.0,206.0,2076800,0.0,0.0,210.8,211.8,224.1,214.91502581585848,223.2473508603418,-8.332325044483326,-6.28978334596471,-2.0425416985186162,27.90697674418604,224.1,254.6896549532915,193.5103450467085,0.2730000442060821,14.571428571428571,15530925.0,0.13372030320151568,0.3999999996,0.051978204127601846
2022-01-04,206.0,212.0,204.0,206.0,2764500,0.0,0.0,207.2,210.0,223.6,213.54348338264947,221.9697693151313,-8.426285932481818,-6.717083863268132,-1.7092020692136858,30.0,223.6,255.0615996625676,192.1384003374324,0.2814096570891557,13.714285714285714,15214695.0,0.1816993373840225,0.24999999968749997,0.051978204127601846
2022-01-05,204.0,210.0,200.0,208.0,3515500,-0.009708737864077666,-0.009756174945364685,206.0,208.4,221.3,212.07525516993417,220.63867529178822,-8.563420121854051,-7.086351114985316,-1.477069006868735,30.769230769230774,221.3,251.32841883244265,191.27158116755737,0.27138200481195335,13.285714285714286,11604840.0,0.3029339482491788,0.3999999996,0.036175940521349446
2022-01-06,204.0,204.0,196.0,204.0,2859100,0.0,0.0,205.2,207.4,219.6,210.83290822071353,219.40618082572982,-8.573272605016285,-7.38373541299151,-1.1895371920247753,30.769230769230774,219.6,249.4970275009816,189.7029724990184,0.2722862249634026,12.714285714285714,9682090.0,0.2952978127656322,0.9999999987499999,0.035063703654216696
2022-01-07,206.0,208.0,202.0,204.0,2588000,0.009803921568627416,0.009756174945364656,205.2,207.4,217.8,210.0893838790653,218.4131303941943,-8.323746515128988,-7.571737633419006,-0.7520088817099824,35.135135135135144,217.8,246.32184095249178,189.27815904750824,0.26190854869138447,12.428571428571429,9277820.0,0.27894483833486744,0.6666666655555555,0.03484651311608312
2022-01-10,204.0,206.0,202.0,206.0,2122100,-0.009708737864077666,-0.009756174945364685,204.8,207.8,216.0,209.15255558997833,217.34549110573548,-8.192935515757142,-7.6959772098866335,-0.4969583058705087,36.111111111111114,216.0,243.13282418384404,188.86717581615596,0.2512298535541114,11.714285714285714,8169190.0,0.2597687163598839,0.49999999875,0.03484974658002034
2022-01-11,196.0,206.0,193.0,204.0,4298500,-0.039215686274509776,-0.04000533461369913,202.8,205.0,213.6,207.1290854992124,215.7643436164217,-8.635258117209304,-7.883833391351169,-0.7514247258581346,34.21052631578948,213.6,238.72161243609477,188.47838756390522,0.23522109022560656,11.928571428571429,6926415.0,0.6205952141187036,0.23076923059171597,0.03504643285331079
2022-01-12,183.0,199.0,183.0,196.0,5683300,-0.06632653061224492,-0.0686285063890963,198.6,202.3,210.85,203.41691849933355,213.33735520039048,-9.920436701056929,-8.291154053292322,-1.6292826477646063,31.325301204819283,210.85,236.75449342983404,184.94550657016595,0.24571490092325396,12.214285714285714,6050800.0,0.9392642295233689,0.0,0.037121129040144106
2022-01-13,182.0,188.0,172.0,183.0,5686100,-0.005464480874316946,-0.005479465764625596,194.2,199.7,208.25,200.12200796097454,211.0160696299912,-10.89406166901665,-8.811735576437188,-2.0823260925794624,34.21052631578948,208.25,234.80145235208394,181.69854764791606,0.2549959409563884,12.642857142857142,5850895.0,0.9718342236529625,0.624999999609375,0.037137241269476574
2022-01-14,177.0,183.0,173.0,182.0,3528000,-0.027472527472527486,-0.027856954502966224,188.4,196.8,205.4,196.56477596697846,208.49636076851036,-11.931584801531898,-9.435705421456131,-2.495879380075767,34.66666666666667,205.4,232.54368475451633,178.25631524548368,0.2643007278920772,12.5,5621515.0,0.627588826143842,0.3999999996,0.037183749506065455
2022-01-17,169.0,177.0,169.0,177.0,3170000,-0.04519774011299438,-0.0462510176507557,181.4,193.1,202.45,192.3240412028279,205.57070441528737,-13.246663212459453,-10.197896979656797,-3.048766232802656,3.3898305084745886,202.45,231.9719925336086,172.92800746639136,0.291647246565657,10.5,5529590.0,0.5732793932280693,0.0,0.03777973470298339
2022-01-18,166.0,173.0,165.0,172.0,2564000,-0.017751479289940808,-0.01791092656653022,175.4,189.1,199.55,188.27418871008516,202.63954112526608,-14.365352415180922,-11.031388066761624,-3.3339643484192987,4.166666666666657,199.55,231.4572775239808,167.64272247601923,0.3197923079326563,9.785714285714286,5449310.0,0.47051828580132166,0.12499999984374999,0.03778072875516717
2022-01-19,179.0,189.0,166.0,168.0,10813000,0.07831325301204828,0.07539801748421185,174.6,186.6,197.5,186.84739044699512,200.888464004876,-14.041073557880878,-11.633325164985475,-2.407748392895403,25.423728813559322,197.5,229.1424205786976,165.8575794213024,0.320429575480482,10.857142857142858,5788330.0,1.8680690285453663,0.5652173910586011,0.0430460327031068
2022-01-20,171.0,183.0,169.0,180.0,2796400,-0.04469273743016755,-0.04572224933809511,172.4,183.3,195.35,184.40933037822663,198.6745037082185,-14.265173329991882,-12.159694797986758,-2.105478532005124,23.07692307692308,195.35,228.09608278878275,162.60391721121724,0.3352555186975455,11.0,5630480.0,0.49665392648584133,0.14285714275510203,0.04359923127865574
2022-01-21,170.0,174.0,169.0,172.0,1879500,-0.005847953216374324,-0.005865119452398134,171.0,179.7,193.55,182.19251032003788,196.5504663964986,-14.35795607646071,-12.59934705368155,-1.7586090227791598,22.727272727272734,193.55,227.75634968967745,159.34365031032257,0.35346266793776737,10.642857142857142,5453165.0,0.34466222826560355,0.1999999996,0.04313516656037925
2022-01-24,172.0,175.0,167.0,170.0,1840100,0.0117647058823529,0.011696039763191236,171.6,176.5,192.15,180.62443180926283,194.7319133300913,-14.107481520828458,-12.900973947110934,-1.2065075737175235,25.0,192.15,227.5171069477376,156.7828930522624,0.36811977046825495,10.642857142857142,5324495.0,0.34559145984736583,0.6249999992187499,0.043085180252846716
2022-01-25,167.0,174.0,167.0,173.0,1886300,-0.029069767441860517,-0.02950066439669799,171.8,173.6,189.3,178.52836537706855,192.6776975278623,-14.149332150793754,-13.1506455878475,-0.9986865629462542,23.94366197183099,189.3,223.00804434998105,155.59195565001897,0.3561335905967357,10.428571428571429,3951510.0,0.4773618186465427,0.0,0.03130454028185401
2022-01-26,168.0,173.0,165.0,167.0,2978200,0.0059880239520957446,0.005970166986503754,169.6,172.1,187.2,176.90861685751952,190.84971993320585,-13.941103075686328,-13.308737085415267,-0.6323659902710617,25.000000000000014,187.2,220.7107310579851,153.68926894201488,0.3580206309613794,10.428571428571429,3413870.0,0.8723823695688471,0.37499999953124996,0.02942198638427223
2022-01-27,167.0,171.0,166.0,170.0,1206400,-0.005952380952380931,-0.005970166986503796,168.8,170.6,185.15,175.38421426405498,189.08307401222763,-13.698859748172652,-13.386761617966746,-0.3120981302059054,22.535211267605646,185.15,218.31768626033937,151.98231373966064,0.3582790846377463,10.357142857142858,3326665.0,0.3626454722672707,0.1999999996,0.02944024555189508
2022-01-28,168.0,169.0,166.0,169.0,1204700,0.0059880239520957446,0.005970166986503754,168.4,169.7,183.25,174.2481813003542,187.5213648261367,-13.273183525782514,-13.3640459995299,0.09086247374738576,24.285714285714278,183.25,215.7353107095503,150.7646892904497,0.35454636517926663,10.285714285714286,3273025.0,0.36806929369619845,0.6666666644444444,0.029670978947928788
2022-01-31,168.0,173.0,166.0,168.0,2400100,0.0,0.0,167.6,169.6,181.35,173.28692263876124,186.07533780197843,-12.788415163217195,-13.248919832267358,0.4605046690501631,27.41935483870968,181.35,212.65647555902362,150.04352444097637,0.3452602763608892,9.857142857142858,3289190.0,0.7296933287526717,0.2857142853061225,0.029670978947928788
2022-02-02,174.0,177.0,169.0,170.0,3219200,0.03571428571428581,0.03509131981127019,169.0,170.4,179.75,173.39662684818262,185.18086833516523,-11.784241486982609,-12.95598416321041,1.171742676227801,41.81818181818182,179.75,208.95221046710301,150.54778953289699,0.32492028336136874,9.357142857142858,3311925.0,0.9720026872589204,0.6249999992187499,0.03131632492830048
2022-02-03,175.0,180.0,174.0,175.0,3315500,0.005747126436781658,0.0057306747089850745,170.4,170.0,178.3,173.6432996407699,184.4267299399678,-10.783430299197903,-12.52147339040791,1.7380430912100078,43.636363636363626,178.3,205.22329535980492,151.3767046401951,0.30199994795070007,8.642857142857142,3301925.0,1.0041112381413873,0.16666666638888888,0.031460797014229165
2022-02-04,175.0,178.0,174.0,178.0,1327300,0.0,0.0,172.0,170.4,176.85,173.85202277295915,183.72845364811832,-9.876430875159173,-11.992464887358164,2.116034012198991,47.99999999999999,176.85,200.91768178989636,152.78231821010363,0.27218186926656907,8.214285714285714,3225335.0,0.4115231441075113,0.249999999375,0.031460797014229165
2022-02-07,175.0,177.0,173.0,176.0,2844800,0.0,0.0,173.4,170.9,175.3,174.02863465404238,183.08190152603547,-9.053266871993088,-11.40462528428515,2.351358412292061,57.14285714285714,175.3,195.07293848266542,155.5270615173346,0.2255897145769014,7.928571428571429,3238175.0,0.8785195364673003,0.49999999875,0.0312581452201615
2022-02-08,197.0,212.0,174.0,175.0,37383100,0.12571428571428567,0.1184177548144744,179.2,173.4,174.95,177.56269086111277,184.1128717833662,-6.550180922253418,-10.433736411878805,3.8835554896253868,75.40983606557377,174.95,192.7314403961238,157.1685596038762,0.20327454011001772,10.071428571428571,5001225.0,7.474788676774191,0.605263157735457,0.04318362609426478
2022-02-09,194.0,199.0,188.0,198.0,8476000,-0.015228426395939132,-0.015345569674660421,183.2,176.1,174.85,180.0915076517108,184.845251651265,-4.753743999554189,-9.297737929413882,4.543993929859694,64.70588235294117,174.85,192.14893946960618,157.5510605303938,0.19787176974099152,9.214285714285714,5210100.0,1.6268401758123645,0.5454545449586776,0.04238889895653073
2022-02-10,190.0,196.0,186.0,194.0,4010600,-0.020618556701030966,-0.020834086902842025,186.2,178.3,175.2,181.61589108990916,185.2270848622824,-3.611193772373241,-8.160429098005753,4.549235325632512,70.2127659574468,175.2,193.45032491214428,156.9496750878557,0.20833704237607642,8.928571428571429,5126465.0,0.7823324649636738,0.3999999996,0.03975752513196584
2022-02-11,183.0,192.0,180.0,192.0,3599100,-0.0368421052631579,-0.03753791931906521,187.8,179.9,175.25,181.82883092223082,185.06211561322445,-3.233284690993628,-7.175000216603328,3.9417155256097,62.264150943396224,175.25,193.58405348777887,156.91594651222113,0.20923313538121396,9.428571428571429,5022115.0,0.7166502559180744,0.24999999979166665,0.04070029300451358
2022-02-14,173.0,187.0,171.0,183.0,3065700,-0.05464480874316935,-0.05619455834364194,187.4,180.4,175.05,180.47054924188762,184.16862556780043,-3.698076325912808,-6.479615438465225,2.7815391125524167,50.81967213114754,175.05,193.39094187535153,156.7090581246485,0.20955089260612988,10.0,4999000.0,0.613262652530506,0.124999999921875,0.04213013504528059
2022-02-15,177.0,180.0,171.0,173.0,2090500,0.023121387283236983,0.022858138076050184,183.4,181.3,175.45,179.93661858928954,183.63761626648187,-3.7009976771923334,-5.923891886210647,2.222894209018314,58.33333333333333,175.45,193.58315200123585,157.31684799876413,0.20670449702178237,10.142857142857142,4945025.0,0.42274811553025515,0.6666666659259258,0.04105683264413722
2022-02-16,177.0,179.0,175.0,178.0,1195300,0.0,0.0,180.0,181.6,176.0,179.48483111401424,183.14594098748321,-3.6611098734689733,-5.471335483662313,1.8102256101933394,57.62711864406779,176.0,193.5853001236291,158.4146998763709,0.1998329559503308,9.857142857142858,4876590.0,0.24510980008571565,0.49999999875,0.04077357511616636
2022-02-17,176.0,178.0,175.0,177.0,1021800,-0.005649717514124242,-0.005665737535677308,177.2,181.7,175.85,178.94870325031977,182.6166120254474,-3.6679087751276427,-5.110650141955379,1.442741366827736,57.62711864406779,175.85,193.3786424675844,158.3213575324156,0.19935902721165089,9.714285714285714,4387030.0,0.23291383920328787,0.3333333322222222,0.0368501883094868
2022-02-18,181.0,182.0,172.0,174.0,3902100,0.02840909090909083,0.028013036227673888,176.8,182.3,176.35,179.26428736565518,182.49686298652537,-3.2325756208701932,-4.735035237738342,1.5024596168681486,60.317460317460316,176.35,193.8666279322385,158.8333720677615,0.19865753254594265,10.214285714285714,4442315.0,0.8783933602187148,0.8999999991,0.03581839559011796
2022-02-21,178.0,183.0,174.0,181.0,1708600,-0.016574585635359074,-0.016713480973740556,177.8,182.6,176.75,179.06978161709287,182.16376202456055,-3.093980407467683,-4.4068242716842105,1.3128438642165277,57.57575757575758,176.75,194.0197070162058,159.4802929837942,0.19541394077743496,10.357142857142858,4433770.0,0.38536053967616724,0.4444444439506172,0.036044223209868456
2022-02-22,175.0,181.0,175.0,181.0,1924300,-0.016853932584269704,-0.016997576368571136,177.4,180.4,176.9,178.44366136830936,181.6331129857042,-3.1894516173948375,-4.163349740826336,0.9738981234314981,50.79365079365079,176.9,194.0476756565747,159.7523243434253,0.193868577236571,10.142857142857142,4437980.0,0.4335981685361358,0.0,0.03624103243096616
2022-02-23,176.0,178.0,171.0,175.0,1734100,0.005714285714285783,0.005698021114637796,177.2,178.6,177.35,178.06771346549257,181.2158453571335,-3.1481318916409293,-3.9603061709892544,0.8121742793483251,50.79365079365079,177.35,193.864447945417,160.835552054583,0.18623566896438687,10.214285714285714,4430370.0,0.3914120039635516,0.7142857132653061,0.03552627283287516
2022-02-24,166.0,176.0,164.0,176.0,3790800,-0.05681818181818177,-0.058496206681608494,175.2,176.2,177.25,176.2111421631091,180.08874570104956,-3.877603537940473,-3.9437656443794986,0.06616210643902543,43.83561643835616,177.25,194.02500149490555,160.47499850509445,0.1892806938776367,10.785714285714286,4471000.0,0.8478640125251622,0.16666666652777776,0.03795952430070904
2022-02-25,165.0,171.0,164.0,166.0,2399400,-0.0060240963855421326,-0.006042314455962586,172.0,174.4,177.15,174.48635106109228,178.97106083430515,-4.48470977321287,-4.051954470146173,-0.4327553030666973,43.24324324324324,177.15,194.20380468115903,160.09619531884098,0.19253519256177276,11.0,4530650.0,0.5295928840232638,0.14285714265306124,0.03796012565109956
2022-03-01,167.0,171.0,165.0,165.0,1814000,0.0121212121212122,0.012048338516174574,169.8,173.8,177.1,173.33460474400118,178.08431558731957,-4.749710843318383,-4.191505744780615,-0.5582050985377673,22.222222222222214,177.1,194.2722126030079,159.9277873969921,0.19392673747044487,8.714285714285714,4561115.0,0.39770977052760126,0.33333333277777777,0.03803525399744941
2022-03-02,160.0,168.0,159.0,168.0,1843700,-0.041916167664670656,-0.042819997182928185,166.8,172.1,176.7,171.28312709107792,176.7447366549255,-5.461609563847588,-4.44552650859401,-1.0160830552535787,20.689655172413794,176.7,195.09395328004635,158.30604671995363,0.2081941514436487,8.571428571428571,4533295.0,0.4067019684357625,0.1111111109876543,0.03919357671301529
2022-03-04,158.0,162.0,158.0,160.0,922900,-0.012499999999999956,-0.012578782206860073,163.2,170.2,175.9,169.2395690770659,175.35623764344956,-6.116668566383652,-4.779754920151938,-1.3369136462317135,21.42857142857143,175.9,196.09225076523404,155.70774923476597,0.2295878426973739,8.142857142857142,4418480.0,0.20887273451503685,0.0,0.038240334721843225
2022-03-07,148.0,159.0,147.0,158.0,4262300,-0.06329113924050633,-0.06538275926285174,159.6,167.4,174.55,165.97194306520962,173.32984966986072,-7.357906604651106,-5.295385257051772,-2.0625213475993336,20.338983050847446,174.55,198.2936006101855,150.80639938981452,0.27205500555927237,8.142857142857142,4465820.0,0.9544271824659301,0.08333333326388888,0.04035802307969021
2022-03-08,147.0,151.0,138.0,148.0,3664300,-0.006756756756756799,-0.006779686985378804,156.0,164.0,173.15,163.05318259363892,171.3794904350562,-8.326307841417275,-5.901569773924874,-2.4247380674924015,24.0,173.15,199.89422006343574,146.40577993656427,0.3089138904237451,7.928571428571429,4582670.0,0.7995993601983123,0.6923076917751478,0.04031936910752546
2022-03-09,154.0,163.0,146.0,148.0,2738500,0.04761904761904767,0.04652001563489291,153.4,161.6,172.1,161.6603852715406,170.0921207732002,-8.431735501659603,-6.407602919471821,-2.0241325821877814,28.30188679245282,172.1,200.15522076338314,144.04477923661685,0.32603394263083263,8.5,4577355.0,0.5982712723832868,0.470588235017301,0.042175693955794326
2022-03-10,154.0,159.0,151.0,156.0,1459600,0.0,0.0,152.2,159.5,169.95,160.48186446053435,168.90011182703725,-8.418247366502897,-6.809731808878038,-1.6085155576248589,28.30188679245282,169.95,196.52205975242563,143.37794024757434,0.3127044395695869,8.785714285714286,2781180.0,0.524813208781884,0.37499999953124996,0.028843533281416183
2022-03-11,152.0,156.0,152.0,154.0,774500,-0.012987012987012991,-0.013072081567352775,151.0,157.1,167.85,159.17696223583675,167.64825169170115,-8.471289455864394,-7.142043338275308,-1.3292461175890855,27.77777777777777,167.85,193.02079848482447,142.67920151517552,0.2999201487616857,8.857142857142858,2396105.0,0.32323291341573096,0.0,0.028834014017846233
2022-03-14,153.0,156.0,150.0,152.0,1166200,0.006578947368421018,0.0065574005461590396,152.0,155.8,166.0,158.22666035340032,166.5631960108344,-8.33653565743407,-7.380941802107061,-0.9555938553270087,22.0,166.0,189.712768969144,142.287231030856,0.2856960116764338,8.571428571428571,2253885.0,0.5174177032102347,0.49999999916666665,0.029033138230507828
2022-03-15,150.0,155.0,150.0,153.0,741700,-0.019607843137254943,-0.019802627296179754,152.6,154.3,164.35,156.96102029903105,165.33629260262444,-8.375272303593391,-7.579807902404327,-0.7954644011890641,22.0,164.35,187.67133971056884,141.02866028943114,0.2838009091642087,8.285714285714286,2111015.0,0.35134757450799736,0.0,0.028455941781102282
2022-03-16,149.0,155.0,148.0,151.0,2169600,-0.00666666666666671,-0.006688988150796652,151.6,152.5,163.15,155.73624794533396,164.1261968542819,-8.389948908947929,-7.741836103713048,-0.6481128052348808,22.91666666666667,163.15,187.0597126624307,139.2402873375693,0.2931009826837966,8.357142857142858,2066210.0,1.0500384762439443,0.14285714265306124,0.026398006221594533
2022-03-17,150.0,152.0,148.0,150.0,662400,0.006711409395973256,0.00668898815079671,150.8,151.5,161.8,154.85374826143644,163.07981190211285,-8.226063640676415,-7.838681611105722,-0.3873820295706931,22.91666666666667,161.8,185.46477821665755,138.13522178334247,0.2925188901935419,8.142857142857142,1994805.0,0.33206253242798167,0.49999999875,0.02565362758217682
2022-03-18,149.0,152.0,149.0,152.0,929600,-0.00666666666666671,-0.006688988150796652,150.2,150.6,160.4,153.95317160583082,162.0368628723267,-8.08369126649589,-7.887683542183757,-0.19600772431213365,28.205128205128204,160.4,183.5866713451276,137.2133286548724,0.28911061527590515,7.5,1981520.0,0.4691348056037789,0.0,0.025588468179565536
2022-03-21,152.0,152.0,149.0,150.0,1006200,0.020134228187919545,0.01993421490081733,150.0,151.0,159.2,153.65268366647223,161.29339154845064,-7.640707881978415,-7.83828841014269,0.1975805281642753,34.14634146341464,159.2,181.45263181791844,136.94736818208153,0.2795556761045032,7.214285714285714,1980740.0,0.5079919625998365,0.9999999966666667,0.0263645456722827
2022-03-22,150.0,153.0,149.0,152.0,681300,-0.013157894736842146,-0.01324522675002068,150.0,151.3,157.65,153.0907323331688,160.45684402634322,-7.3661116931744175,-7.743853066749037,0.37774137357461957,29.268292682926827,157.65,177.72068146398274,137.57931853601727,0.25462329798899763,7.071428571428571,1819700.0,0.3744023740176952,0.249999999375,0.025033682558148432
2022-03-23,150.0,155.0,150.0,151.0,424700,0.0,0.0,150.2,150.9,156.25,152.61523505114283,159.68226298735485,-7.067027936212014,-7.608488040641633,0.5414601044296186,35.294117647058826,156.25,174.13061701894958,138.36938298105042,0.2288718978425546,6.785714285714286,1755505.0,0.2419246883375439,0.0,0.02504571694815305
2022-03-24,151.0,157.0,149.0,150.0,2245200,0.006666666666666599,0.006644542718668511,150.4,150.6,155.05,152.366737350967,159.0391323956989,-6.6723950447319,-7.421269441459686,0.7488743967277864,39.39393939393939,155.05,170.7166135711537,139.38338642884634,0.2020846639297475,7.071428571428571,1771550.0,1.2673647370946346,0.24999999968749997,0.025170785962534095
2022-03-25,150.0,153.0,149.0,151.0,1000500,-0.0066225165562914245,-0.006644542718668613,150.6,150.4,153.75,152.0026239123567,158.36956703305452,-6.366943120697812,-7.2104041773073115,0.8434610566094998,54.166666666666664,153.75,166.05022001382525,141.44977998617475,0.1600028619684586,6.5,1734870.0,0.5767002714900828,0.249999999375,0.024992247200023524
2022-03-28,149.0,151.0,145.0,151.0,1416000,-0.00666666666666671,-0.006688988150796652,150.0,150.0,152.9,151.54068177199414,157.67552503060605,-6.134843258611909,-6.995291993568231,0.8604487349563223,54.166666666666664,152.9,163.9186751416122,141.8813248583878,0.14412917124410976,6.0,1616130.0,0.8761671400196767,0.6666666655555555,0.022155258417194703
2022-03-29,147.0,150.0,147.0,150.0,681300,-0.01342281879194629,-0.01351371916672282,149.4,149.7,152.0,150.8421153455335,156.88474539870933,-6.042630053175827,-6.804759605489751,0.7621295523139233,31.578947368421055,152.0,161.72141649830482,142.27858350169518,0.12791337497769498,5.0,1530225.0,0.4452286428466402,0.0,0.022232229867671937
2022-03-30,147.0,149.0,143.0,149.0,776900,0.0,0.0,148.8,149.5,151.0,150.2510206769899,156.15254203584198,-5.901521358852079,-6.624111956162216,0.7225905973101368,31.578947368421055,151.0,157.9419125085616,144.0580874914384,0.0919458610405508,4.857142857142857,1478370.0,0.5255112049081082,0.6666666655555555,0.02188852566628743
2022-03-31,167.0,182.0,147.0,147.0,36570300,0.1360544217687074,0.12756122563801875,152.0,151.2,151.35,152.82778672668377,156.9560574405944,-4.128270713910638,-6.1249437077119016,1.9966729938012637,70.27027027027027,151.35,160.54328369300947,142.15671630699052,0.1214837620483578,7.071428571428571,3214700.0,11.375960431766572,0.5714285712653061,0.03731393848947294
2022-04-01,158.0,178.0,158.0,169.0,11966700,-0.053892215568862256,-0.05539877938978828,153.6,152.1,151.35,153.6235118456555,157.0333865190689,-3.409874673413384,-5.581929900852199,2.1720552274388147,55.55555555555556,151.35,160.54328369300947,142.15671630699052,0.1214837620483578,8.071428571428571,3766890.0,3.1768116403717657,0.0,0.039300539482074556
2022-04-04,150.0,159.0,147.0,159.0,6097000,-0.05063291139240511,-0.051959738930711104,153.8,151.9,151.45,153.06604848478543,156.5123949250638,-3.4463464402783757,-5.154813208737434,1.7084667684590586,50.0,151.45,160.53269852119433,142.36730147880564,0.11994319605406861,8.571428571428571,3858625.0,1.580096536978846,0.24999999979166665,0.03830505837728662
2022-04-05,152.0,155.0,148.0,150.0,1819000,0.01333333333333342,0.013245226750020723,154.8,152.1,151.7,152.90204102558766,156.17814344913316,-3.2761024235454954,-4.779071051699047,1.5029686281535515,52.94117647058823,151.7,160.53894741301815,142.86105258698183,0.11653193688883536,8.571428571428571,3766360.0,0.48295967459297573,0.571428570612245,0.03834511289320095
2022-04-06,153.0,153.0,149.0,152.0,2045600,0.006578947368421018,0.0065574005461590396,156.0,152.4,151.65,152.91711163703573,155.94272541586403,-3.0256137788283013,-4.428379597124898,1.4027658182965963,52.94117647058823,151.65,160.44537209663716,142.85462790336285,0.11599567552439369,8.571428571428571,3731715.0,0.5481661916839844,0.9999999975,0.03686394954925946
2022-04-07,153.0,157.0,150.0,153.0,1427200,0.0,0.0,153.2,152.6,151.6,152.92986369287638,155.72474575542967,-2.7948820625532846,-4.101680090210575,1.3067980276572904,54.0,151.6,160.35037694244812,142.84962305755187,0.1154403290560439,8.857142857142858,3730095.0,0.3826176008922025,0.4285714279591837,0.03686394954925946
2022-04-08,151.0,155.0,150.0,153.0,1779500,-0.013071895424836555,-0.013158084577511088,151.8,152.7,151.55,152.63296158628,155.37476458836082,-2.7418030020808146,-3.8297046725846227,1.087901670503808,48.97959183673469,151.55,160.30218119003092,142.7978188099691,0.11550222619638284,9.0,3780345.0,0.4707242328411825,0.1999999996,0.036865563029627374
2022-04-11,147.0,153.0,144.0,151.0,2179600,-0.026490066225165587,-0.026847250036188052,151.2,152.5,151.25,151.76635211146768,154.75441165588967,-2.9880595444219864,-3.6613756469520955,0.6733161025301091,47.05882352941176,151.25,160.20195608196346,142.29804391803654,0.11837297298464078,9.357142857142858,3831015.0,0.5689353865750982,0.3333333329629629,0.03730723904225469
2022-04-12,147.0,149.0,144.0,147.0,784400,0.0,0.0,150.2,152.5,151.1,151.03306717124187,154.18001079249046,-3.146943621248596,-3.5584892418113956,0.41154562056279964,47.05882352941176,151.1,160.2387343250763,141.96126567492368,0.12096273097387576,9.357142857142858,3833150.0,0.20463587388962082,0.5999999988,0.03705958486381167
2022-04-13,149.0,150.0,145.0,147.0,585600,0.013605442176870763,0.013513719166722855,149.4,152.7,151.1,150.72028760643542,153.79630628934305,-3.0760186829076304,-3.461995130030642,0.3859764471230118,48.07692307692308,151.1,160.2387343250763,141.96126567492368,0.12096273097387576,9.142857142857142,3753950.0,0.15599568454561197,0.7999999984,0.03715599735147682
2022-04-14,147.0,149.0,146.0,149.0,213500,-0.01342281879194629,-0.01351371916672282,148.2,150.7,150.95,150.1479356669838,153.29287619383615,-3.144940526852338,-3.398584209394981,0.25364368254264313,47.16981132075472,150.95,160.26160237290244,141.63839762709753,0.12337333385760128,9.071428571428571,3731505.0,0.05721552027935109,0.3333333322222222,0.03725498425730992
2022-04-18,150.0,154.0,146.0,146.0,892200,0.020408163265306145,0.02020270731751947,148.0,149.9,151.0,150.12517633360167,153.04895943873717,-2.9237831051354988,-3.3036239885430843,0.3798408834075855,50.909090909090914,151.0,160.27819411947328,141.72180588052672,0.12288998833739449,9.214285714285714,3729635.0,0.23921911929719664,0.49999999937499995,0.0375057295522333
2022-04-19,147.0,151.0,147.0,151.0,709200,-0.020000000000000018,-0.020202707317519466,148.0,149.6,150.75,149.64437997458603,152.60088836920107,-2.9565083946150423,-3.2342008697574767,0.27769247514243434,50.0,150.75,160.18290108953272,141.31709891046728,0.12514628311154521,9.285714285714286,3714785.0,0.19091279845266954,0.0,0.03750007459166742
2022-04-20,147.0,149.0,145.0,147.0,1437000,0.0,0.0,148.0,149.1,150.6,149.2375522861882,152.18600774926026,-2.948455463072065,-3.177051788420395,0.22859632534832963,50.0,150.6,160.17742091528115,141.02257908471884,0.12719018479789046,9.142857142857142,3752570.0,0.3829375601254607,0.49999999875,0.03739149187529586
2022-04-21,146.0,147.0,145.0,147.0,555300,-0.006802721088435382,-0.006825965070399871,147.4,148.4,150.4,148.7394673190823,151.72778495301876,-2.988317633936447,-3.139304957523606,0.15098732358715905,21.621621621621614,150.4,160.19476991601096,140.60523008398906,0.13024959994695412,6.785714285714286,3759100.0,0.1477215290894097,0.4999999975,0.0374187961318243
2022-04-22,144.0,147.0,143.0,146.0,426900,-0.013698630136986356,-0.013793322132335873,146.8,147.5,150.05,148.01031850076197,151.15535643798032,-3.1450379372183477,-3.1404515534625546,-0.004586383755793122,26.66666666666667,150.05,160.2465237537508,139.85347624624922,0.13590834726758808,5.642857142857143,3668185.0,0.11637908120773625,0.249999999375,0.03748427741249873
2022-04-25,141.0,144.0,141.0,144.0,650300,-0.02083333333333337,-0.02105340919783238,145.0,146.5,149.6,146.9318079621832,150.40310781294474,-3.4712998507615396,-3.206621212922352,-0.26467863783918766,32.0,149.6,160.57080536480925,138.62919463519074,0.14666852091990978,5.0,3650675.0,0.17813144144576004,0.0,0.03771573043496555
2022-04-26,140.0,144.0,138.0,141.0,947500,-0.007092198581560294,-0.0071174677688639896,143.6,145.8,149.15,145.86537596800116,149.6325072342081,-3.7671312662069454,-3.318723223579271,-0.4484080426276744,25.0,149.15,160.93270998414908,137.36729001585093,0.15799812248272316,4.928571428571429,3627250.0,0.2612171755462127,0.33333333277777777,0.03771835569188678
2022-04-27,142.0,144.0,140.0,140.0,462400,0.014285714285714235,0.014184634991956381,142.6,145.3,148.9,145.27070274215484,149.06713632797047,-3.7964335858156346,-3.414265296026544,-0.38216828978909057,28.0,148.9,161.08025329638977,136.71974670361024,0.16360313359825068,4.928571428571429,3616305.0,0.12786532109432142,0.49999999875,0.03780361789609321
2022-04-28,141.0,144.0,139.0,142.0,736200,-0.007042253521126751,-0.007067167223092443,141.6,144.5,148.6,144.6136715510541,148.46957067404674,-3.855899122992639,-3.502592061419763,-0.35330706157287617,26.92307692307692,148.6,161.2632764468451,135.93672355315488,0.1704344070907822,4.785714285714286,3614270.0,0.20369258522467884,0.3999999992,0.037825784548928466
2022-05-09,140.0,142.0,138.0,141.0,219900,-0.007092198581560294,-0.0071174677688639896,140.8,143.8,147.25,143.903875927815,147.84219506856178,-3.938319140746785,-3.5897374772851673,-0.34858166346161745,28.0,147.25,157.09782326320587,137.40217673679413,0.13375651291281315,4.714285714285714,1796750.0,0.12238764435786838,0.49999999875,0.01958643220794817
2022-05-10,137.0,140.0,132.0,140.0,1919200,-0.021428571428571463,-0.02166149678117942,140.0,142.5,146.2,142.8417411696896,147.03906950792756,-4.197328338237952,-3.7112556494757243,-0.48607268876222776,29.16666666666667,146.2,155.69352365889085,136.70647634110912,0.12987036469070953,4.642857142857143,1294375.0,1.4827233220666345,0.6249999992187499,0.01677870768155658
2022-05-11,136.0,140.0,135.0,137.0,852000,-0.007299270072992692,-0.007326040092072898,139.2,141.4,145.5,141.78916560512198,146.22136065548847,-4.432195050366488,-3.855443529653877,-0.576751520712611,28.0,145.5,155.8405508302801,135.1594491697199,0.1421381557426819,4.642857142857143,1032125.0,0.8254814097129708,0.1999999996,0.013275871703021523
2022-05-12,134.0,142.0,132.0,135.0,1556100,-0.014705882352941124,-0.014815085785140587,137.6,140.1,144.6,140.5908324351032,145.31607468100785,-4.725242245904639,-4.029403272904029,-0.6958389730006092,20.0,144.6,155.66633785829325,133.53366214170674,0.15306138116588178,5.0,1018980.0,1.5271153506447623,0.1999999998,0.012729060458917136
2022-05-13,136.0,136.0,133.0,134.0,1335300,0.014925373134328401,0.014815085785140682,136.6,139.1,143.75,139.88455052201041,144.62599507500727,-4.741444552996853,-4.1718115289225945,-0.5696330240742586,28.0,143.75,154.71072615380072,132.78927384619928,0.15249705953114046,5.0,983465.0,1.3577504029121525,0.9999999966666667,0.013294502530073894
2022-05-17,146.0,150.0,138.0,138.0,3446300,0.07352941176470584,0.0709517359722844,137.8,139.3,143.4,140.82538890323957,144.72777321759932,-3.9023843143597503,-4.1179260860100255,0.21554177165027522,43.75,143.4,153.5328357299286,133.26716427007142,0.1413226740575814,5.428571428571429,1084420.0,3.178012209291603,0.666666666111111,0.022178128880371035
2022-05-18,196.0,197.0,147.0,148.0,51813200,0.34246575342465757,0.2945080375221808,149.6,144.8,145.65,149.3137906104335,148.5257159422216,0.7880746682118911,-3.136725935165642,3.924800603377533,81.0126582278481,145.65,171.17791334778767,120.12208665221236,0.3505377733990752,8.785714285714286,3586105.0,14.448322065304836,0.979999999804,0.0800126204829674
2022-05-19,183.0,198.0,183.0,196.0,18233400,-0.06632653061224492,-0.0686285063890963,159.0,149.1,147.45,154.4962843626745,151.07936661316816,3.416917749506325,-1.8259971982312486,5.242914947737574,69.56521739130434,147.45,177.967822952446,116.93217704755396,0.413941308273259,9.571428571428571,4388795.0,4.154534445103952,0.0,0.08159741709158255
2022-05-20,171.0,181.0,171.0,174.0,3871200,-0.06557377049180324,-0.06782259633876106,166.4,152.0,148.65,157.03531753764764,152.5549690862668,4.4803484513808485,-0.5647280683088288,5.045076519689677,62.13592233009709,148.65,180.92987220104436,116.37012779895566,0.4343070595498735,10.285714285714286,4543135.0,0.8520988260309236,0.0,0.08347165799757389
2022-05-23,168.0,179.0,161.0,167.0,6521200,-0.01754385964912286,-0.017699577099400975,172.8,154.7,149.6,158.72219176262493,153.699045450247,5.023146312377918,0.5528468078285209,4.470299504549397,61.53846153846153,149.6,183.02140256332603,116.17859743667397,0.4468101946968721,11.285714285714286,4839915.0,1.3473790345491605,0.3888888886728395,0.08369889652415835
2022-05-24,157.0,174.0,157.0,168.0,8421600,-0.06547619047619047,-0.06771817405495086,175.0,156.4,150.1,158.45723918375958,153.94356060208057,4.513678581679017,1.3450131625986204,3.168665419080396,57.14285714285714,150.1,183.6565609213831,116.5434390786169,0.4471227304647981,12.285714285714286,5250320.0,1.6040165170884821,0.0,0.08522297003386105
2022-05-25,159.0,164.0,155.0,158.0,2333800,0.01273885350318471,0.012658396871923465,167.6,158.6,150.55,158.54074084779654,154.3181116685931,4.222629179203437,1.920536365919584,2.3020928132838536,58.4070796460177,150.55,184.34147575194908,116.75852424805095,0.4489070176280181,12.5,5322400.0,0.4384863971140839,0.4444444439506172,0.08517308003230942
2022-05-27,173.0,176.0,159.0,159.0,10640500,0.08805031446540879,0.08438739227754741,165.6,162.3,151.85,160.76524225582781,155.70195524869732,5.063287007130498,2.549086494161767,2.514200512968731,62.4,151.85,187.03807575838897,116.66192424161102,0.46345835704167243,13.428571428571429,5818965.0,1.8285897921709444,0.8235294112802768,0.08685717935151492
2022-05-30,178.0,185.0,175.0,175.0,6713200,0.028901734104046284,0.02849195579430624,167.0,166.7,153.4,163.41674344723893,157.35366226731233,6.0630811799265985,3.2518854313147343,2.811195748611864,64.34108527131784,153.4,190.37425337169572,116.42574662830431,0.48206327733631943,13.928571428571429,6082775.0,1.1036410191072332,0.29999999969999996,0.08690050177154872
2022-05-31,169.0,179.0,168.0,179.0,2086400,-0.050561797752809,-0.051884835369011686,167.2,170.0,154.55,164.27570599381752,158.2163539512151,6.059352042602427,3.813378753572273,2.245973289030154,60.58394160583942,154.55,191.98303693905177,117.11696306094824,0.4844132894086285,14.428571428571429,6159330.0,0.3387381419732341,0.09090909082644627,0.08796175100436189
2022-06-02,167.0,172.0,163.0,170.0,3076800,-0.011834319526627168,-0.011904902506318314,169.2,172.1,155.7,164.69482814861482,158.86699439927327,5.827833749341551,4.216269752726129,1.6115639966154216,61.029411764705884,155.7,193.1815132219683,118.21848677803169,0.4814581017593873,14.5,6291825.0,0.4890155082189985,0.4444444439506172,0.08793572891865495
2022-06-03,163.0,170.0,163.0,170.0,1405800,-0.0239520958083832,-0.02424361160999274,170.0,168.8,156.8,164.43408535652026,159.17314296229006,5.260942394230199,4.425204281026943,0.8357381132032558,59.71223021582734,156.8,193.75261035891225,119.84738964108777,0.471334315802452,14.642857142857142,6329600.0,0.22209934277047522,0.0,0.08799715595328032
2022-06-06,158.0,167.0,157.0,163.0,2661700,-0.030674846625766916,-0.031155167779795576,167.0,166.3,157.7,163.44422607090175,159.08624348360192,4.35798258729983,4.41175994228152,-0.05377735498169045,58.45070422535211,157.7,193.79666323267412,121.60333676732586,0.45778900738965295,14.642857142857142,6415310.0,0.41489811092527096,0.0999999999,0.08840163487427062
2022-06-07,159.0,162.0,158.0,159.0,816600,0.006329113924050667,0.006309169193264756,163.2,165.1,158.55,162.7604989830707,159.0798550774092,3.6806439056614977,4.265536734957516,-0.5848928292960185,58.156028368794324,158.55,193.88256499534782,123.2174350046522,0.4456961841103476,14.714285714285714,6433020.0,0.12693882499976683,0.249999999375,0.08839577463227057
2022-06-08,160.0,164.0,157.0,159.0,1744600,0.0062893081761006275,0.006269613013595395,161.4,164.3,159.5,162.33580683182907,159.1480139605641,3.187792871264975,4.049987962219008,-0.8621950909540335,55.30303030303031,159.5,193.85389569080365,125.14610430919635,0.4307698519223029,14.214285714285714,6483440.0,0.26908554717865824,0.4285714279591837,0.08831968889901412
2022-06-09,152.0,165.0,149.0,160.0,7699800,-0.050000000000000044,-0.05129329438755058,158.4,163.8,160.1,160.74568270385535,158.61853144496678,2.127151258888574,3.6654206215529213,-1.538269362664347,25.555555555555543,160.1,193.4236227522628,126.7763772477372,0.4162851062119025,11.714285714285714,6857435.0,1.1228396623518853,0.1874999998828125,0.08926104228771349
2022-06-10,153.0,156.0,149.0,152.0,826900,0.006578947368421018,0.0065574005461590396,156.4,163.2,160.9,159.55403921095453,158.2023439305248,1.3516952804297375,3.202675553328285,-1.8509802728985476,30.769230769230774,160.9,192.6181774490621,129.1818225509379,0.3942595083786463,11.142857142857142,6802820.0,0.12155253262617562,0.571428570612245,0.08900441111186205
2022-06-13,150.0,155.0,146.0,152.0,1372500,-0.019607843137254943,-0.019802627296179754,154.8,160.9,161.6,158.08418702465383,157.59476289863406,0.48942412601977026,2.6600252678665823,-2.170601141846812,34.78260869565217,161.6,191.57438628746357,131.62561371253642,0.37097012732009377,10.928571428571429,6828845.0,0.20098567180833654,0.4444444439506172,0.08916395033269066
2022-06-14,149.0,153.0,147.0,150.0,1154600,-0.00666666666666671,-0.006688988150796652,152.8,158.0,162.35,156.6866197900917,156.95811379503155,-0.27149400493985354,2.0737214133052952,-2.345215418245149,35.82089552238806,162.35,190.08351841768152,134.61648158231847,0.3416509814312476,10.071428571428571,6808770.0,0.16957541523652583,0.33333333277777777,0.08907343453018103
2022-06-15,147.0,152.0,146.0,149.0,1621800,-0.01342281879194629,-0.01351371916672282,150.2,155.8,162.9,155.19637059161604,156.22047573614032,-1.0241051445242704,1.454156101739382,-2.4782612462636524,41.379310344827594,162.9,188.80957233440066,136.99042766559936,0.3181040188385592,9.285714285714286,6823095.0,0.23769271862695743,0.16666666638888888,0.08919260988051182
2022-06-16,149.0,152.0,147.0,147.0,791400,0.013605442176870763,0.013513719166722855,149.6,154.0,163.05,154.2430828082905,155.6856256816114,-1.4425428733209174,0.8748163067273221,-2.3173591800482396,41.379310344827594,163.05,188.5795626701278,137.5204373298722,0.31315010941585775,9.0,6690350.0,0.11828977557227947,0.3999999992,0.08784210360445865
2022-06-17,149.0,152.0,147.0,151.0,316400,0.0,0.0,148.8,152.6,160.7,153.4364546839381,155.19039414964018,-1.753939465702075,0.3490651522414426,-2.1030046179435176,22.727272727272734,160.7,181.7117922194295,139.68820778057048,0.2615033256929622,8.142857142857142,4115510.0,0.07687990066844692,0.3999999992,0.03721552968689313
2022-06-20,149.0,151.0,148.0,149.0,757700,0.0,0.0,148.6,151.7,159.0,152.75392319410147,154.73184643485203,-1.977923240750556,-0.11633252635695727,-1.8615907143935988,12.820512820512818,159.0,177.80035390724603,140.19964609275397,0.23648243908485578,7.5,3241725.0,0.2337335832003023,0.3333333322222222,0.03510479092026257
2022-06-21,152.0,153.0,148.0,149.0,805700,0.020134228187919545,0.01993421490081733,149.2,151.0,158.05,152.63793501039356,154.5294874396778,-1.8915524292842463,-0.47137650694241523,-1.420175922341831,24.242424242424235,158.05,176.20635720769894,139.89364279230108,0.22975459927489947,7.071428571428571,3088450.0,0.2608751962958766,0.7999999984,0.03309108733302372
2022-06-22,151.0,153.0,149.0,152.0,470000,-0.006578947368421018,-0.006600684031352024,150.0,150.1,157.2,152.38594500879455,154.2680439256276,-1.8820989168330584,-0.753520988920544,-1.1285779279125143,25.0,157.2,174.98292030112523,139.41707969887474,0.22624580535782757,6.714285714285714,2785890.0,0.1687073071801112,0.49999999875,0.032969134801505436
2022-06-23,149.0,153.0,149.0,153.0,525400,-0.013245033112582738,-0.013333530869465144,150.0,149.8,156.8,151.86503039205692,153.87781844965522,-2.0127880575983,-1.0053744026560953,-1.0074136549422046,26.66666666666667,156.8,174.95780654851728,138.64219345148274,0.2316046753637407,6.5,2391080.0,0.21973334225538252,0.0,0.029829690079761648
2022-06-24,152.0,159.0,149.0,150.0,871100,0.020134228187919545,0.01993421490081733,150.6,149.7,156.45,151.88579494712508,153.7387207867178,-1.8529258395927286,-1.174884690043422,-0.6780411495493066,39.285714285714285,156.45,174.69888292835765,138.20111707164233,0.23328709400265465,6.5,2317945.0,0.3758070187170101,0.29999999969999996,0.030069437023952744
2022-06-27,153.0,154.0,149.0,150.0,467400,0.006578947368421018,0.0065574005461590396,151.4,150.0,155.45,152.05721110910582,153.6840007284424,-1.6267896193365914,-1.265265675902056,-0.3615239434345354,39.285714285714285,155.45,171.9924698003946,138.9075301996054,0.2128333200436745,6.571428571428571,1809290.0,0.25833337939191614,0.7999999984,0.021570268645015992
2022-06-28,153.0,156.0,150.0,154.0,1009900,0.0,0.0,151.6,150.4,154.2,152.20225555385878,153.63333400781704,-1.4310784539582642,-1.2984282315132978,-0.13265022244496638,37.037037037037045,154.2,166.8997986623885,141.5002013376115,0.1647185299920688,6.5,1524125.0,0.6626096940867711,0.49999999916666665,0.020029135357395235
2022-06-29,157.0,159.0,154.0,155.0,1723500,0.02614379084967311,0.025807883955872503,152.8,151.4,153.6,152.94037008403436,153.88271667390464,-0.942346589870283,-1.2272119031846949,0.2848653133144119,60.869565217391305,153.6,164.33806028604795,142.86193971395204,0.13981849330791607,5.785714285714286,1505980.0,1.1444375091302674,0.5999999988,0.018612014076753287
2022-06-30,154.0,161.0,154.0,157.0,1024000,-0.019108280254777066,-0.019293202934678896,153.8,151.9,152.95,153.103390071106,153.8914043276895,-0.7880142565834944,-1.1393723738644548,0.35135811728096034,52.0,152.95,161.65393992951462,144.24606007048536,0.11381418672134205,5.785714285714286,1403340.0,0.7296877449513304,0.0,0.018852766285759964
2022-07-01,151.0,156.0,149.0,152.0,1005200,-0.01948051948051943,-0.01967276559870478,153.6,152.1,152.35,152.77979159862815,153.67722622934212,-0.897434630713974,-1.0909848252343586,0.19355019452038458,52.0,152.35,159.6834591386463,145.0165408613537,0.09627120628350909,5.642857142857143,1383310.0,0.7266628593735316,0.2857142853061225,0.018627279219499058
2022-07-04,148.0,152.0,145.0,150.0,847300,-0.019867549668874163,-0.020067563050809256,152.6,152.0,151.85,152.04443904499306,153.25669095309453,-1.2122519081014786,-1.1152382418077826,-0.09701366629369601,48.14814814814815,151.85,158.9203712252138,144.77962877478618,0.09312309812596403,5.714285714285714,1292590.0,0.655505612761974,0.4285714279591837,0.017946341085189145
2022-07-05,147.0,148.0,146.0,147.0,404800,-0.006756756756756799,-0.006779686985378804,151.4,151.5,151.25,151.26837149960951,152.79323236397641,-1.5248608643669002,-1.1971627663196063,-0.3276980980472939,50.0,151.25,157.78175577336404,144.71824422663596,0.08637032427588813,5.428571428571429,1272000.0,0.3182389937106918,0.4999999975,0.017822241225408215
2022-07-06,149.0,157.0,148.0,148.0,1264300,0.013605442176870763,0.013513719166722855,149.8,151.3,150.7,150.91939126890037,152.51225218886705,-1.5928609199666823,-1.2763023970490215,-0.31655852291766085,50.0,150.7,155.83200912923803,145.56799087076195,0.06810894663885923,5.785714285714286,1247985.0,1.0130730737949574,0.1111111109876543,0.018112162130635337
2022-07-07,149.0,151.0,149.0,150.0,213300,0.0,0.0,148.8,151.3,150.55,150.62410030445417,152.25208536006207,-1.627985055607894,-1.346638928760796,-0.28134612684709803,50.0,150.55,155.6973694681778,145.4026305318222,0.06838086307775224,5.571428571428571,873660.0,0.24414531968958175,0.0,0.014414402279610754
2022-07-08,149.0,153.0,148.0,149.0,404300,0.0,0.0,148.4,151.0,150.35,150.37423871915354,152.01119014820563,-1.6369514290520897,-1.404701428819055,-0.23225000023303477,50.0,150.35,155.40658942922934,145.29341057077065,0.06726424249057995,5.714285714285714,852530.0,0.47423551077381443,0.1999999996,0.014309486644420569
2022-07-11,150.0,154.0,148.0,150.0,880800,0.006711409395973256,0.00668898815079671,148.8,150.7,150.35,150.31666353159144,151.8622131001904,-1.5455495685989433,-1.4328710567750327,-0.11267851182391064,45.833333333333336,150.35,155.40658942922934,145.29341057077065,0.06726424249057995,5.785714285714286,827945.0,1.063838781561577,0.33333333277777777,0.01372852270736275
2022-07-12,153.0,153.0,148.0,149.0,1508500,0.020000000000000018,0.01980262729617973,150.0,150.7,150.55,150.72948452673123,151.94649361128742,-1.2170090845561958,-1.3896986623312655,0.17268957777506966,53.846153846153854,150.55,155.6973694681778,145.4026305318222,0.06838086307775224,5.857142857142857,845640.0,1.7838560143796414,0.9999999980000001,0.014320043496007354
2022-07-13,156.0,159.0,153.0,154.0,2276900,0.019607843137254832,0.019418085857101516,151.4,150.6,151.0,151.54033306108028,152.24675334378466,-0.7064202827043857,-1.2530429864058896,0.5466227037015039,62.96296296296296,151.0,156.40765946186232,145.59234053813768,0.07162462863393805,6.0,878395.0,2.5921140261499667,0.49999999916666665,0.01442214929935768
2022-07-14,153.0,159.0,149.0,159.0,969200,-0.019230769230769273,-0.019418085857101627,152.2,150.5,151.2,151.76489720552945,152.3025493923932,-0.5376521868637383,-1.1099648264974593,0.572312639633721,51.85185185185185,151.2,156.59206452108083,145.80793547891915,0.0713236047762016,6.0,887285.0,1.0923209566261123,0.3999999996,0.015016944768497574
2022-07-15,154.0,156.0,151.0,153.0,602300,0.006535947712418277,0.006514681021193672,153.2,150.8,151.45,152.10875917390953,152.42828647443812,-0.31952730052859124,-0.9518773213036856,0.6323500207750944,51.85185185185185,151.45,156.87612023898814,146.02387976101184,0.07165559906224031,6.0,901580.0,0.6680494243439296,0.5999999988,0.015055200973049741
2022-07-18,149.0,154.0,149.0,154.0,1183400,-0.03246753246753242,-0.03300629646816997,153.0,150.9,151.45,151.6304885317696,152.17433932818344,-0.5438507964138353,-0.8702720163257156,0.32642121991188033,43.75,151.45,156.87612023898814,146.02387976101184,0.07165559906224031,5.928571428571429,922865.0,1.2823110639150905,0.0,0.016893146830274996
2022-07-19,151.0,151.0,147.0,149.0,383000,0.01342281879194629,0.013333530869465168,152.6,151.3,151.4,151.53349029611275,152.08735122979948,-0.5538609336867353,-0.8069897997979196,0.25312886611118435,39.99999999999999,151.4,156.82320955721084,145.97679044278917,0.0716408131731947,5.785714285714286,901730.0,0.4247391125946791,0.9999999975,0.016537908089354004
2022-07-20,152.0,158.0,150.0,151.0,811500,0.0066225165562914245,0.006600684031352093,151.8,151.6,151.45,151.60526101978772,152.08088076833286,-0.47561974854514233,-0.7407157895473643,0.26509604100222195,46.42857142857143,151.45,156.87612023898814,146.02387976101184,0.07165559906224031,5.857142857142857,918805.0,0.8832124335413934,0.24999999968749997,0.016533348839340108
2022-07-21,155.0,155.0,142.0,152.0,1118000,0.019736842105263053,0.01954459607297013,152.2,152.2,151.75,152.12752855520498,152.2971118225304,-0.16958326732543583,-0.6264892851029786,0.4569060177775428,57.14285714285714,151.75,157.2684515182013,146.2315484817987,0.0727308272580071,6.285714285714286,948435.0,1.1787839967947198,0.9999999992307692,0.016737977474064317
2022-07-22,155.0,157.0,150.0,157.0,1035900,0.0,0.0,152.4,152.8,151.9,152.5694472390196,152.49732576160224,0.07212147741736885,-0.48676713259890914,0.558888610016278,64.0,151.9,157.60693408319372,146.1930659168063,0.07514067258977901,6.285714285714286,956675.0,1.0828128674837327,0.7142857132653061,0.016193443199362043
2022-07-25,152.0,156.0,152.0,155.0,1286500,-0.01935483870967747,-0.019544596072970283,153.0,153.0,151.85,152.48183997147814,152.46048681629838,0.021353155179753003,-0.3851430750431767,0.4064962302229297,59.25925925925926,151.85,157.5338313430305,146.1661686569695,0.07486113062931189,6.428571428571429,997630.0,1.289556248308491,0.0,0.016760257474760197
2022-07-26,155.0,158.0,153.0,155.0,1026100,0.019736842105263053,0.01954459607297013,153.8,153.2,151.95,152.86924920663535,152.64859890397997,0.2206503026553719,-0.26398439950346697,0.48463470215883886,60.714285714285715,151.95,157.78732471145628,146.1126752885437,0.07683217784081989,6.142857142857143,998440.0,1.027703217018549,0.3999999992,0.017343194247258813
2022-07-27,155.0,158.0,153.0,155.0,981400,0.0,0.0,154.4,153.1,151.85,153.19705702099915,152.82277676294441,0.3742802580547391,-0.13633146799182572,0.5106117260465648,60.714285714285715,151.85,157.3836902885597,146.31630971144028,0.0728836389668714,6.357142857142857,961335.0,1.0208720165186953,0.3999999992,0.016284841847027654
2022-07-28,154.0,155.0,153.0,154.0,736100,-0.006451612903225823,-0.006472514505617479,154.2,153.2,151.85,153.3205867100762,152.90997848420778,0.4106082258684296,-0.02694352921977462,0.4375517550882042,58.62068965517242,151.85,157.3836902885597,146.31630971144028,0.0728836389668714,6.142857142857143,946940.0,0.7773459775698566,0.4999999975,0.015761766142919943
2022-07-29,158.0,163.0,154.0,154.0,2401000,0.025974025974025983,0.025642430613337652,154.8,153.6,152.2,154.04049644698756,153.28701711500722,0.7534793319803441,0.12914104302024917,0.6243382889600949,62.50000000000001,152.2,158.35763469572225,146.04236530427772,0.08091504199372228,6.357142857142857,1016730.0,2.3614922349099565,0.4444444439506172,0.016061252268818587
2022-08-01,162.0,168.0,155.0,158.0,5593900,0.025316455696202445,0.025001302205417186,156.8,154.9,152.9,155.26503545514333,153.93242325463635,1.3326122005069863,0.3698352745175967,0.9627769259893896,63.63636363636363,152.9,160.135922214717,145.664077785283,0.09464908063723994,6.928571428571429,1254060.0,4.46063186769373,0.5384615380473372,0.015942900615602162
2022-08-02,176.0,185.0,163.0,163.0,9845400,0.08641975308641969,0.08288765980576765,161.0,157.4,154.35,158.4550300005059,155.56705856910776,2.8879714313981424,0.873462505893706,2.0145089255044364,72.72727272727272,154.35,166.53673315577524,142.16326684422475,0.15791037454843207,8.142857142857142,1726090.0,5.703874073773673,0.5909090906404958,0.024008058292779636
2022-08-03,169.0,178.0,166.0,177.0,3109900,-0.03977272727272729,-0.04058528011507833,163.8,159.1,155.35,160.07733307735117,156.56209126769235,3.515241809658818,1.4018183666467285,2.1134234430120893,66.66666666666666,155.35,168.89488218532853,141.80511781467146,0.1743789145198395,8.285714285714286,1818370.0,1.7102679872633182,0.24999999979166665,0.026357334881920748
2022-08-04,173.0,183.0,168.0,170.0,3438400,0.023668639053254337,0.023392879574705375,167.6,160.9,156.55,162.0654356808356,157.77971413675218,4.2857215440834295,1.9785990021340691,2.3071225419493606,68.62745098039215,156.55,171.86324303802976,141.23675696197026,0.19563389381066434,9.0,1979625.0,1.7368946138788912,0.3333333331111111,0.026573959510547588
2022-08-05,172.0,179.0,170.0,175.0,3272300,-0.005780346820809301,-0.005797117684325958,170.4,162.6,157.7,163.5938301914763,158.8330686451409,4.760761546335374,2.5350315109743304,2.2257300353610434,74.46808510638297,157.7,174.04563008418106,141.35436991581892,0.20730031812531477,9.285714285714286,2123025.0,1.5413384204142673,0.2222222219753086,0.02669468829229009
2022-08-08,174.0,179.0,169.0,172.0,2649500,0.011627906976744207,0.011560822401076006,172.8,164.8,158.9,165.19477939278764,159.95654504179714,5.238234350990496,3.075672078977564,2.1625622720129316,74.46808510638297,158.9,176.3519081052206,141.44809189477942,0.21965900698830185,9.714285714285714,2211460.0,1.1980772883072721,0.49999999949999996,0.026709340563505546
2022-08-09,170.0,176.0,167.0,175.0,2786000,-0.02298850574712641,-0.023256862164267235,171.6,166.3,159.75,165.93404410158956,160.7005046683307,5.233539433258869,3.5072455498338257,1.7262938834250434,68.0,159.75,177.64238713954921,141.85761286045079,0.22400484681751756,9.785714285714286,2275335.0,1.2244350831855528,0.3333333329629629,0.027395169694077192
2022-08-10,165.0,173.0,164.0,173.0,1804900,-0.02941176470588236,-0.02985296314968116,170.8,167.3,160.2,165.79034500903734,161.0189858040099,4.771359205027437,3.760068280872548,1.0112909241548893,59.61538461538462,160.2,178.14789656835043,142.25210343164954,0.22406862132772093,9.5,2251735.0,0.8015596861975322,0.1111111109876543,0.02825813736185902
2022-08-11,165.0,170.0,162.0,165.0,2307300,0.0,0.0,169.2,168.4,160.8,165.66875346918542,161.31387574445364,4.354877724731779,3.8790301696443947,0.47584755508738397,59.61538461538462,160.8,178.5355023568482,143.0644976431518,0.22059082533393284,9.571428571428571,2318640.0,0.9951092019459683,0.37499999953124996,0.027778537620826202
2022-08-12,167.0,169.0,164.0,168.0,1126600,0.0121212121212122,0.012048338516174574,168.2,169.3,161.45,165.87356062777226,161.73507013375337,4.138490494018896,3.930922234519295,0.20756825949960112,64.70588235294117,161.45,179.08879222643486,143.81120777356512,0.21850470395088106,9.642857142857142,2344855.0,0.48045614760827426,0.5999999988,0.027831897729306172
2022-08-15,161.0,169.0,158.0,168.0,3423700,-0.0359281437125748,-0.03658944743229206,165.6,169.2,162.05,165.12378206965346,161.6806204942161,3.443161575437358,3.833370102702908,-0.3902085272655498,55.55555555555556,162.05,178.69396971997452,145.4060302800255,0.20541770712711516,10.0,2456870.0,1.3935210247184426,0.2727272724793388,0.028082928662394983
2022-08-16,158.0,165.0,156.0,160.0,3546800,-0.018633540372670843,-0.018809331957496227,163.2,167.4,162.4,164.0278155973991,161.407981939089,2.6198336583100854,3.590662813824343,-0.9708291555142576,52.631578947368425,162.4,178.34532241696462,146.4546775830354,0.1963709657261652,10.285714285714286,2615060.0,1.3562977522504265,0.2222222219753086,0.028444193627983987
2022-08-18,158.0,161.0,156.0,158.0,3605100,0.0,0.0,161.8,166.3,162.7,163.10045935164536,161.1555388324898,1.944920519155545,3.261514354890583,-1.3165938357350382,53.57142857142857,162.7,178.03556724628794,147.36443275371204,0.1885134265063055,10.5,2754740.0,1.3086897493048346,0.3999999992,0.02843400037531019
2022-08-19,160.0,164.0,157.0,157.0,1465900,0.012658227848101333,0.012578782206860185,160.8,165.0,162.95,162.62346560523838,161.0699433634165,1.5535222418218666,2.91991593227684,-1.3663936904549736,51.85185185185185,162.95,177.9155970961889,147.9844029038111,0.1836833028068598,10.357142857142858,2772135.0,0.5287982006648305,0.4285714279591837,0.028249171010321494
2022-08-22,158.0,163.0,155.0,160.0,848900,-0.012499999999999956,-0.012578782206860073,159.0,163.6,163.1,161.91216320443246,160.8425401513116,1.0696230531208641,2.5498573564456453,-1.4802343033247811,46.15384615384615,163.1,177.78764757133678,148.4123524286632,0.18010604011449152,10.0,2762785.0,0.3072624181758624,0.37499999953124996,0.028432502778656644
2022-08-23,158.0,161.0,156.0,157.0,419900,0.0,0.0,158.4,162.0,163.4,161.31029194221207,160.63198162158483,0.6783103206272472,2.175547949281966,-1.4972376286547187,26.31578947368422,163.4,177.36011768974853,149.43988231025148,0.17087047355873353,8.714285714285714,2719455.0,0.15440593795447985,0.3999999992,0.028017585002311187
2022-08-24,160.0,162.0,156.0,159.0,2714500,0.012658227848101333,0.012578782206860185,158.8,161.0,163.65,161.10870856648714,160.58516816813412,0.5235403983530205,1.8451464390961767,-1.3216060407431562,36.36363636363636,163.65,177.1481730386427,150.1518269613573,0.1649639234786765,8.285714285714286,2803875.0,0.968124470598725,0.6666666655555555,0.027829840420625893
2022-08-25,162.0,165.0,160.0,163.0,2660100,0.012499999999999956,0.01242251999855711,159.6,160.7,164.0,161.2458303254891,160.6899705260501,0.5558597994389913,1.5872891111647396,-1.0314293117257483,32.25806451612904,164.0,176.90371801199922,151.09628198800078,0.15736241478047827,7.571428571428571,2887810.0,0.9211478594505871,0.3999999992,0.027923971573274916
2022-08-26,160.0,164.0,160.0,162.0,1138900,-0.012345679012345734,-0.012422519998557209,159.6,160.2,164.3,161.0541641215677,160.63886159819452,0.4153025233731853,1.3528917936064289,-0.9375892702332436,31.25,164.3,176.483709641708,152.11629035829202,0.14831052515773574,7.214285714285714,2907950.0,0.3916504754208291,0.0,0.028055032778954353
2022-08-29,158.0,163.0,156.0,160.0,1422100,-0.012499999999999956,-0.012578782206860073,159.6,159.3,164.3,160.58429271824963,160.44339036869863,0.14090234955099845,1.1104939047953428,-0.9695915552443444,25.0,164.3,176.483709641708,152.11629035829202,0.14831052515773574,7.0,2859005.0,0.4974108125029512,0.2857142853061225,0.02766108692223801
2022-08-30,157.0,160.0,154.0,159.0,1602000,-0.006329113924050667,-0.00634922767865878,159.4,158.9,164.05,160.03286306928814,160.1883244154617,-0.15546134617355278,0.8573028546015636,-1.0127642007751163,27.58620689655173,164.05,176.63113213907158,151.46886786092844,0.1533816780136735,6.785714285714286,2659410.0,0.6023892517513283,0.49999999916666665,0.027056607922285612
2022-08-31,159.0,161.0,157.0,157.0,1024400,0.01273885350318471,0.012658396871923465,159.2,159.0,163.2,159.87396105862842,160.10030038468673,-0.22633932605830864,0.6405744184695892,-0.8669137445278978,38.46153846153846,163.2,174.62576228571663,151.77423771428334,0.14002159663868438,6.428571428571429,2218360.0,0.4617825781207739,0.49999999875,0.017992424057280815
2022-09-01,159.0,161.0,156.0,160.0,1812300,0.0,0.0,158.6,159.1,162.7,159.73950551114712,160.0187966524877,-0.2792911413405932,0.4566013065075527,-0.7358924478481459,38.46153846153846,162.7,173.93062737279055,151.46937262720942,0.13805319450264986,6.214285714285714,2153480.0,0.8415680665713171,0.5999999988,0.016027099808478853
2022-09-02,160.0,161.0,157.0,161.0,478500,0.0062893081761006275,0.006269613013595395,158.6,159.1,162.05,159.77958158635528,160.017404307859,-0.23782272150373274,0.3177165009052956,-0.5555392224090283,36.0,162.05,172.22585592610776,151.87414407389227,0.12558908887513412,6.142857142857143,2005485.0,0.23859565142596428,0.7499999981250001,0.01494404950148696
2022-09-05,161.0,163.0,155.0,160.0,1420700,0.006250000000000089,0.006230549750636163,159.2,159.4,161.5,159.96733826537758,160.09018917394354,-0.12285090856596526,0.2296030190110434,-0.35245392757700866,50.0,161.5,170.53680437498608,152.46319562501392,0.11191089009270683,5.928571428571429,1912905.0,0.7426923971655676,0.7499999990624999,0.015101062096015127
2022-09-06,156.0,161.0,154.0,157.0,1517400,-0.03105590062111796,-0.0315483577349259,159.0,159.2,160.6,159.35697853224258,159.78721219809586,-0.4302336658532795,0.0976356820381788,-0.5278693478914582,45.45454545454546,160.6,167.7921478865168,153.4078521134832,0.08956597617081952,5.785714285714286,1856300.0,0.8174325270699779,0.2857142853061225,0.01589218934693257
2022-09-07,151.0,157.0,148.0,155.0,4638200,-0.03205128205128205,-0.032576170434612715,157.4,158.3,159.65,158.07128952728218,159.13630759082952,-1.0650180635473419,-0.1348950670789254,-0.9301229964684165,37.037037037037045,159.65,166.63047213570732,152.6695278642927,0.08744719242978159,6.071428571428571,1948910.0,2.3798944025121735,0.3333333329629629,0.0165384416509735
2022-09-08,154.0,155.0,151.0,151.0,1899400,0.019867549668874274,0.019672765598704928,156.4,157.5,159.1,157.44493729231567,158.7558403618792,-1.3109030695635226,-0.3700966675758449,-0.9408064019876777,39.285714285714285,159.1,166.03887915142977,152.16112084857022,0.08722663923858924,5.857142857142857,1953635.0,0.9722389289708672,0.7499999981250001,0.01650278649529406
2022-09-09,152.0,154.0,150.0,154.0,1580500,-0.012987012987012991,-0.013072081567352775,154.8,156.7,158.45,156.60725463195942,158.25540774248074,-1.6481531105213207,-0.6257079561649402,-1.0224451543563804,39.285714285714285,158.45,165.49651027437636,151.40348972562361,0.08894301387663457,5.571428571428571,1917295.0,0.8243384560018151,0.49999999875,0.01662065035891054
2022-09-12,150.0,153.0,148.0,153.0,376800,-0.013157894736842146,-0.01324522675002068,152.6,155.9,157.6,155.59075391935028,157.64389605785254,-2.053142138502267,-0.9111947926324057,-1.1419473458698612,36.666666666666664,157.6,164.40097838998778,150.7990216100122,0.08630683236025115,5.571428571428571,1879805.0,0.2004463228898742,0.3999999992,0.01629110027794045
2022-09-13,151.0,152.0,149.0,150.0,426300,0.006666666666666599,0.006644542718668511,151.6,155.3,157.1,154.88448408560407,157.15175560912272,-2.2672715235186445,-1.1824101388096535,-1.084861384708991,34.48275862068965,157.1,164.30676887347883,149.89323112652116,0.09174753499018251,5.357142857142857,1729935.0,0.24642544373054479,0.6666666644444444,0.014780364424067731
2022-09-14,149.0,151.0,149.0,151.0,971300,-0.013245033112582738,-0.013333530869465144,151.2,154.3,156.65,153.97917884166498,156.5479218602988,-2.5687430186338247,-1.459676714774488,-1.1090663038593367,27.58620689655173,156.65,164.6953086508515,148.6046913491485,0.10271699522312794,5.142857142857143,1601160.0,0.6066226985435559,0.0,0.014529219986120993
2022-09-15,150.0,151.0,148.0,149.0,1527300,0.006711409395973256,0.00668898815079671,150.4,153.4,156.25,153.36699748140882,156.0628906113878,-2.6958931299789697,-1.7069199978153846,-0.9889731321635851,32.14285714285715,156.25,164.79281118093397,147.70718881906603,0.10934798311595477,5.071428571428571,1497270.0,1.02005650283516,0.6666666644444444,0.014674728864431786
2022-09-16,149.0,151.0,148.0,150.0,806400,-0.00666666666666671,-0.006688988150796652,149.8,152.3,155.7,152.69515171503824,155.53971352906274,-2.8445618140245017,-1.9344483610572083,-0.9101134529672934,33.33333333333333,155.7,164.6337115371854,146.76628846281457,0.1147554468488814,4.785714285714286,1464295.0,0.5507087028228601,0.3333333322222222,0.014254911673121177
2022-09-19,149.0,152.0,148.0,150.0,447400,0.0,0.0,149.6,151.1,155.25,152.1266668358016,155.05529030468773,-2.928623468886144,-2.133283382622996,-0.7953400862631481,34.61538461538463,155.25,164.5932013979935,145.9067986020065,0.12036330303373283,4.642857142857143,1444220.0,0.30978659760978244,0.249999999375,0.014110896944853969
2022-09-20,148.0,151.0,145.0,149.0,256100,-0.006711409395973145,-0.006734032181344068,149.0,150.3,154.75,151.49179501490903,154.5326762080442,-3.0408811931351636,-2.3148029447254297,-0.7260782484097339,28.0,154.75,164.5334791870476,144.9665208129524,0.1264423804464955,4.785714285714286,1436030.0,0.17833889264151864,0.49999999916666665,0.014119782990487252
2022-09-21,148.0,148.0,145.0,148.0,844700,0.0,0.0,148.8,150.0,154.15,150.95459578184608,154.0487742667076,-3.0941784848615157,-2.470678052752647,-0.6235004321088686,28.0,154.15,164.04899738478275,144.25100261521726,0.12843331021450205,4.642857142857143,1342540.0,0.6291805085881985,0.9999999966666667,0.01364887167878406
2022-09-22,148.0,148.0,145.0,147.0,711600,0.0,0.0,148.4,149.4,153.45,150.500042584639,153.60071691361816,-3.100674328979153,-2.5966773079979486,-0.5039970209812044,25.0,153.45,162.98501258651996,143.91498741348002,0.12427517219315698,4.571428571428571,1245115.0,0.5715134746589673,0.9999999966666667,0.01313982898150949
2022-09-23,146.0,148.0,146.0,148.0,634200,-0.013513513513513487,-0.013605652055778598,147.8,148.8,152.75,149.80772834084837,153.03770084594274,-3.2299725050943664,-2.7233363474172325,-0.5066361576771339,20.0,152.75,162.31587365173667,143.18412634826333,0.12524875485088924,4.142857142857143,1219880.0,0.5198872020198708,0.0,0.013179409133946243
2022-09-26,146.0,152.0,146.0,146.0,711900,0.0,0.0,147.2,148.4,152.15,149.22192398071783,152.5163896721692,-3.2944656914513644,-2.8375622162240592,-0.4569034752273051,25.000000000000014,152.15,161.8339879668209,142.4660120331791,0.1272952739641261,4.071428571428571,1184370.0,0.6010790546873022,0.0,0.01307527744855428
2022-09-27,145.0,148.0,145.0,146.0,396100,-0.006849315068493178,-0.006872879287762064,146.6,147.8,151.55,148.57239721445356,151.95962006682333,-3.3872228523697743,-2.9474943434532026,-0.43972850891657167,31.25,151.55,161.4532499611821,141.6467500388179,0.13069284013437277,3.642857142857143,1124075.0,0.35237862242288104,0.0,0.013080964448961297
2022-09-28,145.0,147.0,144.0,145.0,349700,0.0,0.0,146.0,147.4,150.85,148.02279764299917,151.44409265446606,-3.4212950114668956,-3.0422544770559417,-0.379040534410954,15.384615384615387,150.85,160.51222388126325,141.18777611873674,0.12810373061005315,3.5714285714285716,1090340.0,0.32072564521158536,0.3333333322222222,0.01252729576940141
2022-09-29,145.0,146.0,144.0,145.0,772300,0.0,0.0,145.4,146.9,150.15,147.55775185176853,150.96675245783894,-3.409000606070407,-3.1156037028588353,-0.29339690321157175,18.181818181818173,150.15,159.34328369409872,140.9567163059013,0.12245466126005608,3.4285714285714284,1038340.0,0.7437833464953676,0.4999999975,0.01252729576940141
2022-09-30,145.0,146.0,142.0,145.0,995200,0.0,0.0,145.2,146.5,149.4,147.16425156688106,150.5247707942953,-3.360519227414244,-3.1645868077699175,-0.1959324196443264,22.222222222222214,149.4,157.60401967189932,141.1959803281007,0.1098262338942345,3.357142857142857,1064175.0,0.9351845326191651,0.7499999981250001,0.012318808343058417
2022-10-03,142.0,146.0,135.0,145.0,1126300,-0.020689655172413834,-0.020906684819313712,144.4,145.8,148.45,146.36975132582242,149.89330629101417,-3.5235549651917495,-3.2363804392542845,-0.28717452593746495,9.090909090909093,148.45,155.2841743314587,141.61582566854128,0.09207375320254244,3.9285714285714284,1049455.0,1.0732237208836968,0.6363636357851239,0.012513990328302646
2022-10-04,143.0,144.0,141.0,142.0,127000,0.007042253521126751,0.00701757265864654,144.0,145.3,147.8,145.85132804492667,149.3826910101983,-3.531362965271626,-3.295376944457753,-0.23598602081387288,20.0,147.8,154.05936282812763,141.5406371718724,0.08470044422364845,4.0,979935.0,0.1296004326817595,0.6666666644444444,0.011376697879301196
2022-10-05,143.0,145.0,142.0,144.0,160600,0.0,0.0,143.6,144.8,147.4,145.41266219186105,148.90989908351696,-3.4972368916559162,-3.3357489338973862,-0.16148795775852998,11.111111111111114,147.4,153.81877524551234,140.98122475448767,0.08709328691332885,4.0,756055.0,0.21241840871365178,0.3333333322222222,0.009332496438656175
2022-10-06,144.0,145.0,143.0,144.0,510800,0.006993006993007089,0.0069686693160934355,143.4,144.4,146.9,145.19532954695936,148.5462028551083,-3.350873308148948,-3.338773808747699,-0.012099499401249325,22.222222222222214,146.9,152.68024238043162,141.1197576195684,0.07869628836530451,3.9285714285714284,686625.0,0.7439286364463863,0.4999999975,0.008051768123569473
2022-10-07,142.0,145.0,141.0,143.0,456500,-0.01388888888888884,-0.01398624197473984,142.8,144.0,146.4,144.7037403858887,148.0612989399151,-3.3575585540264115,-3.3425307578034418,-0.01502779622296968,18.181818181818173,146.4,152.05132885031105,140.74867114968896,0.07720394604250062,3.9285714285714284,630425.0,0.7241146845382084,0.249999999375,0.00811106257409084
2022-10-10,139.0,143.0,138.0,142.0,533200,-0.021126760563380254,-0.021353124470568946,142.2,143.3,145.85,143.82624186498273,147.39009161103252,-3.563849746049783,-3.38679455545271,-0.17705519059707298,15.384615384615387,145.85,152.1320246396375,139.56797536036248,0.08614363578522471,3.857142857142857,638245.0,0.8354158669476455,0.1999999996,0.008785138142740907
2022-10-11,138.0,140.0,137.0,139.0,561600,-0.007194244604316502,-0.00722024797348702,141.2,142.6,145.2,142.9298969626777,146.69452926947454,-3.764632306796841,-3.4623621057215366,-0.30227020107530445,14.285714285714292,145.2,151.91374410442134,138.48625589557864,0.09247581411048694,3.857142857142857,645010.0,0.8706841754391405,0.3333333322222222,0.008459684024738586
2022-10-12,138.0,144.0,137.0,138.0,1244300,0.0,0.0,140.2,141.9,144.65,142.1714512761119,146.05049006432827,-3.879038788216377,-3.5456974422205048,-0.3333413459958723,14.285714285714292,144.65,151.8384880127071,137.4615119872929,0.09939146923895052,4.142857142857143,658660.0,1.8891385540339478,0.14285714265306124,0.008251382765419611
2022-10-13,141.0,147.0,138.0,138.0,2141600,0.021739130434782705,0.021506205220963682,139.6,141.5,144.2,141.9912280028639,145.67637968919286,-3.6851516863289646,-3.573588291042197,-0.11156339528676762,33.33333333333333,144.2,151.09932429342317,137.3006757065768,0.09569104429158361,4.642857142857143,689375.0,3.1065820489573888,0.3333333329629629,0.009797763575872837
2022-10-14,141.0,145.0,138.0,144.0,1015900,0.0,0.0,139.4,141.1,143.8,141.83873138703868,145.32998119369708,-3.491249806658402,-3.557120594165438,0.0658707875070359,33.33333333333333,143.8,150.4507333926316,137.14926660736842,0.09249976902130172,4.714285714285714,699850.0,1.4515967707365864,0.4285714279591837,0.009781394689333188
2022-10-17,135.0,142.0,134.0,141.0,981400,-0.04255319148936165,-0.04348511193973878,138.6,140.4,143.1,140.7866188659558,144.56479740157135,-3.7781785356155524,-3.6013321824554607,-0.17684635316009167,25.000000000000014,143.1,150.3649585747341,135.8350414252659,0.10153680747357226,5.071428571428571,726550.0,1.3507673250292478,0.12499999984374999,0.013193773713340478
2022-10-18,133.0,133.0,129.0,133.0,2068300,-0.014814814814814836,-0.014925650216675706,137.6,139.4,142.35,139.5886775019626,143.7081457421957,-4.119468240233118,-3.704959394010993,-0.41450884622212536,22.727272727272734,142.35,150.525099674259,134.174900325741,0.11485914540581668,5.285714285714286,817160.0,2.531083263987469,0.9999999975,0.013377490028405534
2022-10-19,130.0,134.0,125.0,125.0,2100300,-0.022556390977443663,-0.0228146777661714,136.0,138.1,141.45,138.1134963478145,142.69272753907012,-4.579231191255616,-3.879813753459918,-0.6994174377956979,20.0,141.45,150.87396954937324,132.02603045062673,0.13324806715267945,5.785714285714286,879940.0,2.3868672864058915,0.5555555549382716,0.013854548003328217
2022-10-20,130.0,130.0,125.0,128.0,709600,0.0,0.0,133.8,136.7,140.55,136.86526614045843,141.752525499139,-4.887259358680581,-4.081302874504051,-0.8059564841765292,20.0,140.55,150.7465237615268,130.35347623847323,0.14509461062293527,5.857142857142857,879840.0,0.8065102745953809,0.9999999980000001,0.013854548003328217
2022-10-21,130.0,131.0,129.0,130.0,295500,0.0,0.0,131.6,135.5,139.75,135.80907134961868,140.88196805475835,-5.072896705139669,-4.279621640631175,-0.793275064508494,22.727272727272734,139.75,150.63362565320264,128.86637434679736,0.15575850666479632,5.214285714285714,862905.0,0.3424478940323674,0.4999999975,0.01381733199319186
2022-10-24,130.0,132.0,129.0,131.0,443400,0.0,0.0,130.6,134.6,138.95,134.91536806506195,140.07589634699846,-5.160528281936507,-4.455802968892242,-0.704725313044265,19.04761904761905,138.95,150.2437170238372,127.65628297616279,0.16255799962342155,5.214285714285714,849480.0,0.5219663794321232,0.3333333322222222,0.01381733199319186
2022-10-25,134.0,135.0,130.0,130.0,3017500,0.03076923076923066,0.030305349495328843,130.8,134.2,138.4,134.77454220889857,139.6258299509245,-4.8512877420259315,-4.534899923518981,-0.31638781850695086,32.0,138.4,149.52326353154112,127.27673646845889,0.1607408024789178,5.357142857142857,980550.0,3.0773545459181073,0.7999999984,0.016034502747830873
2022-10-26,132.0,135.0,129.0,135.0,1159400,-0.014925373134328401,-0.015037877364540559,131.2,133.6,137.75,134.34768956137572,139.06095365826343,-4.713264096887713,-4.570572758192728,-0.14269133869498507,26.92307692307692,137.75,148.76819748477442,126.73180251522558,0.15997382918002787,5.642857142857143,1021035.0,1.1355144534712327,0.49999999916666665,0.016194179401122662
2022-10-27,131.0,132.0,130.0,132.0,656600,-0.007575757575757569,-0.007604599385219304,131.4,132.6,137.05,133.83266039808714,138.46384597987355,-4.631185581786411,-4.582695322911465,-0.04849025887494651,28.0,137.05,147.90651112097765,126.19348887902237,0.15843139176910095,5.5,1015250.0,0.6467372568332923,0.4999999975,0.016170481155230062
2022-10-28,131.0,132.0,128.0,131.0,1632500,0.0,0.0,131.6,131.6,136.35,133.39686649068912,137.91096849988293,-4.514102009193806,-4.568976660167933,0.054874650974126915,31.818181818181827,136.35,146.84765096756695,125.85234903243304,0.15398094561887724,5.428571428571429,1047115.0,1.5590455680608146,0.7499999981250001,0.016170481155230062
2022-10-31,133.0,138.0,131.0,134.0,2357100,0.01526717557251911,0.015151805020602246,132.2,131.4,135.9,133.33581010750618,137.54719305544714,-4.211382947940962,-4.497457917722539,0.286074969781577,39.130434782608695,135.9,146.1464701008973,125.65352989910272,0.15079426197052662,5.714285714285714,1108655.0,2.1260897213289978,0.2857142853061225,0.01632526569077493
2022-11-01,134.0,136.0,125.0,125.0,1446200,0.007518796992481258,0.007490671729157659,132.2,131.5,135.45,133.43799316788986,137.2844380143029,-3.84644484641305,-4.367255303460641,0.5208104570475909,41.66666666666667,135.45,145.1600404931287,125.73995950687129,0.14337453662796165,6.0,1174615.0,1.231211929015039,0.8181818174380164,0.016341250971511588
2022-11-02,134.0,136.0,131.0,134.0,447100,0.0,0.0,132.6,131.9,135.0,133.52445575744525,137.04114630953973,-3.516690552094474,-4.197142353187408,0.6804518010929339,33.33333333333333,135.0,144.04844517416785,125.95155482583215,0.13405103961730153,5.714285714285714,1188940.0,0.3760492539573065,0.5999999988,0.016341250971511588
2022-11-03,136.0,137.0,131.0,134.0,1042300,0.014925373134328401,0.014815085785140682,133.6,132.5,134.6,133.9053087178383,136.96402436068493,-3.0587156428466358,-3.9694570111192533,0.9107413682726175,39.130434782608695,134.6,142.62237936044627,126.57762063955371,0.11920325944199525,5.642857142857143,1215515.0,0.8574966166604279,0.8333333319444445,0.016692053669850913
2022-11-04,134.0,139.0,134.0,136.0,917400,-0.014705882352941124,-0.014815085785140587,134.2,132.9,134.2,133.91987660740162,136.7444670006342,-2.824590393232569,-3.7404836875419165,0.9158932943093476,47.368421052631575,134.2,141.42718858340626,126.97281141659371,0.1077077285157418,5.428571428571429,1238560.0,0.7406988761141972,0.0,0.016721796518882958
2022-11-07,133.0,138.0,132.0,134.0,561500,-0.007462686567164201,-0.007490671729157626,134.2,133.2,133.9,133.7783571293398,136.4670990746613,-2.688741945321482,-3.53013533909783,0.841393393776348,50.0,133.9,140.777931304953,127.02206869504703,0.10273235705680339,5.428571428571429,1239975.0,0.45283171031674024,0.16666666638888888,0.016203050090212404
2022-11-08,132.0,135.0,132.0,135.0,118700,-0.007518796992481258,-0.007547205635382966,133.8,133.0,133.6,133.50476372482598,136.13620284690862,-2.6314391220826394,-3.350396095694792,0.7189569736121526,56.25,133.6,140.24439946901282,126.95560053098717,0.09946705791935367,5.0,1217830.0,0.09746844797713966,0.0,0.016208604892080355
2022-11-09,135.0,137.0,133.0,133.0,1421900,0.022727272727272707,0.022472855852058576,134.0,133.3,133.45,133.73480007485276,136.05203967306355,-2.31723959821079,-3.1437647961979915,0.8265251979872015,63.15789473684211,133.45,139.80532450544263,127.09467549455735,0.09524652687062779,5.0,1226710.0,1.1591166616396704,0.49999999875,0.01713348959199531
2022-11-10,134.0,137.0,133.0,135.0,567000,-0.007407407407407418,-0.00743497848751809,133.6,133.6,133.1,133.77560006333695,135.9000367343181,-2.12443667098114,-2.9398991711546216,0.8154625001734814,60.0,133.1,138.38559533036485,127.81440466963512,0.07942292006558774,5.142857142857143,1147980.0,0.4939110437464067,0.249999999375,0.01632162708098632
2022-11-11,135.0,137.0,134.0,136.0,521600,0.00746268656716409,0.0074349784875179905,133.8,134.0,132.8,133.96396928436204,135.83336734659082,-1.8693980622287825,-2.725798949369454,0.8564008871406714,61.904761904761905,132.8,136.69610360033465,128.90389639966537,0.05867625904118434,5.142857142857143,1123265.0,0.46436059166803917,0.3333333322222222,0.01646443675551045
2022-11-14,136.0,137.0,134.0,135.0,404900,0.007407407407407307,0.00738010729762246,134.4,134.3,132.85,134.27720477907556,135.84571050610262,-1.568505727027059,-2.494340304900975,0.9258345778739159,55.55555555555556,132.85,136.8880612988388,128.81193870116118,0.06079128790122412,5.0,1094440.0,0.36996089324220605,0.6666666644444444,0.013521632292992957
2022-11-15,134.0,137.0,132.0,136.0,899100,-0.014705882352941124,-0.014815085785140587,134.8,134.3,132.9,134.23455788998703,135.70899120935428,-1.4744333193672503,-2.29035890779423,0.8159255884269796,55.55555555555556,132.9,136.97051556281042,128.8294844371896,0.0612568181009844,4.928571428571429,1035980.0,0.8678738971794823,0.3999999992,0.013515177930537914
2022-11-16,134.0,137.0,133.0,135.0,390500,0.0,0.0,134.6,134.3,133.1,134.19847206075826,135.58239926792064,-1.3839272071623725,-2.1090725676678583,0.7251453605054858,58.82352941176471,133.1,136.95809362476177,129.24190637523822,0.05797285687095084,5.071428571428571,950490.0,0.41084072425801427,0.249999999375,0.0123874169571411
2022-11-17,136.0,137.0,134.0,135.0,140500,0.014925373134328401,0.014815085785140682,135.0,134.3,133.4,134.47563020525698,135.61333265548208,-1.137702450225106,-1.9147985441793078,0.7770960939542018,63.15789473684211,133.4,137.1753552766662,129.6246447233338,0.056602028135925096,5.0,922035.0,0.15238033263379372,0.6666666644444444,0.012731467860730782
2022-11-18,136.0,139.0,135.0,136.0,636900,0.0,0.0,135.2,134.5,133.7,134.71014863521745,135.64197468100193,-0.9318260457844758,-1.7182040445003415,0.7863779987158657,58.82352941176471,133.7,137.28661871068462,130.11338128931536,0.05365173837972525,4.785714285714286,939105.0,0.6781989234430654,0.249999999375,0.012731467860730782
2022-11-21,137.0,143.0,136.0,136.0,1823000,0.007352941176470562,0.007326040092072881,135.4,134.9,134.05,135.0624334605686,135.74256914907585,-0.6801356885072494,-1.510590373301723,0.8304546847944736,58.82352941176471,134.05,137.47907722457458,130.62092277542544,0.05116116709548034,4.5,1008085.0,1.8083792537335641,0.14285714265306124,0.012766605905124526
2022-11-22,137.0,140.0,136.0,140.0,227200,0.0,0.0,136.0,135.4,134.2,135.3605206204811,135.83571217507023,-0.47519155458911655,-1.3035106095592017,0.8283190549700852,58.82352941176471,134.2,137.87361031069645,130.52638968930353,0.05474829077043906,4.428571428571429,868570.0,0.26157937759766053,0.249999999375,0.010927938385274196
2022-11-23,135.0,140.0,134.0,137.0,306000,-0.014598540145985384,-0.014706147389695449,136.2,135.4,134.35,135.30505590963787,135.77380756950947,-0.46875165987160017,-1.1365588196216814,0.6678071597500812,47.05882352941176,134.35,137.88786169089894,130.81213830910104,0.05266634448677261,4.428571428571429,825900.0,0.37050490374137307,0.16666666638888888,0.010902827111474674
2022-11-24,136.0,137.0,134.0,134.0,528300,0.007407407407407307,0.00738010729762246,136.2,135.6,134.6,135.4119703850782,135.7905625643606,-0.37859217928240696,-0.9849654915538265,0.6063733122714196,56.25,134.6,137.83478496361192,131.36521503638807,0.04806515547714605,4.285714285714286,819485.0,0.6446731788867398,0.6666666644444444,0.010783602567709005
2022-11-25,134.0,137.0,133.0,136.0,1112800,-0.014705882352941124,-0.014815085785140587,135.8,135.5,134.75,135.19474417198924,135.6579283003339,-0.4631841283446647,-0.8806092189119942,0.41742509056732946,52.94117647058823,134.75,137.52785264858548,131.97214735141452,0.04122972391221491,4.142857142857143,793500.0,1.4023944549464398,0.249999999375,0.011405546048905445
2022-11-28,134.0,135.0,132.0,134.0,309300,0.0,0.0,135.2,135.3,134.8,135.01093737629859,135.53511879660547,-0.5241814203068884,-0.809323659190973,0.28514223888408463,56.25,134.8,137.47948189603056,132.12051810396946,0.03975492427345032,4.142857142857143,691110.0,0.44754091244519684,0.6666666644444444,0.010914438649153637
2022-11-29,134.0,137.0,134.0,134.0,651100,0.0,0.0,134.6,135.3,134.8,134.85540854917573,135.4214062931532,-0.5659977439774764,-0.7606584761482738,0.19466073217079738,46.15384615384615,134.8,137.47948189603056,132.12051810396946,0.03975492427345032,4.0,651355.0,0.999608508417069,0.0,0.010786195778959909
2022-11-30,134.0,135.0,131.0,135.0,592500,0.0,0.0,134.4,135.3,134.8,134.7238072339179,135.31611693810484,-0.5923097041869312,-0.7269887217560054,0.1346790175690742,50.0,134.8,137.47948189603056,132.12051810396946,0.03975492427345032,4.0,658625.0,0.8996014423989371,0.7499999981250001,0.010786195778959909
2022-12-01,134.0,135.0,133.0,135.0,148900,0.0,0.0,134.0,135.1,134.7,134.6124522748536,135.21862679454154,-0.6061745196879258,-0.7028258813423895,0.09665136165446375,45.45454545454546,134.7,137.339904717416,132.06009528258397,0.03919680352510789,3.9285714285714284,613955.0,0.2425259180233079,0.4999999975,0.010203817932956449
2022-12-02,132.0,136.0,131.0,134.0,243800,-0.014925373134328401,-0.015037877364540559,133.6,134.7,134.6,134.21053654026076,134.98020999494585,-0.7696734546850905,-0.7161953960109299,-0.05347805867416067,33.33333333333333,134.6,137.49111926473384,131.70888073526615,0.04295868149678819,4.071428571428571,580275.0,0.42014562061091726,0.1999999996,0.010219790157611604
2022-12-05,129.0,132.0,128.0,132.0,1061200,-0.022727272727272707,-0.02298951822469872,132.6,133.9,134.4,133.4089155340668,134.5372314768017,-1.1283159427349005,-0.7986195053557241,-0.3296964373791764,30.769230769230774,134.4,138.17535527445548,130.62464472554453,0.05618088206034937,4.0,605260.0,1.7532961041535868,0.249999999375,0.011267538896254066
2022-12-06,127.0,132.0,125.0,131.0,741900,-0.015503875968992276,-0.01562531790308087,131.2,132.9,134.15,132.42292852882576,133.97891803407566,-1.5559895052498973,-0.9500935053345589,-0.6058959999153384,26.66666666666667,134.15,139.08010537732,129.21989462268002,0.07350138467864316,4.214285714285714,636420.0,1.1657396059206184,0.2857142853061225,0.011629001596789151
2022-12-07,126.0,127.0,123.0,127.0,423700,-0.007874015748031482,-0.007905179507113261,129.6,132.0,133.7,131.43478567823718,133.38788706858858,-1.9531013903514065,-1.1506950823379285,-0.802406308013478,14.285714285714292,133.7,139.80613514486961,127.59386485513035,0.09134083986342009,4.285714285714286,586510.0,0.7224088250839713,0.7499999981250001,0.010141040716772907
2022-12-08,125.0,129.0,123.0,126.0,183200,-0.007936507936507908,-0.007968169649176845,127.8,130.9,133.25,130.44481865081607,132.76656210054497,-2.321743449728899,-1.3849047558161227,-0.9368386939127764,13.333333333333329,133.25,140.48519483563925,126.01480516436075,0.10859579490640522,4.428571428571429,567320.0,0.3229218077980681,0.33333333277777777,0.010152743247753566
2022-12-09,125.0,126.0,124.0,125.0,329300,0.0,0.0,126.4,130.0,132.75,129.6071542429982,132.1912612042083,-2.5841069612100966,-1.6247451968949178,-0.9593617643151788,7.142857142857139,132.75,140.8109939378079,124.6890060621921,0.1214462363511547,4.071428571428571,557705.0,0.5904555275638554,0.4999999975,0.00986473941697019
2022-12-12,126.0,128.0,120.0,126.0,629400,0.008000000000000007,0.007968169649176881,125.8,129.2,132.25,129.0522074363831,131.73264926315582,-2.6804418267727215,-1.8358845228704788,-0.8445573039022427,13.333333333333329,132.25,140.69366109856418,123.80633890143581,0.1276924173695907,4.357142857142857,568930.0,1.1062872409611024,0.7499999990624999,0.009900978663673024
2022-12-13,128.0,128.0,125.0,126.0,71700,0.015873015873015817,0.015748356968139112,126.0,128.6,131.95,128.89032936924724,131.45615672514427,-2.565827355897028,-1.9818730894757888,-0.5839542664212392,26.66666666666667,131.95,140.55664627603778,123.3433537239622,0.13045314552539286,4.142857142857143,527560.0,0.1359087118052923,0.9999999966666667,0.01046731228442611
2022-12-14,126.0,128.0,125.0,128.0,60700,-0.015625,-0.015748356968139168,126.0,127.8,131.55,128.44566331244,131.05199696772618,-2.6063336552861927,-2.1067652026378694,-0.4995684526483233,18.75,131.55,140.49254421121964,122.60745578878038,0.13595658245867923,4.142857142857143,511070.0,0.11877042283835874,0.3333333322222222,0.010867135039090096
2022-12-15,126.0,128.0,123.0,128.0,166200,0.0,0.0,126.2,127.0,131.05,128.06940741821845,130.67777497011681,-2.608367551898368,-2.2070856724899692,-0.401281879408399,21.42857142857143,131.05,140.06289381235024,122.03710618764978,0.1375489326570046,4.214285714285714,512355.0,0.32438445999355914,0.5999999988,0.010052065615886747
2022-12-16,126.0,128.0,124.0,125.0,141500,0.0,0.0,126.4,126.4,130.55,127.75103704618483,130.33127312047853,-2.580236074293694,-2.2817157528507144,-0.2985203214429797,21.42857142857143,130.55,139.51605541015056,121.58394458984947,0.1373581832271244,4.285714285714286,487585.0,0.29020581026897874,0.49999999875,0.010052065615886747
2022-12-19,124.0,126.0,122.0,126.0,602800,-0.015873015873015928,-0.01600034134644119,126.0,125.9,129.9,127.17395442369487,129.86228992636902,-2.68833550267415,-2.3630397028154015,-0.32529579985874824,18.75,129.9,138.7817164146828,121.01828358531722,0.13674698098048937,4.357142857142857,426575.0,1.4131160991619294,0.49999999875,0.010041873681398023
2022-12-20,117.0,126.0,117.0,124.0,837200,-0.056451612903225756,-0.058107630807280694,123.8,124.9,128.9,125.60873066620334,128.90952770960095,-3.3007970433976084,-2.550591170931843,-0.7502058724657652,13.043478260869563,128.9,138.8546678901573,118.94533210984274,0.15445566935853025,4.714285714285714,457075.0,1.8316468850845047,0.0,0.015195920592780793
2022-12-21,123.0,126.0,117.0,117.0,586700,0.05128205128205132,0.050010420574661416,123.2,124.6,128.3,125.20738748678744,128.47178491629717,-3.264397429509728,-2.6933524226474206,-0.5710450068623074,31.034482758620683,128.3,138.1526321448517,118.44736785514831,0.15358740677867025,5.214285714285714,471110.0,1.2453567107469594,0.6666666659259258,0.02001036726594807
2022-12-22,126.0,126.0,122.0,123.0,121400,0.024390243902439046,0.024097551579060524,123.2,124.7,127.8,125.32932787343552,128.28868973731218,-2.9593618638766657,-2.74655431089327,-0.2128075529833957,39.99999999999999,127.8,137.0007232084512,118.5992767915488,0.14398627869250707,5.142857142857143,450765.0,0.2693199338901645,0.9999999975,0.02088152535492319
2022-12-23,123.0,126.0,123.0,125.0,525000,-0.023809523809523836,-0.02409755157906053,122.6,124.5,127.25,124.97096973906082,127.89693494195572,-2.9259652028949006,-2.7824364892935964,-0.14352871360130415,39.99999999999999,127.25,136.20195610433996,118.29804389566004,0.14069872069689518,5.071428571428571,421375.0,1.2459210916641945,0.0,0.021232539595217256
2022-12-26,123.0,126.0,123.0,126.0,113700,0.0,0.0,122.4,124.2,126.7,124.66774362535915,127.53419902032937,-2.8664553949702167,-2.7992402704289208,-0.06721512454129597,42.857142857142854,126.7,135.248354239763,118.15164576023703,0.13493850417936826,4.785714285714286,411595.0,0.2762424227699559,0.0,0.021232539595217256
2022-12-27,123.0,126.0,119.0,124.0,489400,0.0,0.0,123.6,123.7,126.15,124.4111676829962,127.19833242623089,-2.7871647432346975,-2.7968251649900764,0.009660421755378845,44.444444444444436,126.15,134.11641913922844,118.18358086077157,0.12630073942494546,5.0,403510.0,1.2128571782607618,0.571428570612245,0.021232539595217256
2022-12-28,125.0,125.0,123.0,123.0,1967000,0.016260162601626105,0.016129381929883717,124.0,123.6,125.7,124.50175727022754,127.03549298725083,-2.5337357170232906,-2.7442072753967195,0.2104715583734289,50.0,125.7,132.76515856073482,118.63484143926519,0.112413024037149,4.714285714285714,472235.0,4.165299056613763,0.999999995,0.021702253947184516
2022-12-29,129.0,133.0,125.0,126.0,2032700,0.03200000000000003,0.031498667059371016,124.6,123.9,125.45,125.19379461326947,127.18101202523225,-1.9872174119627743,-2.592809302709931,0.6055918907471565,56.25,125.45,131.56905068470357,119.33094931529642,0.09755361793070663,5.142857142857143,566425.0,3.588648099924968,0.49999999937499995,0.02308943141647652
2022-12-30,174.0,174.0,126.0,132.0,20958900,0.34883720930232553,0.2992428948528569,134.8,128.7,127.55,132.7024415958434,130.64908520854837,2.0533563872950253,-1.6635761647089395,3.716932552003965,81.57894736842105,127.55,150.04609655460885,105.05390344539114,0.3527416159091941,8.0,1602180.0,13.081488971276636,0.9999999997916666,0.08149114217445123
2023-01-02,189.0,218.0,176.0,192.0,89488600,0.0862068965517242,0.08269171584511341,148.0,135.2,130.55,141.3636044272521,134.97137519310036,6.392229234151756,-0.05241508493680007,6.444644319088556,84.26966292134831,130.55,166.08457385549423,95.0154261445058,0.544382594492443,10.928571428571429,6023550.0,14.856455080475799,0.3095238094501134,0.08236411071204405
2023-01-03,187.0,192.0,181.0,190.0,28756900,-0.010582010582010581,-0.010638398205055754,160.8,142.2,133.55,148.38458836152103,138.82534740101886,9.559240960502166,1.8699161241509936,7.689324836351172,84.26966292134831,133.55,177.05886953846513,90.04113046153489,0.6515742349451908,11.5,7424300.0,3.8733483291354065,0.5454545449586776,0.08225347013432138
2023-01-04,177.0,206.0,174.0,192.0,247988700,-0.053475935828877,-0.05495888428075747,171.2,147.6,136.1,152.7869593828255,141.65309944538782,11.133859937437677,3.7227048868083314,7.411155050629345,75.75757575757575,136.1,183.545710161016,88.654289838984,0.6972183712125789,13.428571428571429,19802550.0,12.523068998689563,0.09374999997070313,0.08375045647723561
2023-01-05,183.0,187.0,176.0,178.0,29274000,0.03389830508474567,0.03333642026759171,182.0,153.3,139.0,157.43511947777543,144.71583281980355,12.719286657971878,5.522021241041042,7.197265416930836,77.14285714285714,139.0,190.50555046229678,87.49444953770322,0.7410870570114645,13.928571428571429,21257090.0,1.3771405211155432,0.6363636357851239,0.08353934750639347
2023-01-06,180.0,190.0,177.0,190.0,30585400,-0.016393442622950838,-0.016529301951210582,183.2,159.0,141.75,160.90663955811766,147.32947483315144,13.577164724966224,7.13304993782608,6.444114787140144,76.41509433962264,141.75,195.91282121587193,87.58717878412807,0.7642020630105387,14.571428571428571,22769895.0,1.3432385173493333,0.23076923059171597,0.08384690752245726
2023-01-09,180.0,181.0,169.0,180.0,11417900,0.0,0.0,181.4,164.7,144.45,163.84407962609959,149.74951373439947,14.094565891700114,8.525353128600887,5.569212763099227,81.81818181818181,144.45,200.65236595428647,88.24763404571351,0.7781566764179506,14.785714285714286,23309320.0,0.4898426895336286,0.9166666659027777,0.08393236750813535
2023-01-10,168.0,220.0,168.0,190.0,67156800,-0.06666666666666665,-0.06899287148695143,177.6,169.2,146.45,164.48345199131504,151.10140160592545,13.38205038538959,9.496692579958628,3.885357805430962,71.42857142857143,146.45,203.03315391746207,89.86684608253789,0.7727299954586835,17.857142857142858,26663575.0,2.5186720085359897,0.0,0.0861877210244196
2023-01-11,157.0,169.0,157.0,169.0,25304400,-0.06547619047619047,-0.06771817405495086,173.6,172.4,148.0,163.3321516849589,151.53833482030134,11.793816864657543,9.956117436898412,1.8376994277591319,63.716814159292035,148.0,203.9189323166301,92.0810676833699,0.7556612475220285,18.428571428571427,27925760.0,0.9061311133519733,0.0,0.0878760771546988
2023-01-12,155.0,158.0,149.0,152.0,10611100,-0.01273885350318471,-0.012820688429061434,168.0,175.0,149.45,162.0502821949652,151.794754463242,10.25552773172322,10.015999495863374,0.2395282358598454,64.28571428571428,149.45,204.46359297901097,94.43640702098901,0.7362140244765605,18.857142857142858,28448005.0,0.3729997938344007,0.6666666659259258,0.0880305055619775
2023-01-13,147.0,158.0,147.0,157.0,8630500,-0.05161290322580647,-0.05299253014051034,161.4,172.3,150.5,159.73485416497056,151.43958746596482,8.295266699005737,9.671852936491847,-1.3765862374861104,60.0,150.5,204.41982978479908,96.58017021520092,0.7165425885023133,19.428571428571427,28872455.0,0.29891812109500215,0.0,0.08919804664346405
2023-01-16,139.0,146.0,139.0,146.0,6512200,-0.05442176870748294,-0.05595865364804449,153.2,167.3,151.25,156.54487660112892,150.51813654256,6.026740058568919,8.942830360907262,-2.9160903023383433,56.25,151.25,204.0229061446928,98.47709385530722,0.6978235523265163,19.5,29167925.0,0.2232657962470762,0.0,0.09021970147244045
2023-01-17,130.0,143.0,130.0,140.0,27523200,-0.06474820143884896,-0.06693948267510938,145.6,161.6,151.9,152.46104943172446,148.99827457644446,3.462774855280003,7.84681925978181,-4.384044404501807,51.85185185185185,151.9,203.19625657623737,100.60374342376264,0.6753950832947645,20.285714285714285,30502225.0,0.9023341739823898,0.0,0.09055523809389268
2023-01-18,127.0,132.0,122.0,130.0,12038600,-0.023076923076923106,-0.023347363996991177,139.6,156.6,152.1,148.54396490376683,147.3687727559671,1.1751921477997485,6.5124938373853976,-5.337301689585649,49.25373134328358,152.1,202.95107918738117,101.24892081261882,0.6686532437525466,20.428571428571427,31074820.0,0.38740691016070244,0.49999999949999996,0.0902385838561738
2023-01-19,125.0,130.0,123.0,127.0,3594400,-0.015748031496062964,-0.01587334915629012,133.6,150.8,152.05,144.9218164570335,145.71182662589544,-0.7900101688619543,5.0519930361359275,-5.842003204997882,23.07692307692308,152.05,203.01098241013764,101.08901758986238,0.6703187426522542,17.5,31248470.0,0.11502643169409574,0.2857142853061225,0.09022933517736512
2023-01-20,130.0,136.0,124.0,126.0,16089900,0.040000000000000036,0.03922071315328133,130.2,145.8,152.4,142.62615238672063,144.54798761656986,-1.921835229849222,3.6572273829388977,-5.579062612788119,13.58024691358024,152.4,202.61155918281105,102.18844081718898,0.658944346231116,15.214285714285714,32026715.0,0.5023899578835981,0.4999999995833333,0.09036239005897519
2023-01-24,128.0,133.0,126.0,130.0,6485300,-0.01538461538461533,-0.015504186535965199,128.0,140.6,152.65,140.37597509645593,143.3222107560832,-2.9462356596272627,2.3365347744256653,-5.282770434052928,13.58024691358024,152.65,202.29177614391588,103.00822385608413,0.6503999494780985,14.928571428571429,32345295.0,0.20050211321306546,0.2857142853061225,0.09048257061507045
2023-01-25,128.0,130.0,124.0,128.0,2612100,0.0,0.0,127.6,136.6,152.9,138.4719789277704,142.18723218155853,-3.71525325378812,1.1261771687829079,-4.841430422571028,15.49295774647888,152.9,201.96001310728428,103.83998689271574,0.6417267901541435,13.071428571428571,32451430.0,0.08049260078831658,0.6666666655555555,0.09048257061507045
2023-01-26,130.0,131.0,127.0,128.0,3234500,0.015625,0.015504186535965254,128.2,133.9,153.15,137.16859755426728,141.28447424218382,-4.11587668791654,0.077766397443018,-4.193643085359557,10.447761194029852,153.15,201.65925730185393,104.6407426981461,0.6334868730245369,12.571428571428571,32514805.0,0.09947776097688422,0.7499999981250001,0.09047864886607568
2023-01-27,132.0,136.0,130.0,130.0,9870000,0.01538461538461533,0.01526747213078838,129.6,131.6,153.3,136.37342869976462,140.59673540942947,-4.223306709664854,-0.7824482239785567,-3.4408584856862974,13.63636363636364,153.3,201.51247536496203,105.087524635038,0.6289951123935031,12.071428571428571,32906670.0,0.29993919165932015,0.33333333277777777,0.09029680296899495
2023-01-30,128.0,133.0,127.0,132.0,3202900,-0.030303030303030276,-0.03077165866675366,129.2,129.7,151.0,135.08520889980082,139.66364389761986,-4.578434997819045,-1.5416455787466548,-3.03678941907239,12.857142857142847,151.0,199.44291965876943,102.55708034123057,0.6416280749505884,11.642857142857142,32018870.0,0.10003163759370647,0.16666666638888888,0.03997258897977701
2023-01-31,127.0,130.0,127.0,128.0,1173400,-0.0078125,-0.007843177461025893,129.0,128.5,147.9,133.84133060752376,138.72559620149988,-4.884265593976124,-2.210169581792549,-2.6740960121835755,15.254237288135585,147.9,193.9816282819709,101.81837171802911,0.6231457509394306,8.142857142857142,27603110.0,0.042509702711035095,0.0,0.03230103669181601
2023-02-01,127.0,128.0,125.0,126.0,1603600,0.0,0.0,128.8,128.2,144.9,132.78881820636624,137.8570335199073,-5.06821531354106,-2.7817787281422515,-2.2864365853988087,18.75,144.9,187.97814981500028,101.82185018499973,0.5945914398205696,7.5,26245445.0,0.06110012613617334,0.6666666644444444,0.03253504972276508
2023-02-02,128.0,129.0,125.0,127.0,1926500,0.007874015748031482,0.007843177461025879,128.4,128.3,142.45,132.05207694384836,137.12688288880307,-5.074805944954704,-3.2403841715047426,-1.8344217734499617,21.276595744680847,142.45,183.36030808138676,101.53969191861322,0.5743812998439702,7.142857142857143,13942335.0,0.13817628108921498,0.7499999981250001,0.03196564503199858
2023-02-03,127.0,130.0,126.0,128.0,1675300,-0.0078125,-0.007843177461025893,127.4,128.5,139.65,131.27483433710248,136.3767434155584,-5.101909078455918,-3.612689152894978,-1.4892199255609402,25.000000000000014,139.65,176.32051937962223,102.97948062037779,0.5251775063318613,6.642857142857143,12562400.0,0.13335827548876011,0.249999999375,0.029858864183841316
2023-02-06,127.0,129.0,126.0,127.0,691500,0.0,0.0,127.2,128.2,137.0,130.61716751600977,135.68216982922075,-5.065002313210982,-3.9031517849581787,-1.1618505282528035,31.25,137.0,168.7188411886741,105.28115881132591,0.4630487764769941,6.285714285714286,11067705.0,0.062479077640757504,0.3333333322222222,0.030119500083756804
2023-02-07,126.0,129.0,122.0,127.0,3678000,-0.007874015748031482,-0.007905179507113261,127.0,128.0,134.3,129.90683405200826,134.9649720640933,-5.058138012085038,-4.1341490303835515,-0.9239889817014868,41.66666666666667,134.3,159.03056157613662,109.5694384238634,0.36828833322615945,5.857142857142857,10680710.0,0.34435912968332627,0.571428570612245,0.02993863138865169
2023-02-08,126.0,127.0,123.0,126.0,1413300,0.0,0.0,126.8,127.8,132.2,129.3057826593916,134.30090005934565,-4.99511739995404,-4.306342704297649,-0.6887746956563907,47.61904761904762,132.2,151.39486340585154,113.00513659414844,0.2903912769417784,5.428571428571429,7393535.0,0.19115348747250133,0.7499999981250001,0.027779263184480735
2023-02-09,125.0,126.0,123.0,126.0,1058500,-0.007936507936507908,-0.007968169649176845,126.2,127.3,130.6,128.64335455794674,133.61194449939413,-4.968589941447391,-4.438792151727598,-0.529797789719793,50.0,130.6,146.0627103954952,115.13728960450479,0.2367949524578133,5.142857142857143,6181240.0,0.171243957523086,0.6666666644444444,0.02499758440542151
2023-02-10,125.0,126.0,123.0,126.0,768600,0.0,0.0,125.8,126.6,129.1,128.08283847210876,132.9740226846242,-4.891184212515441,-4.5292705638851665,-0.3619136486302743,33.33333333333333,129.1,139.63018929004633,118.56981070995367,0.16313228954370768,4.5,5689115.0,0.13510009904879758,0.6666666644444444,0.025113756496301907
2023-02-13,124.0,125.0,123.0,125.0,1087900,-0.008000000000000007,-0.008032171697264267,125.2,126.2,127.95,127.45470947639971,132.30928026354093,-4.854570787141213,-4.594330608536376,-0.26024017860483717,35.71428571428572,127.95,134.5331237328757,121.3668762671243,0.10290150422627128,4.142857142857143,5311985.0,0.2048010301233908,0.4999999975,0.02316394794398896
2023-02-14,123.0,126.0,123.0,126.0,710200,-0.008064516129032251,-0.008097210232619362,124.6,125.8,127.15,126.7693695569536,131.61970394772308,-4.850334390769476,-4.645531364982996,-0.2048030257864797,33.33333333333333,127.15,131.63279074155244,122.66720925844757,0.07051184807789909,3.9285714285714284,5021885.0,0.1414210002817667,0.0,0.02045792192287341
2023-02-15,123.0,125.0,123.0,123.0,516400,0.0,0.0,124.0,125.4,126.8,126.18946654819152,130.98120735900287,-4.791740810811348,-4.674773254148667,-0.1169675566626811,23.07692307692308,126.8,131.43631457500362,122.16368542499639,0.07312799014201288,3.7857142857142856,3671545.0,0.14064923622071906,0.0,0.015067030032277096
2023-02-16,124.0,125.0,122.0,123.0,1193800,0.008130081300812941,0.008097210232619303,123.8,125.0,126.65,125.85262554077744,130.46408088796562,-4.611455347188183,-4.6621096727565705,0.050654325568387115,16.666666666666657,126.65,131.45028970604355,121.84971029395646,0.07580402220360904,3.5714285714285716,3129305.0,0.3814904587440342,0.6666666644444444,0.014443997468421654
2023-02-17,122.0,124.0,122.0,124.0,1115200,-0.016129032258064502,-0.01626052087178029,123.2,124.5,126.5,125.25991391911937,129.83711193330151,-4.5771980141821444,-4.645127341041685,0.06792932685954067,20.0,126.5,131.68912244900497,121.31087755099503,0.08204146164434735,3.2857142857142856,3005345.0,0.3710722063523489,0.0,0.014464575406188538
2023-02-20,121.0,123.0,119.0,122.0,1974700,-0.008196721311475419,-0.00823049913651548,122.6,123.9,126.05,124.60454254694717,129.18251104935325,-4.57796850240608,-4.631695573314564,0.05372707090848472,20.0,126.05,131.51478123107802,120.58521876892198,0.08670815122694203,3.357142857142857,2299585.0,0.8587201603767637,0.49999999875,0.010806435124095624
2023-02-21,121.0,122.0,119.0,121.0,503000,0.0,0.0,122.2,123.4,125.7,124.04999753972453,128.57639911977154,-4.526401580047008,-4.610636774661053,0.08423519461404538,20.0,125.7,131.52378446444686,119.87621553555314,0.09266164621236053,3.357142857142857,2000470.0,0.2514409113858243,0.6666666644444444,0.010459803182154625
2023-02-22,120.0,123.0,118.0,123.0,1210700,-0.008264462809917328,-0.008298802814695066,121.6,122.8,125.3,123.42692099515153,127.94111029608476,-4.514189300933225,-4.591347279915488,0.07715797898226295,10.0,125.3,131.54252329382578,119.05747670617423,0.09964123374023585,3.4285714285714284,1930400.0,0.6271757148777456,0.3999999992,0.010508339467993693
2023-02-23,119.0,121.0,119.0,120.0,274700,-0.008333333333333304,-0.00836824967051658,120.6,122.2,124.75,122.74585622666669,127.2788058297081,-4.532949603041416,-4.579667744540674,0.046718141499257904,10.0,124.75,131.18433571011857,118.31566428988143,0.1031556827273519,3.2857142857142856,1782410.0,0.15411717842696124,0.0,0.009577483477748954
2023-02-24,118.0,121.0,118.0,120.0,1195800,-0.008403361344537785,-0.008438868645864595,119.8,121.5,124.05,122.01572449948719,126.59148687935935,-4.57576237987216,-4.578886671606972,0.0031242917348119903,9.090909090909093,124.05,130.20335956506113,117.89664043493886,0.09920773180267856,3.2857142857142856,1348700.0,0.8866315711425817,0.0,0.008400228988748447
2023-02-27,120.0,120.0,118.0,118.0,753500,0.016949152542372836,0.01680711831638119,119.6,121.1,123.65,121.70561303802764,126.1032285919994,-4.397615553971761,-4.54263244807993,0.14501689410816887,25.0,123.65,129.7621658015561,117.5378341984439,0.0988623663818213,2.9285714285714284,1226230.0,0.6144850476664248,0.999999995,0.007688572658356891
2023-02-28,119.0,120.0,116.0,120.0,667700,-0.008333333333333304,-0.00836824967051658,119.2,120.7,123.25,121.28936487833107,125.57706351111055,-4.287698632779481,-4.49164568501984,0.20394705224035903,23.07692307692308,123.25,129.48493065447192,117.01506934552809,0.10117534530583232,2.9285714285714284,1200945.0,0.555978833335415,0.7499999981250001,0.007705902763074534
2023-03-01,119.0,121.0,118.0,118.0,793200,0.0,0.0,119.0,120.3,122.85,120.93715489704937,125.08987362139867,-4.152718724349299,-4.423860292885732,0.2711415685364331,25.0,122.85,129.09842230690134,116.60157769309863,0.10172441688077093,2.9285714285714284,1160425.0,0.683542667557145,0.3333333322222222,0.007705902763074534
2023-03-02,120.0,122.0,119.0,120.0,1457100,0.008403361344537785,0.00836824967051658,119.2,119.9,122.45,120.79297722058023,124.71284594573952,-3.91986872515929,-4.3230619793404435,0.40319325418115337,30.769230769230774,122.45,128.32327957030884,116.57672042969116,0.09592943356976462,2.9285714285714284,1136955.0,1.2815810652136628,0.3333333322222222,0.007746812092615155
2023-03-03,121.0,122.0,119.0,120.0,1309200,0.008333333333333304,0.008298802814695064,119.8,119.8,122.15,120.82482687895249,124.43782032012918,-3.612993441176684,-4.1810482717076916,0.5680548305310076,38.46153846153846,122.15,127.6455141773914,116.6544858226086,0.08997976549146786,3.0,1118650.0,1.1703392482009565,0.6666666644444444,0.008074454244639545
2023-03-06,120.0,123.0,118.0,122.0,849300,-0.008264462809917328,-0.008298802814695066,119.8,119.7,121.8,120.69793043603673,124.1090928890085,-3.411162452971766,-4.027071107960507,0.6159086549887407,38.46153846153846,121.8,126.87010248788397,116.72989751211603,0.08325291441517195,3.142857142857143,1126540.0,0.7539013261846006,0.3999999992,0.008156973799828786
2023-03-07,118.0,120.0,117.0,120.0,1056200,-0.01666666666666672,-0.01680711831638129,119.6,119.4,121.4,120.282864215108,123.65656748982268,-3.3737032747146714,-3.8963975413113396,0.5226942665966683,33.33333333333333,121.4,126.33544028666866,116.46455971333135,0.08130873618893988,3.2142857142857144,995450.0,1.0610276759254609,0.3333333322222222,0.008665951858944273
2023-03-08,116.0,119.0,116.0,119.0,872500,-0.016949152542372836,-0.017094433359300068,119.0,119.0,120.9,119.62396202816831,123.08941434242841,-3.465452314260105,-3.810208495901093,0.34475618164098787,25.0,120.9,125.89901488085273,115.90098511914728,0.0826966895095571,3.2142857142857144,968410.0,0.900961369667806,0.0,0.009147893539518934
2023-03-09,117.0,119.0,115.0,116.0,739200,0.008620689655172376,0.008583743691391435,118.4,118.8,120.5,119.22027556229625,122.63834661335963,-3.4180710510633787,-3.731781006933551,0.31370995587017214,33.33333333333333,120.5,125.39689937305994,115.60310062694006,0.08127633814207366,3.357142857142857,952445.0,0.776107806749996,0.49999999875,0.009522635049399049
2023-03-10,116.0,130.0,112.0,117.0,6850700,-0.008547008547008517,-0.008583743691391442,117.4,118.6,120.05,118.72484855271222,122.14661723459224,-3.4217686818800246,-3.6697785419228457,0.2480098600428211,33.33333333333333,120.05,124.85905311869597,115.24094688130403,0.08011750301867507,4.357142857142857,1256550.0,5.451991564203573,0.2222222220987654,0.00956041803408379
2023-03-13,110.0,114.0,110.0,112.0,1928500,-0.051724137931034475,-0.05310982531394841,115.4,117.6,119.35,117.38256415998725,121.24686780980764,-3.8643036498203855,-3.708683563502354,-0.1556200863180317,23.80952380952381,119.35,125.59842231157666,113.10157768842333,0.10470753768875847,4.571428571428571,1298580.0,1.4850837068182168,0.0,0.014382211827448785
2023-03-14,106.0,113.0,106.0,110.0,1278200,-0.036363636363636376,-0.0370412716803491,113.0,116.3,118.5,115.63140044306613,120.11747019426633,-4.486069751200205,-3.864160801041925,-0.62190895015828,20.83333333333333,118.5,126.90930827170253,110.09069172829747,0.14192925353084435,4.714285714285714,1326980.0,0.9632398378272469,0.0,0.01591921098494357
2023-03-15,105.0,111.0,103.0,110.0,1008500,-0.009433962264150941,-0.00947874395454377,110.8,114.9,117.6,113.99580037490212,118.99765758728364,-5.001857212381523,-4.091700083309845,-0.9101571290716786,20.83333333333333,117.6,127.67031292789125,107.52968707210874,0.17126382530427298,5.142857142857143,1351585.0,0.7461609887650426,0.24999999968749997,0.0158314553972019
2023-03-16,99.0,107.0,98.0,105.0,2129700,-0.05714285714285716,-0.058840500022933465,107.2,112.8,116.35,111.68875416337872,117.51634961785523,-5.8275954544765085,-4.438879157543178,-1.3887162969333309,17.241379310344826,116.35,128.96121649302273,103.73878350697726,0.2167806874606401,5.571428571428571,1398380.0,1.5229765871937528,0.1111111109876543,0.018828012711691454
2023-03-17,103.0,105.0,98.0,99.0,604700,0.04040404040404044,0.03960913809504588,104.6,111.0,115.4,110.35202275362815,116.44106446097706,-6.089041707348912,-4.768911667504325,-1.320130039844587,22.58064516129032,115.4,129.03975005085312,101.7602499491469,0.2363908154393953,5.928571428571429,1372855.0,0.44046894974341794,0.7142857132653061,0.021997817165333847
2023-03-20,102.0,105.0,101.0,102.0,303400,-0.009708737864077666,-0.009756174945364685,103.0,109.2,114.45,109.06709617614689,115.37135598238616,-6.304259806239273,-5.075981295251315,-1.2282785109879581,22.58064516129032,114.45,129.05968108706026,99.84031891293975,0.25530242179222806,5.928571428571429,1289290.0,0.23532331748481722,0.249999999375,0.02200041917961104
2023-03-21,104.0,104.0,102.0,102.0,354300,0.019607843137254832,0.019418085857101516,102.6,107.8,113.6,108.28754291827813,114.52903331702423,-6.241490398746095,-5.309083115950271,-0.9324072827958236,27.272727272727266,113.6,128.57860377183,98.62139622817001,0.26370781288433076,5.857142857142857,1281855.0,0.27639631627602185,0.999999995,0.022810381303508417
2023-03-24,104.0,105.0,104.0,104.0,277200,0.0,0.0,102.4,106.6,112.8,107.62792093085072,113.74910492317058,-6.121183992319857,-5.471503291224189,-0.6496807010956678,25.0,112.8,128.04607429777087,97.55392570222912,0.27032046627253326,5.714285714285714,1235180.0,0.22442073220097475,0.0,0.022866603618029075
2023-03-27,106.0,110.0,105.0,105.0,1252300,0.019230769230769162,0.01904819497069441,103.8,105.5,112.15,107.3774715568737,113.17509715108388,-5.797625594210174,-5.536727751821386,-0.260897842388788,27.272727272727266,112.15,127.39158585576769,96.90841414423232,0.271807148564738,5.928571428571429,1284060.0,0.9752659533043627,0.1999999996,0.02359336335042795
2023-03-28,107.0,109.0,106.0,107.0,576400,0.009433962264151052,0.009389740349839137,104.6,104.6,111.6,107.31939900966236,112.71768254729987,-5.398283537637511,-5.5090389089846115,0.11075537134710078,30.30303030303031,111.6,126.74632637195612,96.45367362804387,0.2714395407160595,5.785714285714286,1253090.0,0.45998292221628134,0.3333333322222222,0.02381392021894353
2023-03-29,110.0,111.0,107.0,108.0,939800,0.028037383177569986,0.02765153133050995,106.2,104.6,111.1,107.73179916202199,112.51637272898137,-4.784573566959381,-5.364145840579566,0.5795722736201849,38.23529411764706,111.1,125.73020100755721,96.46979899244278,0.2633699551315431,5.857142857142857,1262405.0,0.7444520577786051,0.7499999981250001,0.024462437052714264
2023-03-30,113.0,114.0,110.0,110.0,692800,0.027272727272727337,0.026907452919924402,108.0,105.3,110.8,108.54229159863398,112.55219697127905,-4.009905372645065,-5.093297746992666,1.0833923743476008,45.714285714285715,110.8,124.98749050359838,96.61250949640161,0.25609188634654123,5.928571428571429,1263660.0,0.5482487377933938,0.7499999981250001,0.025411772265580813
2023-03-31,111.0,115.0,110.0,113.0,336800,-0.017699115044247815,-0.01785761740000646,109.4,105.9,110.4,108.92040058345953,112.43721941785097,-3.5168188343914437,-4.778001964472422,1.261183130080978,41.66666666666667,110.4,124.05517609424327,96.74482390575675,0.24737637851889963,6.0,1240840.0,0.271429031946101,0.1999999996,0.02563565255805284
2023-04-03,109.0,110.0,107.0,110.0,421100,-0.018018018018018056,-0.018182319083190474,110.0,106.9,109.85,108.93264664754267,112.18261057208423,-3.249963924541561,-4.47239435648625,1.222430431944689,40.54054054054053,109.85,122.74188412448844,96.95811587551155,0.23471796312222926,5.0,1189040.0,0.35415124806566645,0.6666666644444444,0.025689245248772637
2023-04-04,107.0,110.0,104.0,109.0,574700,-0.01834862385321101,-0.018519047767237527,110.0,107.3,109.15,108.63531639407456,111.79871349267059,-3.163397098596022,-4.210594904908204,1.047197806312182,45.45454545454545,109.15,120.96839077461263,97.33160922538738,0.21655319788571,5.0,1152315.0,0.4987351548838642,0.49999999916666665,0.02568168642259313
2023-04-05,106.0,107.0,105.0,106.0,360100,-0.009345794392523366,-0.009389740349839032,109.2,107.7,108.45,108.22988310267847,111.36917915988016,-3.1392960572016904,-3.996335135366901,0.8570390781652106,50.0,108.45,119.16990978396237,97.73009021603764,0.19769312649077667,4.642857142857143,1127855.0,0.3192786306750425,0.4999999975,0.02568825652962818
2023-04-06,107.0,108.0,105.0,108.0,186200,0.009433962264151052,0.009389740349839137,108.0,108.0,107.9,108.040670317651,111.04553625914829,-3.004865941497286,-3.7980412965929786,0.7931753550956926,53.33333333333333,107.9,117.64088737426447,98.15911262573555,0.18055398284086116,4.285714285714286,1084355.0,0.17171498263944926,0.6666666644444444,0.025773578089238004
2023-04-10,105.0,108.0,104.0,107.0,62800,-0.01869158878504673,-0.018868484304382805,106.8,108.1,107.35,107.57287488416624,110.59771875847063,-3.024843874304395,-3.643401812135262,0.6185579378308672,61.53846153846153,107.35,116.38156118141276,98.31843881858723,0.16826383197788114,3.9285714285714284,1043870.0,0.06016074798586031,0.249999999375,0.02582055607858807
2023-04-11,101.0,107.0,100.0,104.0,565600,-0.03809523809523807,-0.038839833316263894,105.2,107.6,106.55,106.56166336352527,109.88677662821355,-3.3251132646882837,-3.5797441026458667,0.254630837957583,46.15384615384615,106.55,114.78155945560542,98.31844054439458,0.15451073591000322,3.9285714285714284,1035190.0,0.5463731295704171,0.14285714265306124,0.02665644848261242
2023-04-12,103.0,103.0,100.0,101.0,236300,0.01980198019801982,0.019608471388376337,104.4,107.2,105.9,106.01371515375214,109.37664502612367,-3.3629298723715237,-3.536381256590998,0.17345138421947404,51.85185185185185,105.9,112.95919650474075,98.84080349525927,0.133318158729759,3.857142857142857,704470.0,0.3354294718014962,0.9999999966666667,0.027314611729286297
2023-04-13,102.0,104.0,101.0,103.0,392400,-0.009708737864077666,-0.009756174945364685,103.6,106.4,105.5,105.39622051471335,108.83022687604043,-3.4340063613270786,-3.515906277538214,0.08189991621113535,46.15384615384615,105.5,112.48725475300792,98.51274524699208,0.13245980574422592,3.9285714285714284,627665.0,0.6251742569682872,0.3333333322222222,0.025104118106743744
2023-04-14,103.0,104.0,102.0,103.0,151900,0.009803921568627416,0.009756174945364656,102.8,105.4,105.35,105.02757120475745,108.39835821855596,-3.3707870137985054,-3.486882424790272,0.11609541099176646,48.14814814814815,105.35,112.42037128010737,98.27962871989261,0.13422631761001197,4.0,571350.0,0.26586155596394506,0.4999999975,0.02401912102653158
2023-04-17,103.0,103.0,102.0,103.0,220500,0.0,0.0,102.4,104.6,105.25,104.7156371732563,107.99847983199625,-3.282842658739952,-3.4460744715802076,0.16323181284025567,43.99999999999999,105.25,112.3973692280686,98.1026307719314,0.13581699245736054,3.642857142857143,531950.0,0.41451264216561706,0.9999999900000002,0.023940551913677534
2023-04-18,102.0,103.0,100.0,103.0,1276200,-0.009708737864077666,-0.009756174945364685,102.6,103.9,105.4,104.29784683890918,107.55414799258912,-3.256301153679942,-3.408119808000155,0.1518186543202127,40.0,105.4,112.10746971947938,98.69253028052063,0.12727646526526332,3.642857142857143,489275.0,2.608349087936232,0.6666666644444444,0.0200937818172849
2023-04-26,103.0,105.0,103.0,103.0,692100,0.009803921568627416,0.009756174945364656,102.6,103.5,105.4,104.09817809446162,107.21680369684178,-3.1186256023801633,-3.3502209668761562,0.23159536449599294,34.78260869565217,105.4,112.10746971947938,98.69253028052063,0.12727646526526332,3.5714285714285716,493645.0,1.4020196700057734,0.0,0.018051653713108073
2023-04-27,104.0,106.0,102.0,104.0,647800,0.009708737864077666,0.00966191091173689,103.0,103.3,105.5,104.08307377223676,106.97852194152017,-2.895448169283412,-3.259266407357607,0.3638182380741948,28.57142857142857,105.5,112.05186936235198,98.94813063764802,0.12420605426259677,3.5714285714285716,510865.0,1.2680453740224913,0.49999999875,0.018015354342704452
2023-04-28,103.0,106.0,100.0,104.0,883300,-0.009615384615384581,-0.009661910911736859,103.0,102.9,105.45,103.91644703804648,106.68381661251868,-2.7673695744721982,-3.160887040780526,0.3935174663083276,30.0,105.45,112.06502615939874,98.83497384060126,0.1254628005575863,3.642857142857143,537315.0,1.6439146496933827,0.49999999916666665,0.017618178305795696
2023-05-02,104.0,104.0,102.0,103.0,186600,0.009708737864077666,0.00966191091173689,103.2,102.8,105.45,103.92930133988548,106.48501538196173,-2.5557140420762465,-3.0398524410396703,0.4841383989634238,36.8421052631579,105.45,112.06502615939874,98.83497384060126,0.1254628005575863,3.5,532785.0,0.3502350854472254,0.999999995,0.01776107387034876
2023-05-03,104.0,105.0,98.0,103.0,434700,0.0,0.0,103.6,103.1,105.35,103.94017805682617,106.30094016848308,-2.3607621116569106,-2.9040343751631186,0.5432722635062079,41.17647058823529,105.35,111.9904377262694,98.70956227373058,0.1260643137402831,3.5714285714285716,491905.0,0.8837072198900194,0.8571428559183674,0.01718494465345605
2023-05-04,102.0,104.0,99.0,102.0,2789100,-0.019230769230769273,-0.019418085857101627,103.4,103.0,105.1,103.64168912500675,105.9823520078547,-2.340662882847951,-2.7913600767000855,0.45069719385213425,38.888888888888886,105.1,111.85438590769797,98.34561409230201,0.12853255771071323,3.7857142857142856,602540.0,4.6289043051083745,0.5999999988,0.017478336233268083
2023-05-05,104.0,114.0,100.0,102.0,3331600,0.019607843137254832,0.019418085857101516,103.4,103.2,104.8,103.69681387500572,105.83551111838398,-2.1386972433782603,-2.6608275100357206,0.5221302666574603,42.10526315789474,104.8,111.15946394177182,98.44053605822818,0.12136381568266835,4.571428571428571,722130.0,4.613573733261324,0.28571428551020406,0.016798075658301135
2023-05-08,105.0,105.0,101.0,104.0,773500,0.009615384615384581,0.009569451016150672,103.8,103.4,104.4,103.89730404808176,105.7736214059111,-1.8763173578293362,-2.503925479594444,0.6276081217651077,50.0,104.4,109.46179108634429,99.33820891365572,0.09696917789931582,4.571428571428571,726165.0,1.065184909765687,0.9999999975,0.01556015016447474
2023-05-09,104.0,105.0,103.0,105.0,109600,-0.00952380952380949,-0.009569451016150672,103.8,103.5,104.05,103.91310342529995,105.64224204251029,-1.7291386172103387,-2.348968107117623,0.6198294899072843,60.0,104.05,108.04613531160918,100.05386468839082,0.07681182722939318,4.214285714285714,714805.0,0.15332853015857473,0.4999999975,0.015273602913435536
2023-05-10,102.0,104.0,102.0,104.0,784400,-0.019230769230769273,-0.019418085857101627,103.4,103.5,103.7,103.61877982140766,105.37244633565768,-1.7536665142500283,-2.229907788544104,0.4762412742940758,46.666666666666664,103.7,107.04359443568174,100.35640556431827,0.06448591004207786,4.142857142857143,732970.0,1.0701665825340736,0.0,0.01533804969555939
2023-05-11,101.0,103.0,100.0,102.0,744600,-0.009803921568627416,-0.009852296443011594,103.2,103.3,103.4,103.21589061811417,105.04856142190526,-1.832670803791089,-2.150460391593501,0.31778958780241195,46.666666666666664,103.4,106.56903481364071,100.2309651863593,0.06129661148241212,4.142857142857143,741465.0,1.0042281159596205,0.3333333322222222,0.015009387879801125
2023-05-12,102.0,103.0,100.0,101.0,597000,0.00990099009900991,0.00985229644301164,102.8,103.1,103.2,103.02883052301969,104.82274205731969,-1.793911534299994,-2.0791506201348,0.28523908583480573,46.666666666666664,103.2,106.17721922017584,100.22278077982416,0.057698046902632555,4.214285714285714,753310.0,0.7925024226414092,0.6666666644444444,0.01518184334634112
2023-05-15,100.0,103.0,100.0,102.0,382400,-0.019607843137254943,-0.019802627296179754,101.8,102.8,102.85,102.56285659640128,104.46550190492563,-1.902645308524356,-2.043849557812711,0.14120424928835495,41.17647058823529,102.85,105.58200188338645,100.11799811661353,0.05312594814558016,4.357142857142857,763120.0,0.501100744312821,0.0,0.015436416285713756
2023-05-16,102.0,104.0,100.0,101.0,432600,0.020000000000000018,0.01980262729617973,101.4,102.6,102.7,102.476263273878,104.28287213419041,-1.8066088603124086,-1.9964014183126504,0.18979255800024175,50.0,102.7,105.25891477381467,100.14108522618534,0.04983280961664389,4.428571428571429,781610.0,0.5534729596601886,0.49999999875,0.015820822909104654
2023-05-17,102.0,103.0,99.0,99.0,141800,0.0,0.0,101.4,102.4,102.75,102.4029920009737,104.11377049462075,-1.7107784936470551,-1.9392768333795316,0.22849833973247646,47.05882352941176,102.75,105.20606501239851,100.29393498760149,0.04780661824619973,4.5,760420.0,0.18647589490018673,0.7499999981250001,0.01324484787600748
2023-05-19,102.0,102.0,100.0,102.0,421900,0.0,0.0,101.6,102.4,102.7,102.34099323159313,103.95719490242662,-1.6162016708334903,-1.8746618008703237,0.25846013003683344,43.75,102.7,105.17527618420006,100.22472381579995,0.048204015271666116,4.357142857142857,769700.0,0.5481356372612706,0.999999995,0.012448175743624277
2023-05-22,102.0,110.0,99.0,100.0,1794900,0.0,0.0,101.6,102.2,102.7,102.28853273442495,103.81221750224687,-1.5236847678219192,-1.804466394260643,0.28078162643872373,46.666666666666664,102.7,105.17527618420006,100.22472381579995,0.048204015271666116,4.714285714285714,839825.0,2.1372309707379515,0.2727272724793388,0.012254432486249297
2023-05-23,102.0,105.0,100.0,102.0,1481900,0.0,0.0,102.0,101.9,102.65,102.24414308297496,103.6779791687471,-1.4338360857721426,-1.7303403325629432,0.29650424679080056,42.857142857142854,102.65,105.14011574016732,100.1598842598327,0.04851662426044445,4.928571428571429,906325.0,1.6350646843019887,0.3999999992,0.012038816101184197
2023-05-24,100.0,103.0,100.0,103.0,509200,-0.019607843137254943,-0.019802627296179754,101.6,101.5,102.5,101.89889030097882,103.40553626735841,-1.506645966379594,-1.6856014593262734,0.17895549294667945,37.5,102.5,105.2492855687933,99.7507144312067,0.05364459646425946,4.642857142857143,920760.0,0.5530214170902298,0.0,0.012778580189968327
2023-05-25,101.0,102.0,100.0,100.0,460700,0.010000000000000009,0.009950330853168092,101.4,101.4,102.45,101.76059948544362,103.22734839570224,-1.466748910258616,-1.6418309495127419,0.1750820392541259,46.666666666666664,102.45,105.27295898932294,99.62704101067706,0.05510900906438149,4.428571428571429,879985.0,0.5235316511076893,0.4999999975,0.012863699818580564
2023-05-26,100.0,102.0,99.0,102.0,1049400,-0.00990099009900991,-0.009950330853168092,101.0,101.3,102.3,101.48973802614461,102.98828555157615,-1.4985475254315475,-1.6131742646965033,0.11462673926495581,35.71428571428572,102.3,105.31236794163627,99.28763205836373,0.05889282388340705,3.642857142857143,897850.0,1.1687921144957398,0.3333333322222222,0.012794353121081872
2023-05-29,99.0,100.0,98.0,100.0,569400,-0.010000000000000009,-0.01005033585350145,100.4,101.0,102.05,101.10670140673774,102.69285699220013,-1.586155585462393,-1.6077705288496815,0.021614943387288532,28.57142857142857,102.05,105.28966252124357,98.81033747875642,0.06349167116596911,3.5,893930.0,0.6369626257089481,0.4999999975,0.01265199864091578
2023-05-30,99.0,100.0,97.0,100.0,489700,0.0,0.0,99.8,100.9,101.85,100.78259349800886,102.41931202981495,-1.636718531806082,-1.6135601294409616,-0.023158402365120345,30.769230769230774,101.85,105.3278460654389,98.37215393456108,0.06829349171210429,3.5714285714285716,874250.0,0.5601372605090077,0.6666666644444444,0.01254500136725185
2023-05-31,96.0,100.0,93.0,99.0,816100,-0.030303030303030276,-0.03077165866675366,99.0,100.3,101.45,100.04680988293057,101.94380743501384,-1.8969975520832634,-1.6702476139694222,-0.22674993811384114,28.57142857142857,101.45,105.65158398683263,97.24841601316737,0.08283063552158956,3.9285714285714284,905725.0,0.9010461232714124,0.4285714279591837,0.013730094368603818
2023-06-05,96.0,97.0,93.0,97.0,603400,0.0,0.0,98.0,99.7,101.05,99.42422374709511,101.50352540279059,-2.079301655695474,-1.752058422314633,-0.32724323338084105,30.769230769230774,101.05,105.72587791980021,96.37412208019978,0.09254582721029618,4.0,914160.0,0.6600595081823751,0.7499999981250001,0.013730094368603818
2023-06-06,96.0,96.0,93.0,96.0,341000,0.0,0.0,97.2,99.1,100.75,98.89742009369586,101.09585685443572,-2.1984367607398667,-1.8413340899996797,-0.357102670740187,25.0,100.75,105.91370354744375,95.58629645255625,0.10250528133883366,4.0,791755.0,0.430688786303844,0.9999999966666667,0.01326579242273655
2023-06-07,97.0,98.0,95.0,96.0,348100,0.01041666666666674,0.010362787035546658,96.8,98.6,100.4,98.60550931005034,100.79246005040345,-2.1869507403531117,-1.9104574200703663,-0.2764933202827453,36.36363636363636,100.4,105.58506383406268,95.21493616593733,0.10328812418451543,4.0,642580.0,0.5417224314482243,0.6666666644444444,0.01258521590709826
2023-06-08,97.0,100.0,96.0,97.0,1171700,0.0,0.0,96.4,98.1,100.0,98.3585078777349,100.5115370837069,-2.153029205972004,-1.958971777250694,-0.19405742872130993,22.222222222222214,100.0,104.9183483129885,95.0816516870115,0.09836696625976998,4.0,662490.0,1.7686304698938853,0.249999999375,0.012240698042759504
2023-06-09,97.0,99.0,95.0,97.0,482900,0.0,0.0,96.6,97.8,99.65,98.14950666577568,100.25142322565453,-2.101916559878859,-1.987560733776327,-0.11435582610253192,22.222222222222214,99.65,104.3617593794154,94.93824062058461,0.09456616918043949,4.0,681155.0,0.7089428984592346,0.49999999875,0.012194872555952566
2023-06-12,97.0,99.0,95.0,97.0,1412000,0.0,0.0,96.8,97.4,99.4,97.97265948642557,100.01057706079123,-2.0379175743656646,-1.9976321018941945,-0.040285472471470074,22.222222222222214,99.4,104.11734120375341,94.6826587962466,0.09491632200711078,4.142857142857143,712535.0,1.9816570414084922,0.49999999875,0.011626426342986041
2023-06-13,97.0,98.0,95.0,96.0,850000,0.0,0.0,97.0,97.1,99.2,97.82301956543702,99.78757135258448,-1.9645517871474567,-1.991016038944847,0.026464251797390315,22.222222222222214,99.2,103.97059442772732,94.42940557227269,0.09618133926869592,3.5714285714285716,717805.0,1.1841656160099192,0.6666666644444444,0.011505893934714238
2023-06-14,96.0,97.0,94.0,97.0,161700,-0.010309278350515427,-0.010362787035546547,96.8,96.8,98.9,97.54255501690825,99.5070105116523,-1.964455494744044,-1.9857039301046868,0.021248435360642803,20.0,98.9,103.68381510808526,94.11618489191476,0.09674044707958038,3.4285714285714284,696040.0,0.23231423481409114,0.6666666644444444,0.011295385374861473
2023-06-15,95.0,100.0,95.0,97.0,295400,-0.01041666666666663,-0.010471299867295366,96.4,96.4,98.65,97.15139270661467,99.17315788115953,-2.0217651745448535,-1.9929161789927203,-0.02884899555213316,22.222222222222214,98.65,103.70658951456748,93.59341048543253,0.10251575295625903,3.5714285714285716,691690.0,0.4270699301710304,0.0,0.010756783487060965
2023-06-16,109.0,122.0,96.0,96.0,42085900,0.1473684210526316,0.13747099062860288,98.8,97.7,99.0,98.97425536713548,99.90107211218475,-0.9268167450492655,-1.7796962922040294,0.8528795471547639,68.18181818181819,99.0,105.72627547187278,92.27372452812722,0.13588435296712692,5.357142857142857,2774355.0,15.16961600083623,0.4999999998076923,0.035051210872260916
2023-06-19,106.0,110.0,102.0,109.0,6505400,-0.02752293577981646,-0.0279087881170765,100.6,98.7,99.2,100.05513915680694,100.35284454831921,-0.2977053915122667,-1.4832981120656767,1.18559272055341,62.5,99.2,106.51405587202656,91.88594412797345,0.14746080387150318,5.714285714285714,3092535.0,2.1035816894554142,0.49999999937499995,0.03574426996642563
2023-06-20,102.0,108.0,102.0,104.0,4218500,-0.037735849056603765,-0.03846628082779605,101.6,99.3,99.2,100.35434851729819,100.47485606325853,-0.12050754596033642,-1.2107399988446088,1.0902324528842724,55.55555555555556,99.2,106.51405587202656,91.88594412797345,0.14746080387150318,6.0,3282365.0,1.285201371572022,0.0,0.036860931745425374
2023-06-21,106.0,112.0,102.0,102.0,12306800,0.03921568627450989,0.03846628082779614,103.6,100.2,99.4,101.2229102838677,100.88412598449864,0.33878429936906684,-0.9008351392018736,1.2396194385709405,61.29032258064516,99.4,107.23653002096411,91.5634699790359,0.15767666038157152,6.5,3807960.0,3.2318616792193193,0.3999999996,0.037856933132600974
2023-06-22,106.0,108.0,105.0,106.0,1963300,0.0,0.0,105.8,101.1,99.6,101.95784716327267,101.26307961527651,0.6947675479961646,-0.581714601762266,1.2764821497584307,67.85714285714286,99.6,107.90603094953022,91.29396905046977,0.16678777007088805,6.214285714285714,3832030.0,0.5123394127916535,0.3333333322222222,0.037856933132600974
2023-06-23,102.0,108.0,101.0,106.0,4542000,-0.037735849056603765,-0.03846628082779605,104.4,101.6,99.7,101.96433221507687,101.31766631044121,0.646665904635654,-0.3360385004826819,0.9827044051183359,59.375,99.7,108.0741860642183,91.32581393578171,0.16798768433737798,6.428571428571429,4033670.0,1.126021712237243,0.14285714265306124,0.038624861688335614
2023-06-26,104.0,108.0,103.0,103.0,3396800,0.019607843137254832,0.019418085857101516,104.0,102.3,99.85,102.27751187429581,101.51635769485297,0.7611541794428405,-0.11659996449757738,0.8777541439404178,61.76470588235294,99.85,108.42724300103487,91.27275699896512,0.1718025638664972,6.642857142857143,4180475.0,0.8125392449422614,0.1999999996,0.03879350988763162
2023-06-27,106.0,107.0,104.0,105.0,1270700,0.019230769230769162,0.01904819497069441,104.8,103.2,100.15,102.85020235517337,101.84847934708608,1.001723008087282,0.10706463001939459,0.8946583780678875,62.85714285714286,100.15,109.15822095989074,91.14177904010927,0.17989457733181696,6.642857142857143,4191540.0,0.303158266412822,0.6666666644444444,0.038864681325001905
2023-07-03,106.0,106.0,104.0,106.0,849500,0.0,0.0,104.8,104.2,100.5,103.33478660822361,102.15599939545008,1.1787872127735284,0.3214091465702214,0.857378066203307,62.85714285714286,100.5,109.85727370403163,91.14272629596837,0.18621440207028114,6.5,4205545.0,0.20199522297347905,0.999999995,0.03874477204681704
2023-07-04,107.0,109.0,104.0,106.0,1547400,0.009433962264151052,0.009389740349839137,105.0,105.4,100.9,103.89866559157383,102.51481425504637,1.3838513365274565,0.5338975845616686,0.8499537519657879,63.888888888888886,100.9,110.66247609915318,91.13752390084683,0.1935079504292007,6.571428571428571,4258430.0,0.36337335590816333,0.5999999988,0.03874977407378257
2023-07-05,105.0,108.0,104.0,107.0,854500,-0.01869158878504673,-0.018868484304382805,105.6,105.0,101.35,104.06810165440862,102.69890208800591,1.3691995664027132,0.7009579809298776,0.6682415854728356,60.526315789473685,101.35,110.99041070320104,91.70958929679895,0.1902399744094927,6.571428571428571,4260350.0,0.20057037567336017,0.249999999375,0.03828409130256467
2023-07-06,108.0,110.0,104.0,105.0,2136200,0.02857142857142847,0.028170876966696224,106.4,105.2,101.95,104.6730090921919,103.09157600741287,1.5814330847790359,0.8770530016997093,0.7043800830793265,63.41463414634146,101.95,111.68169767147587,92.21830232852413,0.19091118531585818,6.785714285714286,4336990.0,0.492553591315636,0.6666666655555555,0.03861372976853206
2023-07-07,109.0,113.0,108.0,110.0,2946700,0.0092592592592593,0.009216655104924048,107.0,105.9,102.6,105.33870000108546,103.5292370439008,1.8094629571846497,1.0635349927966975,0.7459279643879522,65.85365853658537,102.6,112.39476995674356,92.80523004325643,0.1909311882406153,6.928571428571429,4467275.0,0.6596191190378923,0.1999999996,0.038586289311227796
2023-07-10,109.0,113.0,109.0,109.0,1664900,0.0,0.0,107.6,106.2,103.2,105.90197692399538,103.9344787443526,1.9674981796427744,1.244327630165913,0.7231705494768614,67.5,103.2,113.0205285831978,93.3794714168022,0.1903203213798023,6.857142857142857,4533115.0,0.3672750415553102,0.0,0.038608530876014284
2023-07-11,112.0,116.0,106.0,109.0,3833900,0.02752293577981657,0.027150989065950898,108.6,106.8,103.95,106.84013432030379,104.53192476328944,2.308209557014351,1.4571040155356008,0.8511055414787501,55.17241379310345,103.95,114.0635991073427,93.83640089265731,0.19458584141111482,5.642857142857143,4666225.0,0.8216277611988277,0.5999999993999999,0.03885386607047522
2023-07-12,116.0,118.0,113.0,118.0,2900900,0.03571428571428581,0.03509131981127019,110.8,108.2,104.9,108.24934442487243,105.3814118178606,2.867932607011838,1.7392697338308487,1.1286628731809891,66.66666666666666,104.9,115.80343463722254,93.99656536277747,0.20788245256858973,5.5,4787125.0,0.6059795806460037,0.5999999988,0.039290420139198645
2023-07-13,116.0,124.0,115.0,116.0,7212700,0.0,0.0,112.4,109.4,105.85,109.44175297489205,106.16797390542646,3.27377906946559,2.046171600957797,1.227607468507793,76.92307692307693,105.85,117.15862002511027,94.54137997488972,0.21367255597752052,5.714285714285714,5077160.0,1.420617037871566,0.1111111109876543,0.039290420139198645
2023-07-14,110.0,118.0,110.0,114.0,3577400,-0.051724137931034475,-0.05310982531394841,112.6,109.8,106.5,109.52763713260096,106.45182769020968,3.075809442391275,2.252099169244493,0.8237102731467822,57.14285714285714,106.5,117.14155917139573,95.85844082860427,0.19984148678677421,5.571428571428571,5213530.0,0.6861761608737267,0.0,0.041595513821211474
2023-07-17,112.0,115.0,111.0,111.0,1567200,0.018181818181818077,0.018018505502678212,113.2,110.4,107.3,109.90800065066236,106.86280341686081,3.045197233801545,2.4107187821559037,0.6344784516456414,60.0,107.3,116.98018282263814,97.61981717736185,0.18043211225793374,5.714285714285714,5283805.0,0.29660443562924826,0.249999999375,0.04145592994264845
2023-07-18,112.0,115.0,110.0,113.0,632900,0.0,0.0,113.2,110.9,108.15,110.22984670440661,107.24333649709334,2.986510207313273,2.525877067187378,0.4606331401258954,69.23076923076923,108.15,116.11641915808798,100.18358084191203,0.14732166727855706,5.571428571428571,5300680.0,0.11939977512319175,0.3999999992,0.04127059726441613
2023-07-20,111.0,115.0,111.0,114.0,1610000,-0.008928571428571397,-0.008968669982760375,112.2,111.5,108.25,110.34833182680559,107.52160786767901,2.826723959126582,2.586046445575219,0.24067751355136302,64.0,108.25,116.31099396317637,100.18900603682363,0.14893291386930943,5.428571428571429,3276885.0,0.49132026299366627,0.0,0.02547138440114058
2023-07-21,113.0,114.0,111.0,111.0,501800,0.018018018018018056,0.01785761740000647,111.6,112.0,108.6,110.7562807765278,107.92741469229539,2.8288660842324163,2.634610373306659,0.19425571092575744,64.0,108.6,116.85518290052708,100.3448170994729,0.15202915102259834,5.428571428571429,2976705.0,0.16857565664048,0.6666666644444444,0.02479320733451032
2023-07-24,113.0,116.0,113.0,114.0,1630300,0.0,0.0,112.2,112.4,109.15,111.10146834936968,108.30316175212536,2.79830659724432,2.667349618094191,0.13095697915012883,64.0,109.15,117.01000150504704,101.28999849495297,0.14402201566737585,5.5,2847295.0,0.5725785350657379,0.0,0.02284990024484976
2023-07-25,115.0,116.0,113.0,113.0,832400,0.017699115044247815,0.017544309650909525,112.8,113.0,109.6,111.70124244946665,108.79922384456052,2.9020186049061323,2.71428341545658,0.18773518944955248,65.38461538461539,109.6,117.72667100026612,101.47332899973387,0.14829691606325052,5.357142857142857,2273575.0,0.3661194374498312,0.6666666644444444,0.02164809812209818
2023-07-26,117.0,117.0,115.0,115.0,1588100,0.017391304347825987,0.017241806434505954,113.8,113.5,110.15,112.51643591877946,109.40668874496343,3.1097471738160323,2.7933761671284705,0.3163710066875618,73.07692307692308,110.15,118.72724299101166,101.57275700898835,0.15573750324124663,5.214285714285714,2254815.0,0.7043149881475864,0.999999995,0.021814595846949236
2023-07-27,115.0,119.0,115.0,118.0,975500,-0.017094017094017144,-0.017241806434506103,114.6,113.4,110.8,112.8985227005057,109.82100809718837,3.0775146033173257,2.850203854366242,0.22731074895108394,64.0,110.8,118.72203073714174,102.87796926285826,0.1429969447137498,5.071428571428571,2076490.0,0.4697831436703283,0.0,0.020098199329805853
2023-07-28,112.0,115.0,108.0,115.0,1803600,-0.02608695652173909,-0.026433257068155483,114.4,113.0,111.2,112.76028843888943,109.98241490480405,2.777873534085387,2.835737790310071,-0.05786425622468405,55.55555555555556,111.2,118.45625990684225,103.94374009315776,0.1305082717057958,5.214285714285714,1996830.0,0.9032316221210619,0.571428570612245,0.02106877279766339
2023-07-31,112.0,114.0,111.0,112.0,1555800,0.0,0.0,114.2,113.2,111.5,112.64332098675258,110.13186565259635,2.5114553341562385,2.770881299079305,-0.2594259649230666,55.55555555555556,111.5,118.33494445664155,104.66505554335845,0.12259990056756145,5.142857142857143,2011085.0,0.7736122540817519,0.3333333322222222,0.020770188552735235
2023-08-01,112.0,116.0,112.0,113.0,1915500,0.0,0.0,113.6,113.2,111.8,112.54434852725218,110.27024597462623,2.2741025526259477,2.6715255497886337,-0.3974229971626859,50.0,111.8,118.12627290576859,105.4737270942314,0.11317125055042201,4.714285714285714,2064385.0,0.9278792473303187,0.0,0.020770188552735235
2023-08-02,112.0,115.0,111.0,112.0,550100,0.0,0.0,112.6,113.2,112.05,112.46060259998262,110.3983759024317,2.0622266975509262,2.549665779341092,-0.48743908179016593,39.99999999999999,112.05,117.95901563005157,106.14098436994843,0.10547105096031362,4.571428571428571,2014520.0,0.27306752973413023,0.249999999375,0.020722574036620242
2023-08-03,113.0,115.0,112.0,112.0,741800,0.008928571428571397,0.008888947417245994,112.2,113.4,112.45,112.5435868153699,110.59108879854786,1.952498016822048,2.4302322268372833,-0.4777342100152353,42.857142857142854,112.45,117.34582447484219,107.55417552515782,0.0870755798104435,4.142857142857143,2008885.0,0.3692595643852187,0.3333333322222222,0.02014896811254529
2023-08-04,112.0,114.0,111.0,112.0,457300,-0.008849557522123908,-0.00888894741724604,112.2,113.3,112.65,112.45995807454378,110.69545259124803,1.7645054832957499,2.297086878128977,-0.532581394833227,56.25,112.65,117.0855789298602,108.2144210701398,0.07874973688167242,3.7857142857142856,1924940.0,0.23756584620819352,0.3333333322222222,0.019460413252261728
2023-08-07,116.0,117.0,112.0,113.0,2328000,0.03571428571428581,0.03509131981127019,113.0,113.6,113.0,113.00457990922934,111.08838202893337,1.916197880295968,2.220909078562375,-0.304711198266407,61.11111111111111,113.0,117.32625307862762,108.67374692137238,0.07657085094916134,3.7857142857142856,1894005.0,1.2291414225411232,0.7999999984,0.020830549372391784
2023-08-08,143.0,149.0,117.0,119.0,44784800,0.23275862068965525,0.2092544391535427,119.2,116.4,114.7,117.61925992319405,113.45220558234571,4.167054340848338,2.6101381310195677,1.5569162098287705,84.44444444444444,114.7,128.5799606547432,100.8200393452568,0.24202198177407486,5.785714285714286,4050000.0,11.057975308641975,0.8124999997460938,0.05532893326232173
2023-08-09,162.0,173.0,143.0,144.0,68790500,0.13286713286713292,0.12475170497247684,129.2,120.9,117.2,124.44706608885652,117.04833850217196,7.398727586684558,3.5678560221525664,3.8308715645319915,90.47619047619048,117.2,142.41529699353802,91.98470300646198,0.43029517053819144,7.642857142857143,7297830.0,9.426158186748664,0.6333333331222222,0.061281678948685706
2023-08-10,142.0,162.0,142.0,162.0,16514700,-0.12345679012345678,-0.13176927763112334,135.0,123.6,118.5,127.14751745980168,118.8966097242333,8.250907735568376,4.504466364835729,3.746441370732647,67.90123456790124,118.5,146.02951798243774,90.97048201756226,0.46463321489346393,8.857142857142858,7978520.0,2.069895168527496,0.0,0.06901282784028846
2023-08-11,148.0,164.0,143.0,143.0,25154700,0.04225352112676051,0.04138521616285428,142.2,127.2,120.1,130.35559169675528,121.05241641132713,9.303175285428154,5.4642081489542145,3.838967136473939,70.11494252873563,120.1,150.57933972041286,89.62066027958713,0.5075660236538363,10.214285714285714,8875620.0,2.8341344041317678,0.23809523798185941,0.0692637023392979
2023-08-14,143.0,153.0,141.0,149.0,9104200,-0.03378378378378377,-0.03436764350420777,147.6,130.3,121.75,132.30088528186985,122.67816334382142,9.622721938048429,6.2959109067730585,3.32681103127537,65.55555555555556,121.75,153.4746482669159,90.02535173308411,0.5211441193743884,10.857142857142858,9151960.0,0.9947814457231019,0.16666666652777776,0.06847416691676421
2023-08-15,134.0,147.0,134.0,147.0,7108800,-0.06293706293706292,-0.06500483030899588,145.8,132.5,122.85,132.56228754619758,123.51681791094578,9.045469635251806,6.845822652468808,2.1996469827829976,58.76288659793814,122.85,154.6766793455975,91.02332065440248,0.5181388578851854,11.642857142857142,9429040.0,0.7539261685176858,0.0,0.07066082701549281
2023-08-16,138.0,140.0,131.0,134.0,4337800,0.029850746268656803,0.029413885206293407,141.0,135.1,124.15,133.39885869293641,124.58964621383868,8.809212479097738,7.238500617794593,1.5707118613031446,61.61616161616161,124.15,156.23361841777452,92.06638158222549,0.5168524916274589,12.0,9614285.0,0.4511827972646952,0.7777777769135802,0.07072648572628212
2023-08-18,138.0,142.0,130.0,138.0,3747100,0.0,0.0,140.2,137.6,125.5,134.1067265863308,125.58300575355433,8.523720832776476,7.49554466079097,1.028176171985506,63.541666666666664,125.5,157.5259868530654,93.4740131469346,0.5103742924791299,12.357142857142858,9721140.0,0.38545890708291414,0.666666666111111,0.07061074957374411
2023-08-21,133.0,138.0,132.0,138.0,4306300,-0.036231884057971064,-0.03690455693545098,137.2,139.7,126.5,133.93646095766454,126.13241273477253,7.804048222892007,7.557245373211178,0.24680284968082855,60.396039603960396,126.5,158.12911121105503,94.87088878894495,0.5000649993842694,12.571428571428571,9911365.0,0.43448102254331267,0.16666666638888888,0.07145144956524485
2023-08-22,138.0,143.0,133.0,133.0,4202600,0.03759398496240607,0.03690455693545098,136.2,141.9,127.75,134.56162081033153,127.01149327293753,7.550127537394005,7.555821806047744,-0.005694268653739343,62.264150943396224,127.75,159.10754156215896,96.39245843784104,0.49092041584593277,13.0,10039980.0,0.41858649120814984,0.49999999949999996,0.07165624220797555
2023-08-23,134.0,140.0,134.0,138.0,2243900,-0.02898550724637683,-0.02941388520629334,136.2,141.0,128.7,134.47521760874207,127.52916043790512,6.946057170836951,7.433868879005587,-0.4878117081686355,60.0,128.7,159.57872103579854,97.82127896420145,0.47985580475211415,13.142857142857142,10110555.0,0.2219363823252037,0.0,0.07223025149305687
2023-08-24,130.0,137.0,130.0,134.0,3498900,-0.02985074626865669,-0.030305349495328922,134.6,137.8,129.35,133.78672259201252,127.7121855906529,6.07453700135963,7.162002503476395,-1.087465502116765,57.522123893805315,129.35,159.73508363543957,98.96491636456042,0.46981188458352646,13.428571428571429,10206095.0,0.34282455728660177,0.0,0.07274632095673737
2023-08-25,128.0,134.0,126.0,130.0,2615800,-0.01538461538461533,-0.015504186535965199,132.6,136.4,130.0,132.89645757785675,127.73350517653046,5.162952401326294,6.762192483046375,-1.5992400817200814,57.01754385964913,130.0,159.63960085933604,100.36039914066394,0.45599385937440073,13.785714285714286,10288110.0,0.2542546687389618,0.24999999968749997,0.07271673627652488
2023-08-28,136.0,139.0,129.0,129.0,3012400,0.0625,0.06062462181643484,133.2,135.2,131.2,133.37392564280188,128.34583812641708,5.028087516384801,6.415371489714061,-1.38728397332926,58.47457627118644,131.2,159.6923007536881,102.70769924631188,0.4343338529525627,14.214285714285714,10348550.0,0.2910939213706268,0.6999999992999999,0.07324519275343282
2023-08-29,136.0,144.0,132.0,137.0,7686900,0.0,0.0,132.8,134.5,132.4,133.7779370823708,128.9128130800158,4.865124002355003,6.10532199224225,-1.240197989887247,46.15384615384615,132.4,159.47379082409788,105.32620917590215,0.40896964991084384,12.714285714285714,10655105.0,0.7214288362245139,0.3333333330555555,0.07324519275343282
2023-08-30,139.0,146.0,135.0,140.0,5238300,0.022058823529411686,0.021819047394639673,133.8,135.0,133.75,134.58133137739068,129.66001211112575,4.9213192662649305,5.868521447046787,-0.947202180781856,34.66666666666667,133.75,159.1837248567878,108.31627514321221,0.3803173810360791,11.357142857142858,10821245.0,0.4840755384431274,0.3636363633057851,0.0732186949557994
2023-08-31,140.0,140.0,136.0,140.0,1669700,0.007194244604316502,0.007168489478612497,135.8,135.2,135.15,135.41497270394595,130.42593713993125,4.989035564014699,5.69262427044037,-0.7035887064256707,48.21428571428571,135.15,158.54344582219207,111.75655417780794,0.3461849178274815,10.214285714285714,10877225.0,0.15350422557223925,0.9999999975,0.07316781627812306
2023-09-01,158.0,164.0,140.0,142.0,23671800,0.12857142857142856,0.12095261041766249,141.8,137.2,137.4,138.88959228795426,132.46846031475116,6.421131973203103,5.8383258109929175,0.5828061622101854,57.35294117647059,137.4,160.4774586311396,114.32254136886043,0.33591642840086733,10.357142857142858,12023725.0,1.9687576021574014,0.7499999996875,0.07752591168978437
2023-09-04,155.0,164.0,147.0,160.0,7828400,-0.01898734177215189,-0.01916991610772017,145.6,139.4,139.55,141.3681165513459,134.13746325439922,7.230653296946684,6.116791308183672,1.1138619887630128,59.09090909090909,139.55,160.58557492975987,118.51442507024016,0.30147724729143466,10.714285714285714,12392280.0,0.6317158747220043,0.470588235017301,0.07775447890244264
2023-09-05,150.0,156.0,149.0,156.0,4772600,-0.032258064516129004,-0.03278982282299084,148.4,140.6,141.25,142.6960986203696,135.31246597629556,7.383632644074055,6.3701595753617495,1.0134730687123055,62.903225806451616,141.25,159.59553271213184,122.90446728786817,0.25975975521602596,10.285714285714286,12514510.0,0.38136531114682076,0.14285714265306124,0.07847168184180645
2023-09-06,149.0,152.0,148.0,150.0,1914900,-0.00666666666666671,-0.006688988150796652,150.4,142.1,141.55,143.66592960185122,136.32635738545886,7.339572216392355,6.56404210356787,0.7755301128244847,59.32203389830509,141.55,160.20957189001052,122.89042810998951,0.2636463707525327,9.928571428571429,10371015.0,0.18463959409951677,0.249999999375,0.05960945250938512
2023-09-07,150.0,154.0,143.0,150.0,4819000,0.006711409395973256,0.00668898815079671,152.4,144.1,140.95,144.6404019707972,137.3392198013508,7.301182169446406,6.711470116743578,0.5897120527028283,60.0,140.95,157.49246980771045,124.40753019228951,0.2347281987614114,9.857142857142858,7172440.0,0.6718773527558265,0.6363636357851239,0.05132250438869614
2023-09-08,150.0,150.0,145.0,150.0,1882500,0.0,0.0,150.8,146.3,141.35,145.46495551375148,138.27705537162112,7.18790014213036,6.806756121820935,0.3811440203094252,65.45454545454545,141.35,158.37909714099953,124.32090285900047,0.24094937588962906,9.785714285714286,6440830.0,0.29227599548505395,0.9999999980000001,0.042724293837221955
2023-09-11,152.0,154.0,146.0,151.0,2059200,0.01333333333333342,0.013245226750020723,150.2,147.9,141.55,146.47034697317432,139.29356978853806,7.176777184636251,6.880760334383998,0.29601685025225244,63.46153846153846,141.55,158.99678048908336,124.10321951091666,0.24651049790297916,9.642857142857142,5286055.0,0.3895532679852934,0.7499999990624999,0.0418265516448477
2023-09-12,152.0,154.0,149.0,152.0,4532800,0.0,0.0,150.6,149.5,142.0,147.32106282345518,140.23478684123896,7.086275982216222,6.921863463950444,0.1644125182657774,68.75,142.0,160.05782064006763,123.94217935993237,0.25433550197278354,9.571428571428571,5057485.0,0.8962557476690489,0.5999999988,0.04097302348733448
2023-09-13,149.0,154.0,136.0,153.0,6556700,-0.019736842105263164,-0.019934214900817253,150.6,150.5,142.75,147.57936085061593,140.88406189003607,6.695298960579862,6.876550563276328,-0.18125160269646567,70.2127659574468,142.75,160.6541495320738,124.8458504679262,0.2508462281201233,10.357142857142858,5029880.0,1.3035499852879193,0.7222222218209876,0.038321085736358416
2023-09-14,148.0,150.0,147.0,150.0,1181700,-0.006711409395973145,-0.006734032181344068,150.2,151.3,143.25,147.64407456590578,141.41116841670006,6.232906149205718,6.747821680462206,-0.5149155312564879,71.73913043478261,143.25,161.1541495318407,125.3458504681593,0.24997067409201668,10.0,4872075.0,0.24254552731638984,0.3333333322222222,0.03799337685677206
2023-09-15,148.0,150.0,144.0,148.0,1400300,0.0,0.0,149.8,150.3,143.75,147.6988323249972,141.89923001546302,5.79960230953418,6.5581778062766,-0.7585754967424201,65.78947368421052,143.75,161.59526007914343,125.90473992085657,0.24828187936199553,9.642857142857142,4754735.0,0.2945064235966883,0.6666666655555555,0.03799337685677206
2023-09-18,148.0,150.0,146.0,147.0,815000,0.0,0.0,149.0,149.6,144.5,147.74516581345915,142.3511389032065,5.394026910252649,6.32534762707181,-0.9313207168191617,65.78947368421052,144.5,161.69181696149784,127.30818303850218,0.23794902368855125,9.071428571428571,4580170.0,0.17794099345657477,0.49999999875,0.03681159819564467
2023-09-19,146.0,150.0,145.0,149.0,2386900,-0.013513513513513487,-0.013605652055778598,147.8,149.2,144.9,147.47667876523468,142.6214249103764,4.85525385485829,6.031328872629107,-1.1760750177708168,59.45945945945946,144.9,161.82524249719518,127.97475750280483,0.23361273288054066,8.642857142857142,4489385.0,0.5316763877457603,0.1999999996,0.03627063600771972
2023-09-20,141.0,147.0,141.0,147.0,5291100,-0.03424657534246578,-0.03484673133016819,146.2,148.4,145.25,146.48026664750628,142.50131936145962,3.9789472860466617,5.620852555312618,-1.6419052692659566,51.21951219512195,145.25,161.5023080758871,128.9976919241129,0.22378393219810122,8.785714285714286,4641745.0,1.1398945870572381,0.0,0.03653608579464
2023-09-21,142.0,143.0,139.0,141.0,631100,0.007092198581560183,0.007067167223092353,145.0,147.6,145.85,145.79099485558223,142.46418459394408,3.326810261638144,5.1620440965777235,-1.8352338349395794,16.666666666666657,145.85,160.5430216839349,131.15697831606508,0.2014812709487133,7.357142857142857,4498355.0,0.1402957303280866,0.7499999981250001,0.03570421515261249
2023-09-22,139.0,142.0,134.0,142.0,1982600,-0.021126760563380254,-0.021353124470568946,143.2,146.5,146.4,144.74622641626186,142.207578327726,2.538648088535865,4.637364894969352,-2.0987168064334867,16.666666666666657,146.4,158.9463621016163,133.8536378983837,0.17139838936634283,6.714285714285714,4466695.0,0.4438628560938233,0.6249999992187499,0.03589929631681694
2023-09-25,139.0,147.0,137.0,139.0,2168900,0.0,0.0,141.4,145.2,146.55,143.86219158299082,141.96997993307963,1.8922116499111894,4.08833424595772,-2.1961225960465303,21.05263157894737,146.55,158.63612261550853,134.4638773844915,0.16494196677596062,6.928571428571429,4424520.0,0.4902000668999123,0.1999999998,0.033224679077051254
2023-09-26,138.0,141.0,134.0,140.0,2238300,-0.007194244604316502,-0.00722024797348702,139.8,143.8,146.65,142.9603159548384,141.6759073454441,1.2844086093942906,3.527549118645034,-2.2431405092507433,21.05263157894737,146.65,158.39692084544376,134.90307915455625,0.1602034891980055,7.142857142857143,4152090.0,0.5390779101609069,0.571428570612245,0.03328164660234997
2023-09-27,138.0,141.0,135.0,138.0,980000,0.0,0.0,139.2,142.7,146.6,142.1971904233248,141.40361791244823,0.7935725108765723,2.9807537970913414,-2.187181286214769,16.666666666666657,146.6,158.49164420849928,134.7083557915007,0.16223252671895344,6.785714285714286,3939175.0,0.24878305736607284,0.49999999916666665,0.032918447083042514
2023-09-29,139.0,142.0,138.0,139.0,746200,0.007246376811594235,0.007220247973487097,138.6,141.8,146.55,141.70531497358252,141.22557214115577,0.4797428324267514,2.4805516041584235,-2.000808771731672,21.05263157894737,146.55,158.5662452268082,134.53375477319182,0.16398833472273208,6.714285714285714,3893000.0,0.19167736963781146,0.249999999375,0.03291903853526967
2023-10-02,137.0,140.0,135.0,140.0,1245800,-0.014388489208633115,-0.014493007302566864,138.2,140.7,145.5,140.98142036226213,140.91256679736645,0.06885356489567585,1.998211996305874,-1.9293584314101981,10.526315789473685,145.5,156.96071743413827,134.03928256586173,0.1575356348335158,6.5,2771700.0,0.4494714435184183,0.3999999992,0.01313907161535058
2023-10-03,139.0,140.0,136.0,137.0,824800,0.014598540145985384,0.014493007302566824,138.2,139.8,144.7,140.67658646037566,140.7708951827467,-0.09430872237103927,1.5797078525704913,-1.6740165749415306,19.04761904761905,144.7,155.58797704436026,133.81202295563972,0.15049035306648612,6.428571428571429,2421520.0,0.3406125078463114,0.7499999981250001,0.013665108789330253
2023-10-04,135.0,140.0,134.0,138.0,418200,-0.02877697841726623,-0.029199154692262353,137.6,138.7,143.95,139.80326546647171,140.3434214655062,-0.5401559990344822,1.1557350822494967,-1.695891081283979,18.181818181818173,143.95,155.35501468304665,132.54498531695333,0.1584580018485121,5.571428571428571,2203800.0,0.1897631364007623,0.16666666638888888,0.013322110155935745
2023-10-05,131.0,137.0,130.0,137.0,1193600,-0.029629629629629672,-0.03007745523727795,136.2,137.7,143.05,138.44891693316836,139.651316171765,-1.2023992385966267,0.6841082180802719,-1.8865074566768985,16.0,143.05,155.564019167518,130.535980832482,0.17496007224771756,5.857142857142857,2167735.0,0.5506208092778868,0.14285714265306124,0.01440359813087277
2023-10-06,132.0,137.0,131.0,131.0,269300,0.007633587786259444,0.0076045993852192125,134.8,136.7,142.15,137.4567758665271,139.0845520108935,-1.6277761443664076,0.22173134559093588,-1.8495074899573436,19.23076923076924,142.15,155.13949543013533,129.16050456986468,0.1827575860729556,5.857142857142857,1940250.0,0.13879654683674783,0.16666666638888888,0.014448905092519225
2023-10-09,129.0,136.0,121.0,133.0,2530100,-0.022727272727272707,-0.02298951822469872,133.2,135.7,141.1,136.15573342552293,138.33754815823474,-2.181814732711814,-0.25897787006961426,-1.9228368626421997,17.241379310344826,141.1,154.79366514966847,127.40633485033152,0.19409872643045326,6.642857142857143,1972630.0,1.2826024140360839,0.5333333329777777,0.014818733540015163
2023-10-10,127.0,129.0,123.0,129.0,307100,-0.015503875968992276,-0.01562531790308087,130.8,134.5,139.85,134.74715905236556,137.49772977614327,-2.750570723777713,-0.7572964408112342,-1.993274282966479,17.241379310344826,139.85,153.91341434882898,125.78658565117101,0.20112140649022503,6.714285714285714,1885025.0,0.16291561119879047,0.6666666655555555,0.01407891108392838
2023-10-11,128.0,131.0,125.0,128.0,507700,0.007874015748031482,0.007843177461025879,129.4,133.5,138.65,133.70913458277084,136.7941942371697,-3.0850596543988615,-1.22284908352876,-1.8622105708701016,24.0,138.65,152.44132610732052,124.85867389267949,0.1989372680464553,6.714285714285714,1683770.0,0.3015257428271082,0.49999999916666665,0.014444735530400356
2023-10-12,128.0,128.0,125.0,125.0,849600,0.0,0.0,128.8,132.5,137.6,132.83080618542147,136.1427724418238,-3.311966256402343,-1.6406725181034767,-1.6712937382988662,20.83333333333333,137.6,151.27058471106136,123.92941528893863,0.19870035917240358,6.642857142857143,1398415.0,0.6075449705559508,0.9999999966666667,0.014306988873512099
2023-10-13,127.0,128.0,124.0,128.0,722700,-0.0078125,-0.007843177461025893,127.8,131.3,136.55,131.933759079972,135.46553003872575,-3.5317709587537536,-2.018892206233532,-1.5128787525202214,22.727272727272734,136.55,150.08244218990023,123.0175578100998,0.19820493870230999,6.357142857142857,1375465.0,0.5254223117273068,0.7499999981250001,0.014306039887382558
2023-10-16,124.0,127.0,124.0,127.0,358500,-0.023622047244094446,-0.023905520853554366,126.8,130.0,135.35,130.7131807599763,134.61623151733866,-3.903050757362365,-2.395723916459299,-1.5073268409030662,20.0,135.35,148.86376070844562,121.83623929155436,0.19968615749457896,5.857142857142857,1323375.0,0.2708982714650042,0.0,0.014623774418516462
2023-10-17,125.0,128.0,124.0,124.0,339000,0.008064516129032251,0.008032171697264253,126.4,128.6,134.2,129.8342298738261,133.90391807160987,-4.069688197783762,-2.730516772724192,-1.33917142505957,24.0,134.2,147.08085654552644,121.31914345447352,0.19196507519413508,5.642857142857143,1299575.0,0.2608545101283112,0.249999999375,0.01498319467034292
2023-10-18,122.0,125.0,122.0,125.0,639000,-0.02400000000000002,-0.024292692569044587,125.2,127.3,133.0,128.6289637393913,133.02214636260172,-4.393182623210407,-3.0630499428214355,-1.3301326803889717,21.42857142857143,133.0,145.7229855027547,120.27701449724529,0.19132309026698813,5.428571428571429,1212180.0,0.5271494332524873,0.0,0.015354072054546137
2023-10-19,121.0,130.0,119.0,125.0,1221700,-0.008196721311475419,-0.00823049913651548,123.8,126.3,132.0,127.45527701025419,132.131617002409,-4.6763399921548086,-3.3857079526881106,-1.290632039466698,17.85714285714286,132.0,145.21006960872532,118.78993039127467,0.20015256982917162,5.928571428571429,1008710.0,1.2111508758711622,0.18181818165289254,0.01414113335079837
2023-10-20,121.0,122.0,120.0,120.0,536200,0.0,0.0,122.6,125.2,130.95,126.46215747021508,131.30705278000835,-4.844895309793273,-3.6775454241091436,-1.1673498856841293,19.23076923076924,130.95,144.15170013495677,117.7482998650432,0.20162963169082534,5.714285714285714,1003965.0,0.534082363429004,0.4999999975,0.013841074165627056
2023-10-23,119.0,121.0,116.0,120.0,817300,-0.016528925619834656,-0.016667052485211647,121.6,124.2,129.95,125.31413324402814,130.39541924074848,-5.081285996720339,-3.9582935386313833,-1.122992458088956,11.538461538461533,129.95,143.60633233287038,116.29366766712958,0.2101782582973513,5.785714285714286,945700.0,0.8642275563074971,0.5999999988,0.013646252391463486
2023-10-24,122.0,131.0,117.0,119.0,1193000,0.025210084033613356,0.024897551621727087,121.0,123.7,129.1,124.80426659110073,129.77353633402637,-4.969269742925647,-4.160488779490237,-0.8087809634354102,24.0,129.1,142.49837547733196,115.70162452266804,0.2075658478285354,6.357142857142857,896905.0,1.3301297238838004,0.3571428568877551,0.015436759689860177
2023-10-25,120.0,125.0,118.0,122.0,924900,-0.016393442622950838,-0.016529301951210582,120.6,122.9,128.2,124.06514865400831,129.04957067965404,-4.984422025645728,-4.325275428721335,-0.6591465969243924,26.08695652173914,128.2,141.4990162744335,114.90098372556648,0.20747295279927477,6.357142857142857,831235.0,1.1126817326026937,0.2857142853061225,0.015598263997148816
2023-10-26,117.0,121.0,117.0,120.0,439200,-0.025000000000000022,-0.025317807984289897,119.8,121.8,127.15,122.9782027072378,128.15700988856855,-5.178807181330754,-4.495981779243219,-0.6828254020875351,20.0,127.15,140.50706563232467,113.79293436767534,0.21009934144435174,6.214285714285714,804195.0,0.5461361983101114,0.0,0.016016733107878392
2023-10-27,119.0,121.0,118.0,118.0,53800,0.017094017094017033,0.016949558313773205,119.4,121.0,126.15,122.36617152150892,127.4787128597857,-5.112541338276785,-4.619293691049932,-0.49324764722685277,29.16666666666667,126.15,138.7445118459872,113.55548815401279,0.19967517789912337,5.428571428571429,769575.0,0.06990871584965729,0.3333333322222222,0.016652028399402663
2023-10-30,121.0,125.0,116.0,116.0,840500,0.01680672268907557,0.016667052485211643,119.8,120.7,125.35,122.15599128743061,126.99880820350528,-4.842816916074668,-4.663998336054879,-0.17881858001978834,37.5,125.35,137.04303176297583,113.65696823702415,0.18656612306303696,5.642857142857143,749310.0,1.1216986294057198,0.5555555549382716,0.01742621488722352
2023-10-31,121.0,124.0,120.0,121.0,495300,0.0,0.0,119.6,120.3,124.45,121.97814647397975,126.55445204028267,-4.576305566302921,-4.646459782104488,0.07015421580156733,34.78260869565217,124.45,134.35324998402237,114.54675001597762,0.15915226973117513,5.5,732835.0,0.6758683741906432,0.249999999375,0.0168108709817089
2023-11-01,126.0,126.0,121.0,121.0,625400,0.04132231404958686,0.04049136135473699,120.8,120.7,124.0,122.59689317029057,126.51338151878025,-3.916488348489679,-4.500465495381526,0.5839771468918471,46.42857142857143,124.0,132.61947868987042,115.38052131012957,0.13902384983661978,5.642857142857143,743195.0,0.8415018938502008,0.9999999980000001,0.019129930446314537
2023-11-02,130.0,135.0,126.0,128.0,1579800,0.031746031746031855,0.03125254350410453,123.4,121.6,123.95,123.73583268255356,126.77164955442615,-3.0358168718725835,-4.207535770679738,1.1717188988071543,54.83870967741936,123.95,132.40860771432938,115.49139228567063,0.13648419063056677,6.0,762505.0,2.0718552665228427,0.4444444439506172,0.01959609327155395
2023-11-03,129.0,130.0,126.0,130.0,565000,-0.007692307692307665,-0.007722046093910278,125.4,122.4,123.8,124.54570457754532,126.93671255039457,-2.391007972849252,-3.8442302111136404,1.4532222382643885,58.62068965517242,123.8,131.74856109083808,115.85143890916191,0.12840971067589796,6.071428571428571,777290.0,0.7268844318079482,0.7499999981250001,0.0195732156490317
2023-11-06,129.0,132.0,126.0,129.0,556200,0.0,0.0,127.0,123.4,123.8,125.23098079638451,127.08954865777275,-1.858567861388238,-3.44709774116856,1.5885298797803222,57.14285714285714,123.8,131.74856109083808,115.85143890916191,0.12840971067589796,6.214285714285714,678595.0,0.8196346863740522,0.49999999916666665,0.018891306677411273
2023-11-07,129.0,132.0,128.0,129.0,408800,0.0,0.0,128.6,124.1,123.9,125.81082990463304,127.2310635720118,-1.420233667378767,-3.0417249264106014,1.6214912590318344,64.0,123.9,132.0654369298416,115.73456307015842,0.1318068915228668,6.285714285714286,683680.0,0.5979405569857243,0.249999999375,0.018528978288756166
2023-11-08,129.0,134.0,129.0,129.0,194900,0.0,0.0,129.2,125.0,123.95,126.30147145776641,127.36209590001093,-1.0606244422445172,-2.645504829577385,1.5848803873328676,66.66666666666666,123.95,132.23255250776353,115.66744749223648,0.13364344506274345,5.857142857142857,668040.0,0.29174899706604396,0.0,0.018457486304675783
2023-11-09,128.0,130.0,126.0,129.0,463600,-0.007751937984496138,-0.007782140442054963,128.8,126.1,123.95,126.56278354118696,127.40934805556569,-0.846564514378727,-2.285716766537653,1.4391522521589262,64.0,123.95,132.23255250776353,115.66744749223648,0.13364344506274345,6.0,648740.0,0.7146160249098252,0.49999999875,0.018550798690796635
2023-11-10,135.0,143.0,128.0,128.0,5982300,0.0546875,0.053244514518812285,130.0,127.7,124.35,127.86081684254282,127.97161856996821,-0.11080172742539673,-1.850733758715202,1.7399320312898052,76.66666666666666,124.35,133.9246728532994,114.77532714670059,0.15399554247365346,6.714285714285714,911720.0,6.561553985872855,0.46666666635555554,0.022067598584980752
2023-11-13,131.0,136.0,130.0,135.0,818200,-0.029629629629629672,-0.03007745523727795,130.4,128.7,124.7,128.34376809753624,128.19594312034093,0.14782497719531307,-1.451022011533099,1.598846988728412,64.51612903225806,124.7,134.72211461192185,114.67788538807817,0.1607396088519943,6.142857142857143,934705.0,0.8753563958682151,0.16666666638888888,0.022490004628363452
2023-11-14,134.0,135.0,130.0,131.0,563600,0.022900763358778553,0.022642476749759752,131.4,130.0,125.15,129.2139576209922,128.62587325957494,0.5880843614172591,-1.0432007369430274,1.6312850983602865,71.875,125.15,136.0026320951301,114.2973679048699,0.1734339927308047,6.0,945935.0,0.5958126086887577,0.7999999984,0.02290711172553137
2023-11-15,133.0,135.0,128.0,133.0,1316500,-0.007462686567164201,-0.007490671729157626,132.2,130.7,125.7,129.7964256793011,128.94988264775458,0.8465430315465312,-0.6652519832451156,1.5117950147916468,76.66666666666666,125.7,136.98672448936608,114.41327551063392,0.17958193300502912,6.214285714285714,979810.0,1.3436278462150826,0.7142857132653061,0.02213911875202806
2023-11-16,129.0,134.0,127.0,133.0,892700,-0.03007518796992481,-0.03053672386008165,132.4,130.6,126.1,129.67389865171634,128.9535950442172,0.7203036074991473,-0.38814086509626294,1.1084444725954103,65.625,126.1,137.25161740487943,114.94838259512056,0.1768694275159307,6.428571428571429,963360.0,0.926652549410397,0.2857142853061225,0.02331185257227958
2023-11-17,125.0,130.0,125.0,129.0,834600,-0.03100775193798455,-0.03149866705937105,130.4,130.2,126.3,128.95483732068305,128.66073615205298,0.2941011686300783,-0.2516924583509947,0.545793626981073,55.88235294117647,126.3,137.20729558860768,115.39270441139232,0.17272043687423091,6.142857142857143,978280.0,0.8531299832358834,0.0,0.02455229706082474
2023-11-20,123.0,126.0,123.0,125.0,563600,-0.016000000000000014,-0.016129381929883644,128.8,129.6,126.5,128.03870850211644,128.24142236301202,-0.20271386089558519,-0.24189673885991278,0.039182877964327595,52.777777777777786,126.5,136.98209712852426,116.01790287147573,0.16572485578694493,6.071428571428571,965595.0,0.5836815642168818,0.0,0.024531665154800247
2023-11-21,124.0,128.0,123.0,123.0,415500,0.008130081300812941,0.008097210232619303,126.8,129.1,126.6,127.41736873256006,127.92724292871483,-0.5098741961547688,-0.295492230318884,-0.2143819658358848,46.875,126.6,136.9385147156609,116.2614852843391,0.16332566691407413,6.071428571428571,926720.0,0.4483554903314917,0.1999999996,0.023969723828030035
2023-11-22,124.0,126.0,121.0,124.0,379200,0.0,0.0,125.0,128.6,126.8,126.8916196967816,127.63633604510633,-0.7447163483247294,-0.38533705392005313,-0.3593792944046763,39.285714285714285,126.8,136.74832131813773,116.85167868186225,0.15691358545958575,5.785714285714286,899435.0,0.4215980031908921,0.5999999988,0.023618337427978437
2023-11-23,125.0,132.0,123.0,124.0,1667000,0.008064516129032251,0.008032171697264253,124.2,128.3,127.2,126.60060128189212,127.44105189361697,-0.8404506117248474,-0.47635976548101205,-0.3640908462438353,42.857142857142854,127.2,136.0746025672391,118.32539743276091,0.13953777621445126,6.142857142857143,960825.0,1.7349673457705617,0.2222222219753086,0.022778331046462263
2023-11-24,131.0,138.0,125.0,125.0,2534600,0.04800000000000004,0.04688358589885046,125.4,127.9,127.8,127.27743185390872,127.70467767927497,-0.4272458253662421,-0.4665369774580581,0.039291152091815995,52.94117647058823,127.8,135.9318504517153,119.66814954828472,0.12725900550415162,6.642857142857143,1084865.0,2.3363275614938264,0.46153846118343195,0.02471137466512077
2023-11-27,130.0,137.0,130.0,131.0,1014100,-0.007633587786259555,-0.007662872745569137,126.8,127.8,128.25,127.69628849176891,127.87470155488424,-0.1784130631153289,-0.4089121945895122,0.23049913147418333,51.42857142857143,128.25,135.77054324559856,120.72945675440143,0.11727942683194646,6.857142857142857,1093545.0,0.9273509549218367,0.0,0.024706394974333298
2023-11-28,127.0,132.0,125.0,130.0,803500,-0.023076923076923106,-0.023347363996991177,127.4,127.1,128.55,127.58916718534292,127.80990884711503,-0.2207416617721094,-0.3712780880260317,0.15053642625392227,47.368421052631575,128.55,135.29112610994827,121.80887389005177,0.10487944161724226,7.0,1108955.0,0.7245560009197849,0.2857142853061225,0.025425539209125842
2023-11-29,127.0,129.0,126.0,128.0,153600,0.0,0.0,128.0,126.5,128.6,127.49852607990555,127.74991559918057,-0.2513895192750226,-0.3473003742758299,0.09591085500080726,48.64864864864865,128.6,135.2760090637195,121.92399093628049,0.10382595744509339,6.928571428571429,1085365.0,0.14151921243084123,0.3333333322222222,0.023747672137352592
2023-11-30,127.0,135.0,127.0,128.0,822300,0.0,0.0,128.4,126.3,128.45,127.42182975992007,127.69436629553756,-0.27253653561749047,-0.332347606544162,0.05981107092667154,36.666666666666664,128.45,135.12837375180047,121.77162624819952,0.1039840210478859,6.428571428571429,1047490.0,0.7850194273931016,0.0,0.022593416431294047
2023-12-01,133.0,139.0,128.0,128.0,4401100,0.04724409448818889,0.04616204176316241,128.8,127.1,128.65,128.28000979685544,128.08737619957182,0.19263359728361706,-0.22735136577860618,0.4199849630622232,53.125,128.65,135.63047217277403,121.66952782722599,0.10851880563970495,6.857142857142857,1239295.0,3.5512932756123443,0.45454545413223135,0.024944792396341724
2023-12-04,131.0,138.0,131.0,133.0,519600,-0.015037593984962405,-0.01515180502060222,129.0,127.9,128.75,128.69846982810844,128.30312611071466,0.3953437173937857,-0.10281234914412778,0.4981560665379135,45.16129032258065,128.75,135.80845086370292,121.6915491362971,0.10964583865946266,7.0,1237465.0,0.4198906635743233,0.0,0.02522754774012821
2023-12-05,132.0,138.0,131.0,131.0,689900,0.007633587786259444,0.0076045993852192125,130.0,128.7,128.9,129.20639754686098,128.57696862103208,0.6294289258289041,0.043635905850478635,0.5857930199784255,48.38709677419355,128.9,136.10676890613877,121.69323109386124,0.11181953306654402,7.0,1251520.0,0.5512496803886474,0.14285714265306124,0.02526825889039613
2023-12-06,132.0,135.0,129.0,131.0,478700,0.0,0.0,131.0,129.5,129.05,129.6361825396516,128.83052650095564,0.8056560386959575,0.19603993241957446,0.609616106276383,55.55555555555556,129.05,136.3891984476139,121.71080155238613,0.11374193642175716,6.928571428571429,1265710.0,0.37820669821681113,0.49999999916666665,0.02526825889039613
2023-12-07,130.0,132.0,129.0,132.0,175700,-0.015151515151515138,-0.01526747213078842,131.6,130.0,129.15,129.6921544566283,128.91715416755153,0.7750002890767576,0.31183200375101117,0.4631682853257464,60.0,129.15,136.48345916505116,121.81654083494884,0.11356498900582515,6.785714285714286,1251315.0,0.14041228627483887,0.3333333322222222,0.02546349221151259
2023-12-08,129.0,131.0,128.0,129.0,467800,-0.007692307692307665,-0.007722046093910278,130.8,129.8,128.85,129.58566915560854,128.92329089588105,0.6623782597274896,0.38194125494630693,0.2804370047811827,62.5,128.85,135.64710791160917,122.05289208839083,0.10550419730864055,6.785714285714286,975590.0,0.4795047099703769,0.3333333322222222,0.022157257540833458
2023-12-11,121.0,130.0,121.0,130.0,4098300,-0.06201550387596899,-0.06402185876493102,128.8,128.9,128.35,128.2647969778226,128.33638045914913,-0.07158348132651327,0.2912363076917429,-0.3628197890182562,45.16129032258065,128.35,135.90963255664317,120.79036744335683,0.1177971570961149,7.071428571428571,1139595.0,3.5962776249457042,0.0,0.025247602604450994
2023-12-12,125.0,129.0,117.0,120.0,1831000,0.03305785123966931,0.03252319170555993,127.4,128.7,127.9,127.76252051969605,128.08924116587883,-0.3267206461827783,0.16764491691683864,-0.49436556309961693,51.42857142857143,127.9,135.10676890729695,120.69323109270307,0.11269380621261829,7.571428571428571,1202965.0,1.522072545751539,0.666666666111111,0.025903601798895674
2023-12-13,121.0,127.0,119.0,124.0,1681300,-0.03200000000000003,-0.03252319170556006,125.2,128.1,127.3,126.72213274743513,127.56411219062855,-0.8419794431934235,-0.03427995510521386,-0.8076994880882097,44.73684210526315,127.3,134.7141147172516,119.88588528274842,0.11648255643757402,7.5,1221205.0,1.376754926486544,0.24999999968749997,0.0266877639289955
2023-12-14,126.0,132.0,120.0,121.0,1659700,0.04132231404958686,0.04049136135473699,124.4,128.0,127.15,126.61103540167588,127.44825202835976,-0.8372166266838832,-0.19486728942094778,-0.6423493372629354,43.24324324324324,127.15,134.54065143421187,119.75934856578814,0.11625090734112246,7.428571428571429,1259555.0,1.3176875960160532,0.4999999995833333,0.02782065960315855
2023-12-15,124.0,130.0,124.0,130.0,212000,-0.015873015873015928,-0.01600034134644119,123.4,127.1,127.1,126.2093376475719,127.19282595218496,-0.9834883046130614,-0.35259149245937055,-0.6308968121536909,42.10526315789474,127.1,134.5650513582123,119.63494864178769,0.11746736991679466,7.357142857142857,1228425.0,0.17257870850886298,0.0,0.02715382471204645
2023-12-18,122.0,127.0,122.0,124.0,147200,-0.016129032258064502,-0.01626052087178029,123.6,126.2,127.05,125.56174724025314,126.80817217794903,-1.2464249376958918,-0.5313581815066749,-0.7150667561892169,43.24324324324324,127.05,134.642977516828,119.45702248317198,0.11952739105593096,7.214285714285714,1207605.0,0.12189416241237822,0.0,0.027157828490361705
2023-12-19,120.0,124.0,118.0,123.0,445200,-0.016393442622950838,-0.016529301951210582,122.6,125.0,126.85,124.70609381867574,126.3038631277306,-1.5977693090548541,-0.7446404070163108,-0.8531289020385433,41.02564102564102,126.85,134.97343213670536,118.72656786329463,0.1280793399559379,7.428571428571429,1209090.0,0.3682108031660174,0.33333333277777777,0.027321809717831366
2023-12-20,117.0,122.0,117.0,121.0,2629100,-0.025000000000000022,-0.025317807984289897,121.8,123.5,126.5,123.52054092349485,125.61468808123203,-2.094147157737183,-1.0145417571604853,-1.0796054005766975,38.095238095238095,126.5,135.6755190417491,117.3244809582509,0.14506749473121114,7.214285714285714,1321585.0,1.9893536927250233,0.0,0.027827185725206156
2023-12-21,119.0,120.0,116.0,118.0,606200,0.017094017094017033,0.016949558313773205,120.4,122.4,126.2,122.82507308911102,125.12471118632595,-2.299638097214938,-1.271561025171376,-1.0280770720435621,31.578947368421055,126.2,135.9560044779981,116.4439955220019,0.15461179838348818,6.642857142857143,1268545.0,0.4778703159919435,0.7499999981250001,0.02808028664501072
2023-12-22,121.0,122.0,118.0,119.0,462400,0.01680672268907557,0.016667052485211643,119.8,121.6,125.7,122.54429261386318,124.81917702437588,-2.2748844105126977,-1.4722257022396406,-0.8026587082730572,36.8421052631579,125.7,135.44520892886737,115.95479107113263,0.1550550346677386,6.428571428571429,1164935.0,0.3969320176662217,0.7499999981250001,0.025936601920157502
2023-12-27,121.0,122.0,120.0,121.0,518000,0.0,0.0,119.6,121.6,125.25,122.3067091348073,124.53627502257025,-2.229565887762945,-1.6236937393443016,-0.6058721484186433,35.135135135135144,125.25,134.99034702834982,115.50965297165018,0.15553448348662383,6.071428571428571,1140130.0,0.4543341548770754,0.4999999975,0.02593094085723914
2023-12-28,125.0,133.0,120.0,120.0,1580400,0.03305785123966931,0.03252319170555993,120.6,121.6,125.15,122.72106157560619,124.57062502089839,-1.8495634452922047,-1.6688676805338825,-0.18069576475832227,41.463414634146346,125.15,134.85570327301562,115.44429672698438,0.1551051262167898,6.571428571428571,1178975.0,1.3404864394919316,0.3846153843195266,0.026699734617491276
2023-12-29,120.0,129.0,120.0,125.0,595500,-0.040000000000000036,-0.040821994520255166,121.2,121.5,124.8,122.30243671782061,124.23206020453554,-1.929623486714931,-1.7210188417700922,-0.20860464494483866,38.63636363636363,124.8,134.72713677002193,114.87286322997805,0.15908873028881312,7.0,1201070.0,0.4958079046183819,0.0,0.028124101719227364
2024-01-02,125.0,128.0,120.0,121.0,244800,0.04166666666666674,0.0408219945202552,122.4,121.4,124.7,122.71744645354052,124.2889446338292,-1.5714981802886854,-1.691114709473811,0.11961652918512566,45.833333333333336,124.7,134.5739765481514,114.82602345184861,0.15836369764476968,7.357142857142857,1172195.0,0.2088389730377625,0.6249999992187499,0.029808269453655056
2024-01-03,126.0,128.0,124.0,127.0,136500,0.008000000000000007,0.007968169649176881,123.4,121.6,124.35,123.22245469145736,124.41568947576779,-1.1932347843104338,-1.5915387244411356,0.3983039401307018,56.09756097560975,124.35,133.45122271920368,115.24877728079629,0.14638074337279772,7.0,958965.0,0.14234096134895435,0.49999999875,0.027728039262688707
2024-01-04,126.0,127.0,126.0,126.0,266600,0.0,0.0,124.4,122.0,124.1,123.64976935431007,124.5330458108961,-0.8832764565860316,-1.449886270870115,0.5666098142840834,51.35135135135135,124.1,132.69256975466146,115.50743024533853,0.13847815881807363,6.214285714285714,946315.0,0.28172437296249137,0.0,0.027568821883631606
2024-01-05,127.0,127.0,125.0,126.0,195100,0.007936507936507908,0.007905179507113247,124.8,122.7,123.85,124.16518945364699,124.71578315823713,-0.5505937045901419,-1.2700277576141206,0.7194340530239787,58.82352941176471,123.85,131.73674052099648,115.96325947900351,0.1273595562534757,5.785714285714286,921575.0,0.21170279141686787,0.999999995,0.02757423327671324
2024-01-08,123.0,126.0,122.0,125.0,426000,-0.03149606299212604,-0.03200273108617383,125.4,123.3,123.4,123.98592953770131,124.58868810947882,-0.6027585717775139,-1.1365739204467993,0.5338153486692854,45.45454545454545,123.4,130.29321880740227,116.50678119259774,0.11172153658674656,5.285714285714286,918940.0,0.46357760027858186,0.249999999375,0.028368076104205196
2024-01-09,121.0,123.0,119.0,123.0,1161200,-0.016260162601625994,-0.016393809775676383,124.6,123.5,122.95,123.52655576267034,124.32285936062854,-0.7963035979582003,-1.0685198559490796,0.27221625799087934,45.45454545454545,122.95,129.17140974526248,116.72859025473753,0.10120227320475765,5.142857142857143,968215.0,1.1993203988783483,0.49999999875,0.028393852947179953
2024-01-10,121.0,123.0,121.0,121.0,467000,0.0,0.0,123.6,123.5,122.55,123.13785487610568,124.07672163021161,-0.9388667541059306,-1.0425892355804498,0.10372248147451923,48.38709677419355,122.55,128.1291569127157,116.97084308728431,0.09105111240662091,4.928571428571429,968175.0,0.48235081467709867,0.0,0.0283818363184413
2024-01-11,121.0,123.0,121.0,121.0,257500,0.0,0.0,122.6,123.5,122.55,122.80895412593557,123.84881632427,-1.0398621983344327,-1.0420438281312463,0.002181629796813578,51.72413793103448,122.55,128.1291569127157,116.97084308728431,0.09105111240662091,4.642857142857143,776135.0,0.3317721788090989,0.0,0.024725342987343215
2024-01-12,120.0,122.0,120.0,121.0,748800,-0.008264462809917328,-0.008298802814695066,121.2,123.0,122.3,122.37680733733009,123.56371881876852,-1.186911481438429,-1.0710173587926828,-0.11589412264574617,55.55555555555556,122.3,127.86498851068308,116.73501148931692,0.0910055357429776,4.428571428571429,722025.0,1.0370832034901838,0.0,0.023541160786680074
2024-01-15,120.0,121.0,118.0,120.0,597700,0.0,0.0,120.6,123.0,122.25,122.01114467004854,123.29973964700788,-1.2885949769593452,-1.1145328824260152,-0.17406209453333,52.0,122.25,127.88173734702906,116.61826265297094,0.0921347623235838,4.357142857142857,667845.0,0.8949681438058232,0.6666666644444444,0.022440613429608187
2024-01-16,120.0,122.0,120.0,120.0,312300,0.0,0.0,120.4,122.5,121.95,121.70173779773337,123.05531448797026,-1.353576690236892,-1.1623416439881906,-0.19123504624870136,47.82608695652174,121.95,127.3761202843656,116.52387971563441,0.08898926255622132,4.214285714285714,600475.0,0.5200882634580957,0.0,0.02021012737024124
2024-01-17,120.0,122.0,119.0,120.0,430700,0.0,0.0,120.2,121.9,121.75,121.43993198269747,122.82899489626875,-1.38906291357128,-1.2076858979048086,-0.18137701566647135,47.82608695652174,121.75,127.15279092366113,116.34720907633887,0.08875221229833477,4.285714285714286,611410.0,0.7044372843100375,0.3333333322222222,0.0199567729373056
2024-01-18,122.0,123.0,120.0,121.0,472000,0.016666666666666607,0.016529301951210506,120.4,121.5,121.75,121.52609629305171,122.76758786691552,-1.2414915738638115,-1.2144470330966093,-0.027044540767202196,42.857142857142854,121.75,127.15279092366113,116.34720907633887,0.08875221229833477,3.5714285714285716,627650.0,0.7520114713614275,0.6666666644444444,0.020034291204613367
2024-01-19,121.0,123.0,120.0,122.0,91000,-0.008196721311475419,-0.00823049913651548,120.6,120.9,121.8,121.44515840181299,122.63665543232919,-1.191497030516203,-1.209857032580528,0.018360002064325087,52.94117647058823,121.8,127.15287844609769,116.4471215539023,0.08789619780127571,3.142857142857143,609940.0,0.1491950027871594,0.3333333322222222,0.019759127335459706
2024-01-22,121.0,122.0,120.0,121.0,545600,0.0,0.0,120.8,120.7,122.0,121.37667249384177,122.5154216966011,-1.1387492027593282,-1.195635466616288,0.05688626385695983,33.33333333333333,122.0,126.87535610279318,117.12464389720682,0.07992387053759306,2.7142857142857144,505765.0,1.0787618755746247,0.4999999975,0.018822944553579815
2024-01-23,118.0,120.0,116.0,120.0,637100,-0.024793388429752095,-0.025105921131076358,120.4,120.4,121.95,120.85718441786611,122.18094601537138,-1.3237615975052677,-1.2212606927940841,-0.10250090471118356,21.42857142857143,121.95,126.97317180918732,116.92682819081269,0.0823808414790868,2.7857142857142856,507310.0,1.2558396246870749,0.49999999875,0.019360255157046792
2024-01-24,114.0,119.0,113.0,119.0,1496200,-0.03389830508474578,-0.03448617607116932,119.2,119.7,121.6,119.80223296896362,121.57495001423275,-1.7727170452691325,-1.331551963289094,-0.44116508198003856,16.666666666666657,121.6,127.75079304077587,115.44920695922411,0.10116435922328751,3.142857142857143,559000.0,2.6765652951699463,0.16666666638888888,0.020306757456952144
2024-01-25,116.0,117.0,114.0,116.0,684400,0.01754385964912286,0.01739174271186924,118.0,119.2,121.35,119.21727405066153,121.16199075391923,-1.944716703257697,-1.4541849112828147,-0.4905317919748824,21.05263157894737,121.35,127.99043770615818,114.70956229384181,0.10944273104504626,3.2142857142857144,567320.0,1.2063738278220404,0.6666666644444444,0.020805910695597372
2024-01-26,119.0,123.0,117.0,117.0,2062000,0.02586206896551735,0.025533302005164845,117.6,119.1,121.05,119.18384727363667,121.00184329066596,-1.8179960170292873,-1.5269471324321093,-0.2910488845971779,38.888888888888886,121.05,127.53647518324061,114.56352481675938,0.10717018064007625,3.357142857142857,591400.0,3.486641866756848,0.33333333277777777,0.020223615172785682
2024-01-29,118.0,120.0,118.0,119.0,730800,-0.008403361344537785,-0.008438868645864595,117.0,118.9,120.95,119.0017169238464,120.7794845283944,-1.7777676045480035,-1.5771112268552885,-0.20065637769271505,41.17647058823529,120.95,127.56502613984114,114.33497386015887,0.10938447523507457,3.2142857142857144,598165.0,1.2217364773933614,0.0,0.01825912725553299
2024-01-30,117.0,119.0,114.0,118.0,974200,-0.008474576271186418,-0.00851068966790862,116.8,118.6,120.55,118.69376047402389,120.49952271147629,-1.8057622374523987,-1.6228414289747106,-0.1829208084776881,38.888888888888886,120.55,127.10106598763142,113.99893401236858,0.10868628764216372,3.4285714285714284,634635.0,1.5350555831304609,0.5999999988,0.015348826240239201
2024-01-31,116.0,118.0,115.0,116.0,643700,-0.008547008547008517,-0.008583743691391442,117.2,118.2,120.05,118.27933578571252,120.16622473284842,-1.8868889471359012,-1.6756509326069489,-0.2112380145289523,36.8421052631579,120.05,126.3721117644024,113.72788823559759,0.10532464413831583,3.5,659995.0,0.9753104190183259,0.3333333322222222,0.015158757490941949
2024-02-01,118.0,119.0,117.0,117.0,109900,0.01724137931034475,0.01709443335930004,117.6,117.8,119.65,118.23636104944906,120.00576364152631,-1.769402592077256,-1.6944012645010105,-0.07500132757624556,45.00000000000001,119.65,125.37075099135726,113.92924900864276,0.09562475539251565,3.5714285714285716,652160.0,0.16851692836113838,0.4999999975,0.015872624287581086
2024-02-02,118.0,118.0,116.0,118.0,286700,0.0,0.0,117.4,117.5,119.2,118.19999781107228,119.85718855696881,-1.6571907458965285,-1.686959160780114,0.029768414883585503,45.00000000000001,119.2,123.79068190290721,114.6093180970928,0.07702486414273836,3.5,656740.0,0.43655023296890705,0.999999995,0.01567878208326177
2024-02-05,117.0,119.0,116.0,119.0,173600,-0.008474576271186418,-0.00851068966790862,117.2,117.1,118.9,118.015382763215,119.6455449601563,-1.6301621969412992,-1.6755997680123513,0.045437571071052174,42.857142857142854,118.9,123.22138407673837,114.57861592326164,0.07268938732949316,3.5714285714285716,644120.0,0.26951499720548966,0.3333333322222222,0.014303984965548957
2024-02-06,117.0,119.0,116.0,116.0,92700,0.0,0.0,117.2,117.0,118.7,117.8591700304127,119.44957866681139,-1.590408636398692,-1.6585615416896196,0.06815290529092755,42.857142857142854,118.7,122.98223285643874,114.41776714356126,0.07215219640166368,3.5714285714285716,590695.0,0.15693378139310474,0.3333333322222222,0.013931995898230758
2024-02-07,117.0,118.0,115.0,118.0,567100,0.0,0.0,117.4,117.3,118.5,117.72699002573383,119.26812839519573,-1.5411383694619047,-1.6350769072440767,0.09393853778217198,36.8421052631579,118.5,122.70283642669756,114.29716357330244,0.0709339481299166,3.5714285714285716,595700.0,0.9519892563370824,0.6666666644444444,0.013931995898230758
2024-02-12,118.0,118.0,116.0,117.0,67900,0.008547008547008517,0.00851068966790861,117.4,117.5,118.35,117.76899156023632,119.17419295851457,-1.4052013982782512,-1.5891018054509118,0.18390040717266065,42.10526315789474,118.35,122.38806132881086,114.31193867118913,0.06823931269642365,3.5,586220.0,0.11582682269455154,0.999999995,0.014113143055487788
2024-02-13,114.0,118.0,111.0,118.0,1286000,-0.03389830508474578,-0.03448617607116932,116.6,117.0,118.05,117.18914670481533,118.790919406032,-1.6017727012166745,-1.5916359846040646,-0.010136716612609842,34.78260869565217,118.05,122.44744451330705,113.65255548669295,0.07450138946729437,3.857142857142857,613080.0,2.0976055327200367,0.4285714279591837,0.015849499190839087
2024-02-15,116.0,117.0,113.0,115.0,219500,0.01754385964912286,0.01739174271186924,116.4,116.8,117.85,117.00620105792066,118.58418463521481,-1.5779835772941482,-1.5889055031420816,0.01092192584793339,45.45454545454546,117.85,122.23785912771106,113.46214087228893,0.07446515278253826,3.7857142857142856,594170.0,0.3694228924381911,0.7499999981250001,0.016465245499329564
2024-02-16,116.0,117.0,115.0,117.0,234100,0.0,0.0,116.2,116.7,117.65,116.85140089516365,118.39276355112483,-1.54136265596118,-1.5793969337059015,0.03803427774472157,55.55555555555556,117.65,121.9896146253322,113.31038537466782,0.0737716043405387,3.5,590260.0,0.3966048859824484,0.4999999975,0.016465245499329564
2024-02-19,113.0,117.0,113.0,116.0,148200,-0.025862068965517238,-0.026202372394024072,115.4,116.4,117.3,116.2588776805231,117.99329958437485,-1.7344219038517537,-1.610401927735072,-0.12401997611668159,42.10526315789474,117.3,121.9589633302663,112.6410366697337,0.07943671492355163,3.5714285714285716,576135.0,0.2572313780624333,0.0,0.017328841166134503
2024-02-20,113.0,115.0,113.0,113.0,440700,0.0,0.0,114.4,115.9,116.85,115.75751188351956,117.62342554108783,-1.8659136575682709,-1.6615042737017118,-0.20440938386655905,31.25,116.85,121.33279076073028,112.36720923926971,0.07672727018793808,3.2142857142857144,574570.0,0.7670083714778008,0.0,0.01673096751565888
2024-02-21,114.0,115.0,113.0,113.0,191100,0.008849557522123908,0.008810629682154906,114.4,115.5,116.5,115.48712543990116,117.3550236491554,-1.8678982092542356,-1.7027830608122168,-0.1651151484420188,37.5,116.5,120.70283643066954,112.29716356933046,0.07215169838059288,3.2142857142857144,579575.0,0.32972436699305524,0.4999999975,0.01692242154452919
2024-02-22,113.0,114.0,111.0,113.0,275300,-0.00877192982456143,-0.00881062968215492,113.8,115.1,116.1,115.10449075683945,117.03242930477352,-1.9279385479340618,-1.7478141582365856,-0.18012438969747624,37.5,116.1,120.01228057950837,112.18771942049162,0.06739501428954998,3.0714285714285716,566060.0,0.48634420379465076,0.6666666644444444,0.016958626474974953
2024-02-23,114.0,114.0,112.0,114.0,19700,0.008849557522123908,0.008810629682154906,113.4,114.8,115.9,114.93456910194107,116.80780491182733,-1.8732358098862676,-1.772898488566522,-0.1003373213197456,43.75,115.9,119.81228057993508,111.98771942006493,0.06751131285478984,3.0,535190.0,0.036809357424466074,0.999999995,0.016370379357026496
2024-02-26,114.0,114.0,112.0,114.0,648200,0.0,0.0,113.6,114.5,115.9,114.79078924010398,116.59981936280307,-1.8090301226990988,-1.7801248153930374,-0.028905307306061445,35.71428571428572,115.9,119.81228057993508,111.98771942006493,0.06751131285478984,2.9285714285714284,492790.0,1.3153676008035877,0.999999995,0.014497474492174948
2024-02-27,114.0,115.0,113.0,115.0,28900,0.0,0.0,113.8,114.1,115.8,114.66912935701106,116.40724015074359,-1.738110793732531,-1.771722011060936,0.033611217328404885,35.71428571428572,115.8,119.80271517991108,111.79728482008892,0.06913152296910326,2.9285714285714284,460015.0,0.06282403834657566,0.4999999975,0.013905130752832614
2024-02-28,113.0,114.0,112.0,114.0,324700,-0.00877192982456143,-0.00881062968215492,113.6,114.0,115.5,114.4123402251632,116.15485199142925,-1.7425117662660483,-1.7658799621019585,0.02336819583591021,35.71428571428572,115.5,119.39069637599528,111.60930362400472,0.06737136581810002,2.857142857142857,373150.0,0.8701594533029613,0.4999999975,0.01249844061269039
2024-02-29,113.0,114.0,110.0,112.0,1169200,0.0,0.0,113.6,113.7,115.25,114.19505711359963,115.92115925132337,-1.7261021377237427,-1.7579243972263157,0.031822259502573,35.71428571428572,115.25,119.10672923597436,111.39327076402564,0.0669280561557372,2.9285714285714284,395070.0,2.9594755359809652,0.7499999981250001,0.012430911611844432
2024-03-01,113.0,113.0,107.0,112.0,453500,0.0,0.0,113.4,113.4,115.05,114.01120217304585,115.70477708455869,-1.6935749115128402,-1.7450545000836206,0.05147958857078039,35.71428571428572,115.05,118.93934338698774,111.16065661301225,0.06761135831356362,3.142857142857143,369035.0,1.2288807294701045,0.9999999983333333,0.012345917344251726
2024-03-04,114.0,114.0,109.0,110.0,420200,0.008849557522123908,0.008810629682154906,113.4,113.5,114.95,114.00947876180803,115.5784973005173,-1.5690185387092725,-1.709847307808751,0.1408287690994785,35.71428571428572,114.95,118.83934338720235,111.06065661279766,0.06767017637585637,3.357142857142857,357860.0,1.1742022019784273,0.9999999980000001,0.01244792105731124
2024-03-05,112.0,114.0,110.0,114.0,120600,-0.01754385964912286,-0.017699577099400975,113.0,113.4,114.65,113.70032818306832,115.3134234264049,-1.6130952433365735,-1.6904968949143155,0.07740165157774204,41.66666666666667,114.65,118.47383692522156,110.82616307477845,0.06670452551629405,3.142857142857143,358395.0,0.33650023019294356,0.49999999875,0.0122233255291056
2024-03-06,111.0,113.0,109.0,112.0,564300,-0.008928571428571397,-0.008968669982760375,112.6,113.1,114.3,113.28489307798088,114.99391058000454,-1.7090175020236558,-1.6942010163361836,-0.01481648568747218,27.272727272727266,114.3,118.11418990429215,110.48581009570785,0.06673998082750918,3.142857142857143,372275.0,1.5158149217648245,0.49999999875,0.01228877253423256
2024-03-07,111.0,112.0,110.0,111.0,119500,0.0,0.0,112.2,112.9,114.0,112.93337106598382,114.69806535185606,-1.7646942858722383,-1.7082996702433944,-0.05639461562884396,27.272727272727266,114.0,117.86354655717169,110.13645344282831,0.06778151854687171,3.142857142857143,369570.0,0.32334875666314905,0.4999999975,0.012235353655680221
2024-03-08,112.0,113.0,110.0,110.0,199600,0.009009009009008917,0.008968669982760316,112.0,112.7,113.75,112.78977551737093,114.49820865912598,-1.7084331417550516,-1.7083263645457256,-0.00010677720932594781,44.444444444444436,113.75,117.43933632648506,110.06066367351494,0.06486745189424285,3.0714285714285716,374915.0,0.5323873411306563,0.6666666644444444,0.012497467774595856
2024-03-13,110.0,113.0,110.0,113.0,216100,-0.017857142857142905,-0.018018505502678365,111.2,112.3,113.4,112.36057928392925,114.16500801770924,-1.8044287337799858,-1.7275468383925776,-0.0768818953874082,36.36363636363636,113.4,117.11917398992624,109.68082601007377,0.06559389752956318,3.142857142857143,357365.0,0.6047038741902536,0.0,0.012968082704202955
2024-03-14,110.0,112.0,110.0,111.0,115100,0.0,0.0,110.8,111.9,113.0,111.99741324024782,113.85648890528634,-1.8590756650385174,-1.7538526037217657,-0.10522306131675174,30.0,113.0,116.33729206571974,109.66270793428026,0.05906711620742897,3.142857142857143,359725.0,0.31996664118423795,0.0,0.01270573603869617
2024-03-15,109.0,112.0,109.0,110.0,307100,-0.009090909090909038,-0.009132483563272474,110.4,111.5,112.75,111.53627274174816,113.49674898637623,-1.9604762446280688,-1.7951773319030266,-0.16529891272504216,30.0,112.75,116.49596518646322,109.00403481353678,0.06644727603482437,3.142857142857143,310780.0,0.9881588261792909,0.0,0.01061297304497624
2024-03-18,109.0,110.0,108.0,109.0,76900,0.0,0.0,110.0,111.1,112.4,111.14607693532537,113.16365646886688,-2.0175795335415074,-1.8396577722307228,-0.17792176131078463,22.222222222222214,112.4,116.17535532309425,108.62464467690576,0.06717714098032465,3.142857142857143,303650.0,0.25325209945661126,0.4999999975,0.009570189678815677
2024-03-19,112.0,113.0,108.0,109.0,410100,0.02752293577981657,0.027150989065950898,110.0,111.0,112.2,111.27744971450608,113.07745969339526,-1.8000099788891788,-1.831728213562414,0.0317182346732352,41.66666666666667,112.2,115.57492961766879,108.82507038233122,0.060159173220477424,3.357142857142857,312450.0,1.3125300048007682,0.7999999984,0.01176177574718342
2024-03-20,110.0,112.0,109.0,111.0,59600,-0.017857142857142905,-0.018018505502678365,110.0,110.6,112.05,111.08091898919744,112.84949971610672,-1.7685807269092777,-1.8190987162317866,0.05051798932250895,35.71428571428572,112.05,115.53993174874988,108.56006825125012,0.062292400691653406,3.4285714285714284,308020.0,0.19349392896565157,0.3333333322222222,0.011007863845855493
2024-03-21,109.0,111.0,101.0,110.0,1440500,-0.009090909090909038,-0.009132483563272474,109.8,110.3,111.85,110.76077760624399,112.5643515889877,-1.803573982743714,-1.8159937695341724,0.012419786790458298,35.71428571428572,111.85,115.56209154174181,108.13790845825818,0.06637624571733237,4.0,358010.0,4.023630624842881,0.7999999992,0.01113883644582872
2024-03-22,109.0,110.0,108.0,109.0,241000,0.0,0.0,109.8,110.1,111.6,110.48988874374491,112.30032554535899,-1.810436801614074,-1.814882375950153,0.00444557433607895,35.71428571428572,111.6,115.37535532486292,107.82464467513707,0.0676586975781887,3.857142857142857,360505.0,0.6685066781320648,0.4999999975,0.01086845964625797
2024-03-25,109.0,109.0,107.0,109.0,205300,0.0,0.0,109.8,109.9,111.4,110.26067509086107,112.0558569864435,-1.7951818955824308,-1.8109422798766086,0.01576038429417781,35.71428571428572,111.4,115.28528159796268,107.51471840203733,0.06975370911961712,3.5714285714285716,357005.0,0.5750619739219338,0.999999995,0.010765118515535575
2024-03-26,109.0,111.0,109.0,111.0,419400,0.0,0.0,109.2,109.6,111.15,110.06672507688243,111.82949720966991,-1.7627721327874752,-1.801308250458782,0.038536117671306824,30.769230769230774,111.15,114.97383693286135,107.32616306713867,0.06880498304743751,3.357142857142857,376990.0,1.1124963526884002,0.0,0.010484936753900104
2024-03-27,106.0,107.0,105.0,107.0,972500,-0.02752293577981646,-0.0279087881170765,108.4,109.2,110.75,109.44107506505438,111.39768260154621,-1.9566075364918305,-1.832368107665392,-0.12423942882643857,28.57142857142857,110.75,114.97157895766405,106.52842104233595,0.076236188851721,3.357142857142857,393205.0,2.4732645820882238,0.4999999975,0.011894144863715813
2024-03-28,104.0,106.0,103.0,106.0,465300,-0.018867924528301883,-0.019048194970694474,107.4,108.6,110.25,108.60398659350756,110.84970611254279,-2.2457195190352337,-1.9150383899393602,-0.33068112909587355,26.66666666666667,110.25,115.16299484813722,105.33700515186278,0.08912462309545971,3.2857142857142856,415025.0,1.1211372808866935,0.3333333322222222,0.01233661102118723
2024-04-01,102.0,106.0,101.0,104.0,1105000,-0.019230769230769273,-0.019418085857101627,106.0,107.9,109.7,107.58798865604486,110.19417232642851,-2.6061836703836576,-2.0532674460282196,-0.552916224355438,23.529411764705884,109.7,115.66663022834004,103.73336977165997,0.1087808610453972,3.5,454040.0,2.4337062813849,0.1999999996,0.01274190676600076
2024-04-02,106.0,116.0,103.0,103.0,1992000,0.03921568627450989,0.03846628082779614,105.4,107.6,109.35,107.34368270896103,109.88349289484121,-2.539810185880185,-2.1505759939986127,-0.3892341918815725,35.0,109.35,115.32280172934863,103.37719827065136,0.10924191548877242,4.285714285714286,495180.0,4.02277959529868,0.23076923059171597,0.01612498534223332
2024-04-03,105.0,107.0,102.0,106.0,286200,-0.009433962264150941,-0.00947874395454377,104.6,106.9,108.95,106.98311613835163,109.52175268040853,-2.538636542056892,-2.2281881036102686,-0.3104484384466235,36.8421052631579,108.95,114.96495001331533,102.93504998668467,0.11041670515493948,4.428571428571429,486815.0,0.5879030021671476,0.5999999988,0.016168389649724037
2024-04-04,105.0,105.0,103.0,103.0,146500,0.0,0.0,104.4,106.4,108.5,106.678021347836,109.18680803741529,-2.5087866895792956,-2.284307820804074,-0.2244788687752215,36.8421052631579,108.5,114.26565534565943,102.73434465434057,0.10627936121031199,4.428571428571429,473130.0,0.3096400566440513,0.999999995,0.015930788703048645
2024-04-05,103.0,106.0,102.0,106.0,76400,-0.01904761904761909,-0.019231361927887644,104.2,105.8,108.05,106.11217190970738,108.72852596056971,-2.616354050862327,-2.350717066815725,-0.2656369840466022,35.0,108.05,114.06495001456423,102.03504998543576,0.11133641859443286,4.5,470920.0,0.16223562388516097,0.249999999375,0.016001547347504756
2024-04-16,103.0,104.0,101.0,103.0,103300,0.0,0.0,104.4,105.2,107.65,105.63337623129085,108.30419070423122,-2.6708144729403642,-2.414736548040653,-0.2560779248997114,35.0,107.65,113.89842232720554,101.40157767279447,0.11608773482964294,4.571428571428571,447870.0,0.23064728604282492,0.6666666644444444,0.015983079616083393
2024-04-17,103.0,107.0,101.0,102.0,533900,0.0,0.0,103.8,104.6,107.25,105.22824142647688,107.91128768910299,-2.6830462626261067,-2.468398490957744,-0.2146477716683628,23.529411764705884,107.25,113.61856114514748,100.88143885485252,0.11876104699575722,4.642857142857143,468590.0,1.139375573529098,0.33333333277777777,0.015983079616083393
2024-04-18,104.0,104.0,102.0,102.0,53500,0.009708737864077666,0.00966191091173689,103.6,104.1,106.85,105.0392812070189,107.62156267509536,-2.5822814680764594,-2.491175086381487,-0.09110638169497243,31.25,106.85,112.96216582449786,100.73783417550213,0.11440647308372232,4.571428571428571,461285.0,0.11598035921393499,0.999999995,0.01601290001615909
2024-04-19,103.0,104.0,100.0,102.0,549900,-0.009615384615384581,-0.009661910911736859,103.2,103.8,106.5,104.72554563670829,107.27922469916237,-2.55367906245408,-2.503675881596006,-0.05000318085807409,31.25,106.5,112.65421486021462,100.34578513978538,0.11557211005097882,4.142857142857143,477975.0,1.1504785815157696,0.7499999981250001,0.01572962258104499
2024-04-22,100.0,102.0,99.0,101.0,148800,-0.029126213592232997,-0.02955880224154439,102.6,103.4,106.0,103.99853861567624,106.74002286959478,-2.741484253918543,-2.5512375560605136,-0.19024669785802928,26.31578947368422,106.0,112.56791583752184,99.43208416247816,0.12392294033060071,4.285714285714286,479660.0,0.31021973898177874,0.3333333322222222,0.016737163778746185
2024-04-23,100.0,102.0,100.0,100.0,119800,0.0,0.0,102.0,103.2,105.55,103.38337882864913,106.24076191629146,-2.857383087642333,-2.6124666623768777,-0.2449164252654552,26.31578947368422,105.55,112.47597266841638,98.62402733158362,0.13123586297330891,4.285714285714286,470295.0,0.254733730956102,0.0,0.016732849218533453
2024-04-24,100.0,101.0,99.0,100.0,227800,0.0,0.0,101.4,102.6,105.1,102.86285900885694,105.77848325582544,-2.915624246968491,-2.673098179295201,-0.24252606767329032,26.31578947368422,105.1,112.248105567256,97.95189443274398,0.1360248442865083,4.285714285714286,477840.0,0.4767286120877281,0.4999999975,0.016732849218533453
2024-04-25,99.0,101.0,98.0,99.0,196700,-0.010000000000000009,-0.01005033585350145,100.4,102.0,104.45,102.26857300749434,105.27637338502355,-3.0078003775292075,-2.7400386189420023,-0.2677617585872052,29.411764705882362,104.45,111.31491020763241,97.5850897923676,0.13144873542618296,4.214285714285714,467170.0,0.4210458719523942,0.3333333322222222,0.01500724263486194
2024-04-26,100.0,101.0,99.0,99.0,137200,0.010101010101010166,0.010050335853501506,99.8,101.5,103.95,101.91956177557213,104.88553091205884,-2.965969136486706,-2.7852247224509434,-0.18074441403576236,37.5,103.95,110.56502616129148,97.33497383870852,0.12727323061647872,4.142857142857143,471050.0,0.2912641970066872,0.4999999975,0.015150343163224111
2024-04-29,100.0,101.0,98.0,100.0,667000,0.0,0.0,99.8,101.2,103.5,101.62424457933025,104.52363973338781,-2.899395154057558,-2.8080588087722664,-0.09133634528529155,42.857142857142854,103.5,109.88918844743365,97.11081155256635,0.12346257869437012,4.0,432375.0,1.5426423821913848,0.6666666644444444,0.015146325064559403
2024-04-30,100.0,100.0,99.0,100.0,115400,0.0,0.0,99.8,100.9,103.05,101.37436079789484,104.18855530869241,-2.814194510797577,-2.8092859491773288,-0.004908561620248442,20.0,103.05,109.06495002150257,97.03504997849743,0.11673847688505717,3.0714285714285716,426095.0,0.2708316220561143,0.9999999900000002,0.015146325064559403
2024-05-02,99.0,100.0,98.0,100.0,260200,-0.010000000000000009,-0.01005033585350145,99.6,100.5,102.55,101.00907452129563,103.8042178784189,-2.7951433571232656,-2.806457430766516,0.011314073643250655,20.0,102.55,108.12915694263687,96.97084305736313,0.10880852155313255,2.857142857142857,428840.0,0.6067531013897958,0.4999999975,0.015165738258265312
2024-05-03,97.0,99.0,97.0,98.0,344500,-0.02020202020202022,-0.020408871631207123,99.2,99.8,101.95,100.39229382571169,103.30020173927676,-2.9079079135650687,-2.826747527326227,-0.08116038623884192,16.666666666666657,101.95,107.17852928808655,96.72147071191345,0.10257046175746048,2.857142857142857,425095.0,0.8104070854750115,0.0,0.01550581244181464
2024-05-06,98.0,99.0,96.0,98.0,165900,0.010309278350515427,0.010256500167189061,98.8,99.3,101.55,100.02424862175604,102.90759420303404,-2.883345581277993,-2.8380671381165805,-0.04527844316141261,27.272727272727266,101.55,106.69736954763287,96.40263045236712,0.10137606199178488,2.7857142857142856,384765.0,0.4311722739854197,0.6666666644444444,0.015003065929105256
2024-05-07,96.0,98.0,95.0,97.0,416100,-0.020408163265306145,-0.020619287202735703,98.0,98.9,101.15,99.40513344917818,102.39592055836485,-2.9907871091866696,-2.8686111323305985,-0.12217597685607107,23.07692307692308,101.15,106.72160494719685,95.57839505280316,0.11016519915366971,2.7857142857142856,382305.0,1.0883980068270098,0.3333333322222222,0.015088142330116216
2024-05-08,96.0,99.0,94.0,97.0,850200,0.0,0.0,97.2,98.5,100.85,98.88126676468924,101.92214866515263,-3.04088190046339,-2.9030652859571573,-0.1378166145062325,23.07692307692308,100.85,106.85794584459478,94.84205415540521,0.1191461744094157,2.7142857142857144,369565.0,2.3005425297308997,0.3999999992,0.014665668438415424
2024-05-13,96.0,98.0,95.0,96.0,82300,0.0,0.0,96.6,98.1,100.35,98.43799495473705,101.48347098625244,-3.045476031515392,-2.9315474350688047,-0.11392859644658726,16.666666666666657,100.35,106.21610626852384,94.48389373147614,0.11691293011507425,2.7857142857142856,274080.0,0.3002772913018097,0.3333333322222222,0.010863712556129227
2024-05-14,93.0,98.0,93.0,96.0,321600,-0.03125,-0.0317486983145803,95.8,97.5,99.75,97.60138034631598,100.85506572801152,-3.253685381695547,-2.9959750243941534,-0.2577103573013937,14.285714285714292,99.75,106.05210011992237,93.44789988007763,0.1263578971413007,2.857142857142857,275850.0,1.1658510059815117,0.0,0.012339446108017576
2024-05-15,93.0,94.0,93.0,94.0,187700,0.0,0.0,94.8,96.8,99.15,96.89347567765198,100.27320900741807,-3.379733329766097,-3.0727266854685427,-0.3070066442975543,18.181818181818173,99.15,105.62998072080991,92.6700192791901,0.13071065498355836,2.642857142857143,277910.0,0.6753985103090929,0.0,0.012339446108017576
2024-05-16,96.0,98.0,93.0,95.0,420600,0.032258064516129004,0.03174869831458027,94.8,96.4,98.8,96.75601788109013,99.9566750068686,-3.200657125778463,-3.098312773530527,-0.1023443522479357,35.71428571428572,98.8,105.15946394964686,92.44053605035313,0.1287340880495317,2.857142857142857,295120.0,1.425182976416373,0.5999999988,0.01460424002600301
2024-05-17,96.0,97.0,95.0,96.0,589900,0.0,0.0,94.8,96.0,98.45,96.63970743784549,99.66358796932276,-3.0238805314772748,-3.083426325119877,0.05954579364260226,35.71428571428572,98.45,104.60335959978612,92.29664040021389,0.12500476586665543,2.857142857142857,319450.0,1.8466113632806387,0.4999999975,0.01460424002600301
2024-05-20,96.0,97.0,94.0,96.0,103500,0.0,0.0,94.8,95.7,98.1,96.5412909089462,99.39221108270625,-2.850920173760059,-3.0369250948479136,0.1860049210878545,38.46153846153846,98.1,103.95263257469091,92.24736742530908,0.11931972629339277,2.857142857142857,297930.0,0.34739703957305407,0.6666666644444444,0.01460424002600301
2024-05-21,96.0,96.0,94.0,96.0,118300,0.0,0.0,95.4,95.6,97.7,96.45801538449294,99.14093618769097,-2.68292080319803,-2.9661242365179374,0.2832034333199074,33.33333333333333,97.7,102.91340808401608,92.48659191598392,0.10672278575263215,2.857142857142857,301170.0,0.39280140784274664,0.999999995,0.014303445616575945
2024-05-22,95.0,96.0,94.0,96.0,219800,-0.01041666666666663,-0.010471299867295366,95.8,95.3,97.3,96.23370532534018,98.83420017378792,-2.600494848447738,-2.892998358903898,0.29250351045615997,30.769230769230774,97.3,102.0039337025743,92.5960662974257,0.09668928473945126,2.7857142857142856,284665.0,0.7721356682416174,0.4999999975,0.01432141776345953
2024-05-27,96.0,97.0,95.0,96.0,324500,0.010526315789473717,0.010471299867295437,95.8,95.3,97.1,96.19775065990324,98.624259420174,-2.426508760270764,-2.7997004391772715,0.37319167890650773,35.71428571428572,97.1,101.65846727096952,92.54153272903046,0.09389221979339918,2.857142857142857,293450.0,1.1058101891293235,0.4999999975,0.01336336512750158
2024-05-28,96.0,97.0,95.0,96.0,112200,0.0,0.0,95.8,95.3,96.9,96.16732748145658,98.42986983349444,-2.2625423520378547,-2.6922688217493884,0.4297264697115337,38.46153846153846,96.9,101.26982989800786,92.53017010199216,0.09019256755434159,2.857142857142857,293070.0,0.3828436892210052,0.4999999975,0.01336336512750158
2024-05-29,95.0,96.0,92.0,96.0,1422900,-0.01041666666666663,-0.010471299867295366,95.6,95.2,96.65,95.98773863815556,98.17580540138374,-2.1880667632281785,-2.591428410045147,0.4033616468169683,41.66666666666667,96.65,100.84155073358573,92.45844926641428,0.08673669391796644,3.0,352825.0,4.032877488840077,0.7499999981250001,0.013485629807334493
2024-05-30,95.0,96.0,94.0,95.0,387500,0.0,0.0,95.4,95.4,96.45,95.83577884767008,97.9405605568368,-2.1047817091667156,-2.4940990698694607,0.38931736070274514,36.36363636363636,96.45,100.55014668258583,92.34985331741417,0.08502118574568854,2.9285714285714284,362365.0,1.0693637630565866,0.4999999975,0.013376886709530052
2024-05-31,94.0,95.0,93.0,94.0,891000,-0.010526315789473717,-0.010582109330536972,95.2,95.5,96.15,95.55335133264391,97.64866718225629,-2.0953158496123763,-2.414342425818044,0.31902657620566766,39.99999999999999,96.15,100.02850251657726,92.27149748342275,0.08067607938798245,2.857142857142857,400055.0,2.2271937608578822,0.4999999975,0.013190714221979224
2024-06-03,94.0,96.0,92.0,95.0,333900,0.0,0.0,94.8,95.3,95.85,95.31437420454485,97.3783955391262,-2.064021334581355,-2.344278207570706,0.2802568729893511,39.99999999999999,95.85,99.38786178173066,92.31213821826933,0.07382079878415586,2.7857142857142856,383400.0,0.8708920187793427,0.49999999875,0.013190714221979224
2024-06-04,99.0,101.0,94.0,95.0,540000,0.05319148936170204,0.05182506786458595,95.4,95.6,95.8,95.8813935576918,97.49851438807983,-1.617120830388032,-2.198846732134171,0.5817259017461391,60.0,95.8,99.11196279665285,92.48803720334715,0.06914327341655219,3.0714285714285716,404630.0,1.3345525541853052,0.7142857132653061,0.01822894138976741
2024-06-05,97.0,98.0,93.0,98.0,255300,-0.02020202020202022,-0.020408871631207123,95.8,95.7,95.7,96.05348685650844,97.46158739637022,-1.4081005398617776,-2.0406974936796924,0.6325969538179148,64.28571428571428,95.7,98.712367959924,92.68763204007601,0.06295439832652021,3.142857142857143,404385.0,0.631329055232019,0.7999999984,0.01865113875437285
2024-06-06,99.0,99.0,96.0,96.0,358800,0.020618556701030855,0.020408871631207033,96.6,96.0,95.8,96.50679657089175,97.57554388552799,-1.0687473146362407,-1.8463074578710021,0.7775601432347614,68.75,95.8,99.11196279665285,92.48803720334715,0.06914327341655219,3.2857142857142856,405100.0,0.8857072327820291,0.9999999966666667,0.018656274325741292
2024-06-07,97.0,101.0,97.0,98.0,40000,-0.02020202020202022,-0.020408871631207123,97.2,96.2,95.75,96.58267402152379,97.53291100511852,-0.9502369835947349,-1.6670933630157487,0.7168563794210139,53.33333333333333,95.75,98.9504346232619,92.5495653767381,0.06684980936317282,3.2142857142857144,398805.0,0.10029964519000514,0.0,0.0191127277310934
2024-06-10,100.0,101.0,97.0,97.0,371900,0.030927835051546282,0.03045920748470844,98.4,96.6,95.95,97.1084164797509,97.7156583380727,-0.6072418583217996,-1.4551230620769589,0.8478812037551593,61.11111111111111,95.95,99.67341703358808,92.22658296641193,0.0776116109137692,3.357142857142857,396595.0,0.9377324474589946,0.7499999981250001,0.019713672462516506
2024-06-11,98.0,100.0,96.0,98.0,88400,-0.020000000000000018,-0.020202707317519466,98.2,96.8,96.05,97.24558317517385,97.73672068340063,-0.49113750822678526,-1.2623259513069243,0.771188443080139,55.0,96.05,99.88483241713406,92.21516758286593,0.07985075308972549,3.4285714285714284,358505.0,0.2465795456130319,0.49999999875,0.020330125301882118
2024-06-12,94.0,99.0,93.0,98.0,242000,-0.04081632653061229,-0.041672696400568074,97.6,96.7,95.95,96.74626268668557,97.45992655870428,-0.7136638720187136,-1.1525935354492822,0.4389296634305686,45.833333333333336,95.95,99.893100928499,92.00689907150101,0.08219074368940057,3.7142857142857144,366490.0,0.6603181532920407,0.16666666638888888,0.02240262528578869
2024-06-13,95.0,96.0,94.0,94.0,155400,0.010638297872340496,0.010582109330537008,96.8,96.7,96.05,96.47760688873394,97.27770977657804,-0.8001028878440906,-1.082095405928244,0.2819925180841534,50.0,96.05,99.7734170333639,92.3265829666361,0.07753080756614059,3.7142857142857144,358180.0,0.4338600703556871,0.4999999975,0.0213404293713168
2024-06-14,94.0,95.0,92.0,94.0,332000,-0.010526315789473717,-0.010582109330536972,96.2,96.7,96.1,96.0964365981595,97.03491645979449,-0.9384798616349883,-1.053372297069593,0.11489243543460459,45.833333333333336,96.1,99.67485998008229,92.5251400199177,0.07439875088620801,3.7857142857142856,365395.0,0.9086057554153724,0.6666666644444444,0.021502820665403207
2024-06-19,89.0,95.0,89.0,94.0,1031300,-0.05319148936170215,-0.05465841253786408,94.0,96.2,95.75,95.00467712151958,96.43973746277267,-1.4350603412530916,-1.1297099059062927,-0.30535043534679884,37.93103448275862,95.75,100.53271478609607,90.96728521390393,0.09990004775135383,4.071428571428571,395930.0,2.6047533654939006,0.0,0.023325345191795785
2024-06-20,92.0,93.0,89.0,90.0,184900,0.03370786516853941,0.03315220731690055,92.8,95.5,95.55,94.54241910282425,96.1108680210858,-1.5684489182615522,-1.2174577083773448,-0.3509912098842074,45.16129032258065,95.55,100.61490948555861,90.48509051444138,0.10601589713361834,4.071428571428571,375680.0,0.4921741908006814,0.7499999981250001,0.02476633923261033
2024-06-21,91.0,93.0,90.0,92.0,172800,-0.010869565217391353,-0.010929070532190317,92.2,94.9,95.3,93.9974315485436,95.73228520470907,-1.7348536561654697,-1.3209368979349698,-0.4139167582304999,43.75,95.3,100.75031555783904,89.84968444216095,0.11438227823376805,4.142857142857143,379145.0,0.4557623072966807,0.3333333322222222,0.024843109836942448
2024-06-24,93.0,94.0,90.0,91.0,172300,0.0219780219780219,0.02173998663640582,91.8,94.3,95.15,93.84398054107537,95.52989370806395,-1.685913166988584,-1.3939321517456928,-0.2919810152428912,48.484848484848484,95.15,100.68369037408226,89.61630962591775,0.11631508931334218,4.285714285714286,381845.0,0.45123021121135537,0.7499999981250001,0.025432909405689506
2024-06-25,91.0,93.0,88.0,93.0,200900,-0.021505376344086002,-0.021739986636405875,91.2,93.7,94.95,93.40644507321763,95.19434602598514,-1.7879009527675152,-1.4727259119500575,-0.3151750408174576,45.714285714285715,94.95,100.78732479295924,89.11267520704077,0.12295576183168481,4.357142857142857,380900.0,0.5274350223155684,0.5999999988,0.02576134110351919
2024-06-26,91.0,92.0,90.0,92.0,620600,0.0,0.0,91.6,92.8,94.7,93.03622275426108,94.88365372776401,-1.847430973502938,-1.5476669242606338,-0.29976404924230415,36.666666666666664,94.7,100.7715594723992,88.6284405276008,0.12822723278562198,4.0,395705.0,1.5683400513008428,0.4999999975,0.02560257607249117
2024-06-27,92.0,92.0,90.0,90.0,212800,0.01098901098901095,0.01092907053219023,91.6,92.2,94.5,92.87680386899015,94.67004974792965,-1.7932458789395014,-1.5967827151964076,-0.1964631637430938,41.379310344827594,94.5,100.65421487648982,88.34578512351018,0.13024793389396438,3.7142857142857144,400735.0,0.5310242429535728,0.999999995,0.025773229833739995
2024-06-28,91.0,92.0,88.0,92.0,629300,-0.010869565217391353,-0.010929070532190317,91.6,91.9,94.3,92.58806481222243,94.39819421104598,-1.8101293988235483,-1.6394520519218359,-0.17067734690171243,35.71428571428572,94.3,100.6428901524612,87.95710984753879,0.13452577205644134,3.7857142857142856,361055.0,1.7429477503427455,0.7499999981250001,0.02578138728132757
2024-07-01,91.0,92.0,88.0,91.0,220600,0.0,0.0,91.2,91.5,94.1,92.34374714880359,94.14647612133888,-1.8027289725352915,-1.672107436044527,-0.13062153649076458,38.46153846153846,94.1,100.60025446587339,87.5997455341266,0.138156311708255,3.7857142857142856,352710.0,0.6254429984973491,0.7499999981250001,0.02578138728132757
2024-07-02,91.0,93.0,90.0,91.0,733200,0.0,0.0,91.2,91.2,93.95,92.13701681821841,93.91340381605453,-1.7763869978361129,-1.6929633484028441,-0.08342364943326874,30.434782608695656,93.95,100.59677545228396,87.30322454771604,0.14149601814335203,3.7142857142857144,344820.0,2.1263267791891423,0.3333333322222222,0.025701896780459078
2024-07-03,93.0,94.0,90.0,90.0,1414500,0.0219780219780219,0.02173998663640582,91.6,91.6,93.9,92.26978346156942,93.84574427412457,-1.5759608125551523,-1.6695628412333057,0.09360202867815337,39.130434782608695,93.9,100.56022306550918,87.23977693449083,0.1418577862728258,3.7142857142857144,398850.0,3.546446032342986,0.7499999981250001,0.026225215200019098
2024-07-04,93.0,96.0,92.0,93.0,906900,0.0,0.0,91.8,91.7,93.6,92.38212446748182,93.78309655011533,-1.4009720826335155,-1.6158446895133478,0.21487260687983234,47.368421052631575,93.6,99.81887134141176,87.38112865858822,0.13288186626948228,3.5714285714285716,417195.0,2.173803617013627,0.249999999375,0.02302696537875304
2024-07-05,93.0,95.0,92.0,93.0,383500,0.0,0.0,92.2,91.9,93.4,92.47718224171537,93.72508939825495,-1.2479071565395827,-1.542257182918595,0.2943500263790122,44.444444444444436,93.4,99.41232442362333,87.38767557637668,0.12874356367501769,3.642857142857143,423605.0,0.9053245358293693,0.3333333322222222,0.022666811444063576
2024-07-08,93.0,94.0,92.0,93.0,152400,0.0,0.0,92.6,91.9,93.1,92.55761574298994,93.6713790724583,-1.1137633294683553,-1.456558412228547,0.34279508276019177,47.05882352941176,93.1,98.50376503549634,87.69623496450365,0.11608517799132866,3.5714285714285716,413285.0,0.3687527977061834,0.4999999975,0.02205130113035389
2024-07-09,94.0,95.0,93.0,94.0,258600,0.010752688172043001,0.01069528911674795,93.2,92.2,92.95,92.77952101329917,93.69572136338732,-0.9162003500881468,-1.3484867998004673,0.43228644971232044,69.23076923076923,92.95,98.05630598102809,87.84369401897192,0.10987210287311643,3.2857142857142856,424215.0,0.6095965489197694,0.4999999975,0.021857584615414566
2024-07-10,93.0,95.0,92.0,94.0,196800,-0.010638297872340385,-0.010695289116747919,93.2,92.4,92.6,92.813440857407,93.64418644758085,-0.8307455901738479,-1.2449385578751435,0.41419296770129566,54.54545454545455,92.6,96.48528163835067,88.71471836164932,0.08391537015876191,3.2142857142857144,415460.0,0.47369181148606365,0.3333333322222222,0.020565883123156152
2024-07-11,93.0,95.0,92.0,94.0,133000,0.0,0.0,93.2,92.5,92.35,92.84214226395979,93.59646893294524,-0.7543266689854562,-1.146816180097206,0.3924895111117499,60.0,92.35,95.30414833088095,89.39585166911904,0.06397722427462815,3.2142857142857144,417690.0,0.318417965476789,0.3333333322222222,0.02020018431966597
2024-07-12,93.0,96.0,90.0,94.0,883900,0.0,0.0,93.2,92.7,92.3,92.86642806950444,93.55228604902337,-0.6858579795189286,-1.0546245399815506,0.368766560462622,50.0,92.3,95.16919074297546,89.43080925702453,0.06217098034616386,3.357142857142857,449785.0,1.965161132541103,0.49999999916666665,0.018065773523265848
2024-07-15,93.0,95.0,90.0,92.0,848200,0.0,0.0,93.2,92.9,92.2,92.88697759727299,93.51137597131792,-0.6243983740449295,-0.9685793067942263,0.34418093274929684,66.66666666666666,92.2,94.79972523754321,89.60027476245679,0.056393172180980715,3.357142857142857,484425.0,1.750941838261857,0.5999999988,0.017880009698797612
2024-07-16,92.0,94.0,90.0,91.0,1550800,-0.010752688172043001,-0.010810916104215617,92.8,93.0,92.1,92.75051950538483,93.39942219566473,-0.6489026902798969,-0.9046439834913605,0.25574129321146366,57.14285714285714,92.1,94.55820703739622,89.64179296260377,0.053381260312621526,3.5,545365.0,2.8436001576925545,0.49999999875,0.017886488169581657
2024-07-17,93.0,93.0,92.0,93.0,127300,0.010869565217391353,0.010810916104215676,92.8,93.0,92.3,92.78890111994102,93.36983536635623,-0.580934246415211,-0.8399020360761307,0.2589677896609197,57.14285714285714,92.3,94.30542494344381,90.29457505655618,0.04345449498253117,3.4285714285714284,500165.0,0.25451600971679345,0.9999999900000002,0.013139402288455417
2024-07-18,93.0,94.0,93.0,93.0,147900,0.0,0.0,92.8,93.0,92.35,92.8213778707193,93.34244015403354,-0.5210622833142367,-0.7761340855237518,0.2550718022095152,66.66666666666666,92.35,94.37371277939293,90.32628722060706,0.0438270228347144,3.2142857142857144,498315.0,0.29680021673038137,0.0,0.010860465228953708
2024-07-19,93.0,93.0,91.0,92.0,195700,0.0,0.0,92.8,93.0,92.45,92.84885819830096,93.31707421669773,-0.46821601839677385,-0.7145504720983563,0.24633445370158247,66.66666666666666,92.45,94.38870351176908,90.51129648823093,0.041940584354117405,3.0714285714285716,499460.0,0.3918231690225443,0.999999995,0.010523207960190533
2024-07-22,94.0,95.0,93.0,93.0,445700,0.010752688172043001,0.01069528911674795,93.0,93.1,92.5,93.02595693702389,93.36766131175716,-0.3417043747332684,-0.6399812526253388,0.29827687789207036,71.42857142857143,92.5,94.54698565043321,90.45301434956679,0.04425914919855598,3.0,513130.0,0.8685908054489115,0.4999999975,0.009613318523339692
2024-07-23,96.0,96.0,94.0,94.0,689400,0.02127659574468077,0.021053409197832263,93.8,93.3,92.75,93.48350202363561,93.5626493627381,-0.07914733910249083,-0.5278144699207692,0.44866713081827836,71.42857142857143,92.75,95.20606504638293,90.29393495361707,0.05296097135057535,2.857142857142857,537555.0,1.2824734213243296,0.999999995,0.009191170860496109
2024-07-24,117.0,129.0,96.0,96.0,42390300,0.21875,0.19782574332991987,98.6,95.7,94.05,97.10142478923012,95.29874940994267,1.8026753792874501,-0.06171650007912517,1.8643918793665752,92.85714285714286,94.05,105.09872665756195,83.00127334243804,0.23495431488701665,4.928571428571429,2626040.0,16.142290292607882,0.6363636361707988,0.04913728219198207
2024-07-25,109.0,118.0,104.0,116.0,10738900,-0.06837606837606836,-0.0708260525686124,101.8,97.3,94.9,98.93197482165627,96.31365686105804,2.618317960598233,0.4742903920563467,2.1440275685418864,72.22222222222223,94.9,107.75304152832335,82.04695847167666,0.27087548004896406,5.714285714285714,3152345.0,3.406638550031802,0.3571428568877551,0.05245654294466493
2024-07-26,110.0,112.0,106.0,111.0,3575200,0.00917431192660545,0.009132483563272474,105.2,99.0,95.85,100.63474792601684,97.32746005653522,3.307287869481627,1.040889887541403,2.266397981940224,72.97297297297297,95.85,110.2096892902648,81.49031070973518,0.29962836286415884,6.0,3299640.0,1.0835121407183814,0.6666666655555555,0.0522341317073468
2024-07-29,109.0,112.0,107.0,110.0,2451500,-0.009090909090909038,-0.009132483563272474,108.2,100.6,96.75,101.92170978355271,98.19209264494,3.72961713861271,1.5786353377556646,2.1509818008570454,70.27027027027027,96.75,112.05499205361046,81.44500794638954,0.31638226467411806,6.214285714285714,3411185.0,0.7186652145808567,0.3999999992,0.052371421413988754
2024-07-30,109.0,114.0,106.0,112.0,2389100,0.0,0.0,110.8,102.3,97.65,103.01067750915998,98.99267837494445,4.017999134215529,2.0665080970476377,1.9514910371678913,72.22222222222223,97.65,113.6332360421047,81.66676395789531,0.327357625030306,6.571428571428571,3493980.0,0.6837760948831991,0.37499999953124996,0.052371421413988754
2024-07-31,99.0,100.0,99.0,100.0,2202500,-0.09174311926605505,-0.09622803209455377,107.2,102.9,97.95,102.39365020005845,98.99322071754116,3.400429482517282,2.3332923741415668,1.0671371083757153,56.52173913043478,97.95,113.79034298718224,82.10965701281776,0.3234373249041805,7.071428571428571,3533380.0,0.6233408238004404,0.0,0.05699839178016291
2024-08-01,96.0,98.0,96.0,98.0,558400,-0.030303030303030276,-0.03077165866675366,104.6,103.2,98.1,101.41001170774176,98.77150066438996,2.638511043351798,2.394336107983613,0.2441749353681848,53.06122448979592,98.1,113.79916667756993,82.40083332243006,0.3200645601951057,6.857142857142857,3515955.0,0.158818869979849,0.0,0.05752599308080044
2024-08-02,97.0,97.0,96.0,96.0,284600,0.01041666666666674,0.010362787035546658,102.0,103.6,98.3,100.73154836808918,98.64027839295368,2.0912699751355035,2.3337228814139914,-0.24245290627848792,54.0,98.3,113.82656950786532,82.77343049213468,0.3159017193868834,6.571428571428571,3511010.0,0.08105929632783729,0.9999999900000002,0.05754423451424463
2024-08-05,91.0,96.0,91.0,96.0,792400,-0.061855670103092786,-0.06385147198653278,98.4,103.3,98.2,99.23438708069084,98.07433184532748,1.1600552353633589,2.0989893522038647,-0.9389341168405059,49.09090909090909,98.2,113.89514315254816,82.50485684745185,0.3196566833512863,6.714285714285714,3543010.0,0.2236516408364639,0.0,0.05937834950010576
2024-08-06,89.0,90.0,89.0,90.0,687800,-0.02197802197802201,-0.022223136784710235,94.4,102.6,97.95,97.65986599135378,97.40215911604396,0.2577068753098217,1.730732856825056,-1.4730259815152342,46.42857142857143,97.95,114.0800844339486,81.8199155660514,0.32935343407756196,6.785714285714286,3564470.0,0.19295996319228384,0.0,0.05953064092302384
2024-08-07,90.0,90.0,89.0,89.0,461800,0.011235955056179803,0.011173300598125255,92.6,99.9,97.8,96.48142506960704,96.85385103337404,-0.3724259637670002,1.3101010927066445,-1.6825270564736448,47.368421052631575,97.8,114.17779763667149,81.42220236332851,0.3349242870484967,6.785714285714286,3577720.0,0.12907661862862382,0.9999999900000002,0.05954856319488507
2024-08-08,90.0,90.0,90.0,90.0,171200,0.0,0.0,91.4,98.0,97.65,95.48428275120595,96.34615836423522,-0.8618756130292695,0.8757057515594617,-1.7375813645887312,47.368421052631575,97.65,114.26611908133194,81.03388091866807,0.3403198992592305,6.642857142857143,3579630.0,0.04782617197866819,0.0,0.05954856319488507
2024-08-09,89.0,90.0,89.0,90.0,1819300,-0.011111111111111072,-0.011173300598125189,89.8,95.9,97.45,94.48670078948196,95.80199848540299,-1.315297695921032,0.43750506206336287,-1.752802757984395,45.6140350877193,97.45,114.39482199008624,80.50517800991376,0.3477644328391224,6.571428571428571,3626400.0,0.5016821089786013,0.0,0.059599574356130613
2024-08-12,89.0,89.0,89.0,89.0,1177900,0.0,0.0,89.4,93.9,97.25,93.6425929757155,95.29814674574351,-1.655553770028007,0.01889329564508878,-1.6744470656730956,43.636363636363626,97.25,114.50751225180369,79.99248774819631,0.3549102776720553,6.428571428571429,3642885.0,0.32334262541913894,0.0,0.059599574356130613
2024-08-13,88.0,89.0,88.0,89.0,119600,-0.011235955056179803,-0.011299555253933394,89.2,91.8,97.05,92.77450174868234,94.75754328309584,-1.983041534413502,-0.3814936703666295,-1.6015478640468723,8.57142857142857,97.05,114.6529495933963,79.4470504066037,0.362760424387353,4.142857142857143,3571325.0,0.03348897118016422,0.0,0.05960398930420031
2024-08-14,90.0,90.0,89.0,89.0,342400,0.022727272727272707,0.022472855852058576,89.2,90.9,96.9,92.34765532580815,94.40513266953319,-2.05747734372504,-0.7166904050383117,-1.3407869386867284,17.241379310344826,96.9,114.69830396031709,79.10169603968292,0.36735405490850537,3.2857142857142856,3582080.0,0.09558692156512417,0.9999999900000002,0.059783424975442825
2024-08-15,99.0,99.0,93.0,93.0,854100,0.10000000000000009,0.09531017980432493,91.0,91.2,97.2,93.37109296799152,94.74549321253073,-1.374400244539217,-0.848232372938493,-0.526167871600724,35.135135135135144,97.2,114.92362807892006,79.47637192107995,0.3646837053275732,3.5,3617390.0,0.23610946013562265,0.9999999983333333,0.06383395569098077
2024-08-16,98.0,100.0,98.0,100.0,763400,-0.010101010101010055,-0.010152371464017962,92.8,91.3,97.45,94.08323251137743,94.98656778938032,-0.9033352780028849,-0.8592529539513714,-0.04408232405151358,35.135135135135144,97.45,115.06490525130783,79.83509474869217,0.3615167829924645,3.2857142857142856,3645775.0,0.2093930645747475,0.0,0.06391493892315706
2024-08-19,96.0,98.0,96.0,98.0,84900,-0.020408163265306145,-0.020619287202735703,94.2,91.8,97.55,94.37811981731936,95.06163684201881,-0.6835170246994551,-0.824105768100988,0.14058874340153293,33.33333333333333,97.55,115.10504553833421,79.99495446166578,0.359918924414848,2.857142857142857,3627735.0,0.02340303247067385,0.0,0.06413205357760293
2024-08-20,94.0,95.0,94.0,95.0,434300,-0.02083333333333337,-0.02105340919783238,95.4,92.3,97.45,94.31994753773176,94.98299707594335,-0.6630495382115811,-0.7918945221231067,0.12884498391152566,41.935483870967744,97.45,115.06490525130783,79.83509474869217,0.3615167829924645,2.2857142857142856,3614980.0,0.12013897725575245,0.0,0.06418713383180463
2024-08-21,95.0,95.0,95.0,95.0,408000,0.010638297872340496,0.010582109330537008,96.4,92.8,96.35,94.42457099346534,94.98425655179939,-0.5596855583340528,-0.745452729365296,0.1857671710312433,48.275862068965516,96.35,111.38296877495625,81.31703122504373,0.312049170211858,2.142857142857143,1515865.0,0.2691532557318759,0.0,0.03886115824241374
2024-08-22,93.0,94.0,93.0,94.0,304300,-0.021052631578947323,-0.02127739844728485,95.2,93.1,95.55,94.2054062252399,94.83727458499945,-0.6318683597595509,-0.7227358554441471,0.09086749568459618,43.33333333333333,95.55,109.4052913203074,81.6947086796926,0.2900113306186793,2.2142857142857144,994135.0,0.3060952486332339,0.0,0.036463505561261024
2024-08-23,94.0,94.0,93.0,93.0,61800,0.010752688172043001,0.01069528911674795,94.4,93.6,94.75,94.17380526751069,94.77525424536985,-0.6014489778591638,-0.6984784799271505,0.09702950206798666,55.99999999999999,94.75,106.82566682063097,82.67433317936903,0.25489534186028434,1.8571428571428572,818465.0,0.0755071994526339,0.9999999900000002,0.036502670313874344
2024-08-26,95.0,95.0,94.0,94.0,338000,0.010638297872340496,0.010582109330537008,94.2,94.2,94.05,94.30091214943211,94.79190207904617,-0.4909899296140594,-0.6569807698645324,0.16599084025047295,62.5,94.05,104.10095662982252,83.99904337017747,0.2137364514582142,1.7857142857142858,712790.0,0.4741929600583622,0.9999999900000002,0.03671476601859901
2024-08-27,95.0,96.0,95.0,96.0,110800,0.0,0.0,94.4,94.9,93.35,94.40846412644255,94.80731673985755,-0.3988526134150021,-0.6053551385746263,0.2065025251596242,60.869565217391305,93.35,100.56771524769334,86.13228475230665,0.1546377128589898,1.7857142857142858,598875.0,0.1850135671049885,0.0,0.03671476601859901
2024-08-28,95.0,95.0,95.0,95.0,142900,0.0,0.0,94.4,95.4,93.15,94.4994696454514,94.82158957394218,-0.3221199284907783,-0.5487080965578567,0.22658816806707838,60.869565217391305,93.15,99.91606413851063,86.38393586148938,0.14527244527129637,1.7857142857142858,495895.0,0.28816584155920105,0.0,0.030705249419839372
2024-08-29,94.0,95.0,94.0,95.0,346000,-0.010526315789473717,-0.010582109330536972,94.6,94.9,93.05,94.4226281615358,94.7607310869835,-0.33810292544769993,-0.5065870623358253,0.16848413688812536,60.869565217391305,93.05,99.69677545341415,86.40322454658585,0.14286459867628482,1.7857142857142858,485275.0,0.7129977847612179,0.0,0.03004437310312036
2024-08-30,94.0,95.0,94.0,94.0,192600,0.0,0.0,94.6,94.5,92.9,94.35760844437645,94.70438063609583,-0.34677219171938134,-0.4746240882125365,0.12785189649315515,60.869565217391305,92.9,99.30235505469686,86.49764494530315,0.13783326274912497,1.8571428571428572,480675.0,0.4006865345607739,0.0,0.029932791863386626
2024-09-02,95.0,95.0,94.0,94.0,46200,0.010638297872340496,0.010582109330537008,94.6,94.4,93.1,94.45643791447239,94.72627836675541,-0.2698404522830202,-0.4336673610266333,0.16382690874361305,65.21739130434783,93.1,99.50235505443611,86.69764494556388,0.1375371655088317,1.8571428571428572,443365.0,0.1042030832384153,0.9999999900000002,0.026373112926970962
2024-09-03,95.0,95.0,94.0,95.0,334600,0.0,0.0,94.6,94.5,93.4,94.5400628507074,94.74655404329204,-0.206491192584636,-0.3882321273382338,0.18174093475359782,61.904761904761905,93.4,99.55079307904384,87.24920692095617,0.13170863124290869,1.7857142857142858,425705.0,0.785990298446107,0.9999999900000002,0.02575140123914364
2024-09-04,96.0,96.0,95.0,95.0,680800,0.010526315789473717,0.010471299867295437,94.8,94.6,93.7,94.76466856598319,94.83940189193707,-0.07473332595388626,-0.32553236706136435,0.2507990411074781,38.46153846153846,93.7,99.73678571857533,87.66321428142467,0.12885348385432938,1.2142857142857142,436655.0,1.5591256254938108,0.9999999900000002,0.025740766619218463
2024-09-05,98.0,98.0,97.0,97.0,343200,0.02083333333333326,0.02061928720273561,95.6,95.1,94.1,95.26241186352425,95.0735202703121,0.18889159321214777,-0.2226475750066619,0.41153916821880965,50.0,94.1,100.16462067326398,88.035379326736,0.12889735756140253,1.2142857142857142,445255.0,0.770794263961101,0.9999999900000002,0.02601041049137334
2024-09-06,101.0,101.0,99.0,99.0,507100,0.030612244897959107,0.030153038170687457,97.0,95.8,94.7,96.14511773067436,95.5125187688075,0.6325989618668615,-0.05159826763195718,0.6841972294988187,66.66666666666666,94.7,101.00961194115243,88.39038805884758,0.13325474004545776,1.2857142857142858,379645.0,1.335721529323447,0.999999995,0.026357050614550674
2024-09-09,108.0,131.0,105.0,105.0,20897900,0.06930693069306937,0.0670107102829603,99.6,97.1,95.65,97.96894577210907,96.43751737852547,1.531428393583596,0.26500706461115353,1.2664213289724424,85.0,95.65,103.79930689274093,87.50069310725908,0.17039847135893202,3.2857142857142856,1365645.0,15.302585957551194,0.11538461534023668,0.029770378504228295
2024-09-10,104.0,113.0,104.0,108.0,3150400,-0.03703703703703709,-0.037740327982847086,101.4,98.0,96.45,98.89680026870766,96.99770127641247,1.899098992295194,0.5918254501479617,1.3072735421472323,69.56521739130434,96.45,104.57861370182252,88.32138629817749,0.16855601247947155,3.857142857142857,1517185.0,2.0764771600035594,0.0,0.03126622342085247
2024-09-11,104.0,109.0,103.0,104.0,1735200,0.0,0.0,103.0,98.9,97.15,99.68190791967571,97.5163900707523,2.1655178489234146,0.9065639299030526,1.258953919020362,76.19047619047619,97.15,105.35081142754744,88.94918857245257,0.16882782146263375,4.142857142857143,1586825.0,1.0935043246734832,0.16666666638888888,0.03114755027007213
2024-09-12,102.0,107.0,100.0,104.0,2179600,-0.019230769230769273,-0.019418085857101627,103.8,99.7,97.3,100.03853747049483,97.84850932477063,2.190028145724199,1.1632567730672818,1.026771372656917,68.18181818181819,97.3,105.74926920940219,88.85073079059781,0.17367459834331325,4.571428571428571,1653100.0,1.3184925291875869,0.2857142853061225,0.022859135335972607
2024-09-13,101.0,106.0,99.0,102.0,1278000,-0.009803921568627416,-0.009852296443011594,103.8,100.4,97.45,100.1864547827264,98.08195307849132,2.1045017042350764,1.3515057593008408,0.7529959449342356,63.63636363636363,97.45,106.05664630949614,88.84335369050386,0.17663717413024407,5.0,1678830.0,0.7612444380908132,0.2857142853061225,0.022851132371903362
2024-09-17,108.0,109.0,101.0,102.0,2491300,0.06930693069306937,0.0670107102829603,103.8,101.7,98.05,101.38853866230696,98.8166232208253,2.57191544148165,1.595587695737003,0.9763277457446471,72.41379310344828,98.05,107.82486802454508,88.27513197545491,0.1993853753094357,5.5,1799150.0,1.384709446127338,0.8749999989062499,0.02674572172078688
2024-09-18,106.0,109.0,105.0,108.0,1307300,-0.01851851851851849,-0.01869213301215252,104.2,102.8,98.65,102.09799425272126,99.34872520446788,2.7492690482533817,1.8263239662402788,0.9229450820131029,67.74193548387098,98.65,108.84239358504769,88.45760641495232,0.20663747764921808,5.785714285714286,1842800.0,0.709409594095941,0.249999999375,0.02662714979694507
2024-09-19,110.0,110.0,105.0,106.0,1567000,0.037735849056603765,0.037041271680349076,105.4,104.2,99.4,103.31368744461031,100.13770852265544,3.175978921954865,2.0962549573831963,1.0797239645716687,73.52941176470588,99.4,110.61749773349895,88.18250226650106,0.2257041797484697,6.071428571428571,1900750.0,0.8244114165461002,0.9999999980000001,0.027530688302728024
2024-09-20,107.0,113.0,107.0,110.0,1242000,-0.027272727272727226,-0.02765153133051001,106.4,105.1,100.1,103.8808124531318,100.64602640986615,3.2347860432656432,2.323961174559686,0.9108248687059572,67.56756756756758,100.1,111.38299337941376,88.81700662058623,0.22543443315512024,6.428571428571429,1947635.0,0.6376964883050469,0.0,0.027905284857407914
2024-09-23,113.0,120.0,108.0,108.0,8356600,0.05607476635514019,0.0545589842504344,108.8,106.3,101.05,105.28376438341921,101.56113556469087,3.7226288187283387,2.603694703393417,1.118934115334922,71.42857142857143,101.05,113.32623474783846,88.77376525216154,0.24297347348517484,7.285714285714286,2362375.0,3.537372347743267,0.41666666631944443,0.029956859684671697
2024-09-24,118.0,123.0,111.0,113.0,5662700,0.04424778761061954,0.04329680575332426,110.8,107.3,102.2,107.24010832443163,102.77882922656563,4.461279097865997,2.9752115822879333,1.486067515578064,74.46808510638297,102.2,116.26827871065358,88.13172128934643,0.27530878103040257,8.071428571428571,2628610.0,2.1542564321067026,0.5833333328472222,0.030940904846432162
2024-09-25,137.0,153.0,118.0,121.0,47811300,0.1610169491525424,0.14929630136246017,117.0,110.6,104.3,111.818553197596,105.31373076533855,6.5048224322574555,3.681133752281838,2.8236886799756173,81.53846153846155,104.3,124.87644648757649,83.7235535124235,0.3945627322641705,10.5,5013635.0,9.536254633614135,0.5428571427020408,0.045402424424453976
2024-09-26,137.0,147.0,131.0,138.0,13097500,0.0,0.0,122.4,113.9,106.4,115.69262193642739,107.66086181975791,8.031760116669474,4.551259025159366,3.4805010915101082,80.95238095238095,106.4,131.13311529359586,81.66688470640413,0.46490818221044855,11.5,5661365.0,2.313488001568526,0.374999999765625,0.045402424424453976
2024-09-27,143.0,144.0,131.0,137.0,6129000,0.04379562043795615,0.042863704431782314,129.6,118.0,108.85,119.89375702313086,110.2785757590351,9.615181264095753,5.564043472946644,4.051137791149109,81.81818181818181,108.85,137.76531450871732,79.93468549128266,0.5312873589107456,12.214285714285714,5950515.0,1.029994882795859,0.9230769223668639,0.04514230672806545
2024-09-30,135.0,148.0,135.0,144.0,2518200,-0.05594405594405594,-0.05756985182147782,134.0,121.4,110.9,122.21779440418764,112.10979236947695,10.108002034710694,6.472835185299456,3.635166849411238,70.14925373134328,110.9,141.1644596576079,80.63554034239212,0.5457972886854443,11.0,6066795.0,0.4150791315678212,0.0,0.04821334455521394
2024-10-01,141.0,145.0,134.0,136.0,4290200,0.04444444444444451,0.04348511193973889,138.6,124.7,113.2,125.10736449585109,114.2498077495157,10.85755674633539,7.349779497506644,3.507777248828747,76.81159420289855,113.2,145.31198566877697,81.08801433122302,0.5673495701197345,11.142857142857142,6278995.0,0.6832622099555741,0.6363636357851239,0.048484998706372885
2024-10-02,145.0,156.0,141.0,141.0,25661600,0.028368794326241176,0.027973852042406162,140.2,128.6,115.7,128.16776995802786,116.52759976807009,11.640170189957772,8.20785763599687,3.4323125539609016,78.08219178082192,115.7,149.5824693434992,81.81753065650081,0.5856952349783786,11.785714285714286,7545345.0,3.4009843154951827,0.26666666648888887,0.04825256989327012
2024-10-03,145.0,145.0,135.0,145.0,6515500,0.0,0.0,141.8,132.1,118.15,130.75734381063896,118.63666645191675,12.120677358722205,8.990421580541938,3.130255778180267,80.28169014084507,118.15,153.10396434610968,83.19603565389033,0.5916879279916999,12.0,7837080.0,0.8313683157502539,0.9999999989999999,0.04844618407882723
2024-10-04,153.0,168.0,145.0,145.0,20161600,0.05517241379310356,0.053704178971861166,143.8,136.7,120.9,134.1792909166945,121.18209856658959,12.99719235010491,9.791775734454532,3.2054166156503783,83.33333333333333,120.9,157.7801849848375,84.01981501516254,0.6100940444141849,13.142857142857142,8828000.0,2.2838241957408245,0.347826086805293,0.049011704853280935
2024-10-07,157.0,169.0,151.0,153.0,15045200,0.02614379084967311,0.025807883955872503,148.2,141.1,123.7,137.69016923720304,123.83527645054592,13.854892786657118,10.60439914489505,3.250493641762068,82.66666666666667,123.7,162.66314915195525,84.73685084804475,0.629961991139131,13.857142857142858,9554905.0,1.5746048757156665,0.3333333331481481,0.04898830213498254
2024-10-08,165.0,167.0,156.0,157.0,15564000,0.05095541401273884,0.04969966855227254,153.0,145.8,126.55,141.89168166224871,126.88451523198695,15.007166430261762,11.484952601968393,3.522213828293369,86.41975308641976,126.55,168.87170828062042,84.22829171937957,0.6688535484886674,14.357142857142858,9288210.0,1.6756727076584186,0.8181818174380164,0.04824928856491238
2024-10-09,195.0,206.0,162.0,165.0,73316000,0.18181818181818188,0.16705408466316624,163.0,151.6,131.1,150.06219217574892,131.9301066962842,18.132085479464706,12.814379177467655,5.317706301997051,89.7196261682243,131.1,181.92623278467923,80.27376721532076,0.7753811256243972,17.142857142857142,12796490.0,5.7293836044102715,0.7499999998295455,0.05789579506532572
2024-10-10,195.0,195.0,195.0,195.0,0,0.0,0.0,173.0,157.4,135.65,156.97570107178754,136.6019506447076,20.373750427079926,14.32625342739011,6.047496999689816,92.3076923076923,135.65,192.22868895856112,79.07131104143889,0.8341863466061351,16.714285714285715,12709730.0,0.0,0.0,0.05789579506532572
2024-10-11,185.0,200.0,179.0,195.0,17117400,-0.05128205128205132,-0.05264373348542203,179.4,161.6,139.8,161.28713167612793,140.18699133769223,21.100140338435693,15.68103080959923,5.419109528836463,83.33333333333333,139.8,198.13497318789055,81.46502681210947,0.834548972645072,17.285714285714285,13456620.0,1.2720430539020944,0.2857142855782313,0.05984067573622832
2024-10-14,186.0,204.0,184.0,185.0,29009400,0.00540540540540535,0.005390848634876373,185.2,166.7,144.05,165.0891114182621,143.5805475349002,21.508563883361887,16.846537424351762,4.662026459010125,82.6923076923077,144.05,202.8661331423071,85.23386685769293,0.8166071939230417,17.857142857142858,14843190.0,1.9543912056640116,0.09999999995,0.059378824062506975
2024-10-15,193.0,196.0,181.0,187.0,9667600,0.037634408602150504,0.036943515191684276,190.8,171.9,148.3,169.38309427699102,147.2412477175002,22.14184655949083,17.905599251379577,4.236247308111253,80.43478260869566,148.3,208.41760966161962,88.18239033838042,0.810756704809435,16.428571428571427,15202005.0,0.6359424299623635,0.7999999994666667,0.058766781452400614
2024-10-16,204.0,212.0,187.0,199.0,33669500,0.05699481865284972,0.05542980493933082,192.6,177.8,153.2,174.70877208053088,151.4455997384261,23.26317234210478,18.97711386952462,4.286058472580162,82.52427184466019,153.2,214.75887760833274,91.64112239166722,0.8036406998476862,17.071428571428573,16820115.0,2.0017401783519317,0.679999999728,0.057836988738607945
2024-10-17,202.0,210.0,198.0,208.0,11097000,-0.009803921568627416,-0.009852296443011594,194.0,183.5,157.8,178.90742252967996,155.1903701281723,23.717052401507658,19.92510157592123,3.7919508255864294,79.79797979797979,157.8,219.51599333538704,96.08400666461299,0.7822052387248039,17.0,17296615.0,0.6415706194535752,0.3333333330555555,0.05867925125691461
2024-10-18,196.0,204.0,189.0,204.0,13199500,-0.02970297029702973,-0.030153038170687558,196.2,187.8,162.25,181.5370498328061,158.21330567423362,23.32374415857248,20.60483009245148,2.718914066121002,81.44329896907217,162.25,221.32114926429412,103.17885073570588,0.7281497598063991,17.142857142857142,17894490.0,0.7376292925923008,0.46666666635555554,0.058811666128254746
2024-10-21,195.0,198.0,193.0,197.0,2746700,-0.005102040816326481,-0.005115100666770377,198.0,191.6,166.35,183.6082729354513,160.93824599466078,22.670026940790535,21.017869462119293,1.652157478671242,79.34782608695653,166.35,222.33017169234563,110.36982830765437,0.6730408379001579,16.714285714285715,17613995.0,0.15593850231023684,0.3999999992,0.05909846089501099
2024-10-22,195.0,202.0,193.0,195.0,5789300,0.0,0.0,198.4,194.6,170.2,185.3608463299973,163.46133888394516,21.899507446052127,21.19419705890586,0.705310387146266,78.4090909090909,170.2,222.65971528614486,117.74028471385512,0.6164478882038176,16.285714285714285,17620325.0,0.3285580714317131,0.2222222219753086,0.0593335644190708
2024-10-23,190.0,196.0,190.0,195.0,6064300,-0.02564102564102566,-0.025975486403260677,195.6,194.1,172.85,186.07456227922845,165.42716563328256,20.64739664594589,21.08483697631387,-0.4374403303679806,74.19354838709677,172.85,223.57413150890636,122.12586849109361,0.5869150304762092,16.0,15532975.0,0.390414585744199,0.0,0.051276268020170414
2024-10-24,189.0,199.0,189.0,192.0,7478600,-0.0052631578947368585,-0.005277057100843781,193.0,193.5,175.45,186.52462962088563,167.17330151229868,19.351328108586955,20.73813520276849,-1.3868070941815347,70.93023255813952,175.45,223.70775794108084,127.19224205891912,0.5501026838538714,15.071428571428571,15252030.0,0.4903347292130949,0.0,0.051385077818130655
2024-10-25,190.0,194.0,186.0,190.0,1706200,0.005291005291005346,0.005277057100843819,191.8,194.0,177.8,187.05930198690322,168.86416806694322,18.19513391996,20.229534946206794,-2.034401026246794,69.87951807228916,177.8,223.9350493703875,131.66495062961252,0.5189544361123452,14.357142857142858,15030890.0,0.11351290575607964,0.49999999937499995,0.05106437840342329
2024-10-28,190.0,195.0,184.0,190.0,5483700,0.0,0.0,190.8,194.4,180.55,187.5117170658412,170.42978524716966,17.081931818671535,19.600014320699742,-2.518082502028207,66.66666666666666,180.55,222.29068621411662,138.8093137858834,0.4623725972208984,14.357142857142858,15179165.0,0.3612649312396301,0.5454545449586776,0.04840955228492313
2024-10-29,191.0,194.0,189.0,190.0,3791000,0.0052631578947368585,0.005249355886143745,190.0,194.2,183.05,188.04837597878873,171.95350485849045,16.09487112029828,18.89898568061945,-2.804114560321171,45.65217391304348,183.05,220.59535000018303,145.504649999817,0.4102196121298336,11.571428571428571,15154205.0,0.250161588813138,0.3999999992,0.04808635835124297
2024-10-30,191.0,193.0,186.0,191.0,2867000,0.0,0.0,190.2,192.9,185.35,188.502471982052,173.36435635045413,15.138115631597856,18.146811670815133,-3.008696039217277,45.65217391304348,185.35,218.45415208920502,152.24584791079496,0.35720692839714085,12.071428571428571,14014475.0,0.2045741991762089,0.7142857132653061,0.0481303983360717
2024-10-31,190.0,193.0,187.0,189.0,4935400,-0.005235602094240788,-0.005249355886143678,190.4,191.7,187.6,188.73286090789014,174.5966262504205,14.136234657469629,17.344696268146034,-3.2084616106764052,56.75675675675676,187.6,214.73592765538308,160.4640723446169,0.28929560400195187,11.0,13935470.0,0.35416100066951456,0.49999999916666665,0.04822980651826239
2024-11-01,191.0,198.0,190.0,192.0,4575800,0.0052631578947368585,0.005249355886143745,190.6,191.2,189.5,189.0816515374455,175.8116909726116,13.269960564833923,16.529749127483612,-3.259788562649689,56.75675675675676,189.5,211.21539936741823,167.78460063258177,0.22918627300705255,10.142857142857142,13156180.0,0.34780612609435263,0.12499999984374999,0.0473041185044948
2024-11-04,197.0,210.0,188.0,191.0,19683800,0.03141361256544495,0.030930300691358558,192.0,191.4,191.5,190.29985899322315,177.38119534501072,12.91866364821243,15.807532031629375,-2.888868383416945,55.55555555555556,191.5,207.1265846748562,175.8734153251438,0.1632019287191247,10.642857142857142,13388110.0,1.4702448665270902,0.40909090890495864,0.04740082318097823
2024-11-05,195.0,210.0,192.0,210.0,6362400,-0.010152284263959421,-0.010204170174241736,192.8,191.4,193.0,191.02295760965035,178.68629198612103,12.336665623529314,15.113358750009365,-2.776693126480051,33.33333333333333,193.0,202.4579758125165,183.5420241874835,0.0980101120468032,10.142857142857142,12928030.0,0.49213994707623665,0.16666666657407406,0.04674981117200687
2024-11-06,216.0,226.0,192.0,195.0,32521400,0.10769230769230775,0.10227884912041825,197.8,194.0,194.05,194.865579515858,181.45027035751949,13.415309158338516,14.773748831675197,-1.3584396733366813,65.21739130434783,194.05,208.02631986536284,180.0736801346372,0.14404864586820743,11.714285714285714,10888300.0,2.986820715814223,0.705882352733564,0.033384379752048304
2024-11-07,204.0,226.0,199.0,218.0,14103200,-0.05555555555555558,-0.05715841383994864,200.6,195.5,194.5,196.27087497495677,183.12062070140692,13.150254273549848,14.449049920050129,-1.298795646500281,57.692307692307686,194.5,209.16756683882585,179.83243316117415,0.15082330939666683,12.571428571428571,11593460.0,1.2164789458884577,0.18518518511659807,0.03608064429429813
2024-11-08,212.0,214.0,200.0,202.0,9078000,0.03921568627450989,0.03846628082779614,204.8,197.7,195.85,198.69074036342496,185.2598339827842,13.430906380640778,14.245421212168258,-0.8145148315274806,64.40677966101694,195.85,211.75400946141846,179.94599053858153,0.1624101042779522,13.214285714285714,11191490.0,0.8111520449913282,0.8571428565306122,0.034576500084157163
2024-11-11,195.0,214.0,188.0,212.0,10070700,-0.08018867924528306,-0.0835867161082657,204.4,198.2,196.3,198.12293415366727,185.9813277618372,12.141606391830067,13.82465824810062,-1.6830518562705539,50.0,196.3,211.525347324508,181.07465267549202,0.15512325343360156,14.428571428571429,10244555.0,0.9830295215360745,0.26923076912721894,0.0397453813715553
2024-11-12,190.0,200.0,190.0,196.0,3564100,-0.02564102564102566,-0.025975486403260677,203.4,198.1,196.15,196.87325197618,186.2790071868863,10.594244789293697,13.178575556339236,-2.5843307670455395,50.0,196.15,211.5701044810675,180.72989551893252,0.15722767760456266,14.714285714285714,9939380.0,0.35858373459914,0.0,0.039368850484711254
2024-11-13,192.0,195.0,186.0,190.0,3737400,0.010526315789473717,0.010471299867295437,198.6,198.2,195.55,196.12352090292154,186.70278443230214,9.420736470619403,12.427007739195272,-3.006271268575869,51.94805194805195,195.55,210.61374668939692,180.4862533106031,0.15406542254560887,14.642857142857142,8442775.0,0.4426743576608402,0.6666666659259258,0.03713226267176472
2024-11-14,192.0,194.0,187.0,194.0,4154900,0.0,0.0,196.2,198.4,195.05,195.48913307170284,187.09517077065016,8.393962301052682,11.620398651566756,-3.2264363505140743,51.315789473684205,195.05,209.8742561227814,180.22574387721863,0.15200467698314665,14.571428571428571,8095670.0,0.5132249708794948,0.7142857132653061,0.037093805869271385
2024-11-15,197.0,200.0,188.0,192.0,4144200,0.02604166666666674,0.02570835671020703,193.2,199.0,195.1,195.7215741375947,187.82886182467607,7.892712312918633,10.874861383837132,-2.9821490709184992,54.320987654320994,195.1,209.9444794315256,180.2555205684744,0.15217303363942183,14.642857142857142,7642905.0,0.5422283804391131,0.749999999375,0.03698818944818549
2024-11-18,196.0,200.0,190.0,199.0,1993300,-0.005076142131979711,-0.005089069507471293,193.4,198.9,195.15,195.76440888565708,188.4341313191445,7.330277566512564,10.165944620372219,-2.8356670538596553,53.086419753086425,195.15,209.99979677736346,180.30020322263655,0.15218853986536973,15.0,7605235.0,0.26209578007780165,0.5999999993999999,0.036987968847202415
2024-11-19,197.0,206.0,192.0,196.0,11972700,0.005102040816326481,0.005089069507471228,194.8,199.1,195.25,195.95449982632522,189.068640110319,6.885859716006223,9.50992763949902,-2.624067923492797,53.65853658536585,195.25,210.1224627596727,180.3775372403273,0.15234276834491867,15.5,7914405.0,1.5127732280569417,0.3571428568877551,0.036999044306088566
2024-11-20,195.0,204.0,191.0,197.0,8785100,-0.010152284263959421,-0.010204170174241736,195.4,197.0,195.5,195.80765369919826,189.50800010214724,6.2996535970510195,8.86787283100942,-2.5682192339584002,53.01204819277108,195.5,210.1675668382568,180.8324331617432,0.15005183466247354,16.0,8050445.0,1.0912564460722358,0.30769230745562126,0.03656829076632639
2024-11-21,183.0,195.0,181.0,195.0,5111100,-0.06153846153846154,-0.06351340572232586,193.6,194.9,195.2,193.83724543778314,189.02592602050672,4.811319417276422,8.05656214826282,-3.245242730986398,45.74468085106383,195.2,210.65181444333697,179.748185556663,0.15831777093582977,16.428571428571427,7932070.0,0.644358912616757,0.14285714275510203,0.039219626260727496
2024-11-22,174.0,183.0,152.0,180.0,9650100,-0.049180327868852514,-0.05043085362689197,189.0,191.1,194.4,190.78536152427804,187.91289446343214,2.8724670608459064,7.019743130779437,-4.147276069933531,38.144329896907216,194.4,212.42748314524354,176.37251685475647,0.18546793359304048,17.071428571428573,8329265.0,1.1585776175929088,0.7096774191259105,0.040633906391814245
2024-11-25,188.0,208.0,174.0,174.0,39880600,0.08045977011494254,0.0773866636154202,187.4,190.4,194.3,190.3568443666968,187.91934672540015,2.437497641296659,6.103294032882881,-3.6657963915862224,46.78899082568807,194.3,212.45200847596772,176.1479915240323,0.18684517216642002,18.214285714285715,10049110.0,3.9685703510062087,0.4117647057612457,0.04478145615304063
2024-11-26,190.0,197.0,187.0,188.0,8568400,0.010638297872340496,0.010582109330537008,186.0,190.4,194.25,190.30194523335885,188.07346919018534,2.228476043173515,5.328330434941009,-3.0998543917674937,35.55555555555554,194.25,212.4457381107953,176.0542618892047,0.18734350693225538,16.5,10287980.0,0.8328554293457024,0.29999999969999996,0.044828202465679576
2024-11-28,200.0,200.0,186.0,190.0,15857000,0.05263157894736836,0.05129329438755048,187.0,191.2,194.7,191.79395365899595,188.95691591683826,2.8370377421576904,4.830071896384346,-1.9930341542266552,47.72727272727273,194.7,213.00216096299704,176.39783903700294,0.1880037078890298,15.571428571428571,10937480.0,1.449785508179215,0.9999999992857143,0.046306539252627024
2024-11-29,206.0,210.0,197.0,200.0,21679700,0.030000000000000027,0.02955880224154443,191.6,192.6,195.5,193.97949924991963,190.21936658966504,3.760132660254584,4.616084049158394,-0.8559513889038097,46.51162790697675,195.5,214.32832807254437,176.67167192745563,0.19261716698255105,15.5,11774695.0,1.8412111736227563,0.6923076917751478,0.046633307282506115
2024-12-02,200.0,214.0,198.0,206.0,8908500,-0.029126213592232997,-0.02955880224154439,196.8,192.9,195.95,194.90573013454738,190.94385795339358,3.961872181153808,4.485241675557477,-0.5233694944036689,53.33333333333333,195.95,214.75567218742532,177.14432781257466,0.1919435793562167,14.785714285714286,11991330.0,0.7429117537420786,0.124999999921875,0.04725585269101838
2024-12-03,204.0,206.0,196.0,200.0,6894200,0.020000000000000018,0.01980262729617973,200.0,193.7,196.3,196.30484857538625,191.91097958647555,4.393868988910697,4.466967138228121,-0.07309814931742409,59.45945945945946,196.3,215.4454444518054,177.15455554819462,0.19506311209175128,14.785714285714286,11351850.0,0.6073195117976365,0.7999999992,0.046967214306697556
2024-12-04,202.0,206.0,198.0,204.0,5017300,-0.009803921568627416,-0.009852296443011594,202.4,194.2,196.65,197.1810257176345,192.65831443192178,4.522711285712717,4.47811596772504,0.04459531798767635,56.75675675675676,196.65,215.95068559155231,177.3493144084477,0.1962947937101684,14.714285714285714,11284595.0,0.4446149817516712,0.49999999937499995,0.046962228296290674
2024-12-05,200.0,206.0,199.0,200.0,1889000,-0.00990099009900991,-0.009950330853168092,202.4,194.7,195.85,197.61471406876763,193.20214299252015,4.412571076247474,4.4650069894295275,-0.05243591318205354,55.26315789473684,195.85,212.9777134953988,178.7222865046012,0.17490644365993166,14.714285714285714,9752975.0,0.1936844911424463,0.14285714265306124,0.0399813156276693
2024-12-06,202.0,202.0,198.0,200.0,2530900,0.010000000000000009,0.009950330853168092,201.6,196.6,195.75,198.2893734428034,193.85383610418532,4.435537338618076,4.459113059267238,-0.023575720649161802,53.424657534246585,195.75,212.6997909039433,178.8002090960567,0.17317794027017416,14.142857142857142,9174360.0,0.27586665445873065,0.9999999975,0.03809530502248568
2024-12-09,206.0,214.0,199.0,200.0,5779800,0.01980198019801982,0.019608471388376337,202.8,199.8,195.45,199.47562368237212,194.75355194831974,4.722071734052378,4.511704794224266,0.21036693982811183,56.57894736842105,195.45,211.36988630969012,179.53011369030986,0.16290495072591588,14.5,9009450.0,0.641526397282853,0.46666666635555554,0.03728762774620525
2024-12-10,210.0,212.0,200.0,208.0,4869800,0.01941747572815533,0.019231361927887592,204.0,202.0,196.2,201.0947585004687,195.88291847066643,5.211840029802289,4.6517318413398705,0.5601081884624186,58.22784810126581,196.2,213.3930414655983,179.0069585344017,0.1752603615249572,14.357142857142858,8749405.0,0.5565864193050841,0.8333333326388889,0.03246145766191493
2024-12-11,208.0,214.0,206.0,212.0,3053800,-0.00952380952380949,-0.009569451016150672,205.2,203.8,197.1,202.15710334655046,196.78048006543187,5.376623281118583,4.796710129295613,0.5799131518229697,58.22784810126581,197.1,214.8034234299061,179.39657657009388,0.17963899979610462,14.0,8723890.0,0.3500502642743088,0.24999999968749997,0.031876178520520305
2024-12-12,222.0,228.0,208.0,208.0,36434900,0.06730769230769229,0.06513930217096145,209.6,206.0,198.6,205.20985667785038,198.64859265317764,6.561264024672738,5.1496209083710385,1.4116431163016996,74.07407407407408,198.6,219.31207735795545,177.88792264204454,0.20858083945574474,14.428571428571429,10358765.0,3.5173015316014986,0.6999999996499999,0.034788402992138284
2024-12-13,206.0,224.0,197.0,222.0,17576800,-0.07207207207207211,-0.07480121308269841,210.4,206.0,199.3,205.33141718895033,199.19314134553485,6.138275843415471,5.3473518953799255,0.7909239480355454,68.18181818181819,199.3,220.01919123210052,178.5808087678995,0.20791963102960875,14.142857142857142,11029860.0,1.5935651041808327,0.3333333332098765,0.03910938199560774
2024-12-16,200.0,208.0,187.0,208.0,5118600,-0.029126213592232997,-0.02955880224154439,209.2,206.0,199.45,204.51119915988102,199.252908653273,5.258290506608006,5.329539617625542,-0.07124911101753639,57.5,199.45,220.1425015924115,178.75749840758849,0.20749562890359993,13.214285714285714,11078580.0,0.462026721836192,0.6190476187528344,0.03943575492905631
2024-12-17,198.0,204.0,198.0,202.0,4195400,-0.010000000000000009,-0.01005033585350145,206.8,205.4,199.55,203.50947621220703,199.16010060488242,4.3493756073246175,5.133506815565358,-0.7841312082407406,55.0,199.55,220.19156871442647,178.90843128557356,0.20688116977626111,12.928571428571429,11188685.0,0.3749681039371472,0.0,0.03949424940388783
2024-12-18,199.0,204.0,197.0,198.0,2111900,0.005050505050504972,0.005037794029957081,205.0,205.1,199.65,202.81571064109826,199.14824130081706,3.667469340281201,4.840299320508527,-1.172829980227326,49.29577464788732,199.65,220.25890561310004,179.04109438689997,0.2064503442334088,12.428571428571429,10695645.0,0.1974541974794414,0.2857142853061225,0.03949398630677933
2024-12-19,184.0,195.0,184.0,195.0,3514900,-0.07537688442211055,-0.07836906711550677,197.4,203.5,199.1,199.92098592708314,198.02614935260837,1.8948365744747662,4.251206771301775,-2.356370196827009,36.25000000000001,199.1,220.79017825385745,177.40982174614254,0.2178822526756148,12.571428571428571,10432135.0,0.336930072319808,0.0,0.04302013968515752
2024-12-20,178.0,196.0,168.0,180.0,27802800,-0.03260869565217395,-0.03315220731690051,191.8,201.1,198.85,196.54852655368572,196.54273088204476,0.005795671640953515,3.4021245513696106,-3.396328879728657,36.25000000000001,198.85,221.4189736038303,176.2810263961697,0.22699495704129044,13.428571428571429,11566720.0,2.403689204891274,0.3571428570153061,0.04136813002601814
2024-12-23,184.0,185.0,173.0,174.0,6514500,0.03370786516853941,0.03315220731690055,188.6,198.9,199.35,194.61798400696483,195.613639705597,-0.995655698632163,2.5225685013692556,-3.5182242000014186,37.80487804878049,199.35,219.95890561322153,178.74109438677846,0.20676102947801894,13.571428571428571,11409940.0,0.5709495404883812,0.9166666659027777,0.040382190534199586
2024-12-24,180.0,182.0,178.0,181.0,1650800,-0.021739130434782594,-0.02197890671877523,185.0,195.9,198.95,192.3690633905087,194.4570738014787,-2.088010410970014,1.6004527189014015,-3.6884631298714154,36.904761904761905,198.95,220.76189055374888,177.1381094462511,0.2192700734229595,13.428571428571429,9498450.0,0.17379677736893914,0.49999999875,0.036411948549568786
2024-12-27,180.0,181.0,174.0,180.0,1912300,0.0,0.0,181.2,193.1,198.45,190.46613056119966,193.3861794458136,-2.920048884613948,0.6963523981983315,-3.616401282812279,37.80487804878049,198.45,221.54638023724456,175.35361976275541,0.23276775245396397,13.428571428571429,9165645.0,0.20863779908560717,0.8571428559183674,0.036302279431876125
2024-12-30,187.0,187.0,177.0,180.0,2663500,0.03888888888888897,0.038151765964376326,181.8,189.6,197.8,189.93287970563048,192.91312911649408,-2.9802494108635926,-0.03896796361405352,-2.941281447249539,41.379310344827594,197.8,221.43807457361783,174.1619254263822,0.239009854131626,13.857142857142858,8505970.0,0.31313301128501514,0.9999999989999999,0.03532945165860341
2025-01-02,178.0,182.0,177.0,180.0,736300,-0.048128342245989275,-0.04932506656250145,181.8,186.8,196.4,188.09705205861042,191.80845288564265,-3.711400827032236,-0.7734545362976902,-2.9379462907345455,34.78260869565217,196.4,221.277397077684,171.52260292231603,0.2533339824611403,13.5,7458800.0,0.09871561109025581,0.1999999996,0.03583283827242595
2025-01-03,177.0,179.0,176.0,179.0,264600,-0.005617977528089901,-0.00563381771825602,180.4,184.5,195.25,186.38981328036266,190.7115304496691,-4.321717169306453,-1.483107062899443,-2.83861010640701,31.460674157303373,195.25,221.5144574945918,168.9855425054082,0.26903413566803375,12.857142857142858,7026605.0,0.0376568769697457,0.3333333322222222,0.0354405742684222
2025-01-06,169.0,178.0,169.0,178.0,858500,-0.04519774011299438,-0.0462510176507557,178.2,181.6,193.5,183.71445739107608,189.1032689348788,-5.388811543802717,-2.264247959080098,-3.124563584722619,29.473684210526315,193.5,221.88792629082616,165.11207370917384,0.2934152588199086,12.928571428571429,6724820.0,0.1276614095247159,0.0,0.035967512358990525
2025-01-07,170.0,171.0,165.0,170.0,1633300,0.00591715976331364,0.005899722127188322,176.2,178.7,191.9,181.60454086937204,187.68821197673964,-6.083671107367593,-3.0281325887375976,-3.0555385186299953,18.292682926829272,191.9,221.83573188232774,161.96426811767228,0.3119930368142546,11.928571428571429,6555620.0,0.24914500840500212,0.8333333319444445,0.03611466428396191
2025-01-08,167.0,170.0,166.0,170.0,207500,-0.01764705882352946,-0.017804624633506707,172.2,177.0,190.25,179.35768842793019,186.15575183031447,-6.798063402384287,-3.782118751466936,-3.015944650917351,21.73913043478261,190.25,221.89491546737173,158.60508453262827,0.33266665405909834,10.285714285714286,6471545.0,0.032063440801230615,0.249999999375,0.03617805522255562
2025-01-09,162.0,167.0,161.0,167.0,901000,-0.029940119760479056,-0.030397477184371045,169.0,175.4,188.25,176.68727482363326,184.36643687992083,-7.679162056287566,-4.5615274124310625,-3.117634643856504,22.058823529411754,188.25,221.76874010353586,154.73125989646414,0.3561087926006466,9.214285714285714,6390050.0,0.14100046165522961,0.16666666638888888,0.03621430821952962
2025-01-10,164.0,165.0,159.0,162.0,499100,0.012345679012345734,0.012270092591814401,166.4,173.4,186.15,174.73538638922813,182.85781192585262,-8.12242553662449,-5.273707037269749,-2.8487184993547414,25.0,186.15,220.24415201059168,152.05584798940833,0.36630837508022207,9.214285714285714,6126015.0,0.08147221317610225,0.8333333319444445,0.03592485068443838
2025-01-13,163.0,167.0,159.0,165.0,765700,-0.0060975609756097615,-0.006116227017436094,165.2,171.7,183.8,172.9299423293469,181.386862894308,-8.45692056496111,-5.910349742808021,-2.546570822153088,23.529411764705884,183.8,217.4486590221979,150.15134097780214,0.36614427662892135,9.285714285714286,5920810.0,0.12932352161275232,0.49999999937499995,0.035245005381996396
2025-01-14,158.0,162.0,158.0,162.0,730800,-0.030674846625766916,-0.031155167779795576,162.8,169.5,181.3,170.63302812483198,179.65450267991483,-9.021474555082847,-6.532574705262987,-2.48889984981986,27.58620689655173,181.3,214.80758973461602,147.792410265384,0.3696369523951021,8.571428571428571,5804660.0,0.12589884678861465,0.0,0.03548353842052795
2025-01-15,155.0,160.0,147.0,159.0,1453900,-0.01898734177215189,-0.01916991610772017,160.4,166.3,177.95,168.22794687485782,177.82824322214333,-9.600296347285507,-7.146119033667492,-2.4541773136180156,29.09090909090908,177.95,207.4862514349169,148.41374856508307,0.33196124119041215,7.5,4055610.0,0.35849107779101047,0.6153846149112425,0.03002457218075084
2025-01-16,162.0,163.0,155.0,155.0,1351200,0.04516129032258065,0.04417121831313746,160.4,164.7,175.75,167.26980120180275,176.65578076124382,-9.385979559441068,-7.594091138822208,-1.7918884206188608,30.35714285714286,175.75,202.95159905168478,148.54840094831522,0.30954878010452097,7.214285714285714,3244330.0,0.4164804443444409,0.8749999989062499,0.030225084998750627
2025-01-17,156.0,164.0,156.0,162.0,356600,-0.03703703703703709,-0.037740327982847086,158.8,162.6,173.55,165.53598563229465,175.1257229270776,-9.589737294782935,-7.993220370014353,-1.596516924768582,29.310344827586206,173.55,199.58581827234562,147.5141817276544,0.3000382399578866,7.357142857142857,3006230.0,0.11862033177767503,0.0,0.03051818397458022
2025-01-20,155.0,157.0,154.0,156.0,459100,-0.0064102564102563875,-0.0064308903302904025,157.2,161.2,171.4,163.91506476578778,173.63492863618296,-9.719863870395187,-8.33854907009052,-1.3813148003046667,28.813559322033896,171.4,195.99654750032954,146.80345249967047,0.28700755542974954,7.071428571428571,2819415.0,0.1628351980818716,0.3333333322222222,0.03054048890180725
2025-01-21,154.0,158.0,148.0,155.0,1041200,-0.006451612903225823,-0.006472514505617479,156.4,159.6,169.15,162.38967018643584,172.1804894779472,-9.790819291511355,-8.629003114374688,-1.1618161771366662,18.867924528301884,169.15,191.21904575536678,147.08095424463323,0.26094053509153736,7.071428571428571,2765880.0,0.37644438659667084,0.5999999993999999,0.030315541063595623
2025-01-22,156.0,158.0,150.0,154.0,565800,0.01298701298701288,0.012903404835907782,156.6,158.5,167.75,161.40664400390722,170.98193470180297,-9.575290697895753,-8.818260631078902,-0.757030066816851,26.08695652173914,167.75,189.4010761017857,146.0989238982143,0.25813503549073846,6.928571428571429,2618425.0,0.21608409635563364,0.7499999990624999,0.026882786716168193
2025-01-23,144.0,156.0,131.0,156.0,1585700,-0.07692307692307687,-0.08004270767353637,153.0,156.7,166.05,158.72869877253686,168.98327287203978,-10.254574099502918,-9.105523324763706,-1.1490507747392122,21.05263157894737,166.05,189.57088974270386,142.52911025729617,0.2832988827787274,8.5,1307570.0,1.2127075414700552,0.519999999792,0.030598040059243176
2025-01-24,142.0,151.0,142.0,147.0,325800,-0.01388888888888884,-0.01398624197473984,150.2,154.5,163.95,156.15505280753118,166.98451191855534,-10.829459111024164,-9.450310482015798,-1.379148629008366,23.529411764705884,163.95,188.211093861904,139.68890613809597,0.29595722917845707,8.5,998135.0,0.32640875232308253,0.0,0.02881086843910974
2025-01-30,170.0,185.0,142.0,142.0,9730500,0.19718309859154926,0.179971379449001,153.2,155.2,163.45,158.28504468329558,167.20788140606973,-8.92283672277415,-9.344815730167468,0.4219790073933183,50.0,163.45,186.7098737747229,140.19012622527708,0.2846114869956917,11.142857142857142,1402120.0,6.9398482298234105,0.6511627905462412,0.054889511609482966
2025-01-31,170.0,170.0,170.0,170.0,0,0.0,0.0,156.4,156.4,162.95,160.0873455012501,167.4147050056201,-7.327359504370008,-8.941324485007977,1.6139649806379683,51.99999999999999,162.95,185.11613447351775,140.78386552648223,0.27206056426533,10.857142857142858,1306505.0,0.0,0.0,0.054889511609482966
2025-02-03,170.0,170.0,170.0,170.0,0,0.0,0.0,159.2,157.9,162.1,161.61236927028855,167.60620833853716,-5.9938390682486045,-8.351827401656102,2.357988333407498,55.71428571428571,162.1,181.5162341634831,142.6837658365169,0.23955871885852062,10.428571428571429,1173330.0,0.0,0.0,0.05406509930539595
2025-02-04,170.0,170.0,170.0,170.0,0,0.0,0.0,164.4,158.7,161.7,162.9027739979365,167.78352623938625,-4.8807522414497555,-7.657612369614832,2.776860128165077,54.41176470588235,161.7,180.03663694249965,143.36336305750032,0.22679823058131932,10.0,1136515.0,0.0,0.0,0.05303402952583247
2025-02-05,170.0,170.0,170.0,170.0,0,0.0,0.0,170.0,160.1,161.35,163.99465492133086,167.9477094809132,-3.953054559582341,-6.9167008076083345,2.9636462480259933,55.223880597014926,161.35,178.69755076443877,144.00244923556122,0.21503006835375,9.428571428571429,1123285.0,0.0,0.0,0.05302351631322427
2025-02-06,170.0,170.0,170.0,170.0,0,0.0,0.0,170.0,161.6,161.4,164.91855416420304,168.09973100084557,-3.1811768366425213,-6.1695960134151715,2.9884191767726502,59.67741935483871,161.4,178.84587544824063,143.95412455175938,0.21618185189889252,9.071428571428571,1080360.0,0.0,0.0,0.05198389446943915
2025-02-07,170.0,170.0,170.0,170.0,0,0.0,0.0,170.0,163.2,161.4,165.70031506201795,168.2404916674496,-2.5401766054316397,-5.443712131818466,2.9035355263868263,62.71186440677966,161.4,178.84587544824063,143.95412455175938,0.21618185189889252,8.142857142857142,998695.0,0.0,0.0,0.0519741302882094
2025-02-10,170.0,170.0,170.0,170.0,0,0.0,0.0,170.0,164.6,161.55,166.36180505247674,168.3708256180089,-2.009020565532154,-4.756773818561204,2.7477532530290496,57.692307692307686,161.55,179.2483686921577,143.85163130784233,0.21910700949746437,7.571428571428571,988320.0,0.0,0.0,0.0517871267594407
2025-02-11,170.0,170.0,170.0,170.0,0,0.0,0.0,170.0,167.2,161.95,166.9215273520957,168.4915052018601,-1.569977849764399,-4.119414624801843,2.549436775037444,65.21739130434783,161.95,180.04828842268114,143.85171157731884,0.223504642453611,7.0,943270.0,0.0,0.0,0.051243197359625375
2025-02-12,170.0,170.0,170.0,170.0,0,0.0,0.0,170.0,170.0,162.25,167.39513852869632,168.60324555727786,-1.2081070285815372,-3.5371531055577816,2.3290460769762444,66.66666666666666,162.25,180.687109079082,143.812890920918,0.22726790852489376,6.785714285714286,918315.0,0.0,0.0,0.051206143168893506
2025-02-13,170.0,170.0,170.0,170.0,0,0.0,0.0,170.0,170.0,162.6,167.7958864473584,168.70670884933136,-0.9108224019729505,-3.0118869648408153,2.101064562867865,68.18181818181819,162.6,181.3599978012769,143.84000219872308,0.2307502804585106,6.071428571428571,880030.0,0.0,0.0,0.05116762076710154
2025-02-14,170.0,170.0,170.0,170.0,0,0.0,0.0,170.0,170.0,163.2,168.1349808400725,168.80250819382533,-0.6675273537528312,-2.5430150426232188,1.8754876888703875,66.66666666666666,163.2,182.1075490804795,144.2924509195205,0.23171016029999386,5.5,843490.0,0.0,0.0,0.05055332288640918
2025-02-17,170.0,170.0,170.0,170.0,0,0.0,0.0,170.0,170.0,163.95,168.4219068646767,168.891211290579,-0.46930442590229404,-2.1282729192790337,1.6589684933767397,93.33333333333333,163.95,182.6771444308525,145.22285556914747,0.22844945935776176,3.7142857142857144,770795.0,0.0,0.0,0.05026090011910698
2025-02-18,170.0,170.0,170.0,170.0,0,0.0,0.0,170.0,170.0,164.35,168.6646904239572,168.97334378757316,-0.30865336361594586,-1.7643490081464162,1.4556956445304703,100.0,164.35,183.2427900923792,145.45720990762078,0.22990921925621194,3.0714285714285716,703235.0,0.0,0.0,0.04940334816383199
2025-10-09,187.0,187.0,187.0,187.0,12366200,0.10000000000000009,0.09531017980432493,173.4,171.7,170.85,172.61538461536398,171.25924851230323,1.3561361030607486,0.27124087549639014,1.0848952275643584,100.0,170.85,178.46512632496302,163.23487367503697,0.08914400146283909,1.2142857142857142,618310.0,20.0,0.0,0.022360679774998005
2025-10-10,204.0,204.0,204.0,204.0,10282300,0.09090909090909083,0.08701137698962969,180.2,175.1,172.55,177.44378698223107,173.68448936324373,3.759297618987347,0.9688522241945817,2.790445394792765,100.0,172.55,189.19396971470854,155.90603028529148,0.19291764375205483,2.4285714285714284,1132425.0,9.079894915778087,0.0,0.029417278095427497
2025-10-13,184.0,224.0,184.0,224.0,22863800,-0.0980392156862745,-0.10318423623523075,183.0,176.5,173.25,178.4524351388109,174.4486012622627,4.003833876548185,1.5758485546653027,2.4279853218828826,62.96296296296296,173.25,190.60483070805017,155.89516929194983,0.20034436603809724,5.285714285714286,2275615.0,10.047305893132187,0.0,0.03800616981498372
2025-10-14,166.0,166.0,166.0,166.0,2768000,-0.09782608695652173,-0.10294796925244237,182.2,176.1,173.05,176.5366758866861,173.82277894653956,2.7138969401465545,1.8034582317615533,0.9104387083850012,47.22222222222222,173.05,190.6529495573596,155.44705044264043,0.20344350831967153,6.571428571428571,2414015.0,1.1466374484002793,0.0,0.04439349508405647
2025-10-15,165.0,165.0,150.0,155.0,5239600,-0.0060240963855421326,-0.006042314455962586,181.2,175.6,172.8,174.7618026733498,173.1692397653144,1.5925629080354042,1.7612791670163235,-0.16871625898091924,46.57534246575342,172.8,190.72442149009834,154.8755785099017,0.2074585820613232,7.714285714285714,2675995.0,1.958000668910069,0.9999999993333333,0.04441215770630526
2025-10-16,163.0,165.0,163.0,165.0,699600,-0.012121212121212088,-0.012195273093818243,176.4,174.9,172.45,172.9522945697575,172.41596274566146,0.5363318240960382,1.5162896984322665,-0.9799578743362283,45.33333333333333,172.45,190.87111607203775,154.02888392796223,0.2136400820184142,7.857142857142857,2710975.0,0.25806213631626995,0.0,0.04448691316745264
2025-10-17,165.0,175.0,165.0,175.0,944600,0.012269938650306678,0.012195273093818206,168.6,174.4,172.2,171.72886463594867,171.86663217190875,-0.13776753596008007,1.1854782515537972,-1.3232457875138772,46.753246753246756,172.2,190.89479639045322,153.50520360954675,0.21712887793790053,8.714285714285714,2758205.0,0.34246910581338225,0.0,0.04458816970108778
2025-10-20,151.0,164.0,150.0,164.0,1544900,-0.08484848484848484,-0.08866563708565627,162.0,172.5,171.25,168.5398085381104,170.32095571473033,-1.7811471766199247,0.5921531659190526,-2.373300342538977,39.56043956043957,171.25,192.20937527924823,150.29062472075177,0.24478102515910347,9.785714285714286,2835450.0,0.5448517871942725,0.07142857137755101,0.048406932111202464
2025-10-21,151.0,158.0,151.0,158.0,621800,0.0,0.0,159.0,170.6,170.3,165.8413764553242,168.8897738099355,-3.0483973546112964,-0.13595693818701737,-2.912440416424279,39.56043956043957,170.3,193.1362740418007,147.46372595819932,0.2681887732448701,10.285714285714286,2866540.0,0.2169165614294585,0.0,0.048406932111202464
2025-10-22,163.0,164.0,152.0,152.0,955200,0.07947019867549665,0.07647036399183797,158.6,169.9,169.95,165.40424161604355,168.4534942684588,-3.049252652415248,-0.7186160810326637,-2.3306365713825845,46.60194174757281,169.95,193.01901867536586,146.88098132463412,0.27148006678865394,11.214285714285714,2914300.0,0.3277630992004941,0.9166666659027777,0.051952153440254806
2025-10-23,162.0,163.0,162.0,163.0,109500,-0.006134969325153339,-0.0061538655743782235,158.4,167.4,169.55,164.88051213665221,167.9754576559804,-3.094945519328178,-1.193881968691767,-1.9010635506364109,46.15384615384615,169.55,192.89119109211063,146.2088089078894,0.2753310656692494,11.285714285714286,2919775.0,0.03750288977746573,0.0,0.05196522620011649
2025-10-24,158.0,162.0,150.0,162.0,482200,-0.024691358024691357,-0.02500130220541727,157.0,162.8,168.95,163.82197180793648,167.2365348666485,-3.4145630587120195,-1.6380181866958177,-1.7765448720162018,44.444444444444436,168.95,192.85266757911998,145.04733242088,0.28295552032104165,12.142857142857142,2943885.0,0.1637971591960963,0.666666666111111,0.052229915561843865
2025-10-27,152.0,154.0,152.0,152.0,209600,-0.03797468354430378,-0.03871451218069039,157.2,159.6,168.05,162.0032069144078,166.10790265430418,-4.1046957398963855,-2.1313536973359315,-1.973342042560454,42.10526315789473,168.05,193.11351177860152,142.9864882213985,0.298286364517721,12.571428571428571,2954365.0,0.07094587161708184,0.0,0.05282676345758574
2025-10-28,151.0,152.0,148.0,148.0,492800,-0.006578947368421018,-0.006600684031352024,157.2,158.1,167.1,160.31040585065273,164.98879875398538,-4.67839290333265,-2.6407615385352754,-2.0376313647973747,41.7391304347826,167.1,193.26829422587485,140.93170577412513,0.3132051971977841,12.857142857142858,2979005.0,0.1654243614898263,0.7499999981250001,0.052819385407692224
2025-10-29,142.0,152.0,142.0,151.0,675800,-0.05960264900662249,-0.061452779213663565,153.0,155.8,165.7,157.49342033516768,163.2859247722087,-5.7925044370410035,-3.2711101182364213,-2.521394318804582,28.971962616822438,165.7,194.11461154109122,137.28538845890876,0.3429645327832376,12.357142857142858,3012795.0,0.22430998458242263,0.0,0.054210512855435676
2025-10-30,148.0,148.0,143.0,143.0,389900,0.04225352112676051,0.04138521616285428,150.2,154.3,164.6,156.03289412975727,162.15363404834136,-6.120739918584093,-3.841036078305956,-2.279703840278137,20.83333333333333,164.6,193.99997568199862,135.20002431800137,0.3572293521506516,11.571428571428571,3032290.0,0.12858268833126119,0.9999999980000001,0.055332367926142226
2025-10-31,148.0,148.0,143.0,147.0,744200,0.0,0.0,148.2,152.6,163.5,154.79706426364078,161.1052167114272,-6.308152447786426,-4.3344593522020505,-1.973693095584376,26.31578947368422,163.5,193.68505453844492,133.31494546155508,0.3692361411430571,9.071428571428571,3069500.0,0.24244991040886138,0.9999999980000001,0.055332367926142226
2025-11-03,142.0,143.0,141.0,141.0,2296900,-0.04054054054054057,-0.041385216162854364,146.2,151.7,162.1,152.82828514615758,159.6900154735437,-6.8617303273861125,-4.839913547238863,-2.0218167801472493,31.25,162.1,193.585011331821,130.614988668179,0.3884640509786675,8.285714285714286,3184345.0,0.7213100339316248,0.4999999975,0.05586236003936887
2025-11-04,141.0,142.0,141.0,142.0,262700,-0.007042253521126751,-0.007067167223092443,144.2,150.7,160.65,151.00854896982565,158.30556988291082,-7.297020913085163,-5.331335020408123,-1.9656858926770395,31.25,160.65,193.2543368387453,128.0456631612547,0.4059052205259296,7.214285714285714,3197480.0,0.08215844977920111,0.0,0.05583495817444882
2025-11-05,141.0,141.0,140.0,140.0,252900,0.0,0.0,144.0,148.5,159.2,149.4687722052371,157.02367581751,-7.554903612272909,-5.776048738781081,-1.7788548734918281,32.25806451612904,159.2,192.6226623665132,125.77733763348678,0.4198826930466484,7.142857142857143,3210125.0,0.07878197889490285,0.9999999900000002,0.05583495817444882
2025-11-06,145.0,145.0,141.0,141.0,458300,0.028368794326241176,0.027973852042406162,143.4,146.8,157.1,148.78126878904678,156.1330331643611,-7.351764375314332,-6.0911918660877316,-1.2605725092266002,34.375,157.1,188.37704121347502,125.82295878652496,0.39818002817918563,6.571428571428571,2614730.0,0.17527622354889416,0.9999999975,0.05060703164716785
2025-11-07,150.0,150.0,145.0,147.0,244900,0.034482758620689724,0.033901551675681416,143.8,146.0,154.4,148.96876589842418,155.67873441144548,-6.709968513021295,-6.214947195474445,-0.49502131754684964,49.09090909090909,154.4,176.65073959170002,132.1492604083,0.28822201543652864,5.857142857142857,2112860.0,0.11590924150203989,0.9999999980000001,0.04596244418661035
2025-11-10,165.0,165.0,150.0,150.0,517600,0.10000000000000009,0.09531017980432493,148.4,147.3,153.45,151.43510960635894,156.36919852911618,-4.93408892275724,-5.958775540931005,1.0246866181737646,60.0,153.45,171.6295327880973,135.27046721190268,0.23694405719253575,6.428571428571429,995550.0,0.5199136155893727,0.9999999993333333,0.048232714785101716
2025-11-11,150.0,181.0,150.0,181.0,3765600,-0.09090909090909094,-0.0953101798043249,150.2,147.2,152.65,151.21432351307294,155.89740604547794,-4.683082532404995,-5.703636939225803,1.020554406820808,41.0958904109589,152.65,169.88798259616846,135.41201740383156,0.2258497555999797,7.714285714285714,1045430.0,3.6019628286925,0.0,0.047546922943571414
2025-11-12,157.0,160.0,152.0,152.0,651600,0.046666666666666634,0.045610511252052274,153.4,148.7,152.25,152.1044275879848,155.97907967173882,-3.874652083754029,-5.337839968131449,1.4631878843774198,46.835443037974684,152.25,168.63133218002991,135.86866781997009,0.21518991369497426,8.357142857142858,816030.0,0.7985000551450314,0.6249999992187499,0.048869159371139115
2025-11-13,155.0,157.0,155.0,157.0,777700,-0.01273885350318471,-0.012820688429061434,155.4,149.4,151.85,152.54990026675637,155.90655525161003,-3.3566549848536624,-4.941602971475891,1.584947986622229,48.051948051948045,151.85,167.50047979083618,136.1995202091638,0.20613078420594252,7.642857142857143,819935.0,0.9484898193149457,0.0,0.048876521161117945
2025-11-14,153.0,155.0,152.0,155.0,333300,-0.012903225806451646,-0.01298719552681119,156.0,149.9,151.25,152.61914637956306,155.69125486260188,-3.072108483038818,-4.567704073788477,1.4955955907496588,50.68493150684931,151.25,165.6477572013918,136.8522427986082,0.19038356629939587,7.428571428571429,789370.0,0.42223545358957143,0.3333333322222222,0.04883068361193697
2025-11-17,153.0,153.0,151.0,153.0,299100,0.0,0.0,153.6,151.0,151.35,152.67773924424566,155.4919026505573,-2.81416340631165,-4.216995940293112,1.4028325339814618,51.388888888888886,151.35,165.76821369354647,136.93178630645352,0.19052809637986756,7.285714285714286,727080.0,0.41137151345106454,0.999999995,0.044834430253684804
2025-11-18,152.0,152.0,150.0,150.0,193900,-0.006535947712418277,-0.006557400546159052,154.0,152.1,151.4,152.57347166820787,155.23324319496047,-2.6597715267525928,-3.905551057585008,1.245779530832415,57.8125,151.4,165.82003875483295,136.97996124516706,0.19048928341919344,6.785714285714286,705685.0,0.2747684873562567,0.999999995,0.04487056017715034
2025-11-19,151.0,151.0,150.0,150.0,142700,-0.006578947368421018,-0.006600684031352024,152.8,153.1,150.8,152.3313991038682,154.9196696249634,-2.588270521095211,-3.6420949502870483,1.0538244291918373,52.54237288135593,150.8,164.14642241895223,137.4535775810478,0.17700825489326544,6.5,665060.0,0.21456710672721258,0.9999999900000002,0.04093108348574472
2025-11-20,153.0,153.0,151.0,153.0,58500,0.013245033112582849,0.0131580845775112,152.4,153.9,150.35,152.43426078019615,154.77747187496612,-2.34321109476997,-3.382318179183633,1.0391070844136632,54.09836065573771,150.35,162.67415863779203,138.02584136220796,0.16393958946181628,6.285714285714286,662510.0,0.08830055395390259,0.999999995,0.04108265295547823
2025-11-21,153.0,153.0,150.0,150.0,90800,0.0,0.0,152.4,154.2,150.1,152.5212975832429,154.6458072916353,-2.124509708392395,-3.1307564850253855,1.0062467766329903,60.0,150.1,161.96505891160018,138.2349410883998,0.1580953885622943,6.0,642940.0,0.14122624195103742,0.9999999966666667,0.04073611368185421
2025-11-24,152.0,153.0,151.0,153.0,421700,-0.006535947712418277,-0.006557400546159052,152.2,152.9,150.1,152.4410979550517,154.44982156632895,-2.0087236112772473,-2.9063499102757584,0.8976262989985111,60.0,150.1,161.96505891160018,138.2349410883998,0.1580953885622943,6.071428571428571,653545.0,0.645250135797841,0.4999999975,0.03982324993077585
2025-11-25,151.0,151.0,150.0,150.0,1067400,-0.006578947368421018,-0.006600684031352024,152.0,153.0,150.1,152.21939057735145,154.19427922808237,-1.974888650730918,-2.7200576583667906,0.7451690076358726,58.92857142857143,150.1,161.96505891160018,138.2349410883998,0.1580953885622943,6.142857142857143,682275.0,1.5644718038913927,0.9999999900000002,0.03982324993077585
2025-11-26,151.0,151.0,151.0,151.0,1047600,0.0,0.0,152.0,152.4,150.55,152.03179202698968,153.9576659519281,-1.9258739249384291,-2.5612209116811187,0.6353469867426895,55.769230769230774,150.55,161.78765483213138,139.31234516786864,0.14928800839762696,5.857142857142857,700865.0,1.4947243763064213,0.0,0.0372135584476753
2025-11-27,166.0,166.0,150.0,150.0,1247700,0.09933774834437092,0.09470795154161896,154.6,153.5,151.45,154.1807470997605,154.84969069622974,-0.6689435964692336,-2.1827654486387416,1.513821852169508,62.903225806451616,151.45,164.555669396167,138.344330603833,0.1730692558094025,6.642857142857143,743755.0,1.6775685541609804,0.999999999375,0.04218111105749367
2025-11-28,160.0,190.0,150.0,168.0,17695000,-0.03614457831325302,-0.036813973122716316,156.0,154.2,152.05,155.07601677672042,155.2311950891016,-0.15517831238116742,-1.7772480213872266,1.6220697090060592,45.283018867924525,152.05,165.58244218033997,138.51755781966006,0.1779998971435706,8.428571428571429,1591295.0,11.119874064833988,0.2499999999375,0.043239202612037606
2025-12-01,152.0,162.0,146.0,161.0,2297100,-0.050000000000000044,-0.05129329438755058,156.0,154.1,152.55,154.60278342645574,154.9918473047237,-0.3890638782679616,-1.4996111927633735,1.1105473144954119,52.17391304347826,152.55,165.23113567004995,139.86886432995007,0.1662554660117986,7.357142857142857,1591305.0,1.4435321952736904,0.374999999765625,0.04380901145525369
2025-12-02,150.0,156.0,140.0,152.0,2431300,-0.013157894736842146,-0.01324522675002068,155.8,153.9,153.0,153.8946628993087,154.62208083770713,-0.7274179383984176,-1.3451725418903824,0.6177546034919648,41.463414634146346,153.0,164.54308367907248,141.45691632092752,0.1508899827329736,7.785714285714286,1699735.0,1.4303994446193082,0.624999999609375,0.043913613160345234
2025-12-03,146.0,151.0,144.0,150.0,2045200,-0.026666666666666616,-0.02702867238791926,154.8,153.4,153.25,152.68009937633815,153.98340818306215,-1.3033088067240044,-1.3367997948571069,0.03349098813310247,39.53488372093023,153.25,163.87918731245054,142.62081268754946,0.13871696329462369,8.142857142857142,1789350.0,1.1429848827786626,0.2857142853061225,0.04444312671450031
2025-12-04,155.0,166.0,145.0,148.0,4670800,0.06164383561643838,0.059818495210910205,152.6,153.6,153.75,153.0370071645938,154.0587112806131,-1.0217041160192935,-1.2737806590895442,0.25207654307025074,52.0,153.75,163.66174963412362,143.83825036587638,0.12893332857396583,9.428571428571429,1999975.0,2.3354291928649107,0.47619047596371883,0.046049701951789535
2025-12-05,150.0,156.0,147.0,156.0,1115500,-0.032258064516129004,-0.03278982282299084,150.6,153.3,153.75,152.56977529311783,153.7580660005677,-1.1882907074498803,-1.2566826687616115,0.0683919613117312,47.27272727272727,153.75,163.66174963412362,143.83825036587638,0.12893332857396583,9.928571428571429,2043505.0,0.5458758358800199,0.3333333329629629,0.04616781735483388
2025-12-08,162.0,176.0,140.0,150.0,13756800,0.08000000000000007,0.0769610411361284,152.6,154.3,153.6,154.02057909417664,154.36857963015527,-0.34800053597862757,-1.0749462422050147,0.7269457062263871,57.57575757575758,153.6,162.8645698495,144.3354301505,0.12063241991536448,12.285714285714286,2705465.0,5.084819060679033,0.6111111109413581,0.044079861773311205
2025-12-09,164.0,173.0,154.0,163.0,2629400,0.012345679012345734,0.012270092591814401,155.4,155.6,154.3,155.55587461814946,155.0820181760697,0.4738564420797502,-0.7651857053480616,1.2390421474278117,59.701492537313435,154.3,164.48877823161345,144.11122176838657,0.1320645266573356,13.5,2648655.0,0.9927302725345506,0.5263157891966759,0.03857577087248702
2025-12-10,163.0,165.0,158.0,164.0,3343100,-0.0060975609756097615,-0.006116227017436094,158.8,156.8,154.6,156.7011246768957,155.66853534821269,1.0325893286830023,-0.4056306985418488,1.438220027224851,57.57575757575758,154.6,165.45505663179932,143.74494336820067,0.14042764077360065,13.857142857142858,2783230.0,1.2011583663585115,0.7142857132653061,0.037373027717254495
2025-12-11,158.0,163.0,150.0,163.0,2900400,-0.030674846625766916,-0.031155167779795576,159.4,156.0,154.75,156.90095164968096,155.84123643353024,1.059715216150721,-0.11256151560333477,1.172276731754056,53.52112676056338,154.75,165.7107261454231,143.7892738545769,0.14165720381806926,14.571428571428571,2889365.0,1.0038191782623518,0.6153846149112425,0.03796886355982329
2025-12-12,154.0,162.0,154.0,158.0,899800,-0.025316455696202556,-0.02564243061333767,160.2,155.4,154.8,156.4546513958839,155.70484854956504,0.7498028463188575,0.05991135678110374,0.6898914895377538,51.35135135135135,154.8,165.73620937660138,143.86379062339864,0.14129469478813136,15.0,2917690.0,0.3083946546754453,0.0,0.03831864379635764
