Date,Close,High,Low,Open,Volume,returns,log_returns,SMA_5,SMA_10,SMA_20,EMA_12,EMA_26,MACD,MACD_Signal,MACD_Hist,RSI,BB_Middle,BB_Upper,BB_Lower,BB_Width,ATR,Volume_SMA,Volume_Ratio,Price_Position,Volatility
2019-04-17,39.9725456237793,40.47288753324555,39.890298319172494,40.40434854850566,6420700,-0.0030768999507558847,-0.0030816433398641184,39.45026550292969,39.33305969238281,37.30838871002197,38.88621672518571,38.12235400225867,0.763862722927044,0.6723329761334983,0.09152974679354575,70.17832937834285,37.30838871002197,42.557485174514376,32.05929224552957,0.28138960946776903,1.5710356873240876,7731780.0,0.8304297328687572,0.14117546499021635,0.026331785944136116
2019-04-18,39.5955696105957,40.17130587944032,39.444780730904846,39.99995583055316,5178800,-0.009430873298180265,-0.009475625574711715,39.845055389404294,39.20009269714355,37.60962181091308,38.99818574763683,38.25607842191142,0.7421073257254136,0.6863915802406809,0.05571574548473268,66.7943193830775,37.60962181091308,42.64265832856444,32.57658529326173,0.2676462179255911,1.4613717696702377,7902485.0,0.6553381626159366,0.20754804967087065,0.026029475335563726
2019-04-22,39.677818298339844,40.034226726319375,39.246015427861565,39.396804312859075,4401700,0.0020772194604856686,0.0020750650231190987,39.78885345458984,39.24464492797851,37.92799015045166,39.10503605176496,38.383011054183136,0.7220249975818263,0.6935605820260938,0.028464415555732425,63.27891703886021,37.92799015045166,42.60923654799849,33.246743752904834,0.24684916753971908,1.3639471639650422,8080335.0,0.5447422662550501,0.5478262819181461,0.025795934659036842
2019-04-23,39.5064697265625,39.64355029856153,39.06781398784115,39.266580686510025,5687200,-0.004318497818830758,-0.004327849463619551,39.76966400146485,39.27823028564453,38.21894226074219,39.16793647788904,38.481810882561305,0.6861255953277379,0.6920665292215349,-0.005940933893797018,54.953687670554686,38.21894226074219,42.496373510556865,33.94151101092751,0.22383828524780375,1.217075116659363,8342650.0,0.6817018573235123,0.7619038836606504,0.025961465664743978
2019-04-24,38.36869812011719,39.6778122350527,38.28987857107266,39.403653757836445,5431300,-0.028799627360283298,-0.02922247498698848,39.42422027587891,39.258353042602536,38.46328716278076,39.04305931454323,38.47199952563449,0.571059788908741,0.6677734043279668,-0.09671361541922585,47.011919210136135,38.46328716278076,42.11368896064643,34.81288536491509,0.18981226344055185,1.233475518132685,8588980.0,0.6323568107039486,0.05678913230666271,0.027096066542144262
2019-04-25,37.92318344116211,38.36869187459292,37.57362797527385,38.2179030371828,6260500,-0.011611409841437603,-0.011679348683236761,39.014347839355466,39.23230667114258,38.64251861572266,38.86850284631795,38.424990822803096,0.44351202351485597,0.6227851595385822,-0.1792731360237262,32.99690303210744,38.64251861572266,41.752151234175734,35.53288599726958,0.160943578723559,1.1120627140020143,8812575.0,0.7104053015151645,0.4396570662950037,0.027042577618976733
2019-04-26,37.86836624145508,38.108255298504275,37.66274667618511,37.902635733234305,4009800,-0.0014454799078795766,-0.001446525621788727,38.668907165527344,39.25698127746582,38.79330711364746,38.71292535087104,38.377859102185866,0.3350662486851732,0.5651019078231841,-0.23003565913801094,40.51488401261902,38.79330711364746,41.37717115363322,36.209443073661696,0.13321184669387265,0.9754717305960219,8983795.0,0.44633698787650433,0.4615389026236913,0.026983298117162546
2019-04-29,38.03971481323242,38.16651480386389,37.559934103479954,37.73128417020623,5935200,0.00452484722168367,0.004514640877012747,38.34128646850586,39.06506996154785,38.92593231201172,38.6083820257548,38.34952733673069,0.2588546890241119,0.5037337608034752,-0.2448790717793633,42.253581482950565,38.92593231201172,40.994610977346596,36.85725364667684,0.10628794443525909,0.9150098193912422,9192105.0,0.6456845303660043,0.7909593917828178,0.026862707121901475
2019-04-30,38.882755279541016,39.20832196211423,38.108252276690955,38.21791621044539,6454100,0.022162113213723078,0.021920102698929682,38.21654357910156,38.9931037902832,39.036624908447266,38.65092817689452,38.39377465809614,0.25715351879837556,0.45434128124234485,-0.1971877624439693,52.090912310704766,39.036624908447266,40.81307475388045,37.26017506301408,0.0910145203177528,0.9436497934917293,8531640.0,0.7564899597263832,0.7040490307771382,0.026148580270164676
2019-05-01,38.471519470214844,39.39680882695089,38.30016939566412,38.94444473472077,7644400,-0.0105763032061299,-0.01063262980435906,38.237107849121095,38.8306640625,39.03251285552979,38.62314177753272,38.40016898413288,0.22297279339984044,0.4080102286087266,-0.18503743520888616,51.90220185965287,39.03251285552979,40.81404234156962,37.25098336948996,0.09128438605189304,0.9578472339149019,8043150.0,0.9504236524247341,0.15625014758694583,0.023700196648540027
2019-05-02,36.1205940246582,38.718261623158824,35.66137449341508,38.06713085684994,13932700,-0.06110820362519753,-0.06305503924137293,37.876589965820315,38.44546890258789,38.889264297485354,38.235952441186285,38.2141993927587,0.021753048427584076,0.3306822106127895,-0.30892916218520544,41.978026906743814,38.889264297485354,41.09654597540461,36.6819826195661,0.1135162476221995,1.1086355657203977,7986475.0,1.744536857624922,0.15022456186642785,0.027185688667283558
2019-05-03,36.53183364868164,36.56610313905692,35.44890258817456,36.46329466793108,7401700,0.011385184411493832,0.01132086096192535,37.609283447265625,38.139095306396484,38.66959400177002,37.97252417062409,38.07797323306932,-0.10544906244523133,0.2433867934462051,-0.3488358558914364,26.937346482760887,38.66959400177002,40.89809938396569,36.44108861957435,0.11525879387788067,1.0200233496059272,7691100.0,0.9623720924185097,0.9693255610718507,0.024448963204333637
2019-05-06,36.64149856567383,37.0321765184986,35.435195215908564,35.74362586671618,6089500,0.0030019001522565425,0.0029974034468539675,37.3296401977539,37.83546333312988,38.540054130554196,37.76692142325932,37.96245455735953,-0.19553313410020934,0.15554713293773853,-0.35108026703794787,29.389409664781525,38.540054130554196,40.92644308453253,36.15366517657586,0.12383941890140865,1.0577204080742864,7145535.0,0.8522105062811952,0.7553647248437997,0.022980413084426513
2019-05-07,36.29193878173828,36.5489638402285,36.08631925786492,36.230252663116865,7330800,-0.009539996932958927,-0.009585794207014225,36.81147689819336,37.51401023864746,38.396120262146,37.53922363190996,37.82896161523232,-0.289737983322361,0.0664449295010514,-0.3561829128234124,22.979512780937853,38.396120262146,40.96281476266688,35.82942576162512,0.13369551314023448,1.0381369981632236,6973845.0,1.0511848198518894,0.4444438069034388,0.02302047621940587
2019-05-08,35.969810485839844,36.596952441117494,35.85329367994731,36.5524023590871,5390700,-0.008876028856869111,-0.008915655459850921,36.31113510131836,37.27412147521973,38.26623725891113,37.297075924517074,37.68125676688644,-0.3841808423693678,-0.023716798815118047,-0.3604640435542497,22.34847426754459,38.26623725891113,41.05013265353359,35.48234186428868,0.14550139203844317,1.0496419658130185,6784385.0,0.7945746003506582,0.15668047014248995,0.022889752678046
2019-05-09,36.27823257446289,36.42216598808462,35.33237957213075,35.81901308366761,4579700,0.008574470770271736,0.008537918789750307,36.3426628112793,37.109626388549806,38.17096652984619,37.13994670379338,37.570385801678704,-0.4304390978853263,-0.10508766498495904,-0.3253514329003673,26.864178612095486,38.17096652984619,41.093714361411514,35.248218698280866,0.153139838850033,1.0755891992000473,6559275.0,0.6982021641111251,0.8679251088159331,0.022978184573568
2019-05-10,36.37419128417969,36.815589738173266,35.97666049630054,36.28508851904,4758100,0.0026450767555954435,0.0026415846965613158,36.311134338378906,36.960208892822266,38.108595085144046,37.02189400267221,37.476324593597205,-0.4544305909249928,-0.1749743938050911,-0.2794561971199017,27.003771693077013,38.108595085144046,41.13220312991726,35.084987040370834,0.15868378448576875,1.0792119094439698,6429875.0,0.7399988335698594,0.47385496094187624,0.022811908129703
2019-05-13,34.92113494873047,36.01777404187819,34.790907258885916,35.83271570467317,4213100,-0.039947454064255705,-0.04076726066844608,35.967061614990236,36.64835090637207,37.85671043395996,36.69813367374022,37.27631254347277,-0.5781788697325467,-0.25563204092849323,-0.3225468288040535,22.914907213540005,37.85671043395996,41.065025271970285,34.64839559594964,0.16949781432315125,1.1487318890721896,6176445.0,0.6821237783223197,0.1061465601550214,0.01893108006008141
2019-05-14,35.969810485839844,36.32621898586766,34.845754316687795,35.18160164263926,4204500,0.030029824020582074,0.029587757182134487,35.902635955810545,36.35705642700195,37.675080108642575,36.585917772667244,37.17447176090662,-0.5885539882393758,-0.3222274954584889,-0.2663264927808869,35.6792873051225,37.675080108642575,40.87857188774913,34.47158832953602,0.17005892329193392,1.1553412465864632,6100305.0,0.6892278336902827,0.7592590251965633,0.020603063534075455
2019-05-15,36.29193878173828,36.5489638402285,35.414624804167666,35.62709979377345,2928700,0.008955518295689968,0.008915655459851013,35.967061614990236,36.1390983581543,37.484881210327146,36.54063349149077,37.10594457742269,-0.565311085931917,-0.3708506766825472,-0.19446040924936986,40.116305676835715,37.484881210327146,40.531028923385676,34.438733497268615,0.16252673689782493,1.1795747388162847,5912660.0,0.495326976352437,0.7734142456060387,0.02046477336729002
2019-05-16,36.3125114440918,36.70318944749443,36.14116135085924,36.52498650095434,3689700,0.0005668658948545513,0.0005667052870756919,35.973917388916014,36.15829010009766,37.301879501342775,36.505500540947935,37.04455526442412,-0.539054723476184,-0.4044950637261673,-0.1345596597500167,40.53380977845116,37.301879501342775,40.15223532775123,34.45152367493432,0.15282639183400115,1.1878975584102862,5776110.0,0.6387863112025222,0.3048781568210387,0.020496821937442223
2019-05-17,34.818328857421875,35.99721801169411,34.722373249905615,35.87384576928914,4440800,-0.041147872379205364,-0.04201841033532025,35.66274490356445,35.98693962097168,37.06301746368408,36.24570258511029,36.87287437168795,-0.6271717865776623,-0.4490341972669117,-0.17813758931075058,33.117824795156935,37.06301746368408,39.90471516323897,34.2213197641292,0.15334410925064593,1.2581516651104465,5739210.0,0.7737650303787456,0.07526846376884173,0.022058820131557643
2019-05-20,34.32484436035156,34.640127834854894,34.215177814860645,34.544172222144695,5168400,-0.014173124135023585,-0.01427452208291816,35.543486785888675,35.75527420043945,36.79536876678467,35.94996142649526,36.67697300769588,-0.727011581200621,-0.504633457943258,-0.22237812325736306,25.205121383631877,36.79536876678467,39.60831289458954,33.9824246389798,0.15289664009804,1.217761943230405,5777545.0,0.8945668099512856,0.258069273444695,0.02203823386515618
2019-05-21,34.701820373535156,35.085642895320106,34.283725742652415,34.461928682824734,4968400,0.01098259934483603,0.010922728559689555,35.28988876342773,35.59626235961914,36.5551362991333,35.75781630192687,36.52554186728398,-0.7677255653571038,-0.5572547444013721,-0.21047082095573166,29.416241815062705,36.5551362991333,39.20937832017347,33.90089427809313,0.14521855420372753,1.196710351900471,5741605.0,0.8653329513263277,0.5213688524783412,0.022398316127306785
2019-05-22,34.413944244384766,34.68810537683383,34.24602192342174,34.58529429851685,3019100,-0.008295706854904217,-0.008330307722997924,34.91428985595703,35.44067573547363,36.35739860534668,35.55095431983645,36.36406861388573,-0.8131142940492779,-0.6084288832790624,-0.20468541077021551,37.97104800417287,36.35739860534668,39.03193531409575,33.682861896597615,0.1471247565196126,1.0109183033554474,5620995.0,0.5371113121431348,0.3798430270767521,0.02177087533619824
2019-05-23,33.385841369628906,34.17405260427176,33.04314128753969,33.92730812683246,4919200,-0.029874601628193553,-0.030329939168251985,34.328955841064456,35.15143661499023,36.13053150177002,35.21770675716779,36.136868734210005,-0.919161977042215,-0.670577667600761,-0.24858430944145404,29.6000617413128,36.13053150177002,39.00790395008359,33.25315905345646,0.15927650818934694,1.029032760924213,5553930.0,0.8857151602558909,0.303030020116164,0.022427305858971604
2019-05-24,33.7216911315918,33.978716212450585,33.20078550354516,33.85191623130629,2918900,0.01005964649039548,0.01000938504051987,34.10962829589844,34.886186599731445,35.923197746276855,34.98746090657441,35.95302901059854,-0.9655681040241291,-0.729577399557921,-0.23599070446620807,31.606292324920815,35.923197746276855,38.870069043564605,32.976326448989106,0.16406508786335253,0.9705291470895975,5499385.0,0.5307684404710709,0.6696041374732798,0.022699093468889552
2019-05-28,33.28303909301758,33.8793366144738,32.967752971868606,33.838211655734035,6613000,-0.013008008313179498,-0.013093353374054222,33.90126724243164,34.72237701416016,35.685363960266116,34.725155793677814,35.750208007720225,-1.025052214042411,-0.7886736803459191,-0.23637853369649187,31.255450965667535,35.685363960266116,38.68040317897072,32.69032474156151,0.16785812929017244,0.9959865995750466,5533275.0,1.1951330812222418,0.3458663615214282,0.02262868324085622
2019-05-29,33.385841369628906,33.8793303245075,32.906060731785175,33.036288436319325,3525900,0.0030887286561789296,0.003083968333534268,33.63807144165039,34.46398010253906,35.41051826477051,34.519049994885535,35.570941788108165,-1.0518917932226302,-0.8413182421316281,-0.21057355109100206,33.45039555531666,35.41051826477051,38.16971053395767,32.65132599558335,0.15584026466691095,1.0123873732573425,5386865.0,0.6545365439824462,0.49295759006727513,0.02174588844041429
2019-05-30,33.70573043823242,33.78917693192172,33.392802771002295,33.46234107362401,3777600,0.009581578761544085,0.009535966562224872,33.496428680419925,34.205359268188474,35.17222881317139,34.393894402800655,35.42976798550231,-1.0358735827016545,-0.8802298656108817,-0.15564371709077285,33.54800399708026,35.17222881317139,37.624439858267664,32.72001776807511,0.1394401849323786,0.9633551694244099,5193525.0,0.7273672505668115,0.7894754254654409,0.022054073462550457
2019-05-31,32.516597747802734,33.37888682463397,32.50964498024246,33.3510704489617,3396900,-0.03527983743324703,-0.03591720667496308,33.32257995605469,33.82576789855957,34.99202899932861,34.105021906310654,35.20963169364307,-1.1046097873324143,-0.9251063623541999,-0.17950342497821448,28.35580345581137,34.99202899932861,37.67008409167694,32.31397390698028,0.15306657938582036,0.988866327718498,4666735.0,0.7278964843729074,0.007998657134542276,0.019258132435379445
2019-06-03,33.35106658935547,33.35106658935547,32.5791794964292,32.5791794964292,5905200,0.0256628583354519,0.025339094634793124,33.24845504760742,33.67904167175293,34.832990646362305,33.98900919800176,35.06939677791947,-1.080387579917712,-0.9561628895491857,-0.12422469036852635,40.53353732866095,34.832990646362305,37.503799549547836,32.162181743176774,0.15334938824521804,0.9353795288798524,4591910.0,1.2860008144758934,0.9999999870447375,0.020144212540082963
2019-06-04,34.72099685668945,34.72099685668945,33.82393862597864,33.851755001981054,7043000,0.04107605565368089,0.04025484715011915,33.5360466003418,33.71865692138672,34.736965560913085,34.10163877065796,35.04314505334316,-0.9415062826852036,-0.9532315467555776,0.011725264070373997,42.75129632114488,34.736965560913085,37.26846070104143,32.20547042078474,0.14575223248497243,0.9274842144622895,4639585.0,1.5180237025509824,0.9999999888524517,0.02253297723806224
2019-06-05,35.006103515625,35.16604367771611,34.109045401852235,35.110413585678685,6413300,0.00821136156062341,0.008177831756461165,33.86009902954102,33.7490852355957,34.67267379760742,34.24080401175067,35.04035755071947,-0.7995535389688015,-0.922495765516644,0.12294222654784248,42.504189616156445,34.67267379760742,37.10110392581122,32.24424366940362,0.14007746517497438,0.9219598744482208,4593710.0,1.3961046735645044,0.8486845492276337,0.022588381009507667
2019-06-06,35.50680160522461,35.680650022039366,34.87399347412753,34.96439274091546,6228100,0.014303165428740883,0.0142018401962258,34.220313262939456,33.85837097167969,34.64952335357666,34.4355927917306,35.07541771565618,-0.6398249239255804,-0.8659613327979001,0.22613640887231967,45.55207941108834,34.64952335357666,37.034323156109046,32.26472355104428,0.1376526758072253,0.9394333352536955,4635580.0,1.3435427713468433,0.7844827205461614,0.022786933124545976
2019-06-07,35.67369079589844,35.944893872776,35.3746713386447,35.555475158373774,5391100,0.004700203429454319,0.0046891919639196625,34.851731872558595,34.08715591430664,34.61929626464844,34.62608589097005,35.120337785760185,-0.494251894790132,-0.7916191670492823,0.2973672722591503,55.532843516573756,34.61929626464844,36.931391903348874,32.307200625948006,0.13357265387635478,0.8665822166783467,4676150.0,1.1528928712723074,0.524390802031994,0.02272300813250183
2019-06-10,35.89621353149414,36.23000210994551,35.868399806160056,35.9657544766189,5434400,0.006237726756921136,0.006218352664496529,35.36076126098633,34.30460815429687,34.59539737701416,34.8215044513205,35.17853406757186,-0.35702961625136,-0.7047009967301111,0.3476713804787511,60.53352290307651,34.59539737701416,36.840013048820026,32.35078170520829,0.12976383230083854,0.8632365217844783,4709965.0,1.1538089985806688,0.07691799602418183,0.022764118031334758
2019-06-11,36.18827438354492,36.27867361861475,35.854485858701885,36.16045800996249,5144300,0.008136257931342428,0.008103337032843383,35.65421676635742,34.59513168334961,34.65875434875488,35.03178977636146,35.25420127191829,-0.22241149555683393,-0.6082428655241182,0.3858313699672843,60.07904627155602,34.65875434875488,37.0110339940977,32.306474703412064,0.1357394222350247,0.836255850873419,4756525.0,1.0815248527023404,0.786888610465137,0.02082566895914817
2019-06-12,36.50120162963867,36.60550905057121,35.93793200682765,36.20218224807774,3103900,0.008647199995699184,0.008610027102399304,35.95323638916015,34.906667709350586,34.68532390594483,35.25786498963849,35.34756750580709,-0.08970251616860025,-0.5045345969874407,0.4148320808188405,64.10493438893964,34.68532390594483,37.11082082639811,32.25982698549154,0.13985724492759144,0.851382893275572,4701495.0,0.6601942573585636,0.8437522225372889,0.019835793437614508
2019-06-13,36.77241134643555,36.821088682294246,36.18828066341528,36.63333210710389,4179800,0.007430158588988878,0.007402690936091884,36.20635833740234,35.213335800170896,34.709347534179685,35.49088245735701,35.45416422768792,0.03671822966909133,-0.3962838657623714,0.43300209543146273,75.49306597702615,34.709347534179685,37.21019360822076,32.208501460138606,0.1441021656531224,0.7986689691351359,4764050.0,0.8773627480819891,0.9230772309495953,0.019806187588685353
2019-06-14,35.56938552856445,36.640289711520985,35.4650754221188,36.598567791115684,3919300,-0.032715445460927195,-0.03326256152261536,36.18549728393555,35.51861457824707,34.67219123840332,35.50296030624114,35.46277790499491,0.04018240124623418,-0.3089905053393019,0.34917290658553607,62.30268191059079,34.67219123840332,37.093566084148954,32.25081639265769,0.1396724440688761,0.8364836273788018,4775530.0,0.8207047175915553,0.08875837070627318,0.021181265668569076
2019-06-17,34.31767654418945,34.999164674996656,34.10905897378879,34.81140806582116,5787300,-0.035190627158003585,-0.03582473825334017,35.86978988647461,35.61527557373047,34.6471586227417,35.320603166861915,35.377231262553416,-0.056628095691500846,-0.2585179739064269,0.20188987821492604,56.21600066004785,34.6471586227417,37.072520603752494,32.221796641730904,0.14000351413629838,0.8756795496766924,4842855.0,1.1950182278841717,0.23437392634810753,0.02061870497804242
2019-06-18,34.49846649169922,35.16604350924175,34.3524345164959,34.59582114183476,5014200,0.005268129014415424,0.005254300966790779,35.53182830810547,35.59302253723145,34.65583972930908,35.19411720245899,35.3116232237916,-0.11750602133260912,-0.23031556126298666,0.11280953993037754,56.622484678289496,34.65583972930908,37.07758438722994,32.23409507138822,0.1397596870736188,0.8667579334145478,4835145.0,1.037031981460742,0.1794866756764944,0.020398302225944607
2019-06-19,33.726585388183594,34.93657126827417,33.60836976425021,34.734906512806454,5404000,-0.022374359848758796,-0.022628463258130012,34.976905059814456,35.465070724487305,34.6070779800415,34.968337943357476,35.19335449540853,-0.2250165520510521,-0.22925575875535095,0.004239206704298865,50.117793269042245,34.6070779800415,37.06394245120124,32.15021350888176,0.14198624180733527,0.9328197863953436,4856925.0,1.1126381403871792,0.08900428337506645,0.02085056718298816
2019-06-20,34.02560806274414,34.48456771918093,33.81003509808596,34.140348640032336,4228300,0.008866082086842697,0.008827009160407214,34.42754440307617,35.31695137023926,34.58766117095947,34.82329978656506,35.1062694312923,-0.2829696447272383,-0.23999854134441154,-0.04297110338282675,59.47603885296184,34.58766117095947,37.0570585304785,32.11826381144044,0.14279065284659298,0.9015267058958705,4917385.0,0.8598675922263561,0.31958863770347107,0.020896994613500634
2019-06-21,33.62923049926758,34.26203848596494,33.59446135438182,33.94911087656169,9478500,-0.011649389564049262,-0.011717775323033159,34.039513397216794,35.11250534057617,34.599830627441406,34.63959382854473,34.99617396492888,-0.3565801363841459,-0.2633148697193322,-0.09326526666481366,51.848473771440126,34.599830627441406,37.04658540062013,32.15307585426268,0.14143160407485833,0.8896058694694696,5145350.0,1.8421487362375737,0.05208258749438951,0.0199165180064887
2019-06-24,34.47761535644531,34.561061844220866,33.60141795029589,33.73354177700019,4602300,0.02522760243343103,0.024914639095229667,34.07150115966797,34.97064552307129,34.637626838684085,34.61467372032104,34.95753958685897,-0.3428658665379274,-0.27922507419639386,-0.06364079234153353,48.262207528391215,34.637626838684085,37.05038367625671,32.22487000111146,0.13931421161209587,0.8602996999402548,5229520.0,0.8800616500175924,0.9130443100464093,0.020575477675059815
2019-06-25,34.55410385131836,34.92474926390623,34.10905241268126,34.41502726628113,4005200,0.0022184972505283618,0.002216040019072794,34.082628631591795,34.80722846984863,34.70118007659912,34.60535517031772,34.92749515271448,-0.3221399823967559,-0.287808058043238,-0.034331924353517895,46.67353171218689,34.70118007659912,37.029175226922916,32.37318492627533,0.13417383185153905,0.8430638838946187,5099130.0,0.7854673248181553,0.5456088650001011,0.020297593102794702
2019-06-26,35.082611083984375,35.6180645267137,34.63755956086295,34.665373291520794,5244400,0.015295064080958598,0.015179273775705267,34.353833770751955,34.6653694152832,34.7860185623169,34.67877988121514,34.93904226890717,-0.2602623876920305,-0.2822989228398331,0.022036535147802627,46.89091776347612,34.7860185623169,37.034495898360625,32.53754122627317,0.12927477354246367,0.8614427501434407,5185055.0,1.011445394504012,0.45390032083750514,0.02051214290746771
2019-06-27,35.40248489379883,35.562425089124055,35.13892961829177,35.19386736305792,4097200,0.009117730976428984,0.00907641541358101,34.62920913696289,34.528376770019534,34.870856285095215,34.79012004311165,34.973529109919724,-0.18340906680807478,-0.26252094837900675,0.07911188157093196,48.055810636311485,34.870856285095215,37.075320587776176,32.666391982414254,0.12643591454467443,0.854984998072611,5201035.0,0.787766281134428,0.6223331474260363,0.020504192619453795
2019-06-28,34.28984832763672,35.604141383922745,34.12990816947275,35.49287854986454,6507400,-0.0314282053787982,-0.031932669175586036,34.76133270263672,34.40042304992676,34.95951881408691,34.71315462030939,34.92267067380116,-0.20951605349176816,-0.2519199680060421,0.042403914514273944,39.787751578161114,34.95951881408691,36.89104205801949,33.02799557015434,0.11050056233349917,0.9205508481013912,5356560.0,1.2148468420030767,0.10849040403606416,0.02014402558331596
2019-07-01,34.880943298339844,34.90875967933337,34.43589181330778,34.76968042708183,4641700,0.01723819146282768,0.017091299538186402,34.84199829101563,34.456749725341794,35.03601264953613,34.73896841732574,34.91956758729903,-0.1805991699732914,-0.23765580689730045,0.05705663692400906,41.99324805794054,35.03601264953613,36.814435612310966,33.2575896867613,0.10151971233509524,0.9344596760859477,5293385.0,0.876886906960291,0.9411751307208226,0.019725660711010007
2019-07-02,34.352439880371094,34.81139948318409,33.907385813135626,34.769674918304474,4725800,-0.015151637771043447,-0.015267596636778761,34.801665496826175,34.44214706420898,35.017584800720215,34.679502187906216,34.87740502128926,-0.19790283338304704,-0.22970521152461343,0.03180237814156639,37.17846872287046,35.017584800720215,36.81726250185125,33.217907099589176,0.10278708319678427,0.9563154219045664,5177525.0,0.9127527148589336,0.492308996044848,0.01784514883119109
2019-07-03,34.30376052856445,34.52628622272636,34.21335863633758,34.39415976807581,2479400,-0.0014170566043099075,-0.0014180615785355905,34.645895385742186,34.49986457824707,34.98246765136719,34.62169553147423,34.834769481307404,-0.21307394983317351,-0.22637895896213645,0.01330500912896293,34.867853090910444,34.98246765136719,36.810278431093174,33.1546568716412,0.1044986761907033,0.9334668195838388,4980830.0,0.4977885211902434,0.2888907634549322,0.017730666614211958
2019-07-05,34.28984832763672,34.33157023246154,34.04645905439269,34.08122819265178,2529800,-0.0004055590615539284,-0.0004056413228720998,34.42336807250977,34.52628860473633,34.921619987487794,34.57064193068886,34.79427889282105,-0.22363696213218986,-0.2258305595665775,0.0021935974343876286,40.81829295465905,34.921619987487794,36.75694498892272,33.08629498605287,0.10511110321299585,0.8604507662804173,4795915.0,0.5274905831316861,0.8536644068322428,0.01736991039029388
2019-07-08,33.74049758911133,34.421982994721304,33.646617968150196,34.31072012549347,5936000,-0.016020798146331505,-0.016150518480831617,34.313497924804686,34.5374153137207,34.82496032714844,34.44292702540718,34.71599535304004,-0.2730683276328634,-0.23527811358736356,-0.037790214045499815,45.393993414771955,34.82496032714844,36.696776931951725,32.95314372234515,0.10749856351417443,0.811524942837235,4823160.0,1.2307284021264067,0.121077965259171,0.017591064694913647
2019-07-09,33.28848648071289,33.677907800118064,33.03119162554797,33.58750590132985,4967400,-0.01339669360846385,-0.013487238889172795,33.9950065612793,34.41850242614746,34.694573974609376,34.265320327443895,34.6099709614883,-0.344650634044406,-0.25715261843363346,-0.08749801561077253,40.74475230849406,34.694573974609376,36.61486556946091,32.77428237975784,0.11069694046434271,0.8015920141594535,4799810.0,1.0349159654236313,0.3978481771504742,0.017617779406992055
2019-07-10,33.06595993041992,33.670951524169276,33.0450989745817,33.61532142436213,3507400,-0.006684790262900586,-0.006707233548350835,33.737710571289064,34.269688034057616,34.538458251953124,34.08080293863103,34.495316414124204,-0.4145134754931732,-0.28862479071439323,-0.12588868477877996,44.48317450892069,34.538458251953124,36.45511759955386,32.62179890435239,0.11098696610132268,0.751424231699712,4717965.0,0.7434137387623689,0.033332061231754744,0.01740792023011559
2019-07-11,33.22590255737305,33.42061455280098,32.80866749364261,33.19113341084815,4202000,0.004837077988653293,0.004825416915480702,33.52213897705078,34.08401718139648,34.37469329833984,33.94927955899083,34.40107008906026,-0.45179053006943093,-0.32125793930612306,-0.13053259076330787,43.162911080468646,34.37469329833984,36.13887381148868,32.610512785191005,0.10264414567061982,0.7409931408540713,4772870.0,0.8803927196843828,0.681815609157628,0.017278491982634935
2019-07-12,34.568016052246094,34.797497219079034,33.43452636689083,33.69877403130217,4328400,0.04039359028864742,0.03959909375893268,33.577772521972655,34.00057029724121,34.26447353363037,34.044469938187476,34.41346271477926,-0.36899277659178153,-0.33080490693193504,-0.038187869659846496,56.90890521293218,34.26447353363037,35.62782351862196,32.901123548638786,0.07957804947176361,0.8055658215771331,4780300.0,0.9054661841307031,0.8316316341022026,0.01986035626039068
2019-07-15,35.41638946533203,35.43029765298957,34.53323944444469,34.609733150203404,4923800,0.024542149361528542,0.02424582924782814,33.912950897216795,34.11322441101074,34.25682373046875,34.255534761246935,34.487899622603045,-0.23236486135611045,-0.3111168975384845,0.07875203618237403,56.90883262867699,34.25682373046875,35.590743930236556,32.92290353070095,0.07787763455614165,0.801095415478555,4830525.0,1.0193094953447088,0.9844957692042527,0.019458827693548973
2019-07-16,36.38298416137695,36.60898755739057,35.43029590199996,35.43029590199996,6011200,0.027292299148423682,0.026926505006809216,34.53185043334961,34.26342849731445,34.36008911132812,34.58283503691167,34.62853172310808,-0.04569668619641476,-0.2580328546698057,0.21233616847339093,61.90038851319485,34.36008911132812,35.99879592221652,32.72138230043972,0.09538431670412277,0.8280169326809528,4841720.0,1.2415422618408334,0.8082590955296851,0.018510345077083462
2019-07-17,35.88230514526367,36.3690811475984,35.625010281505695,36.27172647767462,4417500,-0.01376135101762177,-0.013856916158370656,35.09511947631836,34.41641502380371,34.429281044006345,34.78275370529228,34.72156030335472,0.06119340193755818,-0.1941876027707724,0.2553810047083306,55.22246320596736,34.429281044006345,36.20382044701028,32.65474164100241,0.10308315185180769,0.806160733000661,4811885.0,0.918039396203359,0.3457934882616209,0.018877836228777485
2019-07-18,35.98661804199219,36.19523558705474,35.659782208007385,35.84753879437849,3620300,0.0029070846007863693,0.002902867201928118,35.64726257324219,34.58470077514649,34.54228267669678,34.967963752322376,34.81541445391899,0.15254929840338605,-0.12484022203407336,0.2773895204374594,53.9252403048792,34.54228267669678,36.41360829193286,32.6709570614607,0.10834985242585207,0.8101349739940663,4722700.0,0.7665742054333327,0.6103908214425321,0.017975003029318926
2019-07-19,35.8266716003418,36.042244529260095,35.81276341272943,36.000519966423006,3221500,-0.00444460886721143,-0.004454515506191114,35.89899368286133,34.73838310241699,34.63233585357666,35.10007274199346,34.89043056779382,0.2096421741996366,-0.057943742400027226,0.2675859165996638,61.84350785306453,34.63233585357666,36.571100715885684,32.69357099126764,0.11196269697233228,0.7212241098569712,4672360.0,0.6894802626509944,0.060607108839981196,0.018008392089078517
2019-07-22,35.381622314453125,35.86144287843121,35.18691032900122,35.81554824402155,2814900,-0.01242228948458679,-0.01250009111026217,35.89204025268555,34.902495574951175,34.71995544433594,35.1433880857957,34.92686378845569,0.21652429734000833,-0.0030501341977703053,0.21957443153777864,53.94733043170712,34.71995544433594,36.62595757907282,32.81395330959906,0.10979289059242253,0.7251970525522096,4339180.0,0.6487170387031651,0.28866210048695523,0.018041684380725564
2019-07-23,36.591609954833984,36.78632196383722,35.430303933098095,35.46507308204709,4387700,0.03419819559507853,0.03362643624347701,35.93376541137695,35.23280792236328,34.825655174255374,35.36619155890917,35.050330965074046,0.31586059383512577,0.060732011645143864,0.2551285821899819,65.94060384659045,34.825655174255374,36.901933366957046,32.7493769815537,0.11923842823991125,0.7559929214222006,4328450.0,1.013688502812785,0.8564089760213651,0.018729686754994954
2019-07-24,36.70981979370117,36.84889901019633,36.18827472138091,36.50815506241897,3516400,0.003230517569822622,0.0032253106589358272,36.09926834106445,35.59719390869141,34.93344097137451,35.57290368032281,35.173396942900794,0.3995067374220156,0.12848695700136264,0.27101978042065294,66.96077745927428,34.93344097137451,37.16813880871609,32.69874313403293,0.1279403216632885,0.7808284001669605,4304010.0,0.8170055366971731,0.7894730382389189,0.01872841796811565
2019-07-25,35.305137634277344,36.15351877712848,34.97830175412,35.91012939624155,4254600,-0.03826447983993775,-0.039015793184347634,35.962972259521486,35.80511741638183,34.94456729888916,35.53170888962567,35.183165867212836,0.34854302241283364,0.172498170188026,0.17604485222480765,55.98370842798381,34.94456729888916,37.18460180513084,32.704532792647484,0.1282050218039406,0.8841431759892698,4254520.0,1.0000188035313031,0.27810682706041673,0.020639086728218417
2019-07-26,34.150779724121094,34.978297143540125,34.01865324391611,34.95743618465135,5066000,-0.032696598498330065,-0.033243077308895454,35.627793884277345,35.763393783569335,34.881982040405276,35.31925818601662,35.106617692438164,0.21264049357845494,0.18052663488134288,0.03211385869711206,52.25707859283102,34.881982040405276,37.13803384071657,32.625930240093986,0.12935341791633342,0.9206517019742785,4302960.0,1.1773290943908379,0.13768282055449932,0.021806922783629206
2019-07-29,33.41366195678711,33.99083991821744,33.364984616993716,33.740497797727954,4219800,-0.021584214863865858,-0.021820561116942444,35.23420181274414,35.56312103271485,34.83817272186279,35.026089462082304,34.98109950083613,0.04498996124617349,0.15341930011316793,-0.10842933886699443,50.667681326328385,34.83817272186279,37.175213703119724,32.50113174060586,0.13416553158026667,0.9261152122288513,4188580.0,1.0074536000267393,0.07777730558555968,0.021200249514794756
2019-07-30,33.657047271728516,33.6848609963345,33.225901381388915,33.225901381388915,4194300,0.007284006022930667,0.007257605773261616,34.64728927612305,35.29052734375,34.776977920532225,34.81546754209383,34.88293896338329,-0.06747142128946138,0.10924115577900238,-0.17671257706846377,53.14583774907848,34.776977920532225,37.1726623974241,32.38129344364035,0.13777416096166697,0.9141942883258517,4166210.0,1.00674233896035,0.9393982975969142,0.020861695263976233
2019-07-31,33.68486022949219,34.37330096259595,33.344118899563135,33.71963202671064,5188500,0.0008263635707292938,0.0008260223203387665,34.04229736328125,35.070782852172854,34.74359893798828,34.6415279244092,34.79412319452965,-0.15259527012044316,0.05687387054824714,-0.2094691406686903,52.47747144832199,34.74359893798828,37.182403645645124,32.30479423033144,0.1403887209272543,0.9439967886025978,4189345.0,1.2384990971142267,0.3310797368680835,0.02061907266346633
2019-08-01,32.579193115234375,33.796132065257034,32.53051576945078,33.48320702885289,5803200,-0.032823859345860185,-0.033374648457558914,33.497108459472656,34.73004035949707,34.65737056732178,34.32424559802575,34.62993585751858,-0.30569025949283457,-0.01563895551631655,-0.290051303976518,38.98302649273632,34.65737056732178,37.276908011863185,32.03783312278037,0.15116769689454476,0.9221411910383311,4355535.0,1.3323736349265933,0.03846137692780874,0.0218305689209315
2019-08-02,31.709941864013672,33.03119054697908,31.550001680743648,32.467920868989815,5346400,-0.026681178018931107,-0.027043581422617775,33.008940887451175,34.318367385864256,34.528375244140626,33.92204497202414,34.413495435009125,-0.49145046298498585,-0.11080125706920842,-0.38064920591577744,29.515721459198346,34.528375244140626,37.459653230466124,31.59709725781513,0.1697895117044598,0.9638648094447991,4496365.0,1.189049376551948,0.10798095086733646,0.022488151135022654
2019-08-05,31.132770538330078,31.38311264869721,30.64599450736243,31.334435310872042,5147300,-0.01820158889469936,-0.018369275708139156,32.55276260375977,33.89348220825195,34.397988891601564,33.49292578185095,34.17032838418078,-0.6774026023298276,-0.22412152617768905,-0.4532810761521386,19.678693447940688,34.397988891601564,37.6869888550383,31.108988928164827,0.19123210800499807,0.9546754712014207,4456930.0,1.1548981025055363,0.6603772137291548,0.022556405787375975
2019-08-06,30.896329879760742,31.60563148687557,30.413031664812934,31.369197617837294,4702800,-0.007594590988239669,-0.00762357674427784,32.000619125366214,33.32395420074463,34.27838106155396,33.09344945257149,33.9276710166398,-0.8342215640683079,-0.3461415338043595,-0.4880800302639484,20.298212384574214,34.27838106155396,37.89494305743745,30.661819065670464,0.21101124871616342,0.9857201813579477,4443700.0,1.0583072664671331,0.4052475960120924,0.022463230388042058
2019-08-07,31.21622085571289,31.292714582460178,30.534735389798602,30.666859229724462,4490100,0.010353688518897508,0.010300456204506888,31.50689125061035,32.7745943069458,34.185894107818605,32.80464503063464,33.72671630247218,-0.9220712718375381,-0.46132748144765745,-0.46074379038988067,22.294032674728257,34.185894107818605,38.0210090536735,30.350779161963708,0.22436826919075806,1.001614882330392,4492835.0,0.9993912529616601,0.8990820111176052,0.022657640371777935
2019-08-08,32.5374641418457,32.55832509902827,31.424832894129224,31.429700627652878,4573400,0.042325536208878134,0.0414543093276281,31.498545455932618,32.497826957702635,34.15147218704224,32.76354027581319,33.63858027836189,-0.8750400025487011,-0.5440699856889348,-0.33097001685976624,33.167259939317915,34.15147218704224,38.034920106524154,30.26802426756032,0.22742492026187824,1.081087962815015,4511405.0,1.013741838739816,0.9815958443222054,0.024760978559017998
2019-08-09,32.43314743041992,32.676536709639116,32.05763436148649,32.28016003506587,4468000,-0.0032060492167126364,-0.003211199603711556,31.643186569213867,32.32606372833252,34.04472875595093,32.71271060446594,33.54924834646155,-0.8365377419956133,-0.6025635369621858,-0.23397420503342747,34.36574596989517,34.04472875595093,37.99672478079362,30.09273273110823,0.23216492944752254,1.0771143770094886,4518385.0,0.9888488918053685,0.6067404074114491,0.02278812809879107
2019-08-12,31.772533416748047,32.54442075631977,31.654317775120877,32.259309479359736,4491600,-0.020368483049297503,-0.020578781135942015,31.77113914489746,32.16195087432861,33.86253595352173,32.56806795339899,33.41758441302186,-0.849516459622869,-0.6519541215023713,-0.19756233812049773,22.86605286094951,33.86253595352173,37.883646796886296,29.841425110157164,0.23749614316445591,1.0403574721391171,4496775.0,0.9988491752422569,0.13281119465506372,0.022141491226729475
2019-08-13,32.579193115234375,33.2120012631375,31.696045468751212,31.835122083723544,5407300,0.025388586043979755,0.0250716490825535,32.10771179199219,32.0541654586792,33.6723464012146,32.56977951682639,33.35545714033398,-0.7856776235075955,-0.6786988219069028,-0.10697880160069273,28.415745943355688,33.6723464012146,37.54873097084514,29.795961831584055,0.23024142858608262,1.1014525796798935,4466580.0,1.210613041745586,0.5825682014791262,0.021998167459314145
2019-08-14,30.652952194213867,32.09241678250211,30.597319431035505,31.849027422671,6178300,-0.05912488115366421,-0.060944859312757026,31.995058059692383,31.750974655151367,33.41087875366211,32.27488299572519,33.15519932133015,-0.8803163256049586,-0.7190223226507195,-0.16129400295423912,26.946942008315446,33.41087875366211,37.36431069214341,29.457446815180806,0.23665537010444387,1.1193351257240145,4554620.0,1.3564907720073245,0.03721012732160114,0.025046490369310486
2019-08-15,30.16617202758789,30.85461013570419,29.87410536602659,30.83374917870545,3494600,-0.015880368179279736,-0.016007812266197147,31.52079963684082,31.509672546386717,33.119856452941896,31.950465914460615,32.93371588552505,-0.9832499710644313,-0.7718678523378711,-0.2113821187265602,28.85609592579337,33.119856452941896,37.13143243159545,29.108280474288343,0.2422459761776668,1.0974794385323265,4548335.0,0.7683251123762872,0.2978737764616866,0.024986093984373858
2019-08-16,30.95197296142578,31.160593197249533,29.74198938777378,30.103594436427393,4586000,0.026049076863953857,0.025715578805341477,31.22456474304199,31.43387565612793,32.876121520996094,31.796851610290222,32.78687468223228,-0.9900230719420584,-0.815498896261621,-0.17452417568043743,37.004448135561,32.876121520996094,36.78630417803011,28.965938863962084,0.23787371965618284,1.1426800601286389,4616560.0,0.9933803524702376,0.8529397404972112,0.026148901188845643
2019-08-19,31.709941864013672,31.892830690168754,31.39701691784637,31.543048913086526,3615500,0.02448854887320162,0.024193511350994942,31.212046432495118,31.491592788696288,32.692537498474124,31.783480879821067,32.70707902167406,-0.9235981418529953,-0.8371187453810502,-0.08647939647194502,40.25068637634167,32.692537498474124,36.44917762255601,28.935897374392244,0.22981636859832108,1.1771013539713095,4656590.0,0.7764265267073116,0.6311340211269779,0.027030745147929847
2019-08-20,30.013187408447266,31.46656012589562,29.950601878883806,31.46656012589562,5972800,-0.05350859559575494,-0.05499338982751432,30.698845291137694,31.40327854156494,32.363616371154784,31.51112803337003,32.507478550405644,-0.9963505170356122,-0.868965099713323,-0.12738541732228914,34.24823810664708,32.363616371154784,35.82303547599355,28.904197266316018,0.21378445876784619,1.2292554912639562,4735845.0,1.261189924923641,0.041284467612469615,0.027428865924921733
2019-08-21,30.09663200378418,30.76421182804018,30.068818277840247,30.493006115180872,4397800,0.002780264361839535,0.0027764065756680583,30.58758125305176,31.29131965637207,32.032956981658934,31.293513256409135,32.32885345379562,-1.035340197386482,-0.9022401192490921,-0.1331000781373899,38.32568575699524,32.032956981658934,34.96765068479765,29.098263278520218,0.18322964719236054,1.1924989286772891,4779915.0,0.9200582018717907,0.03999710025490573,0.02741805036096676
2019-08-22,29.24129295349121,30.527772379733133,29.220431999636688,30.124442920443066,6072100,-0.028419759732099648,-0.028831419372678992,30.40260543823242,30.96170253753662,31.72976474761963,30.97778705205822,32.100093246098034,-1.1223061940398154,-0.9462533342084402,-0.1760528598313752,38.37589871747916,31.72976474761963,34.48874015166329,28.970789343575966,0.17390456096909085,1.1800811796673614,4870790.0,1.246635556039164,0.015956788310490657,0.026959412292246705
2019-08-23,28.309473037719727,29.22043961572446,28.1217164459455,29.20653142529125,6696800,-0.031866577078296765,-0.03238536760693661,29.87410545349121,30.549335098266603,31.437699413299562,30.567277199405556,31.819247427599247,-1.2519702281936915,-1.007396713006828,-0.24457351518686354,37.13562089259552,31.437699413299562,34.35002453810405,28.52537428849507,0.18527596988044528,1.184054690445538,4952330.0,1.3522523741350032,0.17088616607870302,0.026921674640140225
2019-08-26,28.385967254638672,28.754525023051077,28.23993523161294,28.698894913062475,3402400,0.002702071381442739,0.0026984273493813916,29.20931053161621,30.210678482055663,31.18631467819214,30.231691051087328,31.564880784416978,-1.3331897333296503,-1.0725553170725326,-0.2606344162571177,38.39231837192438,31.18631467819214,34.24478124439417,28.12784811199011,0.19614158311182198,1.135625402543788,4911460.0,0.6927471668302297,0.2837833602951573,0.026871298125886088
2019-08-27,28.629352569580078,29.018773931456426,28.454809162050566,28.643260759580947,4152200,0.00857414203145157,0.008537592845674517,28.932543563842774,29.815694427490236,30.934929943084718,29.98517743670203,31.347394988177566,-1.3622175514755348,-1.130487763953944,-0.2317297875215909,37.95333197849502,30.934929943084718,33.964683597268795,27.90517628890064,0.19587913467128162,1.1266845085549435,4909355.0,0.8457730190625856,0.30949345402986794,0.026910867782352643
2019-08-28,29.568134307861328,29.651580791788184,28.34424016425994,28.615445879275036,4539300,0.032790882574087465,0.03226473263960969,28.826844024658204,29.70721263885498,30.729093647003175,29.92101695493544,31.21557586671133,-1.2945589117758907,-1.1633019935187008,-0.13125691825718988,35.66150790025141,30.729093647003175,33.522349673357084,27.935837620649266,0.18179879032171314,1.1242013931415766,4876895.0,0.930776651947602,0.9361708100157994,0.02835491908347756
2019-08-29,29.95699691772461,30.402428603621793,29.84387170987491,29.928717638600464,3292500,0.013151408398462738,0.013065679446640643,28.969984817504884,29.686295127868654,30.597983837127686,29.926552333855756,31.122333365104843,-1.195781031249087,-1.1697978010648364,-0.02598323018425064,38.362802158242424,30.597983837127686,33.269088320245324,27.926879354010044,0.17459349592024515,1.1395865322564223,4751360.0,0.6929594894935345,0.2025312140819277,0.027935846580782565
2019-08-30,30.14083480834961,30.402436412989157,29.886302351027503,30.282242028763935,4099200,0.006136726292355066,0.006117973269898436,29.33625717163086,29.605181312561037,30.519528484344484,29.959518868542812,31.04961934786335,-1.0901004793205367,-1.1538583367158621,0.06375785739532547,41.9717021928323,30.519528484344484,33.14489966580366,27.894157302885304,0.1720453304385688,1.11287446659662,4689000.0,0.8742162507997441,0.4931518207172665,0.027482024637765314
2019-09-03,29.554000854492188,29.8580254865149,29.09443068075285,29.794392361274824,3343300,-0.019469731266197665,-0.019661763109526744,29.569863891601564,29.389587211608887,30.44059000015259,29.897131481526337,30.938818090371107,-1.0416866088447705,-1.1314239911415152,0.08973738229674466,34.78632373693851,30.44059000015259,33.083207436414725,27.797972563890454,0.17362458718762605,1.079335061825939,4598800.0,0.7269939984343742,0.6018508301168812,0.027522389484805312
2019-09-04,30.07720184326172,30.2539601953771,29.589347065267482,30.112552974261114,2651400,0.01770322033031957,0.017548343532565656,29.859433746337892,29.39598865509033,30.399633598327636,29.92483461419098,30.874986822167358,-0.9501522079763767,-1.095169634508321,0.14501742653194438,46.6288218482909,30.399633598327636,33.03789783716939,27.761369359485883,0.17357210772348855,0.9877697515892278,4496230.0,0.5896940325561637,0.7340432329005292,0.02784256509748908
2019-09-05,30.65696144104004,31.08825214508339,30.46606214431014,30.508485109289364,4041400,0.019275715899356616,0.01909229261661568,30.077199172973632,29.452021598815918,30.371670627593993,30.037469510938823,30.85883495646871,-0.8213654455298851,-1.0404087967124331,0.21904335118254803,52.8427551972545,30.371670627593993,32.98523225218678,27.758109003001202,0.17210522638937453,0.9899515753138045,4473795.0,0.9033493935238427,0.3068183246668514,0.02810379578848036
2019-09-06,30.572120666503906,30.86907335388322,30.162040063416708,30.784230114220264,3217900,-0.0027674228151833846,-0.002771259209286817,30.200223922729492,29.585104370117186,30.273403453826905,30.119723535063173,30.837594623563245,-0.7178710885000719,-0.9759012550697714,0.25803016656969957,47.605366426360014,30.273403453826905,32.68400441228018,27.86280249537363,0.15925536500248033,0.9391251096702875,4406020.0,0.7303416688984616,0.5800018228513716,0.02623169304555792
2019-09-09,31.427631378173828,31.552774958683454,30.5862600075163,30.777159326141504,3848000,0.02798336173673599,0.02759898182099741,30.457583236694337,29.896920204162598,30.2231276512146,30.320940126706866,30.88130531304337,-0.5603651863365045,-0.8927940413229227,0.3324288549864183,48.24190307589754,30.2231276512146,32.48118599690624,27.96506930552296,0.14942585504388686,0.9419677213443285,4375020.0,0.8795388363938907,0.8705207932234139,0.027117101685780753
2019-09-10,32.74977493286133,32.78512605054993,31.660943246501095,31.887193636249016,4704000,0.0420694623396185,0.0412086036233578,31.096738052368163,30.333300971984862,30.271989727020262,30.69460702058349,31.01972297027034,-0.3251159496868503,-0.779258422995495,0.45414247330864466,67.87625023859752,30.271989727020262,32.706607120505765,27.83737233353476,0.16084951240006568,0.9132644847190594,4385640.0,1.0725914575751772,0.9685539333577972,0.028362022067245248
2019-09-11,33.14572525024414,33.26591962892427,32.226582405632676,32.891192804664726,4445000,0.012090169113971871,0.01201766681110411,31.710442733764648,30.784938240051268,30.300316333770752,31.071702133370188,31.177217790102926,-0.105515656732738,-0.6445098697427409,0.5389942130100029,69.13634277475731,30.300316333770752,32.85803280091781,27.742599866623692,0.16882440691197645,0.9338582564118223,4337525.0,1.0247779551702871,0.8843547745331178,0.02793511254247143
2019-09-12,33.20935821533203,33.36490372251997,32.219510419577,33.28006047340671,3649700,0.0019197940189110696,0.0019179535695195778,32.22092208862305,31.14906063079834,30.42813663482666,31.400572300217863,31.327758366010116,0.07281393420774762,-0.5010451089524708,0.5738590431602184,77.6518124990862,30.42813663482666,33.29667748089289,27.559595788760433,0.18854528494413467,0.922290608043717,4211095.0,0.8666866931285093,0.8641990350124539,0.024058610996494666
2019-09-13,34.07900619506836,34.24869267964812,33.407324008904865,33.683066569185506,4027600,0.02618683487038398,0.025849830433869517,32.922299194335935,31.561261558532713,30.623778343200684,31.812639053687395,31.531569112544986,0.2810699411424089,-0.34462209893334445,0.6256920400757533,90.5569265678769,30.623778343200684,33.9190767742419,27.328479912159466,0.2152117478196719,0.9165590335273155,4237745.0,0.9504111266723222,0.7983208806514358,0.02404125138239715
2019-09-16,34.65170669555664,35.337529975402965,34.13557262308617,34.425456217134474,5040600,0.016805082202519195,0.016665439112834055,33.5671142578125,32.01234874725342,30.808765029907228,32.24941869127081,31.762705757604664,0.48671293366614776,-0.1783550924133181,0.6650680260794659,91.17273122415308,30.808765029907228,34.56480730392009,27.05272275589436,0.24382946024397492,0.9696971755913489,4260475.0,1.1831075173542855,0.42941129914593057,0.023730327016886352
2019-09-17,33.93760299682617,34.70826950609717,33.6618604040159,34.41131407737339,3741900,-0.02060803829965574,-0.02082334711910953,33.80467987060547,32.45070896148682,30.92014808654785,32.509139353851495,31.92381915916089,0.5853201946906061,-0.025620034992439256,0.6109402296830454,82.84886781522638,30.92014808654785,34.91334461803374,26.92695155506196,0.2582909060013961,0.9992402059673144,4266795.0,0.8769814345427891,0.26351318010011654,0.02401503701738634
2019-09-18,33.591156005859375,33.86690130038244,33.2447111465473,33.86690130038244,2588200,-0.010208351809619431,-0.010260814375904604,33.89376602172852,32.80210437774658,31.099046516418458,32.67560345426212,32.047332621311256,0.6282708329508608,0.10515813859628513,0.5231126943545757,76.86501806606493,31.099046516418458,35.23905162014753,26.95904141268939,0.2662464330887695,0.955351007592359,4097565.0,0.6316434272549672,0.556815069490349,0.020244077412366213
2019-09-19,33.683074951171875,34.22749106081872,33.57702154619779,34.02245070190263,2418300,0.0027364031561303293,0.0027326660210004357,33.98850936889649,33.104715728759764,31.27836866378784,32.83059906925145,32.168505104854816,0.6620939643966324,0.2165453037563984,0.44554866064023396,75.90962431974467,31.27836866378784,35.54433039716469,27.012406930410993,0.27277392751724394,0.9422206660823923,3998590.0,0.6047881878362122,0.16304131240566241,0.020244428861446524
2019-09-20,34.086063385009766,34.53856411465509,33.2800461231894,33.56286042777627,10570400,0.011964122468690164,0.01189311813079565,33.98992080688477,33.45611000061035,31.52060718536377,33.02374742560646,32.310553389551565,0.7131940360548938,0.31587505021612877,0.39731898583876507,76.62212733402903,31.52060718536377,35.84927350110512,27.19194086962242,0.27465627741786103,0.9952480896183946,4223505.0,2.502755412862066,0.6404495294319718,0.018594270379498325
2019-09-23,33.87396240234375,34.08960775619749,33.31540549573512,33.506304794086844,3599400,-0.006222513297305277,-0.0062419538210756725,33.834371948242186,33.70074310302734,31.79883165359497,33.154549729768306,32.4263666966035,0.7281830331648038,0.3983366468058846,0.3298463863589192,80.70358519202958,31.79883165359497,35.97094820632885,27.62671510086109,0.26240690841622205,0.9758050991087952,4068635.0,0.8846701657927044,0.7214612097108025,0.016474070650266962
2019-09-24,32.94775390625,33.93760170138778,32.48818383481466,33.78205349717858,4515300,-0.027342785738867836,-0.027723556646471432,33.63640213012695,33.72054100036621,32.02692098617554,33.1227349876786,32.46498958698825,0.6577454006903451,0.45021839758278714,0.207527003107558,69.29665122075684,32.02692098617554,35.901616969626794,28.15222500272429,0.2419649385043145,1.0293378509436668,4124280.0,1.094809275800867,0.31707217005071525,0.018354631149754278
2019-09-25,33.71135711669922,33.91639747670213,32.61545574344593,32.912408515489815,4396200,0.023176184107177367,0.022911695119482777,33.66044235229492,33.777104187011716,32.281021213531496,33.21329223832115,32.557316683674195,0.6559755546469574,0.4913698289956279,0.16460572565132953,70.03723958131309,32.281021213531496,35.873866237840744,28.688176189222244,0.22259797796007819,1.0500443817604188,4136480.0,1.062787684214598,0.8423908133736228,0.01868132003151863
2019-09-26,33.393184661865234,33.71841935424222,33.18390177699475,33.59115313598719,2994200,-0.009438138421202114,-0.009482959893406298,33.602464294433595,33.79548683166504,32.47227373123169,33.24096799579568,32.61923505075409,0.621732945041586,0.517442452204823,0.10429049283676306,67.95682737018467,32.47227373123169,35.858348765798766,29.08619869666461,0.20855176712250773,1.0377218308162015,4059225.0,0.7376284881966385,0.39153601277779665,0.01815474992048082
2019-09-27,33.28005599975586,33.85275392280191,33.23763303234278,33.51337827485096,3722300,-0.003387776974700052,-0.0033935284846777986,33.441262817382814,33.71559181213379,32.63842668533325,33.246981534867615,32.668186376158616,0.5787951587089992,0.5297129935056595,0.049082165203339745,63.021864628942744,32.63842668533325,35.82507327532999,29.451780095336506,0.1952696201149137,1.0116123021218861,4080715.0,0.9121685783006165,0.06896687688780614,0.018200806891061995
2019-09-30,33.69013977050781,33.789124006688375,33.30834111913867,33.41439450199577,2512200,0.012322207954065911,0.012246907497180397,33.40449829101563,33.6194351196289,32.815891933441165,33.31515972497705,32.74388895516689,0.5712707698101624,0.5380245487665607,0.033246221043601754,57.58274668358073,32.815891933441165,35.806162481635326,29.825621385247004,0.18224527032568108,0.9510103974473445,4001365.0,0.6278357510499541,0.7941186205145143,0.01826588232304636
2019-10-01,32.502323150634766,34.34060873586514,32.45283103314058,33.89517698129941,3838400,-0.03525709979134184,-0.03589363779474462,33.31541213989258,33.47590713500976,32.963308048248294,33.190107944292016,32.725994682439634,0.46411326185238266,0.5232422913837241,-0.05912902953134147,45.39937677845085,32.963308048248294,35.53836745570465,30.38824864079194,0.15623792391754188,1.011613288835413,4026120.0,0.9533744647452137,0.02621713200689938,0.01969765817369608
2019-10-02,31.767011642456055,31.936698152154406,31.364002810524408,31.58318144364465,4759500,-0.022623352329950275,-0.022883186727344223,32.92654304504394,33.29349269866943,33.047798538208006,32.9711700516767,32.65495702914717,0.31621302252953143,0.4818364376128834,-0.165623415083352,40.59040406742711,33.047798538208006,35.31684263222608,30.778754444189936,0.13731892557954983,1.011108077204512,4131525.0,1.1519959337048669,0.7037054356816553,0.020375801253985436
2019-10-03,32.03567886352539,32.09224012338128,31.371065854672743,31.710441505161835,3422400,0.00845742823068285,0.008421864561973122,32.65504188537598,33.128753089904784,33.116734409332274,32.82724833040865,32.60908345277914,0.21816487762951198,0.42910212561620686,-0.2109372479866949,35.53550490956687,33.116734409332274,35.15163548552473,31.08183333313982,0.12289261682873061,0.9883823489468296,4100575.0,0.8346146577004444,0.9215705946180185,0.020060291265406347
2019-10-04,32.056884765625,32.36797839654635,31.823562519595818,31.943759563733824,3512300,0.0006619463938926096,0.0006617274040127943,32.410407638549806,32.92583522796631,33.19097261428833,32.708730858893716,32.568178921903126,0.14055193699059032,0.3713920878910816,-0.23084015090049126,30.07586914724976,33.19097261428833,34.92040223109372,31.461542997482937,0.10421084292425291,0.9373746415622529,4115295.0,0.8534746597753017,0.4285735439061193,0.02002849351964957
2019-10-07,31.936695098876953,32.36091672680242,31.65034745543795,31.87306468666223,2977900,-0.0037492622139293497,-0.0037563083148038886,32.059718704223634,32.73210849761963,33.216425800323485,32.589956126575174,32.52140136357954,0.06855476299563179,0.31082462291199,-0.2422698599163582,33.09427992937658,33.216425800323485,34.848846332742184,31.584005267904786,0.09828995703702723,0.9133860822253388,4071790.0,0.731349111815688,0.40298342603432585,0.019146322353886667
2019-10-08,31.00340461730957,31.85184499334399,30.989266326829547,31.639735573614786,2985900,-0.029223139046726243,-0.029658640443339847,31.759934997558595,32.53767356872559,33.129107284545896,32.34587127898146,32.408954981459516,-0.06308370247805328,0.23604295783397974,-0.29912666031203305,30.108561373404143,33.129107284545896,35.03118338214686,31.227031186944934,0.1148280924845955,0.9315672909230914,3985885.0,0.7491184517365654,0.016390725698383724,0.01767315169284576
2019-10-09,31.116533279418945,31.49126274961136,31.109464133393235,31.385206679400355,2844600,0.0036489109343240678,0.003642269809167335,31.62983932495117,32.27819118499756,33.02764768600464,32.156742355962415,32.31321832303503,-0.15647596707261613,0.15753917285265923,-0.31401513992527536,30.335714488218287,33.02764768600464,35.131743491391134,30.92355188061815,0.12741420917349172,0.9199521921860099,3905865.0,0.7282893802013126,0.0185153783703547,0.017402918438685133
2019-10-10,31.759944915771484,32.02154926414952,31.123616356185515,31.3427977217436,4325000,0.020677484556999248,0.020466607358699502,31.57469253540039,32.114867210388184,32.955177021026614,32.09569659593046,32.27223442688741,-0.17653783095694564,0.09072377209073734,-0.267261603047683,32.81105003523609,32.955177021026614,35.131523677489184,30.778830364564044,0.13207919684812988,0.8947020488477876,3939630.0,1.0978188307023755,0.7086593517796363,0.01817102482608075
2019-10-11,33.32247543334961,33.73962512876057,32.17213049790828,32.34676886326476,3675700,0.049198149484264375,0.04802620526928577,31.82781066894531,32.11910915374756,32.91735048294068,32.284431801694,32.35003125357394,-0.06559945187994032,0.059459127296601466,-0.12505857917654178,46.602784058517955,32.91735048294068,35.03701291012604,30.797688055755316,0.12878694038779762,0.9808076168854105,3922035.0,0.9371920444361155,0.733874876162801,0.020618195866511486
2019-10-14,33.103302001953125,33.4214675562844,32.693224051907,33.03259974415428,3196500,-0.006577345426658554,-0.006599071482003875,32.06113204956055,32.06042537689209,32.8399302482605,32.4104118325069,32.405829881442855,0.0045819510640470185,0.04848369205009048,-0.043901740986043464,51.049622840056585,32.8399302482605,34.79996840391629,30.879892092604713,0.11936920333499242,0.9292951624428591,3829830.0,0.8346323466054629,0.5631055298813264,0.020219259733445044
2019-10-15,33.371971130371094,34.008299459809095,32.89825743346439,33.103297730589944,3216800,0.008116082450086548,0.008083324179439591,32.53484535217285,32.14739017486572,32.81164865493774,32.5583440321821,32.477396843604424,0.08094718857767447,0.054976391355607314,0.025970797222067153,47.54593781100565,32.81164865493774,34.720657520517875,30.902639789357607,0.11636165470721338,0.9156594690920381,3803575.0,0.845730661285764,0.4267529349308368,0.019851460214792848
2019-10-16,33.3154182434082,33.8810445121101,33.23764412575191,33.57702258409186,3626900,-0.0016946223146951933,-0.0016960598113287208,32.974622344970705,32.30223083496094,32.79786176681519,32.674816987757865,32.53947326078873,0.13534372696913266,0.07104985847831247,0.0642938684908202,49.41556781030293,32.79786176681519,34.68704683504165,30.908676698588728,0.11520172148160793,0.9234368125999465,3855510.0,0.9407056394614461,0.12087980998537051,0.01972667745289793
2019-10-17,33.80327224731445,34.31940637318409,33.329558404838735,33.54166791316453,2724400,0.014643490300554118,0.014537309710955433,33.383287811279295,32.478990173339845,32.803871631622314,32.84842548923129,32.633089058891166,0.21533643034012329,0.09990717285067476,0.11542925748944853,53.72243011249959,32.803871631622314,34.70563654805821,30.90210671518642,0.11594758922313479,0.9512130439797145,3870815.0,0.703831105335698,0.4785723190217417,0.019998651836847636
2019-10-18,33.90930938720703,34.07263603070859,33.48509057404589,33.87395826896317,2757600,0.003136889799211673,0.003131980025338976,33.50065460205078,32.664232635498045,32.79503393173218,33.0116383966147,32.72762488761926,0.284013508995443,0.13672844007962853,0.14728506891581444,51.629795292673265,32.79503393173218,34.67320697335455,30.916860890109806,0.1145400883275239,0.9568185761032988,3480175.0,0.7923739467124498,0.7220186985200244,0.019825909776130878
2019-10-21,33.3154182434082,34.62343185547007,33.2942081011815,34.35475836641712,3967000,-0.017514103192643793,-0.017669289736294447,33.543077850341795,32.80210494995117,32.7671067237854,33.05837375766047,32.77116555821501,0.28720819944545894,0.1668243919527947,0.12038380749266425,56.63219077489857,32.7671067237854,34.593630657732305,30.940582789838498,0.1114852128595805,0.9169218655007284,3498555.0,1.1338967087840552,0.01595678831250195,0.020168041872486445
2019-10-22,33.103302001953125,33.502068238059806,32.537675848207655,33.28713218761931,4645400,-0.0063669091561546765,-0.006387264368110936,33.4893440246582,33.01209468841553,32.774884128570555,33.06528579524403,32.79576847855143,0.2695173166925997,0.18736297690075573,0.08215433979184397,61.91686780392137,32.774884128570555,34.605965781072285,30.943802476068825,0.11173688030863474,0.904498440482285,3505060.0,1.3253410783267618,0.5865103808700532,0.019229832034638242
2019-10-23,33.393184661865234,33.59115313598719,32.91240177003918,33.07501911622767,4152000,0.008756910712260924,0.008718791346595665,33.50489730834961,33.239759826660155,32.75897550582886,33.115731774724686,32.84002189690313,0.275709877821555,0.20503235708491563,0.07067752073663935,62.06042855525785,32.75897550582886,34.56109924084919,30.956851770808523,0.11002320476717459,0.9014682331422473,3492850.0,1.1887140873498718,0.7083343163091856,0.018591068170858694
2019-10-24,34.9769401550293,35.344597815085635,33.824475056883294,34.397173032626114,6098900,0.0474275068161647,0.046337164515893994,33.73963088989258,33.561459350585935,32.83816328048706,33.40207152554306,32.99831335617739,0.4037581693656662,0.24477751954106583,0.1589806498246004,70.30500142709961,32.83816328048706,34.88076580775638,30.795560753217732,0.12440418849388396,1.001968038590095,3648085.0,1.6718086338448803,0.7581394886341182,0.02127620330426817
2019-10-25,35.69104766845703,35.88901616825135,34.573936237608116,35.1961237218527,5361100,0.02041652329399235,0.02021090011207092,34.095978546142575,33.79831657409668,32.958712863922116,33.75422170137834,33.197776578121044,0.5564451232572978,0.3071110402843123,0.24933408297298548,74.1145888973721,32.958712863922116,35.36358096470988,30.553844763134347,0.145932161290208,1.0451473713957211,3730025.0,1.4372825919397323,0.8494627560834895,0.021591065405128763
2019-10-28,36.207176208496094,36.36979355086096,35.65569107377019,35.881941523766365,4504100,0.014461008397217867,0.01435744523976105,34.674330139160155,34.108703994750975,33.08456468582153,34.13159931786014,33.42069653976613,0.7109027780940096,0.38786938784625175,0.32303339024775785,85.31697283274931,33.08456468582153,35.88200187481553,30.287127496827537,0.16910829660653473,1.028481207470247,3829620.0,1.1761219128790845,0.7722772916988905,0.02164113799085538
2019-10-29,36.4051399230957,36.504124137567594,35.61326081308545,36.03041050058668,3462100,0.005467527029991315,0.005452634363455941,35.33469772338867,34.41202087402344,33.27970552444458,34.481374795590376,33.64176777030066,0.8396070252897161,0.47821691533494465,0.36139010995477144,85.4841256779761,33.27970552444458,36.42855581382334,30.13085523506582,0.18923546586467646,1.0572672926259865,3810805.0,0.908495711536014,0.8888895516960182,0.01958840667147678
2019-10-30,36.07991409301758,36.39101051995099,35.58499286311155,36.20011117536505,3602100,-0.00893351407974674,-0.008973657174760707,35.87204360961914,34.688470458984376,33.49535064697265,34.72730391827248,33.822372223020054,0.9049316952524293,0.5635598713184417,0.3413718239339877,80.2778024347283,33.49535064697265,36.795122411261005,30.195578882684302,0.19702864430748024,1.0512052265726706,3752935.0,0.9598087896539642,0.6140327318713938,0.01876224952866898
2019-10-31,35.69812774658203,36.07992384179661,35.146639703060266,35.97387041978334,3744000,-0.010581686681716107,-0.010638070840640591,36.01628112792969,34.877956008911134,33.67847309112549,34.876661430320624,33.96131780421503,0.9153436261055958,0.6339166222758725,0.2814270038297233,69.95292137992197,33.67847309112549,37.04303308275327,30.31391309949771,0.1998047822728854,0.9764626498403314,3769015.0,0.9933629874118304,0.5909111863396325,0.019139613129154655
2019-11-01,36.98491287231445,37.1121790820094,35.987996027782685,36.044557289248225,3207100,0.0360462916953852,0.03541182594268485,36.275054168701175,35.185516357421875,33.924874496459964,35.20100780601293,34.185288895221966,1.0157189107909659,0.7102770799788912,0.30544183081207466,77.64382495793146,33.924874496459964,37.50434743561587,30.345401557304058,0.21102350368485057,1.0254489234867579,3753755.0,0.8543711563487761,0.8867922638716438,0.020261787144786023
2019-11-04,38.29999542236328,38.4696846137487,37.0909690365161,37.22530709968903,5430200,0.03555727046293122,0.034939707386344956,36.69361801147461,35.68397407531738,34.243039512634276,35.67777513160647,34.49008333968478,1.1876917919216865,0.8057600223674505,0.381931769554236,80.54370235866008,34.243039512634276,38.190702971579114,30.295376053689438,0.23056735121240113,1.052215331707439,3876370.0,1.4008466684036869,0.8769222579647326,0.02101887195236196
2019-11-05,38.32120132446289,38.886827364892326,37.932333590237505,38.18686328559247,6044500,0.0005536789721709567,0.0005535257485240433,37.076830291748045,36.20576400756836,34.608929347991946,36.08445608435446,34.773871036768554,1.3105850475859029,0.9067250274111412,0.40386002017476164,81.16218806607856,34.608929347991946,38.64776410191894,30.570094594064955,0.23339842231561722,1.0744362880143414,4029300.0,1.5001365001365001,0.4074072984833672,0.01911217047154386
2019-11-06,38.377769470214844,38.703006861832236,38.045465628930096,38.29292622319727,3847000,0.0014761579438231642,0.0014750694937034734,37.5364013671875,36.70422248840332,34.97199115753174,36.437273528333606,35.04082750380729,1.3964460245263126,1.0046692268341757,0.3917767976921369,80.09325272844535,34.97199115753174,38.99440028957732,30.94958202548616,0.23003603734923714,1.0496900810947882,4079420.0,0.9430262145108863,0.5053733813229473,0.01916120196988654
2019-11-07,39.45246124267578,39.551445482274744,38.47675444340925,38.84441211700415,5974300,0.028002976392231815,0.027618062351964626,38.28726806640625,37.15177459716797,35.35661697387695,36.901148561310016,35.367616352816995,1.5335322084930212,1.1104418231659448,0.42309038532707643,82.34349583904998,35.35661697387695,39.55317102575553,31.160062921998378,0.23738436598609977,1.0915565493374457,4161885.0,1.4354793561090708,0.9078951576795434,0.019429827548226718
2019-11-08,39.5867919921875,39.5867919921875,38.90096889154432,39.240344520499924,4812000,0.003404876280986402,0.0033990928140168112,38.80764389038086,37.54134902954102,35.66983280181885,37.314324473753224,35.68014891299334,1.6341755607598856,1.215188570684733,0.4189869900751526,88.66621101458165,35.66983280181885,40.15248072359294,31.187184880044764,0.25134112327801605,1.0455993597913462,4218700.0,1.1406357408680399,0.9999999854189806,0.01728076728902875
2019-11-11,39.45953369140625,39.77062740593005,39.042383891619316,39.2757035032326,3184900,-0.003214665659353355,-0.0032198437973035223,39.03955154418945,37.86658477783203,35.98764438629151,37.644356661084814,35.960104196423465,1.6842524646613484,1.309001349480056,0.3752511151812923,89.60381166793272,35.98764438629151,40.60344784093824,31.371840931644776,0.25652156640766366,1.0287315829669592,4218120.0,0.7550520136933041,0.5728163531309899,0.017139159667773473
2019-11-12,38.999961853027344,39.67164411585323,38.55453006020958,39.59387001107825,2742700,-0.011646661665416391,-0.011715015275293518,39.17530364990235,38.12606697082519,36.269043922424316,37.852911305999235,36.18527947470892,1.667631831290315,1.380727445842108,0.28690438544820696,84.21077132704787,36.269043922424316,40.89961495090588,31.638472893942755,0.2553456351585042,1.0600432036595053,4194415.0,0.6538933319664363,0.398734387576722,0.017749104323598698
2019-11-13,37.93940734863281,38.51917444770393,37.798000147052974,38.31413414026906,3426000,-0.027193731839822433,-0.02757032436975808,39.08763122558594,38.312016296386716,36.50024337768555,37.86621838948133,36.315215213155334,1.5510031763259988,1.4147825919388863,0.1362205843871125,69.30886758910479,36.50024337768555,40.96878932742004,32.03169742795106,0.24485020022997106,1.0065109574276458,4184370.0,0.818761247212842,0.19607908863558796,0.019325676369082265
2019-11-14,38.14445495605469,38.27879033984938,37.57882873860528,37.68488213724786,2595500,0.005404607550604457,0.005390055069302547,38.82602996826172,38.55664901733398,36.71730251312256,37.90902401510803,36.450714782030204,1.4583092330778271,1.4234879201666746,0.034821312911152535,67.12746760634195,36.71730251312256,41.0540493867735,32.38055563947162,0.23622360995070424,0.962573933899136,4177925.0,0.6212414057217399,0.80808176957601,0.01923589324610801
2019-11-15,38.78784942626953,39.09187397794373,38.27878455888611,38.37069964818993,3865000,0.016867313242673987,0.016726639766699046,38.66624145507812,38.73694267272949,36.961229515075686,38.04422792451757,36.62383625559763,1.4203916689199403,1.4228686699173279,-0.0024770009973875684,67.70138521840609,36.961229515075686,41.180168153064415,32.74229087708696,0.22828995102924887,0.9792394013847269,4233295.0,0.9130003933106481,0.6260871795780635,0.019364165731822494
2019-11-18,38.40605926513672,38.823209135424534,38.26465202659328,38.710083884013535,3439900,-0.00984303504267603,-0.009891797959354125,38.45554656982422,38.747549057006836,37.21576156616211,38.09989428461285,36.75585304935334,1.3440412352595104,1.4071031829857645,-0.06306194772625417,63.38713242293955,37.21576156616211,41.110352071634,33.32117106069022,0.20929790720784225,0.9555032431239491,4206940.0,0.8176727027245456,0.2531652247836765,0.01892573529284105
2019-11-19,37.748512268066406,38.75250108456756,37.3242933128294,38.75250108456756,5208300,-0.017120918148121556,-0.01726917570756486,38.205256652832034,38.69028015136719,37.448022079467776,38.045835512836454,36.829383503431636,1.2164520094048186,1.3689729482695754,-0.15252093886475682,60.68844855939927,37.448022079467776,40.83032331873751,34.06572084019804,0.18063978023150146,0.9989361511063787,4235085.0,1.229798221287176,0.29702887819356644,0.01947922945900295
2019-11-20,37.23944854736328,37.790936443236816,36.836439717947094,37.5717551143662,5394100,-0.013485663145823334,-0.01357742057471429,38.06526489257813,38.57644805908203,37.64033527374268,37.92177597968669,36.85975874602543,1.0620172336612654,1.3075818053479136,-0.24556457168664814,59.71474735040105,37.64033527374268,40.43890359527301,34.841766952212346,0.14870049914154568,1.0004513358601916,4297190.0,1.2552621596904023,0.42222127589976527,0.019987852935024152
2019-11-21,38.09495544433594,38.1232347268864,37.01319264751935,37.26772507029972,4618400,0.022973135487883933,0.022713226104523376,38.055364990234374,38.440697479248044,37.79623603820801,37.94841897424812,36.95125494879262,0.9971640254555041,1.2454982493694318,-0.24833422391392768,57.398691992842124,37.79623603820801,40.30217979624888,35.29029228016714,0.1326028208474318,0.9787363889987409,4223165.0,1.093587392394093,0.9745241258675253,0.017941076404549824
2019-11-22,38.32120132446289,38.6464359605701,37.896979771302526,38.16565315192565,3115600,0.005938998418243191,0.0059214320837790045,37.96203536987305,38.314138412475586,37.9277437210083,38.00577010505041,37.05273261321053,0.9530374918398792,1.1870060978635213,-0.2339686060236421,50.165341023668844,37.9277437210083,40.236843209627956,35.61864423238864,0.12176308222314004,0.9262138495582646,4110890.0,0.7578894108088516,0.5660391542226821,0.017549939386274017
2019-11-25,39.02823257446289,39.049442707056485,38.43432458778411,38.759559207434556,5073700,0.01845013270887863,0.018281993982759797,38.08647003173828,38.27100830078125,38.06879653930664,38.16307202342159,37.199066150776794,0.9640058726447975,1.1424060528197766,-0.17840018017497905,54.980073686518466,38.06879653930664,40.2778459814685,35.859747097144776,0.11605564887668483,0.9100529644110341,4139370.0,1.2257179232588533,0.9655185864564187,0.017700617137314478
2019-11-26,39.148433685302734,39.41710709874734,38.759565903572785,39.06359044315319,4643800,0.0030798502240783066,0.00307511720088854,38.36645431518555,38.28585548400879,38.20596122741699,38.31466612524949,37.34346393515232,0.9712021900971664,1.1081652802752546,-0.13696309017808828,55.3800537619232,38.20596122741699,40.31863488030646,36.09328757452752,0.11059392749283288,0.9100529617162064,4198455.0,1.1060735437202496,0.5913968260387877,0.017697583745763884
2019-11-27,38.86915588378906,39.31313126969983,38.597045109826624,39.155591440399114,3926000,-0.007133818015777171,-0.007159385363283931,38.692395782470705,38.37883033752441,38.34542331695557,38.3999722419479,37.456478290698726,0.9434939512491738,1.0752310144700385,-0.13173706322086476,45.419179113062484,38.34542331695557,40.22225488965556,36.468591744255576,0.09789077341441657,0.8773679722742997,4214650.0,0.9315126997496826,0.3799972481113826,0.017633963351579664
2019-11-29,38.2175178527832,38.86915615352383,38.03849631157257,38.675812561218116,1887600,-0.01676491336611796,-0.01690703520565445,38.71690826416015,38.38613662719727,38.47139282226563,38.371902335922556,37.51285165492912,0.859050680993434,1.0319949477747177,-0.17294426678128372,40.05484771695962,38.47139282226563,39.87983946335879,37.062946181172464,0.07322046527403157,0.8877134537963057,4121830.0,0.45795192911886223,0.21551726713419514,0.01795212483296798
2019-12-02,38.06714630126953,38.489637313135624,37.87380267906108,37.95257260644071,3349500,-0.003934623700390882,-0.003942384696644966,38.666097259521486,38.314066314697264,38.52550449371338,38.32501679212978,37.55391056033352,0.77110623179626,0.9798172045790261,-0.20871097278276607,39.920814804505675,38.52550449371338,39.766718701209165,37.28429028621759,0.06443597423614943,0.8796842480651493,4128950.0,0.8112231923370349,0.3139537927409108,0.01629464027311603
2019-12-03,37.10758590698242,37.24364129880668,36.55619921645461,37.207837535868926,3950100,-0.025207048269208165,-0.025530187734460395,38.28196792602539,38.18421897888184,38.46588401794433,38.13771973287633,37.520849443055084,0.616870289821243,0.9072278216274696,-0.2903575318062266,37.22615708112378,38.46588401794433,39.85807707185468,37.073690964033986,0.07238586032552322,0.90781517872024,4054945.0,0.9741439156388064,0.8020845634302866,0.015255499359564948
2019-12-04,37.436988830566406,38.30345528196035,37.38686301085588,38.30345528196035,3791400,0.008876969911481236,0.008837801242806271,37.93967895507812,38.153066635131836,38.42167339324951,38.029914978674796,37.514637540293506,0.5152774383812897,0.8288377449782337,-0.313560306596944,46.23717354610667,38.42167339324951,39.88742685568447,36.95591993081456,0.0762982625682555,0.9073800122204945,3942290.0,0.9617252916452113,0.05468715015810811,0.015426174050716323
2019-12-05,37.23648452758789,37.70194167684363,37.00733714902722,37.61600936114421,2692600,-0.00535578071959697,-0.005370174328834806,37.61314468383789,38.1527702331543,38.36460914611816,37.90784875543065,37.49403359641162,0.41381515901903043,0.7458332277863932,-0.33201806876736273,43.195191500043165,38.36460914611816,39.92346677689225,36.80575151534408,0.08126539878651753,0.9069973641185166,3884570.0,0.693152652674556,0.3298961726927765,0.015442843190523785
2019-12-06,38.110107421875,38.48963222362583,37.6589723630425,37.6589723630425,2818800,0.023461476167006445,0.023190486101603867,37.59166259765625,38.1542854309082,38.297491455078124,37.938965473345164,37.5396687294882,0.399296743856965,0.6765259310005076,-0.2772291871435426,45.09008122675841,38.297491455078124,39.77247081561199,36.82251209454426,0.07702746600330074,0.9288351265577239,3726795.0,0.7563603578946521,0.5431044339672852,0.015015286829017664
2019-12-09,38.14591979980469,38.65434044747678,37.94541649799657,38.64001839282582,2377200,0.0009397081339406199,0.0009392668846608449,37.607417297363284,38.13675727844238,38.22544784545899,37.970804600492784,37.58457624797252,0.3862283525202628,0.6184664153044587,-0.2322380627841959,48.01595521832232,38.22544784545899,39.5702860865209,36.88060960439707,0.07036350477822723,0.9395756151755066,3605055.0,0.6594074154208466,0.28282765609322985,0.014981929607661953
2019-12-10,38.04566192626953,38.23184314297548,37.73058223878724,38.210361430338835,2609700,-0.002628272540322163,-0.0026317325124247367,37.7950325012207,38.038500213623045,38.15475425720215,37.98232111215074,37.61873076505115,0.3635903470995956,0.5674912016634861,-0.2039008545638905,52.47686760319752,38.15475425720215,39.36872602767214,36.94078248673216,0.06363410243906041,0.8733651246362258,3576295.0,0.7297216812371463,0.6285742186632343,0.014979476572376407
2019-12-11,38.0241813659668,38.718785949791794,37.9883775973645,38.31061697809013,3253300,-0.0005645994632544893,-0.000564758909549796,37.912471008300784,37.92607498168945,38.10596523284912,37.98876115119937,37.64876416112672,0.33999699007264894,0.5219923593453186,-0.18199536927266968,57.11980662484347,38.10596523284912,39.25352754209004,36.958402923608205,0.06023006121108123,0.8573588122889098,3601825.0,0.9032365536915313,0.04901883719309612,0.014796655466604938
2019-12-12,38.99089050292969,39.08398246511741,37.82366934083565,38.13158659667427,2882300,0.025423535819449228,0.025105732921926457,38.26335220336914,37.93824844360351,38.158539390563966,38.142934897619426,37.74818098306121,0.3947539145582155,0.496544670387898,-0.1017907558296825,57.96795231930433,38.158539390563966,39.36861479649607,36.948463984631864,0.06342357046461455,0.8680924583542458,3574640.0,0.8063189579929727,0.9261358390581456,0.014600993430522798
2019-12-13,38.1530647277832,39.25583792517657,38.13158301992864,39.1269422147461,3198600,-0.02148773121977121,-0.021721953869752404,38.27194366455078,37.931803131103514,38.15896987915039,38.14449333302924,37.77817238716654,0.3663209458626966,0.47049992548285774,-0.10417897962016115,48.65138918296386,38.15896987915039,39.36903031369396,36.94890944460682,0.06342207026949823,0.8948637952099853,3604795.0,0.8873181415309331,0.019107506281015305,0.01543397800167764
2019-12-16,38.79038619995117,39.05534004747018,38.317769440888746,38.38937969629331,4040000,0.016704332318128845,0.016566349446709705,38.40083694458008,38.00412712097168,38.15909671783447,38.243861466401846,37.85315122424197,0.3907102421598765,0.4545419888182615,-0.06383174665838504,48.07067726499704,38.15909671783447,39.369435206901386,36.94875822876756,0.06343643289130771,0.9072947907166556,3613545.0,1.118015688195387,0.6407749284440805,0.015424712728429598
2019-12-17,39.14127731323242,39.19856552881273,38.61853463849827,38.74026799912771,2665300,0.009045826753890207,0.009005158332068679,38.61996002197266,38.20749626159668,38.19585762023926,38.38192544283732,37.94856801414534,0.4333574286919841,0.4503050767930061,-0.01694764810102195,49.944044296873045,38.19585762023926,39.4801782409197,36.91153699955882,0.06724920976770542,0.9017583403695062,3574815.0,0.7455770438470243,0.9012324592547593,0.015360972738421705
2019-12-18,38.84768295288086,39.16275995103926,38.339262320061884,38.92645288533359,3659100,-0.007500888588842902,-0.007529161724812411,38.78466033935547,38.348565673828126,38.25081615447998,38.45358044438248,38.01516914823174,0.4384112961507398,0.44792632066455285,-0.00951502451381303,49.832478115612425,38.25081615447998,39.54853699136397,36.95309531759599,0.06785323647176607,0.9094305883055185,3497355.0,1.0462478072714951,0.617391729520378,0.014905554901550398
2019-12-19,39.04102325439453,39.29165235293517,38.71162423012618,38.97657538167661,3356000,0.004976881162981561,0.004964537428518401,38.79468688964844,38.52901954650879,38.340894889831546,38.543956261307414,38.091158370347216,0.4527978909601984,0.448900634723682,0.0038972562365163776,56.919405181869294,38.340894889831546,39.592307250879614,37.08948252878348,0.06527820305936351,0.8915283226524987,3395450.0,0.9883815105508843,0.5679018061988153,0.014491880754958978
2019-12-20,39.105464935302734,39.56375963244229,38.682973999192484,39.42054185667322,10476700,0.0016506145468651034,0.0016492537798693525,38.98516693115234,38.62855529785156,38.39142036437988,38.63034221115285,38.16629221658392,0.46404999456893137,0.45193050669273194,0.01211948787619943,58.852175700348575,38.39142036437988,39.68200822999022,37.10083249876955,0.06723313976722571,0.9104533940221603,3688365.0,2.840472675562207,0.4796750938757342,0.013664418055937494
2019-12-23,39.334617614746094,39.42054719919251,38.8261970369308,39.019540650674415,2678600,0.005859863316354241,0.005842761095903474,39.09401321411133,38.7474250793457,38.442091178894046,38.73869227324412,38.252834867050616,0.48585740619350304,0.45871588659288615,0.027141519600616892,71.68754053855258,38.442091178894046,39.79894672682358,37.08523563096451,0.07059218197133312,0.8449821852683596,3666515.0,0.7305574912416832,0.8554226137103214,0.013663045480271568
2019-12-24,39.31312942504883,39.563758476583665,39.134107893480575,39.38473694501541,926200,-0.0005462920704537577,-0.0005464413423333832,39.12838363647461,38.874171829223634,38.45633602142334,38.82706721967561,38.331375228528586,0.49569199114702656,0.46611110750371426,0.029580883643312295,69.43605988825685,38.45633602142334,39.84471699637528,37.0679550464714,0.07220557747251327,0.7902522715630137,3459140.0,0.26775441294657054,0.41666771660966573,0.013062056663771554
2019-12-26,39.54228591918945,39.549445580182535,39.04102496844857,39.37042400717882,1909600,0.005829006682805948,0.0058120837540829905,39.267304229736325,39.0259822845459,38.47602863311768,38.937100865754665,38.42107234194437,0.5160285238102986,0.4760945907650312,0.039933933045267433,73.74620305578385,38.47602863311768,39.915958474255376,37.03609879197998,0.07484815311205475,0.7769534204142678,3322430.0,0.5747600400911381,0.9859178194451197,0.013105639024129987
2019-12-27,39.26301574707031,39.77859605977872,39.184245811775966,39.59241481134425,1688500,-0.007062570249223077,-0.0070876282507843546,39.311702728271484,39.05319480895996,38.495721626281735,38.9872416167263,38.48343853633748,0.5038030803888205,0.4816362886897891,0.022166791699031407,63.52943072427229,38.495721626281735,39.96868381558859,37.02275943697488,0.07652602040332904,0.7298964598403259,3210555.0,0.5259215307010782,0.1325311703557487,0.013103440755364815
2019-12-30,38.91212463378906,39.42054518563479,38.84051710568339,39.28448978957318,1943300,-0.00893693738508694,-0.008977111343881725,39.27303466796875,39.12910079956055,38.530451965332034,38.975685157812876,38.51519306972888,0.46049208808399555,0.47740744856863043,-0.016915360484634878,58.372321020671535,38.530451965332034,40.00854133296835,37.05236259769572,0.07672317827811795,0.7206896120168399,3213340.0,0.6047601560992613,0.12345527629820924,0.012667560811104742
2019-12-31,39.1913948059082,39.22719856720957,38.618526430130686,38.682974293133896,2145700,0.0071769448403913305,0.007151313136917136,39.24439010620117,39.16920166015625,38.58666439056397,39.00887125751985,38.56528209840296,0.4435891591168897,0.4706437906782823,-0.02705463156139265,62.04808692840714,38.58666439056397,40.07603376711339,37.09729501401455,0.07719606760897589,0.7283618429376004,3153150.0,0.6804941090655376,0.941177247105532,0.012684455687442267
2020-01-02,38.48963928222656,39.77143443671033,38.41086935081714,39.54944669652492,5145200,-0.01790585732294092,-0.018068106916166116,39.07969207763672,39.104037857055665,38.65576705932617,38.92898941516704,38.55967892567641,0.36931048949062983,0.4503771304407518,-0.08106664095012195,54.281956314689765,38.65576705932617,39.97468109016392,37.33685302848843,0.06823892687544235,0.7733730381851645,3212905.0,1.6014167863662325,0.05789501115910524,0.011958679188598442
2020-01-03,37.53724670410156,38.38222885048666,37.53008704223341,38.0313480542394,5004300,-0.024744128443021984,-0.02505541004750852,38.67868423461914,38.97299423217773,38.66077995300293,38.714875151926194,38.48394319106784,0.23093196085835643,0.4064880965242727,-0.17555613566591627,36.59196018656916,38.66077995300293,39.960816582495866,37.36074332350999,0.06725351278858292,0.7518901178788353,3273550.0,1.5287073666203357,0.008401960465720611,0.013222300839197844
2020-01-06,37.386863708496094,37.86664293251674,37.23648624655848,37.46563363569742,4293100,-0.004006234042440715,-0.004014280495882671,38.303453826904295,38.80757827758789,38.66829891204834,38.5105656990908,38.40267802981255,0.10788766927824867,0.34676801107506794,-0.23888034179681927,41.906353787296936,38.66829891204834,39.9349618984125,37.40163592568418,0.06551428544840854,0.7165973879295733,3353575.0,1.2801562511648017,0.23863502983006632,0.013195782747717306
2020-01-07,37.37253952026367,37.99911497419548,37.22932445897244,37.44414978256148,5122800,-0.0003831342565695506,-0.00038320767125121427,37.99553680419922,38.63428573608398,38.63142051696777,38.33548474850201,38.32637146103153,0.00911328747048401,0.2792370663541512,-0.2701237788836672,32.752732240437155,38.63142051696777,40.00495082557061,37.257890208364934,0.07110949016226588,0.7071341876107203,3468775.0,1.476832599404689,0.1860441985171679,0.012015948861951044
2020-01-08,37.75922393798828,38.07430087374672,37.1791931488798,37.53007657895451,3629700,0.010346752527077951,0.010293591266311504,37.709102630615234,38.4767463684082,38.61208572387695,38.24682923919221,38.28436052701729,-0.037531287825082416,0.21588339551830446,-0.2534146833433869,33.333271996076874,38.61208572387695,40.024721961005454,37.19944948674845,0.07317067755575588,0.7296396757930391,3531400.0,1.02783598572804,0.6480010913934475,0.012273437846643585
2020-01-09,37.37253952026367,38.002696170223416,37.10042871848858,37.77354879417482,2667800,-0.010240793570324924,-0.01029359126631152,37.48568267822266,38.28268737792969,38.57842960357666,38.11232312858782,38.216818220721116,-0.10449509213329833,0.15180769798798388,-0.2563027901212822,32.60130119050834,38.57842960357666,40.07732776670944,37.07953144044388,0.07770654111819077,0.735266091561429,3534305.0,0.7548301575557288,0.30158552016481965,0.012461548466365088
2020-01-10,36.87844467163086,37.85948214366398,36.80683713386149,37.85232248254803,3277300,-0.013220799415167184,-0.013308972189087382,37.353922271728514,38.01630325317383,38.52114276885986,37.922495673671364,38.117679426396315,-0.19518375272495092,0.08240940784539691,-0.27759316057034783,26.18300002268657,38.52114276885986,40.18746090507736,36.85482463264236,0.0865144705709268,0.7690244406323937,3535505.0,0.9269680003281002,0.06802629226593683,0.012765626172127216
2020-01-13,37.48711395263672,37.5229204503227,36.856960021816754,36.87844173510654,2665500,0.016504743798864352,0.016370020872093306,37.37397232055664,37.83871307373047,38.445953941345216,37.85551387043527,38.070970867152276,-0.21545699671700902,0.022836126932915708,-0.23829312364992472,34.08456051446694,38.445953941345216,40.158103226899875,36.73380465579056,0.08906785292240567,0.7536797831506894,3524665.0,0.7562420825808978,0.9462332811145471,0.011904117824461404
2020-01-14,37.40834426879883,37.931086866705336,37.200678615319624,37.3725377734974,3689800,-0.0021012469494827712,-0.00210345766623823,37.381133270263675,37.68833503723145,38.40871791839599,37.78671854710659,38.021887409942224,-0.23516886283563565,-0.02876487102079458,-0.20640399181484106,30.478940755774616,38.40871791839599,40.179089951801735,36.63834588499025,0.09218594784481553,0.7633982180881179,3549225.0,1.0396072381998887,0.28431449157656824,0.010978223318825316
2020-01-15,37.42982482910156,37.70193834143868,37.021655926421886,37.37253662370344,2235400,0.0005742184189811983,0.0005740536186694148,37.31525344848633,37.51217803955078,38.34068984985352,37.73181182125966,37.97803091793868,-0.2462190966790203,-0.07225571615243974,-0.17396338052658056,30.91436113170755,38.34068984985352,40.15336661670182,36.52801308300522,0.09455629379371867,0.7813004917962394,3458995.0,0.646257077561546,0.5999991880866277,0.010178058596304367
2020-01-16,37.58020782470703,37.85948103816622,37.358220093460105,37.65181809203784,3765600,0.004017731749803577,0.004009682218964017,37.356787109375,37.421234893798825,38.26263637542725,37.70848812948233,37.9485625378415,-0.24007440835916327,-0.10581945459378445,-0.13425495376537883,29.793442877986806,38.26263637542725,40.064569943146054,36.460702807708444,0.09418763255299523,0.7807890870085359,3514010.0,1.0715962675120447,0.4428586131889619,0.009957478804951101
2020-01-17,38.19603729248047,38.21035934400695,37.540817776317034,37.61600649809205,3897500,0.0163870692425645,0.016254250268191637,37.62030563354492,37.48711395263672,38.23005409240723,37.78349569302051,37.96689400277284,-0.1833983097523273,-0.12133522562549301,-0.062063084126834284,39.72401631213491,38.23005409240723,40.010888054552304,36.449220130262155,0.09316408278369456,0.786159895557619,3525930.0,1.105382126134098,0.9786091528835311,0.010668402530433815
2020-01-21,37.666141510009766,38.059991194029045,37.379708604494375,37.93825509215417,4156000,-0.013873056474762113,-0.0139701866977515,37.65611114501953,37.515041732788085,38.161310005187985,37.76544120332655,37.94461603851768,-0.17917483519112665,-0.13290314753861976,-0.04627168765250689,38.4,38.161310005187985,39.916291908336774,36.4063281020392,0.09197702609843325,0.8030385104172397,3565930.0,1.1654743643313246,0.42104987796441856,0.01096064568778546
2020-01-22,36.427303314208984,37.8093498640289,36.29267930866923,37.759224049820055,5149600,-0.0328899681819429,-0.03344300322020912,37.459902954101565,37.42051811218262,38.0274019241333,37.55957383577,37.832222494843236,-0.27264865907323355,-0.16085224984554253,-0.11179640922769102,28.16737173229201,38.0274019241333,39.88476509303521,36.17003875523139,0.0976855149140849,0.867895540294439,3299575.0,1.5606858459043969,0.08876285240482013,0.012941540277669375
2020-01-23,35.98333740234375,36.34138056057603,35.19564354689375,35.961855686978616,5797600,-0.012187723808038786,-0.012262603141578628,37.17060546875,37.242929458618164,37.85983791351318,37.317075922935196,37.69526803391107,-0.37819211097587413,-0.20432022207160888,-0.17387188890426525,29.363152875725106,37.85983791351318,39.82234829162965,35.89732753539671,0.10367241310433596,0.8586880175388707,3455525.0,1.677776893525586,0.6874996959759893,0.012886522668211633
2020-01-24,34.72301483154297,35.99764716551339,34.400775552828094,35.71837403451102,5919300,-0.03502517169846209,-0.035653262644980574,36.59916687011719,36.9779769897461,37.63033218383789,36.91798960118255,37.4751011156888,-0.5571115145062535,-0.27487848055853786,-0.28223303394771565,27.946015817630894,37.63033218383789,39.92304459291625,35.33761977475954,0.12185448684734533,0.904210829874024,3705180.0,1.5975742069211212,0.20179410425804772,0.014548179260800707
2020-01-27,33.784942626953125,34.07137816139779,33.398255474948336,33.8780345853954,4827000,-0.02701586279707724,-0.02738749990649587,35.71694793701172,36.66862678527832,37.342465019226076,36.43598237437802,37.20175602596066,-0.7657736515826414,-0.37305751476335863,-0.3927161368192828,24.87504337293487,37.342465019226076,40.03524765649004,34.64968238196211,0.1442209364527792,0.9538253063480505,3851050.0,1.2534243907505744,0.5744675585067379,0.014979677275665149
2020-01-28,33.7706298828125,34.17163919520578,33.6703782376273,33.94249179716746,5813800,-0.0004236426948733829,-0.0004237324567920586,34.937845611572264,36.2969783782959,37.06784572601318,36.0259281449064,36.947598519680206,-0.9216703747738038,-0.48278008676544776,-0.438890288008356,24.875083087242544,37.06784572601318,40.041547940753304,34.09414351127306,0.16044645468313581,0.9346446236591538,4057315.0,1.4329180751309671,0.19999890609776444,0.015068524606415607
2020-01-29,35.567996978759766,35.768502953882894,34.8017850336066,35.07389852949754,6828000,0.05322278862385188,0.051854785914334525,34.76598434448242,36.11294364929199,36.900639343261716,35.95547719626846,36.845405807660406,-0.8899286113919445,-0.5642097916907471,-0.3257188197011973,37.22865587804616,36.900639343261716,39.81314667979921,33.98813200672422,0.1578567411498975,1.0134135769594015,4301550.0,1.5873347979216794,0.7925910145622078,0.020252859632603145
2020-01-30,34.708702087402344,35.07390488008579,34.12867123021441,34.594128394437696,5644800,-0.02415921514699204,-0.024455836149792284,34.51105728149414,35.84083137512207,36.67650470733643,35.76366564105829,36.68713145043272,-0.9234658093744343,-0.6360609952274846,-0.28740481414694974,35.28477378291707,36.67650470733643,39.53621105310468,33.816798361568175,0.155942141629228,1.0517748838744387,4476505.0,1.2609837361959833,0.6136375393856155,0.02052934338844931
2020-01-31,32.99008560180664,34.27546154033599,32.88267159677241,34.15730668112866,7532200,-0.04951543509947265,-0.05078335611183177,34.16447143554687,35.38181915283203,36.40152702331543,35.33696101963496,36.41327619024422,-1.0763151706092557,-0.724111830303839,-0.3522033403054168,31.08005066554209,36.40152702331543,39.56829845325013,33.23475559338073,0.17399113108119663,1.107016703933542,4595855.0,1.6389115844603452,0.07712146742543699,0.02261648518579102
2020-02-03,33.469871520996094,33.63457102574781,32.74662290050793,33.16195422421831,6364900,0.014543336594530665,0.014438596566579242,34.10145721435547,34.909202575683594,36.198158264160156,35.04971648138283,36.19524620579347,-1.1455297244106362,-0.8083954091251985,-0.3371343152854377,30.20464984785474,36.198158264160156,39.573382665958064,32.82293386236225,0.18648597407452755,1.1228729679859657,4663885.0,1.3647206138230252,0.814516740094034,0.022739947254218656
2020-02-04,34.40794372558594,34.6442534990003,33.97113067653679,34.12151086491514,5287000,0.02802736198139799,0.027641783392177103,34.228919982910156,34.583382797241214,36.049212265014646,34.95098221126023,36.062853424449216,-1.1118712131889836,-0.8690905699379555,-0.2427806432510281,36.36954421830716,36.049212265014646,39.466222750322295,32.632201779706996,0.18957476575008655,1.1545853770301437,4713580.0,1.1216527565035492,0.648935124441538,0.023944857835089595
2020-02-05,35.52503967285156,35.61813165119238,34.744505542883836,35.002297032657005,5403200,0.0324662222239962,0.03195033076488779,34.22032852172852,34.49315643310547,35.956837272644044,35.03929874381274,36.02301536737315,-0.9837166235604045,-0.8920157806624454,-0.0917008428979591,42.1301917647934,35.956837272644044,39.3227253533714,32.590949191916685,0.18721825032637818,1.1924357706436903,4727600.0,1.1429054911583045,0.8934418438392681,0.025285752691129666
2020-02-06,35.2314453125,35.56084434374161,34.77315053309388,35.52504057628532,5985200,-0.008264434411763055,-0.008298774179889917,34.324877166748045,34.41796722412109,35.83044834136963,35.068859754380014,35.964380546582774,-0.8955207922027597,-0.8927167829705084,-0.0028040092322513255,40.409349620089905,35.83044834136963,39.09982216786024,32.561074514879024,0.18249137132430504,1.2128952610680908,4845375.0,1.2352397905218895,0.5818184266435645,0.025140664074094203
2020-02-07,34.39361572265625,34.758821176269656,33.97828719045777,34.758821176269656,3802100,-0.02378073287690219,-0.02406805886348447,34.60558319091797,34.38502731323242,35.681502151489255,34.96497605719174,35.84802759315128,-0.8830515359595381,-0.8907837335683144,0.007732197608776303,34.75013203123709,35.681502151489255,38.92640319459808,32.43660110838043,0.18188141459584775,1.2545821578075416,4902090.0,0.7756079549743069,0.5321081905810761,0.02552084047263899
2020-02-10,34.508201599121094,34.88772923727857,34.22892834854948,34.22892834854948,2488300,0.003331603091365709,0.003326065597532289,34.81324920654297,34.45735321044922,35.56298999786377,34.89470306364241,35.74878122045014,-0.8540781568077307,-0.8834426182161976,0.029364461408466935,36.89842195806342,35.56298999786377,38.79694239088239,32.32903760484514,0.18187179386282684,1.243330172146327,4862640.0,0.5117179145484757,0.42391145960845916,0.025468807969400813
2020-02-11,34.93784713745117,35.81147046352811,34.73018147919556,34.7588255834347,3705400,0.012450534030177263,0.012373663526261876,34.919229888916014,34.57407493591309,35.43552665710449,34.90134061345914,35.68871202756285,-0.7873714141037098,-0.8642283773937002,0.07685696328999037,43.375814764672555,35.43552665710449,38.548867760343896,32.32218555386508,0.17571863025296455,1.228087194221137,4914635.0,0.7539522263606555,0.1920537981465352,0.025321033598871494
2020-02-12,35.36033630371094,36.06926009159335,35.08106313080865,35.58232127106814,2964200,0.012092593015179842,0.012020061754143168,34.88628921508789,34.5533088684082,35.3331262588501,34.97195533503634,35.66438789928745,-0.6924325642511064,-0.8298692147651815,0.13743665051407505,47.22397111716992,35.3331262588501,38.304752372198905,32.361500145501296,0.16820623748822586,1.2209267075659187,4878355.0,0.6076228564751848,0.2826088129783716,0.025551628900097784
2020-02-13,34.58696746826172,35.08106875958487,34.38646417998706,35.01662088383196,3302600,-0.02187108258266357,-0.022113800234330305,34.75739364624023,34.54113540649414,35.19098339080811,34.91272643245563,35.58457897670057,-0.6718525442449419,-0.7982658806611337,0.1264133364161918,49.36628607819501,35.19098339080811,38.0082864870285,32.373680294587714,0.1601150536166189,1.1764267440686744,4931715.0,0.6696656234190338,0.28865816793804144,0.02589998841583564
2020-02-14,34.823280334472656,35.0452653570679,34.64425874507511,34.73734800477192,3207000,0.006832425144754017,0.006809189903398805,34.843326568603516,34.72445487976074,35.05313701629639,34.8989654943044,35.52818648352556,-0.6292209892211602,-0.7644569023731391,0.13523591315197891,55.174936481102506,35.05313701629639,37.63845850413987,32.46781552845291,0.14750870865803253,1.114536639226642,4903785.0,0.6539846261612203,0.4464305065784281,0.025951290000874132
2020-02-18,34.18595504760742,34.74450138754731,33.82003387740814,34.50819163963307,3594300,-0.01830170164165512,-0.018471249647346685,34.77887725830078,34.79606323242187,34.85263290405273,34.78927157942794,35.428761930826184,-0.6394903513982442,-0.7394635921781603,0.0999732407799161,51.94889814534708,34.85263290405273,36.99585274536373,32.70941306274174,0.12298754284711595,1.1503927463327872,4888625.0,0.7352374133831088,0.3958183086239679,0.025711511571637567
2020-02-19,34.05706024169922,34.57980283355115,33.94964622034316,34.24324144951074,5644900,-0.0037704023692977096,-0.003777528253584094,34.60271987915039,34.7609748840332,34.67217884063721,34.67662368131583,35.32715439650924,-0.6505307151934119,-0.7216770167812107,0.07114630158779878,41.59368215071746,34.67217884063721,36.38186889713556,32.962488784138856,0.09862028367796294,1.0526987136283295,4963070.0,1.1373806938044395,0.1704560698088611,0.025631619086925666
2020-02-20,34.91636276245117,34.95216925864693,33.9711291739083,34.02841738249981,4154200,0.02523125938215398,0.024918206051671523,34.51392517089844,34.700107192993165,34.596631813049314,34.713506616875115,35.29672538608293,-0.5832187692078179,-0.6939853672665321,0.11076659805871425,51.155349601654095,34.596631813049314,36.10097340545295,33.09229022064568,0.08696462710778796,1.0199640233564204,4913300.0,0.8455009871166019,0.9635014854257301,0.025563446777769262
2020-02-21,34.58696746826172,34.923528900710544,34.42943034103981,34.7874734881888,3972800,-0.009433837551478419,-0.009478618054139435,34.51392517089844,34.63565940856934,34.52681331634521,34.69403905554998,35.244150724709954,-0.5501116691599748,-0.6652106276452208,0.11509895848524598,60.50898457642275,34.52681331634521,35.88243364706647,33.171192985623954,0.07852565588956333,0.924826028287906,4822060.0,0.8238802503494357,0.31883744842024175,0.02551194785655487
2020-02-24,33.111820220947266,33.68468851577649,32.79674061005257,33.376771295121124,5075900,-0.04265037831570817,-0.0435866233326967,34.17163314819336,34.50747985839844,34.44625358581543,34.450620773303406,35.08620031481614,-0.6355795415127332,-0.6592844104187233,0.023704868905990106,47.91662504844361,34.44625358581543,35.937492477818346,32.95501469381251,0.08658351703112316,0.9892745092142826,4779890.0,1.0619282033686968,0.35484019424475016,0.026087176559997243
2020-02-25,31.471994400024414,33.323076886903316,31.207043225732022,33.29801397489799,5529300,-0.04952388029352317,-0.05079224129722141,33.62884101867676,34.20385913848877,34.330606174469,33.99237056202971,34.81848135470015,-0.8261107926704341,-0.6926496868690656,-0.1334611058013685,34.206517784459734,34.330606174469,36.31498823932513,32.34622410961286,0.11560425439454554,1.0565353437262175,4815005.0,1.148347717188248,0.12521122792234818,0.02765905672070556
2020-02-26,30.827510833740234,32.137949910915346,30.806029121541336,31.83003262168793,6470700,-0.020478002064072576,-0.02069058351799832,32.98293113708496,33.79282550811767,34.18345022201538,33.505469065369795,34.522853905160574,-1.017384839790779,-0.7575967174534084,-0.2597881223373706,23.37666100081853,34.18345022201538,36.70616487863557,31.660735565395193,0.1475985975807362,1.0652305482810438,4847850.0,1.3347566446981651,0.016128370552509434,0.027916385287058035
2020-02-27,28.789325714111328,30.17965716244986,28.75293015535126,30.085029265034308,10009300,-0.0661157863384203,-0.06840281668041213,31.75752372741699,33.13572444915771,33.84451665878296,32.779908549791564,34.098148108518686,-1.3182395587271216,-0.8697252857081512,-0.4485142730189704,19.517144454861537,33.84451665878296,37.250749773882404,30.43828354368351,0.20128714789699906,1.1571510388339903,5006915.0,1.999095251267497,0.02550982656379539,0.02775515932566014
2020-02-28,29.41534423828125,29.47357936347433,27.697446920335803,27.74840126647795,10280000,0.0217448136988867,0.02151176754908505,30.723199081420898,32.61856212615967,33.579848766326904,32.26228327109767,33.75127374419671,-1.4889904730990366,-0.9935783231863283,-0.4954121499127083,25.96194652709012,33.579848766326904,37.48884740436714,29.67085012828667,0.23281812048898146,1.1945063474837256,5238675.0,1.9623282604857144,0.9672123916827408,0.028425140427484112
2020-03-02,30.150537490844727,30.150537490844723,28.956745475671955,29.88120704273939,7706700,0.024993528772194074,0.02468629917746056,30.13094253540039,32.15128784179687,33.43787136077881,31.93739930490491,33.4845525377075,-1.5471532328025894,-1.1042933051095807,-0.44285992769300875,30.148379431350335,33.43787136077881,37.63286807323351,29.242874648324104,0.2509129045442321,1.2327199993725597,5247400.0,1.468670198574532,0.9999999916233345,0.027545928457487837
2020-03-03,29.52452850341797,31.114309376326563,28.927632459460384,30.09958499087742,6765300,-0.0207627803523186,-0.020981357685334545,29.7414493560791,31.68514518737793,33.2406042098999,31.566188412368458,33.19121742147274,-1.625029009104285,-1.2084404459085216,-0.4165885631957633,25.772725410255887,33.2406042098999,37.785709835812526,28.69549858398727,0.27346708845677237,1.2958205745482143,5267420.0,1.2843669196684524,0.2729694709922341,0.027417676704908075
2020-03-04,30.507225036621094,30.55090137649606,29.26975650819723,30.172381427989738,4967000,0.03328407202470185,0.0327421494524743,29.677392196655273,31.33016166687012,33.04556827545166,31.403270969945787,32.99240316912156,-1.589132199175772,-1.2845787965619717,-0.3045534026138004,29.317057468423997,33.04556827545166,37.71288643499348,28.378250115909832,0.28247770597481314,1.3065157112736896,5251420.0,0.9458394110545338,0.9659083444700162,0.027782691167096984
2020-03-05,29.18968391418457,29.575484631917043,28.869399093111596,29.13872957394122,5447400,-0.04318783897437206,-0.044148185764506534,29.75746383666992,30.757493782043458,32.72880048751831,31.06271911521329,32.71072025922135,-1.648001144008056,-1.3572632660511887,-0.29073787795686723,28.017521778316933,32.72880048751831,37.545144558083884,27.912456416952743,0.2943183984027991,1.3539409841155194,5253630.0,1.036883069420572,0.45360625439060615,0.027471835337793675
2020-03-06,28.367136001586914,28.891238226302974,27.886707342461815,28.185155406815234,6928400,-0.028179404580600642,-0.028584064171105764,29.547822189331054,30.135510635375976,32.38558502197266,30.64801402080923,32.38897327492469,-1.740959254115456,-1.4340024636640423,-0.30695679045141366,24.903357791262323,32.38558502197266,37.42420445132713,27.34696559261819,0.31116432980512254,1.4142751757524177,5300790.0,1.3070504585165608,0.47826170610643925,0.027787275295509558
2020-03-09,22.223472595214844,25.43360905645719,22.150680073527298,25.295304792492907,15081500,-0.2165767952756451,-0.24408223765761375,27.962409210205077,29.046675872802734,31.777077865600585,29.351930724563942,31.635973219700805,-2.2840424951368625,-1.6040104699586066,-0.6800320251782559,17.43822500705045,31.777077865600585,38.46441436352009,25.089741367681075,0.4208905882537868,1.7866472808234966,5864760.0,2.571545979716135,0.0221730417698074,0.05387119138986559
2020-03-10,22.856761932373047,24.261653704237617,21.339044471163795,23.664754811608898,12975400,0.028496416770372957,0.028097946167395048,26.628855895996093,28.1851526260376,31.194505882263183,28.352673987303803,30.98566126859302,-2.6329872812892177,-1.809805832224729,-0.8231814490644886,20.327660998778782,31.194505882263183,38.841279223226636,23.547732541299734,0.49026411059848285,1.950393896528199,6389115.0,2.0308602991181095,0.5193022176351599,0.05473290055338253
2020-03-11,20.374547958374023,22.077886497901275,20.272639265917423,21.975977805444675,12444100,-0.10859867120912492,-0.11496052779222515,24.60232048034668,27.139856338500977,30.466340923309325,27.125269982853066,30.19965287088072,-3.074382888027653,-2.062721243385314,-1.0116616446423392,14.52560074677666,30.466340923309325,39.29454725697346,21.638134589645187,0.5795383407470381,2.06489979522227,6826050.0,1.8230308890207367,0.05645137690093309,0.05770888437406381
2020-03-12,17.229917526245117,19.209865295129074,16.29817666467549,18.52561946662144,18163300,-0.15434111414660612,-0.16763920889732026,22.21036720275879,25.983915519714355,29.559819984436036,25.602908066451842,29.238931729303555,-3.636023662851713,-2.377381727278594,-1.2586419355731189,12.771398842619618,29.559819984436036,39.870957936766395,19.248682032105677,0.6976455173109596,2.3207764190813984,7586005.0,2.3943169032975855,0.32000017056235774,0.06378331456531747
2020-03-13,18.7003231048584,20.38910251297363,16.436484449316914,20.330868788155914,17350800,0.08534025635198295,0.08189353815452732,20.277004623413085,24.91241340637207,28.76548776626587,24.54097191851439,28.45829404970394,-3.9173221311895503,-2.6853698080607855,-1.2319523231287648,19.082935571845653,28.76548776626587,39.863663292842986,17.66731223968876,0.7716313115741614,2.4752329337562244,8288415.0,2.0933797354500228,0.5727440934982929,0.06906829909802445
2020-03-16,16.014291763305664,18.511065655819866,15.97789620102247,16.815006629151288,12345400,-0.14363555787198645,-0.15505924329672527,19.03516845703125,23.498788833618164,27.825038337707518,23.229174971559203,27.53651609850182,-4.307341126942617,-3.0097640718371523,-1.297577055105465,18.263129097274756,27.825038337707518,39.906013997521775,15.74406267789326,0.8683528491993157,2.5185467368036987,8745335.0,1.4116554711740603,0.014367598689693572,0.07317054431564173
2020-03-17,19.36273765563965,20.090660113457666,16.552956524173492,18.685769547724586,19873300,0.20909110073830695,0.18986892093469163,18.33636360168457,22.482609748840332,27.08387746810913,22.634338461417734,26.93105102619001,-4.296712564772275,-3.267153770424177,-1.0295587943480977,28.813564579217797,27.08387746810913,39.33927588326806,14.828479052950197,0.90499585442221,2.714578705430698,9559285.0,2.078952557644217,0.7942387067233934,0.09136045679358847
2020-03-18,19.24626350402832,20.592919862013463,17.841373425133618,18.081587697435726,16955900,-0.006015376218114654,-0.006033541477518236,18.11070671081543,21.356513595581056,26.343337631225587,22.1130961602809,26.36180750387952,-4.248711343598618,-3.4634652850590655,-0.7852460585395526,31.016508268324415,26.343337631225587,38.614486366957486,14.07218889549369,0.9316320435559783,2.7629334024657597,10124835.0,1.6746840812714479,0.5105819967123568,0.09133572957148176
2020-03-19,20.469175338745117,22.820363994538354,18.8750251401069,19.129798218453892,13893400,0.06354022090889666,0.06160317432139033,18.75855827331543,20.48446273803711,25.620978260040282,21.860185264660014,25.925316230861338,-4.065130966201323,-3.5837984212875167,-0.4813325449138066,32.61668309860042,25.620978260040282,37.46054746596244,13.781409054118122,0.9242089888806256,2.917876717558112,10611795.0,1.309241273507451,0.404059132413191,0.09281371779498022
2020-03-20,19.974191665649414,21.612017116561148,19.355457328735724,20.8113021739906,12649100,-0.0241819059587991,-0.024479088995925862,19.013331985473634,19.64516830444336,24.89033946990967,21.570032403273768,25.484492187566108,-3.9144597842923403,-3.6499306938884812,-0.2645290904038591,30.039996803607735,24.89033946990967,36.1915151953438,13.589163744475538,0.9080772674150388,2.993788701319016,11045610.0,1.145169891024579,0.27419363648592193,0.09276594125798501
2020-03-23,19.348175048828125,20.694831607286247,18.93325955203004,19.75581115587868,11703100,-0.03134127414517007,-0.03184292122585301,19.680108642578126,19.357638549804687,24.20215721130371,21.228208194897512,25.029950175926153,-3.8017419810286412,-3.6802929513165137,-0.12144902971212757,30.0399878130099,24.20215721130371,35.06304469080015,13.341269731807275,0.897514001307604,2.9634240683468756,11376970.0,1.0286658046914072,0.2355370552142232,0.09267355991745914
2020-03-24,20.723953247070312,21.808557614458334,19.58111513473535,20.862258911970045,12333600,0.07110635472183802,0.06869209066398342,19.952351760864257,19.144357681274414,23.664755153656007,21.150630510616402,24.710987439569706,-3.560356928953304,-3.656305746843872,0.09594881789056808,31.102381815555916,23.664755153656007,34.06491725397027,13.264593053341741,0.8789579298653785,3.0476553324419733,11717185.0,1.0526077722592926,0.5130718829365118,0.09471308868117354
2020-03-25,22.11427879333496,23.602879947674637,20.818577991999792,21.240772869131746,10539200,0.06708785383219262,0.06493330616738598,20.525954818725587,19.318330764770508,23.229093551635742,21.2988840925731,24.518638650465206,-3.219754557892106,-3.568995509053519,0.3492409511614132,36.37128820543569,23.229093551635742,33.08146599387362,13.376721109397861,0.8482786829660081,3.1363053865201755,11920610.0,0.8841158296429461,0.46535929554649563,0.09651613111557407
2020-03-26,21.604734420776367,22.783967787536415,21.07335146676225,22.04148808522149,14298600,-0.02304141940691129,-0.02331102231797582,20.753066635131837,19.755812454223634,22.869863986968994,21.345937989219756,24.302793892196657,-2.9568559029769013,-3.446567587838196,0.48971168486129457,36.81521367897697,22.869863986968994,32.38683327788868,13.352894696049313,0.8322716126639276,3.165422511452419,12135075.0,1.178286907991916,0.31063830296395645,0.09572026195254858
2020-03-27,20.78946304321289,21.30046431598442,19.59567076941941,20.381826894083712,9101400,-0.0377357740986376,-0.03846620293030484,20.91612091064453,19.964726448059082,22.438569927215575,21.260326459064853,24.042547162068676,-2.782220703003823,-3.313698210871321,0.531477507867498,46.4707944456065,22.438569927215575,31.476324787535276,13.400815066895872,0.8055553352674116,2.8648944916879437,12076145.0,0.7536676646396677,0.700256209437378,0.09561389729462139
2020-03-30,20.854976654052734,21.393639067880205,20.243521721945484,20.60748292494257,6817000,0.003151289222990794,0.003146334317937546,21.217481231689455,20.44879493713379,21.973791885375977,21.19796495060145,23.80643082765968,-2.6084658770582294,-3.172651744108703,0.5641858670504738,44.93181620189288,21.973791885375977,30.267070872936245,13.680512897815708,0.754833670112223,2.7382879283208648,12031660.0,0.5665884840495825,0.5316456872440726,0.09528447694673658
2020-03-31,21.284448623657227,21.895903487938078,20.70939070867979,20.782181830483317,7599900,0.020593260626884158,0.020384086281707042,21.329580307006836,20.64096603393555,21.56178789138794,21.211270131071572,23.619617330713876,-2.4083471996423036,-3.0197908352154235,0.6114436355731199,52.57095025080575,21.56178789138794,29.055847118498722,14.067728664277158,0.6951241024037721,2.6384586506639125,12073390.0,0.6294752343790766,0.4846622136596738,0.09557429421883845
2020-04-01,19.683019638061523,20.57836373291849,19.61022713045654,20.265356922098185,10339900,-0.07523939256832557,-0.07822037774149784,20.84332847595215,20.684641647338868,21.02057762145996,20.976154670608487,23.328017501118293,-2.3518628305098055,-2.8862052342743003,0.5343424037644948,57.59351941332563,21.02057762145996,27.251487682171945,14.789667560747976,0.5928390906205007,2.4668765220569235,12342035.0,0.8377791830925775,0.07518826028061662,0.09596240237832887
2020-04-02,20.403663635253906,21.721202678364694,19.599308396527807,19.733975028715523,10680300,0.03661247158433234,0.035958157942009183,20.603114318847656,20.678090476989745,20.581276607513427,20.888079126707783,23.111398695888496,-2.2233195691807133,-2.753628101255583,0.5303085320748697,55.52930614418258,20.581276607513427,25.484588452952124,15.677964762074732,0.4764827701357152,2.3361105376412215,12603680.0,0.8473953638937199,0.37907413287293545,0.09648185795755168
2020-04-03,20.3599910736084,20.796744835166507,19.95963426874793,20.22168680336318,8005100,-0.002140427446081228,-0.002142721434902829,20.517219924926756,20.716670417785643,20.1809193611145,20.80683481084634,22.907590723562013,-2.100755912715673,-2.6230536635476014,0.5222977508319282,67.02795804230925,20.1809193611145,23.43911908337127,16.922719638857732,0.3228990378441147,2.201445084968553,12657515.0,0.6324385157750159,0.4782603590714635,0.09644467037528096
2020-04-06,22.230749130249023,22.551033963084386,21.473709223398107,21.495547393619393,8021100,0.09188403127865774,0.08790467322048964,20.792374420166016,21.004927825927734,20.18128318786621,21.025898552292908,22.857454309172894,-1.831555756879986,-2.4647540822140783,0.6331983253340923,62.709667625401615,20.18128318786621,23.440444736935966,16.922121638796455,0.3229885353404379,2.066778980634552,12304495.0,0.6518837221681995,0.7027035321256376,0.08609839975617699
2020-04-07,23.533733367919922,25.52823926035954,23.15521198474184,23.846737456473434,15028000,0.058611800710662854,0.05695842784859815,21.242231369018555,21.285905838012695,20.215131759643555,21.4117192931586,22.907549054329696,-1.4958297611710947,-2.2709692180054817,0.775139456834387,67.19209631439018,20.215131759643555,23.602817126726332,16.827446392560777,0.33516332293671003,2.1057749587224572,12407125.0,1.2112395095560011,0.15950991607732515,0.08681831996656258
2020-04-08,25.324419021606445,25.433605707156385,23.555567503024353,23.99960057728288,7220700,0.07609016494286891,0.07333425464417487,22.37051124572754,21.606919860839845,20.462625312805176,22.013673097535193,23.086576459526352,-1.072903361991159,-2.031356046802617,0.9584526848114581,68.62090325585969,20.462625312805176,24.550278076893505,16.374972548716848,0.3995237855946414,1.959670207637101,12145955.0,0.5944942163872664,0.9418613025398942,0.08386732580452916
2020-04-09,26.61284637451172,27.471795107113834,25.870365125475793,26.023228177005702,9892300,0.050876877049222946,0.04962493664917406,23.6123477935791,22.107731056213378,20.931771755218506,22.72123821707004,23.34778163870217,-0.6265434216321282,-1.7503935217685191,1.123850100136391,74.00001406668187,20.931771755218506,25.57346271535809,16.29008079507892,0.44350674318645417,1.9518713717572413,11732405.0,0.8431604602807353,0.4636364080308438,0.07414236750039917
2020-04-13,25.64470672607422,26.860338621020237,25.164278036149152,26.547331755802,7170600,-0.03637865844236521,-0.0370568607514823,24.669290924072264,22.59325542449951,21.278990936279296,23.171002603070686,23.517924237940477,-0.34692163486979055,-1.4696991443887735,1.122777509518983,72.21367791446876,21.278990936279296,26.245432442634748,16.312549429923845,0.46679295284514566,1.9471919810154468,11223395.0,0.6388975884747886,0.28326151281262635,0.07388347483703793
2020-04-14,25.746610641479492,27.03503342908101,25.542793288684848,26.474532932092565,7348800,0.00397368222977823,0.00396580800742532,25.37246322631836,23.082418823242186,21.76560688018799,23.567249993595116,23.68301211984017,-0.11576212624505544,-1.19891174076003,1.0831496145149746,69.46951877446057,21.76560688018799,26.459791138278568,17.07142262209741,0.4313396161136617,1.8780389506415867,10973565.0,0.6696820951076519,0.13658482030558838,0.06348060232704443
2020-04-15,23.460935592651367,24.64016895104177,23.198884506565506,24.64016895104177,7586700,-0.08877576472709581,-0.09296627010792677,25.357903671264648,23.300067520141603,21.970516777038576,23.55089393191146,23.666562006700676,-0.11566807478921604,-0.9822630075658673,0.8665949327766512,54.881270868788725,21.970516777038576,26.580085438187638,17.360948115889514,0.41961404075543,1.854381767377991,10359235.0,0.7323610285894663,0.18181774268916695,0.05215257247368578
2020-04-16,23.02418327331543,23.795780574011737,22.310819704965983,23.795780574011737,6918500,-0.01861615098899727,-0.01879161255264122,24.897856521606446,23.634183883666992,22.15941276550293,23.46986152289669,23.618978396781724,-0.1491168738850348,-0.8156337808297008,0.666516906944666,55.17241762775496,22.15941276550293,26.605667456682845,17.71315807432301,0.4012971587497756,1.8382635208259615,9857365.0,0.7018609942920851,0.4803921627941197,0.05244341014620279
2020-04-17,24.32716178894043,24.793034390693762,23.73026572862266,24.050553315878275,6544100,0.0565917366169999,0.05504838498779721,24.440719604492188,24.026533699035646,22.352312088012695,23.601753871518802,23.671436425869885,-0.06968255435108262,-0.6664435355339773,0.5967609811828947,62.44876421329551,22.352312088012695,26.824486620827436,17.880137555197955,0.4001531935672212,1.821105482684631,9489900.0,0.6895857701345641,0.5616425060352517,0.052094023014065745
2020-04-20,22.95138931274414,23.89768908193461,22.929551145162293,23.424538503138614,7140700,-0.05655293815745244,-0.05821502402264962,23.90205612182617,24.285673522949217,22.50117197036743,23.50169778555347,23.618099602638324,-0.11640181708485287,-0.5564351918441525,0.4400333747592996,56.75421368683156,22.50117197036743,26.836143359412386,18.166200581322475,0.3853107202374907,1.8387835753877322,9214480.0,0.7749433500316892,0.02255687596447816,0.05368898437847907
2020-04-21,22.478235244750977,22.682053945339092,21.56105456310773,22.12883294808676,7315100,-0.020615486999318033,-0.020830952580741868,23.248381042480467,24.310422134399413,22.657674980163574,23.344242010045395,23.533665205703457,-0.18942319565806187,-0.4830327926069343,0.29360959694887245,53.835341508198674,22.657674980163574,26.731498042953692,18.583851917373455,0.3595976256484114,1.8533422875575982,8995080.0,0.813233456511782,0.8181812479109267,0.05332410522255406
2020-04-22,23.177045822143555,23.311712445428004,22.47823970185097,23.147928264113972,5331100,0.03108832031445896,0.030614866074306864,23.191603088378905,24.274753379821778,22.780329608917235,23.318519519598958,23.507248955053655,-0.18872943545469667,-0.42417212117648684,0.23544268572179017,61.91657830541551,22.780329608917235,26.75553556370727,18.8051236541272,0.3490033746688162,1.793289123805908,8644955.0,0.6166718045380225,0.8384270719030738,0.05158860324116198
2020-04-23,23.701154708862305,24.261655298715535,23.30079516125026,23.3663082893319,7724700,0.0226132739582372,0.022361384176265233,23.326997375488283,24.112426948547363,22.859673404693602,23.37738647179332,23.521612344232587,-0.144225872439268,-0.36818287142904305,0.22395699898977506,61.39909898302948,22.859673404693602,26.842244188719217,18.877102620667987,0.34843636770487757,1.7191973520012718,8504230.0,0.9083362044535485,0.4166678664612982,0.04978339833454895
2020-04-24,24.10879135131836,24.27621318566317,23.46822157907834,24.05055899784374,4979100,0.01719902036265064,0.017052791492861444,23.283323287963867,23.862021446228027,22.984876251220705,23.489910299412557,23.565107085520413,-0.07519678610785618,-0.3095856543648057,0.2343888682569495,62.64113173719014,22.984876251220705,26.958765807392243,19.010986695049166,0.3457829846667536,1.7171174262988618,8038255.0,0.619425484760063,0.7927925972147344,0.04941717335988913
2020-04-27,25.06964111328125,25.291657620107365,23.883129853459884,24.247090975889186,4885900,0.03985474626086338,0.03908103634206753,23.70697364807129,23.80451488494873,23.19888515472412,23.73294580923851,23.676554050592436,0.056391758646075374,-0.23639017176262947,0.2927819304087048,60.19872338915143,23.19888515472412,27.135794191618203,19.261976117830038,0.33940501973582016,1.6612234889539685,7827480.0,0.6241983371404335,0.8423768984133563,0.04878995381937066
2020-04-28,26.110576629638672,26.343511583694152,25.26618672698663,25.826687327933783,5868600,0.041521755802318205,0.040682870413170806,24.43344192504883,23.84091148376465,23.461665153503418,24.09873516622315,23.856852019489622,0.24188314673352806,-0.14073550806339793,0.382618654796926,59.43495631312864,23.461665153503418,27.44120292785543,19.482127379151407,0.3392374538051717,1.516679227546996,7780060.0,0.7543129487433259,0.7837839158327734,0.04923643811605546
2020-04-29,27.275253295898438,27.726564407705926,26.860337748836077,26.93312887832633,6887300,0.044605551335764604,0.04363935132315711,25.253083419799804,24.222343254089356,23.761205387115478,24.587430263096273,24.110066928955902,0.4773633341403709,-0.01711573962264413,0.49447907376301503,57.48603612828391,23.761205387115478,27.94722522598095,19.575185548250005,0.35234069742399043,1.496401758892052,7744430.0,0.8893230360400959,0.4789918874279105,0.049735450346082156
2020-04-30,26.707473754882812,27.187902461962505,26.241603830054476,27.129670109760855,10990200,-0.020816655114290206,-0.021036376268126062,25.854347229003906,24.590672302246094,24.11242809295654,24.9135908002942,24.302467434652346,0.6111233656418555,0.10853208143025585,0.5025912842115997,50.38437747150716,24.11242809295654,28.027711787542668,20.197144398370416,0.3247523376320459,1.4168498574875217,7776945.0,1.4131770251686233,0.49230750652774835,0.04596114281412693
2020-05-01,24.698400497436523,25.54279013936586,24.414511283388283,25.28073770276661,8709300,-0.07522513270574605,-0.07820495780197825,25.97226905822754,24.627796173095703,24.327164936065675,24.880484599854558,24.33179580968359,0.5486887901709672,0.19656342317839814,0.352125366992569,46.455810373064395,24.327164936065675,27.83598276258313,20.81834710954822,0.2884691114430303,1.4594857065320532,7678395.0,1.1342604802175456,0.2516126310690665,0.049996408899474834
2020-05-04,24.06511116027832,24.12334349773365,23.11881137960225,23.366303673192792,6248300,-0.025640904852277102,-0.025975362435868527,25.771363067626954,24.73916835784912,24.51242094039917,24.755042532227446,24.31204139120277,0.443001141024677,0.24585096674765397,0.19715017427702305,43.94337652344769,24.51242094039917,27.490405778193104,21.534436102605238,0.24297761898221043,1.465724919206204,7590555.0,0.8231677393813759,0.9420303782979528,0.05058892863577685
2020-05-05,24.290767669677734,25.14971625165645,24.188858986528285,24.480029032786728,5041600,0.009376915315142176,0.00933322495292146,25.407401275634765,24.920421600341797,24.615421867370607,24.68361563029672,24.310465559978223,0.37315007031849845,0.2713107874618229,0.10183928285667554,53.50985025953326,24.615421867370607,27.397158929793388,21.833684804947826,0.22601579427815213,1.3612162732393571,7441580.0,0.6774905329244596,0.10606016708970281,0.046745085718595696
2020-05-06,23.264394760131836,24.294405424330176,23.206161034875493,23.810336455060604,4601500,-0.04225362176705205,-0.04317227694551859,24.605229568481445,24.929156494140624,24.6019549369812,24.465273957963664,24.232978834042292,0.23229512392137153,0.2635076547537326,-0.031212530832361085,50.96772884781714,24.6019549369812,27.408240634315007,21.795669239647395,0.22813517905566513,1.3328793818399955,6920255.0,0.6649321448414834,0.05351162412186472,0.04614942193778184
2020-05-07,23.91224479675293,24.60377148946819,23.664751120732827,23.67930989894613,5056200,0.0278472766345641,0.027466592411256475,24.046183776855468,24.95026550292969,24.531346225738524,24.380192548546628,24.209220757199972,0.17097179134665552,0.2450004820723172,-0.07402869072566168,48.23529182712713,24.531346225738524,27.332151416109,21.73054103536805,0.22834500516990328,1.3022026398369968,6812030.0,0.7422457035567959,0.2635658198956422,0.043150909878184256
2020-05-08,24.989574432373047,25.018689214632342,24.290766898887878,24.589214937270977,4175700,0.04505347133977189,0.044068052853891884,24.104418563842774,25.038343811035155,24.45018262863159,24.473943607596848,24.267024733152393,0.20691887444445456,0.2373841605467447,-0.03046528610229013,58.89452745627548,24.45018262863159,27.08624830841134,21.814116948851844,0.21562748383669483,1.2814050522728024,6526200.0,0.6398363519352763,0.9600028859816615,0.04279374110934405
2020-05-11,24.67656707763672,24.92406077067791,24.079671013855588,24.89494321224878,4321000,-0.01252551761469134,-0.012604623163206997,24.22670974731445,24.999036407470705,24.401775646209718,24.505116449141447,24.29736120312084,0.20775524602060713,0.2314583776415172,-0.023703131620910062,59.72939074423961,24.401775646209718,26.98041250168492,21.823138790734514,0.2113482963585675,1.2470885286214488,6383720.0,0.6768780585614658,0.7068963732559416,0.04211982303623291
2020-05-12,24.596492767333984,25.77572599999371,24.567375211761412,24.93133632600973,5675400,-0.003244953402586681,-0.0032502296811564536,24.287854766845705,24.847628021240233,24.34426975250244,24.51917434424799,24.319519096770755,0.19965524747723506,0.22509775160866077,-0.02544250413142571,56.64619697168065,24.34426975250244,26.846802919242286,21.841736585762597,0.2055952544218419,1.273865213446825,6300050.0,0.9008499932540218,0.02409693908024758,0.042105301194527
2020-05-13,23.54828453063965,24.431255162697553,23.14064983301274,24.385396259214527,5865200,-0.042616166727901805,-0.04355088824098308,24.344632720947267,24.474931144714354,24.348637199401857,24.369806680615937,24.262390610379946,0.10741607023599187,0.201561415334127,-0.09414534509813513,49.31771074708579,24.348637199401857,26.844976621925724,21.85229777687799,0.2050496216342812,1.300381889000344,6213975.0,0.9438724809803709,0.31584767635198113,0.038144021803448384
2020-05-14,24.39267921447754,24.42179677788001,22.49280263132527,22.703900800787654,6187900,0.035858012618253055,0.03523008098732333,24.440719604492188,24.24345169067383,24.41706199645996,24.37332553197926,24.272041618092555,0.10128391388670366,0.18150591504464236,-0.0802220011579387,51.21950220313189,24.41706199645996,26.83431347495409,21.99981051796583,0.19799691534096842,1.3804534989981947,6177445.0,1.0016924472820075,0.9849053076166505,0.03862035780313121
2020-05-15,24.429075241088867,24.734801297418837,23.8976922549891,24.17430075067714,4829200,0.0014920881093589689,0.001490976051950246,24.328619766235352,24.216519165039063,24.42215766906738,24.381902410303812,24.283673738316377,0.09822867198743523,0.16485046643320095,-0.06662179444576571,47.01090415074026,24.42215766906738,26.839040843605584,22.00527449452918,0.19792544191125086,1.3396378758397844,6091700.0,0.7927507920613294,0.6347834664520834,0.03655153775303755
2020-05-18,26.74386215209961,27.668320878395853,25.994100417433465,26.117848632142593,8544900,0.094755404703873,0.09053096361696075,24.74207878112793,24.48439426422119,24.611781311035156,24.74528083211855,24.4659099171423,0.2793709149762478,0.18775455614181033,0.09161635883443744,52.64113373448088,24.611781311035156,27.13553373711552,22.08802888495479,0.20508490581693833,1.480021816332219,6161910.0,1.3867291148361467,0.44782736065529083,0.03957831145103026
2020-05-19,25.94315528869629,26.70019529189418,25.899481719498855,26.66379972529507,4415500,-0.029939836619314097,-0.03039718530432384,25.011411285400392,24.64963302612305,24.785027313232423,24.929569210053586,24.57533550023548,0.3542337098181072,0.2210503868770697,0.1331833229410375,44.27050954344919,24.785027313232423,27.16364054342775,22.406414083037095,0.19193952866256594,1.4249070059417548,6016930.0,0.7338459978759933,0.05454331006448678,0.03999106130211354
2020-05-20,26.336233139038086,26.93312929588365,26.030504281471245,26.452700614110302,5656200,0.015151505126019371,0.015037867488678951,25.56900100708008,24.95681686401367,24.942986679077148,25.14597904528197,24.705772362385677,0.4402066828962923,0.26488164608091425,0.17532503681537803,48.37889364282306,24.942986679077148,27.291386630791383,22.594586727362913,0.18830142371716346,1.421787330323426,6033185.0,0.9375147621032672,0.33871081489887334,0.03966318740009797
2020-05-21,26.074186325073242,26.758432543580735,25.957718824544216,26.205212610268926,3941800,-0.009950049142616879,-0.0099998817148348,25.905302429199217,25.173011016845702,25.061638259887694,25.28878016524986,24.80713635963379,0.4816438056160699,0.3082340779879454,0.1734097276281245,57.08934261401498,25.061638259887694,27.385521947847266,22.73775457192812,0.18545345390920076,1.3151981337192826,5844040.0,0.6744991478497752,0.14545460669091942,0.03966351649515048
2020-05-22,26.29255485534668,26.336231196578726,25.746613085561556,25.972270016721975,3040600,0.008374893373506831,0.008340018534082767,26.27799835205078,25.303309059143068,25.17082643508911,25.443207040649373,24.917167359328285,0.5260396813210875,0.3517951986545738,0.17424448266651366,61.99061878559231,25.17082643508911,27.511355633403117,22.830297236775106,0.18597158137415915,1.2444859189466324,5747115.0,0.5290654528402512,0.9259243403905241,0.03957580648640619
2020-05-26,28.236103057861328,28.35257049983455,27.60280873887926,27.92309628690776,6188600,0.07392009689463186,0.07131559564177696,26.576446533203125,25.659262657165527,25.329149532318116,25.872883350989675,25.163014448133456,0.7098689028562184,0.42340993949490285,0.28645896336131554,67.92329199941356,25.329149532318116,28.039955341869103,22.61834372276713,0.21404633472530926,1.314158101311614,5812250.0,1.0647511720934233,0.8446607222653841,0.04182043689725403
2020-05-27,28.98586082458496,29.60095595184808,28.410801639143866,29.080491484964533,6895200,0.026553160157661626,0.02620674391736347,27.18498764038086,26.098199462890626,25.47291374206543,26.351802962312025,25.446188253823134,0.9056147084888906,0.5198508932937005,0.3857638151951901,76.6621822256859,25.47291374206543,28.626951083154765,22.318876400976094,0.2476385209031525,1.3339158516353327,5863580.0,1.1759368849747083,0.4831803527247396,0.0412967635881144
2020-05-28,28.68207550048828,29.408203672166312,28.415333962628956,29.319290768376618,5266800,-0.010480465835915997,-0.01053577268507481,27.654156112670897,26.61157855987549,25.543254852294922,26.710306429723754,25.685883605448808,1.0244228242749465,0.6207652794899498,0.4036575447849967,72.96392075867215,25.543254852294922,28.921329786689533,22.16517991790031,0.2644983933275919,1.3091653502211185,5782555.0,0.9108084575071054,0.26865713860587614,0.04041677400479261
2020-05-29,28.600576400756836,28.889548340740397,27.948544543923717,28.259741181072595,5254200,-0.0028414645143116646,-0.0028455091381918386,28.159434127807618,27.03236827850342,25.637909984588624,27.001117194498075,25.901786775489015,1.0993304190090605,0.7164783073937719,0.38285211161528854,69.2286128967059,25.637909984588624,29.25123972939933,22.02458023977792,0.281873970770842,1.2973481630023518,5495755.0,0.9560469853550604,0.6929109660447349,0.04005082563679821
2020-06-01,28.607986450195312,28.904363785618756,28.289378765409353,28.607986450195312,3014400,0.0002590874160941503,0.00025905385874562715,28.622520446777344,27.450259399414062,25.833389282226562,27.24832784922073,26.102246010667393,1.1460818385533358,0.8023990136256848,0.343682824927651,71.6391078606427,25.833389282226562,29.650005426942013,22.016773137511112,0.2954793196525159,1.2762825631232049,5211010.0,0.5784675139752179,0.5180738865748868,0.03546838522883475
2020-06-02,30.08246421813965,30.54926188565795,28.963634853997487,29.045139522697998,6083400,0.05154077413002511,0.05025649251772071,28.991792678833008,27.784119606018066,26.13425693511963,27.68434882905441,26.39707698901903,1.2872718400353804,0.8993735789076239,0.3878982611277565,76.17736428035363,26.13425693511963,30.296962474468174,21.971551395771087,0.3185631448931409,1.3286343236396578,5202765.0,1.1692628823327595,0.7056068891020733,0.03581746656378708
2020-06-03,30.845653533935547,31.342087136083276,30.71969095519478,30.741921308202656,5160600,0.02536990687537144,0.025053432243590426,29.363751220703126,28.27436943054199,26.462001228332518,28.170703399036125,26.726601177552432,1.4441022214836927,1.0083193074228378,0.4357829140608549,85.79441913919145,26.462001228332518,31.026372090372718,21.89763036629232,0.3449754856146849,1.3146186081841138,5208715.0,0.9907625969168979,0.2023832738451557,0.03593845675857477
2020-06-04,31.645872116088867,31.682918931725425,30.615955378341898,30.749326175826194,3901500,0.02594266907890086,0.025611867096599218,29.956510543823242,28.80533332824707,26.88107509613037,28.705344740121163,27.09099161746559,1.6143531226555723,1.1295260704693848,0.4848270521861875,85.73258737789271,26.88107509613037,31.738937060576877,22.023213131683864,0.3614336068832168,1.2530449943861695,5173715.0,0.7541002935028311,0.9652782654366607,0.03361879507105444
2020-06-05,32.579463958740234,33.883530374295304,32.48091836639233,33.12776355080103,7656600,0.02950122022950108,0.029074432749211634,30.75228805541992,29.45586109161377,27.314436054229738,29.301363081447175,27.49754512424896,1.8038179571982162,1.2643844478151511,0.5394335093830651,86.89138913057329,27.314436054229738,32.585929530707396,22.04294257775208,0.3859858915638384,1.3530842240845051,5303735.0,1.4436241629719433,0.07025862540037116,0.033651422491882764
2020-06-08,34.00949478149414,34.03172230423993,32.66097042276298,32.66097042276298,5727300,0.04389362650548656,0.042957593948860485,31.83258972167969,30.227555084228516,27.76543207168579,30.025691035300554,27.979911765550863,2.0457792697496906,1.4206634122020592,0.6251158575476314,85.7500532128352,27.76543207168579,33.700997280264176,21.8298668631074,0.42755071797577154,1.225442274669699,5381315.0,1.0642937646281625,0.9837844230717512,0.03359987590110192
2020-06-09,32.905479431152344,33.20926780296385,32.541673360189876,32.94993730013348,5535400,-0.032461974440812114,-0.03300055194698569,32.397192764282224,30.694492721557616,28.17687768936157,30.468735403893135,28.344768629686637,2.1239667742064974,1.561324084602947,0.5626426896035503,83.26475212801614,28.17687768936157,34.34709798944837,22.006657389274768,0.43796338033695076,1.2699737738628067,5442035.0,1.0171562659924092,0.5449507098969868,0.03476771626114645
2020-06-10,32.290496826171875,32.97216724164311,32.15712603592912,32.890662555773574,4267700,-0.018689367716619554,-0.018866220932451775,32.68616142272949,31.02495632171631,28.561577892303468,30.74900639193602,28.637044792401966,2.1119615995340553,1.6714515875891691,0.44051001194488615,77.85771079015353,28.561577892303468,34.75126387039545,22.371891914211492,0.4334274528831211,1.2574785737575664,5371650.0,0.7944858656092635,0.1636368660521316,0.035361978281083055
2020-06-11,29.089603424072266,31.149439808039375,28.85991146208925,30.54556566581469,9225100,-0.09912803198200537,-0.10439213133998244,32.17490768432617,31.065709114074707,28.8386438369751,30.49371362764929,28.670567654008526,1.823145973640763,1.7017904647994881,0.12135550884127477,61.06512657711336,28.8386438369751,34.56197373427416,23.115313939676035,0.3969208766995464,1.4453265484037168,5539645.0,1.6652872160580687,0.10032282910411727,0.04181641342545895
2020-06-12,30.54926872253418,31.056818837991617,29.626789766635728,30.986427912635058,5034900,0.050178246749627675,0.04895990857120507,31.76886863708496,31.26057834625244,29.14647331237793,30.502260565323887,28.80973069612673,1.6925298691971555,1.6999383456790218,-0.007408476481866266,64.31591825340132,29.14647331237793,34.51417115555479,23.778775469201065,0.36832571719044366,1.5437263557538725,5481995.0,0.918443012078632,0.6450770602677526,0.04237510138146898
2020-06-15,31.104976654052734,31.45322289408993,29.111828836148792,29.252607847881247,5665300,0.01819054775306772,0.018027079151973133,31.18796501159668,31.510277366638185,29.48026838302612,30.594986117436015,28.979748915238236,1.615237202197779,1.682998116982773,-0.06776091478499402,60.64183423904584,29.48026838302612,34.42653467157541,24.534002094476833,0.3355645358640768,1.5638248138576774,5523800.0,1.025616423476592,0.8512654256686406,0.04231806451988952
2020-06-16,31.305028915405273,32.97216063279372,30.704860479608982,32.72023839355097,5592400,0.006431519418178766,0.006410925450337823,30.867874908447266,31.632533836364747,29.708326721191405,30.70422347096975,29.151991878219082,1.552231592750669,1.6568448121363522,-0.10461321938568324,58.96850058240465,29.708326721191405,34.5426989008545,24.87395454152831,0.32545570304467275,1.6282853323718192,5376175.0,1.0402191148911633,0.2647062111764119,0.03769401215494643
2020-06-17,30.504806518554688,31.70958954539474,30.401074323172598,31.638458089564068,3525100,-0.025562103744194098,-0.025894490894632003,30.510736846923827,31.59844913482666,29.936409282684327,30.673543939828974,29.25220037009876,1.4213435697302153,1.6097445636551249,-0.1884009939249096,56.78808615004145,29.936409282684327,34.44208790600343,25.430730659365224,0.30101663701700226,1.6508314404207325,5331655.0,0.6611643101438484,0.07927473278696982,0.03747053938569427
2020-06-18,30.808609008789062,31.11239747527125,29.91947113751465,30.119527370538243,4106800,0.009959167911770983,0.009909902225814402,30.854537963867188,31.51472282409668,30.160028076171876,30.69432318120745,29.367489898893794,1.3268332823136575,1.5531623073868315,-0.22632902507317398,58.089062595423265,30.160028076171876,34.34596370370861,25.97409244863514,0.27758167976268305,1.6688259076307268,5254185.0,0.7816245526185317,0.7453417999749203,0.037442264168652074
2020-06-19,30.860469818115234,31.86074798471337,30.7270990190367,31.586598153936773,7494400,0.0016833219997494098,0.0016819068012059693,30.9167781829834,31.34282341003418,30.399342250823974,30.719884202270187,29.478081004024116,1.241803198246071,1.4908904855586795,-0.24908728731260843,58.22511841607461,30.399342250823974,34.123540828122806,26.67514367352514,0.24501836563242665,1.7058733323069604,5431815.0,1.3797229839381495,0.11764735111141945,0.03722949507005598
2020-06-22,30.927152633666992,31.21612173202993,30.134336138055726,30.719685393272822,3316000,0.0021607841988398047,0.002158453062114454,30.88121337890625,31.034589195251463,30.63107213973999,30.75177165325431,29.585419643259446,1.1663520099948634,1.4259827904459164,-0.2596307804510529,53.437908817398494,30.63107213973999,33.81721872226121,27.444925557218777,0.20803363120859153,1.6444812007720722,5445585.0,0.6089336591018228,0.7328776540366791,0.037262060166639376
2020-06-23,30.638172149658203,31.47544345635196,30.62335568979625,31.47544345635196,3603900,-0.009343908488174457,-0.009387836655751687,30.747842025756835,30.80785846710205,30.751175594329833,30.734294806547215,29.663401310401795,1.0708934961454197,1.3549649315858172,-0.2840714354403975,49.1216386002288,30.751175594329833,33.73165398850287,27.7706972001568,0.19384484245360697,1.6153715471015069,5316350.0,0.6778899056683627,0.01738841967883306,0.03412530638975115
2020-06-24,28.48943328857422,30.17138453235222,28.39310931759833,30.08246879307115,7707200,-0.07013273672424203,-0.07271343068187254,30.344767379760743,30.427752113342287,30.7263542175293,30.388931496089832,29.576440716190593,0.8124907798992389,1.2464701012485015,-0.43397932134926265,38.00674713464194,30.7263542175293,33.77619509112006,27.676513343938538,0.19851628683306885,1.6995214955783886,5356950.0,1.4387291275819263,0.05416707697157459,0.037538058274796476
2020-06-25,29.623085021972656,29.660131837066128,27.918906089255596,28.156009097642798,5986900,0.03979200715982967,0.03902070003644297,30.10766258239746,30.481100273132324,30.773404693603517,30.271108961610263,29.57989584995229,0.691213111657973,1.135418703330396,-0.444205591672423,38.93511727536131,30.773404693603517,33.71766286776339,27.829146519443647,0.19135082409466744,1.6640620305501097,5392955.0,1.1101334982398332,0.9787237094746085,0.03848304494802888
2020-06-26,29.48971176147461,29.637901835952487,28.696898113482128,29.311885933293617,8333800,-0.004502342021403871,-0.004512508088793961,29.833510971069337,30.37514457702637,30.817861461639403,30.15089400774324,29.573215547101977,0.5776784606412626,1.0238706547925693,-0.44619219415130673,31.26534954426519,30.817861461639403,33.648642406550024,27.987080516728778,0.18371040757868576,1.6275438431908715,5546935.0,1.5024152978176235,0.8425191321092389,0.03849659789927691
2020-06-29,30.364032745361328,30.52333659471125,29.778683454588037,29.904646018174194,7756700,0.02964833942625833,0.02921732591237961,29.720886993408204,30.301050186157227,30.905663776397706,30.18368458276141,29.63179459882583,0.5518899839355775,0.929474520621171,-0.37758453668559344,39.261131687886234,30.905663776397706,33.550679012999076,28.260648539796335,0.1711670233480853,1.5965298011860412,5784050.0,1.3410499563454672,0.7860697167217211,0.038974384030632934
2020-06-30,30.201019287109375,30.341801123071242,29.460071776541046,30.075059567028173,4835300,-0.0053686366240945915,-0.005383099541017458,29.633456420898437,30.190649223327636,30.91159152984619,30.186351460353404,29.67395939055116,0.5123920698022424,0.8460580304573853,-0.33366596065514287,40.82029809763992,30.91159152984619,33.54936033130073,28.27382272839165,0.1706653504985459,1.6028812128364902,5721645.0,0.8450891308356251,0.8403344008915892,0.03734286395244687
2020-07-01,30.193620681762695,30.601141377199873,29.882423984826016,30.193620681762695,4023600,-0.0002449786636783413,-0.0002450086758528318,29.974293899536132,30.159530639648438,30.878989887237548,30.18746980210868,29.712452819530323,0.47501698257835656,0.7718498208815795,-0.29683283830322293,56.742113682801985,30.878989887237548,33.53623587606964,28.221743898405457,0.1721070539247364,1.4091763577144356,5664795.0,0.7102816606779239,0.4329889549200083,0.03689523397653391
2020-07-02,30.816009521484375,31.30503480418239,30.312164948220882,30.867875625218204,4017500,0.020613256233215083,0.02040367823006347,30.212878799438478,30.16027069091797,30.837496757507324,30.284168220474168,29.794197760416846,0.4899704600573216,0.715473948716728,-0.2255034886594064,51.81451513499388,30.837496757507324,33.47012469179161,28.204868823223034,0.17074199990914507,1.3480476940358888,5670595.0,0.70847944527867,0.5074628514136268,0.036713743343856506
2020-07-06,31.45322036743164,31.697731560429474,30.79377757764655,31.586591136881463,4679000,0.020677915662734137,0.020467029730751755,30.605580520629882,30.219545745849608,30.781184577941893,30.464022396929163,29.91708832390087,0.546934073028293,0.681765973579041,-0.134831900550748,52.342962002900144,30.781184577941893,33.30276350452007,28.259605651363714,0.1638389789836203,1.2453734029531591,5521715.0,0.8473816558804647,0.7295092394635274,0.036383653311872544
2020-07-07,30.89009666442871,31.17165747309579,30.50480367006588,30.927146296311538,4535900,-0.017903530907951715,-0.018065738088033786,30.71079330444336,30.215840148925782,30.625214672088624,30.52957228423679,29.989163015792606,0.5404092684441828,0.6534946325520694,-0.11308536410788661,47.33839299347346,30.625214672088624,32.64123232999273,28.60919701418452,0.13165737314758974,1.1511674418232325,5462145.0,0.830424677484761,0.5777772981640716,0.034956629625878255
2020-07-08,29.897228240966797,30.956783312224424,29.367450705337983,30.741910701552676,4824200,-0.032141965570643416,-0.032669861108349955,30.650035095214843,30.14174575805664,30.474802112579347,30.432288585272172,29.982353032472105,0.44993555280006703,0.612782816601669,-0.16284726380160197,46.19665277361878,30.474802112579347,32.202802617998806,28.746801607159888,0.11340519941923936,1.171225826442111,5426585.0,0.8889937225713778,0.33333333123601694,0.03494308330153753
2020-07-09,29.22296905517578,30.023193730312332,29.02291288639164,29.926869761677644,3671900,-0.02255256508585335,-0.022810763592435543,30.45590476989746,30.215099334716797,30.32142572402954,30.246239426795803,29.926102367486664,0.3201370593091397,0.5542536651431632,-0.2341166058340235,40.51409287045075,30.32142572402954,31.909757167388,28.733094280671082,0.1047662770091788,1.1574654340252601,5396795.0,0.6803853027583964,0.1999999980005637,0.03503803471232663
2020-07-10,30.201019287109375,30.245477155280035,29.21037395786647,29.222968799278416,3007800,0.0334685442155771,0.03292066350385672,30.33290672302246,30.27289276123047,30.376996517181396,30.239282482228663,29.946466583755186,0.2928158984734779,0.5019661118092261,-0.20915021333574824,46.44848035612371,30.376996517181396,31.85800854290925,28.895984491453543,0.0975087859584923,1.1504264505778956,5085930.0,0.5913962638101586,0.9570498112147213,0.02800481509264275
2020-07-13,30.55667495727539,31.001242309418647,30.008372584907768,30.452939937051024,3089000,0.011776280356134095,0.011707479584632993,30.15359764099121,30.379589080810547,30.377366828918458,30.288112093774316,29.991667204016302,0.2964448897580141,0.4608618673989837,-0.16441697764096963,48.06499347383467,30.377366828918458,31.85856391471706,28.896169743119856,0.09751978136489045,1.1440753170448008,4988635.0,0.6192074585532916,0.5522399901108225,0.02577352449113899
2020-07-14,31.445819854736328,31.623648549131044,30.55668486223637,30.615959209373802,4350800,0.029098221540928337,0.02868290568907191,30.264742279052733,30.48776779174805,30.394408988952637,30.466220980076162,30.09938221518155,0.366838764894613,0.44205724689810955,-0.07521848200349657,53.9694875176379,30.394408988952637,31.91808908657789,28.870728891327385,0.10026055108879135,1.1594243045662254,4922910.0,0.8837862158763821,0.8333320009740967,0.02628169856512985
2020-07-15,32.10525131225586,32.6757783071918,31.531015962515085,32.34235424759,3788300,0.02097040117146798,0.020753548724569745,30.706346893310545,30.678190994262696,30.434420108795166,30.718379492719194,30.24796511126215,0.4704143814570436,0.44772867380989645,0.02268570764714717,70.81911150353844,30.434420108795166,32.09468894879185,28.774151268798484,0.10910468042838677,1.0869168488801966,4832705.0,0.7838881123511574,0.5016197007132904,0.026641997830894788
2020-07-16,32.47573471069336,32.79804510819557,31.7421953419989,32.001525871769736,4259800,0.011539651094276682,0.011473577148282753,31.356900024414063,30.906402397155762,30.532966518402098,30.98874183394599,30.412985081591437,0.5757567523545539,0.47333428951882794,0.10242246283572598,68.00750829572763,30.532966518402098,32.428175053539256,28.63775798326494,0.12414178844986604,1.0379614216220638,4869440.0,0.8748028520733391,0.6947383853570307,0.02593307223505404
2020-07-17,32.357173919677734,32.71283118447181,31.83110190634226,32.653554031509394,4610600,-0.003650750077613729,-0.0036574303292537897,31.788130950927734,31.0605188369751,30.610394763946534,31.199269847135486,30.556999069598675,0.6422707775368117,0.5071215871224247,0.135149190414387,68.13492678120538,30.610394763946534,32.67222707662224,28.548562451270822,0.1347145195986935,1.0337275327405775,4894630.0,0.9419710989390414,0.5966366552839071,0.025932116635728954
2020-07-20,31.34207534790039,32.36087805193462,31.20870458598034,32.11266134421845,3580900,-0.03137166967353788,-0.031874300703946694,31.945211029052736,31.049404335021972,30.63447504043579,31.221239924176242,30.61515286799171,0.6060870561845313,0.5269146809348461,0.07917237524968523,56.077299087746184,30.63447504043579,32.71972126123622,28.54922881963537,0.136137225661482,1.042195292220409,4698955.0,0.762063054445084,0.11575579954189466,0.02703553125607337
2020-07-21,31.890384674072266,32.179353779415734,31.453225486721944,31.490272300600978,3399600,0.01749435288140888,0.017343088325510386,32.03412399291992,31.149433135986328,30.682636642456053,31.32418527031409,30.709614483257415,0.6145707870566746,0.5444459021592117,0.07012488489746282,60.017603196534196,30.682636642456053,32.83960596330124,28.525667321610868,0.1405986940418642,1.0374322538414849,4703135.0,0.7228370012768079,0.6020412449542987,0.027282688216689072
2020-07-22,32.853614807128906,32.97216630324951,31.77553475443076,31.81628709620571,5792500,0.030204406215261992,0.029757235188601554,32.18379669189453,31.44507179260254,30.79340877532959,31.55948212213175,30.868429322063452,0.6910528000682987,0.5737672817410292,0.11728551832726952,64.1672689046691,30.79340877532959,33.1582928332202,28.42852471743897,0.1535967696947707,1.0715689793018341,4812565.0,1.2036201069492047,0.9009289824867814,0.027852617114310446
2020-07-23,31.727378845214844,32.0089397498296,31.030889056421536,31.860749651269675,6574300,-0.03428042754277627,-0.034881784577471694,32.03412551879883,31.695512771606445,30.95530605316162,31.585312387221457,30.932055212667535,0.6532571745539215,0.5896652603036077,0.06359191425031385,54.60675500570758,30.95530605316162,33.08800863123596,28.822603475087284,0.13779237552435786,1.122376952750954,4755920.0,1.3823403253208633,0.7121203291060018,0.023680246137022107
2020-07-24,31.57176971435547,32.216393172129564,31.342074998831336,31.727367992699204,2999600,-0.004904569382126689,-0.0049166362539135545,31.877044677734375,31.832587814331056,31.05274028778076,31.583228899088226,30.979441472052017,0.6037874270362096,0.592489693650128,0.011297733386081532,50.629907438449386,31.05274028778076,33.105740266200414,28.999740309361112,0.132226654356009,1.1202601092163327,4606555.0,0.6511590548685514,0.26271295726419125,0.022362270123935733
2020-07-27,32.60169219970703,32.957346684524964,31.438404772336735,31.71996563275157,4733600,0.032621626683260185,0.032100837155828565,32.1289680480957,32.03708953857422,31.208339309692384,31.73991556072189,31.0996081926195,0.6403073681023912,0.6020532285405807,0.03825413956181045,58.66467477187094,31.208339309692384,33.23408491995539,29.18259369942938,0.12982078861427082,1.1610119102750804,4426545.0,1.0693667408780436,0.7658537896527556,0.023194580313410942
2020-07-28,31.579185485839844,32.61651324215553,31.556957962622896,32.40904882148869,3395400,-0.0313636086005491,-0.031865978585757654,32.06672821044922,32.05042610168457,31.26909694671631,31.715187856893884,31.135132436561868,0.5800554203320161,0.5976536668988679,-0.017598246566851827,58.48916162128422,31.26909694671631,33.26082502849435,29.277368864938264,0.12739274723360394,1.1231706726069512,4208480.0,0.8067996046078394,0.020978162665539167,0.02382520853310048
2020-07-29,32.246028900146484,32.33197962909152,31.668090873613238,31.712545905506673,3186900,0.021116548892803344,0.020896684374675425,31.945211029052736,32.064503860473636,31.371347427368164,31.796855709701976,31.217421063494324,0.5794346462076518,0.5940098627606247,-0.014575216552972892,65.26939462077816,31.371347427368164,33.34206257993222,29.400632274804106,0.12563790300220362,1.105493051130593,4126060.0,0.7723833390692331,0.8705344277318577,0.024114685209943667
2020-07-30,30.919736862182617,31.734780756051773,30.630767807866274,31.60881821931708,4118700,-0.04113039909723093,-0.04200018737657183,31.78368263244629,31.90890407562256,31.40765323638916,31.66191434854515,31.195370381915616,0.46654396662953346,0.5685166835344065,-0.10197271690487308,53.50685493980605,31.40765323638916,33.31267215269203,29.502634320086283,0.1213092173404222,1.1469329007639248,4130815.0,0.9970671647120484,0.261744259588473,0.02610493146553427
2020-07-31,30.42331314086914,31.06052577942872,30.075066822413262,30.74192087339449,7462100,-0.016055237582588977,-0.016185519260217666,31.553991317749023,31.7155179977417,31.3880184173584,31.471360316594996,31.138180956652757,0.333179359942239,0.5214492188159731,-0.18826985887373404,49.358102450961674,31.3880184173584,33.32651396561418,29.44952286910262,0.12351818598295092,1.1464035602285374,4303045.0,1.7341440770431171,0.3533848999421769,0.025980311767877684
2020-08-03,29.70458221435547,30.55667287891235,29.697173983802756,30.54185359131683,5079900,-0.023624347656868605,-0.02390787692425182,30.97456932067871,31.551768684387206,31.30058650970459,31.19954830086584,31.03198845722306,0.16755984364277765,0.45067134378133394,-0.2831115001385563,41.47928899090275,31.30058650970459,33.379361609114575,29.221811410294606,0.1328265908861146,1.1315839390323905,4323090.0,1.1750622818400727,0.008619243734543383,0.025984468653546294
2020-08-04,30.615949630737305,31.01976747689143,29.563805566428066,29.667537761332884,5408800,0.030681038023197438,0.030219785708103755,30.781922149658204,31.42432518005371,31.28687915802002,31.10976389007683,31.00117076637219,0.10859312370464025,0.3822556997659952,-0.27366257606135497,42.887504365475316,31.28687915802002,33.380612715910104,29.19314560012994,0.13384099751945872,1.1477270431758115,4366735.0,1.2386371052972072,0.7226453175192866,0.02673229544746908
2020-08-05,31.112384796142578,31.475447465289918,30.934556163761066,31.04569941231079,3563600,0.016214919719715892,0.016084861943084162,30.55519332885742,31.250202178955078,31.34763698577881,31.110167106394638,31.0094088426515,0.10075826374313834,0.3259562125614239,-0.22519794881828553,43.56641287113456,31.34763698577881,33.33962934164543,29.355644629912188,0.12709043152249774,1.1337019052012358,4303705.0,0.8280307316602787,0.3287696226416954,0.025854625554287757
2020-08-06,31.1568546295166,31.354689253640434,30.420352895877933,30.89011296752448,3724900,0.0014293289847564505,0.001428308466405018,30.60261688232422,31.193149757385253,31.44433126449585,31.117349802259557,31.02033075278968,0.09701904946987838,0.2801687799431148,-0.1831497304732364,44.29586009274724,31.44433126449585,33.172326620489464,29.71633590850224,0.10990822742951513,1.1374595537464465,4306355.0,0.8649774577339768,0.7882618712599232,0.025188257248797866
2020-08-07,31.586591720581055,31.61252476920384,30.70782740276409,30.8085974354071,2913100,0.013792698145381532,0.013698444569512748,30.835272598266602,31.19463195800781,31.513609886169434,31.18954086661671,31.062276009663194,0.12726485695351641,0.2495879953451951,-0.12232313839167869,51.230442749000126,31.513609886169434,33.13982736239596,29.8873924099429,0.10320731151401595,1.1197826894954088,4301620.0,0.6772099813558613,0.971335101329861,0.024326126125561384
2020-08-10,33.19444274902344,33.26112812766985,31.71995901499401,31.71995901499401,4245900,0.05090296042908449,0.04964975692710971,31.533244705200197,31.253907012939454,31.645498275756836,31.4979873100639,31.220214286653114,0.27777302341078425,0.25522500095831296,0.022548022452471284,55.92987897427358,31.645498275756836,33.36983517582691,29.921161375686765,0.10897833777457445,1.1795868306077981,4359465.0,0.9739497851227158,0.956730648398516,0.02657810247774833
2020-08-11,32.97216033935547,34.13544756790566,32.853608864678066,33.74274633800365,4373800,-0.006696374189758214,-0.006718895500458087,32.004486846923825,31.393204498291016,31.721815299987792,31.72478316072414,31.349988068334977,0.37479509238916364,0.2791390192444831,0.09565607314468055,50.57800543856322,31.721815299987792,33.541417875676515,29.902212724299073,0.11472247464283178,1.1856730559227153,4360615.0,1.0030236560668622,0.09248548468231063,0.026032986887246465
2020-08-12,32.80916213989258,33.624206278172196,32.5498315842756,33.505654763248565,2577300,-0.004943509851501493,-0.004955769416536414,32.343842315673825,31.449517822265626,31.757010841369627,31.891610695980823,31.45807503659866,0.4335356593821622,0.31001834727201893,0.12351731211014327,55.82137887911622,31.757010841369627,33.63416180330415,29.879859879435102,0.11821962534894338,1.13221940900766,4300065.0,0.5993630328843866,0.2413781287631067,0.02571848324906127
2020-08-13,32.92030334472656,33.24631928357488,32.38682014798305,32.49796342280158,2767100,0.003387505123114698,0.003381780452226815,32.69653205871582,31.64957447052002,31.77923927307129,32.04987110348017,31.56638824460828,0.48348285887189135,0.34471124959199345,0.1387716092798979,57.29173456279295,31.77923927307129,33.70219522792709,29.856283318215485,0.12101963412857743,1.1311609063143455,4225430.0,0.6548682619283718,0.6206907819276193,0.025613691820254005
2020-08-14,33.246315002441406,33.44637117545896,32.4757317165289,32.564644629039854,1998300,0.009903057523528824,0.0098543435965673,33.02847671508789,31.931874656677245,31.823696327209472,32.23393939562805,31.690827263707185,0.5431121319208643,0.38439142605776766,0.1587207058630966,53.772772737015075,31.823696327209472,33.84167511105309,29.805717543365855,0.1268224007101421,1.0919964453673334,4094815.0,0.48800739471746585,0.7938923880376783,0.025663665198994143
2020-08-17,32.94252395629883,33.66865214033104,32.75728708813274,33.416729886565555,3257300,-0.009137585507454582,-0.009179589313281444,32.978092956542966,32.255668830871585,31.903718757629395,32.34295240496202,31.783545537232598,0.5594068677294217,0.4193945143920985,0.1400123533373232,58.71212361288725,31.903718757629395,33.96768922741514,29.839748287843644,0.1293874538868404,1.0814114291291668,4078635.0,0.7986250301877956,0.20325210593357332,0.024617316340452906
2020-08-18,33.12776184082031,33.36486481322797,32.83138453855594,32.90547815749944,2447100,0.005623062906995768,0.005607312504851283,33.009213256835935,32.50685005187988,31.965587615966797,32.463692318170985,31.883117115276242,0.5805752028947424,0.45163065209262726,0.12894455080211514,56.00408964170437,31.965587615966797,34.10082705945022,29.83034817248338,0.13359613276227514,1.065746152802049,4031010.0,0.6070686999039943,0.555554367761838,0.02438590205585013
2020-08-19,33.075889587402344,33.41672469350344,32.78692057020837,33.11293638998031,3453400,-0.001565824267489524,-0.001567051451511498,33.06255874633789,32.70320053100586,31.97670135498047,32.55787651343734,31.971470631730117,0.5864058817072255,0.47858569801554696,0.10782018369167856,67.76556051223879,31.97670135498047,34.13360622350794,29.819796486452997,0.13490477611078083,0.9953563693031102,3914055.0,0.8823074790722154,0.45882362772393387,0.02348282339500047
2020-08-20,32.37200164794922,32.70542865406839,32.25345013760584,32.6165157279336,3324000,-0.021280997978697314,-0.021510703165835275,32.95289840698242,32.82471523284912,32.008932495117186,32.52928038028533,32.00113959589452,0.528140784390807,0.48849671529059896,0.03964406910020807,65.52538435307784,32.008932495117186,34.16941280654276,29.84845218369161,0.13499233763919782,0.9837121187874709,3751540.0,0.8860361344941011,0.262294563574144,0.022631067796633396
2020-08-21,32.29790115356445,32.50536554597539,32.04597889428388,32.23121576650517,2511600,-0.0022890303537798085,-0.002291654188549737,32.76321563720703,32.89584617614746,32.04523906707764,32.493683576174426,32.023121933499716,0.4705616426747099,0.4849097007674212,-0.01434805809271128,73.02641071792686,32.04523906707764,34.19918210163711,29.891296032518163,0.1344313911998475,0.9551326728290361,3727140.0,0.6738678987105394,0.5483882756912704,0.022601177300735013
2020-08-24,34.17250442504883,34.19473477630148,32.616515508928394,32.82397994401354,4609000,0.058041024479310144,0.0564191081846505,33.009211730957034,32.99365234375,32.123779678344725,32.75196370677049,32.18233545139237,0.5696282553781202,0.501853411689561,0.06777484368855924,76.96639791749521,32.123779678344725,34.469199878320204,29.778359478369246,0.14602392517070914,0.986623509420012,3720910.0,1.2386754852979514,0.985914275936577,0.025034305174767537
2020-08-25,33.77979278564453,34.572606294108915,33.693101508404695,34.387369440234245,4188000,-0.011492035658833166,-0.011558579407294817,33.139617919921875,33.074415588378905,32.23381004333496,32.910091257366496,32.300665624300024,0.609425633066472,0.5233678559649432,0.08605777710152884,70.54793514181924,32.23381004333496,34.67612962871161,29.791490457958318,0.1515377538114919,0.9880525773594125,3760540.0,1.1136698452881768,0.09856828258727421,0.023985664048324144
2020-08-26,34.335506439208984,34.57260940740067,33.55010109051756,33.84648121400234,3928500,0.016451067568437505,0.016317214775532635,33.3915412902832,33.22705001831055,32.338283920288085,33.12938590072688,32.45139457355264,0.6779913271742402,0.5542925502068026,0.12369877696743758,72.69836582782013,32.338283920288085,34.95531623579554,29.721251604780626,0.16185350601524093,0.9943505744394562,3797620.0,1.0344636904166293,0.7681163351359294,0.02382896369420179
2020-08-27,34.2021369934082,34.787486205433794,33.94280649516418,34.587430038292496,3702300,-0.003884301110773203,-0.0038918646006003703,33.757568359375,33.355233383178714,32.50240392684937,33.294424530370165,32.58107919724573,0.7133453331244368,0.5861031067903294,0.12724222633410742,69.50277487725602,32.50240392684937,35.15630041307072,29.848507440628023,0.1633046276942632,0.9900635989987323,3776800.0,0.9802743062910401,0.3070163661100436,0.02150706692282457
2020-08-28,34.64603042602539,34.766407400475764,33.83348656598873,34.16452252822389,3772900,0.01297852916917841,0.012895029749897691,34.227194213867186,33.49520492553711,32.71353979110718,33.50236389893251,32.73403854752579,0.7683253514067161,0.6225475557136068,0.14577779569310934,63.09715488596758,32.71353979110718,35.342767821341226,30.084311760873135,0.16074249665569806,0.9370910580986066,3592340.0,1.0502625029924784,0.8709676333616898,0.020964714214723346
2020-08-31,33.94633483886719,34.69116926404102,33.92376505538146,34.600887260084946,3916800,-0.020195548481438896,-0.020402266494902,34.18196029663086,33.59558601379395,32.92562742233277,33.57066712046092,32.823838272810384,0.7468288476505336,0.6474038141009921,0.09942503354954146,58.09245734073918,32.92562742233277,35.19219565279243,30.65905919187311,0.137678058576481,0.9003457370580331,3534185.0,1.1082611691238573,0.02941055435576255,0.020716016961794852
2020-09-01,35.563907623291016,35.57142992876915,33.45730907774876,33.69806303323853,5428300,0.04765088166666431,0.04655040221866824,34.53878326416016,33.83920059204102,33.17302532196045,33.8773195055117,33.02680637284609,0.8505131326656112,0.688025677813916,0.16248745485169525,68.42983727720043,33.17302532196045,35.458177457114175,30.88787318680673,0.13777170535247857,0.9746133197097328,3535160.0,1.53551748718587,0.9964418706532688,0.02204629985509022
2020-09-02,37.031002044677734,37.07614161517466,35.67675752950221,35.87237190170018,7305900,0.041252340348165495,0.04042416212968166,35.07788238525391,34.23471183776856,33.46895618438721,34.36250143461417,33.32341345964857,1.0390879749655966,0.7582381372442522,0.2808498377213444,73.27806136225679,33.46895618438721,36.132170105215394,30.80574226355903,0.15914532297667136,1.0212372380162915,3722275.0,1.9627512744222284,0.9677432517373027,0.023231593247519316
2020-09-03,36.40654754638672,37.467370591079465,36.05293890815126,37.076144684311515,6726900,-0.016863019195041296,-0.017006818792524164,35.51876449584961,34.638166427612305,33.73144083023071,34.67697006719456,33.55179376237001,1.1251763048245493,0.8316257707603117,0.2935505340642376,67.31065465867061,33.73144083023071,36.46893989891326,30.99394176154816,0.1623114222994682,1.0529366825875874,3872375.0,1.7371509732399368,0.25000050550578695,0.023895770045133338
2020-09-04,36.564537048339844,37.39213119866013,36.17331406238567,37.08366504472606,5325900,0.004339590337474997,0.00433020146809082,35.9024658203125,35.06483001708985,33.98033809661865,34.96736498737076,33.7749599317012,1.1924050556695605,0.9037816277421615,0.2886234279273989,70.1621784153682,33.98033809661865,36.80068111274916,31.15999508048814,0.16599852585993893,1.0748975457358847,3993015.0,1.3338041555065534,0.32098579114186077,0.023870339852716266
2020-09-08,36.06045913696289,36.425352618699335,35.68804335055733,35.87989225475864,4280800,-0.013785978220113737,-0.0138818873050636,36.32529067993164,35.25362548828125,34.12363891601562,35.135533318077236,33.94425616912805,1.1912771489491831,0.961280731983566,0.22999641696561712,65.76543211395568,34.12363891601562,37.06451810819917,31.182759723832078,0.17236609491863245,1.0993985045294907,3994760.0,1.0716038009792828,0.5051011799879097,0.022005054576852732
2020-09-09,37.03852462768555,37.527557691836684,36.48930451241574,36.5419692583996,4168100,0.027122935041060448,0.026761626841063205,36.62021408081055,35.57949867248535,34.32695713043213,35.42830121186313,34.17346124013239,1.254839971730739,1.0199925799330007,0.23484739179773828,69.37296321867119,34.32695713043213,37.48675557112774,31.167158689736517,0.1841001186728742,1.159205249642257,3984475.0,1.0460851178637085,0.5289847610062414,0.02240530507697256
2020-09-10,36.6397819519043,37.42975613040249,36.60968698681523,37.09119494818502,4211300,-0.0107656198455377,-0.010823988424821148,36.54197006225586,35.809926223754886,34.51848812103272,35.614682864177155,34.35615166322666,1.2585312009504932,1.0677003041364992,0.190830896813994,71.5064695897563,34.51848812103272,37.75438298618318,31.282593255882254,0.18748763583181247,1.1590359420558822,4066175.0,1.035690790484915,0.03669808205493945,0.022592908674362252
2020-09-11,37.50497817993164,37.93382124455175,36.89557112495194,37.02347037895558,6225700,0.02361357469766201,0.023339086936606187,36.76165618896484,36.14021034240723,34.74772186279297,35.905497528139385,34.58939807187154,1.3160994562678425,1.1173801345627679,0.19871932170507467,74.30219954735728,34.74772186279297,38.15209335969659,31.34335036588935,0.19594789611510854,1.2186539878384497,4239105.0,1.4686354784795375,0.5869559151556213,0.022930594322522736
2020-09-14,37.6855583190918,38.001546848568424,37.3883769906475,37.67051083625759,5298900,0.004814831201709113,0.004803276974883674,36.985860443115236,36.444163131713864,34.96968402862549,36.17935303443976,34.8187432753694,1.360609759070357,1.1660260594642857,0.19458369960607125,69.47551048547615,34.96968402862549,38.536862083138416,31.40250597411256,0.2040154581661594,1.1269637189230137,4404135.0,1.2031647531240528,0.48466394712439087,0.02292241370078038
2020-09-15,38.4228630065918,38.79151911540783,37.91126013354816,38.076779554242734,4771700,0.019564648114194894,0.019375720610167558,37.45834121704102,36.891815948486325,35.24370098114014,36.52450841477084,35.08571510731187,1.4387933074589725,1.2205795090632232,0.21821379839574928,74.79279131738076,35.24370098114014,38.99255253397233,31.49484942830794,0.21273881280733298,1.143139148252429,4479855.0,1.0651460817370204,0.581195850056361,0.02278787972235373
2020-09-16,37.39213943481445,38.445437399026176,37.189002722356065,37.7607927177837,5863500,-0.02682578785449985,-0.027192166424772363,37.5290641784668,37.07463912963867,35.45691986083985,36.65799011016217,35.256561353793586,1.4014287563685812,1.2567493585242948,0.1446793978442864,65.53362862189881,35.45691986083985,39.184069508748465,31.72977021293123,0.21023538776277312,1.1598481739515003,4650675.0,1.2607847247980133,0.16167709679900266,0.024081907826501655
2020-09-17,38.347625732421875,38.55828471097513,36.75262730333389,37.143853170656605,5253700,0.02555313261155101,0.025232108608465503,37.87063293457031,37.20630149841308,35.72050666809082,36.917934052048274,35.48552908554388,1.432404966504393,1.2918804801203145,0.14052448638407844,69.44253109026599,35.72050666809082,39.48411709982672,31.956896236354922,0.21072547860010826,1.2284894380494735,4740690.0,1.108214205105164,0.8833339112419,0.02437479014868421
2020-09-18,37.89620590209961,38.54323311863552,37.80592390235435,38.016582858430965,6271100,-0.011771780434912338,-0.011841616446050179,37.94887847900391,37.35526733398437,35.99671688079834,37.06843741359463,35.66409773862212,1.4043396749725119,1.3143723190907541,0.08996735588175775,65.23271705013627,35.99671688079834,39.52936062596512,32.46407313563156,0.1962758857628592,1.2145171796061973,4888045.0,1.2829464540526938,0.12244794521373539,0.023867185141150337
2020-09-21,36.045406341552734,37.11375425783795,35.49618634128431,36.89557014443996,6468800,-0.04883865063769699,-0.05007156798632052,37.62084808349609,37.303354263305664,36.184092140197755,36.91104801789588,35.69234282032069,1.21870519757519,1.2952388947876414,-0.07653369721245151,58.879690990194014,36.184092140197755,39.25849954793701,33.109684732458504,0.1699314381484133,1.3311325619030359,5085905.0,1.2719073596537882,0.33953442773719256,0.027004842726937872
2020-09-22,35.962650299072266,36.22973658772386,35.511237419382,36.098074736981964,4181900,-0.0022958831895610876,-0.0022985227702576917,37.128805541992186,37.2935733795166,36.27359943389892,36.7651406765384,35.71236559652451,1.0527750800138875,1.2467461318328907,-0.1939710518190032,51.93852533502468,36.27359943389892,39.20219635167617,33.345002516121674,0.16147263924629296,1.2314452988545699,5064550.0,0.8257199553760947,0.6282719497773495,0.024078984053976498
2020-09-23,35.1651611328125,36.20341154009989,34.9620244348614,35.8723755527057,4018000,-0.022175483720685008,-0.022425056254269056,36.6834098815918,37.1062370300293,36.342867851257324,36.518989977503644,35.671831932545835,0.8471580449578084,1.1668285144578743,-0.31967046950006583,40.29732553023423,36.342867851257324,39.08255016679913,33.60318553571552,0.15076863646284996,1.2120990926656303,5056050.0,0.7946915081931547,0.16363686674166542,0.024527775006841914
2020-09-24,34.9168701171875,35.3532383281173,34.3751724401747,35.1124815727684,4648700,-0.007060710306068252,-0.007085755079971067,35.99725875854492,36.93394584655762,36.37193603515625,36.27250999899347,35.615908835111874,0.6566011638815965,1.0647830443426187,-0.4081818804610222,41.93803449152906,36.37193603515625,39.03315465849119,33.710717411821314,0.14633362495538693,1.1809301073095158,5092060.0,0.9129311123592416,0.5538457870295671,0.024376661498329122
2020-09-25,34.63850021362305,34.909349061811525,34.33003410763346,34.43536357748169,4090200,-0.007972361286398,-0.008004310478937978,35.34571762084961,36.64729804992676,36.393754196166995,36.02112387816725,35.54350819648306,0.4776156816841919,0.9473495718109334,-0.4697338901267415,39.71057495766226,36.393754196166995,38.98634091048324,33.80116748185075,0.14247426634481694,1.1357885982580573,5111455.0,0.8002026820151992,0.5324670085593946,0.02443790692932249
2020-09-28,35.721893310546875,36.323778055077554,34.98458413974519,34.98458413974519,3993100,0.03127713643033947,0.030797972434812033,35.28101501464844,36.450931549072266,36.447547340393065,35.97508840622565,35.556721908635936,0.4183664975897159,0.8415529569666899,-0.42318645937697397,48.296715718316435,36.447547340393065,38.9297423585607,33.96535232222543,0.13620642261526003,1.1935588942346282,5122465.0,0.7795270441086469,0.5505619140399693,0.025242540025816933
2020-09-29,35.03725051879883,35.947601416973676,34.804018913723766,35.5338058150772,2716800,-0.019165915585608317,-0.019351962758019776,35.09593505859375,36.112370300292966,36.502093124389646,35.830805654313835,35.518242546425775,0.3125631078880602,0.7357549871509639,-0.4231918792629037,39.62553837757028,36.502093124389646,38.79347311815579,34.2107131306235,0.12554786849936056,1.1704506048329222,5062465.0,0.5366555620631451,0.2039482086974632,0.025196258548750062
2020-09-30,35.39839172363281,36.20341338050291,35.06735571941038,35.50372123088478,4663200,0.010307350019951533,0.010254591511646174,35.142581176757815,35.91299552917481,36.49381732940674,35.76428043420906,35.50936470770037,0.2549157265086919,0.6395871350225095,-0.38467140851381765,43.53953607856513,36.49381732940674,38.8006082551694,34.187026403644076,0.12642091699756763,1.1951715846984092,5024210.0,0.9281459174676218,0.2913901403474358,0.022905699811014663
2020-10-01,34.69116973876953,35.73694514811218,34.555745295975626,35.51876100472053,3407600,-0.019978929844745585,-0.02018120739022167,35.09744110107422,35.54734992980957,36.37682571411133,35.59918648106452,35.448757672964746,0.15042880809977532,0.5417554696379627,-0.3913266615381874,35.111524846386644,36.37682571411133,38.80314330250608,33.950508125716574,0.13339908256225522,1.1871116246619162,4829295.0,0.7056102391756975,0.11464989722310816,0.02112702839979068
2020-10-02,35.5940055847168,35.714382572605786,33.95386733097078,34.13443137779737,4559000,0.026024946773077318,0.025692061046625463,35.28854217529297,35.317129898071286,36.33619861602783,35.59838942008795,35.45951677753897,0.13887264254897502,0.46117890422016516,-0.32230626167119014,39.71894201228878,36.33619861602783,38.78750304576907,33.88489418628659,0.13492354858826516,1.269064866355779,4720900.0,0.9657056917113263,0.9316239959993567,0.02181604938716126
2020-10-05,36.54949188232422,36.777454161166894,35.88741714615256,36.0378890684661,3913400,0.026844022804156875,0.02649004288246778,35.454061889648436,35.36753845214844,36.33544635772705,35.7447128758166,35.54025567418974,0.20445720162686598,0.4098345637015054,-0.2053773620746394,40.98478865627562,36.33544635772705,38.7864649620694,33.8844277533847,0.1349106093378771,1.2745997077939266,4650275.0,0.8415416292584847,0.7438732519706097,0.022664437580007572
2020-10-06,36.0228385925293,37.459839734555175,36.007791114548404,36.955759267240744,4474700,-0.014409319054025427,-0.014514141456618031,35.651179504394534,35.37355728149414,36.33356533050537,35.78750144761856,35.57600255702971,0.21149889058884952,0.37016742907897426,-0.15866853849012474,43.07453603091892,36.33356533050537,38.785530077502905,33.88160058350784,0.1349696747177675,1.2885721323179737,4659970.0,0.9602422333190986,0.010362929773793427,0.022685136956596793
2020-10-07,36.33882522583008,36.91061788081931,36.1131188072871,36.45167987010798,4506400,0.008771841577368544,0.008733592488924814,35.83926620483398,35.490923690795896,36.2985803604126,35.872320490420336,35.63250793990382,0.23981255051651829,0.3440964533664831,-0.1042839028499648,39.137493084523314,36.2985803604126,38.72805740683243,33.869103313992774,0.13386071974701388,1.2230094095071717,4676885.0,0.9635473183539899,0.28301777795568017,0.021895967239428132
2020-10-08,37.1513786315918,37.17394841660671,36.471248607015866,36.57958587109815,2962000,0.022360475351419717,0.022114145200028437,36.33130798339844,35.71437454223633,36.324160194396974,36.06909866598517,35.745016880028864,0.32408178595630943,0.3400935198844484,-0.016011733928138983,46.1237681550715,36.324160194396974,38.77940007860553,33.868920310188415,0.13518494969016692,1.2299961219711335,4614420.0,0.6419008239388699,0.9678813137762615,0.022344734317211307
2020-10-09,37.13633346557617,37.685553605263955,36.639778074213694,37.467369436479984,4472800,-0.000404969252011278,-0.0004050512742038734,36.639773559570315,35.96415786743164,36.3057279586792,36.233288635153016,35.84807736784719,0.3852112673058272,0.3491170693687242,0.036094197937103,57.01843769449303,36.3057279586792,38.72896907160278,33.882486845755615,0.1334908428599233,1.1332644055593448,4526775.0,0.9880765003783046,0.47482023806350687,0.02169760857652774
2020-10-12,36.54949188232422,37.24165870694803,36.31024184154714,37.16642418079786,3005700,-0.01580235657340623,-0.015928544958131122,36.639773559570315,36.04691772460937,36.24892463684082,36.28193528856397,35.9000339985492,0.381901290014774,0.3556739134979342,0.026227376516839818,53.54546296804181,36.24892463684082,38.58776914522938,33.91008012845226,0.1290435251153093,1.1484728124921324,4412115.0,0.681237909709969,0.25686676620938836,0.021931858162411357
2020-10-13,36.0228385925293,36.850429791387484,35.96264868060574,36.47425145190413,6832200,-0.014409319054025427,-0.014514141456618031,36.639773559570315,36.145476531982425,36.128923416137695,36.24207425840479,35.909130635140315,0.3329436232644767,0.35112785545124275,-0.01818423218676607,55.3570586130142,36.128923416137695,38.2325804208018,34.02526641147359,0.11645279215402625,1.1232152414595074,4515140.0,1.5131756711862756,0.06779814361287319,0.02154302378971999
2020-10-14,36.737579345703125,36.84290882538151,35.67675363462294,35.99274494367116,5322100,0.01984132236936098,0.019647048889939005,36.71952438354492,36.279395294189456,36.09619541168213,36.31830581029684,35.97049720629312,0.34780860400372404,0.35046400516173903,-0.0026554011580149917,60.746002512642015,36.09619541168213,38.136517659361566,34.0558731640027,0.11304915791868228,1.136650191660648,4488070.0,1.185832663037787,0.9096779831622185,0.021352892616957976
2020-10-15,36.87300491333008,36.921909941353675,35.99274884906588,36.02284380938604,2793200,0.003686295342232304,0.003679517606939889,36.663849639892575,36.49757881164551,36.02246437072754,36.403644133840416,36.0373496290366,0.3662945048038182,0.3536301050901549,0.012664399713663288,63.4146140380287,36.02246437072754,37.81129608815087,34.23363265330421,0.09931756467372413,1.1611019832844873,4365045.0,0.6399017650448048,0.9473664600216446,0.02048182491407874
2020-10-16,37.0911865234375,37.61407422553464,36.96328725588024,37.143851265374394,2754300,0.005917109566205836,0.005899672225356378,36.65482025146484,36.64729690551758,35.98221340179443,36.50941988608612,36.11541162121445,0.3940082648716725,0.3617057370464585,0.032302527825214034,59.173375967550015,35.98221340179443,37.623680764683144,34.34074603890572,0.09123770928482412,1.093658516909491,4189205.0,0.6574755830760252,0.19653015741830338,0.020408468685659605
2020-10-19,36.74510192871094,37.86611469239153,36.66986740551653,37.113757980395,2903500,-0.009330642321400906,-0.00937444545161693,36.69394226074219,36.66685791015625,36.017198181152345,36.545678661874554,36.16205534769567,0.38362331417888385,0.3660892524729436,0.01753406170594024,61.98517243059381,36.017198181152345,37.693786107326595,34.340610254978095,0.09309929760453169,1.097420287168426,4010940.0,0.7238951467735742,0.06289211552740671,0.017177835575570836
2020-10-20,37.121280670166016,37.73069064641586,37.0234734929872,37.12880297455833,2503600,0.010237520695544733,0.01018547221076188,36.913630676269534,36.776702117919925,36.075129699707034,36.63423281699632,36.233109075286066,0.40112374171025067,0.37309615032040505,0.02802759138984562,62.06523661375695,36.075129699707034,37.822362101125094,34.327897298288974,0.0968663129398118,1.084522134025629,3927025.0,0.6375309553669762,0.1382986474828133,0.017275720371266668
2020-10-21,36.52692413330078,37.403420543710816,36.52692413330078,37.151381690249465,4092500,-0.016011207752940293,-0.01614077198757559,36.871499633789064,36.79551200866699,36.14321784973144,36.61772378873546,36.25487315365753,0.36285063507793325,0.37104704727191073,-0.008196412193977487,63.06210547573085,36.14321784973144,37.846728500414144,34.43970719904874,0.09426447073778517,1.0627576024737349,3930750.0,1.0411499077784139,0.0,0.016877209858660272
2020-10-22,36.73005676269531,37.73821493504761,35.47362235215881,37.47489121727447,5244000,0.005561175330647039,0.005545769086608811,36.84291000366211,36.753379821777344,36.233877182006836,36.63500578472929,36.29007193951218,0.34493384521710624,0.36582440686094986,-0.02089056164384362,58.97734870549821,36.233877182006836,37.853514854859064,34.61423950915461,0.08939908167798914,1.0987631268490057,3960515.0,1.3240702282405192,0.5548169743564103,0.016754688695274342
2020-10-23,36.51187515258789,37.58022331758523,36.42159313878966,37.25670965896032,3123400,-0.0059401381140531395,-0.005957850913609993,36.727047729492185,36.69093399047851,36.327545928955075,36.61606261055369,36.30650180714742,0.3095608034062707,0.35457168617001406,-0.045010882763743376,49.66353643981222,36.327545928955075,37.76515380507803,34.88993805283212,0.07914698553733573,1.0969903841593964,3912175.0,0.798379418098628,0.07792133734412805,0.016692815575718802
2020-10-26,35.47362518310547,36.2184568271121,35.223090224481865,36.067984889227745,4026400,-0.028435953101379696,-0.028848086554202644,36.47275238037109,36.58334732055664,36.315132522583006,36.440303006330886,36.24480724240357,0.19549576392731893,0.3227565017214751,-0.12726073779415614,45.499440137893004,36.315132522583006,37.77881113405146,34.851453911114554,0.08060984552697123,1.0853286918807719,3913840.0,1.028759479181571,0.2517011877277765,0.01666556936492421
2020-10-27,35.03725051879883,35.50371085893597,34.90182608617627,35.30057421000214,4141200,-0.012301383409623057,-0.012377671706500183,36.055946350097656,36.484788513183595,36.315132522583006,36.2244487774798,36.155358596210625,0.06909018126917488,0.27202323763101505,-0.20293305636184017,39.540544185989475,36.315132522583006,37.77881113405146,34.851453911114554,0.08060984552697123,1.0649076550571779,3985060.0,1.039181342313541,0.2250005923087531,0.016321918427153886
2020-10-28,33.991477966308594,34.382703818082646,33.35197588110889,33.810911084715485,6157100,-0.0298474491292956,-0.030301950911301147,35.54885711669922,36.21017837524414,36.2447868347168,35.880914806530384,35.99507114214381,-0.11415633561342275,0.19478732298212748,-0.30894365859555023,25.524451349340538,36.2447868347168,38.000149931499195,34.4894237379344,0.09686154893321292,1.125632758408128,4059755.0,1.5166186136848159,0.6204373201263219,0.01743537580269888
2020-10-29,34.7964973449707,35.104963476903976,33.53253786046045,33.577680295626195,4300100,0.023682976640792885,0.02340688555924548,35.1621452331543,36.0025276184082,36.25005321502685,35.714081350905815,35.90628789790876,-0.1922065470029466,0.11738854898511265,-0.30959509598805923,33.85249388717011,36.25005321502685,37.986318703906214,34.51378772614749,0.09579381738174231,1.1632506216505039,4104380.0,1.0476856431422041,0.8038278334149553,0.017780160988024384
2020-10-30,34.22471618652344,34.751363713475754,33.65292334295553,34.5030874322002,5165900,-0.016432146970962513,-0.016568652145897877,34.70471343994141,35.7158805847168,36.18158874511719,35.484948248693144,35.781727030398734,-0.2967787817055907,0.034555082846971966,-0.33133386455256264,33.9230089018517,36.18158874511719,38.12268331915148,34.2404941710829,0.10729736539257108,1.1784047028372382,4134725.0,1.2493938532792386,0.5205497300610015,0.01706760299474284
2020-11-02,35.97770690917969,36.15827382889307,34.518135549050605,34.796506799845496,3675800,0.05122002219397581,0.04995141555499839,34.80552978515625,35.63914108276367,36.15299949645996,35.56075727338338,35.79624405845659,-0.2354867850732063,-0.019453290737063707,-0.2160334943361426,49.73315295426362,36.15299949645996,38.08811254210508,34.217886450814845,0.10705131372762584,1.2531030265220875,4122845.0,0.8915688074618376,0.8899074969277571,0.019863641252338166
2020-11-03,36.662349700927734,36.88805618651045,35.85732808467407,36.301218749992664,3293500,0.019029639478589377,0.01885084064641555,35.130549621582034,35.593247985839845,36.18497505187988,35.73023303146713,35.86040003197297,-0.13016700050584262,-0.0415960326908195,-0.08857096781502313,49.55360598807654,36.18497505187988,38.13212919219875,34.237820911561016,0.10762224583696137,1.2434296630276453,4063785.0,0.8104513403145097,0.7810222763978103,0.02004677713232126
2020-11-04,34.94697189331055,36.368925703074886,34.79800385504283,36.075507027410914,4542300,-0.046788539785647676,-0.0479185109444358,35.32164840698242,35.43525276184082,36.11538238525391,35.60973131790458,35.79273868836835,-0.1830073704637698,-0.06987830024540957,-0.11312907021836023,40.37592190608205,36.11538238525391,38.13743517642821,34.093329594079606,0.11197737128210043,1.3102285739988677,4065580.0,1.1172575622666385,0.09482842033551865,0.02260918063455493
2020-11-05,36.84291076660156,37.204041660246425,35.27048505280711,35.2855325321273,4253000,0.05425187850550017,0.05283139548358989,35.73093109130859,35.44653816223145,36.099958992004396,35.79945123308873,35.87052921268193,-0.07107797959319839,-0.07011823611496734,-0.000959743478231051,48.93754701408333,36.099958992004396,38.09324059098468,34.106677393024114,0.11043123896189268,1.4185143207653905,4130130.0,1.0297496688966208,0.813229723718604,0.025354033712295405
2020-11-06,36.28616714477539,37.482414539438906,36.13644715831298,37.03852392456343,3061500,-0.015111282204414378,-0.015226621049687502,36.14322128295898,35.423967361450195,36.057450675964354,35.874330604117446,35.901317207651815,-0.026986603534368214,-0.06149190959884752,0.0345053060644793,48.07085004337528,36.057450675964354,37.99310109399984,34.12180025792887,0.10736479599905699,1.429208613211885,4059565.0,0.7541448406417929,0.1112359686048298,0.025575213279914067
2020-11-09,39.212833404541016,40.762689358482135,38.77646797751729,38.81408524139659,9208300,0.0806551501592534,0.07756747773410516,36.79024658203125,35.79788818359375,36.1906177520752,36.38794641956723,36.14661470371769,0.24133171584954027,-0.000927184509169943,0.24225890035871023,57.2395972250464,36.1906177520752,38.581684163833785,33.79955134031661,0.13213736378520266,1.6785610057834437,4369695.0,2.107309549064637,0.21969626800351352,0.031104140989394357
2020-11-10,40.22098922729492,40.401556101396295,39.17521385440992,39.3708282071875,6148700,0.025709843824679002,0.02538490346239997,37.501974487304686,36.31626205444336,36.40052528381348,36.977645313063796,36.44842022398267,0.5292250890811232,0.10510327020888871,0.4241218188722345,62.43037272749444,36.40052528381348,39.39143129775565,33.40961926987131,0.1643331238009449,1.7035499941103254,4335520.0,1.418215116064509,0.8527597959927601,0.031149830799901863
2020-11-11,39.280540466308594,40.330078349713794,39.13759373434428,40.25108124494302,4118500,-0.02338203955332152,-0.023659736732493313,38.3686882019043,36.84516830444336,36.52767333984375,37.331936875101455,36.65820690859941,0.6737299665020444,0.2188286094675199,0.4549013570345245,58.17654350459142,36.52767333984375,39.783397486726855,33.27194919296065,0.1782606910981005,1.626970853573234,4275340.0,0.9633151983234082,0.11987301884082592,0.03163316237033851
2020-11-12,38.40028762817383,39.17521413037213,38.02410926865805,38.92693790549854,3467600,-0.022409387133809133,-0.022664292834526,38.68016357421875,37.20554733276367,36.60403747558594,37.49629852942028,36.787249924864184,0.7090486045560951,0.31687260848523496,0.3921759960708601,55.80749245784771,36.60403747558594,39.96384838585103,33.24422656532085,0.18357597368902306,1.6339566406343036,4309060.0,0.804723071853258,0.32679764351584994,0.03217249543436854
2020-11-13,39.09998321533203,39.22036018668713,37.768311355333694,37.82097610092572,3482900,0.018221102767075337,0.018057087833176763,39.24292678833008,37.69307403564453,36.704477310180664,37.74301925032978,36.95856350193588,0.7844557483939028,0.4103892364669686,0.37406651192693413,61.38941498518198,36.704477310180664,40.24106002469815,33.16789459566318,0.1927057936082664,1.6456183480091187,4345490.0,0.801497644684489,0.9170985314496048,0.03235810178254778
2020-11-16,40.57460403442383,40.58212633991099,39.22788462115121,40.28870763568129,4075600,0.03771410363453964,0.037020316781353105,39.51528091430664,38.152763748168944,36.89595241546631,38.17864767865194,37.226418356194245,0.952229322457697,0.5187572536651144,0.4334720687925826,66.32656733849726,36.89595241546631,40.83371048298996,32.958194347942666,0.21345203523587525,1.7084939445676375,4404095.0,0.9254114636491719,0.994445367228454,0.033105985000524175
2020-11-17,40.98839569091797,41.04858560895799,39.74700876648178,39.99528500336371,4795000,0.010198291920312519,0.010146640217196735,39.66876220703125,38.58536834716797,37.089308166503905,38.61091660361594,37.50508334395156,1.1058332596643794,0.6361724548649674,0.46966080479941197,71.42859145622829,37.089308166503905,41.432549705247894,32.746066627759916,0.2342045054734376,1.6810869591952289,4518665.0,1.061154124060978,0.9537561474564379,0.033105689530476524
2020-11-18,41.60532760620117,42.33887715778775,41.02601256561953,41.116297441823356,5903500,0.01505137990604255,0.014939231809657722,40.13371963500977,39.25120391845703,37.343228340148926,39.07159521939828,37.80880514115524,1.262790078243043,0.7614959795405827,0.5012940987024603,71.09559412739422,37.343228340148926,42.12017837438696,32.56627830591089,0.25584022841978976,1.6652338056542473,4609215.0,1.2808037811210802,0.44126030942177286,0.03277136880193516
2020-11-19,41.63542175292969,41.74827641097687,40.56707369879275,41.31190812787516,3514000,0.0007233243543558476,0.0007230628813739655,40.78074645996094,39.730455017089845,37.58849658966064,39.46603007071081,38.09225822350891,1.3737718472019012,0.8839511530728466,0.4898206941290546,73.7578176784094,37.58849658966064,42.7232135114041,32.45377966791719,0.27320682589661466,1.6679215706663153,4522715.0,0.7769669324730831,0.904457832743132,0.032800641022290536
2020-11-20,41.176483154296875,41.69560826057875,40.83792205454211,41.43228455522124,2871700,-0.01102279211571866,-0.011083993242490545,41.19604644775391,40.21948661804199,37.8217269897461,39.72917669895482,38.3207193294932,1.4084573694616154,0.9888523963506003,0.4196049731110151,68.17461676457927,37.8217269897461,43.169857314189514,32.47359666530268,0.28280730416637806,1.5910736109282442,4510130.0,0.6367222230844787,0.3947377180890826,0.032923924456394006
2020-11-23,42.08683776855469,42.35016436686976,41.59028240231909,41.59028240231909,4560700,0.02210860531353598,0.02186775356560367,41.49849319458008,40.50688705444336,38.152387619018555,40.09189378658556,38.59969106571998,1.4922027208655777,1.0895224612535959,0.40268025961198184,68.66906607996836,38.152387619018555,43.703162323991435,32.601612914045674,0.2909791523614045,1.6012845474094237,4536845.0,1.0052580592901015,0.6534638047299604,0.03202581859500116
2020-11-24,43.43355178833008,43.772112876099,42.59091309100424,42.88433174373296,4442800,0.03199846059191436,0.031497175383756855,41.9875244140625,40.82814331054688,38.57220268249512,40.60599501762317,38.95775482295036,1.648240194672809,1.2012660079374387,0.44697418673537026,79.96811779121006,38.57220268249512,44.39438252838772,32.75002283660251,0.30188474813417043,1.5884937803850956,4551925.0,0.9760266260977498,0.7133752484762648,0.032002329430316036
2020-11-25,42.45549392700195,43.22289819788502,42.25611983667705,43.22289819788502,4158500,-0.022518486770195745,-0.0227758995983314,42.15755767822266,41.145638656616214,38.99540348052979,40.89053331137375,39.21684660843567,1.6736867029380846,1.2957501469375678,0.3779365560005168,71.19320828619506,38.99540348052979,44.64349360775815,33.34731335330142,0.28967978905762204,1.5113767935791778,4451995.0,0.9340756222772039,0.2062252283072776,0.031545321441080305
2020-11-27,42.20409393310547,42.69926656313146,41.90698686781542,42.59261408608162,2847400,-0.00592149497374217,-0.005939096544576342,42.27129211425781,41.52601928710938,39.365783309936525,41.092619560870936,39.43812418804084,1.6544953728300982,1.367499192116074,0.2869961807140242,72.87364937969,39.365783309936525,44.822804614828954,33.908762005044096,0.2772469310176279,1.4718276731641862,4379360.0,0.6501863285959593,0.3750027462479725,0.031645143244892926
2020-11-30,40.38337326049805,41.89936992367655,40.22339454551708,41.81557071885927,8760600,-0.04314085442737636,-0.04409908167140221,42.11267013549805,41.654358291625975,39.673716163635255,40.98350474542895,39.50814263785249,1.4753621075764656,1.3890717752081525,0.08629033236831307,54.947262520113114,39.673716163635255,44.57611305370833,34.77131927356218,0.24713575455614073,1.2935546141557321,4559095.0,1.9215655738693753,0.09545409563361891,0.03334454362531543
2020-12-01,40.77951431274414,41.46514154874298,40.29957815360708,41.46514154874298,4328700,0.009809508722580906,0.009761707839798517,41.85120544433594,41.674849319458005,39.91380653381348,40.952121601938984,39.602318317474094,1.3498032844648904,1.3812180770595002,-0.031414792594609775,52.489378646573996,39.91380653381348,44.51514592560267,35.31246714202429,0.23056379691028,1.2892132675949834,4591740.0,0.9427145265193587,0.41176323572127205,0.03182481900147551
2020-12-02,40.52812576293945,40.80618364102055,40.13960263474215,40.61954177296012,3723000,-0.00616457930020331,-0.006183658770864831,41.270120239257814,41.628822326660156,40.107095336914064,40.88689147286213,39.67089664676783,1.2159948260943025,1.3481734268664607,-0.13217860077215815,55.9244618300297,40.107095336914064,44.45091721204516,35.763273461782966,0.21661114267395473,1.2516487240884757,4613215.0,0.8070293710568444,0.5828595755193763,0.03181216816320128
2020-12-03,40.83283996582031,41.053003228876186,40.22339515705892,40.36814029705743,3213800,0.007518586096559643,0.007490462407064297,40.94558944702148,41.55157356262207,40.40138874053955,40.87857585639416,39.7569665222532,1.121609334140956,1.3028606083213599,-0.18125127418040377,62.21950455817668,40.40138874053955,44.008236159968064,36.79454132111104,0.1785506653046968,1.2211613579575276,4546790.0,0.7068283338355191,0.7346177335042319,0.029335521511607333
2020-12-04,41.937461853027344,41.975551610083976,40.98520339630074,40.99282309134937,3294500,0.02705229144315391,0.026692846342667945,40.89226303100586,41.581777572631836,40.65611629486084,41.04148139433773,39.918484694903135,1.1229966994345943,1.266887826544007,-0.14389112710941254,63.696391271171706,40.65611629486084,43.9068145853736,37.40541800434807,0.15991189453202506,1.1990658445939724,4498865.0,0.7322958123882357,0.961539016134017,0.027672248176174828
2020-12-07,40.535736083984375,41.853661400205056,40.39099384904526,41.84604461144493,3602700,-0.03342419181102119,-0.03399554762180449,40.922735595703124,41.51770286560058,40.86859474182129,40.96367442351414,39.96420702002027,0.999467403493874,1.2134037419339805,-0.2139363384401065,49.811056381932765,40.86859474182129,43.390437470258334,38.34675201338425,0.12341225551640578,1.2036604788370526,4525925.0,0.7960140744709645,0.0989577117744686,0.028720451054107483
2020-12-08,41.55656051635742,41.64797651900659,40.22339861130247,40.29958103522873,3161500,0.02518332047204086,0.024871445839768167,41.07814483642578,41.46467514038086,40.98578109741211,41.054887668566955,40.08215913086006,0.9727285377068924,1.165268701088563,-0.19254016338167057,52.60802462110003,40.98578109741211,43.39914867297859,38.572413521845625,0.11776608916299831,1.2124462692104743,4223585.0,0.7485347163606273,0.9358294049675453,0.02329037391204556
2020-12-09,41.64036178588867,42.47073135828417,41.40420061914891,41.85366677129073,3219100,0.002016559322763678,0.0020145287963389885,41.300592041015626,41.28535614013672,41.056749725341795,41.14496060969338,40.19758154975107,0.9473790599423069,1.1216907728593117,-0.17431171291700487,50.16909208743298,41.056749725341795,43.45887456807688,38.65462488260671,0.11701485669492248,1.1921640743722943,4077105.0,0.7895553339931152,0.2214293089357633,0.022677813176209292
2020-12-10,41.46514129638672,41.983170114641545,41.16803713128277,41.64035649872849,3402000,-0.004207948297926034,-0.004216826627486264,41.4270523071289,41.1863208770752,41.1659797668457,41.19421917687696,40.291474864316676,0.9027443125602872,1.0779014807995069,-0.17515716823921967,49.189497567657476,41.1659797668457,43.422278933482616,38.90968060020879,0.10961960237147543,1.1660162365990547,4041280.0,0.8418124950510729,0.3644855103701812,0.02194254928551635
2020-12-11,41.13756561279297,41.48037924077868,40.80998846894686,41.35849027372401,2674800,-0.007900025740954053,-0.007931396272207474,41.26707305908203,41.079668045043945,41.30284366607666,41.185503243940964,40.3541482530927,0.8313549908482614,1.0285921828092577,-0.19723719196099632,49.81241413193454,41.30284366607666,43.147256451503914,39.45843088064941,0.08931166097612436,1.1526379912987106,4001640.0,0.6684259453624014,0.4886361100476551,0.021290525653085604
2020-12-14,40.421470642089844,41.716539902483866,40.398614461521944,41.59465092835046,3121900,-0.01740732491181818,-0.017560613897620266,41.24421997070313,41.08347778320312,41.36891803741455,41.067959766733104,40.35913509672212,0.7088246700109835,0.9646386802496029,-0.2558140102386194,41.819594328210094,41.36891803741455,42.95807443563202,39.77976163919708,0.07682852119942883,1.1629411504693559,3983590.0,0.783690088588434,0.01734254433831376,0.021498004112226684
2020-12-15,41.23659896850586,41.25183545178154,40.4900287243696,41.02329110870833,2335500,0.020165726616766078,0.01996509117347014,41.18022766113281,41.1291862487793,41.402017784118655,41.09390425931353,40.42413242055795,0.6697718387555796,0.9056653119507982,-0.2358934731952187,38.61377486544152,41.402017784118655,42.948517908269345,39.855517659967965,0.07470650982348545,1.1018761291941688,3896585.0,0.5993709876725389,0.9799995293721852,0.02028238032268685
2020-12-16,41.00806427001953,41.22136925880571,40.55859811074685,41.16042331568822,1948800,-0.005542035575263338,-0.0055574496309651255,41.053768157958984,41.1771800994873,41.40300121307373,41.08069810711445,40.46738663162918,0.6133114754852684,0.8471945446576924,-0.23388306917242396,41.86644624782801,41.40300121307373,42.94841849987453,39.85758392627293,0.07465242815841118,1.0662024796303105,3754275.0,0.5190882394070759,0.6781619172884491,0.020212179934163004
2020-12-17,41.00806427001953,41.38896769631629,40.8214194987691,41.28993199178163,2222300,0.0,0.0,40.96235275268555,41.194702529907225,41.37313804626465,41.06952367063831,40.507436827065504,0.562086843572807,0.7901730044407154,-0.22808616086790834,43.08372885513534,41.37313804626465,42.92516201170114,39.82111408082816,0.07502568278485289,1.050150229789678,3570215.0,0.622455510382428,0.3288615288859129,0.019908779384249318
2020-12-18,42.40216827392578,42.47073100524401,41.320403964307566,41.983175096342144,11536700,0.033995850053460286,0.03343076259023389,41.21527328491211,41.24117317199707,41.411475372314456,41.27454591729793,40.64778730461071,0.6267586126872189,0.7574901260900162,-0.13073151340279732,62.27996125842367,41.411475372314456,43.02734488270583,39.79560586192308,0.07803969773420161,1.0131478974779706,3971350.0,2.9049819330957987,0.9403971755142019,0.02135684894923977
2020-12-21,41.96031951904297,42.05173552043079,40.931878605696454,41.17565654677216,4458800,-0.01042042831461798,-0.010475101118765689,41.52304306030273,41.38363151550293,41.450667190551755,41.38004954833563,40.74501191308717,0.6350376352484588,0.7329996279217048,-0.09796199267324601,57.14290329443831,41.450667190551755,43.0805009816866,39.82083339941691,0.07863968913418823,1.034914059841787,4050705.0,1.1007466601492826,0.9183681331349476,0.021339226160463288
2020-12-22,41.647972106933594,42.10505788388169,41.472756909558534,41.90698650871891,2268300,-0.007443875921097853,-0.007471719829250598,41.60531768798828,41.39277267456055,41.428723907470705,41.42126840350455,40.81189785337208,0.6093705501324678,0.7082738123638574,-0.09890326223138968,56.72455839025304,41.428723907470705,43.03412842833849,39.82331938660292,0.07750200196623913,1.0324654861306979,3936085.0,0.5762832865652038,0.2771072665063424,0.020829392940374027
2020-12-23,41.70892333984375,42.48596664394367,41.69368685473641,41.914611529699236,2251600,0.001463486211373377,0.0014624163591100932,41.745489501953124,41.39962882995606,41.342492485046385,41.4655230090952,40.87834418570331,0.5871788233918878,0.6840548145694636,-0.09687599117757584,55.419444114076875,41.342492485046385,42.65259470564418,40.032390264448594,0.06337799885053647,1.0330645193587553,3826525.0,0.5884189963478613,0.019231192215909854,0.019406506079830122
2020-12-24,41.73939514160156,41.87499491495482,41.39277165375341,41.83842793293334,1074700,0.000730582314713013,0.000730315569365443,41.89175567626953,41.427054214477536,41.30668754577637,41.50765718332695,40.94212573799207,0.5655314453348765,0.6603501407225463,-0.09481869538766974,48.58697959472478,41.30668754577637,42.52461216710954,40.0887629244432,0.05896985179377819,0.9858867777114517,3672335.0,0.29264759342489177,0.7188029042741496,0.01878944125838145
2020-12-28,41.358489990234375,42.48596365427747,41.27469078107202,42.10506027158471,3668200,-0.009125794709649249,-0.009167689853294915,41.68302001953125,41.44914665222168,41.264407348632815,41.484708384389634,40.97296753445446,0.5117408499351725,0.6306282825650715,-0.11888743262989898,56.870242624555004,41.264407348632815,42.40757559505732,40.121239102208314,0.05540698727434297,0.9619442683702637,3713375.0,0.9878345171171777,0.06918276659557966,0.0188500341307925
2020-12-29,41.38896942138672,41.76225316732081,41.023299559565885,41.518475196815345,2222000,0.0007369570591078123,0.0007366856395958252,41.56875,41.54589653015137,41.314687156677245,41.46997931315841,41.00378248904204,0.4661968241163734,0.597741990875332,-0.13154516675895855,48.32323833732171,41.314687156677245,42.38053924988537,40.248835063469116,0.05159676456782109,0.9129711040881782,3386445.0,0.6561453087234548,0.49484819213932046,0.016006896353393175
2020-12-30,42.25742721557617,42.402169471976514,41.36611168325556,41.40420144482801,3790000,0.020982832052365508,0.020765724205080684,41.69064102172852,41.6479793548584,41.38858280181885,41.5911251442996,41.0966450613779,0.4944800829217044,0.5770896092846065,-0.08260952636290209,55.335979331656716,41.38858280181885,42.50207241089127,40.275093192746425,0.05380660721842793,0.9107944647728706,3359510.0,1.1281407109965442,0.860295181814151,0.016504856653315865
2020-12-31,42.280269622802734,42.737352456300215,41.9831654904232,42.2574163529464,2663500,0.0005405536666969191,0.0005404076201919084,41.804910278320314,41.77519989013672,41.47618999481201,41.69714737176162,41.184320954816776,0.5128264169448471,0.5642369708166547,-0.051410553871807596,57.239482505456344,41.47618999481201,42.58030187280643,40.37207811681759,0.053240757076892846,0.9064411778098881,3306535.0,0.8055260264899661,0.3939396222455915,0.016399963872403358
2021-01-04,41.16803741455078,42.753355329638275,40.870933247402526,42.52405249786832,4852800,-0.026306175863459957,-0.026658373693375776,41.69063873291016,41.79119720458984,41.492949867248534,41.61574583988303,41.18311476664892,0.43263107323411276,0.5379157913001463,-0.10528471806603357,50.23752658347091,41.492949867248534,42.565672946469775,40.42022678802729,0.051706281797427436,0.9930148428387403,3388485.0,1.432144453937379,0.15783079064663189,0.01753255893777211
2021-01-05,42.50881576538086,42.79068344717163,41.13756420638059,41.24421668564942,3112800,0.03256843014712629,0.03204931982843324,41.92070388793945,41.801861953735354,41.52151756286621,41.75314121303654,41.281314840629065,0.4718263724074774,0.5246979075216125,-0.052871535114135115,64.82682862458427,41.52151756286621,42.67171760726353,40.371317518468885,0.05540260144181133,1.016957257112249,3379400.0,0.9211102562585074,0.8294934308847389,0.018008271521279217
2021-01-06,44.51237106323242,45.10657943070791,43.08017348140551,43.384897360453714,6208400,0.047132700871033384,0.04605566776445561,42.54538421630859,42.0570671081543,41.72034931182861,42.17763811306668,41.52065233859968,0.656985774466996,0.5511554809106892,0.1058302935563068,69.90743660028413,41.72034931182861,43.40413070305009,40.03656792060713,0.08071751166973531,1.1432000325147744,3509685.0,1.7689336792333215,0.706767355895436,0.01892885083943461
2021-01-07,44.57332229614258,45.53320065750222,44.26479141873696,44.94660897135196,4437600,0.0013693099570806222,0.0013683733071465658,43.00856323242188,42.349602127075194,41.871187400817874,42.54620491046297,41.74677603915842,0.7994288713045492,0.6008101589894612,0.198618712315088,72.11719086111202,41.871187400817874,43.980036147442576,39.76233865419317,0.10073030537383372,1.1853720597295063,3573490.0,1.2418112265600296,0.2432423744197367,0.018322306667384432
2021-01-08,44.34476852416992,44.839944055157794,43.99433813002633,44.46665748326605,4063500,-0.005127591128481712,-0.005140782335938673,43.42146301269531,42.61318664550781,42.006407737731934,42.822907004879426,41.93921992693705,0.8836870779423762,0.6573855427800442,0.22630153516233198,70.12856830550794,42.006407737731934,44.38278431344817,39.6300311620157,0.11314352755671007,1.2052333259855261,3615710.0,1.1238456624010222,0.414413356842289,0.018425535978091174
2021-01-11,44.83995056152344,44.908513292592474,43.61344109798989,43.95625475333505,3455900,0.011166639354169172,0.011104752721229377,44.155845642089844,42.9232421875,42.17514820098877,43.13322139820927,42.15408886283234,0.9791325353769338,0.7217349412994223,0.2573975940775115,66.49477990096679,42.17514820098877,44.850201193502436,39.50009520847511,0.12685446793289268,1.193262287369676,3618405.0,0.9550893280326552,0.947058750218428,0.01841607913724191
2021-01-12,46.500694274902344,46.6302000541103,44.94660748803064,45.190385465650195,6235000,0.03703714416679049,0.03636774747456035,44.95422134399414,43.437462615966794,42.44330463409424,43.651294148469745,42.476059634096785,1.17523451437296,0.8124348559141299,0.36279965845883,76.37161035763569,42.44330463409424,45.69376789479377,39.19284137339471,0.15316730347563332,1.2161165605380713,3796415.0,1.642338890769318,0.9230777142593996,0.019582031261856165
2021-01-13,45.73126220703125,46.70637690704711,45.44939449897827,46.279764044161276,3236300,-0.01654667913821617,-0.016685104544990805,45.19799957275391,43.87169189453125,42.70879421234131,43.971289234402285,42.71718575061045,1.2541034837918374,0.9007685814896715,0.3533349023021659,72.52095118991313,42.70879421234131,46.12699124957881,39.29059717510381,0.1600699387691803,1.2607366629484769,3802135.0,0.8511796661612488,0.2242415677428689,0.01952800281093398
2021-01-14,45.4417839050293,46.08931862409981,45.26656575623054,45.86839392001683,3578800,-0.006329987147335792,-0.006350106464261789,45.37169189453125,44.190127563476565,42.91905345916748,44.19751918372951,42.91900783612296,1.2785113476065533,0.976317134713048,0.30219421289350523,70.08196166202111,42.91905345916748,46.47068857518763,39.36741834314733,0.16550388835574492,1.2596479722955622,3864300.0,0.9261185725745931,0.21296570757981206,0.019441304610311957
2021-01-15,43.65914535522461,44.809472255001786,43.522019909415135,44.657110325651026,6692900,-0.03922906181522934,-0.040019256191760944,45.23456726074219,44.32801513671875,43.05160751342773,44.1146924408826,42.97383283753789,1.1408596033447083,1.0092256284393801,0.13163397490532813,58.68961699456056,43.05160751342773,46.49930626614146,39.603908760714006,0.1601658545102361,1.3623294533250443,4101505.0,1.6318156384059022,0.10650914203888366,0.021731165713249085
2021-01-19,43.841983795166016,44.33715941188548,42.91258141092047,44.00196253679076,4919300,0.00418786117899872,0.004179116494220693,45.0349739074707,44.59540977478027,43.19330348968506,44.07273726461851,43.03814031588072,1.0345969487377928,1.0142998924990627,0.020297056238730127,61.44660928531417,43.19330348968506,46.51812394262155,39.868483036748565,0.15395073700396586,1.3775655338792987,4236355.0,1.1612105217811066,0.6524053980139487,0.021717260520975796
2021-01-20,44.61902618408203,44.664735640457344,43.59820490686634,44.085760817286534,3724400,0.017723705034572212,0.017568471697323684,44.65864028930664,44.80643081665039,43.30414638519287,44.15678171376674,43.15524297278452,1.0015387409822196,1.011747662195694,-0.010208921213474387,63.9289906721132,43.30414638519287,46.665525011582915,39.94276775880283,0.1552451165525992,1.4009639000104472,3845740.0,0.9684482050268609,0.9571419139579516,0.02080293058955125
2021-01-21,43.849605560302734,44.77139119818622,43.659153838125356,44.57331977972666,3442000,-0.01724422717351437,-0.01739464054174918,44.282308959960936,44.74015426635742,43.39861068725586,44.10952384400305,43.20667723852661,0.9028466054764408,0.9899674508518433,-0.08712084537540254,56.925110319273834,43.39861068725586,46.706744196956215,40.090477177555506,0.15245342914499327,1.4064052979632982,3794900.0,0.907006772246963,0.17123298254846114,0.021084457613869748
2021-01-22,43.803890228271484,44.0210050462039,43.32395113902951,43.41537004578378,2621500,-0.0010425483068116081,-0.0010430921383108888,43.95473022460938,44.663211059570315,43.50640659332275,44.062503287736654,43.25091523776697,0.8115880499696857,0.9542915706754119,-0.14270352070572623,56.61376204578075,43.50640659332275,46.71330431314544,40.29950887350006,0.14742186132719487,1.4023243651988249,3812560.0,0.68759573619825,0.6885250587034573,0.020975235403699697
2021-01-25,43.59819412231445,43.742936339272156,42.40215791727474,43.316326476212936,3682400,-0.004695841051676086,-0.004706901151163421,43.94253997802734,44.58855361938477,43.60087013244629,43.991071108440934,43.2766395995853,0.7144315088556326,0.9063195583114562,-0.1918880494558236,61.450012743185454,43.60087013244629,46.6941201140109,40.50762015088168,0.1418893692794777,1.367989381538896,3884100.0,0.9480703380448495,0.8920461252184122,0.02103999447593515
2021-01-26,42.463111877441406,44.37524564726562,42.43263890829735,44.10099473709367,3060300,-0.026035074794349966,-0.026379987070511382,43.66676559448242,44.350869750976564,43.63705596923828,43.756000457517935,43.21637828683391,0.5396221706840265,0.8329800807859703,-0.2933579101019438,49.78040343011272,43.63705596923828,46.65462364744813,40.61948829102843,0.1383029909413261,1.3886670599801267,3983380.0,0.7682671500082844,0.015686638152699404,0.02198361576483122
2021-01-27,41.43467712402344,41.96032574868397,40.116751526272594,41.625128850393146,6283500,-0.02421948623045511,-0.024517601291958718,43.0298957824707,43.844268035888675,43.640865325927734,43.39887379082647,43.084400422922016,0.3144733679044549,0.7292787382096673,-0.41480537030521236,33.68346118143374,43.640865325927734,46.646490376008536,40.63524027584693,0.13774360465282123,1.3707096803973953,4114145.0,1.5272918188347762,0.714875254047682,0.022603060946229443
2021-01-28,41.427059173583984,41.78510643301024,40.37576485976428,41.244224242721266,5817000,-0.0001838544660708319,-0.0001838713693750427,42.545386505126956,43.41384773254394,43.6427698135376,43.095517695866086,42.96163440445253,0.1338832914135537,0.6101996488504446,-0.47631635743689094,33.225076616305046,43.6427698135376,46.642429239705955,40.64311038736924,0.1374642094891919,1.3807762757174455,4293895.0,1.3547140766134245,0.7459471332694152,0.02260313363503929
2021-01-29,39.537776947021484,41.674645408327166,39.43112154620172,41.02329798980081,8895400,-0.04560502879642503,-0.046677677278139,41.69216384887695,42.82344703674316,43.50678730010986,42.54817296527461,42.70801533353171,-0.1598423682571024,0.45619124542893524,-0.6160336136860376,28.22645301661815,43.50678730010986,46.98006155203055,40.03351304818918,0.15966585755744436,1.480627556931301,4549165.0,1.9553918136625072,0.0475392315387843,0.024239216406870965
2021-02-01,40.185302734375,40.25386545243916,39.103538633875935,39.91105186211837,4128300,0.016377394920841448,0.016244731878930434,41.009585571289065,42.4760627746582,43.402038955688475,42.18465446821313,42.52114773359418,-0.3364932653810442,0.29765434326693935,-0.6341476086479836,29.20351508705909,43.402038955688475,47.146810227812615,39.657267683564335,0.17256199764934466,1.4702886014999181,4622405.0,0.8931065105718776,0.9403971755142029,0.024618124806688454
2021-02-02,41.60226821899414,41.800336700737795,40.276723159114496,40.80237169085434,5229500,0.03526078909956931,0.03465336512269838,40.83741683959961,42.25209121704101,43.423750495910646,42.095056583717906,42.453082584364545,-0.3580260006466389,0.16651827448422366,-0.5245442751308625,27.626976009980012,43.423750495910646,47.11868915167318,39.72881184014811,0.17018054007612718,1.4577732067696278,4641240.0,1.1267463005576097,0.8700008335232865,0.02529181170491443
2021-02-03,42.1660041809082,42.20028699721775,41.16727776901512,41.37372733699399,3984200,0.013550606398347265,0.013459617975474736,40.983682250976564,42.00678901672363,43.40660991668701,42.10597159867026,42.43181751744186,-0.3258459187715985,0.0680454358330592,-0.39389135460465774,33.40424239819903,43.40660991668701,47.12254033568401,39.69067949769001,0.17121495671416,1.44177512249347,4684810.0,0.850450711981916,0.9668126624218784,0.024376621362259418
2021-02-04,42.92019271850586,42.94304599122958,41.76224610148873,42.25742165495851,4312200,0.01788617518420521,0.017728099680619315,41.282308959960936,41.91384773254394,43.32700099945068,42.23123638633727,42.46799345826142,-0.23675707192414563,0.0070849342816182185,-0.24384200620576385,38.74910897681604,43.32700099945068,47.01127203519268,39.64272996370868,0.17006813076163343,1.467349909770012,4590000.0,0.9394771241830066,0.9806459310093626,0.022169982880049045
2021-02-05,43.60581588745117,44.055281947424994,42.996368215169326,43.224912545305955,3732500,0.01597437302861171,0.015848125441139203,42.095916748046875,41.89404029846192,43.278625679016116,42.442710155739405,42.55227660116436,-0.10956644542495297,-0.016245341659696027,-0.09332110376525694,49.73623218812569,43.278625679016116,46.9191409575382,39.638110400494035,0.16823617762369034,1.4113017121489386,4554745.0,0.8194750748944233,0.5755404316347972,0.022510339798947603
2021-02-08,43.689613342285156,44.38285732716362,43.58296086862108,43.99433718652134,2543200,0.0019217036335306137,0.001919859523280673,42.79677886962891,41.90318222045899,43.24586791992188,42.634541415207984,42.63652376717331,-0.0019823519653243693,-0.013392743720821694,0.011410391755497325,49.238918560494184,43.24586791992188,46.85766754337669,39.63406829646706,0.16703559425112072,1.366681601975905,4478730.0,0.5678395437992466,0.13333284726010153,0.022495097989647824
2021-02-09,43.11826705932617,43.81532103280419,42.943051830474126,43.80389439488857,4209500,-0.013077393898700551,-0.013163655894363238,43.099978637695315,41.968697738647464,43.15978374481201,42.70896074507232,42.672208455480934,0.03675228959138366,-0.003363737058380621,0.040116026649764276,42.34652686803574,43.15978374481201,46.69282124151374,39.62674624811028,0.16371896196659774,1.3528057783144096,4516410.0,0.9320455848782551,0.2008728800412422,0.022486417986388455
2021-02-10,43.93339157104492,44.47427654375516,43.02684263232198,43.42298247025171,3453000,0.018904389422636614,0.018727921990233147,43.45345611572266,42.21856918334961,43.03141860961914,42.89733471829887,42.76562942700419,0.13170529129467923,0.02365006861223136,0.10805522268244787,50.425303835479994,43.03141860961914,46.22346184297975,39.83937537625852,0.1483587265536755,1.3767483891267176,4377310.0,0.7888406350018619,0.6263145593722997,0.021168684358875676
2021-02-11,43.93339157104492,44.13907973147355,43.186821343968035,44.0400469515376,2326500,0.0,0.0,43.65609588623047,42.4692024230957,42.941525077819826,43.056728080259795,42.85213032656277,0.2045977536970227,0.05983960562918964,0.14475814806783308,50.66042324048605,42.941525077819826,45.906627289558536,39.976422866081116,0.1380995298311026,1.3949772805789407,4331820.0,0.5370721775143011,0.7839996255560062,0.020917645333363856
2021-02-12,44.299072265625,44.39048827965546,43.76199700781283,43.849606079719756,1975100,0.0083235252618441,0.008289075754340222,43.79474716186523,42.94533195495605,42.88438949584961,43.24785795493137,42.959311210937756,0.2885467439936136,0.10558103330207444,0.18296571069153914,53.51690913357751,42.88438949584961,45.686176463907934,40.08260252779129,0.13066698633214693,1.3397457777822182,4251635.0,0.4645506963791577,0.8545468701452126,0.021006836131264996
2021-02-16,44.75614929199219,45.217042055122675,44.59617056219066,44.870421473886026,4072700,0.010317981912272955,0.010265114879985176,44.00805435180664,43.40241661071777,42.93923969268799,43.479902776017646,43.0924103280529,0.38749244796474613,0.1619633162346088,0.22552913173013733,62.3462130305368,42.93923969268799,45.845878762102316,40.032600623273666,0.13538381630493979,1.2665574242486042,4120625.0,0.9883694827847718,0.25766801833558595,0.019104147809134532
2021-02-17,44.596168518066406,44.87803620613918,43.88768799734828,44.62664148598297,3277800,-0.0035744981741403503,-0.0035809019575010884,44.30363464355469,43.701806640625,42.97694892883301,43.651635967102074,43.20379982360946,0.4478361434926157,0.2191378816862102,0.22869826180640548,68.77828300359721,42.97694892883301,45.951671993069084,40.00222586459694,0.138433422491765,1.169699414078753,4038550.0,0.811627935769026,0.7153852627544478,0.019123716157135404
2021-02-18,43.849605560302734,44.69140182359924,43.499172182888735,44.413341030552694,3112600,-0.01674051790931841,-0.016882224095378536,44.28687744140625,43.87016677856445,42.93847789764404,43.68209282759449,43.25163728558674,0.43045554200774916,0.261401413750518,0.16905412825723115,63.22799638730491,42.93847789764404,45.842854040338224,40.03410175494986,0.1352808150124735,1.1541914188976494,4007960.0,0.7766045569317059,0.29393110396571587,0.01909285851167248
2021-02-19,46.00550842285156,46.11216090115527,43.99433910037575,43.99433910037575,4037100,0.04916584391127521,0.047995414069004594,44.70130081176758,44.17869834899902,43.04627304077148,44.039541380710965,43.45562774019895,0.5839136405120158,0.3259038591028176,0.25800978140919817,84.31699251553546,43.04627304077148,46.23877347852271,39.85377260302025,0.14832877330529573,1.155550810235299,4037715.0,0.9998476861294073,0.9496404807237057,0.02166482695017501
2021-02-22,47.597686767578125,47.658632704250216,45.86076825729433,46.1807257066362,5672600,0.034608428410187964,0.03402302509400195,45.3610237121582,44.577885437011716,43.235962867736816,44.586948363305915,43.76244692741223,0.8245014358936871,0.4256233744609916,0.3988780614326955,85.74588513704437,43.235962867736816,47.01496354222971,39.456962193243925,0.174808211675694,1.201803497977632,4190270.0,1.3537552472752352,0.966100922438122,0.022784850162005682
2021-02-23,47.32344055175781,47.97097811575328,46.85873790982504,47.948121934206384,4147200,-0.005761755128131929,-0.0057784180752508685,45.874481964111325,44.94126815795899,43.42222518920899,45.00794716152928,44.02622423291931,0.9817229286099689,0.5368432852907871,0.44487964331918184,81.00756906956886,43.42222518920899,47.620380379344844,39.22406999907313,0.1933643507140742,1.1658896579465927,4213510.0,0.9842625269668281,0.4178078038159648,0.022808499891167178
2021-02-24,48.51947784423828,48.74040253098866,47.18860291109212,47.23202529763055,4668600,0.025273675762698566,0.024959577696112494,46.6591438293457,45.4813892364502,43.72504348754883,45.548182651176816,44.35905783375775,1.1891248174190636,0.6672995917164425,0.5218252257026211,82.22579270777342,43.72504348754883,48.47000238816196,38.9800845869357,0.21703621184341668,1.2029461144961577,4293925.0,1.0872569968036236,0.857633232735654,0.02208448307645765
2021-02-25,47.256221771240234,48.401619663912214,47.082911615482985,48.126630612393136,3260300,-0.02603606075591891,-0.026380999388350024,47.340467071533205,45.81367225646973,44.016120719909665,45.810957900417336,44.573662569867565,1.2372953305497703,0.7812987394831081,0.4559965910666621,70.91302687152404,44.016120719909665,48.88218881791414,39.15005262190519,0.22110390549721587,1.2212151387114751,4142765.0,0.7869864691818146,0.13142420314295106,0.022222597828092782
2021-02-26,45.684871673583984,47.0251444316018,45.29203097880304,46.87108931479275,6399700,-0.03325170821448453,-0.03381711546239929,47.27633972167969,45.988820266723636,44.229011344909665,45.79156001936605,44.65597435532804,1.135585664038011,0.8521561243940888,0.28342953964392226,59.23816168359332,44.229011344909665,48.98956152715473,39.4684611626646,0.21526821592827466,1.280436678962765,4171900.0,1.534001294374266,0.22666761479456454,0.023935946576767796
2021-03-01,47.40258026123047,47.964878951134914,46.655414839816416,47.10217439358973,4083800,0.0375990678034388,0.03690945560357824,47.237318420410155,46.29917106628418,44.62225151062012,46.039409287345194,44.85942664465415,1.1799826426910442,0.91772142805348,0.26226121463756424,64.40647510764907,44.62225151062012,49.03800282920675,40.20650019203349,0.19791701086780342,1.386158880320507,3931320.0,1.0387859548446832,0.5705886929240436,0.021778882650042346
2021-03-02,48.319210052490234,49.32826842945516,47.602856148096976,47.91866786327571,7316000,0.019337128616381705,0.019152542131092035,47.43647232055664,46.655477142333986,45.02894687652588,46.390147866598284,45.115706897086454,1.2744409695118293,0.9890653363451498,0.28537563316667947,69.6532915107449,45.02894687652588,49.216460878774825,40.84143287427693,0.18599209143094336,1.4614030921701229,4090705.0,1.7884447790784228,0.4151783941618795,0.021839218214427893
2021-03-03,47.9494743347168,48.827584719866046,47.764607598621495,48.14204250473574,5390300,-0.007651940447117922,-0.007681366751754877,47.322471618652344,46.990807723999026,45.34630718231201,46.63004424630883,45.32561559617019,1.3044286501386395,1.052137999103848,0.25229065103479154,65.70457512595976,45.34630718231201,49.40029941748977,41.29231494713425,0.178801427815453,1.433941892870935,4098745.0,1.3151098689964855,0.1739141235135103,0.021274159766267495
2021-03-04,47.140682220458984,48.23446786754056,46.28567919129586,47.80311710569732,6050400,-0.01686759084389422,-0.017011468866289514,47.299363708496095,47.31991539001465,45.59504108428955,46.70860393463962,45.46006497574713,1.248538958892489,1.0914181910615761,0.15712076783091278,61.79572623575852,45.59504108428955,49.432080388934814,41.75800177964428,0.16830950091927324,1.5051226277808765,4202055.0,1.4398669222558962,0.4387356285461136,0.021885209938496065
2021-03-05,48.457855224609375,48.557991497905384,46.7940663175207,47.84933908910174,3883800,0.027941322486392473,0.02755808611049597,47.85396041870117,47.56515007019043,45.871924209594724,46.97771951771188,45.68212351269989,1.2955960050119941,1.1322537538516597,0.1633422511603344,64.29466038970847,45.871924209594724,49.69543158788165,42.0484168313078,0.16670359677160387,1.5862250498195947,4180635.0,0.9289976283507171,0.9432309919707134,0.022288822235411586
2021-03-08,48.86609649658203,49.5054212764886,48.14974268765497,48.65812252576221,4437600,0.008424666549528448,0.008389377108946421,48.146663665771484,47.69199104309082,46.13493824005127,47.268239052922674,45.917973363357824,1.35026568956485,1.1758561409942978,0.17440954857055213,64.1743871217284,46.13493824005127,50.02521043573045,42.24466604437209,0.16864755190251482,1.6174899640578768,4215890.0,1.0525891330181765,0.5284097643374938,0.02218038209338683
2021-03-09,47.957176208496094,49.07407219252138,47.68758194333974,49.04326057983005,5823200,-0.018600222920394538,-0.01877538247165689,48.074256896972656,47.75536460876465,46.34831638336182,47.37422938454936,46.06902542596066,1.3052039585886988,1.2017257045131782,0.10347825407552058,61.022057425366036,46.34831638336182,50.14077058279821,42.55586218392543,0.16365013857538144,1.645785824085787,4379890.0,1.3295311069456082,0.19444367774749585,0.022841042793249222
2021-03-10,49.36677169799805,49.651774696310724,48.041904727874034,48.23447289185758,4238500,0.02939279584297605,0.028969109808080273,48.3577163696289,47.840093994140624,46.66074161529541,47.68077435584916,46.31330292759306,1.3674714282561027,1.2348748492617632,0.13259657899433952,67.33892798484649,46.66074161529541,50.36119764409668,42.96028558649414,0.15861111078389972,1.681669313164653,4381340.0,0.9673981019505448,0.8229652008360094,0.023053320381468612
2021-03-11,49.5439338684082,50.27569049468642,49.46690778301791,49.55163823996132,3651800,0.003588692643180069,0.003582268650306284,48.83836669921875,48.06886520385742,46.94126873016357,47.96741428085824,46.55260892320899,1.41480535764925,1.2708609509392605,0.14394440670998954,62.69980161202212,46.94126873016357,50.621771569413355,43.26076589091379,0.15681309597346957,1.5849809885814987,4391280.0,0.8316026306680512,0.09523705604317273,0.022892290393503555
2021-03-12,49.55933380126953,50.10623249160974,49.20501206643321,49.82122952815065,2690800,0.0003108338732695781,0.0003107855744295434,49.05866241455078,48.45631141662598,47.22256584167481,48.212324976306135,46.775329284546814,1.4369956917593214,1.3040878991032727,0.13290779265604868,57.93915998063356,47.22256584167481,50.79345276893306,43.65167891441656,0.15123646348360323,1.5209349870258302,4409495.0,0.6102286089450153,0.39315767930508166,0.022887911539895823
2021-03-15,48.450157165527344,49.52083581822572,48.10353384024724,49.351374872898255,5353300,-0.022380781795613536,-0.022635032201991256,48.97547454833985,48.561069107055665,47.43012008666992,48.24891454387863,46.899390609063886,1.3495239348147408,1.3131751062455665,0.03634882856917421,54.27136768452253,47.43012008666992,50.75995173569039,44.10028843764945,0.14041000288153635,1.5454749695325478,4578405.0,1.1692499898982287,0.24456561002535515,0.02375756185589411
2021-03-16,48.66582107543945,49.166499419921735,47.6490615208706,48.28838622428804,6461600,0.0044512530511573445,0.004441375525026478,49.11720352172851,48.595730209350585,47.625603675842285,48.313054010272594,47.030237310276895,1.2828166999956991,1.307103424995593,-0.024286724999893927,50.59933478416417,47.625603675842285,50.74699033805812,44.50421701362645,0.1310801930600675,1.5430205609007328,4697850.0,1.3754377002245708,0.6700501868999962,0.02372144822203378
2021-03-17,50.84569549560547,51.0305592723955,48.66582264759605,48.89690383776196,5138900,0.04479271842114563,0.043818510163853804,49.41298828125,48.885352325439456,47.93808002471924,48.70269116186227,47.312863842523456,1.3898273193388135,1.3236482038642372,0.06617911547457633,63.67374448194595,47.93808002471924,51.033686227810044,44.84247382162844,0.12915019548111045,1.609318558629358,4790905.0,1.0726365895378849,0.9218247884057882,0.025273766462516622
2021-03-18,49.85204315185547,51.816234737686635,49.7827155626047,50.884205605500206,4203500,-0.01954250667759827,-0.019735986327888602,49.47461013793945,49.1564884185791,48.23820190429687,48.87951454493815,47.50095119877027,1.37856334616788,1.3346312323249658,0.04393211384291407,66.60528603102594,48.23820190429687,50.77900007709488,45.697403731498866,0.10534381765882866,1.614270585961125,4845450.0,0.8675148850983913,0.034092419564743466,0.025418940747320075
2021-03-19,49.228126525878906,49.913671674628304,48.26528568243866,49.85204845023674,6445800,-0.012515367205232386,-0.012594344054762651,49.40836868286133,49.23351554870605,48.39933280944824,48.93314715739057,47.628890111889426,1.3042570455011457,1.328556394960202,-0.024299349459056208,57.96907992459818,48.39933280944824,50.74521969765214,46.05344592124434,0.09693881101377287,1.5691547798638905,4965885.0,1.298016365662918,0.5841112713655969,0.0236830817933174
2021-03-22,48.92000961303711,49.143389363475194,48.06500952881513,49.143389363475194,4631100,-0.006258960772757005,-0.006278630184068325,49.50233917236328,49.23890686035156,48.46544895172119,48.931125996720816,47.72452859345592,1.2065974032648938,1.3041645966211404,-0.09756719335624653,52.76983055592878,48.46544895172119,50.79065052578521,46.140247377657175,0.09595295718317867,1.5146854104952538,4913810.0,0.9424662329231289,0.7928561429034306,0.02261065807064784
2021-03-23,46.794063568115234,48.28685175482526,46.524469315493576,48.272985648251726,5523500,-0.04345759663046578,-0.0444301592814917,49.127987670898435,49.122595596313474,48.43898010253906,48.60234716155073,47.6556052582455,0.9467419033052309,1.2326800579579587,-0.28593815465272776,45.415630121552,48.43898010253906,50.830038231025085,46.04792197405304,0.09872454471272771,1.6098684945166097,4982625.0,1.1085522189608892,0.15297148057953716,0.024729550393772157
2021-03-24,47.78772735595703,48.85070175191328,47.29706276116397,47.44880542823967,4322600,0.021234825789288037,0.021012508613426045,48.51639404296875,48.964691162109375,48.402392578125,48.47702103761324,47.665392080298204,0.8116289573150368,1.1484698378293743,-0.33684088051433747,52.530188057239094,48.402392578125,50.81059708247664,45.994188073773365,0.09950766381908163,1.6175720307704202,4965325.0,0.870557314979382,0.31581634765631966,0.024525609287129133
2021-03-25,48.71204376220703,48.76596261273071,47.17919989320778,47.348660816771904,3921200,0.019342129399982477,0.019157448036306028,48.288394165039065,48.88150215148926,48.47518367767334,48.51317837985844,47.74292183451367,0.7702565453447647,1.0728271793324524,-0.3025706339876877,51.02547923617694,48.47518367767334,50.824812445394215,46.12555490995247,0.09694151066427265,1.604917569280295,4998370.0,0.7844957456130699,0.9660195821842309,0.024132254602096906
2021-03-26,49.28975296020508,49.40529210592801,48.59650633243844,48.82758756224156,4256300,0.011859678908530125,0.011789904046465101,48.3007194519043,48.85454406738281,48.65542774200439,48.632651392219465,47.857501917898226,0.775149474321239,1.0132916383302097,-0.2381421640089707,51.68611244798222,48.65542774200439,50.62634852469669,46.684506959312095,0.08101545394454703,1.56585379675572,4891200.0,0.8701954530585542,0.8571449225721665,0.022752990993354646
2021-03-29,49.220428466796875,50.160162134701466,48.91231820042765,49.00475010499551,3193700,-0.001406468672386585,-0.0014074586778330988,48.36080322265625,48.93157119750977,48.74632015228271,48.72307863446215,47.95845944003887,0.7646191944232754,0.9635571495488229,-0.19893795512554746,55.387684047832096,48.74632015228271,50.64012622690657,46.85251407765886,0.07770047333655684,1.5559504885480184,4846695.0,0.6589438782510556,0.2469141015453909,0.021354693135942324
2021-03-30,49.767311096191406,49.905960393521035,48.896902271479064,49.08176898070413,2605100,0.011110887215527665,0.011049614751368038,48.95545272827148,49.04172019958496,48.818725204467775,48.883729782420495,48.092448451605726,0.791281330814769,0.9291019858020121,-0.13782065498724305,51.84396727190346,48.818725204467775,50.754049549263264,46.883400859672285,0.0792861483658067,1.506983319564257,4611150.0,0.5649566810882318,0.8625953223834071,0.021082700514264627
2021-03-31,49.25123596191406,50.03691447779683,48.92001846193337,49.50542442797064,3643800,-0.010369761253121834,-0.010423901835859803,49.24815444946289,48.88227424621582,48.883813285827635,48.94026919465028,48.17828456348042,0.7619846311698595,0.8956785148755816,-0.1336938837057221,48.693280071554625,48.883813285827635,50.78327419726888,46.98435237438639,0.07771328723211272,1.5218388352196202,4523825.0,0.8054688233961305,0.2965517759136397,0.02115470959661506
2021-04-01,49.759613037109375,49.85204787262573,48.89690847412262,49.258937567335764,3698900,0.010322118120821067,0.01026920883867485,49.45766830444336,48.87303123474121,49.01475982666015,49.06632209349014,48.29542000597145,0.7709020875186923,0.8707232294042038,-0.0998211418855115,50.85642884407716,49.01475982666015,50.76334422819395,47.266175425126356,0.07134929999525187,1.5256901904572335,4406250.0,0.8394666666666667,0.9032237130062297,0.02077897973464519
2021-04-05,49.75190734863281,50.23718287636165,49.49001747000333,50.06772195408897,4077900,-0.0001548582878009297,-0.00015487027958361395,49.5500991821289,48.9254093170166,49.07946243286133,49.17179674812748,48.4033079572797,0.7684887908477762,0.8502763416929184,-0.08178755084514222,56.145418606510674,49.07946243286133,50.8370244633603,47.32190040236235,0.07162107909813585,1.475073436552664,4415955.0,0.9234469101247635,0.3505112427525511,0.019930172266244696
2021-04-06,49.759613037109375,50.36812914831874,49.39758394389623,49.48231440727437,3420300,0.00015488227260451737,0.00015487027958365537,49.657936096191406,49.009369659423825,49.124138259887694,49.262230023355464,48.50377500023004,0.7584550231254212,0.8319120779794189,-0.07345705485399767,55.26708992321938,49.124138259887694,50.904145747381136,47.34413077239425,0.0724697694675657,1.4360096726506195,4365090.0,0.7835577273320825,0.37301620556499226,0.019864781822657423
2021-04-07,49.28975296020508,50.04461987801917,49.03556155057156,49.67488638430545,2374000,-0.009442599092438386,-0.009487463076350146,49.56242446899414,49.25893859863281,49.19076709747314,49.26646432133233,48.56199558985782,0.7044687314745062,0.8064234086784364,-0.10195467720393026,41.03022420865915,49.19076709747314,50.88452445121247,47.49700974373381,0.06886484816888878,1.3391753962571598,4192630.0,0.5662316970493461,0.25190952812152706,0.019488932363149965
2021-04-08,48.67353057861328,49.32055976047095,48.23447537717671,49.18961481262646,3638900,-0.0125020383463742,-0.012580846357217514,49.44688339233399,49.34751892089844,49.156105041503906,49.17524374552939,48.570257440876745,0.6049863046526482,0.7661359878732789,-0.1611496832206306,42.896951303628086,49.156105041503906,50.863019352426264,47.44919073058155,0.06944872094650953,1.2715014825580389,4162650.0,0.8741787082747768,0.40425514273790414,0.018568740797366853
2021-04-09,48.63501739501953,48.95853345421906,48.17285495428551,48.67353044202118,3721000,-0.0007912551881057439,-0.0007915683957210952,49.221964263916014,49.33981628417969,49.110659217834474,49.0921319992971,48.57505447451695,0.5170775247801487,0.7163242952546529,-0.19924677047450423,46.15384615384615,49.110659217834474,50.822488518627885,47.39882991704106,0.06971314692398846,1.2098795188254603,4166110.0,0.893159326085965,0.5882335266788825,0.018543256444925375
2021-04-12,49.13569259643555,49.41299121802027,48.75825770853259,48.9893389137342,3143800,0.010294541427825044,0.010241913514876128,49.09872131347656,49.32441024780273,49.089477157592775,49.09883362962609,48.616583224288696,0.48225040533739616,0.6695095172712017,-0.1872591119338055,51.36456795760814,49.089477157592775,50.788365467865574,47.390588847319975,0.06921598715825919,1.182369292106672,4188760.0,0.7505323771235402,0.5764710018181086,0.018707316482090258
2021-04-13,48.76596450805664,49.05096457738097,48.103529532040284,48.981639918533745,4471600,-0.0075246336998967545,-0.00755308657757159,48.89999160766602,49.27896385192871,49.10526752471924,49.04762299553848,48.6276485045678,0.41997449097068085,0.6196025120110975,-0.19962802104041666,66.04016791035514,49.10526752471924,50.784897543471054,47.42563750596742,0.06840936231154028,1.0849852040246526,4144675.0,1.0788783197717553,0.6991877409245276,0.018066847591430485
2021-04-14,49.4823112487793,49.89825916698151,48.804473461735135,48.98163581096419,4234400,0.014689481648708202,0.014582636277662504,48.93850326538086,49.2504638671875,49.14609203338623,49.11449811142168,48.690956855990876,0.42354125543080556,0.5803902606950392,-0.15684900526423362,64.4356473480784,49.14609203338623,50.82043160325902,47.47175246351345,0.06813724146104486,1.0189606665337116,4033315.0,1.0498560117422022,0.6197171690905457,0.018328449543337334
2021-04-15,49.73650360107422,50.006097846865885,49.14339332197565,49.975286236387724,2632500,0.005137034747971558,0.005123885198872301,49.15109786987305,49.298990631103514,49.09063243865967,49.21019126367592,48.768404763034084,0.44178650064183245,0.5526695086843979,-0.11088300804256546,59.85186761264005,49.09063243865967,50.59253511158218,47.588729765737156,0.061188972246352204,0.9672422240599475,3907995.0,0.6736190808841874,0.6875010564005349,0.0152224556101403
2021-04-16,49.82123947143555,50.46056723568413,49.497726341351125,50.275697552737796,3698800,0.001703695761185342,0.0017022461178292797,49.38834228515625,49.30515327453613,49.08909225463867,49.30419868025432,48.84639251921197,0.45780616104235605,0.5336968391559895,-0.07589067811363348,55.646489535882765,49.08909225463867,50.587766981733935,47.59041752754341,0.06105937829614872,0.9782461612630498,3882760.0,0.9526213312179995,0.33599853166659,0.01458779926637264
2021-04-19,49.721099853515625,50.09853179093876,49.25123014793839,49.913668008057954,2566600,-0.002009978454617478,-0.0020120011721784462,49.50542373657227,49.302072525024414,49.11374092102051,49.36833732229452,48.91118565508631,0.45715166720821543,0.5183878047664348,-0.06123613755821933,55.284510290557876,49.11374092102051,50.63804059767155,47.58944124436947,0.062072228588828396,0.9496359976006608,3688800.0,0.695781826068098,0.5545483168991678,0.014296969696417071
2021-04-20,48.12663269042969,49.3359634007212,47.9725775795732,49.29744741923945,4532200,-0.032068219886193794,-0.03259366927808898,49.377557373046876,49.13877449035645,49.07407207489014,49.17730584046917,48.853070620667296,0.32423521980187076,0.47955728777352197,-0.1553220679716512,35.818920152251735,49.07407207489014,50.65966202900309,47.48848212077719,0.0646202724605057,1.0024548655935506,3683855.0,1.2302872941524572,0.11299450774457007,0.016010435907165887
2021-04-21,49.929073333740234,50.08312551427589,48.04575692462895,48.111229395192304,4283500,0.03745204146952452,0.03676774696468901,49.46690979003906,49.202706527709964,49.23082256317139,49.292962377895485,48.93277452533937,0.3601878525561162,0.4556834007300408,-0.09549554817392464,54.793005579805026,49.23082256317139,50.44331262280854,48.01833250353423,0.049257355311556165,1.0682029065780851,3621855.0,1.1826812503537552,0.9243866865512931,0.014813594060849205
2021-04-22,46.932716369628906,49.335969336055676,46.77095980603014,49.29745334994028,12028900,-0.060012268685277204,-0.06188845559611095,48.90615234375,49.028625106811525,49.18807201385498,48.92984760739294,48.784622069360815,0.1452255380321219,0.39359182819045707,-0.24836629015833517,35.213567568473565,49.18807201385498,50.64953082345808,47.726613204251876,0.05942330120975049,1.2255582015214408,4007170.0,3.00184419428175,0.06306275320798779,0.01991365618743619
2021-04-23,47.841636657714844,48.13434109905537,46.56298412557309,47.063659604901865,5682300,0.01936645390238101,0.019181310693871616,48.51023178100586,48.949287033081056,49.14455165863037,48.762430538211696,48.71477129812778,0.04765924008391664,0.324405310569149,-0.27674607048523236,40.86895254960968,49.14455165863037,50.71357741356377,47.57552590369697,0.06385349756905798,1.284429027744581,4095225.0,1.3875428090031683,0.8137250450296382,0.019914946077912332
2021-04-26,47.91096496582031,48.38853324138336,47.70299097363383,48.03420848655779,4871600,0.0014491207439553122,0.0014480717817496778,48.1482048034668,48.82681427001953,49.075612258911136,48.63143583476687,48.65523008832722,-0.023794253560353695,0.25476539774324847,-0.27855965130360216,41.21525889510053,49.075612258911136,50.73626200729509,47.41496251052718,0.06767718921662207,1.2640716751250822,4125990.0,1.1807105688574135,0.30337150448140293,0.019704062564517684
2021-04-27,48.25758361816406,48.41163580041642,47.541229804933906,47.96487918284194,3781300,0.0072346414352335575,0.007208596956421647,48.17439498901367,48.77597618103027,49.02747001647949,48.57392010913567,48.62577479424106,-0.05185468510538982,0.19344138117352078,-0.2452960662789106,45.03702008068372,49.02747001647949,50.72584039020935,47.32909964274963,0.06928239915945036,1.2541679371275751,4155370.0,0.9099791354319832,0.8230111105828622,0.01979452170356033
2021-04-28,48.76596450805664,49.347521205144076,48.29609770235401,48.550286159222445,5584300,0.010534735719780697,0.010479632055282276,47.94177322387695,48.70434150695801,48.977402687072754,48.603465401277354,48.63615921748666,-0.032693816209302895,0.14821434169695605,-0.18090815790625894,50.449107623097305,48.977402687072754,50.64265624503501,47.312149129110495,0.06800089292614904,1.2544431659622732,4304330.0,1.2973679992008047,0.44688634026814517,0.019776689315681575
2021-04-29,49.34366226196289,49.82893777469536,48.86224481179229,49.15879847824819,4366000,0.011846330934576432,0.011776712432773229,48.42396240234375,48.66505737304688,48.98202400207519,48.71734184138282,48.68856685041083,0.02877499097198921,0.12432647155196268,-0.09555148057997347,53.27166666607962,48.98202400207519,50.65098611202917,47.31306189212121,0.06814590225521398,1.2742499350126428,4340440.0,1.0058888039000655,0.4980044995308688,0.01983629805394636
2021-04-30,48.14204406738281,49.074073335321614,47.98798893869575,48.873803724878464,4932300,-0.024352026977664365,-0.02465344100969386,48.48404388427734,48.4971378326416,48.90114555358887,48.62883449153666,48.64808368129764,-0.01924918976098411,0.09561133928937332,-0.11486052905035743,45.691392842669394,48.90114555358887,50.568220464663185,47.23407064251455,0.06818142569880835,1.3155141850316718,4402110.0,1.120439970832169,0.14184452676718295,0.020419480121536937
2021-05-03,49.721099853515625,50.09468254346485,48.61960683610809,48.66582425100671,6327800,0.03279993229873379,0.03227349499910628,48.84607086181641,48.4971378326416,48.899605178833006,48.7968753164565,48.7275663607212,0.06930895573530194,0.09035086257855905,-0.021041906843257116,53.74848081902082,48.899605178833006,50.56342393622331,47.235786421442704,0.06805039637050132,1.3812624287235842,4514605.0,1.4016287139184935,0.7467365942280847,0.02181164707423563
2021-05-04,51.007469177246094,51.04597929379984,49.14340734828117,49.490030719200035,7367200,0.02587169888679597,0.025542689111259773,49.39604797363281,48.78522148132324,48.961997985839844,49.136966679654904,48.89644805083415,0.2405186288207517,0.12038441582699759,0.12013421299375411,55.729230106089574,48.961997985839844,50.84124816918108,47.08274780249861,0.07676362324448961,1.4362822349088553,4711950.0,1.563514044079415,0.9797589119076201,0.022554356056536495
2021-05-05,52.432456970214844,52.559552657628096,50.94583057962702,51.2154248210883,7467100,0.027936845641509,0.027553730944948826,50.129346466064455,49.035559844970706,49.119133186340335,49.64396518589489,49.15837463745495,0.4855905484399443,0.19342564234958698,0.29216490609035733,59.30851302033804,49.119133186340335,51.556467526592755,46.681798846087915,0.09924174887232026,1.489926345845344,4966605.0,1.5034616201610558,0.921240653295707,0.023142344731099787
2021-05-06,53.179622650146484,53.218132755306634,51.73921072808343,52.39394128294345,4670600,0.014250060422613453,0.014149482678106182,50.89653854370117,49.66025047302246,49.344437789916995,50.18791248808745,49.45624486061729,0.7316676274701592,0.3010740393737015,0.43059358809645776,61.08849586502056,49.344437789916995,52.37034743037872,46.31852814945527,0.12264440638049133,1.5267892839089297,5018190.0,0.9307339897453065,0.9739606861004957,0.02295004249840104
2021-05-07,53.179622650146484,53.395298044527316,52.20907749871899,52.64813265919818,5174900,0.0,0.0,51.90405426025391,50.19404907226563,49.57166805267334,50.64817558994269,49.732050622804636,0.9161249671380531,0.4240842249265719,0.49204074221148125,61.49514433608999,49.57166805267334,53.02555395705553,46.11778214829115,0.13934919037673682,1.5509977769666408,5090885.0,1.0165030245232411,0.8181827120388555,0.02294077563599598
2021-05-10,52.94084548950195,54.38125168373735,52.886926635333474,53.72652106120177,5039000,-0.0044900123157205485,-0.004500122696191036,52.548003387451175,50.69703712463379,49.76192569732666,51.000894036028726,49.96973913144888,1.031154904579843,0.5454983608572261,0.4856565437226168,67.58588610909288,49.76192569732666,53.5204704834105,46.00338091124282,0.1510610666052161,1.5328408322853153,5185645.0,0.9717209720295161,0.036082413170579856,0.022990179991994916
2021-05-11,52.81760025024414,53.07179165861614,51.762324506730195,52.25529857809224,5693400,-0.002327980184643086,-0.0023306941433593495,52.910029602050784,51.153038787841794,49.964507484436034,51.280387299754175,50.1806918069152,1.0996954928389755,0.656337787253576,0.44335770558539944,62.02698761929147,49.964507484436034,53.92818601224691,46.000828956625156,0.15865976579657332,1.480847872445244,5246735.0,1.0851319916100204,0.8058817924033277,0.022882297465547055
2021-05-12,52.07042694091797,53.22583584882316,51.91637477054938,52.956241612321335,4886200,-0.014146294147900362,-0.014247306734373709,52.837623596191406,51.48348503112793,50.09391326904297,51.401931859933214,50.3206721872117,1.0812596727215151,0.7413221643471639,0.3399375083743512,76.32202292725943,50.09391326904297,54.15900255781184,46.028823980274105,0.16229873146209203,1.3488012689140787,5279325.0,0.9255349879009154,0.11764547396491877,0.02309738010211945
2021-05-13,52.44015884399414,52.84069800126995,51.8547500356248,51.962587727072645,3068400,0.0071006120901542236,0.007075521446729249,52.68973083496094,51.793134689331055,50.229096031188966,51.56165908825027,50.47767119882521,1.0839878894250603,0.8098553093627433,0.274132580062317,74.93735020213015,50.229096031188966,54.42195100478125,46.03624105759668,0.1669492507286532,1.3069863397828552,5301120.0,0.5788210793190873,0.5937522291541633,0.023111966157087476
2021-05-14,53.78814697265625,53.949903543235564,52.66354947478486,52.76368281560596,4817200,0.025705264026226082,0.025380438448531835,52.81143569946289,52.357744979858396,50.42744140625,51.90419568585119,50.72289162651641,1.181304059334785,0.8841450593571518,0.2971589999776332,77.98975365162416,50.42744140625,54.90472523546603,45.95015757703396,0.17757330946642547,1.3658579420322765,5357040.0,0.899227931842958,0.8742519005543677,0.023662770245533638
2021-05-17,54.62002944946289,54.75097437281098,53.51083509471861,53.59556554552342,3607500,0.015465906963285647,0.015347528814250984,53.14727249145508,52.84763793945312,50.67238788604736,52.322016264868374,51.011568502290224,1.3104477625781499,0.9694056000013515,0.3410421625767984,78.96214118938991,50.67238788604736,55.50860509780389,45.836170674290834,0.19088175685078299,1.392267462218695,5409085.0,0.6669335016920607,0.8944111080058488,0.023747512400795933
2021-05-18,53.55705642700195,54.9820596544991,53.54165355975241,54.6893581630463,3523800,-0.019461231221862496,-0.01965309432309176,53.29516372680664,53.10259666442871,50.943909072875975,52.51202244365816,51.200123163379985,1.3118992802781761,1.0379043360567164,0.27399494422145976,70.76103084112891,50.943909072875975,55.78808524733864,46.09973289841331,0.19017685382301563,1.4173009270591719,5358665.0,0.6575891570008575,0.010693419861789715,0.022863183119687835
2021-05-19,52.80219650268555,53.07949514780038,51.81624249965816,52.76368051658623,4398500,-0.014094499860074938,-0.014194770615683416,53.44151763916015,53.13957061767578,51.08756523132324,52.55666460658545,51.318795262587805,1.2378693439976445,1.0778973376449021,0.15997200635274234,64.76009317427457,51.08756523132324,55.97523612430576,46.19989433834072,0.19134483590483384,1.4657181171095341,5364415.0,0.8199402917186683,0.7804883660228058,0.021972949828477716
2021-05-20,52.57881546020508,52.933140192367865,52.27070520888962,52.732867647505685,3126500,-0.004230525570448673,-0.004239499562494664,53.46924896240235,53.07948989868164,51.36987018585205,52.560072430219236,51.41213009204094,1.1479423381782965,1.091906337751581,0.056036000426715527,70.65999477759482,51.36987018585205,55.885141082559514,46.85459928914459,0.175794522367745,1.4162010928388986,4919295.0,0.6355585505646643,0.46511771622701076,0.016376774747045273
2021-05-21,53.01787567138672,53.610983112959694,52.80220023808746,52.902333581629314,3855700,0.008350515456437835,0.008315842791600971,53.31519470214844,53.06331520080566,51.628682136535645,52.630503698091154,51.53107420902952,1.0994294890616345,1.0934109680135917,0.006018521048042791,67.17500969811825,51.628682136535645,55.87799802625749,47.3793662468138,0.16461066654710382,1.35045317688694,4827965.0,0.7986180512907612,0.2666666633695283,0.01607985148449048
2021-05-24,53.57246398925781,53.92678869532093,53.22198853074369,53.603269723077375,3420100,0.01046040247460156,0.01040607102209833,53.105681610107425,53.12647705078125,51.91175708770752,52.77542066596295,51.68228826682421,1.0931323991387387,1.0933552542386211,-0.00022285509988240193,64.46564721270846,51.91175708770752,55.86206672621687,47.961447449198175,0.15219325486652663,1.2794775396309075,4755390.0,0.7192049442842753,0.4972692561041854,0.016093334706633586
2021-05-25,53.179622650146484,54.26570399376818,53.117999429833745,53.503135741717735,4419400,-0.007332896601322969,-0.007359914448017473,53.03019485473633,53.162679290771486,52.15785903930664,52.83760558660657,51.79320192484808,1.0444036617584942,1.0835649357425958,-0.03916127398410163,54.76893904162988,52.15785903930664,55.74633974898574,48.56937832962755,0.13760076720076966,1.2461905743404331,4787295.0,0.9231518007559593,0.05369258057540867,0.01634893452660538
2021-05-26,53.58786392211914,53.641782768421926,52.5402927281963,53.0178638502449,6059200,0.0076766485286734465,0.007647332996793869,53.18732833862305,53.3144229888916,52.39895401000977,52.9530299459162,51.926139850571865,1.026890095344335,1.0722299676629437,-0.0453398723186087,52.72351735784867,52.39895401000977,55.66098761284221,49.13692040717732,0.12450758472046217,1.219231146697749,4811040.0,1.2594366290864345,0.951049166270961,0.016310403388170046
2021-05-27,53.424461364746094,54.43598993322942,53.097654164781446,53.9380053593573,6256600,-0.0030492455831142573,-0.0030539040046183535,53.35645751953125,53.4128532409668,52.602993965148926,53.025557856505415,52.03712662939958,0.9884312271058349,1.055470219551522,-0.06703899244568712,51.59855086108002,52.602993965148926,55.55625485428254,49.64973307601531,0.11228489736117458,1.2300965197434384,4905570.0,1.275407343081436,0.24418924251105023,0.016314272513577116
2021-05-28,53.23772430419922,53.82130066047969,52.6852727326272,53.75127434721996,3815200,-0.0034953475575909554,-0.003501470557036307,53.40042724609375,53.357810974121094,52.857777976989745,53.058198848458304,52.12605979049585,0.932139057962452,1.030803987233708,-0.09866492927125603,51.951582204679774,52.857777976989745,54.94194499149889,50.773610962480596,0.07885942596438451,1.2045038682754827,4849715.0,0.7866854031628663,0.4863010434552824,0.015014200154723979
2021-06-01,54.78614807128906,54.879516483675665,53.57230528225512,53.821297609361636,4139100,0.02908508557282019,0.028670141064985295,53.6431640625,53.37442283630371,53.111030387878415,53.324037190432264,52.32310336685091,1.0009338235813559,1.0248299545032376,-0.023896130921881698,60.89849321878761,53.111030387878415,54.779937914794516,51.442122860962314,0.0628459856541212,1.2282413702462327,4740280.0,0.8731762680685529,0.9285743408785947,0.014673236845936915
2021-06-02,53.65011215209961,54.716113664151656,53.580085845575844,54.716113664151656,4797800,-0.020735823911387508,-0.02095383006550085,53.73726196289063,53.383728408813475,53.24316253662109,53.37420256915032,52.42140031390637,0.9528022552439523,1.0104244146513806,-0.05762215940742821,58.38461024485358,53.24316253662109,54.6001258546413,51.886199218600886,0.05097230342344429,1.2208557379204785,4611810.0,1.0403290681966517,0.061641365433410075,0.014877546588607625
2021-06-03,54.9417724609375,55.0117987783991,53.25407053462807,53.96136246135281,4322500,0.024075631103547268,0.023790382389469237,54.008043670654295,53.597686004638675,53.368628311157224,53.61536716788681,52.60809454701979,1.0072726208670204,1.0097940558945084,-0.002521435027488028,62.09435018016586,53.368628311157224,54.86666975662663,51.87058686568782,0.05613940222466705,1.2759829006437553,4454580.0,0.9703496176968424,0.9601608910186415,0.01455343280675602
2021-06-04,54.755027770996094,55.354163566492744,54.37375360105239,55.24522978549335,3041900,-0.0033989564147057783,-0.0034047459897918937,54.274156951904295,53.815307235717775,53.447398567199706,53.790699568365156,52.767126637684704,1.0235729306804515,1.0125498308516971,0.011023099828754379,55.265758091993185,53.447398567199706,55.064536654995024,51.83026047940439,0.060513257189200025,1.2381732768008216,4373145.0,0.6955863571868758,0.38889258523961034,0.014333064980908024
2021-06-07,53.875762939453125,54.8328306938928,53.60342851711506,54.75502170700267,2803900,-0.016058156982777017,-0.016188486301285967,54.401764678955075,53.901095962524415,53.48220558166504,53.803786240840225,52.849247845223104,0.9545383956171207,1.000947543804782,-0.046409148187661176,45.96744023965729,53.48220558166504,55.10503323764311,51.85937792568697,0.0606866391663703,1.2374063409926335,4254595.0,0.6590286502005479,0.22151776307788268,0.014864833587908287
2021-06-08,53.98470687866211,54.24926460766328,53.152138095553696,53.704589723929715,3469400,0.0020221326486162816,0.002020090890399294,54.241476440429686,53.94232025146484,53.53439865112305,53.831620185120514,52.933355921774144,0.8982642633463698,0.9804108877130995,-0.0821466243667297,52.58424510886905,53.53439865112305,55.151049515289145,51.91774778695695,0.06039671332451523,1.2128863708042685,4176115.0,0.8307721410928578,0.7588630539233795,0.014815137941822891
2021-06-09,53.564517974853516,54.08585062356949,53.276624146272795,53.88354252013411,3379200,-0.00778348032440046,-0.007813929711763267,54.22435760498047,53.98080978393555,53.57174453735352,53.79052753738713,52.98010866644669,0.8104188709404383,0.9464124843585672,-0.13599361341812888,54.80080680499074,53.57174453735352,55.15279169206063,51.9906973826464,0.05902541230871103,1.1463444100866187,4060405.0,0.8322322526940047,0.3557642181763715,0.014930969044127355
2021-06-10,52.90313720703125,54.59939928792095,52.87201242413612,54.45934073311555,4022000,-0.01234736711590978,-0.012424229204876498,53.81663055419922,53.912337112426755,53.61338005065918,53.65400594810161,52.97440707686036,0.6795988712412537,0.8930497617351045,-0.2134508904938508,51.93566821409626,53.61338005065918,55.066654677374906,52.160105423943456,0.05421313207048422,1.2224124015370894,4017195.0,1.0011961082297474,0.018018420405690596,0.014841291306290348
2021-06-11,52.91092300415039,53.70458423717655,52.78642386523493,53.27663180415745,2726100,0.0001471708017743989,0.00014715997321437032,53.44780960083008,53.860983276367186,53.636918258666995,53.53968549518604,52.96970455295592,0.5699809422301243,0.8284359978341086,-0.2584550556039843,49.327023382439,53.636918258666995,55.02392191105938,52.24991460627461,0.05171824547053526,1.214269024336161,4000080.0,0.6815113697726045,0.13559628727628661,0.01476960739208908
2021-06-14,52.10169982910156,53.05098504805778,51.84492479057484,52.778650584368556,3712800,-0.015294066500887715,-0.015412227054332085,53.092996978759764,53.74738082885742,53.552595901489255,53.31845693117304,52.905407906744486,0.4130490244285525,0.7453586031529975,-0.332309578724445,41.03288197561645,53.552595901489255,55.09701002511459,52.00818177786392,0.057678403731027665,1.235493826732499,3944860.0,0.9411740847583945,0.21290398618521514,0.013914947767315231
2021-06-15,52.30400466918945,52.46351696514244,51.69708620662714,52.06279500751615,3255000,0.0038828836823263657,0.0038753647466314278,52.756856536865236,53.49916648864746,53.436794662475585,53.162387352406334,52.860859518777445,0.3015278336288887,0.6565924492481758,-0.35506461561928715,44.534450359118836,53.436794662475585,54.99149133804307,51.8820979869081,0.05818824596001543,1.2082599834882752,3927235.0,0.8288274065595769,0.7918764322810429,0.013403292934438147
2021-06-16,51.03569793701172,52.22619876450693,50.73223868778138,52.14060708534493,5428800,-0.024248749980034567,-0.024547591835924882,52.251092529296876,53.23772506713867,53.310726737976076,52.83520436542255,52.72566236457257,0.10954200084997723,0.5471823595685361,-0.4376403587185589,35.61414908810518,53.310726737976076,55.19775048691996,51.42370298903219,0.07079339804233636,1.241851122144164,4022485.0,1.3496134851963402,0.20312406732060406,0.013767861630473773
2021-06-17,49.440589904785156,51.19910166417048,48.49908742353544,51.175753623168724,5696100,-0.03125475102143693,-0.03175360260679928,51.55858306884765,52.68760681152344,53.142646408081056,52.31295598686295,52.48232366384758,-0.16936767698462774,0.4038723522579033,-0.573240029242531,30.664776741478676,53.142646408081056,55.70012932563826,50.585163490523854,0.09624973878486798,1.3391138701575254,4087365.0,1.3935873111405515,0.3487027822272698,0.015018299935999036
2021-06-18,48.22675704956055,49.059325873479736,48.1489480441978,48.67027491021943,8745300,-0.024551342481193283,-0.024857752268400687,50.62174987792969,52.034779739379886,52.92504348754883,51.68430999650873,52.16709650723373,-0.4827865107249991,0.2265405796613228,-0.7093270903863219,27.88473485319119,52.92504348754883,56.295798732501446,49.55428824259621,0.12737845915027446,1.350229151067158,4368305.0,2.001989329957501,0.08546891412044635,0.0157623230126844
2021-06-21,49.10600280761719,49.75883073385472,48.85701048056122,49.1293449107091,5260000,0.018231492471141753,0.01806729156106201,50.02261047363281,51.55780372619629,52.72944984436035,51.28764735206387,51.94034882578065,-0.6527014737167818,0.05069216898570183,-0.7033936427024836,23.357733975269667,52.72944984436035,56.50696708280471,48.951932605916,0.14327922060989892,1.3423921156969958,4438520.0,1.185079711255103,0.27609972540052613,0.016321106680489566
2021-06-22,49.40946578979492,49.65845813584472,48.77142253201446,49.37834100448298,4019100,0.006179753285288081,0.006160736914062999,49.443702697753906,51.10027961730957,52.52129993438721,50.99869634248403,51.752876008300234,-0.7541796658162028,-0.11028219797467914,-0.6438974678415237,28.424490569084483,52.52129993438721,56.55343054227783,48.48916932649659,0.15354268127132434,1.3196044998482128,4468470.0,0.899435377209649,0.71929835491651,0.01615285807139104
2021-06-23,49.13712692260742,50.008597087234264,49.0982194603529,49.79851222581751,3254400,-0.005511876374987068,-0.0055271228157137845,49.063988494873044,50.657540512084964,52.31917514801025,50.712301047118395,51.559116816767435,-0.8468157696490408,-0.2575889123095515,-0.5892268573394893,17.049509332832102,52.31917514801025,56.60938472394584,48.02896557207467,0.16400142256825107,1.2590794557846654,4410220.0,0.7379223712195764,0.042737717490298116,0.016137688199431757
2021-06-24,49.10600280761719,49.666237027604446,48.83366540924664,49.627329564821025,4253700,-0.0006334134073254782,-0.0006336140983491663,48.99707107543945,50.27782707214355,52.09508209228515,50.465178241041286,51.37740466794149,-0.9122264269002045,-0.38851641522768215,-0.5237100116725224,17.356154913755546,52.09508209228515,56.570478406565854,47.61968577800445,0.17181646076889356,1.2485195738501977,4319945.0,0.9846653140259888,0.32710386601536545,0.015931728696339194
2021-06-25,49.24605941772461,49.697356879606815,49.106000868259166,49.21493463601616,4259700,0.0028521280922848558,0.002848068492125382,49.200931549072266,49.91134071350098,51.886161994934085,50.277621498992566,51.2195272419995,-0.9419057430069344,-0.49919428078353273,-0.4427114622234017,20.74733962423322,51.886161994934085,56.488570897728685,47.283753092139484,0.1774040987361508,1.2029448477480484,4220100.0,1.0093836638942204,0.23684302587511033,0.01600934323280572
2021-06-28,48.942604064941406,49.25384300183064,48.374587142878546,49.25384300183064,2727000,-0.006162023040446218,-0.006181086658403998,49.16825180053711,49.59543113708496,51.671405982971194,50.07223420144623,51.05086626592112,-0.978632064474894,-0.5950818375218051,-0.38355022695308894,18.905907787420333,51.671405982971194,56.40717594389838,46.93563602204401,0.18330331334463415,1.1873826582367992,4165690.0,0.6546334460797611,0.6460200518647994,0.016016531879758517
2021-06-29,49.00485610961914,49.65068209560185,48.69361713815031,49.238286080276545,2652900,0.0012719397724554327,0.00127113154233715,49.08732986450195,49.26551628112793,51.382341384887695,49.908022187318984,50.8993099580469,-0.9912877707279151,-0.6743230241630271,-0.31696474656488793,20.58236331847465,51.382341384887695,56.022405119623,46.74227765015239,0.1806092758591191,1.197942549676431,4091380.0,0.6484120272377535,0.3252015088354911,0.014075671690806674
2021-06-30,49.238277435302734,49.50283214712496,48.82588446060613,48.90369344775631,3356500,0.004763228467836944,0.0047519201901743535,49.10755996704101,49.08577423095703,51.16174964904785,49.80498453316264,50.776270511917694,-0.9712859787550556,-0.7337156150814329,-0.23757036367362272,24.973364030474144,51.16174964904785,55.767225134764466,46.55627416333123,0.18003588686112607,1.1229111798717166,4019315.0,0.8350925468643289,0.6091947381124303,0.013771285304606916
2021-07-01,49.40946578979492,50.125318042632365,49.347216219171024,49.96970005251841,3324700,0.0034767332126337536,0.0034707033478302033,49.168252563476564,49.08266181945801,50.885134315490724,49.744135495721444,50.67502571768638,-0.9308902219649369,-0.7731505364581338,-0.15773968550680306,26.611175436951385,50.885134315490724,55.18938011519062,46.580888515790825,0.16917498037887962,1.120688339542289,3969425.0,0.8375772309591439,0.08000183002652014,0.012230028042658736
2021-07-02,49.4172477722168,49.619555917815504,48.86479616455337,49.27719216832473,3172800,0.00015749982918222827,0.00015748742738630212,49.202490234375,49.201710891723636,50.61824531555176,49.69384507672073,50.58185698098493,-0.8880119042642036,-0.7961228100193479,-0.0918890942448557,29.918459665585885,50.61824531555176,54.55872477679569,46.67776585430783,0.15569403627799297,1.0884525892408026,3975970.0,0.7979939486464939,0.7319568882099465,0.012283649734093098
2021-07-06,48.187843322753906,49.37055838085651,47.7793387022373,49.33165388562224,3727000,-0.024878043697004193,-0.025192732418876523,49.0515380859375,49.10989494323731,50.333849334716795,49.46215249918737,50.404522635930775,-0.9423701367434063,-0.8253722753641596,-0.11699786137924673,23.309737323926583,50.333849334716795,54.10165921439269,46.5660394550409,0.14971276504684575,1.1507010400596742,4022125.0,0.9266246076389968,0.25672421189753586,0.012845393371156328
2021-07-07,48.43683624267578,48.62358197758122,47.53735195412338,48.00888085345332,3424300,0.005167131433008176,0.005153827618079482,48.93793411254883,49.01263198852539,50.05645580291748,49.30441153664713,50.25876808828226,-0.9543565516351293,-0.8511691306183535,-0.1031874210167758,30.581354250989065,50.05645580291748,53.49505444832923,46.61785715750574,0.1373888178959458,1.116019900206086,4019870.0,0.8518434675748221,0.828079007987874,0.01296084905567423
2021-07-08,47.78322982788086,48.257872384988836,47.19187378559363,47.464208219234585,4251300,-0.013493994767128425,-0.013585866125048888,48.646924591064455,48.87724227905274,49.76739139556885,49.070383581452326,50.07539488380808,-1.0050113023557543,-0.8819375649658336,-0.12307373738992067,35.588584363106364,49.76739139556885,52.92479554453534,46.60998724660236,0.1268864636231514,1.0120876299523087,4063475.0,1.0462227526931998,0.5547437276890405,0.013080170475638388
2021-07-09,49.08266067504883,49.54173786610164,48.320118334647375,48.4212723950227,5063200,0.02719428661161305,0.026831091838804784,48.581563568115236,48.8749080657959,49.57636756896973,49.07227236508256,50.00185901649258,-0.9295866514100197,-0.891467382254671,-0.03811926915534869,57.33326360789902,49.57636756896973,52.377113968677996,46.77562116926146,0.11298715646368887,1.0454352140689822,4115535.0,1.2302653239493773,0.6242060760535076,0.014873959752107004
2021-07-12,49.19158935546875,49.48726585792698,48.22285062288805,48.67804236335106,3100400,0.002219290456584755,0.0022168314689858396,48.536431884765626,48.86946105957031,49.390400886535645,49.09062882514198,49.941839041601924,-0.8512102164599469,-0.8834159490957262,0.032205732635779305,50.84480779831851,49.390400886535645,51.71178790668705,47.06901386638424,0.09400154598802783,1.0263167534078927,4134250.0,0.7499304589707928,0.7661555302988096,0.01490886868504423
2021-07-13,48.78697967529297,49.557298735430145,48.49130018308975,49.34721090951385,3074500,-0.008225180065884574,-0.008259193498921345,48.65625915527344,48.85389862060547,49.22466487884522,49.043913571319045,49.856293903356814,-0.8123803320377689,-0.8692088256841348,0.056828493646365885,43.97585335401667,49.22466487884522,51.17459528406054,47.2747344736299,0.0792257462804311,1.039099821158617,4102335.0,0.7494512271669671,0.2773732560708684,0.014697634050216409
2021-07-14,48.49129867553711,49.52228404228363,48.37458223091581,48.97372090807501,2571700,-0.006060653922907222,-0.006079094230527808,48.667151641845706,48.80254287719727,49.0340295791626,48.9588958950449,49.75518314574054,-0.7962872506956415,-0.8546245106864361,0.05833725999079453,43.77806851842323,49.0340295791626,50.362997669047246,47.70506148927795,0.05420595049155016,1.0560515486219353,4068170.0,0.6321515570883223,0.10169579105677053,0.014614152143378021
2021-07-15,48.17227554321289,48.80253898111834,48.00109222146075,48.08668388233682,2745800,-0.006578976868795605,-0.006600713727093772,48.74496078491211,48.69594268798828,48.89085845947265,48.83787737937843,49.63793073073849,-0.8000533513600558,-0.84371027882116,0.04365692746110417,41.47722010249439,48.89085845947265,49.88719134477288,47.89452557417243,0.040757430599265176,1.0538283444290626,3934020.0,0.6979628980025521,0.21359287757223824,0.013817322897342929
2021-07-16,46.693878173828125,48.024434235884904,46.53047754157943,47.69763000316531,6961300,-0.030689797247766992,-0.03117059164169217,48.26720428466797,48.4243839263916,48.753522872924805,48.508031347755306,49.41985276355994,-0.9118214158046314,-0.8573325062178543,-0.0544889095867771,31.278489875023723,48.753522872924805,50.119463669512456,47.387582076337154,0.05603454749918079,1.1288599151637635,3997280.0,1.7415092262738663,0.10937440943086683,0.013756515362593154
2021-07-19,44.96650314331055,45.50339230969319,44.39459785291231,45.23883758244172,7815400,-0.03699360811468799,-0.037695229734272015,47.42218704223633,47.979309463500975,48.5905101776123,47.963180854763806,49.08997501391183,-1.1267941591480266,-0.9112248368038888,-0.21556932234413784,25.87344699829775,48.5905101776123,50.76185931713623,46.419161038088376,0.08937338305718626,1.2302902338754578,3950785.0,1.9781891446889668,0.5157901735013398,0.015017253312620686
2021-07-20,45.61232376098633,46.05584152109745,44.84044637369653,45.238835277115,6771700,0.01436226018326403,0.01426009993072296,46.787255859375,47.72175750732422,48.41582622528076,47.6015105326442,48.83237121739883,-1.2308606847546315,-0.9751520063940374,-0.2557086783605941,30.77593847138219,48.41582622528076,50.945176804451584,45.886475646109936,0.10448445379829543,1.2487423903004131,4026370.0,1.6818374863710985,0.6350834809482307,0.014746593797618474
2021-07-21,46.47602462768555,46.72501699017478,45.95080645581679,46.31262394634382,7428300,0.01893569095986214,0.018758642298003433,46.38420104980469,47.5256763458252,48.269154167175294,47.428358854958255,48.65782702556822,-1.2294681706099624,-1.0260152392372226,-0.2034529313727398,35.39099880805102,48.269154167175294,50.89429275900371,45.64401557534688,0.10877085530591721,1.2798670719196719,4196830.0,1.7699787696904568,0.6783919125052629,0.015449961880588142
2021-07-22,47.059593200683594,47.37861479753532,45.12990122848012,45.565639274418686,7111300,0.012556335824179365,0.012478158770869106,46.16166458129883,47.453312683105466,48.1652774810791,47.37162567737754,48.539439334836025,-1.1678136574584883,-1.0543749228814758,-0.11343873457701248,38.091445358156534,48.1652774810791,50.810144553021274,45.52041040913693,0.10982463759213941,1.377129426328641,4389675.0,1.620006036893392,0.8581315069099356,0.015815670858590647
2021-07-23,46.77169418334961,47.68207175775218,46.530481585100375,47.33970807449541,4690500,-0.0061177540593317925,-0.006136544191499723,46.17722778320312,47.222216033935545,48.04856204986572,47.27932852445016,48.40849524954074,-1.1291667250905846,-1.0693332833232976,-0.059833441767287,36.96314197760156,48.04856204986572,50.72447563175302,45.37264846797842,0.1113837113006706,1.4054744562850463,4411515.0,1.0632401793941537,0.2094604503259877,0.015837566161939872
2021-07-26,48.25009536743164,48.27344044178532,46.84173289072052,46.84173289072052,6534300,0.03160888674005591,0.031119609509134304,46.833946228027344,47.12806663513184,47.99876384735107,47.42867726952423,48.396761924940066,-0.9680846554158364,-1.0490835577418054,0.08099890232596896,50.29942009488823,47.99876384735107,50.61729930088828,45.380228393813866,0.10910845378705376,1.3957485411747754,4525245.0,1.44396601730956,0.9836942368759194,0.017544473416000527
2021-07-27,48.203407287597656,48.56911311660175,47.35527620363212,47.86104059462853,3568500,-0.000967626685055234,-0.0009680951379721248,47.35216293334961,47.069709396362306,47.96180400848389,47.54786650307399,48.382439359211006,-0.8345728561370152,-1.0061814174208474,0.17160856128383228,48.85496925976435,47.96180400848389,50.54487364767439,45.37873436929338,0.10771361472281527,1.404863318997046,4567320.0,0.7813115787814298,0.698719134272666,0.01750046976420055
2021-07-28,48.14115524291992,48.47573923844836,47.51089471458893,48.11003342825095,4113600,-0.0012914449036002251,-0.0012922795372360342,47.68518905639648,47.034695053100585,47.91861896514892,47.639141693819525,48.364566461707966,-0.7254247678884411,-0.9500300875143661,0.224605319625925,51.863850033849175,47.91861896514892,50.456753042921555,45.38048488737629,0.10593519314981135,1.3848548951954232,4640355.0,0.886483900477442,0.6532249561594289,0.017495311923681964
2021-07-29,48.709171295166016,48.96594631287159,48.25009111629895,48.58467512639984,3708600,0.011798970119846208,0.01172990500588454,48.01510467529297,47.0883846282959,47.89216365814209,47.80376163248822,48.39009274566782,-0.5863311131796038,-0.8772902926474138,0.2909591794678099,47.894734126001154,47.89216365814209,50.382970700377534,45.40135661590664,0.10401731105802678,1.3181608260333435,4657960.0,0.7961854545766817,0.6413031219889359,0.017681594990481157
2021-07-30,48.36680221557617,49.19547946886349,47.98164269990431,48.62357720483905,4646800,-0.007028842217724596,-0.007053660895274178,48.33412628173828,47.2556770324707,47.84003047943115,47.8903832606556,48.38836752121659,-0.4979842605609903,-0.801429086230129,0.30344482566913866,45.47009499657869,47.84003047943115,50.239077979580486,45.44098297928181,0.10029456403380882,1.3145480784562185,4724065.0,0.9836443825391903,0.31730750159186977,0.01771665951847922
2021-08-02,47.63539505004883,49.47949555866408,47.6120499767241,48.47574348416577,3714500,-0.015122090608086558,-0.015237595348391832,48.211186218261716,47.52256622314453,47.75093784332275,47.85115430517763,48.332591782611566,-0.4814374774339356,-0.7374307644708904,0.2559932870369548,43.89442494969005,47.75093784332275,50.03284833683895,45.46902734980655,0.09557552569976553,1.3717942948561885,4751150.0,0.7818107195100134,0.012501072815982239,0.017995173721883827
2021-08-03,48.42127227783203,48.45239706067567,46.8067105285457,47.58092391861233,4819700,0.016497758168217302,0.016363148641842417,48.25475921630859,47.8034610748291,47.76260929107666,47.938864762509084,48.33916070818346,-0.40029594567437243,-0.6700038007115868,0.2697078550372144,49.64707266607887,47.76260929107666,50.05628645962733,45.468932122525985,0.09604488542794891,1.4073646320534852,4805785.0,1.0028954686903389,0.9810870466234982,0.017561028074052423
2021-08-04,47.45643997192383,48.39794263364015,47.44865729009813,48.04001644346718,3340100,-0.019925794191696933,-0.020126989971595885,48.11781616210938,47.90150260925293,47.71358947753906,47.8646455639575,48.273773986979045,-0.4091284230215422,-0.6178287251735779,0.20870030215203572,46.61274554399828,47.71358947753906,49.98842364646853,45.438755308609586,0.09535372181547315,1.419590934058936,4801575.0,0.6956259144134997,0.008198464030500527,0.01809006491826738
2021-08-05,47.46420669555664,48.08668750119811,47.38639770793493,47.689856915171234,3037100,0.00016366005619916635,0.00016364666535317993,47.8688232421875,47.94196395874023,47.69763832092285,47.80303958420352,48.21380603946628,-0.4107664552627597,-0.5764162711914143,0.16564981592865458,54.23444770398267,47.69763832092285,49.974889113214594,45.4203875286311,0.09548694117598758,1.3523403477467728,4740865.0,0.6406214899601655,0.11110969667006115,0.01784439911780864
2021-08-06,48.2423095703125,48.5302063930975,47.89216318139957,47.93885035599552,3142800,0.016393466338682217,0.016260544204999634,47.84392471313477,48.08902549743652,47.65562076568604,47.87061958206644,48.215917412121556,-0.3452978300551166,-0.5301925829641547,0.18489475290903812,70.10510819162121,47.65562076568604,49.85494881674067,45.45629271463141,0.09230088773235468,1.2642488746485618,4644845.0,0.6766210713166962,0.5487816138554655,0.017121015933403472
2021-08-09,48.102256774902344,48.417387078548906,47.74433063147377,48.024447776147625,3178100,-0.002903111328159569,-0.002907333529511805,47.93729705810547,48.074241638183594,47.60115413665771,47.90625607327197,48.207498105660875,-0.301242032388906,-0.484402472849105,0.18316044046019897,66.29338126084298,47.60115413665771,49.691578941338385,45.51072933197704,0.08783084538997905,1.225510396053863,4648730.0,0.6836490826526815,0.5317921545303828,0.01711299231852886
2021-08-10,49.1137809753418,49.46392735182693,48.19562068510193,48.25787024902043,3560000,0.021028622527482277,0.020810572606906975,48.07579879760742,48.16527900695801,47.61749420166016,48.09202913512887,48.274630170081686,-0.18260103495281754,-0.4240421852698475,0.24144115031702995,66.93310137840783,47.61749420166016,49.751599617329916,45.4833887859904,0.08963535152151512,1.2432944923207299,4673005.0,0.7618224247566608,0.7239260875064726,0.017701171029968932
2021-08-11,49.985260009765625,50.03195015645414,49.191598753411235,49.347216745183985,3583600,0.017744083577303282,0.017588495146327168,48.58156280517578,48.34968948364258,47.692192268371585,48.38329542353452,48.401343491539755,-0.018048068005235507,-0.3428433618169251,0.3247952938116896,68.11184319282088,47.692192268371585,50.04813046721766,45.33625406952551,0.09879764744672818,1.1482556074676684,4723600.0,0.7586586501820646,0.9444397237110038,0.018035164217056154
2021-08-12,49.80630111694336,50.280943720704386,49.25618253869428,50.07863557735231,3581400,-0.0035802333085254157,-0.0035866576822185903,49.049981689453126,48.45940246582031,47.77389354705811,48.60221937636665,48.50541442675483,0.09680494961181552,-0.254913699531177,0.3517186491429925,69.04311406372983,47.77389354705811,50.306630243692055,45.24115685042416,0.10603015616213728,1.1391963938504037,4765380.0,0.7515455220779875,0.5368261235283519,0.01797531103318189
2021-08-13,49.55730438232422,49.876326013239876,49.29274964193883,49.77517491266819,2385600,-0.004999301876172368,-0.005011840191802857,49.31298065185547,48.57845268249512,47.91706485748291,48.749155531129354,48.58333220124145,0.16582332988790682,-0.1707662936473602,0.336589623535267,59.69980938750948,47.91706485748291,50.515616988639955,45.31851272632587,0.10846040503047391,1.0736128304836419,4536595.0,0.5258569477769119,0.45333352901565227,0.016376430170742078
2021-08-16,49.26940155029297,49.48338071439234,48.35124126688529,49.176030173332585,3163400,-0.005809493385881881,-0.005826434135895182,49.546409606933594,48.74185333251953,48.13220977783203,48.82919338023145,48.634152153023045,0.19504122720840655,-0.09760478947620685,0.29264601668461343,57.63656755084596,48.13220977783203,50.39269416763876,45.871725388025304,0.09392813669850768,1.0730575592314493,4303995.0,0.7349915601667752,0.8109957455501563,0.013607896950615546
2021-08-17,48.4835205078125,48.92314692253238,47.57313992816399,48.77919703201331,3974300,-0.015950691864569544,-0.016079273291612274,49.42035751342773,48.748078155517575,48.27576961517334,48.77601293832085,48.62299425337782,0.15301868494302795,-0.047480094592359884,0.20049877953538783,52.22223707856878,48.27576961517334,50.20247425300314,46.34906497734354,0.07982077357599397,1.125301637679274,4164125.0,0.9544141926575211,0.674352486100201,0.014148613426479066
2021-08-18,48.14894485473633,48.888142229609976,48.01666599251408,48.17228696115428,4574000,-0.0069008118546642905,-0.00692473256854076,49.053094482421876,48.81732864379883,48.35941562652588,48.67954092546169,48.587879483108075,0.09166144235361173,-0.019651787203165558,0.11131322955677729,46.25002042750686,48.35941562652588,50.092679995001824,46.62615125804994,0.07168260186854786,1.1286362924752906,4021410.0,1.1374120022579146,0.15178711142507398,0.013806971612968972
2021-08-19,47.11405563354492,47.767661156581646,46.8028167457603,47.495326758742316,3981600,-0.021493497402978012,-0.021727846693358546,48.514645385742185,48.78231353759766,48.362138748168945,48.43869703439757,48.4787073461034,-0.04001031170582792,-0.02372349210369803,-0.016286819602129885,42.32596962916019,48.362138748168945,50.0869551611578,46.63732233518009,0.07132920328318448,1.1380856739050655,3864925.0,1.0301881666526518,0.3225793517256082,0.014500459321420443
2021-08-20,47.37861633300781,47.54979967235695,46.93509856126023,47.00512783933736,3203600,0.0056153242573862006,0.005599617097226813,48.0789077758789,48.695944213867186,48.39248485565186,48.27560769572223,48.39721912291113,-0.12161142718890261,-0.04330107912073895,-0.07831034806816366,48.33160908400969,48.39248485565186,50.01797879389591,46.76699091740781,0.06717960208460771,1.0486039259876898,3790580.0,0.8451477082662812,0.7215177531420159,0.014470541802765866
2021-08-23,48.288997650146484,48.569111798305244,47.82213480010308,47.85325958375052,3439900,0.01921502541863851,0.019032748092320417,47.88282699584961,48.7146183013916,48.394429969787595,48.27766768871057,48.38920271752116,-0.11153502881058586,-0.05694786905870834,-0.054587159751877515,49.154243951411274,48.394429969787595,50.01929947039316,46.76956046918203,0.06715109576122544,1.016090278356794,3635860.0,0.9461035353396445,0.6250029718679799,0.013296991133869424
2021-08-24,49.222721099853516,49.43280895287216,48.60024022140362,48.60024022140362,2896000,0.019336153060617534,0.019151585081452996,48.03066711425781,48.72551231384277,48.44539566040039,48.4230605211941,48.45094481991615,-0.027884298722050005,-0.051135154991376684,0.02325085626932668,61.33860257637186,48.44539566040039,50.10853035096983,46.78226096983096,0.06866017576687453,1.0283185865704922,3602235.0,0.8039453283864045,0.747663042635885,0.013967414015971557
2021-08-25,49.69736099243164,49.938573618300374,48.880354698418294,49.253843205160884,3246700,0.009642699183884273,0.009596505079938264,48.34035034179688,48.696722412109374,48.52320594787598,48.61910674753834,48.54327194380619,0.07583480373214968,-0.02574116324667141,0.1015759669788211,63.52497534856255,48.52320594787598,50.26992298213272,46.77648891361924,0.07199512069062698,1.053884952757557,3558890.0,0.912278828511137,0.7720579087584337,0.014080789487086937
2021-08-26,49.52617645263672,50.234245942141925,49.38611790335232,49.67401471322689,3618500,-0.003444539838262095,-0.0034504859238899633,48.822774505615236,48.668709945678714,48.56405620574951,48.75865593293809,48.61607968520104,0.1425762477370469,0.007922318950072263,0.13465392878697466,58.39265782709266,48.56405620574951,50.36641365268764,46.76169875881138,0.07422598472014577,1.0383226914181816,3554385.0,1.0180382822907479,0.16513844753074763,0.01391617565385548
2021-08-27,50.87228775024414,51.241890812286265,49.89188386819696,49.946350750532915,5348700,0.02717979448493768,0.026816983282034173,49.5215087890625,48.800208282470706,48.68933048248291,49.083830058677485,48.78320620853757,0.3006238501399139,0.06646262518804061,0.23416122495187328,65.64139348234883,48.68933048248291,50.76198398535882,46.616676979607,0.08513789293617799,1.112798256602068,3589480.0,1.4901044162385637,0.7262213569177843,0.014951064001696834
2021-08-30,50.32172393798828,51.381959243023104,50.29812921618374,51.123977483150014,3925000,-0.010822470083492908,-0.010881459002794788,49.92805404663086,48.90544052124024,48.82364692687988,49.274275270879144,48.89717048479318,0.3771047860859653,0.12859105736762558,0.24851372871833974,57.1954061017171,48.82364692687988,50.95603377498183,46.69126007877793,0.08735057630149971,1.0929525030245522,3600005.0,1.0902762635051895,0.021769761865383194,0.014711296158367417
2021-08-31,49.47227478027344,50.24306660001784,49.307102747199416,50.10149228615195,5450000,-0.016880366792712098,-0.017024464096344255,49.97796478271484,49.00431594848633,48.876197052001956,49.304736733862875,48.93977080297691,0.3649659308859654,0.17586603207129356,0.18909989881467185,46.93623776668601,48.876197052001956,51.018609973688555,46.73378413031536,0.08766692381599057,1.099841932287161,3631520.0,1.5007489976648896,0.17647266057542746,0.01497242901448676
2021-09-01,49.18914031982422,49.550940114865455,48.61497899282055,49.41723266900758,3949200,-0.005723093625808251,-0.005739533279925751,49.87632064819336,49.10833549499512,48.962832069396974,49.28695267016462,48.958242619039666,0.32871005112495055,0.20643483588202496,0.12227521524292559,46.35936039417966,48.962832069396974,51.0011127251902,46.92455141360375,0.08325828264608086,1.093499070861076,3661975.0,1.0784344513548016,0.6134456948540503,0.01423745838282425
2021-09-02,49.25205612182617,49.83408430483105,49.094750964229206,49.36216883204015,3414600,0.001279058783969056,0.0012782414851239107,49.82149658203125,49.322135543823244,49.05222454071045,49.28158397042024,48.980006582209036,0.30157738821120716,0.22546334634786147,0.0761140418633457,48.158917626984966,49.05222454071045,50.966835696164274,47.13761338525662,0.07806419274073136,1.104624568668276,3680850.0,0.9276661640653653,0.21276621360163625,0.014232521590207565
2021-09-03,48.858795166015625,49.413295176437984,48.50485930833607,49.118349128429415,3690400,-0.007984660677674116,-0.008016708790277431,49.41879806518555,49.470153427124025,49.083048820495605,49.21653953897338,48.9710279587873,0.24551158018607566,0.22947299311550431,0.016038587070571347,47.554537729976325,49.083048820495605,50.96228132637772,47.20381631461349,0.07657358501729436,1.0833654795727747,3708230.0,0.995191776130391,0.3896101708566012,0.013971623419926166
2021-09-07,48.66216278076172,49.00036781078407,48.481262904294496,48.748680765234354,2514300,-0.004024503358827758,-0.004032623466058548,49.08688583374023,49.507469940185544,49.11104412078858,49.13125080694081,48.94814905671134,0.1831017502294756,0.22019874453829857,-0.03709699430882296,51.1442592540104,49.11104412078858,50.94489038869557,47.277197852881585,0.0746816240923996,0.9992828570271028,3675040.0,0.6841558187121772,0.3484842287577446,0.013989199049086857
2021-09-08,47.73406219482422,48.850926003322286,47.592487866981564,48.63070060460972,4629000,-0.019072325044796834,-0.01925654797033163,48.73924331665039,49.35860404968262,49.0420581817627,48.91629871276903,48.85821669657155,0.05808201619747422,0.1877753988701337,-0.12969338267265948,47.530327341362494,49.0420581817627,50.97651598293195,47.107600380593446,0.07888974781603354,1.0269229926874475,3728490.0,1.24152136655858,0.11250002890831272,0.013790245141615509
2021-09-09,47.41159439086914,48.12733003345302,47.24642531958357,47.38799966649876,4439100,-0.006755507265209126,-0.006778428994679901,48.383734130859374,49.13002738952637,48.91337490081787,48.68480574016905,48.75105948874174,-0.0662537485726915,0.13696956938156865,-0.20322331795426016,51.935305542956456,48.91337490081787,50.92453837270325,46.90221142893249,0.08223368254443444,0.9936927501798348,3771265.0,1.1770851425184918,0.18749935924971453,0.013076031502271355
2021-09-10,47.51383972167969,48.32395720283598,47.45878336861156,47.85990865530021,4093300,0.0021565469823185968,0.0021542249726245358,48.03609085083008,48.92879371643066,48.79875183105469,48.504657121939914,48.65941358007047,-0.1547564581305565,0.07862436387914361,-0.23338082200970012,50.89851686924359,48.79875183105469,50.85641071810036,46.74109294400901,0.08433243924637504,1.0149543002419865,3796860.0,1.0780750409548943,0.06363617374202962,0.013115305578519787
2021-09-13,47.75766372680664,48.44193769907835,47.36046888642672,48.19025065179804,4549200,0.005131641781745966,0.005118519780519451,47.81586456298828,48.61733131408691,48.70876979827881,48.389735061150176,48.592617294643524,-0.202882233493348,0.022323044404645272,-0.22520527789799327,46.126317545957676,48.70876979827881,50.7840801794609,46.63345941709672,0.08521300742255354,1.0071666821958576,3905040.0,1.1649560567881507,0.3672735006877448,0.013199788914292352
2021-09-14,46.91608810424805,48.21384897615717,46.81541147760822,48.16665952648377,4493600,-0.017621792124772884,-0.017778904372726837,47.46664962768555,48.27676773071289,48.591104125976564,48.163020144703694,48.46842994720683,-0.3054098025031351,-0.04322352497691082,-0.26218627752622425,32.954500607207336,48.591104125976564,50.79542204566962,46.38678620628351,0.09072927892225591,1.0253542676118061,3971550.0,1.1314474197731363,0.07199222419619503,0.013646959901566459
2021-09-15,47.34867858886719,47.71834230701572,46.931819416836355,46.99474268821713,5167600,0.0092205147977793,0.009178265360342278,47.38957290649414,48.06440811157226,48.5343620300293,48.03773682842115,48.38548540214463,-0.34774857372347867,-0.10412853472622442,-0.24362003899725426,32.53522636952671,48.5343620300293,50.80768497482984,46.26103908522876,0.09367890499493882,1.0070710735322055,4031215.0,1.2818964009610005,0.5300025872555904,0.01348696514622819
2021-09-16,46.77452087402344,47.443064182491106,46.45991049336397,47.30148981122904,4650700,-0.012126161319711004,-0.012200283031228824,47.262158203125,47.82294616699219,48.46564083099365,47.843395912359966,48.26615469635787,-0.42275878399790656,-0.1678545845805609,-0.25490419941734566,30.695634766858575,48.46564083099365,50.86748350892885,46.06379815305845,0.09911527576044049,1.0167157628420291,4035050.0,1.1525755566845517,0.32000121744828336,0.01365487332260153
2021-09-17,45.42169952392578,46.538560652139786,45.201474062102605,46.247548006109604,9622900,-0.02892218508750044,-0.02934867495995348,46.84373016357422,47.43991050720215,48.3810230255127,47.47082723721625,48.05545431321476,-0.5846270759985117,-0.2512090828641511,-0.3334179931343606,11.797117429482483,48.3810230255127,51.08375543862393,45.67829061240146,0.11172696417295712,1.0065252237185496,4317115.0,2.2290117358467403,0.16470545873173237,0.014316412159193954
2021-09-20,44.18684768676758,44.93404488837477,43.50257374440341,44.249767945664466,7683900,-0.027186385584443973,-0.02756277278638428,46.1295669555664,46.97271575927734,48.221434593200684,46.9655996140703,47.76889085940386,-0.8032912453335612,-0.36162551535803317,-0.44166572997552805,10.764551838079413,48.221434593200684,51.490895842899576,44.95197334350179,0.13560199016392982,1.0661892060530498,4541130.0,1.6920678333366366,0.47802146796026623,0.015277273934833075
2021-09-21,43.67560958862305,44.72168633996912,43.4239225357353,44.50932482653015,6156400,-0.011569915594988878,-0.011637367851116203,45.48147125244141,46.474060440063475,47.99076519012451,46.459447302463026,47.46568483934602,-1.006237536882992,-0.49054791966302497,-0.515689617219967,11.2512871094238,47.99076519012451,51.83976595822171,44.141764422027315,0.16040589279410955,1.086413678441975,4676955.0,1.3163265415211394,0.19393902813998473,0.014408090969056011
2021-09-22,44.2812385559082,44.816074366558766,44.24584646566578,44.249776919906,6823800,0.013866525802147311,0.0137712651459947,44.86798324584961,46.128778076171876,47.74369106292725,46.12433826453151,47.229799929461734,-1.1054616649302247,-0.613530668716465,-0.4919309962137597,18.548409571271918,47.74369106292725,51.88316198858399,43.6042201372705,0.17340389205354192,1.1010210824341757,4873345.0,1.4002292060176327,0.0620665694651815,0.013968878194834016
2021-09-23,45.16999816894531,45.65370794141194,44.517182898359586,44.65089331537242,7814100,0.020070793907785323,0.01987203067965557,44.547078704833986,45.904618453979495,47.51732292175293,45.97751671136441,47.07722202127533,-1.0997053099109237,-0.7107655969553568,-0.38893971295556695,26.344548348033157,47.51732292175293,51.70186870098963,43.33277714251623,0.17612716886965277,1.1462450856414534,5101715.0,1.5316614118977638,0.5743958470888684,0.01472551329884307
2021-09-24,44.6823616027832,45.099217729048156,44.62730524649713,44.98910501647601,7964900,-0.01079558525413804,-0.010854280399159573,44.39921112060547,45.62147064208985,47.275132179260254,45.778262079274995,46.89982495323888,-1.1215628739638817,-0.7929250523570619,-0.32863782160681976,26.059506883487373,47.275132179260254,51.530231834337506,43.020032524183,0.18001428907454128,1.12012058952333,5319035.0,1.4974332750207509,0.116666452266296,0.014785161348574572
2021-09-27,46.94754409790039,47.490246741406295,44.73741698561659,44.73741698561659,12374000,0.050695227688594136,0.049452066671816,44.951350402832034,45.54045867919922,47.078894996643065,45.958151620601974,46.90335970469529,-0.9452080840933164,-0.8233816587043129,-0.12182642538900346,42.05538923161166,47.078894996643065,50.98302242707225,43.17476756621388,0.16585467567612053,1.2836048918185814,5670300.0,2.182247852847292,0.8028564423960232,0.018054819202628535
2021-09-28,46.76664352416992,47.698674093521625,46.51495647596754,47.30934615963767,6681800,-0.003853248922951802,-0.003860691812271763,45.569557189941406,45.52551422119141,46.901140975952146,46.08253499038167,46.89323258021193,-0.8106975898302622,-0.8208448449295029,0.010147255099240748,45.184039305066605,46.901140975952146,50.49499929898604,43.30728265291825,0.15325249016336676,1.2782677119052503,5808140.0,1.1504199278943001,0.2126242292449805,0.017980332313759964
2021-09-29,46.26327133178711,46.87675816198594,46.22394579145192,46.76664544890886,4578800,-0.010763487700857999,-0.010821833078803338,45.965963745117186,45.4169734954834,46.74069080352783,46.11034058136712,46.846568784032314,-0.7362282026651954,-0.8039215164766416,0.06769331381144617,44.3846101614481,46.74069080352783,50.132054364267724,43.34932724278794,0.14511396825499726,1.2619754016670055,5764580.0,0.7942989775491016,0.06024018769837352,0.017791876099338143
2021-09-30,45.272254943847656,46.5385541733932,45.26438803539377,46.34192346689684,4929000,-0.021421234586550653,-0.021653999306490562,45.98641510009766,45.26674690246582,46.544846534729004,45.98140432944104,46.729952944018635,-0.7485486145775937,-0.7928469360968321,0.044298321519238404,39.91508750058352,46.544846534729004,49.79010855782175,43.299584511636255,0.13944667410908004,1.2878184963836194,5813570.0,0.8478439237852129,0.006174162189315998,0.01824947834847797
2021-10-01,46.074501037597656,46.41270303704199,45.02842441025876,45.358762502884105,6925300,0.017720480120662074,0.017565302940416805,46.26484298706055,45.33202705383301,46.38596878051758,45.99572689992668,46.68140095095041,-0.6856740510237316,-0.7714123590822121,0.08573830805848048,42.789728143478904,46.38596878051758,49.37412416700581,43.39781339402935,0.128838761593065,1.3094477688215913,5989105.0,1.1563163444287585,0.7556835737707798,0.018859157957735587
2021-10-04,45.80708694458008,46.40484292309816,45.36663311806671,46.0745048034728,5652900,-0.0058039498420040525,-0.00582085821419227,46.03675155639648,45.49405097961426,46.233383369445804,45.96670536833489,46.61663695047854,-0.649931582143644,-0.7471162036944985,0.0971846215508545,45.003516399207214,46.233383369445804,48.99277623208281,43.473990506808796,0.1193679831124193,1.283717219284627,6087230.0,0.9286489914131715,0.42424355861057544,0.018836096328797788
2021-10-05,46.48350524902344,46.754856627492515,45.696982297260966,45.82282584952908,5646200,0.014766673664748042,0.014658707904906053,45.980123901367186,45.7748405456543,46.124450492858884,46.04621304228698,46.606775342963346,-0.5605623006763665,-0.7098054230908721,0.14924312241450566,46.18585578095107,46.124450492858884,48.641505861133,43.60739512458477,0.10914191242945266,1.301975799817761,6243825.0,0.9042854340088007,0.743493741979143,0.019249201305699216
2021-10-06,44.957645416259766,46.06664250069212,44.28123529377613,45.901473424368405,8699100,-0.032825834123078046,-0.03337669025651456,45.718998718261716,45.842481231689455,45.985629653930665,45.87874109982125,46.48461757061494,-0.6058764707936888,-0.6890196326314355,0.08314316183774673,42.61033001957719,45.985629653930665,48.43422136313423,43.5370379447271,0.10649377762708383,1.389055533112059,6447330.0,1.3492562037308466,0.3788548159069446,0.020113232291046564
2021-10-07,46.019447326660156,46.77451148866907,45.45315295558641,45.53180403479638,7235900,0.023617827414430526,0.02334324153951442,45.86843719482422,45.927426147460935,45.916022300720215,45.90038821164262,46.45016051550718,-0.5497723038645574,-0.66117016687806,0.11139786301350252,52.49013297363475,45.916022300720215,48.27130621405141,43.56073838738902,0.10259093864471132,1.4064711945755215,6587170.0,1.098483870918771,0.4285698034332231,0.020929053117544963
2021-10-08,46.17675018310547,46.63293482074821,45.932930049503355,46.255404258740185,4260200,0.0034181822160690434,0.0034123535098479637,45.88888702392578,46.07686500549316,45.849167823791504,45.94290543802152,46.42990789829224,-0.48700246027072325,-0.6263366255565926,0.1393341652858694,59.10729032269328,45.849167823791504,48.08643773340091,43.611897914182094,0.09759260705484264,1.3193911225556991,6595515.0,0.6459237830556067,0.3483120974809847,0.020941860612696532
2021-10-11,45.799217224121094,47.01832682936619,45.78348640981745,46.60147075153074,4139000,-0.008175823493150491,-0.008209428830928645,45.88731307983399,45.962032318115234,45.75124549865723,45.92079955895992,46.383190070575864,-0.46239051161594347,-0.5935474027684629,0.13115689115251938,59.83965017153826,45.75124549865723,47.80032240998224,43.70216858733221,0.08957469415275944,1.3148965950781937,6575005.0,0.6295052247108557,0.01273914744546647,0.020940867570628973
2021-10-12,45.41382598876953,45.90933317284355,45.22505920411305,45.63405140391354,5443800,-0.00841479961252678,-0.008450403914859033,45.673377227783206,45.82675056457519,45.676132392883304,45.84280362508448,46.3113853237754,-0.4685816986909188,-0.5685542619529541,0.0999725632620353,55.35713319098215,45.676132392883304,47.65433231637398,43.697932469392626,0.08661853882352336,1.2823115372778209,6622515.0,0.8220139931732884,0.2758643328900055,0.02067622865820343
2021-10-13,44.76101303100586,45.6576485550299,44.556518420403314,45.55539974955542,7689800,-0.014374762388993712,-0.014479080188382582,45.63405075073242,45.67652473449707,45.546749114990234,45.67637430291854,46.1965429317184,-0.5201686287998584,-0.558877135322335,0.03870850652247659,48.02133743585352,45.546749114990234,47.39881981780021,43.69467841218026,0.08132614242716286,1.2629301622151676,6748625.0,1.139461742206746,0.18571338874015914,0.02071002333758592
2021-10-14,46.200347900390625,46.23180653029451,44.941909693502936,45.17000201229677,6430400,0.03215599406536529,0.031649812676379355,45.670230865478516,45.76933403015137,45.51804046630859,45.75698562560655,46.196824781249674,-0.4398391556431207,-0.5350695393864922,0.09523038374337145,56.72473587315557,45.51804046630859,47.306693127056235,43.72938780556095,0.07859093416253557,1.3292230605609154,6837610.0,0.9404455650439262,0.9756115072440588,0.02196735147187404
2021-10-15,46.373382568359375,46.97900547134701,46.27900067449072,46.7745108679072,4288200,0.0037453109301648357,0.0037383147164056704,45.709557342529294,45.79922218322754,45.56562461853027,45.8518159244916,46.20990313585039,-0.35808721135878585,-0.4996730737809509,0.14158586242216503,46.877669569387955,45.56562461853027,47.39368747719309,43.737561759867454,0.08023868317255091,1.1842782342990077,6570875.0,0.6526071489717884,0.1348303510836232,0.020923882542529554
2021-10-18,46.365516662597656,46.71158559210004,45.30370915103433,45.382363226157274,4660100,-0.00016962113449725535,-0.00016963552178883822,45.82281723022461,45.855065155029294,45.674558067321776,45.93084680727714,46.2214300637576,-0.2905832564804598,-0.4578551103208527,0.1672718538403929,47.776804753844445,45.674558067321776,47.41419427560733,43.93492185903622,0.07617528365447676,1.200289578835552,6419685.0,0.7259078911192683,0.754190831702295,0.019835648687873426
2021-10-19,46.55428695678711,46.61721022569064,46.04304889850558,46.475635871004286,3650600,0.004071351033638537,0.00406308551098668,46.050909423828124,45.86214332580566,45.81849193572998,46.026760676432524,46.24608612990794,-0.2193254534754132,-0.41014917895176484,0.19082372547635162,51.67119691417415,45.81849193572998,47.322092938275496,44.314890933184465,0.06563293286276774,1.1946716471677692,6294395.0,0.5799763122587636,0.890408366380039,0.01955414362800477
2021-10-20,47.104854583740234,47.66957983316065,46.35844634232427,46.53069324405616,5875300,0.011826357204529403,0.011756972353100517,46.519677734375,46.07686424255371,45.95967273712158,46.19262127755678,46.30969860796959,-0.11707733041280477,-0.35153480924397285,0.23445747883116808,61.0846917938601,45.95967273712158,47.383663897306796,44.53568157693636,0.061966984331246595,1.197312172370408,6246970.0,0.940503956318023,0.5692846997958846,0.01950179136516287
2021-10-21,46.60934829711914,48.11160699872168,45.58686907095745,47.24643296128031,8916600,-0.010519219112336109,-0.010574937182553985,46.601477813720706,46.13585433959961,46.031640243530276,46.25673312672022,46.331894881239926,-0.07516175451970497,-0.29626019829911926,0.2210984437794143,53.35975634595616,46.031640243530276,47.432897001656016,44.630383485404536,0.06088233009783682,1.278773551011908,6302095.0,1.414862835295247,0.40498429990208895,0.019313808477796138
2021-10-22,45.93292999267578,47.34080344081407,45.9171991775683,46.90821652657003,5889500,-0.014512502945362327,-0.014618839375333585,46.513387298583986,46.11147232055664,46.0941686630249,46.206917259944156,46.30234192653147,-0.09542466658731286,-0.256093091956758,0.16066842536944514,50.7518747296337,46.0941686630249,47.34550203051102,44.842835295538784,0.05429464957418328,1.3063017265986454,6198325.0,0.9501760556279317,0.011049991492098989,0.019458173833712972
2021-10-25,46.17675018310547,46.825632055447414,46.09809910781696,46.59360928310396,6293200,0.005308178478241388,0.005294139756974481,46.475634002685545,46.14922561645508,46.05562896728516,46.20227617119974,46.293038834425836,-0.09076266322609428,-0.22302700621062524,0.13226434298453096,48.06732423884098,46.05562896728516,47.242094846798125,44.86916308777219,0.051523164751728905,1.2945037074943657,5894285.0,1.0676782680172405,0.10810654618957077,0.015712032869730514
2021-10-26,46.17675018310547,47.002598475019674,45.75989408345318,46.17675018310547,6875200,0.0,0.0,46.40012664794922,46.22551803588867,46.02613430023193,46.198349096108316,46.28442486025396,-0.08607576414564022,-0.19563675779762824,0.10956099365198801,59.50916010319064,46.02613430023193,47.16661536554081,44.885653234923055,0.04955797755550932,1.225963310088593,5903955.0,1.1645075208059683,0.3354426838166966,0.015695079453261714
2021-10-27,44.04528045654297,46.074510889171506,43.96662937015208,46.074510889171506,11512700,-0.046158937519651055,-0.047258222587006064,45.788211822509766,46.15394477844238,45.91523475646973,45.86710776694442,46.11856231183092,-0.2514545448864993,-0.20680031521540249,-0.044654229671096834,36.80339373069658,45.91523475646973,47.351596009867556,44.4788735030719,0.06256578066152368,1.2540529344131706,6250650.0,1.8418404485933464,0.03731285905213064,0.018632018860027084
2021-10-28,44.493595123291016,44.72168745828245,44.210446431625286,44.241908064109566,5974400,0.010178494996538223,0.010127042958009116,45.36506118774414,45.98326950073242,45.876301765441895,45.655798129459285,45.99819437193908,-0.3423962424797935,-0.23391950066828074,-0.10847674181151276,39.17005673319493,45.876301765441895,47.423945508625614,44.328658022258175,0.06747029222610713,1.252367379448501,6302920.0,0.9478781263287492,0.5538457818588735,0.018260185185948654
2021-10-29,44.02168273925781,44.55651849134234,43.77785958746014,44.147526269139675,5894900,-0.01060629923757661,-0.01066294693365664,44.982811737060544,45.74809951782227,45.773660850524905,45.40439576173598,45.851786102851584,-0.44739034111560727,-0.27661366875774607,-0.1707766723578612,38.700032010553784,45.773660850524905,47.524860807404124,44.022460893645686,0.07651561724974582,1.2197829854723194,6251400.0,0.9429727740986019,0.31313216538166877,0.017849573166099274
2021-11-01,45.177879333496094,45.60260246693864,44.05315122105401,44.05315122105401,7562000,0.02626425257495213,0.02592526970263302,44.78303756713867,45.62933578491211,45.742200469970705,45.36954708046831,45.80186708289933,-0.43232000243101965,-0.3077549354924008,-0.12456506693861885,48.633939401435235,45.742200469970705,47.513365672167886,43.97103526777352,0.0774411892737838,1.2838291111116287,6346855.0,1.1914562409256237,0.7258880253060563,0.01891038300716657
2021-11-02,45.98798751831055,46.200349027158566,45.02056486712266,45.3351721762578,5929500,0.017931523054332876,0.017772649710982448,44.74528503417969,45.572705841064455,45.71742458343506,45.46469176321326,45.815653781818675,-0.350962018605415,-0.31639635211500367,-0.03456566649041132,56.976742168290016,45.71742458343506,47.45853590008646,43.97631326678366,0.07616839017140352,1.2894472557837229,6361020.0,0.9321618231038419,0.8199996878737948,0.01905770497618245
2021-11-03,46.44416809082031,46.86495764480521,45.68910696597108,46.00371726816469,6234300,0.009919559370327624,0.009870683493606917,45.22506256103516,45.50663719177246,45.79175071716308,45.615380428998954,45.86221039730028,-0.24682996830132709,-0.30248307535226837,0.055653107050941286,51.560915664251226,45.79175071716308,47.52318639708879,44.06031503723737,0.07562216568744357,1.2683799114655427,6237780.0,0.9994421092119312,0.6421403091559917,0.017563687366760807
2021-11-04,44.965511322021484,46.416646986457,44.67056524390673,46.40484962338788,9047900,-0.03183729690038484,-0.03235512411523028,45.31944580078125,45.34225349426269,45.739053916931155,45.51540056638704,45.79578824357593,-0.2803876771888909,-0.2980639957195929,0.017676318530702007,42.27784080423527,45.739053916931155,47.50511804684995,43.97298978701236,0.07722346566792693,1.3394474311767712,6328380.0,1.4297339919537069,0.16891882506873793,0.018295989077612627
2021-11-05,45.86214828491211,46.204283803107096,45.02056907871925,45.02056907871925,4979100,0.01994054857887284,0.019744339890514478,45.68753890991211,45.335175323486325,45.723323822021484,45.568746369237054,45.800703802193425,-0.23195743295637072,-0.2848426831669485,0.05288525021057777,47.48430490708772,45.723323822021484,47.47854415075943,43.968103493283536,0.07677571016359887,1.3273685768924786,6364325.0,0.7823453390579519,0.7109645438586857,0.018869880492334977
2021-11-08,46.0666389465332,46.93967971166771,45.85034398207329,46.349787627154804,4894100,0.004458811225996673,0.00444890017729814,45.865290832519534,45.3241641998291,45.73669490814209,45.64534522728262,45.82040270177415,-0.1750574744915312,-0.26288564143186505,0.08782816694033385,47.56669443221981,45.73669490814209,47.49841190308744,43.974977913196746,0.07703735473162591,1.364166748493147,6402080.0,0.7644546772299002,0.19855675031872508,0.018799162044380053
2021-11-09,46.23967361450195,46.499224564190236,45.92899676537561,46.04304292520778,4447800,0.0037561817385804996,0.0037491449035367583,45.915628051757814,45.33045654296875,45.77798728942871,45.736780363777896,45.85145980642066,-0.11467944264276042,-0.23324440167404412,0.1185649590312837,45.51382473530217,45.77798728942871,47.54654091694975,44.009433661907664,0.077266552430078,1.3112449133487363,6352280.0,0.7001895382445358,0.5448293547313497,0.01869343965206793
2021-11-10,46.2160758972168,46.632934998806974,46.00371739305771,46.278999157964826,5103900,-0.000510334858370487,-0.0005104651235254392,45.87000961303711,45.547536087036136,45.85074043273926,45.81051813815311,45.878468405738886,-0.06795026758577905,-0.2001855748563911,0.13223530727061206,47.85585338258294,45.85074043273926,47.56192892538546,44.13955194009306,0.07464169505207573,1.175850604633381,6222985.0,0.8201690989131422,0.33749612033066106,0.018344402985582726
2021-11-11,46.93967819213867,47.17563441823621,46.42057329458561,46.467765739943594,4140400,0.01565693929815981,0.015535633965831616,46.26484298706055,45.7921443939209,45.88770694732666,45.9842350695355,45.9570765380648,0.027158531470703906,-0.15471675359097212,0.18187528506167602,55.460760810594394,45.88770694732666,47.66149376005997,44.11392013459336,0.07730989106818481,1.142704480188641,6108485.0,0.6778112739901956,0.6875004876006199,0.01724359942172208
2021-11-12,47.23855972290039,47.6239542087897,46.76664424993759,47.02619821011908,3499400,0.006367353639245232,0.006347167685154059,46.5401252746582,46.11383209228516,45.93096580505371,46.177208093130105,46.05200121842299,0.12520687470711778,-0.09873202793135413,0.2239389026384719,55.72522412637713,45.93096580505371,47.794551155808314,44.067380454299105,0.08114723120189897,1.1401764727658177,6069045.0,0.5765981303483497,0.5504607319505095,0.017276010458465302
2021-11-15,47.128448486328125,47.8363202627993,47.01833576562075,47.58463318679768,3470400,-0.0023309609187530667,-0.002333681837214185,46.75248718261719,46.30888900756836,45.969112396240234,46.32355276900673,46.13173805308263,0.19181471592410304,-0.04062267916026269,0.23243739508436573,55.0712918559137,45.969112396240234,47.900162903013886,44.03806188946658,0.08401513129636108,1.1098393374523934,6009560.0,0.577479882054593,0.13461467758990436,0.01729091490026321
2021-11-16,46.29473114013672,47.18350271835621,46.279000324553174,47.167771902772664,4004700,-0.01769032024114403,-0.017848664172062153,46.76349868774414,46.33956336975098,45.95613460540771,46.3191186722575,46.14381161508663,0.17530705717086903,0.0025632681059636685,0.17274378906490537,63.91049987025548,45.95613460540771,47.87407050920439,44.03819870161104,0.0834681123756213,1.0165808789416535,6027265.0,0.664430716087645,0.017391679134741923,0.01776309472607336
2021-11-17,45.885738372802734,46.38911246391265,45.75202794215689,46.15315623374816,3342400,-0.008834542447086258,-0.008873798393785446,46.69743118286133,46.28372039794922,45.89517879486084,46.2524447800337,46.124695078621166,0.12774970141253306,0.027600554767277557,0.1001491466452555,58.65102250002608,45.89517879486084,47.7353079062778,44.05504968344388,0.08018834046346529,1.0137721303713876,5900620.0,0.5664489494324325,0.2098786330243255,0.017631582828800764
2021-11-18,45.60258483886719,45.90932820544127,45.358761726806435,45.89359739172645,3801500,-0.006170839654688343,-0.006189957977023409,46.43001251220703,46.34742774963379,45.844840621948244,46.15246632754655,46.08602024604679,0.0664460814997554,0.03536966011377313,0.031076421385982267,60.06000699110576,45.844840621948244,47.657587967471585,44.0320932764249,0.07908184741972851,0.9974798142822904,5644865.0,0.6734439176136188,0.4428586139801711,0.01753666495158491
2021-11-19,45.099212646484375,45.2407869753639,44.06886680860472,45.18573062528254,7424300,-0.011038238164819747,-0.011099611569787662,46.00214309692383,46.27113418579101,45.80315475463867,45.99042729969082,46.01292338681995,-0.022496087129127318,0.023796510665193036,-0.04629259779432035,49.45404754567607,45.80315475463867,47.64547586321346,43.960833646063875,0.08044516227949187,0.9941082644666933,5721605.0,1.2975904488338499,0.8791945546402006,0.01741194413610916
2021-11-22,46.23967361450195,46.63293499309031,45.15427136950115,45.272250983216146,5309200,0.025287824356429844,0.024973377422412516,45.824388122558595,46.28843765258789,45.80630092620849,46.02877288658484,46.029719699981584,-0.0009468133967445169,0.018847845852805526,-0.019794659249550043,51.670137999398555,45.80630092620849,47.65152096852325,43.961080883893736,0.08056621054327474,1.0193895635074095,5672405.0,0.9359698399532473,0.734042699329939,0.01832806114268752
2021-11-23,46.54642105102539,46.971144096859454,46.27113926225135,46.67226458308588,5279400,0.006633858168653584,0.00661195096437132,45.874726104736325,46.319112396240236,45.824784469604495,46.108411065729534,46.06799387413297,0.04041719159656054,0.023161715001556532,0.01725547659500401,50.69225894125833,45.824784469604495,47.69289289040455,43.95667604880444,0.08153266588909627,0.9876481209019359,5592615.0,0.9439948932654939,0.3932569765687186,0.018383639145121335
2021-11-24,46.11383056640625,46.69585573249359,46.082368935713355,46.32619207306393,3307100,-0.00929374321056653,-0.009337199499290471,45.920344543457034,46.30888786315918,45.92821197509765,46.10924483506441,46.07138918467174,0.03785565039267169,0.026100502079779566,0.011755148312892125,59.05701716117083,45.92821197509765,47.60025177738632,44.25617217280899,0.07281101224647056,0.904782688749554,5182335.0,0.6381486337722282,0.05128330445770389,0.014987057192779625
2021-11-26,45.30371856689453,45.43742902222063,44.029552288543826,44.54865729086054,4317500,-0.017567657892681776,-0.01772380060498161,45.8605712890625,46.14529190063477,45.96871814727783,45.98531771688443,46.01452469446602,-0.029206977581587523,0.015039006147506145,-0.04424598372909367,45.534609075063855,45.96871814727783,47.53000693561474,44.407429358940924,0.06792831522231019,0.9651759599478977,5099490.0,0.8466532927802585,0.9050268669280677,0.015504779176110064
2021-11-29,45.27186965942383,46.48209234439534,44.889694554262995,46.09991723923451,4564300,-0.0007030086818077264,-0.0007032559082861059,45.89510269165039,45.94862289428711,46.03122749328613,45.87555647727511,45.95951321038882,-0.08395673311370899,-0.0047601417047368885,-0.0791965914089721,43.46430816603865,46.03122749328613,47.34473707900711,44.71771790756515,0.0570703697142363,1.0011089642720354,5032960.0,0.9068818349440488,0.2399997696110044,0.015270408783733981
2021-11-30,43.73520278930664,44.97727408064888,43.32117902552589,44.794145673552116,10398200,-0.0339430838990612,-0.03453252714614642,45.39420852661133,45.60929832458496,45.95909366607666,45.546271294510724,45.79474947549384,-0.24847818098311336,-0.053503749560412206,-0.19497443142270116,33.1775959560553,45.95909366607666,47.590023067231485,44.32816426492184,0.07097308806847273,1.0997134524922718,5174770.0,2.0094033164759013,0.24999999849042484,0.016048716221555587
2021-12-01,42.0074462890625,44.42789130878108,41.959676306115526,44.18107163086891,9113300,-0.03950493858614468,-0.04030643846935189,44.48641357421875,45.18056983947754,45.76006660461426,45.00183667828793,45.514208498721146,-0.5123718204332164,-0.14527736373497308,-0.3670944566982433,26.99703139614452,45.76006660461426,48.1643223749448,43.355810834283716,0.10508095589564147,1.231070409414864,5333960.0,1.7085429961979468,0.01935406060729894,0.01746529724993545
2021-12-02,42.34185028076172,42.57672745697275,41.458069171597536,41.800434881224334,7333300,0.007960588448964856,0.007929070123852832,43.732017517089844,44.82618103027344,45.55495071411133,44.59260800174544,45.279219001094525,-0.6866109993490852,-0.25354409085779556,-0.43306690849128965,23.753141780023356,45.55495071411133,48.37711393875535,42.732787489467306,0.12390149392785162,1.2424346782974212,5388910.0,1.3608132256801468,0.7900367009460666,0.017386254124012707
2021-12-03,42.254276275634766,42.851425463291854,41.98356852240657,42.198542594434066,6969100,-0.002068261177682662,-0.0020704029835510646,43.12212905883789,44.491350173950195,45.419388961791995,44.23286465926687,45.05514916957899,-0.8222845103121159,-0.36729217474865966,-0.45499233556345625,20.84364643201745,45.419388961791995,48.59864237279606,42.24013555078793,0.13999542854610109,1.2431880341569337,5284970.0,1.3186640605339293,0.3119266982329877,0.01615017335735081
2021-12-06,42.89918899536133,43.566401498969114,42.86734031679457,43.28136402639095,6066400,0.015262661594761306,0.015147358912325297,42.64759292602539,44.27134780883789,45.27124099731445,44.02768378789679,44.89544841593324,-0.867764628036447,-0.46738666540621715,-0.4003779626302299,26.717048746405197,45.27124099731445,48.63444009651402,41.90804189811488,0.14857993839396091,1.2784838003109193,5339335.0,1.1361714520628505,0.04555921416219602,0.015831490607884052
2021-12-07,43.67947006225586,44.09349383503288,43.20971261211054,43.353028650274034,5806900,0.018188713706893234,0.018025277870444494,42.63644638061523,44.01532745361328,45.151882553100585,43.9741124454905,44.805375945290464,-0.8312634997999666,-0.5401620322849671,-0.29110146751499955,35.5172348232789,45.151882553100585,48.56528992333444,41.73847518286673,0.15119668005955408,1.2991839750158134,5384975.0,1.07835226718787,0.531531370712639,0.01646663777544924
2021-12-08,43.71928024291992,44.1731133601235,43.61577353841068,44.03776100882945,5013700,0.0009114162925356606,0.0009110012048991208,42.97881317138672,43.73261337280273,45.02586288452149,43.93490749124887,44.72492441178154,-0.7900169205326648,-0.5901330099345067,-0.19988391059815813,37.49113469709958,45.02586288452149,48.4562335183417,41.59549225070128,0.1523733434101256,1.2934879250127465,5413270.0,0.9261869443053828,0.1857156058470562,0.01642173177881575
2021-12-09,43.30525588989258,43.4565356184665,42.77578291439912,43.18582788219793,5607700,-0.009470063338803292,-0.009515189513086015,43.17149429321289,43.451755905151366,44.88032188415527,43.83803801411713,44.6197637805305,-0.7817257664133663,-0.6284515612302787,-0.15327420518308765,36.93297974781211,44.88032188415527,48.344897213615944,41.4157465546946,0.1543917326797881,1.3215544142903153,5438460.0,1.0311191035697607,0.777775783411784,0.01648183548475733
2021-12-10,43.53615188598633,43.99794562396693,43.221652986420565,43.91036630473046,3628600,0.005331823847914086,0.00531765999893369,43.427869415283205,43.27499923706055,44.71014556884766,43.7915939944047,44.53949623278648,-0.7479022383817835,-0.6523416966605797,-0.09556054172120376,40.825046518866166,44.71014556884766,48.081924281979816,41.3383668557155,0.15082834869951695,1.267452600524879,5412870.0,0.6703652590954521,0.40512930343962844,0.016018003091186922
2021-12-13,42.45331954956055,43.51226540587019,42.25188256631603,43.36098569082174,5398800,-0.024872026798820723,-0.02518656203210459,43.33869552612305,42.99314422607422,44.47088356018067,43.58570561827483,44.384964626621596,-0.7992590083467661,-0.681725158997817,-0.11753384934894906,27.6232292599436,44.47088356018067,47.765462677143695,41.17630444321764,0.14816791811678787,1.249634527172334,5507840.0,0.9802027655124332,0.15982205987313666,0.016507112677302215
2021-12-14,42.89918899536133,43.39283136411745,42.30840906815374,42.39758293833494,4048700,0.010502581436070413,0.010447812470913349,43.18263931274414,42.909542846679685,44.25942058563233,43.48008767628814,44.27490717245417,-0.7948194961660278,-0.7043440264314592,-0.09047546973456855,28.794124013896834,44.25942058563233,47.37376551384531,41.14507565741934,0.14073139173556998,1.2748453710013483,5536755.0,0.7312405912849674,0.544787693833511,0.016869781174945205
2021-12-15,43.026573181152344,43.050458167290294,42.087058587808954,42.82752353065174,4955200,0.0029693844749556497,0.002964984560748344,43.044097900390625,43.01145553588867,44.09601268768311,43.41031621549802,44.182437987913296,-0.7721217724152751,-0.7178995756282225,-0.054222196787052646,31.38944589572833,44.09601268768311,47.10177264671161,41.090252728654605,0.1363279705272795,1.2998391411942845,5584280.0,0.8873480556132572,0.9752075915344645,0.016654211395521375
2021-12-16,43.47246170043945,44.07757460671895,43.20971762483076,43.33710933605939,5605900,0.010363096252397508,0.010309767488078112,43.0775390625,43.12451667785645,43.97534885406494,43.419877059335164,44.12984715180413,-0.7099700924689643,-0.7163136789963709,0.0063435865274066305,38.45383076435379,43.97534885406494,46.87031068508382,41.08038702304606,0.13166293873533566,1.226033651744583,5697455.0,0.9839305444272926,0.3027504278522251,0.01688349336398183
2021-12-17,43.0743522644043,43.524206513531915,42.50109121504236,43.41671797866218,10400000,-0.009157738496118561,-0.009199928356640205,42.9851791381836,43.2065242767334,43.8489372253418,43.36671939857657,44.051662345330065,-0.6849429467534947,-0.7100395325477957,0.025096585794301074,36.75621444014173,43.8489372253418,46.66442517674402,41.03344927393958,0.12841761417994194,1.1853706166272409,6027380.0,1.725459486543075,0.5603093264318898,0.016930250999970527
2021-12-20,42.6046028137207,42.668300185116124,41.77655824638503,42.278161378463736,6251000,-0.010905548800829834,-0.010965450201354768,43.015435791015626,43.17706565856933,43.72420673370361,43.24947069321412,43.94447275039604,-0.6950020571819167,-0.70703203747462,0.012029980292703302,42.18064044981764,43.72420673370361,46.5274809287412,40.92093253866602,0.12822527402775089,1.1387351440644788,5968715.0,1.0472940993161846,0.9285697151669731,0.0169268414356966
2021-12-21,43.15397644042969,43.63965820421591,42.915117403049194,43.13008841061143,4422000,0.012894701286408017,0.012812272466215744,43.066393280029295,43.124516296386716,43.569921875,43.23477926970883,43.88591746817631,-0.6511381984674784,-0.6958532696731917,0.044715071205713275,59.47371871733673,43.569921875,46.11834376505571,41.021499984944285,0.11698078768041004,1.0363666003380259,5924355.0,0.7464103687236838,0.32966954200393717,0.016052457295326478
2021-12-22,43.17786407470703,43.29729511933305,42.70810662297304,43.09028171361563,3729600,0.0005535442211290764,0.000553391072040626,43.09665145874023,43.07037467956543,43.40149402618408,43.226023085862394,43.83346906866007,-0.6074459827976781,-0.6781718122980891,0.07072582950041095,57.28159791396155,43.40149402618408,45.53273830247962,41.27024974988854,0.09821064109036257,0.9985473296940829,5846865.0,0.6378802999556172,0.7972956815402581,0.015910906509878454
2021-12-23,43.90239715576172,44.350656818694915,43.273399434854824,43.392830458358645,6240200,0.016780197366898175,0.016640965257842803,43.182638549804686,43.130088806152344,43.29092235565186,43.33008063507768,43.83857485288982,-0.5084942178121423,-0.6442362934008998,0.1357420755887575,62.921265649701496,43.29092235565186,45.02145758385284,41.56038712745087,0.07994910406315492,1.020328458487126,5993520.0,1.0411577837397723,0.583888051735446,0.0164802128409516
2021-12-27,44.48362731933594,44.49955166024133,43.92628753667704,44.037757923014794,3249000,0.013239144129466807,0.013152272557676856,43.46449356079101,43.224836349487305,43.24991779327392,43.50754935573279,43.88635651707102,-0.37880716133823,-0.5911504669883659,0.21234330565013593,62.5472844340338,43.24991779327392,44.810123035906045,41.6897125506418,0.07214835644726983,0.9692591214260732,5940095.0,0.5469609492777472,0.9722216165759706,0.01642001446962319
2021-12-28,45.088741302490234,45.383334023791505,44.5154771639515,44.59509583330075,4748100,0.013603071952976054,0.013511380755179898,43.96132125854492,43.48837852478027,43.24076137542725,43.75080965523394,43.9754220567317,-0.2246124014977653,-0.5178428538902458,0.29323045239248047,61.478576009306344,43.24076137542725,44.75239678434968,41.72912596650482,0.06991715043118822,0.9482163974820743,5949285.0,0.7980959056424427,0.6605514785455561,0.016732335305903775
2021-12-29,45.431114196777344,45.47092353771635,45.03301471287124,45.120594048033844,3580900,0.0075933123080595966,0.007564628225442292,44.41674880981445,43.741571044921876,43.325556945800784,44.009318046240615,44.08325110414249,-0.07393305790187554,-0.4290608946925717,0.35512783679069615,63.28802592063317,43.325556945800784,45.11813315956932,41.53298073203225,0.0827491365436342,0.9396856119915233,5608420.0,0.6384864186348383,0.9090921493897485,0.014769035344349908
2021-12-30,45.208168029785156,46.0441792206301,45.16437685170252,45.542573113574626,3678700,-0.004907345349852821,-0.004919425907561551,44.82280960083008,43.959730529785155,43.48559303283692,44.193756505247464,44.166578283819725,0.027178221427739402,-0.3378130714685095,0.3649912928962489,65.2228418461606,43.48559303283692,45.35264208907283,41.618543976601,0.08586977552892353,0.9351359720205791,5336690.0,0.6893224077096477,0.049773880057035126,0.011259984512385933
2021-12-31,45.160396575927734,45.37616637624733,44.82200965860946,45.25593958079329,3093900,-0.0010566996173334564,-0.0010572583179946206,45.07440948486328,44.12852401733399,43.62652034759522,44.3424703622752,44.240194453605504,0.10227590866969649,-0.24979527544086827,0.35207118411056476,63.38575894530081,43.62652034759522,45.55456828931653,41.69847240587391,0.0883888023321387,0.9192691205985442,5124720.0,0.6037207886479652,0.610633960469395,0.011262567345685507
2022-01-03,45.27981948852539,46.0999062197495,45.216125171519295,45.54256651897525,5231900,0.002644416826518947,0.002640926508226306,45.23364791870117,44.3490707397461,43.77779750823974,44.48667792015984,44.31720371545142,0.1694742047084219,-0.16594137941101023,0.3354155841194321,77.69094964317,43.77779750823974,45.72716451919764,41.82843049728184,0.08905733599736237,0.8946434294665059,5037860.0,1.0385163541662532,0.07207024456220587,0.011193699217660062
2022-01-04,46.50597381591797,46.736872206935594,45.46295224899037,45.58238328910501,9068000,0.02707948797594706,0.0267193261752349,45.517094421386716,44.73920783996582,43.95813674926758,44.79733882719956,44.4793348340045,0.3180039931950631,-0.06915230488979554,0.38715629808485863,80.64941303999704,43.95813674926758,46.20925104602151,41.707022452513655,0.10242082413975079,0.9212598882126842,5187940.0,1.7478999371619564,0.8187496806490491,0.012119526501556753
2022-01-05,46.45820236206055,47.445490286893225,46.43033552339329,46.808531805029055,6706300,-0.001027211128757588,-0.0010277390716793046,45.72251205444336,45.0696304321289,44.09707336425781,45.05285629410125,44.6259176138605,0.4269386802407453,0.030065892136312666,0.39687278810443266,79.56096634460876,44.09707336425781,46.604212823654706,41.589933904860914,0.11371001602247004,0.9249566870711554,5232910.0,1.2815622665018125,0.027450827592704577,0.011699433044924724
2022-01-06,46.3706169128418,46.8642592914173,45.57441815637805,46.569666601957735,5820800,-0.0018852526521834223,-0.0018870319776350783,45.95500183105469,45.388905715942386,44.22964019775391,45.255588696984404,44.75515459897023,0.5004340980141748,0.12413953331188514,0.37629456470228967,76.6080011655583,44.22964019775391,46.92591824038281,41.533362155125005,0.12192177148960068,0.9420166663192013,5273265.0,1.1038322557277134,0.6172843528258817,0.011744268101743964
2022-01-07,47.05535125732422,47.38577451208625,46.521899480751145,46.68113985968228,4633100,0.014766556713477597,0.014658592655479539,46.33399276733398,45.70420112609863,44.41714496612549,45.53247524472899,44.92553953662608,0.6069357081029096,0.22069876827009008,0.3862369398328196,84.72217139047059,44.41714496612549,47.35363386401698,41.480656068234005,0.1322232169641243,0.9414482592302653,5224535.0,0.8867966240057727,0.617510347038887,0.01163829016734165
2022-01-10,46.49801254272461,47.214589662066004,46.1675893017786,46.84833893191879,5544300,-0.011844321627773602,-0.011915024444333861,46.57763137817383,45.9056396484375,44.5652379989624,45.68101944442063,45.04201901855931,0.6390004258613189,0.30435909978833586,0.334641326072983,83.44717972918059,44.5652379989624,47.61135109123805,41.519124906686756,0.13670354873215615,0.9235344265351324,5320320.0,1.0420989714904367,0.31559037639624593,0.012173762798094208
2022-01-11,47.11904525756836,47.34994363866002,46.50597181669949,47.0155385630691,5720400,0.013356113108557333,0.013267706538687769,46.7002456665039,46.10867004394531,44.79852428436279,45.90225418490489,45.19587281404146,0.7063813708634328,0.38476355400335527,0.3216178168600775,83.64850034800344,44.79852428436279,47.878086993237964,41.71896157548762,0.13748500684207196,0.9104541197808612,5336400.0,1.07195862379132,0.7264145764731381,0.010374830739619614
2022-01-12,47.18274688720703,47.88340279057154,46.88815413583814,47.385778463204836,3742400,0.0013519295497279593,0.0013510165157866465,46.8451545715332,46.28383331298828,45.01270217895508,46.099253062182136,45.343048671312985,0.7562043908691507,0.45905172137651445,0.29715266949263625,83.75825261324714,45.01270217895508,48.1316495465685,41.893754811341665,0.13858076572313074,0.9394584168075316,5321085.0,0.7033152073308357,0.29599914253369386,0.010333994909330613
2022-01-13,47.724151611328125,47.9526626918421,47.14053960867194,47.21458490124266,4482600,0.011474633416646007,0.011409299126964898,47.11586151123047,46.535431671142575,45.24758110046387,46.349237454358445,45.51942666686966,0.8298107874887819,0.533203534598968,0.29660725288981393,83.24085109319715,45.24758110046387,48.44333791593519,42.05182428499255,0.1412564710752486,0.9136962981776939,5297455.0,0.8461799109194887,0.7186250551970237,0.010428379173746255
2022-01-14,48.36111831665039,48.43277633290894,47.206629404599404,47.541031455634275,6795300,0.013346841878087323,0.013258557461910373,47.3770149230957,46.85550384521484,45.492013931274414,46.65875758701875,45.7299223446312,0.9288352423875494,0.6123298761566843,0.3165053662308651,83.40178250448386,45.492013931274414,48.859324576094835,42.12470328645399,0.14803963833773007,0.9586243284512597,5356925.0,1.2685075859751629,0.9415583695398372,0.010526322262800758
2022-01-18,47.93117904663086,48.68676988373743,47.429572840439754,48.377048530126906,4796900,-0.00889018461493074,-0.008929938092059166,47.663648223876955,47.12063980102539,45.734855270385744,46.85451473465138,45.89297839663117,0.9615363380202098,0.6821711685293895,0.27936516949082024,75.24751871383788,45.734855270385744,49.06839171572159,42.4013188250499,0.14577662597281152,0.9841593526542677,5076770.0,0.9448724287292904,0.39898773615112443,0.010507006369649265
2022-01-19,47.644535064697266,48.50442816678509,47.2862450066368,48.377036483614404,4351100,-0.00598032403197768,-0.00599827778503526,47.76874618530273,47.23449592590332,45.98685188293457,46.97605632388921,46.02272333500644,0.9533329888827708,0.7364035326000659,0.216929456282705,69.85695776356108,45.98685188293457,49.07716137087432,42.896542394994825,0.13439969736595703,1.039893233747352,4981775.0,0.8734035559614796,0.2941183779585898,0.010156387655013093
2022-01-20,46.02825927734375,47.811743103758516,45.99641059255762,47.69231509169716,5765700,-0.03392363437189072,-0.034512394448930284,47.53784866333008,47.19150161743164,46.13056602478027,46.83024139365144,46.02313340480921,0.8071079888422332,0.7505444238484994,0.05656356499373383,55.885757464586675,46.13056602478027,48.91873715453071,43.342394895029834,0.12088172203448348,1.1067168153383034,5048960.0,1.1419579477753834,0.01754427049269066,0.0133067347400062
2022-01-21,45.160396575927734,45.99640470233038,45.01708055000073,45.92474668936688,6189500,-0.018854997235213666,-0.01903501916261744,47.02509765625,47.07047958374024,46.22969264984131,46.57334219092471,45.95922697304021,0.6141152178845033,0.7232585826557003,-0.10914336477119702,50.0,46.22969264984131,48.69854172664983,43.760843573032794,0.10680793815820414,1.1393612446029568,5171955.0,1.1967428177546016,0.14634176449407849,0.014196577123163918
2022-01-24,45.08078384399414,45.240024241959425,43.47246159533489,44.34828226551498,8872700,-0.001762888237700544,-0.0017644439538077935,46.36903076171875,46.873022842407224,46.28861198425293,46.34371782985847,45.89415711162939,0.4495607182290797,0.6685190097703763,-0.21895829154129653,48.71540587226147,46.28861198425293,48.572953752733426,44.004270215772436,0.09869994672804673,1.1985078876602973,5303580.0,1.6729642995863172,0.9099096106333332,0.013804189335886233
2022-01-25,45.526649475097656,45.74958417622515,43.503507950593175,44.49955225246171,5644100,0.009890369977737512,0.009841780385281704,45.88812484741211,46.77588653564453,46.340763092041016,46.218015006049114,45.86693432373815,0.3510806823109647,0.605031344278494,-0.25395066196752936,42.97142619345909,46.340763092041016,48.495549915602346,44.185976268479685,0.09299746831020198,1.2548667096047095,5423335.0,1.0407065025487086,0.9007448155183541,0.01367291907246992
2022-01-26,45.55849838256836,46.37858221199103,45.10466528888227,45.725699409240605,6126000,0.0006995662504907241,0.0006993216680823961,45.470917510986325,46.61983184814453,46.36425094604492,46.116550910129,45.84408721698484,0.27246369314416086,0.5385178140516275,-0.2660541209074666,43.52806684982388,46.36425094604492,48.47128681063522,44.25721508145462,0.09089053836078596,1.2733497210053397,5492230.0,1.1153939292418562,0.3562501462152565,0.013360136030538693
2022-01-27,47.91524887084961,48.79903011415439,46.76872357635724,46.76872357635724,11664200,0.05173020560271557,0.0504366228718482,45.8483154296875,46.69308204650879,46.488457679748535,46.393273673316784,45.9975065987526,0.3957670745641835,0.5099676661541387,-0.11420059158995521,58.37654874176756,46.488457679748535,48.65589151316588,44.321023846331194,0.09324610630657797,1.4126847636158242,5896395.0,1.9781917595412113,0.564705509981402,0.01756049560695567
2022-01-28,47.80378341674805,48.64775231982301,47.031469500002565,48.33723523003069,6971900,-0.0023263043963729357,-0.002329014446194892,46.376992797851564,46.701045227050784,46.61823844909668,46.6102751723062,46.131304881567075,0.47897029073912734,0.5037681910711365,-0.024797900332009126,54.32784381406664,46.61823844909668,48.773695855696275,44.462781042497085,0.09247270932183244,1.4556222793712525,6061055.0,1.150278293135436,0.47783339802680314,0.017510205075290552
2022-01-31,47.55696105957031,47.811744470627744,46.4024720197588,47.373835672701404,8056100,-0.005163238964287942,-0.005176614543327762,46.8722282409668,46.620629501342776,46.73806667327881,46.75591915496222,46.23690904290065,0.5190101120615722,0.5068165752692236,0.01219353679234858,56.35151145183484,46.73806667327881,48.817398810310785,44.65873453624683,0.08897809794176943,1.481498857269934,6309165.0,1.2768884630533517,0.8192092529074656,0.01758345400645611
2022-02-01,49.21305465698242,49.356370700665884,47.533074507226786,47.61269318160304,6659400,0.03482336887207049,0.03423075405896491,47.60950927734375,46.74881706237793,46.93472843170166,47.133940001426865,46.45736427357337,0.6765757278534963,0.5407684057860782,0.13580732206741808,61.17251440801948,46.93472843170166,49.171397424437515,44.6980594389658,0.09530976602924665,1.5508820785201973,6380540.0,1.0437047648004714,0.9213972730195237,0.018990744125521115
2022-02-02,49.0936279296875,49.7544745267617,48.6636797607904,49.13343727037989,5463400,-0.002426728601330086,-0.0024296778795470358,48.31653518676758,46.89372634887695,47.064111137390135,47.435430451928504,46.65264306291516,0.7827873890133432,0.5891722024315312,0.19361518658181198,60.13517177303897,47.064111137390135,49.48789624601614,44.64032602876413,0.10299929394397625,1.5577068007514758,6200310.0,0.8811494909125511,0.394160458381598,0.018263670436276306
2022-02-03,48.73533248901367,49.71863858719799,48.691541307836886,48.96623089208077,5363800,-0.0072982066264686285,-0.007324968826662903,48.48055191040039,47.16443367004395,47.177967643737794,47.63541538071084,46.80691635373727,0.8284990269735673,0.6370375673399384,0.19146145963362882,55.469467342075134,47.177967643737794,49.69408733723972,44.66184795023587,0.10666503112225127,1.5730621004794005,6133185.0,0.8745537595882075,0.042635864810845886,0.018387468368636525
2022-02-04,48.2496452331543,49.14139006060374,48.2018752498227,48.72736632727164,4995100,-0.009965813939380896,-0.010015805075332894,48.56972427368164,47.4733585357666,47.271919059753415,47.72991228108676,46.91378515962002,0.8161271214667423,0.6728554781652992,0.14327164330144304,49.38701140475119,47.271919059753415,49.80139652872588,44.74244159078095,0.10701818412639924,1.5525883777987939,6091900.0,0.8199576486810355,0.050845374947769056,0.018577940656952622
2022-02-07,47.70027542114258,48.64775100767861,47.55695937783357,48.51239865414106,6214400,-0.011385986557145178,-0.011451303171451694,48.59838714599609,47.735307693481445,47.304165267944335,47.72535276417227,46.972043697510586,0.7533090666616857,0.6889461958645766,0.06436287079710912,48.74672653999626,47.304165267944335,49.83845675884841,44.76987377704026,0.1071487669869713,1.5407022768378908,6170965.0,1.0070386074139135,0.13138718530091312,0.018563565122053156
2022-02-08,48.63978576660156,48.703480092475836,48.074485336466104,48.074485336466104,5595500,0.019696119931470246,0.019504661272899477,48.483733367919925,48.046621322631836,47.411253929138184,47.86603476454601,47.09558014707288,0.7704546174731277,0.7052478801862869,0.06520673728684079,55.044409925518785,47.411253929138184,49.982845643357855,44.83966221491851,0.10848022362214779,1.5253466704939598,6173525.0,0.906370347572902,0.8987363022456568,0.018767658855908403
2022-02-09,49.35637283325195,49.5474588749145,48.7671842907337,48.95827336965412,5515900,0.014732529252676763,0.014625059789129098,48.53628234863281,48.426408767700195,47.52312030792236,48.09531754434692,47.263046271975035,0.8322712723718837,0.7306525586234064,0.10161871374847731,68.56129314735554,47.52312030792236,50.23216825280362,44.814072363041106,0.11400968317434505,1.4605138560019628,6163300.0,0.8949588694368277,0.7551040965736376,0.018812344352867178
2022-02-10,48.5283203125,49.730579234591055,48.337231252903855,49.276746134964974,6537200,-0.016777013245067418,-0.01691934147255467,48.49487991333008,48.48771591186524,47.590398979187015,48.16193335483201,47.35677027497689,0.8051630798551201,0.7455546628697493,0.05960841698537089,68.86709916541902,47.590398979187015,50.33051089537781,44.850287062996216,0.11515397958269472,1.4878116598836897,6303040.0,1.0371503274610347,0.13714381528246636,0.019300411787729538
2022-02-11,48.63978576660156,49.292668552414405,48.050597306662986,48.408887381135266,6042100,0.0022969155615479853,0.002294281683425594,48.57290802001953,48.571316146850585,47.63618068695068,48.235449110488865,47.45180845954168,0.7836406509471843,0.7531718604852363,0.030468790461947948,69.86661908183129,47.63618068695068,50.41601092809934,44.85635044580202,0.11671087820481618,1.4502765598213243,6381015.0,0.94688697644497,0.4743596288943452,0.019161427598175833
2022-02-14,48.43278121948242,48.86272632315503,47.871459529280294,48.64775225268982,4472000,-0.004255868808971552,-0.004264950795619783,48.7194091796875,48.658898162841794,47.639763832092285,48.26580789648788,47.524473108426186,0.7413347880616925,0.7508044460005276,-0.009469657938835141,66.6666958364381,47.639763832092285,50.42371021196442,44.85581745222015,0.11687490264159298,1.3606473146958074,6264850.0,0.7138239542846198,0.5662670110690609,0.018973754785631392
2022-02-15,49.252864837646484,49.37229285125613,48.33723488035025,48.42481724601867,4076800,0.016932408123491838,0.016790652835592924,48.84202499389649,48.662879180908206,47.705848121643065,48.41766281051228,47.65250212540547,0.7651606851068138,0.753675693821785,0.011484991285028778,69.43050485092505,47.705848121643065,50.580200304176394,44.831495939109736,0.12050313727592238,1.34358596096703,6228845.0,0.6545033629830249,0.8846170689828218,0.01919683426412533
2022-02-16,49.42802810668945,50.0888716001007,49.06177431225165,49.0856623440731,5613600,0.0035564077261365235,0.003550098662157057,48.85635604858398,48.6963191986084,47.79502277374267,48.57310362530877,47.78402256846354,0.7890810568452267,0.7607567664264734,0.028324290418753284,60.32609940985683,47.79502277374267,50.77025843773064,44.81978710975471,0.12449981154198686,1.185483500700103,6291970.0,0.8921848006268307,0.3565911381568347,0.019118642896476867
2022-02-17,48.70348358154297,49.44793062087471,48.26955665383751,48.85476331118959,3927800,-0.014658576376596844,-0.014767074901988779,48.891388702392575,48.69313430786133,47.92878398895264,48.59316208011403,47.85213079165461,0.7410312884594177,0.7568116708330623,-0.015780382373644652,55.666969576539685,47.92878398895264,50.80859158488225,45.048976393023025,0.1201702758239556,1.1542042969298707,6200075.0,0.6335084656233997,0.3682421168163322,0.017641089443560014
2022-02-18,48.2416877746582,48.8229125626351,47.92320702416735,48.36907946740304,5078900,-0.009481781854712601,-0.009527020135053497,48.81176910400391,48.69233856201172,48.08284854888916,48.5390891100439,47.88098686446969,0.6581022455742129,0.7370697857812926,-0.07896754020707963,54.199190466765955,48.08284854888916,50.651991684293286,45.513705413485035,0.10686318356500447,1.1178066603297856,6144545.0,0.8265705597403876,0.35398331268851774,0.017148268433701118
2022-02-22,48.01079559326172,48.59998414671205,47.724163488191714,48.5044380868501,5664000,-0.004786154714880753,-0.004797645030972154,48.72737197875976,48.72339057922363,48.22934913635254,48.4578131843851,47.89060232586169,0.5672108585234099,0.7030980003297161,-0.13588714180630623,41.06509540033782,48.22934913635254,50.3773425124042,46.08135576030088,0.08907411833317168,1.050129836407017,5984110.0,0.946506665151543,0.3272725974305418,0.017209786747170733
2022-02-23,47.74805450439453,48.71941520893755,47.67241462826008,48.46463177457301,5155100,-0.005472541865231273,-0.005487571079546769,48.42640991210938,48.63421745300293,48.340419387817384,48.34861954130963,47.88004322797524,0.4685763133343883,0.6561936629306506,-0.1876173495962623,40.208589406642744,48.340419387817384,50.09338594891282,46.58745282672195,0.07252591447467713,1.047001680314601,5959660.0,0.8649990100106382,0.07224434905572445,0.01724257923660502
2022-02-24,46.75278854370117,46.951838218308545,45.7973494981344,46.88814086455083,8108500,-0.02084411545190301,-0.021064420783807387,47.891361999511716,48.37385902404785,48.40013389587402,48.103107080139104,47.79654288099198,0.3065641991471253,0.5862677701739456,-0.2797035710268203,36.797410858542236,48.40013389587402,49.79986369301787,47.00040409873017,0.05783991425127737,1.1129736608073888,6058785.0,1.3383046270828227,0.8275862904462061,0.018018024522118682
2022-02-25,48.066261291503906,48.465133837863625,46.99453934859803,47.07511860531056,5445200,0.02809399799917811,0.027706600595188972,47.76391754150391,48.327653121948245,48.40768451690674,48.09743849727215,47.81652202251138,0.2809164747607724,0.525197511091311,-0.24428103633053855,48.900041597661385,48.40768451690674,49.797998668434346,47.017370365379136,0.05744187789201226,1.1681758381917753,5747835.0,0.9473480014648994,0.7287678169890383,0.015082281669676527
2022-02-28,47.510250091552734,47.68752813053433,46.74473491965196,46.994535513316826,6438200,-0.011567598248991562,-0.011635023382531721,47.61763000488281,48.21469955444336,48.393007850646974,48.00710181946916,47.793835212810734,0.21326660665842923,0.4628113302047346,-0.24954472354630536,48.861113143358814,48.393007850646974,49.8159778919851,46.97003780930885,0.058808910813304666,1.1846568911922688,5721150.0,1.1253331935013065,0.8119650788158179,0.015305734826878215
2022-03-01,46.0356330871582,47.788258064756015,45.34264040708327,47.63918305719052,7668100,-0.03103787080793996,-0.031529750216241346,47.22259750366211,47.97498474121094,48.31694145202637,47.703798937575165,47.66359801831795,0.04020091925721658,0.378289248015231,-0.3380883287580144,35.333174346381,48.31694145202637,50.055696442591646,46.578186461461094,0.07197289142532652,1.2876863902165177,5701750.0,1.3448678037444644,0.2833610049662359,0.01677095715495401
2022-03-02,47.703643798828125,48.17906874405763,46.341831747392085,46.374064676468976,6499800,0.03623303514718512,0.03559205594342509,47.213715362548825,47.8200626373291,48.241470909118654,47.70377507007562,47.66656437242981,0.03721069764581131,0.31007353794134707,-0.27286284029553576,41.59269127101328,48.241470909118654,49.94717196487628,46.535769853361025,0.07071513465959495,1.3759551436869815,5693770.0,1.141563498349951,0.7412282936253456,0.016933781364747824
2022-03-03,48.08237075805664,48.299938422099146,47.33297512488983,47.77616714842766,4514800,0.007939162065389693,0.007907812733875476,47.47963180541992,47.68549690246582,48.19090805053711,47.76202056053424,47.6973648454392,0.06465571509503576,0.2609899733720848,-0.19633425827704903,47.62281824441194,48.19090805053711,49.84955275105647,46.53226335001775,0.0688364161463803,1.3454990947957042,5646340.0,0.7995976154464662,0.7749990383084842,0.017059541800066257
2022-03-04,47.40550231933594,47.44176206327456,46.5996974435266,47.05900597682579,5869500,-0.01407726840522494,-0.014177292972780132,47.34748001098633,47.555698776245116,48.124416542053225,47.70717160034989,47.675745399061185,0.03142620128870277,0.21507721895540838,-0.1836510176667056,43.794575834824784,48.124416542053225,49.79772259400063,46.45111049010582,0.06954083486852036,1.36268495685132,5671625.0,1.0348885901306946,0.9569394644334186,0.01725947854254494
2022-03-07,46.72056198120117,47.63112226679142,46.450618110671314,47.34103204668116,6987800,-0.014448540878669092,-0.014553937495525202,47.18954238891602,47.40358619689941,48.04796237945557,47.55538550509624,47.60499107181229,-0.04960556671605332,0.16214066182111603,-0.21174622853716935,41.78644703739842,48.04796237945557,49.833164597393974,46.262760161517164,0.07430917481327887,1.376201911297418,5771260.0,1.2107927904824942,0.22866829129207217,0.01740721253749074
2022-03-08,46.60775375366211,47.719765333759376,46.43047569880412,46.825321437196465,6583400,-0.002414530621109634,-0.002417450300887455,47.3039665222168,47.263282012939456,47.993336296081544,47.4095960048756,47.53112164083821,-0.12152563596260535,0.10540740226437174,-0.22693303822697708,36.38766149683112,47.993336296081544,49.886906165544815,46.099766426618274,0.07890969937082172,1.3943613158723736,5789710.0,1.1370863134768407,0.13750056517683326,0.01725302815851719
2022-03-09,48.1871223449707,49.07350939425662,47.49412978382569,47.743930357278295,7484700,0.03388639151451267,0.033324897239828975,47.40066223144531,47.30718879699707,47.970703125,47.529215441813314,47.57971428558876,-0.05049884377544345,0.0742261530564087,-0.12472499683185215,44.42041976523281,47.970703125,49.8424342936303,46.0989719563697,0.07803642834890374,1.4971226267827633,5884170.0,1.272006077322715,0.43877516980745374,0.018403117109813946
2022-03-10,48.85594940185547,49.186329270683615,47.727821371080445,47.73588114104544,5421000,0.013879788298970075,0.013784346167748481,47.55537796020508,47.5175048828125,47.945681953430174,47.73332835874288,47.67425022012703,0.05907813861585254,0.07119655016829747,-0.012118411552444933,50.688996059924456,47.945681953430174,49.75164300074513,46.139720906115215,0.075333626459588,1.5171321933946185,5879425.0,0.9220289399048376,0.7734809138484304,0.018367390858937363
2022-03-11,49.08156204223633,50.35473488892864,49.04932911788696,49.20243397159603,6140000,0.004617915384779847,0.004607285526158541,47.89058990478516,47.619034957885745,47.973344039916995,47.94074892543418,47.778495540283274,0.1622533851509047,0.08940791716481893,0.07284546798608578,53.87819363348315,47.973344039916995,49.83303020439126,46.11365787544273,0.07752997843664515,1.5599236182950054,5859565.0,1.0478593547473234,0.02469188111274072,0.017979248559259406
2022-03-14,48.57391357421875,49.98407200945876,48.162954468465436,49.452240951124296,5836200,-0.010342956639821876,-0.010396816719369727,48.261260223388675,47.72540130615234,47.97005043029785,48.03815887140104,47.837415394648865,0.20074347675217297,0.11167502908228974,0.08906844766988323,52.53544379283621,47.97005043029785,49.82499416485548,46.115106695740224,0.07733757700559131,1.6274448241859325,5849270.0,0.997765533134904,0.22566314048709152,0.018142298741077426
2022-03-15,47.4377326965332,48.56183087943793,46.430476590765714,48.243537581147194,8354400,-0.02339076253243444,-0.023668668595742293,48.42725601196289,47.86561126708985,47.92029800415039,47.945785613729065,47.80780926886252,0.1379763448665443,0.11693529223914068,0.021041052627403634,48.70465644710045,47.92029800415039,49.776361384167856,46.06423462413292,0.07746460090280377,1.705761710098473,6043390.0,1.3824029228628303,0.47258970805322575,0.018873228477633886
2022-03-16,48.05819320678711,48.469155337063256,47.31685433680821,47.671407308463195,6154800,0.013079472288928473,0.012994674596946433,48.40147018432617,47.90106620788574,47.860564422607425,47.96307908958415,47.82635622722731,0.13672286235684084,0.1208928062626807,0.015830056094160133,55.62502095797163,47.860564422607425,49.60988201836606,46.11124682684879,0.0731005836166999,1.6487328525266811,6147290.0,1.0012216765436477,0.6433552200173921,0.01870083366910542
2022-03-17,50.63676834106445,50.66900126735455,47.65529028505252,47.84868476889212,9420600,0.05365526588113978,0.05226532440035404,48.757633972167966,48.15650596618652,47.92100143432617,48.37441589750419,48.03453490232636,0.3398809951778361,0.16469044404571181,0.17519055113212428,59.98747273184858,47.92100143432617,49.9581741598495,45.883828708802845,0.08502212660623093,1.7416875445366509,6337640.0,1.4864523702829444,0.9893045695581187,0.02235107408248097
2022-03-18,50.274166107177734,51.11220392237787,49.80277098884079,50.14523744898554,9510800,-0.0071608486435075225,-0.007186610578705541,48.99615478515625,48.443372344970705,47.99953556060791,48.666685160530896,48.20043351009312,0.4662516504377763,0.22500268532412473,0.24124896511365154,60.9028091274069,47.99953556060791,50.27131199867774,45.72775912253808,0.0946582674826638,1.7408237275141605,6616790.0,1.4373737114220038,0.3599994338492781,0.022128562926529427
2022-03-21,51.039676666259766,51.345883354019655,50.38697366511665,50.8623986248354,4836500,0.015226718180666898,0.015111955216589507,49.48930740356445,48.875283813476564,48.13943500518799,49.03176077679688,48.410747817957315,0.6210129588395645,0.30420474002721276,0.31680821881235177,70.90917901131454,48.13943500518799,50.78745241776919,45.491417592606794,0.11001447824619545,1.6426879838833877,6604670.0,0.7322848832719878,0.6806720193672142,0.022154215065449633
2022-03-22,51.20889663696289,51.99858500620184,50.959099105470855,51.57150942740463,5136700,0.00331545930060706,0.0033099752834341496,50.24354019165039,49.33539810180664,48.299340057373044,49.366704755283955,48.61801810084661,0.7486866544373427,0.3931011229092388,0.3555855315281039,66.74374524636536,48.299340057373044,51.28000180405685,45.318678310689236,0.12342453305337867,1.5638344298713562,6578305.0,0.7808546426473081,0.24030872271887999,0.022077260813589634
2022-03-23,51.007450103759766,51.44258549217568,50.781825712981934,51.08803243896741,2936100,-0.003933819051623932,-0.003941576869708013,50.83339157104492,49.61743087768555,48.46230983734131,49.619127116587926,48.79501306402537,0.8241140525625568,0.4793037088399025,0.3448103437226543,64.2131174281181,48.46230983734131,51.66426310329584,45.26035657138678,0.1321419996983863,1.541962750013101,6467355.0,0.4539877585195184,0.3414620478845061,0.02204715988141962
2022-03-24,51.6440315246582,51.732670552795724,51.09608703725671,51.378117514147306,3611400,0.012480165536671528,0.012402930213267726,51.03484420776367,49.89623908996582,48.70687198638916,49.93065087167567,49.00605146851669,0.9245994031589788,0.5683628477037178,0.356236555455261,70.67619083418592,48.70687198638916,52.100490590851976,45.313253381926344,0.1393486572248426,1.487858973906381,6242500.0,0.5785182218662395,0.8607581965579963,0.021356112902492865
2022-03-25,52.13556671142578,52.159746018935685,51.442577183971636,51.64402530470152,3962900,0.009517753983495414,0.009472745523977926,51.40712432861328,50.201639556884764,48.91033725738525,50.26986869317568,49.237867412435875,1.0320012807398058,0.6610905343109355,0.37091074642887034,76.92323740933512,48.91033725738525,52.6158573921857,45.2048171225848,0.15152298440718415,1.4547635938238055,6168385.0,0.6424534136568972,0.966285041967884,0.020702025388941284
2022-03-28,51.6601448059082,52.01470087550103,50.797933939418655,51.81324968101466,3879300,-0.009118955360149283,-0.009160787538288829,51.53121795654297,50.510262680053714,49.117831993103025,50.48375732590377,49.417295367507904,1.0664619583958626,0.742164819127921,0.32429713926794157,74.2460666735987,49.117831993103025,52.95564369564171,45.28002029056434,0.15626958873419253,1.4582166750417964,6040440.0,0.6422214275781234,0.7086080611127796,0.020610452283233632
2022-03-29,51.72461700439453,51.829369425159825,50.62066211006953,51.53122248146335,4225600,0.0012480065382811656,0.0012472284254473542,51.634362030029294,50.938951110839845,49.40228118896484,50.674658814902344,49.588208081351354,1.0864507335509899,0.8110220020125349,0.27542873153845493,69.86442631273417,49.40228118896484,53.119635787499945,45.68492659042974,0.15049323671172743,1.3684275089343525,5868315.0,0.7200704120348005,0.9133351568317262,0.018880932271257412
2022-03-30,51.7810173034668,52.32896480421575,51.59567949753294,51.95829534015067,3145900,0.0010903956827263972,0.0010898016331474575,51.789075469970705,51.31123352050781,49.60614986419678,50.844867813143026,49.75063839410065,1.094229419042378,0.8676634854185037,0.22656593362387434,67.63859770676538,49.60614986419678,53.37808814961834,45.83421157877522,0.15207542999195578,1.3166258951543266,5700620.0,0.5518522546670362,0.25274992109793626,0.017505326742599785
2022-03-31,51.34588623046875,52.20407036643906,51.337826460551724,51.69238256326305,4302100,-0.008403293246401988,-0.00843879997062831,51.72944641113281,51.38214530944824,49.76932563781738,50.92194756965468,49.86880490049828,1.0531426691563937,0.9047593221660818,0.14838334699031186,63.31769525719811,49.76932563781738,53.54606791922381,45.992583356410954,0.15176987966003935,1.271444353641053,5689985.0,0.7560828367737349,0.009304273045045835,0.017704466750602867
2022-04-01,51.716552734375,52.320906339335224,51.120255824964296,51.80519175492672,3317100,0.007219010735202591,0.007193078406253526,51.645643615722655,51.52638397216797,49.98487815856934,51.04419451807319,50.00567511041508,1.0385194076581072,0.9315113392644869,0.10700806839362031,68.78624079072308,49.98487815856934,53.68488500454583,46.28487131259284,0.14804504811390332,1.2271252803108819,5562365.0,0.5963470574117304,0.4966448581889633,0.01722981472596603
2022-04-04,51.57957077026367,51.9824731999534,51.02356344999483,51.9824731999534,3650000,-0.002648706398024836,-0.002652220427275704,51.62952880859375,51.58037338256836,50.22782859802246,51.12656009533326,50.12225997410757,1.0043001212256897,0.9460690956567276,0.05823102556896209,78.11836377837584,50.22782859802246,53.65326062565444,46.802396570390485,0.13639578390083307,1.142516192204134,5395475.0,0.6764928018385777,0.5798327887421497,0.016741935498566726
2022-04-05,51.160552978515625,52.0872267424578,51.09608711290139,51.57151211315056,3432500,-0.008123716143632942,-0.00815689332915234,51.51671600341797,51.57553901672363,50.455468559265135,51.131789769669005,50.199170567026684,0.9326192026423215,0.9433791170538465,-0.010759914411525018,71.65374876523323,50.455468559265135,53.445387079111036,47.465550039419234,0.11851712431662127,1.1310046657256605,5237930.0,0.6553161267905451,0.06504216261907357,0.01692430775336928
2022-04-06,49.693973541259766,50.99937934660572,49.38776997359673,50.934913496212914,4977000,-0.02866621550927595,-0.029085116422942234,51.099307250976565,51.44419136047363,50.53081111907959,50.91058727299066,50.161748565118025,0.7488387078726362,0.9044710352176044,-0.15563232734496824,42.210325129760676,50.53081111907959,53.35119223091214,47.710430007247034,0.11163015393464067,1.0423669530554365,5112545.0,0.9734877639218823,0.18999862553004582,0.017046566511092143
2022-04-07,49.35554122924805,49.79873322958759,48.37245844478852,49.79873322958759,4644800,-0.006810329057923448,-0.006833625178606546,50.70123825073242,51.215342330932614,50.555790710449216,50.671349420107184,50.10202950320173,0.5693199169054566,0.8374408115551748,-0.2681208946497182,42.37958894867619,50.555790710449216,53.322043300747836,47.789538120150596,0.10943365938600076,1.0507127995741499,5073735.0,0.915459715574424,0.6892660432928851,0.016894170957313076
2022-04-08,49.70204544067383,50.185527141023286,49.41195519090348,49.774568003116414,3913900,0.007020573633593097,0.006996044146981272,50.298336791992185,50.97199020385742,50.586814880371094,50.52222573096359,50.072401054125585,0.44982467683800564,0.759917584611741,-0.3100929077737353,38.07473238444137,50.586814880371094,53.29679679739882,47.87683296334337,0.1071418282980004,1.0334462756408154,4962430.0,0.788706339434511,0.3750009885640409,0.016932426625377736
2022-04-11,49.91960906982422,50.459496822194616,49.2749658304635,49.436124334877604,2760400,0.004377357656438541,0.004367804893506942,49.9663444519043,50.797936630249026,50.65409965515137,50.42951547540369,50.061083129362515,0.3684323460411747,0.6816205368976278,-0.3131881908564531,38.60395892045137,50.65409965515137,53.21645287302317,48.09174643727957,0.10117061542169642,1.0438066392836818,4808640.0,0.5740500432554735,0.544218123813234,0.016743154554636694
2022-04-12,50.97521209716797,51.37005781564012,50.19358350379476,50.370858475807495,4137300,0.021146059574850495,0.02092558436229391,49.92927627563476,50.722996139526366,50.830973625183105,50.513468801828964,50.12879638623699,0.38467241559197163,0.6222309126364967,-0.23755849704452503,49.75243014522575,50.830973625183105,52.89924345003354,48.76270380033267,0.0813783281076384,1.1002129940424072,4597785.0,0.8998463390523915,0.6643821959047786,0.01621190321153416
2022-04-13,51.700435638427734,51.75684172493652,50.94297720719343,51.1605448582564,3465600,0.014226984281641819,0.014126730494606866,50.33056869506836,50.71493797302246,51.013085746765135,50.69607908438262,50.24521410862149,0.45086497576112805,0.587957725261423,-0.13709274950029493,50.42733412407199,51.013085746765135,52.64974613156874,49.37642536196153,0.0641662961902825,1.106544713235774,4463325.0,0.7764614945136193,0.9306935066144175,0.016248738904274307
2022-04-14,52.77215576171875,53.183117939911966,51.88577169228079,51.966350944447356,7000200,0.020729421523373537,0.020517490860886937,51.0138916015625,50.85756492614746,51.119855117797854,51.01547549628048,50.43239497181388,0.5830805244666024,0.5869822851024589,-0.003901760635856455,54.433245489129284,51.119855117797854,52.923263605721274,49.316446629874434,0.0705560876010991,1.1612242465586442,4342305.0,1.6120931164439163,0.6832286016351624,0.012057176328711833
2022-04-18,53.086421966552734,53.569909800822266,52.61905982005708,52.772158562959454,4958900,0.005955151922407476,0.005937490089774893,51.69076690673828,50.99455184936524,51.2604679107666,51.33408264555314,50.628989564016756,0.7050930815363827,0.6106044443892437,0.09448863714713907,60.16075013832469,51.2604679107666,53.218183897103295,49.302751924429906,0.07638307124877029,1.1335969043270768,4114710.0,1.205163911916028,0.49152037759347167,0.011880261832404176
2022-04-19,54.02920913696289,54.2709468651847,53.1105922445553,53.20728487672316,5292500,0.017759478516072624,0.017603621564238028,52.51268692016602,51.239515686035155,51.40994453430176,51.74871749038541,50.880857680531285,0.8678598098541244,0.6620555174822199,0.20580429237190445,64.59179399831604,51.40994453430176,53.72126270135075,49.09862636725276,0.08991716244730966,1.1318695888657675,4137510.0,1.2791509869462552,0.7916690881901477,0.012032307876454198
2022-04-20,54.42405700683594,54.93171181834612,54.02115460626517,54.04532776665098,5021500,0.007308044596250118,0.007281470230895313,53.20245590209961,51.56586608886719,51.57070255279541,52.160308185223954,51.14331688988719,1.0169912953367657,0.7330426730531292,0.2839486222836365,66.04696686787031,51.57070255279541,54.24230768274151,48.89909742284931,0.10360941378338023,1.1445318678227778,4131750.0,1.2153445876444606,0.44247894673767907,0.0120722853686049
2022-04-21,56.01150131225586,57.905141631228396,55.51190005219949,55.60053908459342,10282500,0.02916806266795824,0.028750769723567864,54.06466903686523,52.197618865966795,51.82090511322021,52.75279943553655,51.50392314339598,1.2488762921405723,0.8362093968706179,0.41266689526995437,74.84978136163285,51.82090511322021,55.1313166072796,48.510493619160826,0.127763553601647,1.331306204858858,4499070.0,2.285472330948396,0.20875504685638002,0.013264729718361465
2022-04-22,55.197628021240234,57.3974777992367,54.98811705481137,56.46274129347918,7439400,-0.014530467349525233,-0.014637068493363714,54.54976348876953,52.78182754516602,51.99858493804932,53.1289269102602,51.77753091212518,1.3513959981350183,0.9392467171234979,0.4121492810115204,67.70486326281082,51.99858493804932,55.63448737907717,48.36268249702147,0.13984620717504664,1.4176426498627437,4690470.0,1.586067067905775,0.08695707608088664,0.013802924873980597
2022-04-25,54.85113525390625,55.06869985583561,52.804390221039306,54.31930725596612,7252100,-0.006277312626561615,-0.006297097795385711,54.902706146240234,53.296736526489255,52.13436336517334,53.3938820400519,52.00520530781267,1.388676732239226,1.0291327201466438,0.35954401209258213,66.29207463927881,52.13436336517334,55.98809839105221,48.28062833929447,0.14783857621452154,1.5200946534514839,4854930.0,1.4937599512248374,0.9039156979128918,0.013887474654832426
2022-04-26,54.287071228027344,55.58441743922009,54.27095168936506,54.98811746476941,6612800,-0.010283543326274791,-0.010336784276211415,54.954278564453126,53.73348274230957,52.265709686279294,53.53129576127889,52.17423241301376,1.3570633482651289,1.094718845770341,0.2623445024947879,65.34803572378263,52.265709686279294,56.22890299246661,48.30251638009198,0.1516555818327566,1.5431179477585277,4991605.0,1.3247843128612942,0.01227252293509346,0.013941681219528053
2022-04-27,54.35152816772461,55.060640285440805,54.03001654665889,54.891422024931906,5412300,0.0011873349996451843,0.0011866306749023106,54.93977279663086,54.07111434936523,52.3970552444458,53.65748536227054,52.33551358002938,1.3219717822411639,1.1401694330645056,0.18180234917665827,76.51375644738465,52.3970552444458,56.45766460887003,48.33644588002157,0.1549938005286915,1.4901065716058863,5050940.0,1.071543118706617,0.3119582887990983,0.013941991811716115
2022-04-28,54.64162826538086,54.8269660972912,53.27176239541285,54.8269660972912,5532300,0.005337478217006586,0.00532328436400129,54.66579818725586,54.36523361206055,52.540085792541504,53.80889196274905,52.506336890055415,1.302555072693636,1.1726465609903316,0.1299085117033043,80.25826551850936,52.540085792541504,56.70939863501452,48.370772950068485,0.15870978433251387,1.4993157799686918,5170260.0,1.070023557809472,0.880827289380315,0.0139505755170667
2022-04-29,53.58602523803711,55.370880120208035,53.432920341488476,54.891431374338374,6499800,-0.01931865979939229,-0.01950770378577406,54.34347763061523,54.446620559692384,52.65209274291992,53.77460477433183,52.586313804720724,1.1882909696111028,1.175775442714486,0.012515526896616835,70.563113462859,52.65209274291992,56.806659566583974,48.497525919255864,0.15781203014851547,1.5784567704647148,5280145.0,1.2309889217057486,0.07900313383168404,0.014609261270335162
2022-05-02,54.037269592285156,54.23872079851682,53.03001356112683,54.10979522338608,7250100,0.008420933484869497,0.00838567522451968,54.180704498291014,54.54170532226563,52.76812858581543,53.81501474632465,52.69379201120697,1.1212227351176765,1.1648649011951242,-0.04364216607744775,71.2739036278882,52.76812858581543,56.942264854442634,48.59399231718823,0.15820671987026835,1.5801836451546347,5476795.0,1.3237851699762362,0.8333333264389141,0.014633278270689208
2022-05-03,54.91559600830078,55.06064111202907,54.03726561688991,54.08561808333432,4599500,0.0162540857937985,0.0161234023331036,54.306409454345705,54.630344009399415,52.934929847717285,53.984334940474824,52.85837008506577,1.1259648554090518,1.1570848920379098,-0.031120036628857983,70.73788007641882,52.934929847717285,57.17518078315083,48.69467891228374,0.1602061605685266,1.5496784129634382,5524270.0,0.8325986962983345,0.8582679446597042,0.014904832456421054
2022-05-04,56.89788818359375,57.03487355003557,55.14123314136298,55.455496580990165,5589800,0.036097071130637204,0.03546083745045322,54.81568145751953,54.8777271270752,53.22179660797119,54.43257390095466,53.1575936479197,1.2749802530349612,1.18066396423732,0.0943162887976412,74.15730177704476,53.22179660797119,57.724765984154885,48.7188272317875,0.16921523372659947,1.6429222003914166,5632135.0,0.9924833122785587,0.9276603017705735,0.016340535316478923
2022-05-05,55.17345428466797,56.69642482744179,54.41599582397318,56.615845578981244,6530600,-0.030307520260884013,-0.030776288946510057,54.92204666137695,54.793922424316406,53.495770645141604,54.54655549844902,53.3069166580492,1.2396388403998202,1.1924589394698202,0.04717990093000002,60.52256609889794,53.495770645141604,57.75516717639488,49.23637411388833,0.1592423655136223,1.7142943474011554,5709815.0,1.143749841282073,0.3321561233527158,0.016524009414627425
2022-05-06,54.73832702636719,55.0928831491685,53.70689773945808,54.85113922038515,5807800,-0.007886532825291948,-0.007917796005844432,55.15250701904297,54.7479923248291,53.76490993499756,54.57605881043642,53.41294705570238,1.1631117547340395,1.186589502522664,-0.023477747788624548,57.1628291187628,53.76490993499756,57.579850286247066,49.94996958374806,0.14191190335338844,1.7511305305757772,5767965.0,1.0069062485642684,0.744184803274921,0.016567467599846817
2022-05-09,53.69078063964844,54.641630709459314,53.561855046825215,53.859998938368534,7266900,-0.01913734751546481,-0.019322836879785723,55.08320922851563,54.63195686340332,53.964346694946286,54.43986216877673,53.43352732117987,1.006334847596861,1.1505385715375034,-0.1442037239406424,48.54575121079485,53.964346694946286,57.26772722104143,50.66096616885114,0.12242825970890538,1.7505553220693493,5935615.0,1.2242876264717304,0.1194003496195742,0.01743582953167773
2022-05-10,53.03001022338867,54.67385270051106,52.60293467670638,54.33541617081595,7885500,-0.012306962357180096,-0.012383320153525964,54.706092071533206,54.50625076293945,54.11986675262451,54.222961869486255,53.40363716578792,0.8193247036983351,1.0842957979696697,-0.2649710942713346,44.14353429942958,54.11986675262451,56.86760788021037,51.37212562503865,0.10154278982782644,1.8334382371924727,6191870.0,1.273524799454769,0.20622522944458024,0.01781245627689434
2022-05-11,53.819705963134766,55.19763150082034,53.03807428524109,53.50544256758207,5683300,0.014891487601444986,0.014781698011551807,54.09045562744141,54.453068542480466,54.26209144592285,54.160922499278335,53.4344570767025,0.7264654225758349,1.0127297228909027,-0.2862643003150678,40.13062833106711,54.26209144592285,56.58631502991655,51.93786786192915,0.08566656839277939,1.7396194266952736,6269170.0,0.9065474376990893,0.361940711102954,0.017533089932663504
2022-05-12,54.02116394042969,54.303194439999935,52.91318214741502,53.61020169945373,6035700,0.003743201002118335,0.0037362126590001505,53.85999755859375,54.39102210998535,54.378127861022946,54.13942118253239,53.477916844385994,0.6615043381463934,0.9424846459420008,-0.28098030779560734,44.39331087043547,54.378127861022946,56.37213198492244,52.38412373712345,0.07333846170635647,1.6668088229923868,6397675.0,0.9434208521064293,0.7971021486315094,0.01733105403091246
2022-05-13,54.4401741027832,55.05258751471369,54.19843633467079,54.39182777872136,3924400,0.007756407522347519,0.007726481240866026,53.800366973876955,54.47643699645996,54.46152877807617,54.18569086257098,53.54919515982282,0.6364957027481566,0.881286857303232,-0.24479115455507539,48.05492172635695,54.46152877807617,56.30668392557809,52.61637363057425,0.06775994684323657,1.569536378284035,6243885.0,0.6285189429337664,0.28301519793032465,0.01684245786588752
2022-05-16,54.77861404418945,55.27498764634291,53.73106532527274,54.238720145656956,4028300,0.006216731430124911,0.0061974872712832075,54.01793365478515,54.55057144165039,54.54613838195801,54.27690981358921,53.64026322533146,0.6366465882577472,0.8323588034941352,-0.19571221523638793,52.3772432575437,54.54613838195801,56.27747719058246,52.81479957333356,0.06348162711357465,1.5859975619422595,6197355.0,0.6500031061638393,0.678498327173367,0.016846044222013204
2022-05-17,56.382164001464844,56.64082665904096,55.51995309361015,56.092073775662996,4502600,0.029273284570175973,0.0288530042637461,54.68836441040039,54.697228240966794,54.66378612518311,54.60079507326238,53.84336698652652,0.7574280867358638,0.817372660142481,-0.059944573406617185,58.54817559249766,54.66378612518311,56.55922337428639,52.76834887607983,0.06934891940205623,1.645396767375802,6157860.0,0.7311955776844553,0.7692311842781206,0.017603288873995166
2022-05-18,55.528018951416016,56.71254699754535,55.19360917812314,55.93092140389367,4623900,-0.015149206582894537,-0.015265128048474866,55.03002700805664,54.560241317749025,54.71898422241211,54.74344490067064,53.96815602096277,0.7752888797078654,0.8089559040555581,-0.03366702434769264,53.56219312451748,54.71898422241211,56.6490091998409,52.788959244983324,0.0705431580960626,1.642806347200364,6137980.0,0.7533260127924822,0.22016027701415644,0.01797795782123654
2022-05-19,55.407142639160156,56.05984259366943,54.633570728829845,55.04452677169707,4988400,-0.002176852596913581,-0.0021792253846260423,55.30722274780273,54.583610153198244,54.68876628875732,54.845552245053646,54.074747622310724,0.7708046227429222,0.801325647793031,-0.030521025050108785,57.91314281698237,54.68876628875732,56.55133000425304,52.826202573261604,0.06811503867764578,1.6062572104946515,5873275.0,0.8493387420136125,0.5423733889566575,0.01673057217490955
2022-05-20,54.88336181640625,56.188767719907595,53.88416565139416,55.50382876663571,5232200,-0.009453308685579365,-0.009498274818330923,55.395860290527345,54.59811363220215,54.67305297851563,54.85136910218482,54.134644970021505,0.7167241321633142,0.7844053446670877,-0.06768121250377346,53.65342067360592,54.67305297851563,56.522799536805856,52.8233064202254,0.06766574967076033,1.684535412717754,5762915.0,0.907908584457692,0.4335655922243252,0.016542500263502936
2022-05-23,54.38376235961914,54.89947692205249,53.859988028078305,54.63356601953086,6582300,-0.00910293102048576,-0.0091446158593771,55.316889953613284,54.66741180419922,54.64968433380127,54.779429603328566,54.153098109991696,0.6263314933368704,0.7527905744010444,-0.12645908106417392,47.625896438359334,54.64968433380127,56.50176566436247,52.79760300324006,0.06778012913116419,1.6856863697773992,5729425.0,1.148858742369435,0.5038767893897995,0.01660946163799961
2022-05-24,54.04533386230469,54.30319118184103,52.756047264622985,54.15008628505889,4664400,-0.006222969552502677,-0.0062424129332091655,54.84952392578125,54.76894416809082,54.637597465515135,54.6664917970172,54.14511557312599,0.5213762238912096,0.7065077042990775,-0.18513148040786787,35.075883915292295,54.637597465515135,56.50275185966244,52.77244307136783,0.06827366065371039,1.6505747664389254,5632005.0,0.8281952874686723,0.8333333279470636,0.016505459584476995
2022-05-25,54.230674743652344,54.53687840664093,53.50544907046488,53.7552466337502,6264900,0.0034293595413781297,0.0034234926971321296,54.59005508422852,54.81004104614258,54.631554794311526,54.599443019576455,54.15145328946128,0.4479897301151752,0.6548041094622971,-0.20681437934712188,44.120686455959394,54.631554794311526,56.50138870320107,52.76172088542198,0.06845252403778344,1.5469702647643169,5674635.0,1.104018143898242,0.7031268558299085,0.016522226805667787
2022-05-26,54.665794372558594,55.02841021919388,53.91640181467828,54.12590663507801,5732800,0.008023496498301919,0.007991479395659288,54.441785430908205,54.87450408935547,54.63276309967041,54.60965092003525,54.18955262894997,0.4200982910852815,0.607862945786894,-0.18776465470161252,49.54767514444707,54.63276309967041,56.5026556491485,52.762870550192325,0.06845315680141277,1.5216453975718676,5684660.0,1.0084684044428338,0.6739090712787053,0.01657856350406807
2022-05-27,56.22907638549805,56.23722018656963,54.81235938214905,55.032192315880735,4784300,0.028597078500046447,0.02819581408636448,54.71092834472656,55.05339431762695,54.76491565704346,54.85879329933722,54.34062846276834,0.5181648365688787,0.589923323943291,-0.07175848737441226,64.87254163490917,54.76491565704346,56.69591682542867,52.83391448865825,0.07051964365207078,1.5498563857482293,5598885.0,0.8545094246443712,0.9942844866044727,0.017071565365663503
2022-05-31,55.3497314453125,55.97666738680905,55.05254175680045,55.887104222038204,7876000,-0.01563861611663142,-0.0157621893092724,54.90412216186523,55.11050605773926,54.830538749694824,54.93432224487188,54.41537683184569,0.5189454130261879,0.5757277417598704,-0.0567823287336825,63.252412606355826,54.830538749694824,56.746568036819475,52.91450946257017,0.06988912860664953,1.4859718575262946,5630180.0,1.39888955592894,0.3215901341177852,0.01747877797281549
2022-06-01,55.455570220947266,56.82180900887664,55.361938271859295,55.895242198954136,5958100,0.0019121822793184418,0.001910356386040426,55.18616943359375,55.0178466796875,54.85753746032715,55.014514241191165,54.49242819400136,0.5220860471898021,0.5649994028458568,-0.0429133556560547,60.1377093701567,54.85753746032715,56.79372471114636,52.92135020950794,0.07058965241447288,1.4362901636786138,5698110.0,1.0456274097902638,0.06413715000404657,0.017125546003976845
2022-06-02,55.44744110107422,56.15580273293551,54.63323489926138,55.71613063852854,4598700,-0.00014658797737820972,-0.0001465987224458436,55.42952270507813,55.00978889465332,54.78501510620117,55.08111837348086,54.56316989082157,0.5179484826592926,0.555589218808544,-0.03764073614925134,59.055859605474645,54.78501510620117,56.494842150583935,53.07518806181841,0.062419515302432615,1.445758416613558,5648555.0,0.8141374209864293,0.5347585693443151,0.014954773877669247
2022-06-03,54.57623291015625,55.496289762268816,54.291262022647715,55.0321863301699,4966800,-0.01571232456570648,-0.015837071573087412,55.41161041259765,54.92669792175293,54.755154037475585,55.00344368681554,54.5641375218834,0.4393061649321339,0.532332608033262,-0.09302644310112806,50.816965543464065,54.755154037475585,56.45726027570833,53.05304779924284,0.062171544146064746,1.4581587141376364,5570365.0,0.8916471362289545,0.2364849171300323,0.013767830450971083
2022-06-06,54.60880661010742,55.04847867957948,54.28312290547257,54.58438141934231,3117300,0.0005968477158324603,0.0005966696730739332,55.08755645751953,54.89924240112305,54.748678016662595,54.9427302903989,54.567446343233335,0.37528394716556335,0.5009228758597223,-0.12563892869415894,48.94151082838655,54.748678016662595,56.4520389336289,53.04531709969629,0.06222473231035427,1.4025468179259752,5435840.0,0.5734716253605698,0.4255324273989667,0.013657043936488722
2022-06-07,54.85307312011719,54.926348695322766,54.079573514401396,54.356406848500804,4873800,0.004473024136084192,0.004463049895907377,54.988224792480466,54.94617347717285,54.806792640686034,54.928936879586324,54.588603882261765,0.340332997324559,0.4688049001526896,-0.1284719028281306,38.52367117006206,54.806792640686034,56.43587295925805,53.17771232211402,0.059448117289120875,1.3300155726452512,5316185.0,0.9167852510776054,0.9134651251108957,0.012919004251632043
2022-06-08,54.74721908569336,55.211316336775134,54.42967918821108,54.600661732093855,3200900,-0.0019297740017597542,-0.001931638414591756,54.846554565429685,55.016361999511716,54.89265308380127,54.900980295910486,54.60035315659004,0.30062713932044716,0.4351693479862412,-0.13454220866579403,43.398317406623285,54.89265308380127,56.29229143460199,53.49301473300055,0.05099547105744656,1.2773512390125252,5081955.0,0.6298560298152974,0.4062497464496578,0.012553297216181014
2022-06-09,53.62361526489258,54.5640223344106,53.58290247435686,54.47039037045808,3113400,-0.020523486664081547,-0.020737020102564802,54.48178939819336,54.95565605163574,54.88284854888916,54.70446259883081,54.528002201649485,0.176460397181323,0.38342755782525756,-0.20696716064393456,37.10647873651815,54.88284854888916,56.31646815422971,53.449228943548604,0.052242900769390546,1.2586401494765909,4953460.0,0.6285303605964316,0.041496245034249674,0.013076864445378247
2022-06-10,50.374935150146484,52.988539330994996,50.36679445501895,52.931545147252045,6448900,-0.06058301177005887,-0.06249582142465396,53.6415298461914,54.52657012939453,54.700537109375,54.03838145287937,54.22036760524186,-0.18198615236249083,0.2703448157877079,-0.45233096815019874,26.6191237559849,54.700537109375,57.15760181933547,52.24347239941453,0.08983695004849812,1.3266557738594622,4974120.0,1.2964906355295007,0.003105067610156205,0.01875800623204124
2022-06-13,47.77761459350586,49.32460743874121,47.19952900312994,49.251328764894275,8509300,-0.05155977965825875,-0.05293651706321833,52.275291442871094,53.68142395019531,54.36740913391113,53.07518655143729,53.74312664140957,-0.6679400899722765,0.08268783463571097,-0.7506279246079874,21.862369228149547,54.36740913391113,58.32284844019955,50.41196982762271,0.14550773595062683,1.4792212919339163,5203365.0,1.6353455888641293,0.2720302356695524,0.021415802771582226
2022-06-14,47.679908752441406,48.144005965569775,46.7842802085825,47.4519289399584,7128900,-0.0020450129604782097,-0.0020471068546633244,50.840658569335936,52.914441680908205,54.01247386932373,52.24514381313023,53.293999390374886,-1.0488555772446588,-0.14362084774036307,-0.9052347295042957,22.32007012137872,54.01247386932373,58.96169212838537,49.06325561026208,0.18326204687589928,1.4600791963618533,5358395.0,1.3304170371911739,0.6586832180457514,0.021240956056222723
2022-06-15,46.74357223510742,48.57553596631326,46.21840892611444,48.05444455750001,6387900,-0.019637967895356767,-0.019833355021535333,49.23992919921875,52.04324188232422,53.53054428100586,51.3987481857421,52.808782564058774,-1.4100343783166736,-0.39690355385562526,-1.0131308244610482,19.438561152961114,53.53054428100586,59.31485142904933,47.74623713296239,0.2161123980985152,1.5547718895063365,5452660.0,1.1715199553979159,0.22279804940878487,0.019636679854423494
2022-06-16,45.1233024597168,45.57111831821933,44.496366469713074,45.32685399323616,7641800,-0.0346629429013493,-0.0352779566603837,47.5398666381836,51.01082801818848,53.0103084564209,50.43329499712283,52.23948774151492,-1.8061927443920922,-0.6787613919629188,-1.1274313524291735,14.48489685954516,53.0103084564209,59.819055111900155,46.20156180094165,0.2568838723538701,1.63585741528339,5603555.0,1.3637414105866723,0.5833309196367169,0.02042000852438419
2022-06-17,44.59407424926758,45.56297851569916,43.94270990603835,44.91161417246994,12735800,-0.011728490194654495,-0.011797811491643679,46.38369445800781,50.01261215209961,52.46965503692627,49.53495334360664,51.67316081616327,-2.13820747255663,-0.9706506080816613,-1.1675568644749685,3.086031230388727,52.46965503692627,60.139794801902184,44.799515271950355,0.2923647872118825,1.6393461864012306,5990925.0,2.125848679461018,0.4020100959343306,0.020336025804425555
2022-06-21,44.740623474121094,46.157340274627344,44.70805448639806,45.87236939692483,6391700,0.003286293690824227,0.0032809056289883616,45.77629623413086,49.025793838500974,51.96251811981201,48.797364132916556,51.15963953156756,-2.3622753986510006,-1.2489755661955293,-1.1132998324554713,4.535892776456549,51.96251811981201,60.27504070223051,43.64999553739351,0.3199430236714854,1.6669698575913858,6048900.0,1.05667146092678,0.022472439709837828,0.020571846283291003
2022-06-22,42.61554718017578,42.98194054449092,41.988608113669834,42.58297819091449,10383100,-0.04749769066527432,-0.048662747485820446,44.763423919677734,47.80204124450684,51.374107360839844,47.84631537095643,50.526743801834826,-2.6804284308783934,-1.5352661391321023,-1.1451622917462911,3.0934139149973845,51.374107360839844,60.582736587904975,42.16547813377471,0.3584930113679971,1.7583939859404656,6238940.0,1.6642410409460582,0.6311472783348568,0.022213729442349495
2022-06-23,41.57335662841797,42.86794420391601,41.05226221513987,42.542260583860845,9662000,-0.02445564167817671,-0.02475964755729582,43.72938079833985,46.4846549987793,50.75050849914551,46.88124479518129,49.86352993713728,-2.982285141955991,-1.8246699396968804,-1.1576152022591106,2.8761182341682456,50.75050849914551,60.84413651767606,40.65688048061496,0.3977744585042138,1.779330711304895,6488820.0,1.489022657432322,0.28699651901012546,0.022343164516067254
2022-06-24,43.266902923583984,43.8042787168762,41.67920072787317,41.939746378805815,9109000,0.040736337705490344,0.0399284796519818,43.35810089111328,45.44898376464844,50.20231990814209,46.32519219955094,49.37489089909629,-3.0496986995453526,-2.069675691666575,-0.9800230078787777,13.619689207931074,50.20231990814209,60.68357015430974,39.72106966197443,0.41756039423459984,1.8526088790789754,6631025.0,1.3736941121470663,0.7471265508633933,0.025149599811925726
2022-06-27,42.517845153808594,43.397186160175714,42.31429362106298,43.07150557135267,7507300,-0.017312488742222687,-0.017464102295531168,42.94285507202149,44.66327476501465,49.59492244720459,45.73944650020597,48.86696158463054,-3.127515084424566,-2.281243570218173,-0.8462715142063928,12.81920260962248,49.59492244720459,60.390328842399,38.799516052010176,0.43534321105901413,1.8752900765793912,6719750.0,1.1171993005692176,0.18797020342636342,0.024780312532152127
2022-06-28,42.77024459838867,44.08926069074546,42.61961846065729,42.99008061378147,5169400,0.005936317884102982,0.005918767371787669,42.548779296875,44.16253776550293,48.92198085784912,45.28264620761869,48.415352918983,-3.132706711364307,-2.4515361984474,-0.681170512916907,12.862787785047331,48.92198085784912,59.65389115022511,38.190070565473135,0.43873572182448295,1.9270501020090696,6739005.0,0.7670865357719723,0.10249170418668867,0.02329043556436493
2022-06-29,42.32242965698242,43.16106088567547,41.75248480684316,42.91679969445851,4392800,-0.010470245040944182,-0.010525443690210377,42.49015579223633,43.62678985595703,48.27061576843262,44.827228276751576,47.964025269945914,-3.136796993194338,-2.5885883573967874,-0.5482086357975504,12.59796966299308,48.27061576843262,58.94107264052515,37.60015889634009,0.4421098302653373,1.9718314541710882,6564845.0,0.6691399416132445,0.4046248226545866,0.023292082317831697
2022-06-30,42.02117919921875,42.45270745763412,41.40238079618358,41.65478581662555,5848000,-0.007117985904998014,-0.007143439624734851,42.57972030639648,43.154550552368164,47.598896217346194,44.3955284186696,47.52381444989204,-3.1282860312224443,-2.696527892161919,-0.4317581390605252,13.254187004766607,47.598896217346194,58.054177740126576,37.14361469456581,0.43930772995404976,1.9636893148935195,6559340.0,0.8915531135754512,0.5891485190798664,0.023072942224662957
2022-07-01,42.0863151550293,42.37128917367011,40.62888849390346,41.45123534620407,5255100,0.0015500744398853072,0.0015488743145297401,42.34360275268555,42.85085182189941,46.930839920043944,44.04026483964802,47.12103672434666,-3.080771884698642,-2.773376690669264,-0.307395194029378,17.118780931903814,46.930839920043944,56.97389711365555,36.887782726432334,0.42799392513417456,1.8555164484573063,6592160.0,0.7971742190723526,0.8364474771420256,0.02312774587423594
2022-07-05,41.304683685302734,41.377962373806895,40.18515006456997,41.33725268151579,5891000,-0.01857210513316132,-0.0187467321855039,42.10097045898438,42.52191276550293,46.26726245880127,43.619406200517965,46.690195758491555,-3.0707895579735904,-2.8328592641301293,-0.2379302938434611,19.99992928014258,46.26726245880127,55.929932228103624,36.604592689498915,0.41768927988365373,1.764499230131791,6638370.0,0.8874166399281751,0.9385664472755959,0.02315140862621684
2022-07-06,41.671077728271484,41.72807191949036,40.73881116340491,41.21512109257,5657000,0.008870520490128486,0.008831408548593093,41.88113708496094,42.21495819091797,45.62037601470947,43.31966335863389,46.318409237734514,-2.9987458791006247,-2.8660365871242286,-0.13270929197639614,22.827639861376326,45.62037601470947,54.642786153717644,36.5979658757013,0.39554299754561684,1.7380374443530893,6765355.0,0.8361719377623199,0.9423870801584445,0.023489436385862966
2022-07-07,42.56669616699219,42.99822753487738,42.12702721024399,42.452707803911174,5507600,0.021492567208384772,0.021264858898978604,41.92999038696289,42.21007308959961,45.00605716705322,43.20382225222747,46.040504565827675,-2.836682313600207,-2.8601657324194245,0.023483418819217672,31.04205558447009,45.00605716705322,52.995562971461524,37.01655136264492,0.35504135697792416,1.6644676419535946,6797045.0,0.8102932965722605,0.504670325836383,0.02445058111867685
2022-07-08,41.83390808105469,43.05521716663435,41.77284200558578,42.688823819770526,4226900,-0.01721505665045553,-0.017364958609626467,41.89253616333008,42.23612823486328,44.36039161682129,42.993066225893195,45.72890482621486,-2.7358386003216637,-2.8353003059998727,0.099461705678209,33.76198085774449,44.36039161682129,51.01008616441176,37.71069706923082,0.29980323911608264,1.5955511702146106,6848345.0,0.6172148161344091,0.04761950858653592,0.024347677347886818
2022-07-11,41.532649993896484,41.80948018013359,41.12554696154485,41.31281708966229,3919100,-0.007201289599205185,-0.007227344044240353,41.781803131103516,42.06270294189453,43.75584335327149,42.768386805586005,45.41807113493201,-2.649684329346009,-2.7981771106691,0.14849278132309118,34.53937178374764,43.75584335327149,48.88402794556078,38.62765876098219,0.23439998863172984,1.530414920918113,6888630.0,0.5689229933963648,0.5952379784086087,0.024315403364081473
2022-07-12,41.05226516723633,41.98453141308622,40.91385163762644,41.434942982427394,6068200,-0.011566438133149504,-0.01163384969057343,41.731319427490234,41.916144943237306,43.289709854125974,42.50436809199375,45.094678100287894,-2.5903100082941464,-2.7566036901941096,0.16629368189996319,31.98084180511941,43.289709854125974,47.49667567590926,39.08274403234269,0.19436331802451737,1.4952301887823995,6869595.0,0.8833417399424566,0.12927630790231653,0.021513054164313702
2022-07-13,40.44161605834961,40.88128810388973,39.920524644057544,40.710305565940736,6071500,-0.014874918750502397,-0.014986659831993767,41.48542709350586,41.6832820892334,42.92290992736817,42.187021625279264,44.75000683792209,-2.562985212642829,-2.717879994683854,0.15489478204102491,37.53496940191003,42.92290992736817,46.7438404386235,39.10197941611283,0.17803688136339807,1.3794962718343657,6747705.0,0.8997874092006097,0.5423722181933948,0.019221202655241746
2022-07-14,39.81468200683594,39.95309556158235,39.30173126229045,39.68440914697756,4969400,-0.015502200767870566,-0.015623616322286824,40.93502426147461,41.43250732421875,42.52964859008789,41.82204629936491,44.384427220804604,-2.562380921439697,-2.6867801800350226,0.12439925859532552,39.41177821567519,42.52964859008789,45.87901226138854,39.18028491878724,0.1575072347097298,1.3312250437831525,6639730.0,0.7484340477700148,0.7875020740745159,0.019232727963286907
2022-07-15,40.34391403198242,40.905718262185744,40.034514825924795,40.490471387170246,4809900,0.013292383574873723,0.013204814987628068,40.63702545166016,41.264780807495114,42.20966567993164,41.59464133515221,44.085129947558514,-2.4904886124063026,-2.647521866509279,0.1570332541029762,29.532463036607595,42.20966567993164,45.04772014990648,39.3716112099568,0.13447415061257784,1.249804627132551,6560830.0,0.733123705384837,0.3551400162447861,0.019660625340042127
2022-07-18,41.09298324584961,41.565221173179495,40.873147224076284,41.0522704557084,4839000,0.018567093249141964,0.018396829084693565,40.54909210205078,41.16544761657715,42.00814971923828,41.51746316756719,43.863489451135635,-2.346026283568442,-2.5872227499211116,0.24119646635266978,40.02275817304225,42.00814971923828,44.52983062500316,39.48646881347341,0.12005674720827,1.2596913844242894,6420690.0,0.7536573172042257,0.31764816300585663,0.01934053257002447
2022-07-19,42.705108642578125,42.998223322327014,41.58964720548899,41.646641381445754,6999400,0.03923115990590298,0.038481170437719835,40.87966079711914,41.30549011230469,41.91370143890381,41.700177856030415,43.777683465316564,-2.077505609286149,-2.485279321794119,0.4077737125079701,49.61686021489935,41.91370143890381,44.15329683551706,39.67410604229055,0.1068669823817797,1.2835359943914706,6133870.0,1.1411066749050762,0.7919071009623929,0.02156542160153486
2022-07-20,42.786529541015625,42.88423340245273,42.18401877187875,42.705110174142995,5977700,0.0019065845053563013,0.0019047692800057449,41.34864349365235,41.417035293579104,41.81599674224854,41.867308884489674,43.70426465610908,-1.836955771619408,-2.355614611759177,0.5186588401397692,52.852877076854455,41.81599674224854,43.67437222780134,39.95762125669573,0.08888347189271742,1.2329387480873042,6113170.0,0.9778396478422815,0.8604658260829651,0.02155002068435282
2022-07-21,41.85019302368164,41.88275890579126,40.669593607104794,41.17440049822502,10059700,-0.02188390896336667,-0.022126913500457868,41.75574569702148,41.345384979248045,41.77772903442383,41.86467567513459,43.56692601667001,-1.702250341535418,-2.2249417577144253,0.5226914161790073,49.02505073442567,41.77772903442383,43.59790875364897,39.95754931519868,0.08713636481893791,1.3091251246916105,6097000.0,1.649942594718714,0.973156261659936,0.019353649382431014
2022-07-22,41.40238571166992,42.18402605598542,41.068561280329554,41.93162100557674,5074800,-0.01070024484136356,-0.010757904142492012,41.96744003295898,41.30223274230957,41.76918048858643,41.79355414229387,43.406589697781115,-1.6130355554872438,-2.102560517268989,0.4895249617817452,46.2633542443884,41.76918048858643,43.59499886173505,39.94336211543781,0.08742418940431605,1.2643439886836976,5867640.0,0.8648792359449455,0.2992693589552333,0.01869947298122578
2022-07-25,41.99674987792969,42.31428974295834,41.548934062171725,41.66292241311025,5933200,0.014355795108015545,0.014253726373557986,42.148193359375,41.34864273071289,41.70567283630371,41.82481502469938,43.302157118532854,-1.477342093833471,-1.9775168325818853,0.5001747387484143,53.86008862282278,41.70567283630371,43.395432169675445,40.01591350293198,0.08103258949947166,1.1936824844572038,5708850.0,1.0392986328244742,0.5851081022180804,0.01646907592286873
2022-07-26,41.76877975463867,42.17588287721011,41.48380881121881,41.66293207310401,4130900,-0.005428280139621489,-0.005443066787245264,41.96092758178711,41.420294189453124,41.668219566345215,41.81619421392081,43.18857361009624,-1.3723793961754325,-1.856489345300595,0.4841099491251626,50.553492457012055,41.668219566345215,43.31483747387336,40.02160165881707,0.07903471396978498,1.1724548637361931,5540030.0,0.7456457817015432,0.41176364395918646,0.01607286558743555
2022-07-27,42.53413009643555,42.72872407171157,41.6954956606585,41.882762700039805,4342000,0.018323502536888858,0.018157650098921525,41.910447692871095,41.62954559326172,41.656413841247556,41.92664588815384,43.140096312788046,-1.2134504246342033,-1.7278815611673166,0.5144311365331133,49.81274591219304,41.656413841247556,43.27287322134072,40.039954461154394,0.0776091473574025,1.1514604783395623,5498660.0,0.7896469321616539,0.8116641186876269,0.016575555381151696
2022-07-28,42.582984924316406,43.07965121826192,42.143312817615424,42.705117100383426,6137900,0.0011486029635516815,0.0011479438238460066,42.05700607299805,41.906375885009766,41.669441604614256,42.02762112448655,43.09882880253089,-1.0712076780443383,-1.596546784542721,0.5253391064983828,54.67486003940513,41.669441604614256,43.31248319094042,40.02640001828809,0.07886074413554038,1.1267435668822716,5585915.0,1.0988172931381877,0.46956538544371884,0.016397359354974425
2022-07-29,43.32390213012695,43.80021191246076,42.721391406990904,42.95750879527421,9754300,0.017399372240517907,0.01724973638306016,42.44130935668945,42.20437469482422,41.73457775115967,42.22704897150815,43.11550090087134,-0.8884519293631925,-1.4549278135068155,0.566475884143623,60.597349207037006,41.73457775115967,43.53233646113706,39.93681904118228,0.08615200185785674,1.163091128927594,5781230.0,1.6872361071951816,0.5584902349336943,0.016716428991515257
2022-08-01,42.713253021240234,42.82724138298694,41.87462169757523,42.81095999355162,5913400,-0.01409497018649386,-0.014195247666000145,42.58460998535156,42.36640167236328,41.76592464447022,42.30184959454386,43.085704761639406,-0.7838551670955454,-1.3207132842245617,0.5368581171290163,59.677521163423776,41.76592464447022,43.61075419473424,39.921095094206194,0.08834137234925447,1.19013403300559,5814145.0,1.0170712976714547,0.8803422055036959,0.017083847371604705
2022-08-02,41.972328186035156,42.88423824292766,41.96418749080893,42.582982824355604,5797800,-0.017346485757866126,-0.01749869885175803,42.62531967163086,42.29312362670898,41.799306869506836,42.25115399323483,43.00323242270576,-0.7520784294709273,-1.206986313273835,0.4549078838029077,58.785123131010025,41.799306869506836,43.63312388791947,39.965489851094205,0.08774389604773211,1.1750133350727288,5809485.0,0.9979886341044,0.008848093563313283,0.017012457685769027
2022-08-03,41.92346954345703,42.33871324908994,41.798079256455416,42.33871324908994,5139300,-0.0011640679631009787,-0.0011647460164635449,42.503187561035155,42.206817626953125,41.811926460266115,42.20074100096132,42.92324998720586,-0.7225089862445344,-1.110090847867975,0.38758186162344055,62.962985543895456,41.811926460266115,43.6455017222448,39.97835119828743,0.0877058493691332,1.1322097062566836,5783600.0,0.888598796597275,0.2319319287920927,0.0169139052253944
2022-08-04,41.51637268066406,42.0944582979145,41.4105250121978,41.77691839846567,6963700,-0.009710476428268389,-0.00975793055584346,42.28986511230469,42.173435592651366,41.759410285949706,42.095453567069434,42.81903685338794,-0.7235832863185081,-1.0327893355580815,0.3092060492395734,57.317123687822914,41.759410285949706,43.56186518510163,39.95695538679778,0.08632568739881731,1.1031309227114616,5856405.0,1.1890741845893513,0.15476314595174429,0.016297358492139317
2022-08-05,41.92346954345703,42.151446236279064,41.304671225869384,41.3372402122581,5954500,0.009805694392529984,0.00975793055584359,42.009778594970705,42.22554397583008,41.763888359069824,42.06899448651369,42.7526985341338,-0.683704047620111,-0.9629722779704873,0.2792682303503763,55.414021292310444,41.763888359069824,43.567567164484544,39.960209553655105,0.08637504199357032,1.0763786276552192,5942785.0,1.0019712979688815,0.7307706328987659,0.016010622122402864
2022-08-08,42.46084976196289,42.957512878697464,42.17587576067768,42.24101374015424,4511400,0.012818123699156692,0.01273666689533395,41.95929794311523,42.2719539642334,41.81029834747314,42.12927991350587,42.73108010656558,-0.6018001930597094,-0.8907378609883319,0.2889376679286224,48.148158859633035,41.81029834747314,43.63655008156843,39.984046613377856,0.0873589429531377,1.0141502889954357,5972400.0,0.7553747237291542,0.36458606055110454,0.01614693161606632
2022-08-09,42.924949645996094,43.030794210257845,42.42828339263711,42.46085238438688,4339000,0.010930065852072346,0.010870764403492541,42.14982223510742,42.38757095336914,41.90393257141113,42.25169064158129,42.74544081319006,-0.49375017160876666,-0.8113403231124188,0.3175901515036521,50.99187388336968,41.90393257141113,43.75835340535413,40.04951173746814,0.08850820055052161,1.0071714452130607,5885940.0,0.7371804673510094,0.8243275151091919,0.01599150382464233
2022-08-10,43.999691009521484,44.50042593770318,43.81242401064507,43.844989888661075,5998300,0.025037684898615575,0.024729377669274608,42.565066528320315,42.53412704467773,42.08183631896973,42.520613775110554,42.838348235140536,-0.31773446002998185,-0.7126191504959315,0.39488469046594965,65.10303702170955,42.08183631896973,44.02608575976201,40.137586878177444,0.09240326044972763,0.9684957564842216,5882280.0,1.0197236445731928,0.2721896389960313,0.016217157029113066
2022-08-11,44.99302673339844,45.36756389171261,44.585923692319746,44.585923692319746,5066200,0.022575970446292448,0.022324904899786592,43.260397338867186,42.77513122558594,42.34075355529785,42.90098499946253,42.99795404982631,-0.09696905036378212,-0.5894891304695017,0.49252008010571957,73.43258717032462,42.34075355529785,44.39013247106108,40.291374639534624,0.09680408323799429,0.9865249069510256,5887120.0,0.8605566049273669,0.520831753774424,0.015997634225154624
2022-08-12,45.53854751586914,45.54668821026811,45.033740602488706,45.050025097236436,4389100,0.012124562895115432,0.012051649155568852,43.98341293334961,42.996595764160155,42.600485229492186,43.30676384814047,43.186146158422076,0.1206176897183937,-0.4474677664319226,0.5680854561503164,73.26213176766055,42.600485229492186,44.887247523427384,40.31372293555699,0.10735850925717057,0.9609361530639724,5866080.0,0.7482168671412596,0.984129559984683,0.015972700847654394
2022-08-15,45.058170318603516,45.188443183724,44.66735172324208,45.17215868734017,5991700,-0.010548803672278395,-0.01060483670440225,44.50287704467773,43.23108749389648,42.79874458312988,43.57621099744247,43.324814614731814,0.25139638271065934,-0.3076949366034062,0.5590913193140655,70.91103182825238,42.79874458312988,45.218862320067316,40.37862684619245,0.11309293113664742,0.973730562109384,5923715.0,1.0114767506539393,0.74999998560713,0.01611194960408833
2022-08-16,45.68510437011719,45.94157817124184,45.05816530586272,45.074449800434884,3925900,0.013913881701823616,0.013817972274152827,45.054907989501956,43.60236511230469,42.947744369506836,43.900656131700124,43.499650892908505,0.401005238791619,-0.16595490152440112,0.56696014031602,70.38993725595905,42.947744369506836,45.68919589597209,40.20629284304158,0.1276645172737734,0.9630294517041017,5770040.0,0.680393896749416,0.7096784320529808,0.014132315173878748
2022-08-17,45.1558723449707,45.52226573375319,44.78947895618822,45.20472583212503,4198000,-0.01158434532312591,-0.011651966590766966,45.2861442565918,43.925605392456056,43.06621150970459,44.09376631835714,43.62233396343163,0.4714323549255113,-0.03847745023441861,0.5099098051599299,65.6746421846756,43.06621150970459,45.97782321425198,40.1545998051572,0.13521559489351806,0.9601213812242781,5681055.0,0.7389472553953447,0.4999999931767328,0.014527465013545857
2022-08-18,45.6118278503418,45.7787384921724,45.123302307968274,45.367566632129986,3561500,0.010097368995283684,0.010046731152335361,45.40990447998047,44.33515090942383,43.254293251037595,44.32731424635478,43.76970388098053,0.5576103653742521,0.08074011288731558,0.47687025248693654,64.43995882043069,43.254293251037595,46.3172127278796,40.19137377419559,0.14162383646245477,0.9199934666571191,5356145.0,0.6649371889670649,0.7453441642274913,0.013382636574705262
2022-08-19,45.1802978515625,45.530403617057274,44.90346765334936,45.334995892406695,3517800,-0.00946092316657865,-0.00950596199787837,45.33825454711914,44.660833740234374,43.44318885803223,44.458542493309814,43.874192323245865,0.5843501700639493,0.18146212432264236,0.40288804574130693,65.93063464779587,43.44318885803223,46.4911669922861,40.39521072377836,0.14032018433151117,0.8670705926885987,5278295.0,0.6664652127249424,0.4415605577326685,0.01331173029166956
2022-08-22,44.30095672607422,44.53544973842695,43.88571295404749,44.36609470926664,6342700,-0.019462933342699773,-0.019654830228258223,45.18681182861328,44.84484443664551,43.55839920043945,44.43429852911973,43.90580450123315,0.5284940278865804,0.25086850503543,0.2776255228511504,64.77274927302226,43.55839920043945,46.54984040881553,40.56695799206338,0.13735312882415998,0.8938230316454759,5298770.0,1.197013646563259,0.6390953623356267,0.014112349260925654
2022-08-23,45.28614044189453,45.40012879398283,44.39865570727178,44.50450336533219,3894500,0.022238429790850667,0.02199476182326241,45.10701904296875,45.08096351623535,43.734267234802246,44.56535113108509,44.00805160794881,0.5572995231362796,0.31215470865559997,0.24514481448067965,69.06746151916039,43.734267234802246,46.696136598867156,40.772397870737336,0.13544845044107448,0.9337186084507678,5286950.0,0.7366250862973927,0.8861793068005029,0.014613653392797212
2022-08-24,44.16254806518555,45.30243494383501,44.032275190312745,45.1884465665651,6957200,-0.024810954648489814,-0.025123934110828288,44.90835418701172,45.09724922180176,43.815688133239746,44.503381428639,44.01949578996635,0.48388563867265333,0.3465008946590107,0.13738474401364265,63.87710478461529,43.815688133239746,46.72775707332972,40.90361919314977,0.13292357437065108,0.9755919275797369,5417710.0,1.2841588051040016,0.10256416445718872,0.01556414863223333
2022-08-25,45.4001350402832,45.424563337627085,44.58348758692949,44.64292615352452,5736200,0.028023450396723826,0.02763797844275599,44.866015625,45.137960052490236,43.95654563903808,44.64134352273811,44.1217653640639,0.5195781586742143,0.3811163474620515,0.13846181121216283,66.77148534470734,43.95654563903808,46.89001095975854,41.023080318317625,0.13347114874810495,1.005251946296298,5397625.0,1.062726662189389,0.9709558775970187,0.016612055103976505
2022-08-26,44.34166717529297,45.89680083233622,44.178825320460945,45.5792609236863,5777700,-0.023314200806915264,-0.0235902762135149,44.698289489746095,45.01827201843262,44.00743389129639,44.59523946928501,44.138054387117904,0.45718508216710774,0.39633009440306277,0.060854987764044965,58.63877886499259,44.00743389129639,46.92998064465138,41.084887137941394,0.13282059392847273,1.0541042446273583,5198795.0,1.1113536886913218,0.09478706347007342,0.017279542270167828
2022-08-29,43.61701965332031,43.97526921198988,42.77838838105192,43.1529224341087,9304900,-0.01634236076663409,-0.0164773700791049,44.561502075195314,44.8741569519043,44.05262222290039,44.444744112982754,44.099459221651415,0.3452848913313389,0.386121053788718,-0.040836162457379144,53.10444240776954,44.05262222290039,46.918308773977856,41.18693567182292,0.13010288180247137,1.1227305286716667,5368370.0,1.733282169448082,0.7006806722807768,0.01739189067242013
2022-08-30,42.387794494628906,43.691271135870956,42.288793878529916,43.58402518903958,7452200,-0.02818223639445372,-0.028586978101920034,43.981832885742186,44.54442596435547,44.073395538330075,44.128290325543695,43.97266924187197,0.15562108367172556,0.34002105976531954,-0.184399976093594,42.86830149560958,44.073395538330075,46.88102254404151,41.265768532618644,0.12740688442167672,1.110373454788378,5451090.0,1.367102726243742,0.07058981874742697,0.01815192751847507
2022-08-31,42.07429885864258,42.60228955647429,41.72780614334282,42.272296943865875,6069600,-0.007395894023834004,-0.007423379250443151,43.56418304443359,44.23626861572266,44.08093700408936,43.812291638328134,43.83204921348461,-0.019757575156475582,0.2680653327809605,-0.2878229079374361,36.25975350677291,44.08093700408936,46.8649599525123,41.29691405566641,0.12631414564371315,1.0751313498555457,5497605.0,1.104044397514918,0.3962255957454185,0.018237974770921907
2022-09-01,41.21631622314453,41.653561117329055,40.53982768543234,41.6288093874604,6378300,-0.02039208397460457,-0.020602873061523932,42.72741928100586,43.79671745300293,44.06593418121338,43.412910805222964,43.63829121420016,-0.2253804089771947,0.16937618442932945,-0.39475659340652414,30.23409329190747,44.06593418121338,46.91071826507972,41.221150097347035,0.12911488825665973,1.145189185308443,5468335.0,1.1664062278554623,0.6074061460883441,0.018698299927728455
2022-09-02,40.68007278442383,41.87630031938461,40.34595121592422,41.68655386110067,5124900,-0.013010464977449399,-0.01309584241889751,41.99510040283203,43.34669494628906,44.00376434326172,42.99247418663848,43.41916392310562,-0.42668973646713937,0.05016300025003566,-0.47685273671717504,30.080394055838468,44.00376434326172,47.08980708940479,40.91772159711865,0.140262670351094,1.1922715646536812,5426855.0,0.944359117757891,0.21833029180126254,0.01875188140281908
2022-09-06,40.08607864379883,41.315309437683304,39.879832098635646,41.16681167340001,8104700,-0.014601599750638572,-0.014709252326645291,41.28891220092773,42.92520713806152,43.88502578735351,42.545336410817,43.17226871723105,-0.626932306414048,-0.08525606108278111,-0.5416762453312669,24.44878880987406,43.88502578735351,47.37706434561303,40.392987229094,0.15914487894710672,1.2317047413442914,5606520.0,1.44558478343072,0.14367802132162721,0.01866463382197995
2022-09-07,40.39957809448242,40.62644742737494,39.62408899719931,39.87983587033544,6517500,0.007820656479505583,0.007790233660287054,40.89126892089844,42.43655090332031,43.75875720977783,42.21521974676553,42.96688422665707,-0.7516644798915451,-0.21853774484453392,-0.5331267350470111,27.85864011575417,43.75875720977783,47.56542193275873,39.952092486796936,0.1739841332664861,1.2393285282190531,5715445.0,1.1403311553168651,0.7736644559477471,0.018557695565765857
2022-09-08,40.75432205200195,40.84506789605694,39.55809135882018,40.00358468958958,5964100,0.008780882728277373,0.00874255498175087,40.62727355957031,42.09572830200195,43.59648876190185,41.99046625526344,42.80299073223818,-0.8125244769747368,-0.33733509127057454,-0.4751893857041623,27.1723752191575,43.59648876190185,47.629843589247336,39.56313393455637,0.18503117759658463,1.28443855343567,5713735.0,1.0438180979691918,0.9294891159828635,0.017602731222775725
2022-09-09,41.67005157470703,41.839175256291405,41.265810099092725,41.43905644578457,6265600,0.022469506952823792,0.022220786439105477,40.718020629882815,41.72271995544433,43.43034000396729,41.941171689023996,42.719069313161796,-0.7778976241378004,-0.42544759784401975,-0.35245002629378064,34.22181603692705,43.43034000396729,47.49511815576036,39.36556185217422,0.18718610774964048,1.3113309110997424,5773705.0,1.0851957278731768,0.7050331947950897,0.017594388571416198
2022-09-12,42.01654815673828,42.726036804748134,41.90929906767169,42.31354369749335,5042800,0.008315242456804706,0.008280861288594519,40.9853157043457,41.490208053588866,43.25424003601074,41.95276806867234,42.66703070898228,-0.7142626403099399,-0.48321060633720375,-0.23105203397273616,39.21521803181025,43.25424003601074,47.23882999075581,39.269650081265674,0.1842404329114441,1.294288077708749,5806390.0,0.8684914378813686,0.1313139859771335,0.017434160755011703
2022-09-13,39.49209213256836,40.935818114896755,39.232222588695485,40.218080936291045,9104300,-0.06008242311464296,-0.061963091727082344,40.86651840209961,41.07771530151367,42.97593612670899,41.57420254004096,42.43185007369236,-0.8576475336514022,-0.5580979918000435,-0.29954954185135874,26.11718355179758,42.97593612670899,47.20032838632341,38.75154386709456,0.1965933794744739,1.4146561848611907,5962020.0,1.527049557029329,0.15254180839915749,0.021481161499053273
2022-09-14,38.83210372924805,39.492092120118386,38.26286433219854,39.27759707323786,11484300,-0.016711912883846214,-0.016853132477232986,40.55302352905274,40.72214622497559,42.63328609466553,41.15234118453436,42.16520219632611,-1.012861011791756,-0.6490505957983861,-0.36381041599336994,27.15502442846035,42.63328609466553,47.040210091780324,38.226362097550734,0.20673630399164608,1.4117324739217305,6339940.0,1.8114209282737692,0.4630869868162757,0.021047904316860995
2022-09-15,38.700103759765625,39.40134079347121,38.518605782869855,38.856850009856615,6535500,-0.0033992484775683396,-0.0034050390487920194,40.14217987060547,40.38472671508789,42.31049766540527,40.775073888416095,41.908528238062374,-1.1334543496462786,-0.7459313465679647,-0.3875230030783139,18.27928170359708,42.31049766540527,46.88208693854124,37.7389083922693,0.21609716384281064,1.3846410266474318,6456815.0,1.0121863488422698,0.20560867379219344,0.021051668239928618
2022-09-16,38.29585647583008,38.609352101405925,37.46262182938538,37.95761227223357,10059000,-0.010445638245441091,-0.01050057683862327,39.46734085083008,40.09268074035644,41.944699096679685,40.39365582494133,41.64092292234146,-1.2472670974001332,-0.8461984967343985,-0.4010686006657347,19.486406404324995,41.944699096679685,46.57445812926604,37.31494006409333,0.2207553818381234,1.3503200565406444,6781690.0,1.4832585977831485,0.7266178102286923,0.020646624058083814
2022-09-19,38.55985641479492,38.67535397938936,37.51212356200275,37.652369705560965,4900300,0.006893694599348299,0.006870041728294411,38.77600250244141,39.880659103393555,41.61367702484131,40.11153283876496,41.41269577363431,-1.3011629348693532,-0.9371913843613896,-0.3639715505079636,23.231481290780096,41.61367702484131,46.21599279803168,37.01136125165094,0.22119245893329803,1.3217451724796128,6850815.0,0.7152871592649925,0.9007096342433895,0.02092843655554186
2022-09-20,38.023616790771484,38.18036304698406,37.42962567742222,37.90811921808087,4996000,-0.013906681037787472,-0.014004284880057168,38.48230743408203,39.67441291809082,41.29981002807617,39.790314985227496,41.16165288601484,-1.3713379007873456,-1.024020687646581,-0.3473172131407647,25.070721095870837,41.29981002807617,45.9859156993282,36.613704356824144,0.22693110055791302,1.3022989924818742,6783480.0,0.7364951322919799,0.7912102547710336,0.020800285579112975
2022-09-21,37.107879638671875,38.4361079507023,37.09963116121926,38.29585865742651,5819100,-0.02408337842079933,-0.02437812492812001,38.1374626159668,39.34524307250977,40.89089698791504,39.37763262421894,40.86137338621166,-1.4837407619927205,-1.1159647025158088,-0.3677760594769117,23.456819320753,40.89089698791504,45.539502618205894,36.24229135762419,0.22736628309546295,1.3352985193641291,6879710.0,0.8458350715364455,0.006171807438639021,0.019884865238956002
2022-09-22,36.934635162353516,37.5781234367749,36.9181350595385,37.355376769381465,4652900,-0.004668670859269808,-0.00467960314249178,37.784368896484374,38.96327438354492,40.529501342773436,39.00178686085503,40.570503888148096,-1.5687170272930686,-1.2065151674712609,-0.36220185982180775,25.309256556784547,40.529501342773436,45.23070966601182,35.82829301953505,0.23198944805555208,1.2728354625088554,6764495.0,0.6878414427093227,0.0250005956682168,0.019588119145089046
2022-09-23,36.216888427734375,36.46438361040817,35.50739992955003,36.299385772934976,6729600,-0.019432890875032083,-0.019624191909253005,37.36857528686524,38.41795806884765,40.07033901214599,38.573340948067234,40.24801385404337,-1.6746729059761378,-1.3001467151722363,-0.3745261908039015,24.790317388563224,40.07033901214599,44.55752345793695,35.583154566355034,0.22396538469169516,1.2654701860333617,6814165.0,0.9875898220838504,0.7413799262849887,0.01768595086293998
2022-09-26,35.7961540222168,36.513891201359066,35.60640755633196,35.90340311930749,5497600,-0.011617077661353892,-0.011685083104114919,36.81583480834961,37.79591865539551,39.643063354492185,38.14608142101332,39.918246459093254,-1.7721650380799332,-1.394550379753776,-0.37761465832615726,25.285216727791862,39.643063354492185,44.04434399320766,35.24178271577671,0.22204543576054106,1.2277563507461795,6800160.0,0.8084515658455095,0.20909078068097003,0.01745210117640723
2022-09-27,36.12615203857422,36.4396445771494,35.70128458341928,36.24989809946239,5444700,0.009218812058765069,0.009176578176594345,36.43634185791016,37.45932464599609,39.268519973754884,37.83532305448423,39.63735057609185,-1.80202752160762,-1.476045808124545,-0.32598171348307514,25.426980434203713,39.268519973754884,43.518206529290524,35.018833418219245,0.216442410275504,1.2088993195715,6607150.0,0.8240618118250683,0.5754204629293981,0.017931083853345273
2022-09-28,37.16563034057617,37.54512326443953,36.225146508796186,36.36539580931176,8315400,0.028773568269657712,0.028367382364857516,36.44789199829101,37.292677307128905,39.00741176605224,37.732293406190685,39.45426018827587,-1.7219667820851825,-1.5252300029166725,-0.19673677916850996,30.870709933076753,39.00741176605224,43.08850918029573,34.926314351808756,0.20924728042557417,1.2183275116163965,6650310.0,1.2503778019370526,0.7125002926256825,0.019236583983317027
2022-09-29,36.431392669677734,36.868634375061156,35.87865339284003,36.71188812052647,4904800,-0.019755824512326936,-0.01995357969149275,36.34724349975586,37.065806198120114,38.725266456604004,37.53215483134254,39.23034407578712,-1.6981892444445847,-1.5598218512222553,-0.1383673932223295,21.524708680872493,38.725266456604004,42.692259217397755,34.75827369581025,0.2048787845134241,1.232764921862589,6592070.0,0.744045497089685,0.5583332217294159,0.01946829150294529
2022-09-30,36.24164962768555,36.992387060010834,36.134400523903906,36.439644583972935,5869800,-0.005208229169622491,-0.005221839272086573,36.352195739746094,36.860385513305665,38.47653312683106,37.333615569241466,39.00895930185367,-1.6753437326122054,-1.5829262275002456,-0.09241750511195979,18.065728460127076,38.47653312683106,42.40956619122317,34.543500062438945,0.20443801687784957,1.2186221580101477,6566645.0,0.8938811219427881,0.12500091553682058,0.019212603370333793
2022-10-03,37.355377197265625,37.734873272212184,36.670640231499846,37.07488174034314,6868700,0.030730598110779273,0.030267869348190632,36.66404037475586,36.73993759155273,38.31029834747314,37.336963512014414,38.88647173855085,-1.5495082265364388,-1.5762426273074845,0.02673440077104572,35.999996000905796,38.31029834747314,42.130611966868635,34.48998472807765,0.19944055693565074,1.126400592044708,6653835.0,1.0322919038419198,0.643408852325583,0.020822598493850503
2022-10-04,38.46085739135742,38.5516063807316,37.63999696878028,37.78436893047886,6959800,0.0295936027697965,0.029164163964428662,37.1309814453125,36.783661651611325,38.229037284851074,37.50987026268257,38.85494474986986,-1.34507448718729,-1.5300089992834458,0.18493451209615586,47.70172054508803,38.229037284851074,41.9583659071994,34.49970866250275,0.19510450103990132,1.1240435479801474,6596590.0,1.055060265985911,0.9004518852164484,0.021957532528820017
2022-10-05,37.998863220214844,38.31235569147343,37.545118319838764,37.88336251561849,5564500,-0.012012061157180343,-0.012084788957751148,37.297628021240236,36.87276000976563,38.109001541137694,37.585099948456765,38.79153130322875,-1.2064313547719863,-1.465293470381154,0.2588621156091677,45.82923046345716,38.109001541137694,41.69599699907048,34.52200608320491,0.18824924888471384,1.1264009809028117,6548940.0,0.8496794901159577,0.5914009291483399,0.021946316000360268
2022-10-06,37.55337142944336,38.031861779126466,37.38424775132618,37.70186919415563,5430600,-0.01172381889925822,-0.011793084769978653,37.52202377319336,36.93463363647461,37.948954010009764,37.580218637839316,38.69981575702242,-1.119597119183105,-1.3961542001415443,0.27655708095843945,45.60548083270943,37.948954010009764,41.31800035153113,34.579907668488396,0.17755674323106338,1.0842675592899573,6522265.0,0.8326248626819057,0.26114887609853776,0.021854237903164816
2022-10-07,36.63763427734375,37.48736899276029,36.46438794359186,37.16562490234325,5265100,-0.02438495179640876,-0.024687188196402532,37.601220703125,36.976708221435544,37.6973331451416,37.43520565930154,38.54706157334252,-1.11185591404098,-1.3392945429214316,0.22743862888045152,39.437864377633474,37.6973331451416,40.618092927559594,34.7765733627236,0.15495843014531233,1.0789642070374497,6472240.0,0.8134896110156608,0.1693543904837505,0.02139047971151407
2022-10-10,37.0253791809082,37.48736940938097,36.76138386547451,37.10787653682908,4686100,0.010583240736267374,0.010527630259307003,37.535221099853516,37.099630737304686,37.447774696350095,37.37215543185641,38.43434435908813,-1.0621889272317162,-1.2838734197834887,0.22168449255177247,44.42393614935759,37.447774696350095,39.55399578399474,35.341553608705446,0.11248845116823109,1.0589288066563438,6454405.0,0.7260312918076879,0.3636371467905417,0.021477290959024346
2022-10-11,36.258148193359375,36.95113680510608,35.82090331822142,36.53039203347078,5222700,-0.020721759088545455,-0.0209394675245416,37.094679260253905,37.112830352783206,37.28607749938965,37.20076970285687,38.273144643108225,-1.0723749402513576,-1.2415737238770626,0.16919878362570495,45.17340066026852,37.28607749938965,39.22106572452335,35.35108927425595,0.10379146077596257,1.0495001690280397,6260325.0,0.8342538127014173,0.38686242828863543,0.017748265260575057
2022-10-12,36.14263916015625,36.489131782668956,35.919892554081535,36.24988507832145,4982100,-0.003185740004898574,-0.003190825277698086,36.72343444824219,37.01053123474121,37.15160427093506,37.03798038859524,38.11532942214882,-1.0773490335535811,-1.2087287858123663,0.13137975225878518,45.47164535504323,37.15160427093506,39.006353250856975,35.296855291013145,0.09984758485236919,1.0430180869816839,5935215.0,0.8394135680004853,0.39130578318435183,0.017498905240375177
2022-10-13,37.88336944580078,38.361863011158654,35.40016206355402,35.47441095655532,8304900,0.04816278849839817,0.047038906372640577,36.78943405151367,37.15572891235352,37.11076755523682,37.16804024354993,38.09814720167859,-0.9301069581286612,-1.1530044202756253,0.22289746214696415,58.530450132391884,37.11076755523682,38.85461220701142,35.36692290346222,0.09398052191612631,1.1526227808960516,6023685.0,1.378707551938722,0.8384396054134821,0.020960728676415293
2022-10-14,37.2233772277832,38.27936172549371,36.90575891896789,38.18861273809714,5888400,-0.01742168734388372,-0.01757523087716593,36.90658264160156,37.253901672363284,37.05714359283447,37.176553625739665,38.033349425834494,-0.8567958000948295,-1.0937626962394662,0.23696689614463673,57.13105630312964,37.05714359283447,38.711194881226376,35.403092304442566,0.0892703067762481,1.185917006717388,5815155.0,1.0125955370063222,0.23123009431405223,0.021185483157478414
2022-10-17,37.338871002197266,38.007110903004474,37.12025018044093,37.87511324758146,6195300,0.003102721542629361,0.0030979180355422908,36.96928100585937,37.252251052856444,36.99609432220459,37.20152552981007,37.98190657963914,-0.7803810498290673,-1.0310863669573864,0.2507053171283191,56.19202288680203,36.99609432220459,38.499923900035775,35.49226474437341,0.08129666687159481,1.1965242016340614,5879905.0,1.0536394720663005,0.24651088240697805,0.02112605410081455
2022-10-18,38.26286697387695,38.72485730584568,37.43375482872149,38.18036645240174,8009100,0.024746221481236397,0.024444993136411075,37.37022476196289,37.2324520111084,37.008056831359866,37.36480882889728,38.00271846069379,-0.6379096317965107,-0.9524510199252113,0.3145413881287006,55.669237889053754,37.008056831359866,38.54963426278448,35.46647939993525,0.08331036879073923,1.194168135761426,6030560.0,1.3280856172561089,0.6421737649984952,0.02168219503333918
2022-10-19,37.231632232666016,38.44435994168552,37.198632025694245,38.14736752015845,8371500,-0.026951319197147106,-0.027321166390065307,37.58802337646485,37.15572891235352,37.01424446105957,37.344320121784776,37.945600962321365,-0.6012808405365888,-0.8822169840474868,0.280936143510898,54.011585480591684,37.01424446105957,38.55850004892487,35.46998887319427,0.08344115139186041,1.1912217763510782,6158180.0,1.359411384532443,0.026490701768214112,0.021862313981086196
2022-10-20,37.06663513183594,39.29409879655411,37.041886549618155,37.44612807884939,9259900,-0.00443163758706544,-0.004441486401271769,37.424676513671876,37.107055282592775,37.02084445953369,37.30159935410034,37.880492382285404,-0.5788930281850639,-0.8215521928750023,0.2426591646899383,54.145922516405214,37.02084445953369,38.56479572788448,35.4768931911829,0.08340983523692619,1.29080932712458,6388530.0,1.4494570738495398,0.01098856563876962,0.02185949059944823
2022-10-21,38.66710662841797,38.70835531360718,37.08313445822722,37.1408832469067,7483600,0.0431782245917276,0.042272038306488166,37.71342239379883,37.3100025177002,37.14335536956787,37.51167739630305,37.93876010422115,-0.4270827079181032,-0.7426582958836225,0.3155755879655193,56.2845744622522,37.14335536956787,38.80319915305666,35.48351158607908,0.08937500486823141,1.3014162226420518,6426230.0,1.1645397067954306,0.9746196372026233,0.02330476618569485
2022-10-24,38.80734634399414,39.030092965455474,38.22160697667295,38.68359717193601,5645700,0.0036268479284948807,0.0036202867749652234,38.007117462158206,37.48819923400879,37.29391498565674,37.71101108056322,38.003099825685815,-0.29208874512259797,-0.6525443857314177,0.36045564060881974,51.8292363648081,37.29391498565674,38.98520456615705,35.60262540515643,0.09070056501983131,1.2737202801646623,6433635.0,0.8775287998153455,0.7244891911588309,0.02303083929454684
2022-10-25,39.475589752197266,39.54983863860248,38.390733995289736,38.535105955779684,5202500,0.017219507932330957,0.017072932451465652,38.24966201782227,37.80994338989258,37.46138687133789,37.98248472235307,38.112173153575554,-0.1296884312224833,-0.5479731948296308,0.4182847636071475,57.62999562046155,37.46138687133789,39.32077471348704,35.60199902918875,0.09926956781046375,1.2911035352928113,6421525.0,0.8101658095234388,0.9359428881654388,0.02318978263878131
2022-10-26,39.59109115600586,40.053081437606,39.50859064352529,39.599339633717534,6020700,0.0029258943193410936,0.0029216222216660046,38.721553802490234,38.15478858947754,37.58265991210938,38.229962635222726,38.22172263523706,0.008239999985669044,-0.43673055586657084,0.4449705558522399,60.90025188834637,37.58265991210938,39.66397075194408,35.50134907227468,0.11075910245320811,1.2860947965505574,6306790.0,0.9546377792823291,0.1515186516691703,0.022486901430974992
2022-10-27,39.28584289550781,39.99945736016173,39.16209685081351,39.69833600530084,4524400,-0.007710023936830623,-0.007739899833039148,39.16539535522461,38.295035934448244,37.72538242340088,38.39240575218967,38.300546358220075,0.09185939396959242,-0.3310125658993382,0.4228719598689306,65.15577297909054,37.72538242340088,39.864951099260544,35.585813747541216,0.11342860103294801,1.2681217268003226,6287770.0,0.7195555817086184,0.14778108333865778,0.021989772581136383
2022-10-28,39.170345306396484,39.40959206524012,38.617606050177756,38.9393501721048,6943200,-0.0029399290074678675,-0.002944259087586911,39.26604309082031,38.48973274230957,37.87181720733643,38.512088760529174,38.36497590993684,0.14711285059233603,-0.23538748260100334,0.38250033319333937,62.67053587202238,37.87181720733643,39.98453179284505,35.75910262182781,0.1115718622078346,1.2639967898735474,6341440.0,1.0948932734520866,0.6979154160898285,0.021945553290131065
2022-10-31,38.55985641479492,39.45248894133445,38.464981616979436,39.17034444110053,6434000,-0.015585486592630815,-0.015708217169440115,39.21654510498047,38.61183128356934,37.93204116821289,38.51943763041621,38.37941150288928,0.1400261275269301,-0.16030476057541665,0.30033088810234676,63.85295429008829,37.93204116821289,40.05142901562617,35.81265332079961,0.11174657530369492,1.248499037135564,6319705.0,1.0180854960793264,0.0960750310552909,0.021427233841240324
2022-11-01,38.716609954833984,39.24460071936031,38.5681121589268,39.12085150707993,4892300,0.004065200304504302,0.004056959703326681,39.06474914550781,38.65720558166504,37.944828796386716,38.549771834172795,38.4043891659963,0.14538266817649514,-0.09916727482503428,0.24454994300152944,65.41505091585485,37.944828796386716,40.08067346555,35.80898412722343,0.11257632393727751,1.2567493997054184,6216330.0,0.7870077682491116,0.2195126457377142,0.0204214061875775
2022-11-02,38.716609954833984,40.11083576410338,38.5887380766646,38.65886116165599,7310300,0.0,0.0,38.889852905273436,38.80570335388184,37.980716133117674,38.57543923735144,38.427516631836134,0.1479226055153049,-0.04974929875696644,0.19767190427227133,56.304635081097906,37.980716133117674,40.14432289571966,35.81710937051569,0.11393185715713283,1.1539205954078575,6303620.0,1.1596987128031195,0.08401029604377937,0.020208746535981818
2022-11-03,38.353607177734375,38.74960014877682,37.92461400567029,38.172109219187774,5122300,-0.009375892608445846,-0.009420122972741956,38.70340576171875,38.93440055847168,38.020727920532224,38.54131122817959,38.422041857458225,0.11926937072136212,-0.01594556486130072,0.13521493558266284,58.954204909833265,38.020727920532224,40.18065374444602,35.86080209661843,0.11361833094980682,1.1147336908779084,6288205.0,0.8145885829103854,0.5200004514605319,0.020136852191321414
2022-11-04,40.44907760620117,41.15031785506653,39.70659181849274,39.82208939788696,10593100,0.054635550151936885,0.05319525715345056,38.95915222167969,39.11259765625,38.2113000869751,38.83481374787522,38.5721926536614,0.26262109421381297,0.039767766953722035,0.22285332726009094,68.75619400094043,38.2113000869751,40.524541471537724,35.89805870241248,0.12107629833569188,1.251151544789952,6554605.0,1.6161309491571194,0.5142844028273073,0.02246141767266442
2022-11-07,40.836814880371094,40.86156345808389,39.855082483869865,40.41607332389127,5849000,0.009585812510851444,0.009540160121734267,39.41454391479492,39.315544509887694,38.401871871948245,39.14281392210535,38.73994244823249,0.4028714738728567,0.112388508337549,0.2904829655353077,66.59565142749486,38.401871871948245,40.92244927116253,35.88129447273396,0.13127367372190576,1.2240440212589243,6612750.0,0.8845034214207402,0.9754107746684101,0.022449931441625905
2022-11-08,40.960567474365234,41.53805531624131,40.79556959936948,41.158562406701975,4739700,0.00303041739069676,0.0030258349314245324,39.86333541870117,39.464042282104494,38.636992835998534,39.422468314760714,38.90443319090899,0.5180351238517247,0.19351783144038417,0.32451729241134053,77.22882263346195,38.636992835998534,41.19264535919449,36.081340312802574,0.13229044682871016,1.18809814989325,6588600.0,0.7193789272379565,0.22222363208368734,0.02162248205472032
2022-11-09,39.3353385925293,40.74606410742292,39.24458961547667,40.71306390720881,5089900,-0.03967788978639197,-0.04048651932584293,39.987081146240236,39.438467025756836,38.796627807617185,39.40906374210973,38.936352109547535,0.47271163256219495,0.24935659166474639,0.22335504089744856,63.654325908245816,38.796627807617185,41.08067680672123,36.51257880851314,0.11774471793940826,1.1497956936041507,6593990.0,0.7718998663934886,0.06043990552952838,0.023888973832852937
2022-11-10,41.21631622314453,41.265816535808746,40.523327581210935,40.795574580254495,6592000,0.04781902731536358,0.0467108871278902,40.55962295532227,39.631514358520505,38.96327514648438,39.68710258534585,39.10523834018434,0.5818642451615048,0.31585812236409816,0.26600612279740665,64.8414492766498,38.96327514648438,41.4445992274729,36.481951065495856,0.12736732585542976,1.170421247997594,6508345.0,1.012853498085919,0.9333319079145804,0.023856013073013833
2022-11-11,43.83977127075195,44.087266530164705,41.99180372986864,42.074301100648576,9009800,0.06365088605697022,0.06170722246996617,41.237761688232425,40.098456954956056,39.29409484863281,40.32597469079293,39.455944483189356,0.8700302076035769,0.426692539411994,0.4433376681915829,72.72722574243097,39.29409484863281,42.46666610706362,36.121523590202,0.16147827151392916,1.317740127871712,6664415.0,1.351926613213613,0.88188992512934,0.026659639503947678
2022-11-14,42.8580322265625,43.637643906640875,42.783783345265874,43.28702541326831,5484400,-0.022393799413922277,-0.02264834792322097,41.642005157470706,40.52827453613281,39.57005290985107,40.715522003988255,39.70795098269848,1.0075710212897775,0.5428682357875507,0.46470278550222677,64.85501115608093,39.57005290985107,42.97795185092621,36.16215396877593,0.17224636766794585,1.3103746480269503,6628870.0,0.8273506645929095,0.08695668096848676,0.027529041612737056
2022-11-15,42.56929016113281,43.47677694398812,42.189797233229086,43.2375301710203,4445700,-0.006737175050485211,-0.006759972264557401,41.963749694824216,40.91354255676269,39.785374069213866,41.00071710508742,39.91990203295287,1.0808150721345484,0.6504576030569503,0.4303574690775981,62.88360779369514,39.785374069213866,43.38434635379565,36.18640178463208,0.18091936390095112,1.3610523641234005,6450700.0,0.6891810191142047,0.2948709461248613,0.027376894196491867
2022-11-16,41.67005157470703,42.25579416844593,41.42668215631696,42.19804538621531,4294900,-0.02112411513140089,-0.02135042194658717,42.43069229125977,41.20888671875,40.00729503631592,41.10369163887505,40.04954273974947,1.054148899125579,0.7311958622706761,0.32295303685490284,59.809875451877765,40.00729503631592,43.48868286511217,36.525907207519666,0.1740376511651729,1.3828557566568034,6246870.0,0.6875283141797413,0.2935302008589334,0.027040084676617428
2022-11-17,41.35655975341797,41.37305985533249,40.58107069879869,40.96056674868739,3620400,-0.007523192543379187,-0.007551634495716297,42.45874099731445,41.50918197631836,40.22179126739502,41.14259442572781,40.14635881483602,0.9962356108917874,0.7842038119948985,0.21203179889688883,58.851014316915624,40.22179126739502,43.460476923771516,36.98310561101852,0.16104134372562723,1.4040696752886588,5964895.0,0.6069511701379487,0.9791662403833911,0.02711152739563563
2022-11-18,41.30706024169922,41.67830467423058,40.72132077430124,41.6535560944194,3751300,-0.0011968962605661826,-0.0011976131129511757,41.9521987915039,41.594980239868164,40.35378894805908,41.16789685895419,40.232336698307364,0.9355601606468227,0.8144750817252834,0.1210850789215393,61.65146763938716,40.35378894805908,43.54045357542808,37.167124320690085,0.1579363281832433,1.401889430686825,5778280.0,0.6492070304658134,0.6120682503859719,0.02567202376988537
2022-11-21,41.38955307006836,41.80204613943913,40.07782813065878,40.78731356643572,5719800,0.00199706364690333,0.0019950721662667105,41.65850296020508,41.65025405883789,40.482899284362794,41.20199781451022,40.318056429548925,0.8839413849612967,0.8283683423724862,0.05557304258881046,61.40837493796752,40.482899284362794,43.614516737129904,37.351281831595685,0.15471310148859568,1.4761375524164653,5781985.0,0.9892450430085862,0.7607651266383635,0.02567456984268924
2022-11-22,42.544532775878906,42.71777910097338,41.967041878491784,42.06604247603623,4495500,0.027905102136649873,0.027522849675213127,41.653551483154295,41.80865058898926,40.636346435546876,41.408541654720786,40.482980603351145,0.9255610513696411,0.8478068841719174,0.07775416719772366,64.87171666602939,40.636346435546876,43.859555754169975,37.41313711692378,0.15863676739420537,1.4622895769497681,5746635.0,0.7822838930956986,0.7692317263634295,0.026082310665351296
2022-11-23,42.52804183959961,42.68479124594959,42.18979759279007,42.31354679284817,3354800,-0.00038761587455127255,-0.00038769101700260664,41.82514953613281,42.127920913696286,40.78319396972656,41.58077245239445,40.634466620851036,0.9463058315434125,0.8675066736462165,0.07879915789719605,66.66667682026936,40.78319396972656,44.072820117635935,37.49356782181719,0.1613226345318255,1.438718684810696,5613340.0,0.597647746261584,0.6833304585164636,0.026100461452941006
2022-11-25,42.53628921508789,42.750784240410034,42.420788504605504,42.486788910595436,1648100,0.0001939279386384829,0.00019390913704652065,42.0610954284668,42.259918212890625,40.945716285705565,41.72777503127036,40.77534236857228,0.9524326626980795,0.8844918714565893,0.06794079124149022,59.999985378802336,40.945716285705565,44.245024141439615,37.646408429971515,0.16115521500283833,1.2625247604158656,5469525.0,0.30132415520543376,0.3500066650883502,0.025974924229430287
2022-11-28,41.41431427001953,42.20217457630602,41.199816062508056,41.950553494652034,5657800,-0.026376888199979298,-0.026730999094249634,42.08254623413086,42.01737251281738,41.05791473388672,41.67955029877024,40.82267362053134,0.8568766782388977,0.8789688328130509,-0.022092154574153255,52.58497454093428,41.05791473388672,44.254020116315736,37.8618093514577,0.15568766232500092,1.2860956302991373,5405255.0,1.0467221250431293,0.21399349875205886,0.026833099298413
2022-11-29,42.376461029052734,42.52287461495601,41.732238059501526,42.041798668493705,4905000,0.023232227214002643,0.022966467281803106,42.279927825927736,41.969215393066406,41.24874496459961,41.786767334198316,40.93776898412552,0.8489983500727973,0.8729747362650002,-0.02397638619220288,55.895279875222755,41.24874496459961,44.26768939852614,38.22980053067308,0.14637751701378737,1.3122438180180407,5328805.0,0.9204690357406585,0.8148155520493643,0.02681236066764116
2022-11-30,42.64418411254883,42.64418411254883,41.312230771120596,42.26768980362221,7194200,0.006317731046784347,0.0062978578424484075,42.29985809326172,41.97670478820801,41.44512367248535,41.918677607790706,41.06417010474947,0.8545075030412335,0.8692812896202469,-0.014773786579013404,65.53273680334996,41.44512367248535,44.275629369227566,38.61461797574314,0.13659052964155274,1.2848134953423025,5443900.0,1.321515825051893,0.9999999924922296,0.026812666045183547
2022-12-01,42.72785186767578,43.095977895800814,42.50195526237974,42.87844960453981,4757300,0.0019619968553303835,0.001960074653325765,42.339820098876956,42.082484817504884,41.64568576812744,42.043165955465334,41.187405790892164,0.8557601645731694,0.8665770646108313,-0.010816900037661892,58.53599793881415,41.64568576812744,44.21890710795515,39.07246442829974,0.12357685039236689,1.1893524017809902,5316250.0,0.8948600987538209,0.3802828188418317,0.026796305585272042
2022-12-02,43.12944793701172,43.25494712414295,42.1923977655831,42.22586464102835,4858300,0.009398929545525458,0.009355034437555624,42.45845184326172,42.259773635864256,41.88447780609131,42.210286260318625,41.331260764678795,0.87902549563983,0.869066750816631,0.009958744823199028,44.6447521982437,41.88447780609131,44.020647978860076,39.74830763332255,0.10200295119630684,1.0601809054623956,5303050.0,0.9161331686482307,0.8818885965728529,0.02658399122595262
2022-12-05,42.87845230102539,43.45574153425689,42.66092399608474,43.05414860789016,5109900,-0.005819588424894606,-0.00583658821622342,42.75127944946289,42.41691284179687,42.00594654083252,42.313081035811976,41.445867545148914,0.8672134906630617,0.8686960987859172,-0.0014826081228555,50.17301373573275,42.00594654083252,44.07363417761659,39.938258904048446,0.09844737743377094,1.0415258777971148,5028890.0,1.0161089226449573,0.27368331944973173,0.024110568501155498
2022-12-06,42.71112060546875,43.39299461308642,42.30952768391308,43.04578296922022,4373400,-0.0039024658441937365,-0.00391010033271954,42.81821136474609,42.54906959533692,42.0996618270874,42.37431789268225,41.539589994061494,0.8347278986207556,0.861902458752885,-0.027174560132129377,51.226933129174476,42.0996618270874,44.11343431724806,40.08588933692675,0.09566692000670515,1.0269892505409939,4955110.0,0.8826040188815183,0.37065544599088,0.024110978290827326
2022-12-07,42.41828918457031,42.95291016666203,42.045979017744884,42.5186866070147,4248500,-0.006856093137976416,-0.006879704125841237,42.77303237915039,42.536445236206056,42.17254791259766,42.38108270681888,41.60467882298808,0.7764038838308025,0.8448027437684686,-0.06839885993766615,57.23148753054504,42.17254791259766,44.117058031904975,40.22803779329034,0.09221686692192761,1.0101551894053717,4930550.0,0.8616685765279736,0.41051645779814017,0.024201106651683645
2022-12-08,42.3011589050293,43.02904581296566,42.09199574365636,42.81988265159273,3815800,-0.0027613155031160908,-0.002765134967554536,42.6876937866211,42.513756942749026,42.320838928222656,42.36878673731279,41.656269940176315,0.7125167971364732,0.8183455544420695,-0.10582875730559627,59.489437955605766,42.320838928222656,43.73410671114065,40.907571145304665,0.06678826879187974,0.9993029889340116,4866845.0,0.7840397629264955,0.2232144962061247,0.022176188430831984
2022-12-09,41.99996566772461,43.0039495338346,41.93303192058147,42.25932595896245,3807000,-0.007120212426824923,-0.007145682111044176,42.46179733276367,42.4601245880127,42.36002140045166,42.31204503429922,41.68172888295767,0.6303161513415461,0.7807396738219649,-0.1504235224804188,56.62585294072586,42.36002140045166,43.68505022597974,41.03499257492358,0.06256034731436426,1.0074411113142823,4727595.0,0.8052720252052048,0.06250130326533819,0.019711368234520896
2022-12-12,42.76131820678711,42.778051643071606,41.69876893954647,42.100361835644435,5208100,0.018127456224269478,0.017965112869010254,42.43837051391601,42.594824981689456,42.306098747253415,42.38116398391274,41.76169846250059,0.6194655214121525,0.7484848433400024,-0.12901932192784993,61.61005205797536,42.306098747253415,43.453435066765856,41.158762427740974,0.05423975991579359,0.961374303796053,4537510.0,1.1477881040482556,0.9844957710572031,0.013875407592057975
2022-12-13,43.137813568115234,44.200362860575304,42.91609792576578,43.92426594269298,4884100,0.008804577995174423,0.008766043718520059,42.52370910644531,42.6709602355957,42.32008781433105,42.49757161225158,41.86363291476834,0.633938697483245,0.725575614168651,-0.09163691668540597,55.783391579396735,42.32008781433105,43.50205879006774,41.138116838594364,0.055858625857408216,0.9692899197162796,4507495.0,1.0835508414318817,0.17264011078518995,0.013093473671227943
2022-12-14,42.97048568725586,43.546102548613085,42.644191625889576,43.08761656143074,4064300,-0.003878914275410872,-0.0038864567741773797,42.63414840698242,42.703590393066406,42.34014759063721,42.5703276237907,41.94562200902668,0.6247056147640251,0.7054016142877259,-0.08069599952370077,54.18979802387648,42.34014759063721,43.55313700626278,41.12715817501164,0.05729736359699432,0.9983554389708503,4488425.0,0.9055069428585751,0.36178080287924896,0.013026824985902977
2022-12-15,41.43940734863281,42.30283418902579,41.2971779211128,42.21749461756771,6189600,-0.03563092932591949,-0.036281204244903484,42.461798095703124,42.57474594116211,42.3286153793335,42.39633988915102,41.90812462677528,0.4882152623757392,0.6619643439053285,-0.17374908152958934,41.93806513114547,42.3286153793335,43.57242322170541,41.08480753696159,0.058769124915868796,1.0943062982807454,4583160.0,1.350509255622758,0.141429463171233,0.014605376071095905
2022-12-16,41.66530227661133,41.80753488995684,40.89558335311165,41.18004538822602,8969100,0.005451210392032113,0.005436406320367061,42.39486541748047,42.42833137512207,42.34405250549317,42.283872564144914,41.89013778602239,0.39373477812252133,0.6083184307487671,-0.2145836526262458,52.124580944612674,42.34405250549317,43.54395173737018,41.144153273616155,0.056673802382110346,1.0639833257282711,4850595.0,1.8490721241414714,0.8440348899702482,0.0145498857598283
2022-12-19,41.27207946777344,42.09617970123733,40.79518448969398,41.673672383166384,4674700,-0.009437656451580012,-0.009482473331664378,42.09701766967773,42.267694091796876,42.34230346679688,42.12821208778007,41.84435568837433,0.28385639940574237,0.5434260244801622,-0.25956962507441983,39.65516625300243,42.34230346679688,43.548651880057044,41.13595505353671,0.056980764601346524,1.0777286733430478,4896765.0,0.9546506724337395,0.3665616677006111,0.014715406917893966
2022-12-20,41.54817581176758,41.83682203442347,41.288812307962495,41.288812307962495,4003400,0.006689663994510431,0.006667387485384277,41.779090118408206,42.15139961242676,42.35023460388184,42.038975737624305,41.82241643825531,0.21655929936899554,0.47805267945792884,-0.2614933800889333,39.74967855364122,42.35023460388184,43.53204505289548,41.1684241548682,0.05581128227824807,1.0229279037160335,4810945.0,0.832144204516992,0.4732826563995786,0.014785147805347962
2022-12-21,42.393192291259766,42.61072378831263,41.89120192996018,41.96650080331281,3840500,0.020338232978518667,0.020134173288064793,41.663631439208984,42.1488899230957,42.34266757965088,42.09347059202976,41.86469613107046,0.22877446095930054,0.4281970357582032,-0.19942257479890269,47.26028552316245,42.34266757965088,43.52117324261553,41.164161916686226,0.05566515906196812,1.0563939996534606,4778195.0,0.8037553929883565,0.6976721394848394,0.01412345999450799
2022-12-22,41.974857330322266,42.041791066962574,41.117290372757815,41.966492209030335,3340600,-0.009867974982005534,-0.009916986140934768,41.770721435546875,42.116259765625,42.315008354187015,42.07522239792092,41.87285621990392,0.20236617801699452,0.38303086420996146,-0.18066468619296694,40.57369620585892,42.315008354187015,43.50113688161369,41.12887982676034,0.056061835909306114,1.0716334682207536,4777485.0,0.6992381975034981,0.9276001128653723,0.014292311990843198
2022-12-23,42.552154541015625,42.59482272851533,41.79080075268123,41.999963916416796,2634200,0.013753404952643544,0.013659685211407037,41.94809188842773,42.1714786529541,42.3158016204834,42.148596573781646,41.92317461406034,0.2254219597213023,0.3515090833122297,-0.12608712359092739,47.470796641251525,42.3158016204834,43.50257430798784,41.129028932978954,0.05609123032328304,1.0722909280537505,4826790.0,0.5457457233482294,0.9469315537989391,0.014647002523881203
2022-12-27,42.8282470703125,42.853348819537025,42.46012106131006,42.593985354726996,3094500,0.0064883325480207255,0.0064673739272124,42.259325408935545,42.17817153930664,42.386498260498044,42.25315818863255,41.99021701822717,0.26294117040537657,0.3337955007308591,-0.07085433032548255,50.89281871802119,42.386498260498044,43.514141382831994,41.258855138164094,0.05320765661761936,1.0229881301290094,4698625.0,0.6585969299529117,0.9361648356175165,0.01329928081512531
2022-12-28,41.82426452636719,42.962109371868735,41.753146630367546,42.81151164980981,3340300,-0.023442064819908293,-0.02372120100382706,42.31454315185547,42.04681663513183,42.35888843536377,42.18717454828403,41.97792424105236,0.20925030723167026,0.3088864620310214,-0.09963615479935112,45.914838067874754,42.35888843536377,43.51426582012636,41.20351105060117,0.05455182737033372,1.0445618153135838,4620390.0,0.7229476299619729,0.05882554769477672,0.013428412892189259
2022-12-29,42.376461029052734,42.50362940682529,41.83263549103851,41.89120092539982,2743400,0.013202778553043748,0.013116381495594185,42.311196899414064,41.98741416931152,42.34550228118896,42.21629554532536,42.00744548460794,0.20885006071741685,0.28887918176830046,-0.08002912105088361,50.48862063434542,42.34550228118896,43.493139824461004,41.19786473791692,0.05420351543601137,1.0261557303956412,4397850.0,0.623804813715793,0.8104775872248872,0.013699772796978964
2022-12-30,42.15892791748047,42.27689497479358,41.81590044729606,42.050162175741015,2700300,-0.005133347766419827,-0.00514656866043786,42.3480110168457,42.05936622619629,42.3170560836792,42.20746975642615,42.01866640556146,0.18880335086468847,0.26886401558757805,-0.08006066472288959,51.04279641909251,42.3170560836792,43.45293290565249,41.18117926170591,0.05368411355114917,0.989701656717323,4295000.0,0.6287077997671712,0.7441031124718176,0.013731989157187603
2023-01-03,42.7027473449707,42.79477963704314,42.091991360352786,42.33461817668095,3962500,0.012899270791578932,0.012816783788920724,42.37812957763672,42.16311073303223,42.29572105407715,42.28366630850993,42.069339067739925,0.21432724077000387,0.2579566606240632,-0.043629419854059326,49.604485485951685,42.29572105407715,43.38230917540678,41.209132932747515,0.05138052239092353,0.9628091976576957,4250210.0,0.9323068742485665,0.8690469038608384,0.013887291949626778
2023-01-04,43.78203582763672,43.928449406820796,43.00394858788516,43.22147687816198,4527800,0.02527445070330181,0.024960333533630513,42.568887329101564,42.414106369018555,42.34090023040771,42.51418469606789,42.19620549439895,0.31797920166894045,0.26996116883303867,0.04801803283590178,53.973157968783894,42.34090023040771,43.59216763261477,41.089632828200656,0.0591044307229179,0.9475704410906884,4221105.0,1.0726575150345703,0.8416295750079082,0.01494910938963453
2023-01-05,44.267295837402344,44.325861273203664,43.10434905280911,43.52267541800535,4803000,0.01108354147066204,0.011022569137475156,43.05749359130859,42.68601837158203,42.4187089920044,42.783894102427034,42.34961959388069,0.43427450854634486,0.3028238367756999,0.13145067177064496,57.6960988285302,42.4187089920044,43.93283794932174,40.90458003468706,0.07138967655063436,0.9703991052100486,4242585.0,1.132092816054363,0.9520549656859324,0.015057718364365582
2023-01-06,46.032630920410156,46.212511374600766,44.61032072350493,44.8780493262663,6100700,0.03987899079022217,0.039104351374110294,43.788727569580075,43.04996223449707,42.599426078796384,43.283699766732134,42.62243524769769,0.6612645190344466,0.3745119732274493,0.2867525458069973,76.52169469454212,42.599426078796384,44.814068456546,40.384783701046764,0.10397522133998631,0.98982108885686,4335195.0,1.407249270217372,0.8877284279839842,0.017113493885531787
2023-01-09,46.250160217285156,47.011514046335485,45.865300741408454,46.04936535664373,6510900,0.0047255456080950164,0.004714415268293241,44.606974029541014,43.47749252319336,42.79687614440918,43.74007829758644,42.89115561581528,0.8489226817711639,0.46939411493619226,0.37952856683497166,76.49899087621576,42.79687614440918,45.5405275710212,40.053224717797164,0.12821736882636647,1.006554072291277,4469950.0,1.4565934741999351,0.33576601393886507,0.01703407844366755
2023-01-10,47.24577713012695,47.3378094341557,46.266891850048054,46.35892415407681,6611700,0.021526777597403957,0.02129834892843854,45.51557998657226,43.946854782104495,43.059166717529294,44.27941657951575,43.21372017243096,1.0656964070847863,0.5886545733659111,0.4770418337188752,82.27839699751374,43.059166717529294,46.416419251623296,39.70191418343529,0.15593671638458678,0.9913150726717908,4610185.0,1.4341506902651413,0.9140621887854636,0.017199396421699705
2023-01-11,48.17446517944336,48.43382548019508,47.70593850698503,47.948568561913994,8926300,0.01965653029176684,0.019465835580144426,46.394065856933594,44.481476593017575,43.32982406616211,44.87865482565845,43.58118276554299,1.2974720601154601,0.730418070715821,0.5670539893996391,83.44586944835098,43.32982406616211,47.386018636282834,39.27362949604139,0.18722414214870345,1.035836914344512,4796095.0,1.8611599645127963,0.6436805208304205,0.017259236652685174
2023-01-12,48.96091842651367,49.193507784672,48.10753225397566,48.49239174602901,7305900,0.01632510592781644,0.016193284121066496,47.33279037475586,45.19514198303223,43.62097930908203,45.50669537963617,43.97968170339267,1.5270136762434987,0.8897371918213567,0.637276484422142,83.34742105581218,43.62097930908203,48.392105657615744,38.84985296054832,0.2187537475822029,1.0375103110696036,4917185.0,1.4857891252820465,0.7858244873460132,0.017402156971725015
2023-01-13,49.09477996826172,49.17426299489566,48.35015958688072,48.525855885314655,4041200,0.0027340488301696997,0.0027303181170876168,47.945220184326175,45.866973876953125,43.92719402313232,46.05870839327087,44.35857787116075,1.700130522110122,1.05181585787911,0.648314664231012,87.22658644980137,43.92719402313232,49.27393575977764,38.580452286487,0.2434365251661508,1.0052389888919602,4916030.0,0.822045430967671,0.9035521089993787,0.017256889425463127
2023-01-17,48.02386474609375,48.92744797405263,47.906730690853585,48.78521855148315,5948400,-0.021813219712162546,-0.02205464529263478,48.29996109008789,46.453467559814456,44.25641689300537,46.36104013985901,44.630080602637264,1.730959537221743,1.1876445937476365,0.5433149434741065,77.2046489927056,44.25641689300537,49.76654534133023,38.746288444680516,0.24900924363787433,1.0326695104329622,4903970.0,1.2129764252228297,0.11475660892650566,0.01567142500449908
2023-01-18,47.55534744262695,48.818691823793806,47.49678199928939,48.54259804685633,5641500,-0.009755926682366911,-0.009803827534493945,48.36187515258789,46.93872756958008,44.550919151306154,46.54477972490023,44.84676703522909,1.6980126896711383,1.289718212932337,0.40829447673880126,73.06128343444202,44.550919151306154,50.107359414999934,38.994478887612374,0.24944222788412998,1.0990039437384946,4737590.0,1.190795319983367,0.044303659605891284,0.016138857376171132
2023-01-19,47.35454559326172,47.68084285509205,46.72705601459707,47.32944703141979,4997500,-0.004222487273539355,-0.004231427147471365,48.19789123535156,47.29597854614258,44.855042457580566,46.66935908926354,45.03252840989817,1.6368306793653673,1.3591407062189431,0.2776899731464242,79.27370723425427,44.855042457580566,50.320943390037854,39.38914152512328,0.24371400105691096,1.0807770936666228,4753730.0,1.0512797319157798,0.6578928807196326,0.015903857564133036
2023-01-20,48.057334899902344,48.153551374628364,47.120284672813874,47.463312187560895,6712600,0.014841010463431115,0.014731960286928093,48.017174530029294,47.67498245239258,45.1805004119873,46.88289382936181,45.25658814989848,1.6263056794633357,1.4125737008678219,0.21373197859551385,79.59895708489407,45.1805004119873,50.59222645316393,39.768774370810675,0.23956025240219728,1.106055795192079,4889190.0,1.3729472571121188,0.9068812692542303,0.01599918656373404
2023-01-23,48.559322357177734,48.860517832902914,47.86908325723697,48.048963711263035,5213700,0.010445595002739338,0.010391416731516808,47.9100830078125,47.92765159606934,45.488806915283206,47.14080591056426,45.501235128215455,1.6395707823488053,1.4579731171640187,0.1815976651847866,82.38783048008867,45.488806915283206,50.934394065792226,40.043219764774186,0.23942536724037167,1.136832509042741,4957850.0,1.0516050304063254,0.6962023616284593,0.01572958612339056
2023-01-24,48.69318389892578,48.91071217930151,47.83142951630962,48.28322270429364,5262500,0.0027566600036843525,0.0027528673848713193,48.04394683837891,48.171953964233396,45.82472324371338,47.37963329338911,45.7376757778977,1.6419575154914128,1.4947699968294976,0.14718751866191515,81.62546959187446,45.82472324371338,51.185828526238836,40.46361796118792,0.23398309484655486,1.1637249652071364,5053945.0,1.041265783462226,0.798451049183697,0.015266497526953644
2023-01-25,48.43382263183594,48.504937342919405,47.56370308768881,47.99039773734294,5491500,-0.005326438863151983,-0.005340674912767696,48.219641876220706,48.290758514404295,46.11880664825439,47.54181626853478,45.9373903596709,1.604425908863881,1.5167011792363745,0.08772472962750655,76.88590097371817,46.11880664825439,51.368165095586285,40.8694482009225,0.22764502504882497,1.1568520187347708,5196810.0,1.0567059407598123,0.9244452484249023,0.015454177943288874
2023-01-26,48.62625503540039,49.00274939649739,46.71032273839889,47.40474283413173,8002500,0.003973099646237044,0.003965227729554965,48.47398376464844,48.3359375,46.40870704650879,47.708653001898725,46.13656552083605,1.572087481062674,1.5277784396016345,0.04430904146103942,76.0760990562012,46.40870704650879,51.531793077321964,41.28562101569561,0.22078124372993382,1.2333459071421962,5442210.0,1.4704504236330462,0.835766013222446,0.015465426683671058
2023-01-27,49.33740997314453,49.63860545111345,48.366892983898424,48.55932271891707,6773300,0.014624916873125615,0.01451900417053174,48.72999877929688,48.373586654663086,46.78436431884766,47.959230997475004,46.37366510989594,1.5855658875790652,1.539335929197121,0.046229958381944325,72.62316863495539,46.78436431884766,51.58362675478116,41.98510188291416,0.2051652301279664,1.185238545000525,5613860.0,1.2065316912071196,0.7631575585162789,0.013846622392869616
2023-01-30,48.48402404785156,49.55912262737148,48.35852486765865,49.05294813265975,4824700,-0.01729693402546839,-0.01744827366896217,48.71493911743164,48.31251106262207,47.089742469787595,48.039968389840624,46.52998799418895,1.5099803956516737,1.5334648224880316,-0.023484426836357875,64.06745915446402,47.089742469787595,51.4667273763512,42.71275756322399,0.1858997173056041,1.1891231489137961,5717925.0,0.843785114355295,0.10453057914885942,0.014925569293252802
2023-01-31,49.655338287353516,49.73900547536449,48.37526063076602,48.58442381342813,5739100,0.02415876698571706,0.023871560483434463,48.907369995117186,48.47565841674805,47.46456298828125,48.28848683561184,46.761495423312255,1.5269914122995871,1.532170140450343,-0.005178728150755818,64.8453819527356,47.46456298828125,51.31601593275355,43.61311004380895,0.16228751312524264,1.2088442651800766,5869865.0,0.9777226563132202,0.9386489358849961,0.015122645161797956
2023-02-01,50.38323211669922,50.79737435477832,49.1951834933551,49.59677645021622,5645100,0.014658923983830396,0.014552520537264945,49.29725189208985,48.758446884155276,47.84858722686768,48.61075534039452,47.029772215414994,1.5809831249795252,1.5419327373561795,0.03905038762334567,63.953520316907806,47.84858722686768,51.20007630410262,44.497098149632734,0.14008727410672783,1.2384258731340114,5953995.0,0.9481197078600166,0.7415150370247579,0.01515574450747843
2023-02-02,50.15733337402344,50.55055799917699,49.81095790738059,50.25773081112892,4726200,-0.004483609589645776,-0.004493691112817518,49.603467559814455,49.03872566223144,48.16735210418701,48.84869042249127,47.26144341234895,1.5872470101423204,1.550995591913408,0.036251418228912424,58.134256086952696,48.16735210418701,51.073444541757404,45.26125966661662,0.12066648095101651,1.2136847703554443,5963915.0,0.7924660227384193,0.4683280407906162,0.014871270945995066
2023-02-03,50.19915771484375,50.40246432912148,49.70553253631806,49.86449538678086,3960900,0.000833862927050566,0.0008335154565084636,49.7758171081543,49.25290794372559,48.46394519805908,49.05645462131473,47.479051879200426,1.5774027421143018,1.5562770219535869,0.0211257201607149,57.603667754708404,48.46394519805908,50.86016893128044,46.06772146483772,0.09888686211692595,1.2046010835546213,5921810.0,0.6688664445498926,0.708283330650252,0.01489698953984541
2023-02-06,50.27445983886719,50.45015613628291,49.613503453453745,50.1991609697495,4658600,0.001500067480239231,0.0014989435029040972,50.13390426635742,49.42442169189453,48.67603664398193,49.24384003939972,47.68611913547204,1.557720903927681,1.5565657983484058,0.0011551055792751175,67.95728091983355,48.67603664398193,50.911680310747755,46.440392977216106,0.09185808134369661,1.1795013267989805,5849705.0,0.7963820397780743,0.7900009060849398,0.01266352168533621
2023-02-07,50.62584686279297,50.931226462715166,49.93142687207914,50.25772087182461,4777500,0.006989374426935591,0.006965061969668745,50.328005981445315,49.61768798828125,48.89482097625732,49.456456473767915,47.90387674490322,1.5525797288646928,1.5557685844516633,-0.0031888555869705737,74.96586595633944,48.89482097625732,50.982405283706235,46.80723666880841,0.08539081505023272,1.156493452951238,5763035.0,0.8289902802950182,0.6945591799317281,0.012675820102487613
2023-02-08,50.040199279785156,50.62585361820694,49.831036104184015,50.36649332307066,3410400,-0.01156815380481524,-0.011635585440168461,50.2593994140625,49.77832565307617,49.034542083740234,49.546263059309034,48.06212285859818,1.4841402007108542,1.5414429077035017,-0.0573027069926475,70.55061789513996,49.034542083740234,51.02941156832819,47.039672599152276,0.08136588616168412,1.1451385010603765,5602970.0,0.6086771837079263,0.2631587367908968,0.01250978347876372
2023-02-09,49.429443359375,50.79318497103165,49.241194585742925,50.63422210599778,3874700,-0.012205305518375176,-0.012280401935162413,50.11382141113281,49.85864448547363,49.097290992736816,49.52829079778072,48.16340585865572,1.3648849391249982,1.5061313139878012,-0.141246374862803,60.64936587584217,49.097290992736816,51.056888774353425,47.13769321112021,0.07982508777954778,1.1821901927371077,5350390.0,0.7241901992191223,0.12129506355421389,0.012297442308336508
2023-02-10,50.04856491088867,50.06529834809594,49.1198798911341,49.36250994327439,3826300,0.012525359571872396,0.012447566175637212,50.083702850341794,49.92975997924805,49.151673316955566,49.6083329690281,48.303047269932236,1.3052856990958617,1.4659621910094134,-0.1606764919135517,61.35207375201513,49.151673316955566,51.155211624363574,47.14813500954756,0.08152472427492548,1.1789033271153866,5176410.0,0.7391802426778404,0.9823004861952342,0.01208150385157886
2023-02-13,50.46689224243164,50.54637527280929,49.88123469515687,50.048565878889214,3520600,0.00835842810453813,0.00832368988141093,50.122189331054685,50.12804679870605,49.220278930664065,49.74041901109018,48.46333208270997,1.2770869283802142,1.4281871384835736,-0.1511002101033594,62.9584914242142,49.220278930664065,51.307821765930996,47.132736095397135,0.08482450244573475,1.1493217495911385,5150380.0,0.6835612129590438,0.8805018941060517,0.012184879825420833
2023-02-14,49.99835968017578,50.23262458645267,49.370870208734146,50.23262458645267,3749100,-0.009283959075687354,-0.00932732362892145,49.99669189453125,50.162348937988284,49.319003677368165,49.780102190949506,48.5770378306704,1.2030643602791073,1.3831625828426806,-0.18009822256357322,61.09132152376337,49.319003677368165,51.35441585145957,47.28359150327676,0.08254068502301999,1.1469318369097472,5040415.0,0.7438078015401509,0.7281534975445823,0.011208909821589888
2023-02-15,49.99835968017578,49.99835968017578,49.37923852230287,49.621868550571996,2357500,0.0,0.0,49.98832397460937,50.123861694335936,49.4411542892456,49.81368026621509,48.682320930633765,1.1313593355813225,1.332801933390409,-0.20144259780908658,59.999966637956774,49.4411542892456,51.31796085680474,47.56434772168647,0.07592082323075443,1.0274100154650618,4876215.0,0.483469248177121,0.9999999838480728,0.010874176892738202
2023-02-16,49.09477996826172,49.6846184534547,48.76848593071964,49.337410013666705,4302100,-0.01807218712161729,-0.018237483636832127,49.921391296386716,50.01760635375977,49.52816600799561,49.7030802203761,48.71287345193954,0.9902067684365647,1.2642829003996403,-0.27407613196307556,48.27994465880683,49.52816600799561,51.140358517934715,47.9159734980565,0.06510204757748717,1.0244215356251414,4841445.0,0.8885983420239205,0.3561646660095614,0.011735933796673549
2023-02-17,48.63462829589844,48.94837309679034,48.308334213623205,48.74339086227207,4317200,-0.009372720942241841,-0.009416921293009943,49.63860397338867,49.86115341186523,49.55703067779541,49.53870300122569,48.70707751445501,0.8316254867706832,1.1777514176738488,-0.3461259309031657,51.13070723618264,49.55703067779541,51.076340381464185,48.037720974126636,0.06131560680246803,0.9948392495484047,4721675.0,0.9143365437053588,0.5098035225025395,0.011575424279565698
2023-02-21,47.55534744262695,48.4254671601812,47.438216555951826,48.27486939400537,6615600,-0.022191613076695482,-0.022441551534118795,49.056295013427736,49.589242172241214,49.50683193206787,49.233571376825886,48.62176417580108,0.6118072010248028,1.0645625743440397,-0.4527553733192369,34.01274566064389,49.50683193206787,51.21903887872546,47.79462498541027,0.06917053181698421,0.9828868849304148,4791770.0,1.380617183212049,0.11864351866375623,0.01239492441036683
2023-02-22,47.69757080078125,48.053150764798005,47.438210496721915,47.50514105559704,3735400,0.0029906911799115754,0.0029862279595729902,48.59613723754883,49.29641456604004,49.457051277160645,48.99726359589594,48.5533054072811,0.44395818861483605,0.9404416971981989,-0.4964835085833629,27.552268463428973,49.457051277160645,51.32010990726078,47.59399264706051,0.07534046539327338,0.91236898540562,4715415.0,0.7921678155581217,0.42176502874518645,0.012398738720283922
2023-02-23,47.848167419433594,48.29159552677966,47.12864876850246,48.03223203725939,4154000,0.003157322608343005,0.0031523487319879565,48.16609878540039,49.07721138000488,49.427768516540525,48.820479568747885,48.50107296373684,0.31940660501104645,0.8162346787607685,-0.49682807374972204,30.45309587745912,49.427768516540525,51.37505008928189,47.48048694379916,0.07879301984226654,0.9426080330113916,4648540.0,0.8936139088832192,0.6187029970400422,0.012386586332605568
2023-02-24,48.350162506103516,48.42127722287139,46.9027536520203,47.15374883516257,4831800,0.010491417200359399,0.01043676420880207,48.01717529296875,48.96928329467774,49.413963890075685,48.74812309757183,48.489894411319554,0.2582286862522736,0.7046334802590696,-0.446404794006796,35.479630567180635,49.413963890075685,51.38888831159293,47.43903946855844,0.07993385942121872,1.0012931600147965,4490005.0,1.0761235232477468,0.9531685067886694,0.012595445670236391
2023-02-27,48.265464782714844,48.81595505669104,48.104549606820264,48.59575959324245,5443100,-0.0017517567470012319,-0.0017532928670527974,47.94334259033203,48.79097328186035,49.360366630554196,48.673867972209216,48.473269994385866,0.20059797782334954,0.6038263797719257,-0.4032284019485761,34.24638111214544,49.360366630554196,51.40112433858408,47.31960892252431,0.08268810980697425,0.9923469290891974,4423495.0,1.230497604269927,0.22619333835842345,0.01210301452913239
2023-02-28,48.44331741333008,48.705857796686935,48.16383518893262,48.375562972006,5835300,0.0036848838277203644,0.0036781112755881326,48.12093658447266,48.588615798950194,49.358331298828126,48.63839865545858,48.47105128467803,0.16734737078054707,0.51653057797365,-0.3491832071931029,32.40679525490816,49.358331298828126,51.40284679679335,47.313815800862905,0.08284378519959255,0.9596485731690753,4474025.0,1.3042618224082343,0.5156283432514227,0.011513611460740113
2023-03-01,49.137786865234375,49.67557404098585,48.4687262601973,48.51954209386041,4535100,0.014335712106149145,0.014233927402846432,48.40897979736328,48.50255851745605,49.33245372772217,48.715227610808704,48.52043910545998,0.1947885053487255,0.4521821634486651,-0.2573936580999396,42.85114206693808,49.33245372772217,51.37424040269578,47.29066705274855,0.0827766113659269,0.9908942241428501,4413825.0,1.0274761686292502,0.5543868996105241,0.010603266854753334
2023-03-02,49.493492126464844,49.667956928917725,48.57035873772965,48.91759221987536,3992400,0.007238935327023022,0.007212859997485081,48.73804473876953,48.45207176208496,49.28796672821045,48.83496061321734,48.592517107015894,0.24244350620144672,0.41023443199922144,-0.16779092579777471,50.528757611716195,49.28796672821045,51.271289681692465,47.30464377472843,0.08047899254674841,0.9584376388499466,4331190.0,0.9217790029991757,0.8410485619746507,0.01016688174135816
2023-03-03,49.39186477661133,49.7560368794625,48.947235069659754,49.595124901971786,3463600,-0.002053347732947186,-0.0020554587416550304,48.94638519287109,48.481780242919925,49.24969329833984,48.92063817681642,48.65172804550445,0.2689101313119693,0.38196957186177105,-0.11305944054980177,44.07207584437193,49.24969329833984,51.19148609640959,47.307900500270094,0.07885502093614882,0.9486793069100108,4268060.0,0.8115162392281271,0.5497387568440592,0.010135531212903753
2023-03-06,48.367088317871094,49.33256635275402,48.07913844512451,49.12930628875856,4841200,-0.020747879501514577,-0.020966141007358448,48.96670989990234,48.45502624511719,49.158089828491214,48.8354766600556,48.63064362123531,0.20483303882028991,0.34654226525347487,-0.14170922643318495,32.91589152844533,49.158089828491214,51.08408056438701,47.23209909259542,0.07835905514699322,0.9949354321838965,4312075.0,1.1227077451111125,0.22972990205225247,0.011067446060657718
2023-03-07,47.25763702392578,48.44331381330799,47.03744156740532,48.1723025295708,5499200,-0.022938145183641012,-0.023205317974771447,48.729573822021486,48.42525520324707,49.00724868774414,48.592732100651006,48.52893942884201,0.06379267180899717,0.28999234656457934,-0.22619967475558217,29.80726424045652,49.00724868774414,51.034962949902805,46.97953442558547,0.0827516057911557,1.017067590198552,4354105.0,1.2629920500309477,0.156625508182522,0.011994318961304809
2023-03-08,47.647220611572266,48.16383693794514,47.50324726459475,47.6048756995618,4232700,0.00824382284389813,0.008210028141016184,48.431460571289065,48.42022018432617,48.858317375183105,48.447268794638894,48.46362692385907,-0.016358129220172657,0.22872225140762895,-0.2450803806278016,33.61801840689411,48.858317375183105,50.82201018860474,46.89462456176147,0.08038315353115569,1.037573215637584,4326865.0,0.9782371301161464,0.21794670823091028,0.012052558431097876
2023-03-09,46.66480255126953,47.99445278345485,46.54200327891622,47.706506097153714,4566100,-0.02061858063687627,-0.020834111342600162,47.86572265625,48.301883697509766,48.689547538757324,48.17304321873591,48.33038067403762,-0.1573374553017075,0.15151031006576166,-0.30884776536746916,33.25269085765666,48.689547538757324,50.80024322120825,46.5788518563064,0.08670015595321731,1.0534714838577617,4384650.0,1.0413830066253862,0.08454632751371008,0.012552387778313077
2023-03-10,45.63157272338867,46.73255654948928,45.15306586587529,46.71561793915424,5399000,-0.022141523619341852,-0.02239032659565462,47.11366424560547,48.030024719238284,48.49965400695801,47.78204775791326,48.13046897398955,-0.3484212160762894,0.051524004837351416,-0.3999452209136408,30.81827392169447,48.49965400695801,50.980909857542386,46.018398156373635,0.10232055883237441,1.1101175502131528,4460865.0,1.2103033828640857,0.30295009615949176,0.01310334153923492
2023-03-13,44.37814712524414,45.089552645687924,44.030913670665015,44.84394762811227,8481300,-0.027468384790123257,-0.027852694804707846,46.31587600708008,47.64129295349121,48.21613311767578,47.25837073750263,47.85251920741582,-0.5941484699131863,-0.07761049011275617,-0.5165379798004301,30.14759092144216,48.21613311767578,51.19762011600716,45.234646119344404,0.12367175903778063,1.138992358268656,4693615.0,1.8069867255835854,0.3279998748313728,0.013509011617692766
2023-03-14,44.28498077392578,45.513002475678775,43.696377836762025,45.11495323761921,8450400,-0.0020993745199732183,-0.0021015812957676347,45.721344757080075,47.225459289550784,47.907037544250485,46.80092612772158,47.58825710123137,-0.7873309735097891,-0.21955458679216278,-0.5677763867176263,28.545253090180026,47.907037544250485,51.17413824083357,44.6399368476674,0.13639335112572343,1.224826956185846,4940105.0,1.7105709291604125,0.324009110805988,0.013124711444769238
2023-03-15,42.752071380615234,43.2178718333752,42.066072235540766,43.2178718333752,8006200,-0.03461465640317263,-0.03522793756062151,44.74231491088867,46.586887741088866,47.54472312927246,46.178025397397526,47.23002112192647,-1.0519957245289433,-0.3860428143395189,-0.6659529101894244,22.70526051254599,47.54472312927246,51.39113940347554,43.69830685506938,0.16180202643076946,1.3002527976221185,5152960.0,1.553708936223064,0.595588972602844,0.014558518780138347
2023-03-16,43.11625289916992,43.175536429988064,41.668035393680775,42.00679796539729,6851400,0.008518453183529617,0.008482375898204471,44.03260498046875,45.949163818359374,47.20061779022217,45.70698347459328,46.92529754987043,-1.2183140752771493,-0.5524970665270451,-0.6658170087501042,21.54709033507143,47.20061779022217,51.34279387231064,43.0584417081337,0.17551363842303522,1.299465473726133,5377655.0,1.2740497484498354,0.9606742954087093,0.014915758316912853
2023-03-17,42.36249542236328,43.05696229562255,42.09148411722355,42.938395253462616,11632000,-0.017481980137962094,-0.01763659458040997,43.37878952026367,45.24622688293457,46.864003562927245,45.19244685117329,46.587312207092126,-1.3948653559188386,-0.7209707244054039,-0.6738946315134348,20.085963120220782,46.864003562927245,51.43052020683551,42.29748691901898,0.19488376138314842,1.32184856887439,5744150.0,2.0250167561780246,0.280701634067088,0.014893830370304763
2023-03-20,43.41266632080078,43.53970429200291,42.86895078238888,42.91298858782747,5403200,0.024790109458072918,0.024487820361457743,43.185693359375,44.750784683227536,46.602905464172366,44.91863446188521,46.35215325255202,-1.4335187906668097,-0.8634803376576851,-0.5700384530091246,26.577377749028372,46.602905464172366,51.33722084737177,41.868590080972965,0.20317683354910454,1.3672190161519124,5798450.0,0.9318352318291957,0.8106040781191439,0.016508029805408914
2023-03-21,44.0901985168457,44.53906042188733,43.67944606530692,44.395083836998026,4277400,0.015606786071103107,0.0154862526605481,43.14673690795898,44.43404083251953,46.4296480178833,44.79118277803298,46.18460104990711,-1.3934182718741255,-0.9694679245009732,-0.4239503473731523,26.46139330150487,46.4296480178833,51.269645034585736,41.58965100118087,0.20848734476032266,1.3596574071112535,5681540.0,0.7528592599893691,0.47783339542448405,0.01666341029724818
2023-03-22,43.51430130004883,44.596653783380496,43.47618861350515,44.09866890446811,4524000,-0.013061796865732833,-0.013147852315007424,43.2991828918457,44.020748901367185,46.22048454284668,44.594739473727735,45.98680106843612,-1.3920615947083874,-1.0539866585424562,-0.3380749361659312,22.678115041313788,46.22048454284668,51.189612263483944,41.25135682220941,0.2150184174737872,1.3612907627317727,5720970.0,0.7907749909543311,0.034015056628459515,0.016713598921802256
2023-03-23,43.742958068847656,44.835470894084885,43.32373476298089,43.59898150694238,4781100,0.005254749863088604,0.005240991840625065,43.42452392578125,43.728564453125,46.015224075317384,44.46369618066926,45.82059047587401,-1.3568942952047536,-1.1145681858749157,-0.2423261093298379,24.483572289885316,46.015224075317384,51.04009364966142,40.990354500973346,0.21840030882472147,1.4115003571104334,5752325.0,0.8311595746067895,0.27731248494238814,0.01677029855952775
2023-03-24,43.853065490722656,43.98010347629916,42.72667515683232,43.06543773385272,4338400,0.0025171462273241296,0.002513983520977045,43.72263793945312,43.5507137298584,45.79036922454834,44.36975299760055,45.67484788438132,-1.305094886780772,-1.152673526056087,-0.15242136072468493,27.773261435841107,45.79036922454834,50.77763808640546,40.803100362691225,0.21783047161731245,1.407264784823292,5727655.0,0.7574478560597662,0.8986475791315934,0.016491585441916555
2023-03-27,44.03938293457031,44.632221427908426,43.95892533576654,44.251110737140365,4328000,0.00424867547485519,0.00423967533664882,43.84798126220703,43.51683731079102,45.57906513214111,44.31892683405744,45.553702332543466,-1.234775498486023,-1.1690939205420743,-0.0656815779439488,32.56889415622841,45.57906513214111,50.48218781925878,40.67594244502344,0.21514801468185993,1.3624993342006562,5671900.0,0.7630599975316913,0.11949809088129838,0.016603002174388492
2023-03-28,44.81007766723633,44.852422586957495,44.1410169512269,44.183361870948076,3083600,0.01750012559919467,0.017348761773617345,43.991957092285155,43.56934700012207,45.397403144836424,44.39448850070035,45.498619024002195,-1.1041305233018477,-1.156101241094029,0.05197071779218132,35.24237553822648,45.397403144836424,50.119585656337726,40.67522063333512,0.20803756093429368,1.3558450297983577,5534315.0,0.5571782596400819,0.9404770963299289,0.0172341879873176
2023-03-29,45.394432067871094,45.60615983540913,45.021792360059514,45.52993770986706,3710400,0.013040691537609783,0.012956393796018827,44.36798324584961,43.83358306884766,45.21023540496826,44.54832597257277,45.49090147169618,-0.9425754991234143,-1.113396092699906,0.1708205935764917,43.10660318774581,45.21023540496826,49.59271702918153,40.82775378075499,0.19387121455827097,1.3089616486293703,5493080.0,0.6754680434291873,0.63768042739174,0.017164960787340776
2023-03-30,45.73320007324219,45.98727276084052,45.37749895674642,45.94492785135905,3643800,0.0074627655846555285,0.007435056919691602,44.766031646728514,44.09527778625488,45.02222080230713,44.73061429575268,45.50884951625515,-0.7782352205024665,-1.046363918260418,0.26812869775795156,50.596408875771175,45.02222080230713,48.927666493482796,41.11677511113147,0.1734896956027337,1.2396961572350922,5475650.0,0.6654552427565678,0.5833328822494762,0.01717261734951533
2023-03-31,46.42766571044922,46.48694922831176,45.699321655898736,45.87717220948634,4410800,0.015185152932548629,0.015071012540164661,45.28095169067383,44.50179481506348,44.87401084899902,44.99169912878292,45.576909975084334,-0.5852108463014147,-0.9541333038686174,0.36892245756720266,62.87227655260879,44.87401084899902,48.27344011516426,41.47458158283378,0.15150993645762206,1.1816224800700468,5523010.0,0.7986224902725144,0.9247315239000203,0.017689837823812747
2023-04-03,46.85960006713867,47.52018979497406,46.59282096112056,46.766439314606,6588800,0.009303383016997957,0.00926037310190028,45.8449951171875,44.84648818969727,44.7986364364624,45.27906850391457,45.67192405597724,-0.3928555520626702,-0.841877753507428,0.4490222014447578,65.51022668723908,44.7986364364624,47.92808619952346,41.66918667340134,0.1397118310732309,1.1299010118991961,5610390.0,1.174392511037557,0.28767313867216493,0.017371050277587077
2023-04-04,45.95339584350586,46.81724557159495,45.72896491413796,46.65633362222219,5014500,-0.01933871015404398,-0.019528149325829358,46.0736587524414,45.03280792236328,44.73342437744141,45.382811171544006,45.6927738180164,-0.3099626464723926,-0.7354947321004209,0.42553208562802836,70.86085504826885,44.73342437744141,47.69708670243936,41.76976205244346,0.132503261990043,1.05216719865746,5586155.0,0.8976657468330184,0.20622522854543643,0.01715385959486692
2023-04-05,46.27522277832031,46.30909999826983,45.26739971514352,45.43678258418159,3959800,0.007003333027017833,0.006978923588959424,46.24981689453125,45.30890007019043,44.66482448577881,45.520105264894205,45.735918185446316,-0.21581292055211065,-0.631558369790759,0.4157454492386483,70.6991164997533,44.66482448577881,47.399146809253715,41.9305021623039,0.12243739250987133,1.0188957162873902,5572510.0,0.7105954049431944,0.9674789090748495,0.017119905276114036
2023-04-06,46.29215621948242,46.630921919733225,45.91104561437755,46.055022167732346,5022100,0.00036592889553932473,0.0003658619598896571,46.3616081237793,45.563819885253906,44.646192169189455,45.63888233483085,45.77712100278233,-0.13823866795147666,-0.5328944294229025,0.3946557614714259,78.50114957793474,44.646192169189455,47.32770063098548,41.96468370739343,0.1201226053784963,0.9971176822451976,5595310.0,0.8975552739705217,0.5294112293673304,0.016506949541111544
2023-04-10,47.26611328125,47.26611328125,46.55470777342847,46.58011407455112,4046400,0.021039353992279075,0.02082108299629684,46.52929763793945,45.90512466430664,44.72791919708252,45.88922555735688,45.88741672711326,0.0018088302436183312,-0.42595377748959834,0.42776260773321667,78.26081604470889,44.72791919708252,47.6267117551845,41.82912663898054,0.12961893198425653,0.9825996959686226,5527680.0,0.7320250086835707,0.9999999859433195,0.016318609489423097
2023-04-11,47.58793640136719,48.05374011888441,47.42702444576738,47.47784027787189,4411100,0.006808749393084845,0.006785674540314618,46.674964904785156,46.259980010986325,44.88840866088867,46.15056568720462,46.01338114742837,0.1371845397762499,-0.3133261140364287,0.4505106538126786,77.0641438193014,44.88840866088867,48.04923674850722,41.727580573270124,0.14083048082622635,0.9584020342934702,5324170.0,0.828504724680091,0.25675431449153474,0.014802690661332916
2023-04-12,48.1807746887207,48.90065110288544,48.10031709584044,48.655046094615955,4679700,0.012457743121142784,0.012380783938625139,47.12044067382813,46.597049713134766,45.083198356628415,46.462905533591716,46.17392881715372,0.2889767164379933,-0.19286554794154426,0.48184226437953753,86.01295336787565,45.083198356628415,48.552557490005675,41.613839223251155,0.15390918390186367,0.9721341436965351,5135635.0,0.9112212998003169,0.10053001767603338,0.014865331375005933
2023-04-13,48.20618438720703,48.40944449854909,47.4947820742845,47.952111671061864,5147600,0.000527382522395925,0.0005272435051081718,47.50663299560547,46.87822494506836,45.355904006958006,46.73110228030176,46.3244662667873,0.4066360135144649,-0.07296523565034241,0.4796012491648073,85.55995915191598,45.355904006958006,48.91013564698538,41.80167236693063,0.15672630577408944,0.9294860217794348,4992705.0,1.0310242644017622,0.7777758069779188,0.011775505027891228
2023-04-14,47.8504753112793,48.6440312140969,47.63874754441523,48.31627575223838,3394800,-0.0073789095828570295,-0.007406268404773606,47.81829681396484,47.08995246887207,45.59261512756348,46.903313515836764,46.437503973786704,0.4658095420500601,0.03478971988973813,0.431019822160322,80.64917113336449,45.59261512756348,49.14939894776955,42.035831307357405,0.15602455837440138,0.9117614039376366,4819875.0,0.7043336186104412,0.2106149449587315,0.012133865374448263
2023-04-17,48.18924331665039,48.22735276575336,47.774255452397625,48.00292183914391,2874400,0.0070797208004167445,0.007054777236891545,48.00292282104492,47.266110229492185,45.88395252227783,47.10114886980809,46.56726244362846,0.5338864261796346,0.13460906114771745,0.39927736503191713,81.09121235210496,45.88395252227783,49.27751091006399,42.49039413449167,0.14791918312348956,0.8884715022354912,4381995.0,0.6559569328582073,0.9158912287966703,0.010886338068828485
2023-04-18,48.08761215209961,48.477193720956386,47.75308187345918,48.28240132117324,3354600,-0.0021090010457928132,-0.002111228120317666,48.102857971191405,47.388911437988284,46.117699813842776,47.252912451699096,46.679880940552245,0.5730315111468514,0.2222935511475443,0.35073795999930707,77.29175719596768,46.117699813842776,49.43775806862526,42.797641559060295,0.14398195348788517,0.8821195161719214,4279565.0,0.7838647152222247,0.4619870192385573,0.010146953730398929
2023-04-19,47.79966735839844,47.92501243975856,47.29152192649967,47.76579336545909,3828000,-0.0059879203980935936,-0.0060059198823957955,48.02663650512695,47.573538589477536,46.30317325592041,47.3370285911913,46.762828082614924,0.5742005085763751,0.2926749426333105,0.28152556594306455,71.06819551796542,46.30317325592041,49.560181335003264,43.04616517683756,0.1406818518066212,0.8821200917024312,4257095.0,0.8992047393821373,0.8021358066805713,0.010127485922242831
2023-04-20,47.17294692993164,47.56676070407855,46.88923249874767,47.257636744082006,3334700,-0.01311139727746835,-0.013198110434512926,47.81998901367187,47.66331100463867,46.48610553741455,47.31178525868982,46.79320725649024,0.5185780021995754,0.3378555545465635,0.18072244765301188,62.00556156754518,46.48610553741455,49.48427683250188,43.48793424232723,0.12899214767192027,0.9035958813850508,4197630.0,0.7944244728573028,0.41874924876068503,0.01013191375034775
2023-04-21,46.47001266479492,46.98662896952201,46.33027478408626,46.8850005388131,4179500,-0.014901215863847184,-0.01501335437550058,47.543896484375,47.68109664916992,46.62245826721191,47.18228178270599,46.769266916364664,0.413014866341328,0.35288741690551645,0.06012744943581155,50.35261889651027,46.62245826721191,49.32923173594931,43.915684798474516,0.11611457522140067,0.9075276366302195,4167550.0,1.0028673921128721,0.21290011045925222,0.010977472965180564
2023-04-24,46.910404205322266,46.91887512531971,46.39378792959736,46.698676435317594,5036400,0.009476897363984937,0.009432273282519747,47.28812866210937,47.645525741577146,46.77532520294189,47.1404544631085,46.77972153036152,0.36073293274697704,0.3544565200738086,0.006276412673168419,50.42244603805377,46.77532520294189,49.148307688496324,44.40234271738746,0.1014630032077333,0.8669964302871845,4202450.0,1.1984437649466382,0.9838675749377869,0.011068438492034587
2023-04-25,44.46283721923828,46.58011518205915,44.46283721923828,46.12278236671949,8369800,-0.05217535486096481,-0.05358576731885009,46.56317367553711,47.333015823364256,46.796497917175294,46.72851334866693,46.60810047027832,0.12041287838860626,0.30764779173676815,-0.1872349133481619,40.134571831818036,46.796497917175294,49.07226142430889,44.5207344100417,0.09726212893800089,0.9610629897931326,4404540.0,1.9002665431577417,0.0,0.016638902514634228
2023-04-26,44.53059387207031,45.01333301306498,44.21723439192926,44.26805022861131,5952500,0.0015238940443214055,0.001522734096068208,45.909358978271484,46.96799774169922,46.782523727416994,46.390371890728986,46.45421109263329,-0.06383920190430104,0.2333503930085543,-0.29718959491285535,38.05111634109331,46.782523727416994,49.11243328019376,44.452614174640225,0.09960597963257467,0.9435200139366618,4547985.0,1.3088213791382337,0.39361891590494474,0.01616214413169664
2023-04-27,45.309749603271484,45.326688215107424,44.34003588295553,44.58140544787541,3910700,0.01749708825890739,0.01734577666851096,45.536719512939456,46.678354263305664,46.77828960418701,46.22412230804321,46.36943616749538,-0.14531385945216613,0.15761754251641022,-0.3029314019685764,43.90763657972978,46.77828960418701,49.119102760202544,44.43747644817147,0.10008117764981364,0.9625754444221057,4558000.0,0.8579859587538394,0.9828322286257419,0.01638330307221412
2023-04-28,46.07196807861328,46.50389134572287,45.0302645159714,45.08955126901553,6014400,0.016822394341520663,0.016682464983305972,45.45711059570313,46.50050354003906,46.795228004455566,46.200713965053986,46.347401494244856,-0.1466875291908707,0.09675652817495403,-0.24344405736582472,42.39482074849202,46.795228004455566,49.10894542252676,44.481510586384374,0.09888689581129485,0.9982661421352407,4676530.0,1.2860817743070183,0.7068977943001944,0.016736467451113672
2023-05-01,45.82636260986328,46.25828587264977,45.58499306257178,46.12278021856875,4013200,-0.005330908988539829,-0.0053451689856042935,45.24030227661133,46.26421546936035,46.76516284942627,46.14312144887081,46.3088060213277,-0.1656845724568896,0.044268308048585295,-0.2099528805054749,38.67104203077606,46.76516284942627,49.11434587528566,44.41597982356688,0.10046722315169741,0.9900994258812104,4656650.0,0.8618212663610106,0.35849119446059113,0.01641494737329527
2023-05-02,45.54688262939453,45.64004337693202,44.53059178897416,45.30974853072442,4206000,-0.006098672566445362,-0.006117345428472795,45.45711135864258,46.01014251708985,46.699526977539065,46.05139239972061,46.252367251554865,-0.20097485183425334,-0.004780323927982446,-0.1961945279062709,32.349625472856175,46.699526977539065,49.110151101813926,44.288902853264204,0.10323976623721656,0.9888891486934155,4537510.0,0.926940105917122,0.916029903684877,0.016290582659377877
2023-05-03,44.886287689208984,45.87717211198497,44.8100655620178,45.521471005565715,3343000,-0.014503625759871852,-0.014609831503052314,45.52825012207031,45.7188045501709,46.64617156982422,45.872145521180364,46.15117617286258,-0.27903065168221275,-0.059630389478828524,-0.2194002622033842,29.497894643107017,46.64617156982422,49.17086874739109,44.12147439225735,0.10824884840924943,0.9997780148150284,4453935.0,0.750572246788514,0.07142878701217228,0.016042653612950566
2023-05-04,45.19118118286133,45.23352609581415,44.26804786536676,44.80160281455971,3899900,0.0067925754021676,0.00676960980027057,45.50453643798828,45.52062797546387,46.59196949005127,45.76738177682359,46.08006543286248,-0.31268365603889237,-0.11024104279084132,-0.20244261324805105,33.47373930953259,46.59196949005127,49.19551330746502,43.98842567263752,0.11175933732398596,0.996934769155437,4450940.0,0.8761969381748574,0.9561409867371026,0.016037153695807178
2023-05-05,46.0804328918457,46.22440945903356,45.58922613306765,45.95339493436873,4145300,0.019677549595044086,0.019486449469242145,45.506229400634766,45.48166999816895,46.581383323669435,45.81554348682699,46.08009265204643,-0.2645491652194423,-0.14110266727656154,-0.12344649794288073,37.7339768565936,46.581383323669435,49.19177278037144,43.97099386696743,0.1120786576286833,1.0383726950709011,4407100.0,0.9405958566858025,0.7733306763016482,0.016695400600418943
2023-05-08,45.86023712158203,46.50388813276178,45.74166685439549,46.08890027438248,2725300,-0.004778509151172394,-0.004789962727940651,45.513004302978516,45.37665328979492,46.51108951568604,45.82241943063545,46.063807057197224,-0.24138762656177448,-0.16115965913360414,-0.08022796742817034,37.22060188863341,46.51108951568604,49.11955769454423,43.90262133682785,0.11216543005205128,1.0410947972758358,4341045.0,0.6277981453774379,0.1555588501610594,0.015957104067751245
2023-05-09,45.4537239074707,45.68239032596858,45.28434424699221,45.64004541084896,3285300,-0.008864176018837489,-0.008903696545019556,45.49437255859375,45.475741958618165,46.40437889099121,45.76569704245625,46.018615712773034,-0.25291867031678095,-0.17951146137023952,-0.07340720894654143,36.720992610525784,46.40437889099121,49.0019560741342,43.80680170784822,0.11195396836341551,1.025366415060827,4284755.0,0.7667416223331323,0.4255277596473143,0.015918302430941528
2023-05-10,45.26740646362305,46.22018160945403,44.759257780753856,45.97034111346694,3888200,-0.004099057851166155,-0.004107482017443895,45.570596313476564,45.54942321777344,46.25871047973633,45.68903695340499,45.96297058320637,-0.2739336298013839,-0.19839589505646843,-0.07553773474491549,38.64786909208588,46.25871047973633,48.76188416448059,43.75553679499207,0.10822496601329945,1.064687055707213,4245180.0,0.9159093371776933,0.34782694991225904,0.015543698093762904
2023-05-11,44.32733917236328,44.89476821311832,43.98857334784273,44.886300521324955,5499600,-0.02076697926167259,-0.020985645633415054,45.39782791137695,45.451182174682614,46.06476821899414,45.47954498709088,45.8418127009217,-0.3622677138308177,-0.23117025881133832,-0.13109745501947936,37.58591348204597,46.06476821899414,48.5334431822555,43.596093255732775,0.10718278019006472,1.0958414107025654,4262780.0,1.2901439905413838,0.3738333042520532,0.01601183805697535
2023-05-12,44.30192565917969,44.66609773054669,44.08596240041325,44.505182536257664,3260200,-0.0005733146554268709,-0.0005734790631151624,45.04212646484375,45.274177932739256,45.88734073638916,45.298372782796854,45.727746994126,-0.4293742113291472,-0.27081104931490013,-0.15856316201424708,34.12374432383061,45.88734073638916,48.325521472844,43.449159999934324,0.10626812089467348,1.0997734203033573,4256050.0,0.7660154368487212,0.3722635802824257,0.016009948293698468
2023-05-15,44.25957489013672,44.59834063945577,43.82765162892907,44.56446341838194,3774800,-0.0009559577470464875,-0.0009564149660648231,44.72199401855469,45.1174991607666,45.690857315063475,45.1385577223876,45.61899350494161,-0.48043578255401087,-0.3127359959627223,-0.1676997865912886,48.25069861747279,45.690857315063475,47.976565619715466,43.405149010411485,0.10005101409635545,0.9799964220492657,4301070.0,0.877642075111542,0.5604378026722979,0.01582437107504677
2023-05-16,43.243282318115234,44.12406741470047,43.17552787876511,44.04784528578632,4611000,-0.022962095197348265,-0.023229830555145665,44.27990570068359,44.88713912963867,45.44864082336426,44.84697689096109,45.44301489851003,-0.5960380075489411,-0.36939639827996607,-0.22664160926897503,40.47614075153204,45.44864082336426,47.69124315083507,43.206038495893445,0.09868732207797663,1.0005641642089722,4363890.0,1.0566260836088903,0.0714302736669898,0.016362512590607066
2023-05-17,43.59898376464844,43.903872282627226,43.267842501182685,43.463478115625584,4777300,0.008225588518385729,0.008191942743429539,43.94622116088867,44.75840873718262,45.23860664367676,44.654977948451446,45.30641999970547,-0.6514420512540227,-0.42580552887477746,-0.2256365223792452,36.49728570955436,45.23860664367676,47.336255855722115,43.140957431631406,0.09273712731992614,0.9772739950918365,4411355.0,1.0829552371096862,0.5206379762710007,0.016631391878831732
2023-05-18,43.929283142089844,44.043617963554624,43.06543332838534,43.38726048973639,4451900,0.007575850373586546,0.007547297735479602,43.86660995483398,44.63221893310547,45.076423454284665,44.54333259362658,45.20440986210431,-0.6610772684777331,-0.4728598767953686,-0.18821739168236445,31.850810699030006,45.076423454284665,47.04176611786505,43.11108079070428,0.08720047035557674,0.9418852669073949,4467215.0,0.9965716895202045,0.8831152870478831,0.016707832507529535
2023-05-19,43.997039794921875,44.32733466334079,43.709089842583076,44.25111252211258,3747400,0.0015424028799393419,0.0015412145983330445,43.805632781982425,44.423879623413086,44.95277481079101,44.459287547672005,45.11497504231302,-0.6556874946410147,-0.5094254003644979,-0.14626209427651682,34.02373921247755,44.95277481079101,46.859241061589806,43.04630855999222,0.08482084849370151,0.9379532676702327,4445610.0,0.8429439379522721,0.4657539182105083,0.016516656373649838
2023-05-22,43.84458541870117,44.21722511741225,43.64979626500839,44.056313181068454,3478200,-0.00346510531006905,-0.003471122692070215,43.722634887695314,44.222314453125,44.79948387145996,44.3647179893688,45.02087210723066,-0.6561541178618597,-0.5387711438639703,-0.11738297399788944,34.795766158844685,44.79948387145996,46.52789799560607,43.07106974731386,0.07716223379293047,0.8859288413498564,4367700.0,0.7963459028779449,0.3432838309767605,0.016270338074421284
2023-05-23,44.005496978759766,44.31038547087507,43.57357376873591,43.8445850437919,3611400,0.0036700440549715108,0.0036633258756142706,43.87507781982422,44.077491760253906,44.77661685943603,44.30945321850587,44.94565913475133,-0.6362059162454585,-0.558258098340268,-0.07794781790519056,41.362119534312995,44.77661685943603,46.53561473736487,43.0176189815072,0.07856769900462682,0.862336352219284,4129780.0,0.8744775750766385,0.5862056790192269,0.011533814275074387
2023-05-24,43.463478088378906,44.132538643445216,43.35337873902014,44.132538643445216,3162400,-0.012317072356721193,-0.012393556179192827,43.84797668457031,43.89709892272949,44.72326107025147,44.17930319848634,44.83586794613115,-0.6565647476448149,-0.5779194282011774,-0.0786453194436375,33.80949623252192,44.72326107025147,46.57592450752519,42.87059763297775,0.08285010497618,0.8490279003605475,3990275.0,0.7925268308575224,0.1413052023345025,0.011820594878399086
2023-05-25,42.658912658691406,43.294096005375295,42.31591468530917,43.19246757450455,4688200,-0.018511298797843412,-0.018684777097387438,43.593902587890625,43.73025627136231,44.59071922302246,43.94539696159481,44.67461199891339,-0.729215037318582,-0.6081785500246584,-0.12103648729392358,17.41941951977543,44.59071922302246,46.63599297104738,42.54544547499754,0.09173540071400917,0.857194695138941,4029150.0,1.163570480126081,0.35064866077443096,0.011571267367776786
2023-05-26,42.63351058959961,43.01462128157328,42.557288451204876,42.96380544574016,3511000,-0.0005954692116753035,-0.0005956465738789795,43.321196746826175,43.5634147644043,44.418796348571775,43.743568288980164,44.523419301927184,-0.7798510129470202,-0.6425130426091308,-0.13733797033788941,18.090533017156105,44.418796348571775,46.517184467459636,42.32040822968391,0.09448198922010331,0.8354169488533775,3903980.0,0.8993386236609818,0.16666666302234787,0.01062161693806252
2023-05-30,42.513267517089844,42.72368580259729,41.997956494056396,42.53903208536124,5222800,-0.0028203887234915515,-0.0028243735139697234,43.05493316650391,43.38878402709961,44.25314159393311,43.554291247150886,44.374519169717004,-0.8202279225661187,-0.6780560186005284,-0.1421719039655902,19.17627779870486,44.25314159393311,46.406050162948745,42.10023302491747,0.09729969405429918,0.8461195512784541,3964460.0,1.317405144710755,0.710059535791528,0.010617616729714428
2023-05-31,41.894893646240234,42.40161759586088,41.51699909659362,42.195494487423716,8465200,-0.01454543268406805,-0.014652254602806851,42.6328125,43.25394515991211,44.07054214477539,43.29899930854925,44.19084320501502,-0.8918438964657724,-0.7208135941735774,-0.17103030229219507,17.5835304781195,44.07054214477539,46.37554992169456,41.76553436785622,0.10460537423601585,0.812929879263886,4177420.0,2.02641821985819,0.42718363417427124,0.010883086431622384
2023-06-01,42.08383560180664,42.38014120700038,41.66299580423101,42.08383560180664,4573900,0.00450990417022723,0.004499765025366713,42.35688400268555,43.10243034362793,43.930419540405275,43.112051045973466,44.03476856774032,-0.922717521766856,-0.7611943796922331,-0.16152314207462282,24.796204095031328,43.930419540405275,46.36378040683871,41.49705867397184,0.11078250068590095,0.7728093283345326,4238965.0,1.0790133912405504,0.5868263117663863,0.010757447868207785
2023-06-02,44.3254508972168,44.38557040892106,42.95128267304072,43.03717002995229,7786600,0.05326547030123652,0.051895309926001464,42.690191650390624,43.14204711914063,43.887133026123045,43.29872794616475,44.05630059214599,-0.7575726459812344,-0.7604700329500335,0.002897386968799043,50.17643238665786,43.887133026123045,46.256008827105326,41.518257225140765,0.1079530895568981,0.8957807195474601,4433300.0,1.756389145783051,0.9580840581836215,0.016504875940889376
2023-06-05,44.23097610473633,44.973886174072675,44.205211535993584,44.39415716721978,5567400,-0.0021313893162540065,-0.0021336639591371456,43.00968475341797,43.16544075012207,43.79466018676758,43.44215073979115,44.06923951900453,-0.6270887792133806,-0.733793782202703,0.1067050029893224,49.78718137529033,43.79466018676758,45.93655354023038,41.65276683330478,0.09781527447996798,0.8956368358012021,4504405.0,1.2359901030213758,0.03351817157900224,0.015782652183369574
2023-06-06,45.1671257019043,45.416194113527915,43.861667410526344,43.89602235204703,7378400,0.021165022335279726,0.02094415426635773,43.54045639038086,43.297694778442384,43.76000461578369,43.70753150319318,44.15056442144155,-0.4430329182483703,-0.6756416094118365,0.23260869116346616,64.48915448042061,43.76000461578369,45.78014751058546,41.73986172098193,0.09232827612971158,0.9292425280604851,4737060.0,1.5575905730558617,0.8397786158703556,0.01658210033748467
2023-06-07,46.266456604003906,46.33516648553579,45.27877662898914,45.36466070463652,6453700,0.024339182204221155,0.02404770439321178,44.41476898193359,43.523790740966795,43.800641250610354,44.101212287933286,44.30729717570543,-0.20608488777214262,-0.5817302650838977,0.37564537731175507,68.0660966223115,43.800641250610354,45.989860388335075,41.611422112885634,0.09996288068929647,0.9654890151404493,4895480.0,1.3182976950166276,0.9349578278741975,0.017358552757258925
2023-06-08,45.33030700683594,46.67012024703832,44.87511549614194,46.472584246618894,5092000,-0.020233872785644702,-0.02044138149757312,45.064063262939456,43.7104736328125,43.803786277770996,44.29030378314908,44.38307568171509,-0.09277189856601353,-0.48393859178032084,0.3911666932143073,58.76912747575579,43.803786277770996,46.00203971694081,41.605532838601185,0.10036819307034897,1.0238333091209562,4955670.0,1.0275099027982089,0.2535879127510996,0.017973394565662538
2023-06-09,44.43710708618164,45.24442866099549,44.34692453370584,45.02112478787022,5478000,-0.01970425482712035,-0.019900972055529792,45.086394500732425,43.88829307556152,43.809274673461914,44.31288890669255,44.38707800797187,-0.07418910127932321,-0.40198869368012136,0.32779959240079815,52.496458548024165,43.809274673461914,46.0135717463624,41.604977600561426,0.1006315255995677,1.0499145700046977,4954590.0,1.1056414355173687,0.10048148942036343,0.017909538610015503
2023-06-12,44.48862838745117,44.92664568184777,44.1107338761972,44.48862838745117,3888400,0.0011594206879761426,0.001158749078878485,45.13792495727539,44.07380485534668,43.81860980987549,44.339925749886184,44.39460025830367,-0.054674508417484446,-0.332525856627594,0.27785134821010954,53.695916960955934,43.81860980987549,46.03324867130517,41.60397094844581,0.10108211424501008,1.0676633523794632,4986000.0,0.7798636181307661,0.46315607153287014,0.017909415605441462
2023-06-13,45.63949966430664,45.991629662674235,44.6432291852958,44.78923606456758,4273600,0.02586888646762797,0.02553994761539224,45.23239974975586,44.38642807006836,43.88760604858398,44.539860198258566,44.48681502911871,0.053045169139856796,-0.25541165147410383,0.3084568206139606,58.42021335568533,43.88760604858398,46.24168202786027,41.533530069307695,0.10727748406556077,1.1223911790283136,5010940.0,0.852853955545267,0.7388535441334589,0.018788519469890505
2023-06-14,45.3560791015625,46.25787511016447,45.094128379960175,46.000219575745035,3319800,-0.006209984001331992,-0.006229346152700715,45.050324249267575,44.73254661560058,43.993245887756345,44.6654323372284,44.55120496041084,0.1142273768175599,-0.18148384581577107,0.29571122263333094,60.0198484826453,43.993245887756345,46.414251102092315,41.572240673420374,0.11006258644851456,1.1498616665839718,4946380.0,0.6711574929544435,0.22509255025396666,0.017987449965632788
2023-06-15,45.9315071105957,46.15481096383542,45.15854055067619,45.295957046413065,3283600,0.01268689931827427,0.012607094882848367,45.17056427001953,45.11731376647949,44.109872055053714,44.86021307159261,44.65344956412824,0.20676350746437322,-0.1038343751597422,0.3105978826241154,67.75665244988076,44.109872055053714,46.67154894685827,41.548195163249154,0.1161498219086793,1.1390550244475068,4871695.0,0.674015922589571,0.7758601901162427,0.01808905285145526
2023-06-16,45.656673431396484,45.785502827576366,45.17571406542828,45.77691245382163,9535900,-0.0059835545682719316,-0.006001527762497421,45.4144775390625,45.250436019897464,44.196241569519046,44.982745434639355,44.72776244318514,0.254982991454213,-0.032070901836951146,0.28705389329116415,65.97097388391165,44.196241569519046,46.84720698045175,41.54527615858634,0.11996338678540508,1.1603736112188656,5125895.0,1.8603385360020055,0.7887310949887485,0.018153140190403663
2023-06-20,44.59169387817383,45.038298308968606,44.00767622773048,44.935236756098334,5083700,-0.023325824533031114,-0.023602177477252028,45.43509063720703,45.286507797241214,44.22597427368164,44.922583656721585,44.71768329022134,0.20490036650024734,0.01532335183048857,0.18957701466975876,59.983516159331096,44.22597427368164,46.88086862799959,41.5710799193637,0.12006041236712077,1.2263213180135166,5192710.0,0.979007108041851,0.5666651776712315,0.019023062590195802
2023-06-21,44.557334899902344,45.081236228448844,44.02484319887011,44.38556348912637,3591400,-0.0007705241780084915,-0.0007708211843397792,45.218657684326175,45.225528717041016,44.261611747741696,44.86639154028785,44.70580563167919,0.16058590860865962,0.04437586318612279,0.11621004542253682,63.54893954388759,44.261611747741696,46.91408411853119,41.6091393769522,0.1198543056184496,1.230615932947982,5198370.0,0.6908704074546445,0.5040658931684936,0.019000488090887023
2023-06-22,44.13650131225586,44.22238866785192,43.11446635266986,43.30341198244596,4734000,-0.009444765684300527,-0.009489650323883296,44.97474212646485,45.01253318786621,44.26816196441651,44.754100735975236,44.66363494135153,0.09046579462370374,0.05359384947363899,0.036871945150064755,60.2049896336935,44.26816196441651,46.91861756413854,41.61770636469447,0.11974545506779871,1.2824533004096332,5254500.0,0.90094204967171,0.9224788925686251,0.019128487191515824
2023-06-23,44.110740661621094,44.230979693867575,43.16599932375832,43.56966174024401,3703100,-0.0005836586468989102,-0.0005838290419118678,44.61058883666992,44.89057655334473,44.30052509307861,44.65512226299767,44.622679809519646,0.03244245347802632,0.049363570274516454,-0.01692111679649013,48.63090370328569,44.30052509307861,46.925292294515046,41.67575789164218,0.1184982433468501,1.1941136977664069,5281535.0,0.7011408615109055,0.8870974109080341,0.01889906382346893
2023-06-26,44.61746597290039,44.853648857233,44.05920956217239,44.17086149957159,3073900,0.011487572044333705,0.011422090891094694,44.402747344970706,44.908612442016604,44.39845275878906,44.64932898759809,44.6222935993997,0.02703538819839224,0.04489793385929162,-0.017862545660899377,52.34135167788089,44.39845275878906,46.908995882060935,41.88790963551719,0.11309146906138025,1.1959540304079437,5200820.0,0.591041412700305,0.7027049230468414,0.01846221762844824
2023-06-27,45.14995193481445,45.192893977104085,44.334040026240174,44.6002859304644,3176300,0.011934473424319636,0.011863819188217386,44.51439895629883,44.97474479675293,44.524274826049805,44.72634790255445,44.661379402023016,0.06496850053143532,0.048912047193720366,0.01605645333771496,49.89061154512286,44.524274826049805,46.911589259703604,42.136960392396006,0.10723653301398875,1.146263119540968,5184085.0,0.6127021451230062,0.9500007518781929,0.018567278154251087
2023-06-28,45.48490905761719,45.49349943270574,44.54875802532261,45.149956507063116,3364600,0.007418770307581424,0.007391386583448619,44.699913787841794,44.959285736083984,44.67285690307617,44.84304961871795,44.72238159873369,0.12066801998425802,0.06326324175182792,0.057404778232430106,44.484900626026956,44.67285690307617,46.8975351663799,42.44817863977244,0.09959865643383728,1.1303131640946564,5091175.0,0.6608690528217945,0.9909071573125829,0.018538523317060844
2023-06-29,45.725379943847656,45.83702858428332,45.253007710206774,45.4763115436129,2559400,0.005286827899905422,0.005272901687379124,45.01768951416015,44.9962158203125,44.86438121795654,44.978792745660975,44.79667777244584,0.18211497321513548,0.08703358804448943,0.09508138517064604,53.091411650925934,44.86438121795654,46.70918970400851,43.019572731904574,0.08223933712981202,1.043814315750382,4795885.0,0.5336658406112741,0.8088276404495361,0.01804374761180063
2023-06-30,45.74256134033203,46.025984725145356,45.51067364982575,46.017397626939456,4158100,0.000375751858278095,0.00037568128122768035,45.34405364990234,44.977321243286134,45.04731750488281,45.096295606379606,44.86674322191889,0.22955238446071746,0.11553734732773506,0.1140150371329824,61.83800245880601,45.04731750488281,46.38787629378223,43.7067587159834,0.05951780763656383,1.0103806444782042,4775095.0,0.8707889581254404,0.44999554077603643,0.018067735402104945
2023-07-03,46.18916702270508,46.369528852477856,45.716797978458665,45.73397545159264,2228500,0.009763460315443062,0.009716105717120315,45.65839385986328,45.030570602416994,45.140503311157225,45.26442967042968,44.96470054049564,0.2997291299340361,0.1523757038489953,0.14735342608504082,64.38960713653965,45.140503311157225,46.52806246290701,43.75294415940744,0.06147734517646929,0.9987248636473913,4497190.0,0.49553165421074047,0.7236811614272028,0.01403499598304144
2023-07-05,45.381839752197266,45.89715077652535,45.10700676905327,45.673850206321205,5878100,-0.017478714654259875,-0.01763327099935633,45.70477142333984,45.109585189819335,45.19804649353027,45.28249275993239,44.99559974136243,0.2868930185699554,0.17927916679318734,0.10761385177676808,47.685149644122255,45.19804649353027,46.52072727054289,43.87536571651765,0.058528227639305264,0.9686647906780159,4512725.0,1.30256109113673,0.3478264431125761,0.01468613978495445
2023-07-06,45.32172393798828,45.41190321078664,44.454279602230635,44.909474429652434,5287100,-0.0013246667507804677,-0.001325544897367504,45.67213439941406,45.18602409362793,45.205776405334475,45.28852832578714,45.019757089260644,0.26877123652649715,0.19717758073984934,0.07159365578664781,49.67844671841416,45.205776405334475,46.52950288877804,43.88204992189091,0.05856448395330998,0.953941710560281,4408160.0,1.199389314362455,0.9058301392625008,0.013933847449080383
2023-07-07,45.60514450073242,46.3265819666502,44.93523945247587,45.0211235389767,5400200,0.006253525641079616,0.006234053487185799,45.64808731079101,45.33288841247558,45.1727108001709,45.337238506547955,45.06311911974003,0.274119386807925,0.21256594195346448,0.06155344485446054,46.76872315578446,45.1727108001709,46.41543969646344,43.92998190387836,0.055021222958700045,0.982161146347074,4355485.0,1.2398619212326527,0.48148104195557123,0.012832446262304663
2023-07-10,45.75114822387695,46.09468782245444,45.240129098518395,45.32172126845435,3663100,0.003201474849886532,0.0031963610408597184,45.6498046875,45.49692916870117,45.19375286102295,45.400916924598576,45.11408423856499,0.28683268603358414,0.22741929076948844,0.0594133952640957,50.959870394629746,45.19375286102295,46.46171265560992,43.92579306643598,0.0561121710111627,0.9892158376876898,4284040.0,0.8550573757481256,0.5979918115222297,0.011991652703923094
2023-07-11,45.87997055053711,46.29222327676566,45.83702851379962,45.948680430330995,3470800,0.0028157178925822812,0.0028117611845325883,45.587965393066405,45.62317962646485,45.265896034240725,45.474617482435264,45.17081655797033,0.30380092446493023,0.24269561750857682,0.06110530695635341,66.16379269084163,45.265896034240725,46.51666159629099,44.015130472190464,0.05526304222959106,0.9100785412035971,4183680.0,0.8296045586660548,0.0943377193408368,0.011008637530511968
2023-07-12,46.47258377075195,46.944952747463,45.66525903021949,46.68729723982675,5983900,0.012916599838748377,0.012833892004352442,45.806114196777344,45.7554428100586,45.36509380340576,45.62815075756091,45.26724375891712,0.3609069986437916,0.2663378937356198,0.09456910490817183,71.0776193214974,45.36509380340576,46.66983133973107,44.06035626708046,0.057521650543896935,0.9260285903225096,4288455.0,1.3953510063647632,0.6308734061480952,0.011290988078355168
2023-07-13,46.5584716796875,46.76459806852145,46.20634169247486,46.54129420759569,3291900,0.0018481414624853532,0.0018464357503275633,46.053463745117185,45.862799072265624,45.41104240417481,45.77127705327269,45.36289027156678,0.40838678170590725,0.2947476713296773,0.11363911037622998,78.7755812404086,45.41104240417481,46.81724983700194,44.00483497134768,0.06193240050784885,0.8628420066663745,4239370.0,0.7765068866364577,0.6307675039892021,0.00982861910131865
2023-07-14,45.45054244995117,46.42963855397561,45.304538873583,46.386693242086324,3885600,-0.023796511993749436,-0.02408422249075847,46.022543334960936,45.83531532287598,45.415765571594235,45.72193326814631,45.36938302552119,0.3525502426251208,0.306308185588766,0.04624205703635481,62.662225058314135,45.415765571594235,46.82183025584634,44.00970088734213,0.061919673336148534,0.8763386092374635,4267660.0,0.9104755299156915,0.12976945742223472,0.011202391249564222
2023-07-17,45.02970886230469,45.24871751746337,44.8064050204224,45.124183312618925,4318300,-0.009259154345845122,-0.009302286768405792,45.878255462646486,45.764030075073244,45.37067565917969,45.615437205709135,45.34422197639404,0.27121522931509645,0.2992895943340321,-0.028074365018935676,53.960328913952154,45.37067565917969,46.76489103566505,43.976460282694326,0.06145887652009327,0.8656027616994751,4319395.0,0.9997464922749598,0.5048553643128216,0.010983891009519466
2023-07-18,45.50208282470703,45.824153062659036,44.986771754490974,45.029713797631,4815500,0.010490273518019011,0.010435632400091838,45.802677917480466,45.69532165527344,45.362946128845216,45.59799807017035,45.35591537256537,0.24208269760497814,0.28784821498822133,-0.04576551738324319,53.42237309350139,45.362946128845216,46.752190653249464,43.97370160444097,0.06125018954714056,0.8640690015069146,4083375.0,1.1792940888358283,0.6153840061101465,0.01120078341659027
2023-07-19,45.36466598510742,45.55361490504638,45.11559754996386,45.38184345748986,3731800,-0.003020012075688805,-0.0030245815143163865,45.581094360351564,45.69360427856445,45.401594734191896,45.56210082631452,45.356563566087004,0.20553726022751562,0.2713860240360802,-0.06584876380856458,48.784687548917475,45.401594734191896,46.74267052275039,44.060518945633405,0.059076153443946254,0.8278744263425857,4015780.0,0.9292839747197307,0.5686268513501492,0.009820904100412194
2023-07-20,45.56220245361328,45.81127089121958,45.17571751185659,45.794093418667295,3751900,0.00435441249739843,0.004344959474937841,45.381840515136716,45.71765213012695,45.45183811187744,45.562116461283566,45.37179607627413,0.1903203850094357,0.2551728962307513,-0.06485251122131558,48.3363047732838,45.45183811187744,46.733722622427436,44.16995360132745,0.056406278108916,0.8315553195773318,4023805.0,0.9324259003604797,0.608107750230178,0.009841703248025897
2023-07-21,45.56220245361328,45.67385438706919,45.17571751185659,45.60514449686005,4095300,0.0,0.0,45.40417251586914,45.71335792541504,45.52312316894531,45.562129690872744,45.38590025237333,0.17622943849941208,0.23938420468448343,-0.06315476618507135,48.154664701639575,45.52312316894531,46.645692657743524,44.4005536801471,0.04931864998067622,0.8303285909982598,3991870.0,1.0259101624050884,0.7758609194172447,0.00952755111631088
2023-07-24,45.13277053833008,45.82844335749719,44.87941021746357,45.6652590242106,6687900,-0.009425179033441311,-0.00946987711332841,45.42478485107422,45.65152015686035,45.574224662780765,45.49607443663541,45.367149903184945,0.12892453345046562,0.21729227043767987,-0.08836773698721426,39.15340060756749,45.574224662780765,46.50227800714107,44.64617131842046,0.04072711499657058,0.851493038570719,4141110.0,1.6150017748864436,0.2669667765109471,0.00983600520371617
2023-07-25,45.9315071105957,47.36149966940818,45.390428225264664,45.46772520888339,9077400,0.01769748594510223,0.017542708882641766,45.51066970825195,45.65667381286621,45.639926719665525,45.56306407878316,45.40895414077093,0.15410993801222617,0.20465580395258914,-0.05054586594036298,55.65370858359871,45.639926719665525,46.4628896143557,44.816963824975346,0.03606328729426187,0.9333908155297402,4441285.0,2.0438679346180217,0.2745100306706801,0.010266694656954544
2023-07-26,46.120452880859375,46.343753442628646,45.69102595138446,45.73396798907846,7582000,0.004113641858272121,0.004105203965999068,45.661827087402344,45.62146072387695,45.68845176696777,45.6488162021795,45.461657751147854,0.18715845103164952,0.20115633336840125,-0.013997882336751727,58.0033728669216,45.68845176696777,46.504186391793574,44.87271714214197,0.03570856937706817,0.9116125214360389,4661570.0,1.6264906458553663,0.6578961797325368,0.009993764318140448
2023-07-27,47.18543243408203,47.26272941670206,46.206339505073466,46.46399502171767,8079600,0.023091263998941347,0.022828695110502163,45.986473083496094,45.684156799316405,45.773477935791014,45.88521869939527,45.58934476469853,0.2958739346967363,0.2200998536340683,0.07577408106266798,63.69041757024443,45.773477935791014,46.82135213893336,44.72560373264867,0.0457852123280758,0.8938220944123495,4897320.0,1.6498002989390115,0.926829108232251,0.011070765917143375
2023-07-28,47.63203811645508,47.98416809629747,47.370087406006355,47.63203811645508,4560900,0.00946490599608163,0.009420394418172601,46.40044021606445,45.902306365966794,45.86881084442139,46.1539601481737,45.74065538334716,0.41330476482654177,0.258740835872563,0.15456392895397875,65.48793542777591,45.86881084442139,47.205409583611086,44.53221210523169,0.058279197327491,0.889834732860878,4997395.0,0.9126554935121198,0.42657375541120135,0.011177043325630584
2023-07-31,48.499481201171875,48.516658672472666,47.62344982243765,47.69215643137315,6387600,0.0182113367182819,0.01804749650217638,47.07378234863281,46.24928359985351,46.00665683746338,46.51480954094266,45.94501285133418,0.5697966896084807,0.3209520066197466,0.24884468298873413,69.23075199689927,46.00665683746338,47.78431432227849,44.22899935264827,0.07727827262456315,0.9149871469427572,5108870.0,1.2502960537261665,0.9807687965610672,0.011729740411207628
2023-08-01,47.90686798095703,48.45653393539876,47.70074488617514,48.31053034961722,5563300,-0.01221895998756628,-0.012294225216095573,47.46885452270508,46.48976211547851,46.09254188537598,46.72897237786795,46.09033545352847,0.6386369243394796,0.38448899016369326,0.25414793417578635,60.529586483200056,46.09254188537598,48.062862817092345,44.122220953659614,0.08549413207091967,0.8806330467822734,5275610.0,1.0545320825459046,0.2727256927926851,0.01208670463025403
2023-08-02,46.979312896728516,47.65780832052395,46.953545049721114,47.288500850674176,4498900,-0.019361630666342444,-0.019551522105396447,47.64062652587891,46.65122680664062,46.172415542602536,46.767486303846496,46.15618563450625,0.6113006693402454,0.4298513259990038,0.18144934334124163,52.74973317959693,46.172415542602536,48.15092912652593,44.19390195867914,0.08570110793089662,0.9088520864386537,5206650.0,0.8640680667991895,0.03658837214688635,0.012251773462131563
2023-08-03,47.15107727050781,47.86392425622582,46.68729540918723,46.68729540918723,4630200,0.0036561704117912264,0.00364950286759443,47.63375549316406,46.81011428833008,46.26388320922852,46.82650029871747,46.229881311247105,0.5966189874703645,0.4632048582932759,0.13341412917708856,62.65987966745824,46.26388320922852,48.245946297031665,44.28182012142537,0.08568511548584296,0.903330375076803,5173805.0,0.8949312933131419,0.39416155616636545,0.012235471005866626
2023-08-04,46.816123962402344,47.62344871340039,46.76029963917554,47.202608867000606,3626600,-0.007103831502805913,-0.007129183851037243,47.47057266235352,46.935506439208986,46.32443218231201,46.824903939284376,46.27330669281416,0.5515972464702159,0.48088333592866395,0.07071391054155196,63.47148738743507,46.32443218231201,48.29572278278657,44.35314158183745,0.08510803079966323,0.918974063983666,5085125.0,0.7131781421302328,0.06467518097054363,0.012357982862924308
2023-08-07,47.683570861816406,47.941226387049156,47.09954992394604,47.12531449358899,3263400,0.018528806445204715,0.018359239490656775,47.30739059448242,47.190586471557616,46.42105331420898,46.95700654275084,46.37777070533284,0.5792358374179969,0.5005538362265305,0.0786820011914664,65.52565763539042,46.42105331420898,48.462225685808605,44.37988094260936,0.0879416655104136,0.9395255723035767,5065140.0,0.644286238879873,0.6938781782947799,0.012938265960013429
2023-08-08,47.24555206298828,47.340026517122034,46.601411631641085,46.99648691949745,3607400,-0.009185947925281712,-0.009228398913286947,47.17512741088867,47.321990966796875,46.489332389831546,47.0013981612489,46.44205080589991,0.55934735534899,0.5123125400510224,0.0470348152979676,62.837006469753575,46.489332389831546,48.54559952773494,44.43306525192815,0.08846189145762642,0.9855357062387766,5071970.0,0.7112423772222628,0.8720923925149983,0.013181802655800625
2023-08-09,47.700748443603516,48.12588022503074,47.116727504387164,47.59768361225868,4619700,0.00963469280681406,0.00958857513717556,47.31941452026367,47.48002052307129,46.55074062347412,47.10899051238038,46.535287667952026,0.5737028444283538,0.5245906009264887,0.04911224350186516,64.09963888675108,46.55074062347412,48.677064012871426,44.42441723407681,0.09135508311655374,1.0122213734731045,5003760.0,0.9232457192191472,0.5787240340160384,0.013052652923481884
2023-08-10,48.07863998413086,48.293353454911866,47.7694520620034,48.00993337714007,5147000,0.007922130215087142,0.007890914894358265,47.50492706298828,47.56934127807617,46.62674903869629,47.258167354188146,46.649610061743054,0.6085572924450915,0.5413839392302092,0.06717335321488227,65.80362717115435,46.62674903869629,48.86021762251454,44.39328045487804,0.09580202908698007,1.0189690974799437,5096515.0,1.0099057885633613,0.5901643332332864,0.01313437842016607
2023-08-11,47.62344741821289,48.09152120152538,47.46971184265955,47.83816088423165,4547000,-0.00946766726488546,-0.00951277053418278,47.66639175415039,47.56848220825195,46.73539428710937,47.31436428711503,46.7217461622223,0.5926181248927307,0.5516307763627135,0.040987348530017176,65.59139836300298,46.73539428710937,48.93915585679257,44.53163271742618,0.09430803369903482,0.995595970253673,5129585.0,0.8864264847936042,0.24723907880923668,0.012014027414517008
2023-08-14,47.563331604003906,47.70074810187815,47.08237222331019,47.528976660468416,3637200,-0.0012623154657634972,-0.0012631128570412477,47.64234390258789,47.474867248535155,46.86207542419434,47.352666951251784,46.78408582457649,0.5685811266752907,0.555020846425229,0.01356028025006173,61.255946056460104,46.86207542419434,48.94073082149801,44.78342002689067,0.0887137574888749,0.8805707379315199,5095530.0,0.7138020971321923,0.7777783538868702,0.011735195132674304
2023-08-15,45.974449157714844,47.38296905828388,45.88169474311988,46.97930994490031,5280400,-0.03340561715730006,-0.033976330841194204,47.3881233215332,47.28162536621094,46.88569374084473,47.14063344455379,46.724112738142296,0.41652070641149663,0.5273208184224825,-0.11080011201098583,49.155916961671565,46.88569374084473,48.90929050009193,44.86209698159753,0.086320435842643,0.9540642643343656,5118775.0,1.0315749373629433,0.06178378797281542,0.014090814718025533
2023-08-16,45.794090270996094,46.171984812367995,45.596554264624345,45.682438345214614,3549100,-0.003923024419499432,-0.0039307396644708,47.00679168701172,47.163103103637695,46.90716495513916,46.93347295631414,46.65522218502036,0.2782507712937843,0.4775068089967428,-0.19925603770295852,41.039829096111816,46.90716495513916,48.87104059167587,44.943289318602446,0.08373456969377342,0.9135752651844348,5109640.0,0.6945890512834564,0.3432838310608967,0.014104502489310743
2023-08-17,46.25787353515625,46.944956028969955,46.1204570363935,46.18057654983547,3614900,0.01012757893902072,0.01007663865721018,46.6426383972168,47.073782730102536,46.94194850921631,46.829534583828305,46.625788951697096,0.20374563213120922,0.42275457362363617,-0.21900894149242695,41.169987827232,46.94194850921631,48.828649501052816,45.055247517379804,0.08038443446658725,0.9387274148814646,5102790.0,0.7084163761393277,0.16666666464524282,0.014244496038011426
2023-08-18,46.395286560058594,46.48976101018439,45.89714974167444,46.17198271862173,2921100,0.002970586721802171,0.0029661832475124388,46.39700622558594,47.03169898986816,46.98360271453858,46.762727195556046,46.60871470046462,0.154012495091429,0.3690061579171947,-0.2149936628257657,35.07914301140538,46.98360271453858,48.776496973147125,45.19070845593003,0.07631999910699723,0.9172561590582455,5044080.0,0.5791145263358234,0.8405793754662595,0.01425060104544637
2023-08-21,46.52412033081055,46.721659636998,46.22352273664366,46.592830224487585,3112700,0.002776871969206951,0.0027730235829114486,46.18916397094726,46.91575393676758,47.0531702041626,46.72601844713366,46.602448450860614,0.12356999627304788,0.3199189255883654,-0.1963489293153175,39.50461215775091,47.0531702041626,48.63979079432378,45.466549614001416,0.06743947679941108,0.8957847722980742,4865320.0,0.6397729234664935,0.6034437278559908,0.014040285596413645
2023-08-22,46.19775390625,46.79036194138298,45.97015813789315,46.63576797112781,2745900,-0.007014993991071972,-0.007039714739860141,46.2338249206543,46.81097412109375,47.06648254394531,46.6447469793054,46.57247107718575,0.07227590211964952,0.2703903208946222,-0.1981144187749727,43.47201308139998,47.06648254394531,48.61754654824355,45.51541853964707,0.06590949314514989,0.8862762631733538,4548745.0,0.6036610097950094,0.2774868448714798,0.013631764452645362
2023-08-23,45.86280059814453,46.33516959847527,45.35607665473977,46.07751407795556,3391300,-0.007250424096054475,-0.007276836164072667,46.24756698608398,46.627179336547854,47.05359992980957,46.524447536049884,46.519902893553066,0.00454464249681763,0.21722118521506129,-0.21267654271824366,39.52519494054081,47.05359992980957,48.641588177748304,45.46561168187084,0.0674969928042723,0.8721665557945611,4339210.0,0.7815477932619072,0.5175442653033852,0.013704492066179694
2023-08-24,45.98303985595703,46.283637418710654,45.51925795090768,45.51925795090768,3198500,0.0026217164290958106,0.002618285725491646,46.19260025024414,46.41761932373047,46.99348030090332,46.44115404680483,46.48013526113854,-0.0389812143337096,0.1659807053053071,-0.2049619196390167,42.98123598741181,46.99348030090332,48.65001685115426,45.33694375065238,0.07050069667724092,0.8651115839072843,4095155.0,0.7810449177137373,0.6067430098756464,0.01259357965245132
2023-08-25,46.360931396484375,46.7044742541543,46.07321613703962,46.360931396484375,3282700,0.008218063479732862,0.008184479069802512,46.1857292175293,46.29136772155762,46.929924964904785,46.42881210060169,46.471305345238235,-0.042493244636546024,0.12428591531693647,-0.1667791599534825,37.85485599792631,46.929924964904785,48.580833154771845,45.279016775037725,0.07035631065260152,0.8362781534466025,4031245.0,0.8143141882966677,0.45578068160457147,0.012540909532385958
2023-08-28,46.89341735839844,47.13389865635717,46.506935759613626,46.515522856273755,3429700,0.011485661436785533,0.011420201980735869,46.259588623046874,46.22437629699707,46.84962177276611,46.500289832570424,46.50257290176862,-0.0022830691981994278,0.0989721184139093,-0.10125518761210872,46.82166186696635,46.84962177276611,48.32610185210003,45.373141693432196,0.06303060829371314,0.8141930127107077,3883350.0,0.8831807588808632,0.6164345523919506,0.012072263680973305
2023-08-29,47.443092346191406,47.481739200279286,46.7989519012516,47.05660742397397,3789500,0.011721794203904956,0.011653626158304278,46.50865631103515,46.37124061584473,46.82643299102783,46.645336373127506,46.5722410087629,0.07309536436460462,0.09379676760404837,-0.02070140323944375,47.713415769485714,46.82643299102783,48.24648874619709,45.40637723585857,0.06065188674274412,0.7908811968810012,3794660.0,0.998640194378416,0.9433983854461003,0.012151900410643332
2023-08-30,47.625755310058594,47.756238158782686,47.26910595097164,47.46047991088253,3482600,0.0038501487747530927,0.0038427559216064073,46.86124725341797,46.55440711975098,46.858755111694336,46.79617005573228,46.65027910515517,0.14589095057711177,0.10421560419866106,0.0416753463784507,45.836580132883235,46.858755111694336,48.32222623175504,45.39528399163363,0.062463081512614524,0.7833474252026222,3743845.0,0.9302201346476684,0.7321407742020747,0.011327676277525336
2023-08-31,47.460487365722656,47.756245660078946,47.42569149148846,47.53007579587385,4116300,-0.0034701380221686673,-0.0034761729164372772,47.15673675537109,46.67466850280762,46.87422561645508,46.89837271880772,46.71029453186387,0.18807818694384792,0.12098812074769845,0.06709006619614948,48.41753465983978,46.87422561645508,48.35712067943506,45.39133055347509,0.0632712346061422,0.7625434830400977,3718150.0,1.1070828234471444,0.10526526810997014,0.01134335486892352
2023-09-01,48.09549331665039,48.330360471594105,47.634456315471866,47.86932347041558,4335600,0.0133796761511209,0.01329095874816618,47.503649139404295,46.844689178466794,46.93819408416748,47.08254511847583,46.81290184925547,0.2696432692203601,0.1507191504422308,0.11892411877812928,54.64865891573613,46.93819408416748,48.51776258575313,45.35862558258182,0.06730418723622997,0.7805075707046326,3753600.0,1.1550511508951407,0.6625007057330095,0.011554016925389073
2023-09-05,47.13862991333008,48.19118352660725,46.960306867178964,47.99980953904464,4913900,-0.019895074098118304,-0.020095645801989977,47.55269165039063,46.90614013671875,46.91094703674317,47.091173548453405,46.83702985400174,0.2541436944516633,0.1714040592441173,0.08273963520754599,61.431916001453416,46.91094703674317,48.45477440930541,45.367119664180926,0.06581949289376028,0.7483104134577937,3836125.0,1.2809540877838965,0.14487482830748694,0.011751069541790973
2023-09-06,47.7475471496582,47.782343025435374,46.90376541280719,46.93856128858437,4645100,0.012917584525636183,0.01283486413415004,47.613582611083984,47.06111946105957,46.93604679107666,47.19215410248491,46.90447557960592,0.2876785228789913,0.19465895197109212,0.0930195709078992,67.69320495961314,46.93604679107666,48.51861654105083,45.353477041102494,0.06743515307194736,0.7699637752352605,3888010.0,1.1947242934045952,0.9603952059772681,0.011930037694352984
2023-09-07,47.06033706665039,47.791033765943894,46.55581021050222,47.62575835619684,4275500,-0.01439257352537604,-0.01449715125295788,47.50049896240235,47.18087310791016,46.90402622222901,47.171874558510375,46.91602087494255,0.2558536835678282,0.20689789829043936,0.048955785277388864,56.9854931164861,46.90402622222901,48.446865466365146,45.36118697809287,0.0657870706802969,0.7759893321972469,3870800.0,1.1045520305879921,0.4084498306731765,0.012179200411170573
2023-09-08,46.72108840942383,47.651856445023945,46.62540141763589,47.24301655054426,3988400,-0.007208802111767554,-0.0072349110776252865,47.35261917114258,47.25467796325684,46.83614864349365,47.10252284326629,46.90158143305227,0.20094141021402123,0.20570660067515575,-0.004765190461134522,52.7398468762852,46.83614864349365,48.27751333840322,45.394783948584084,0.061549240774723554,0.8069781721171115,3812870.0,1.0460361879633977,0.09322083121285449,0.012091300995187628
2023-09-11,46.68629455566406,47.747545502025616,46.642801371602104,47.09513778614445,3322400,-0.0007447141097155496,-0.0007449915470176882,47.070779418945314,47.287214279174805,46.78929100036621,47.03848772209672,46.885634256949444,0.15285346514727394,0.1951359735695794,-0.042282508422305465,51.385729847707594,46.78929100036621,48.18303506698005,45.39554693375238,0.05957534456347824,0.8503072599791953,3751640.0,0.8855860370398012,0.039369463453578404,0.011939870669435327
2023-09-12,46.65150451660156,47.16473208018656,46.49927670501224,46.68629707473811,2527600,-0.0007451874130002256,-0.0007454652031528628,46.97335433959961,47.26302299499512,46.743699645996095,46.978951844328236,46.86829131321997,0.11066053110826601,0.17824088507731675,-0.06758035396905074,54.08048729281617,46.743699645996095,48.089668818432855,45.397730473559335,0.05758933001153884,0.8392538008138014,3696160.0,0.6838448552010735,0.22875735170351585,0.011939661452726808
2023-09-13,45.946895599365234,46.808075153066895,45.74247400580229,46.677592296400405,3079000,-0.015103669743075088,-0.015218891819184047,46.613224029541016,47.1134033203125,46.74232196807861,46.82017396048778,46.800039778860366,0.020134181627412318,0.14661954438733588,-0.12648536275992356,50.70910465284591,46.74232196807861,48.09165858696255,45.392985349194674,0.05773511293706938,0.8454329582087377,3586090.0,0.858595294596622,0.19183687270731883,0.009832547460164353
2023-09-14,47.00814437866211,47.17603129595151,46.35573676047744,46.4514237420752,4604300,0.023097290153190064,0.022834585236547984,46.60278549194336,47.05164222717285,46.80302467346191,46.84909248636075,46.81545493440124,0.03363755195951512,0.12402314590177173,-0.0903855939422566,57.46000371993859,46.80302467346191,48.08004349303559,45.526005853888236,0.05456992698584146,0.8786298316932591,3638850.0,1.2653173392692747,0.7953333613935285,0.011044462895091018
2023-09-15,46.834171295166016,47.06903845067937,46.63845032473002,47.008147334618535,7464100,-0.003700913656465521,-0.0037077789812958173,46.6254020690918,46.989010620117185,46.8318395614624,46.846796918484635,46.81684133149492,0.02995558698971479,0.10520963411936034,-0.07525404712964555,53.549253883359874,46.8318395614624,48.08280680444964,45.580872318475166,0.05342379264625979,0.8578550979612649,3831310.0,1.9481848245117206,0.45454334222300935,0.010899057485315028
2023-09-18,46.43403244018555,46.929862035366526,46.316597193880085,46.81677710293239,4593700,-0.008543737273766339,-0.008580444222961118,46.57494964599609,46.8228645324707,46.83377685546875,46.783294691054,46.78848511732385,-0.005190426269848558,0.08312962204151855,-0.08832004831136711,46.48487555131337,46.83377685546875,48.08201455001602,45.58553916092148,0.05330501951185323,0.8464477823622397,3914940.0,1.1733768589046065,0.19149189134322706,0.01107415411998406
2023-09-19,46.0164909362793,46.73848706284191,45.53718657090875,46.486221956680275,3986200,-0.008992143950541265,-0.009032817287547758,46.44794692993164,46.71065063476563,46.80839538574219,46.665324882627125,46.7313003631724,-0.06597548054527635,0.05330860152415957,-0.11928408206943591,38.85863040176557,46.80839538574219,48.102930222357735,45.51386054912664,0.05531207920918656,0.8834844389983451,3958615.0,1.006968346252414,0.3989879006953195,0.01123592728940296
2023-09-20,45.63374328613281,46.52971878706056,45.60764803990289,46.06868175432314,2309200,-0.00831761923516694,-0.008352403646654018,46.38531646728516,46.49927024841308,46.78019485473633,46.506620021628,46.649999838947245,-0.14337981731924287,0.013970917755479068,-0.15735073507472194,34.914384828007,46.78019485473633,48.15294976788021,45.40743994159245,0.05868957653582294,0.914551477523104,3936780.0,0.5865707507150514,0.028300698213618115,0.011279441626380107
2023-09-21,44.36372756958008,45.52066558722621,44.34632963115862,45.277097767643234,4359000,-0.027830627625471727,-0.0282252382875885,45.85643310546875,46.22960929870605,46.705241203308105,46.17694425977447,46.48064633751264,-0.3037020777381656,-0.04956368134324989,-0.2541383963949157,29.909704702750147,46.705241203308105,48.411977526535736,44.998504880080475,0.07308543021106349,0.9828985836933687,3985165.0,1.0938066554333383,0.01481512865497897,0.01276364001684543
2023-09-22,43.71131896972656,44.58119596414898,43.55909115936612,44.45071308765866,4465100,-0.0147059013206291,-0.014815105035928568,45.23186264038086,45.92863235473633,46.59165515899658,45.7976172920748,46.27551097693589,-0.47789368486109396,-0.13522968204681873,-0.3426640028142752,21.621653654713512,46.59165515899658,48.74476634400243,44.43854397399073,0.09242475622118329,0.9937722764727555,4048495.0,1.1029036716113025,0.14893561615085724,0.01304814944367173
2023-09-25,44.442012786865234,44.67252964394281,43.87659145121607,44.189747679063785,4331600,0.016716352522895273,0.016578172091041177,44.833458709716794,45.70420417785645,46.49570922851562,45.589062752811785,46.13969629618991,-0.550633543378126,-0.21831045431308022,-0.33232308906504576,32.01856490798944,46.49570922851562,48.85341031100182,44.13800814602943,0.10141585628465803,0.9745104203861814,4100940.0,1.056245641243227,0.7103834615704251,0.01354280557324878
2023-09-26,43.9113883972168,44.59424167582326,43.79395646806519,43.954881581409346,3451800,-0.011939702015595133,-0.012011552747957269,44.412438201904294,45.43019256591797,46.346607780456544,45.33095900579717,45.97463645182153,-0.6436774460243626,-0.30338385265533674,-0.34029359336902587,24.150026733569135,46.346607780456544,48.96154466967933,43.73167089123376,0.11284264434668939,0.968918105752602,4102045.0,0.8414827238609035,0.14673759622923196,0.013324119023906742
2023-09-27,44.36372756958008,44.67688382453144,44.02447606615526,44.233244690577855,3048800,0.01030118128517099,0.01024848569284457,44.15843505859375,45.27187576293945,46.19263954162598,45.182154169456076,45.85530986795179,-0.6731556984957123,-0.3773382218234119,-0.2958174766723004,31.23490217939529,46.19263954162598,48.89684336825761,43.488435714994345,0.1170837541853295,0.9353660966006713,4065010.0,0.7500104550788312,0.519999178227453,0.013243955781129479
2023-09-28,44.30282974243164,44.52029896232643,43.946180354536864,44.32892498695759,3965200,-0.0013726941013449956,-0.0013736371089657171,44.14625549316406,45.00134429931641,46.02649326324463,45.0468734883754,45.74031134013548,-0.6934378517600805,-0.4405581478107457,-0.25287970394933484,32.49369539739155,46.02649326324463,48.76802109893477,43.284965427554496,0.1191282516358654,0.9030563523436363,4089140.0,0.9696904483583345,0.6212120228184301,0.013147386338292455
2023-09-29,44.85085678100586,45.03353014429061,44.52899991999875,44.65948278995484,4234800,0.012370023354272064,0.012294139762386594,44.37416305541992,44.80301284790039,45.89601173400879,45.01671707185701,45.67442581723699,-0.6577087453799777,-0.48398826732459216,-0.17372047805538554,37.63191325175837,45.89601173400879,48.59829747657822,43.19372599143936,0.11775688738405325,0.8763389431604546,4095065.0,1.0341227794919006,0.637933743373884,0.013619657320304764
2023-10-02,44.62468719482422,44.93784343002507,44.13755822301601,44.61598988532075,4691000,-0.005042703805770432,-0.005055461142324296,44.41069793701172,44.622078323364256,45.72247142791748,44.95640478308273,45.59666740076197,-0.640262617679241,-0.515243137395522,-0.125019480283719,36.68570815700158,45.72247142791748,48.27145992528506,43.17348293054991,0.1114982816003773,0.8859696454343648,4112835.0,1.1405757828845553,0.608694202335485,0.013084862730724475
2023-10-03,44.38112258911133,45.277094789826066,44.26803765596802,44.32023146779968,5179200,-0.0054580686392159405,-0.005473018318248423,44.504644775390624,44.45854148864746,45.58459606170654,44.867899830164056,45.50662704434341,-0.6387272141793545,-0.5399399527522885,-0.09878726142706606,39.05113655763453,45.58459606170654,48.109249064566484,43.0599430588466,0.1107678128568867,0.8819307873338964,4126100.0,1.2552289086546617,0.1120698999374158,0.01252827805443613
2023-10-04,44.45941162109375,44.7812651647366,43.672174040094816,44.7812651647366,4727300,0.0017640164875332154,0.0017624624377602812,44.52378158569336,44.341108322143555,45.42018928527832,44.80505549030708,45.4290555315101,-0.6240000412030184,-0.5567519704424345,-0.06724807076058392,29.337159928375044,45.42018928527832,47.7742668935259,43.06611167703074,0.10365776300322847,0.8733561750521471,4130210.0,1.1445664990400004,0.7098042319607896,0.012023567312472762
2023-10-05,43.372066497802734,44.49420859177741,43.267682189947536,44.18105234989449,5161800,-0.024457029088867266,-0.024761069749598304,44.33762893676758,44.24194221496582,45.235775756835935,44.584595645306415,45.27668597345771,-0.6920903281512949,-0.5838196419842067,-0.10827068616708824,25.552879823724936,45.235775756835935,47.62643925426588,42.84511225940599,0.10569791088721081,0.9302089090436131,4174525.0,1.2364999610734155,0.0851056339663051,0.012695611063473132
2023-10-06,43.73741149902344,44.28978521440441,43.08500379375964,43.293775719503614,4215600,0.00842350920123236,0.008388229428808666,44.1149398803711,44.244551467895505,45.08659191131592,44.45425962280134,45.16266564201813,-0.7084060192167954,-0.6087369174307244,-0.09966910178607091,30.86419619407829,45.08659191131592,47.45930375879748,42.71388006383436,0.1052513284724922,0.9724600932692081,4185885.0,1.007098857230908,0.5415154057567474,0.012965719083978111
2023-10-09,44.198448181152344,44.27673723789192,43.44165285989735,43.73741114998941,3333600,0.010541014347390076,0.010485845209449498,44.02969207763672,44.22019500732422,44.96219959259033,44.4149040163938,45.09124212639844,-0.6763381100046431,-0.6222571559455082,-0.05408095405913482,37.177927446809775,44.96219959259033,47.24077943349478,42.68361975168588,0.10135535456677051,0.9463017994164515,4186445.0,0.7962841981681354,0.9062501133237718,0.013319603398512285
2023-10-10,44.63338851928711,45.07267399988953,44.415919276816375,44.476810399242794,2906500,0.009840624638044249,0.009792521013775366,44.080145263671874,44.29239501953125,44.86129379272461,44.44851701683892,45.05732704439019,-0.6088100275512716,-0.6195677302666609,0.010757702715389339,42.99637903526047,44.86129379272461,46.999289653128415,42.723297932320804,0.09531583597575757,0.9428843045292743,4205390.0,0.6911368505655837,0.3311270273654967,0.013606511005580543
2023-10-11,44.26803207397461,44.80735478829336,43.937477944023264,44.450705414875294,3049700,-0.008185720543145036,-0.00821940751425662,44.04186935424805,44.2828254699707,44.77735061645508,44.420750102552105,44.99886075028533,-0.5781106477332258,-0.6112763137599739,0.033165666026748086,49.232844975113174,44.77735061645508,46.86716924209052,42.68753199081964,0.09334266529237026,0.9130602466218386,4203925.0,0.7254411056334259,0.380001063746787,0.013344499257297783
2023-10-12,43.71131896972656,44.63338977840859,43.276380472515356,44.63338977840859,3012500,-0.012575962340448,-0.012655709054715473,44.109719848632814,44.2236743927002,44.6125093460083,44.311606851348174,44.90348728505876,-0.5918804337105854,-0.6073971377500963,0.015516704039510887,50.0,44.6125093460083,46.46844739747695,42.756571294539654,0.08320258504511618,0.936981996701151,4124335.0,0.730420782986833,0.3205125359989979,0.012178203090956378
2023-10-13,43.25897979736328,44.11145879976144,43.154595493766024,43.98097924984416,3659600,-0.010348330433052388,-0.010402246689131825,44.014033508300784,44.06448669433594,44.433749771118165,44.149664227658185,44.78167191559983,-0.6320076879416447,-0.6123192477884061,-0.019688440153238673,39.91100538925546,44.433749771118165,46.06363930254719,42.80386023968914,0.07336268218751353,0.9366714703996628,3934110.0,0.9302231000149971,0.1090900882626768,0.012272645404912451
2023-10-16,43.65912628173828,43.95488460020425,43.31117746598374,43.780911851485726,2786400,0.009250021296142386,0.009207501851871441,43.90616912841797,43.96793060302734,44.2950044631958,44.07419685136282,44.69852038716564,-0.6243235358028159,-0.6147201053912881,-0.00960343041152778,47.79972357216104,44.2950044631958,45.65862734954719,42.931381576844416,0.061570053006063226,0.9292157271912984,3843745.0,0.7249180161535169,0.5405389995723676,0.012559196108334966
2023-10-17,44.12885284423828,44.389815239371096,43.25897598158431,43.276373917035414,3309300,0.010758954713587121,0.010701488973737341,43.8052619934082,43.94270362854004,44.20062255859375,44.08260546565136,44.656322791393244,-0.5737173257418817,-0.6065195494614068,0.032802223719525125,47.957574499054935,44.20062255859375,45.297834512594164,43.103410604593336,0.04964690045014254,0.9553117150821662,3809900.0,0.8686054752093231,0.7692312138721937,0.012836771830902038
2023-10-18,43.56343460083008,44.21584224372202,43.43295174492494,43.83309430283595,3495300,-0.012812892404068688,-0.01289568548281071,43.6643424987793,43.85310592651367,44.097107124328616,44.002733024909624,44.57536811061079,-0.5726350857011653,-0.5997426567093586,0.027107571008193276,44.08901667400605,44.097107124328616,44.99813185244313,43.1960823962141,0.04086548015833056,0.9702239930112745,3869205.0,0.9033638693219925,0.16666807738622888,0.012991387216634166
2023-10-19,43.015419006347656,43.74611583084688,42.95887487671397,43.31987463392339,3754300,-0.012579715063880226,-0.012659509580548617,43.52516250610351,43.81744117736817,44.02969169616699,43.85083856051548,44.45981632510982,-0.6089777645943428,-0.6015896782863555,-0.007388086307987374,35.326841734495034,44.02969169616699,45.04165511727322,43.01772827506076,0.04596731805843315,0.9742626038879847,3838970.0,0.977944604933094,0.07182569532057433,0.011803415339491204
2023-10-20,42.615272521972656,43.119799418940275,42.55437808364763,43.04151036202771,3920000,-0.009302396527067436,-0.009345934030068882,43.39642105102539,43.705227279663085,43.9748893737793,43.66075147766273,44.323183450803356,-0.6624319731406274,-0.6137581372572098,-0.04867383588341756,34.37076079332431,43.9748893737793,45.16285418395067,42.786924563607926,0.0540292347332073,0.9574866130510981,3811715.0,1.0284084723018379,0.10769745223097571,0.011543624783454203
2023-10-23,41.96286392211914,42.536982554414635,41.862826616638046,42.423897626113636,5592100,-0.015309267341118815,-0.015427664107204786,43.057168579101564,43.481668853759764,43.85093193054199,43.399538007579096,44.14834496719712,-0.7488069596180225,-0.6407679017293724,-0.10803905788865009,32.31550075934338,43.85093193054199,45.3182043756535,42.38365948543048,0.06692092416350963,0.9391572395851385,3874740.0,1.4432194160124292,0.14838896817720676,0.011140946702483567
2023-10-24,42.83274459838867,43.25028515685992,41.754095666933246,42.128143039414915,5506600,0.020729773780073346,0.020517835963743385,42.79794692993164,43.301604461669925,43.79699974060058,43.312339021549796,44.05089308802612,-0.7385540664763255,-0.6603251346787631,-0.0782289317975624,39.33867006959025,43.79699974060058,45.33261872230614,42.26138075889503,0.07012439166155977,0.9668071228197732,3977480.0,1.3844444220964027,0.7209306919399522,0.01208628197874232
2023-10-25,41.353946685791016,42.650061347836434,41.11037890874171,42.56307498923682,4920200,-0.03452493942340751,-0.035135008025544014,42.356049346923825,43.010195922851565,43.646510696411134,43.011047892971526,43.851119280453155,-0.840071387481629,-0.6962743852393364,-0.14379700224229264,37.418631264429486,43.646510696411134,45.50438076261062,41.788640630211646,0.08513258157666442,1.0022242148067082,4071050.0,1.2085825524127682,0.15819351398888498,0.013870997051171011
2023-10-26,41.77149200439453,41.99765855386453,41.23216921849126,41.23216921849126,6216100,0.010096867459254755,0.010046234629753641,42.1072639465332,42.81621322631836,43.51994380950928,42.8203469870366,43.69707281555992,-0.8767258285233197,-0.7323646738961331,-0.14436115462718657,37.823311201946936,43.51994380950928,45.52834943465058,41.51153818436798,0.09229817179600566,0.9708462087158871,4183595.0,1.4858273805184297,0.7045464305453972,0.014193214104306814
2023-10-27,41.84978485107422,42.22817923907957,41.61491765249285,41.77149578488043,4714900,0.0018743129087046562,0.0018725585760349835,41.954166412353516,42.67529373168945,43.369890213012695,42.67102973535008,43.560236670042464,-0.8892069346923819,-0.763733126055383,-0.12547380863699886,34.72856649614846,43.369890213012695,45.40783667473557,41.33194375128982,0.09397978421035567,0.9550017236153268,4207600.0,1.1205675444433882,0.3829804440528929,0.013789484595271552
2023-10-30,42.04985427856445,42.667466151666424,41.74974565194674,42.32821465287287,3698600,0.004780656058381183,0.004769265012229618,41.97156448364258,42.51436653137207,43.24114856719971,42.57546428045998,43.44835649289594,-0.872892212435957,-0.785564943331498,-0.0873272691044591,32.672140559581536,43.24114856719971,45.27063196708095,41.211665167318465,0.09386815416002595,0.958108486542648,4157980.0,0.8895184681022996,0.3270152769162598,0.01390111229801884
2023-10-31,42.04985427856445,42.44564658771779,41.84978296692511,42.09334746486563,4660500,0.0,0.0,41.81498641967774,42.30646667480469,43.12458515167236,42.49460120324529,43.34476373627879,-0.8501625330335045,-0.7984844612718994,-0.051678071761605104,34.35589490279639,43.12458515167236,45.14616422957848,41.103006073766245,0.09375529391395068,0.9385361134371182,4132045.0,1.1278918792026709,0.3357669461604604,0.013901303293367515
2023-11-01,41.93675994873047,42.123783594431444,41.406134567052504,41.96285850932092,4702900,-0.002689529649372302,-0.0026931529323158277,41.931549072265625,42.143799209594725,42.9984525680542,42.40877947178147,43.24046715942336,-0.8316876876418888,-0.8051251065458973,-0.026562581095991522,36.649182804512506,42.9984525680542,44.98383031471008,41.01307482139831,0.09234647426037496,0.8928675221146685,4130825.0,1.1384892848280912,0.7393939851378616,0.013863306067624676
2023-11-02,42.615272521972656,42.70225888817899,42.19772867289421,42.25862311121924,3741600,0.01617942287557983,0.01604993088330337,42.10030517578125,42.10378456115723,42.9606128692627,42.44054763334935,43.19415644553813,-0.7536088121887801,-0.794821847674474,0.04121303548569388,45.31648633225791,42.9606128692627,44.944855824912764,40.97636991361263,0.09237498364785883,0.8791986387898904,4059815.0,0.9216183496046002,0.8275893656178217,0.013499026773034883
2023-11-03,43.25897979736328,43.559088403312224,43.00671468854583,43.00671468854583,3744000,0.01510508410004241,0.014992138267819486,42.382144165039065,42.16815528869629,42.93669128417969,42.566460273966875,43.198958175302955,-0.6324979013360803,-0.7623570584067954,0.12985915707071505,47.188251213199266,42.93669128417969,44.892839883443095,40.98054268491628,0.09111780813833523,0.8969065729683615,4036235.0,0.9275971295031137,0.45669281051364113,0.013818026628133941
2023-11-06,42.91972732543945,43.31986991186955,42.74575127793855,43.258978792991805,3641100,-0.007842359517329811,-0.0078732725455179,42.55611877441406,42.26384162902832,42.872755241394046,42.620809051116495,43.178274408646395,-0.5574653575298996,-0.7213787182314163,0.16391336070151674,41.345018030017805,42.872755241394046,44.73667631121019,41.0088341715779,0.08695130785606754,0.8571408141215195,4051610.0,0.8986797840858326,0.3030315237799692,0.013658331302664094
2023-11-07,42.215126037597656,42.510884324334384,41.96286425169169,42.37170414930046,5172700,-0.016416723305326397,-0.01655297092506702,42.5891731262207,42.20207977294922,42.75184211730957,42.558396279805905,43.106930084865006,-0.5485338050591011,-0.6868097355969534,0.13827593053785225,40.537288786297275,42.75184211730957,44.44036095082139,41.06332328379775,0.07899162936083945,0.8695674266179968,4164920.0,1.2419686332510589,0.46031485687439444,0.01378461308421994
2023-11-08,42.01506042480469,42.293420812513396,41.56272396519864,42.22383237474501,4133300,-0.00473919259686173,-0.004750458177359815,42.60483322143555,42.26819114685058,42.639193534851074,42.474806148267255,43.02605085078647,-0.5512447025192131,-0.6596967289814054,0.10845202646219232,42.618777675572765,42.639193534851074,44.19739266461317,41.08099440508898,0.07308764545410565,0.8655285618452712,4219100.0,0.9796639093645564,0.6190480430808765,0.013733750800685339
2023-11-09,42.06725311279297,42.432599867485735,41.962868799783244,42.40650461881267,3340800,0.0012422376038632166,0.0012414666651243357,42.49522933959961,42.29776725769043,42.556990242004396,42.412105681271214,42.95502879612028,-0.5429231148490672,-0.6363420061549379,0.09341889130587067,45.737527089222944,42.556990242004396,44.04910578565646,41.064874698352334,0.07012317060802488,0.8586935427316885,4235515.0,0.7887588640342438,0.22222143257005758,0.013547461495637457
2023-11-10,43.04151153564453,43.21548759111818,42.19772982350356,42.22382838873082,3825200,0.023159544556886846,0.022895432342991306,42.45173568725586,42.416939926147464,42.54611682891846,42.5089373511748,42.96143492497393,-0.45249757379912836,-0.599573119683776,0.14707554588464766,57.98966173752206,42.54611682891846,44.019748126449784,41.07248553138713,0.06927218779833295,0.8869641550881602,4243795.0,0.9013630488748867,0.8290594586450529,0.014478192052167648
2023-11-13,42.83274459838867,43.07630909458422,42.541333283791985,42.73705759822117,3161000,-0.004850362587358714,-0.004862163771451864,42.434339141845705,42.495228958129886,42.504797744750974,42.55875385074616,42.95190230818984,-0.39314845744367943,-0.5582881872357567,0.16513972979207725,50.0,42.504797744750974,43.890762641920894,41.118832847581054,0.06521451557035471,0.818306035149986,4262525.0,0.741579228274321,0.544718664415791,0.014338902226349119
2023-11-14,44.4072151184082,44.789963078450626,43.43295391872365,43.49384503630912,4848900,0.03675857185389808,0.03609908811489833,42.87275695800781,42.730965042114256,42.51871585845947,42.843132507309555,43.0597032570949,-0.21657074978534752,-0.48994469974567484,0.2733739499603273,74.68352868904026,42.51871585845947,43.977051710798136,41.06038000612081,0.0685973610865068,0.8350812344653425,4339505.0,1.1173855082549737,0.7179473959491157,0.016467961598220972
2023-11-15,44.82475662231445,45.14661347187818,44.250637987891,44.528998336804364,5032500,0.009402559984743597,0.009358631065789722,43.434696197509766,43.01976470947265,42.58178195953369,43.147997755771854,43.190447950814864,-0.04245019504300984,-0.40044579880514186,0.357995603762132,74.6835130742638,42.58178195953369,44.31376418372438,40.849799735343005,0.08134850842252796,0.8444016736520504,4416365.0,1.13951179306964,0.6407749299800235,0.0162748791824886
2023-11-16,44.7464714050293,44.9291480958059,44.2506417836015,44.77256997132161,5034100,-0.0017464727794235246,-0.0017479996410152707,43.97053985595703,43.23288459777832,42.668334579467775,43.39391677873454,43.305708947423334,0.0882078313112089,-0.3027150727818717,0.3909229040930806,73.41771761529081,42.668334579467775,44.64700418594352,40.68966497299203,0.09274651218413826,0.8490620111961701,4480355.0,1.123594000921802,0.7307663984867453,0.015956901373087362
2023-11-17,44.9726448059082,45.1292229426619,44.581199464023975,45.1292229426619,3306100,0.005054552767561615,0.005041821398617147,44.35676651000976,43.40425109863281,42.78620319366455,43.636798013684334,43.429185677681474,0.20761233600286033,-0.20064959102492527,0.40826192702778563,73.52944066784755,42.78620319366455,45.016428744615176,40.55597764271392,0.10424975269976107,0.8226550811189013,4449660.0,0.7430005888090326,0.7142857012518583,0.015738608833235215
2023-11-20,44.95523452758789,45.13790786422294,44.67687420938683,44.94653390109094,3761300,-0.0003871304077278648,-0.0003872053620495142,44.78126449584961,43.607801818847655,42.93582172393799,43.83963440043873,43.5422263332301,0.2974080672086359,-0.10103805937821303,0.3984461265868489,73.32390122004998,42.93582172393799,45.32902036825382,40.54262307962216,0.11147794770079138,0.8130243692648607,4358120.0,0.8630556294916156,0.603774386627522,0.015177989667131277
2023-11-21,44.99872970581055,45.103114000197785,44.759515559576585,44.96393383490917,2840700,0.0009675219955969094,0.0009670542478707569,44.899567413330075,43.886162185668944,43.044120979309085,44.01795675511132,43.65011547193976,0.3678412831715576,-0.0072621908682588806,0.3751034740398165,74.85876213629818,43.044120979309085,45.60765220715092,40.48058975146725,0.11911179364420528,0.7863064702107364,4224825.0,0.6723828797642506,0.6962026336308595,0.01463489445160063
2023-11-22,44.7116813659668,45.0422322533284,44.450715598246745,45.01613700388342,3139600,-0.006379032068691615,-0.006399465035140456,44.87695236206055,44.15582427978516,43.212007713317874,44.12468361831986,43.728749982608434,0.3959336357114225,0.07337697444767742,0.32255666126374505,68.17505647036256,43.212007713317874,45.749137798696395,40.67487762793935,0.1174270865732805,0.7738791641845317,4135795.0,0.7591285351425784,0.44118075301230436,0.011995161996480392
2023-11-24,44.946537017822266,45.18140417477521,44.755166359736776,44.850853347938006,1679700,0.005252668758599421,0.005238921612512592,44.91696548461914,44.443752670288085,43.37075996398926,44.251122602858686,43.81895642966131,0.4321661731973734,0.14513481419761662,0.28703135899975674,65.74678733972294,43.37075996398926,45.925645848423954,40.81587407955456,0.11781605332975574,0.7400153732894493,3908975.0,0.42970343888103657,0.4489762448188015,0.011913747795368003
2023-11-27,44.46810531616211,44.88564582167572,44.38111895521563,44.71167309978277,3896200,-0.010644461918622339,-0.010701519462505983,44.81605758666992,44.586412048339845,43.50167598724365,44.28450455875152,43.86704153236508,0.41746302638644295,0.19960045663538192,0.21786256975106102,64.0823169081616,43.50167598724365,45.9960220302918,41.007329944195504,0.11467815832105337,0.7393939039091373,3868040.0,1.0072801729041065,0.17241174852130364,0.01233803296013991
2023-11-28,44.963932037353516,45.207499805608975,44.011419167305085,44.537694249960786,6376900,0.011150165217657548,0.011088460381201598,44.817797088623045,44.799530792236325,43.647379875183105,44.38903186315183,43.94829268088274,0.44073918226909115,0.24782820176212378,0.19291098050696737,75.98693914527425,43.647379875183105,46.1250351500373,41.16972460032891,0.11353053869164462,0.7564808728060035,4001955.0,1.5934462031682015,0.7963617431643488,0.012464969671409882
2023-11-29,45.26375961303711,45.828123094279206,44.946304313870506,44.96394109314328,3551700,0.006668179629719884,0.006646045660969508,44.87080307006836,44.88518524169922,43.80807514190674,44.52360536313418,44.04573467585713,0.47787068727704707,0.2938366988651085,0.18403398841193858,80.14427450383516,43.80807514190674,46.26628674857307,41.34986353524041,0.11222641481980157,0.7672752965984283,3946515.0,0.8999585710430595,0.360000606269085,0.01245760574943199
2023-11-30,45.634124755859375,45.74876214640557,45.1755785575465,45.41367004689387,4649800,0.00818237693882562,0.008149082786211579,45.055291748046876,44.96612205505371,43.992943382263185,44.694454500476525,44.16339320030174,0.5310613001747839,0.34128161912704363,0.1897796810477403,81.25130348290632,43.992943382263185,46.41444495010402,41.57144181442235,0.11008590840580681,0.7746647623953267,3943860.0,1.1789972260678625,0.799998812292639,0.012398320678290454
2023-12-01,46.11912536621094,46.4013071302269,45.47539800680752,45.678215939451995,4274000,0.010628024815777515,0.01057194435974839,45.28980941772461,45.103387451171876,44.168136024475096,44.91363463366644,44.30826224962835,0.6053723840380911,0.3940997721092532,0.21127261192883795,79.49319166856762,44.168136024475096,46.67544136545824,41.66083068349195,0.11353457794070185,0.7587843799020527,3970480.0,1.0764441578851927,0.6952381569302997,0.012178704670608073
2023-12-04,45.94276428222656,46.533584706499795,45.828130244874615,46.09267524750003,6354700,-0.0038240335779131662,-0.003831363887850561,45.5847412109375,45.20039939880371,44.30232524871826,45.07196227190646,44.429336474265256,0.6426257976412018,0.44380497721564294,0.19882082042555882,79.9900091300954,44.30232524871826,46.89071474174844,41.713935755688084,0.11685118009037525,0.7709614263901204,4101015.0,1.5495432228362978,0.16249671943798358,0.012006892879926309
2023-12-05,45.09621810913086,45.72671875860275,44.946310510452584,45.62531146864325,4691000,-0.018426104443680535,-0.018597979708086618,45.61119842529297,45.21449775695801,44.41114978790283,45.07569393917175,44.47873511388493,0.5969588252868192,0.47443574682987816,0.12252307845694105,57.7291556118519,44.41114978790283,46.93704489953203,41.885254676273625,0.11375049390489923,0.7023353757981222,4153510.0,1.129406213058353,0.19208868834064838,0.012725433790535019
2023-12-06,44.875755310058594,45.61648318901419,44.76993800274252,45.3607549461181,3603700,-0.004888720347652087,-0.004900709230461015,45.53359756469727,45.20220031738281,44.54418125152588,45.04493415007741,44.508144017305206,0.5367901327722038,0.48690662401834334,0.04988350875386044,50.59856351918994,44.54418125152588,46.85411789312972,42.23424460992204,0.10371440563966873,0.6988046402470138,4075060.0,0.8843305374644791,0.12499900511173027,0.012064931545461245
2023-12-07,45.03448486328125,45.20643925641581,44.63325906725784,45.069758421840056,2822900,0.0035370892840900225,0.0035308484956093856,45.41366958618164,45.234480667114255,44.69515247344971,45.04332656749338,44.547132228118244,0.4961943393751369,0.4887641670897021,0.0074301722854348,53.31771902148359,44.69515247344971,46.68105987032758,42.70924507657184,0.08886455407250529,0.6912813457436978,4009540.0,0.7040458506462088,0.6999994009088746,0.01192194215759424
2023-12-08,44.90221405029297,45.660578796522266,44.88458063356982,45.008034733863525,3664100,-0.002937100610561849,-0.0029414223548998807,45.17028732299805,45.23004837036133,44.836900520324704,45.02161694946255,44.57343458531637,0.4481823641461773,0.4806478065009972,-0.03246544235481991,49.170745641732296,44.836900520324704,46.39073131573504,43.28306972491437,0.06931035720035904,0.7075652517661639,4025705.0,0.9101759815982542,0.022723528659945414,0.012000756694887376
2023-12-11,45.21966552734375,45.43130351261319,44.76111936248635,44.85811996557352,3582700,0.007069840179711795,0.007044966028333407,45.02566757202148,45.30520439147949,44.945808219909665,45.05208596144427,44.62130354398507,0.43078241745919854,0.4706747286926375,-0.03989231123343895,52.90796160361378,44.945808219909665,46.25602900261823,43.6355874372011,0.05830224595352467,0.7225045728583593,4013580.0,0.8926444720175006,0.6842091952316736,0.01110784914318665
2023-12-12,44.814029693603516,45.291975306238236,44.61121177984536,45.219665521119815,4350500,-0.008970341310794328,-0.009010817058404072,44.96922988891602,45.290214157104494,45.04487247467041,45.015461920237996,44.63557955506792,0.3798823651700758,0.4525162559881252,-0.07263389081804944,48.118689851540545,45.04487247467041,45.904526756750904,44.18521819258992,0.0381687963514112,0.7465877932706216,4073055.0,1.0681171749460785,0.29792711112703546,0.011288644590143952
2023-12-13,46.14558410644531,46.21171783206622,44.49658036094046,44.57594419555766,4774200,0.02971289174273606,0.029280017503851622,45.22319564819336,45.378396606445314,45.13179092407226,45.1893268719622,44.74743174405884,0.44189512790336494,0.4503920303711732,-0.008496902467808265,62.042884045963575,45.13179092407226,46.06809259697401,44.195489251170514,0.04149189091463007,0.8268464229880576,4069320.0,1.173218129810386,0.9614411460604896,0.010216492503356591
2023-12-14,47.82103729248047,48.015038521845064,46.515945758282406,46.630583154168036,7892900,0.03630798522715284,0.035664382695237085,45.7805061340332,45.59708786010742,45.28160495758057,45.59420539819578,44.9751062291271,0.6190991690686829,0.48413345811067515,0.13496571095800775,69.43827772277457,45.28160495758057,46.79317646345713,43.77003345170401,0.06676315944598642,0.9268272520302959,4212340.0,1.8737566293319152,0.8705875695047594,0.01271293659740328
2023-12-15,47.829856872558594,47.95331097583877,46.84221731857314,47.23021977330743,9909800,0.00018442887435043964,0.00018441186943635854,46.36603469848633,45.76816101074219,45.43577423095703,45.93815177886698,45.186569239751655,0.7515825391153257,0.5376232743116053,0.2139592648037204,74.2750108116893,45.43577423095703,47.304344559118235,43.567203902795825,0.08225106140650204,0.9658040802202242,4456125.0,2.2238604168419873,0.8888895536737315,0.012679752912331987
2023-12-18,47.83866882324219,48.350125330388714,47.6182141282042,48.27957821331815,3219100,0.00018423535548262038,0.00018421838623370723,46.889835357666016,45.95775146484375,45.57907543182373,46.23053901646316,45.383021060750956,0.8475179557122061,0.5996022105917255,0.24791574512048065,72.3287804363504,45.57907543182373,47.71811581984297,43.44003504380449,0.09386063090370375,0.9326491204974116,4451775.0,0.7231048289727131,0.3012041506783344,0.012693326440588702
2023-12-19,48.42948532104492,48.51766921652688,47.97094252002537,48.032669564926906,3796900,0.012350186832867927,0.012274545429001698,47.6129264831543,46.29107818603516,45.75278797149658,46.56883844793729,45.60868508003199,0.9601533679052991,0.6717124420544403,0.2884409258508589,73.52552305335479,45.75278797149658,48.21794446685876,43.2876314761344,0.10775983736326372,0.9181620928456969,4453555.0,0.8525548690877288,0.8387056925639375,0.012824350905061298
2023-12-20,48.12967300415039,48.80867053807854,48.12085293214663,48.3060340777634,4953500,-0.0061906979788664,-0.0062099398042567925,48.009744262695314,46.61646995544434,45.909335136413574,46.80896684120084,45.79542492626298,1.0135419149378606,0.7400783366311244,0.2734635783067362,68.74174560801887,45.909335136413574,48.563292336322704,43.255377936504445,0.11561732236039765,0.9263502369223282,4559195.0,1.0864856624908563,0.012823271459553427,0.013006344011177512
2023-12-21,48.47358322143555,48.67640115310563,48.04149050518402,48.50885341886412,2653900,0.007145492495980621,0.007120084428116318,48.14025344848633,46.96037979125977,46.09743022918701,47.06506166892926,45.993807022201686,1.0712546467275743,0.8063135986504146,0.2649410480771597,68.06497933321899,46.09743022918701,48.92175950398098,43.273100954393044,0.12253738487165029,0.9055646315296302,4534910.0,0.5852155831096979,0.6805567222103163,0.012818735685762011
2023-12-22,48.60585403442383,49.08203702040343,48.367762541434026,48.57940054538228,2341900,0.002728719525108003,0.0027250033287546677,48.29545288085937,47.33074378967285,46.28039608001709,47.30210664823611,46.187291986069994,1.1148146621661184,0.8680138113535555,0.24680085081256287,70.57219760965003,46.28039608001709,49.2606141946238,43.300177965410384,0.1287896546716679,0.9061946327685035,4568020.0,0.5126728867211615,0.3333333286665933,0.012819469487298181
2023-12-26,49.126121520996094,49.28925919996221,48.605848326421274,48.68521214809782,2266200,0.010703803007016344,0.010646922837038735,48.55294342041016,47.72138938903809,46.513296890258786,47.58272432096842,46.40498306273119,1.1777412582372264,0.9299593007302898,0.24778195750693666,82.78334192937345,46.513296890258786,49.62243367264206,43.40416010787551,0.13368808449415318,0.8838344257518577,4486520.0,0.5051130943359218,0.7612890094450123,0.012418573592649742
2023-12-27,49.126121520996094,49.25663300971761,48.914486905772996,49.10848474241558,2535300,0.0,0.0,48.69227066040039,48.15259857177735,46.72140636444092,47.8201700440496,46.60654887445452,1.2136211695950792,0.9866916745032477,0.22692949509183147,85.86320195388996,46.72140636444092,49.94882523907499,43.49398748980684,0.13815589579899393,0.8478059198713537,4294440.0,0.5903680107301534,0.618550398784761,0.012381279206563426
2023-12-28,48.70285415649414,49.117310087962565,48.64112710676972,49.020309477289366,2172600,-0.008615932856027575,-0.008653264592010063,48.80690689086914,48.408325576782225,46.89336109161377,47.95596759981029,46.76183074719819,1.194136852612104,1.028180710125019,0.1659561424870848,79.62977912335828,46.89336109161377,50.160007127903974,43.626715055323565,0.13932232453580295,0.8415069359476678,4225485.0,0.5141658294846627,0.1296288419915861,0.012708318898035758
2023-12-29,48.358943939208984,48.72930622677434,48.21785306339288,48.58821535095823,2271400,-0.0070613975965369,-0.007086447257945739,48.78397903442383,48.46211624145508,47.02960205078125,48.01796395971779,46.880135428087875,1.1378285316299142,1.050110274425998,0.08771825720391613,76.9973442431689,47.02960205078125,50.302397813789575,43.756806287772925,0.1391802447945212,0.8226108645497402,4106565.0,0.5531143425222783,0.27586274396008764,0.012884033522375493
2024-01-02,48.791038513183594,49.09967376467952,48.13408104891491,48.27076525789621,3533500,0.008935153226625081,0.00889547094802093,48.82101593017578,48.55823440551758,47.163197708129886,48.13689850640483,47.02168380476163,1.115214701643204,1.0631311598694393,0.05208354177376462,77.40201628056997,47.163197708129886,50.497071608751625,43.829323807508146,0.1413760755262383,0.8437114763810095,4069540.0,0.8682799530168028,0.6803670395802405,0.012836631069924262
2024-01-03,48.173763275146484,48.57058241854081,47.574126205988804,48.3677611289056,4120000,-0.012651406013223454,-0.0127321165069995,48.63054428100586,48.591743850708006,47.274747657775876,48.14257000928816,47.10702302479014,1.0355469844980192,1.0576143247951553,-0.022067340297136084,74.96731440649425,47.274747657775876,50.58590310319719,43.96359221235456,0.14008135884260764,0.8820078178668608,3957805.0,1.0409810488389397,0.6017696067188593,0.013225756792006632
2024-01-04,47.78575897216797,48.4912166945724,47.65789484407895,48.147304541157965,4579500,-0.008054265986288223,-0.008086876808771489,48.36247177124024,48.52737121582031,47.40922470092774,48.08767600357736,47.15729976163294,0.9303762419444155,1.0321667082250072,-0.10179046628059174,64.17680232757506,47.40922470092774,50.56254456849594,44.25590483335954,0.13302558257218214,0.8190209878216957,3952230.0,1.1587129291564509,0.15343906616502465,0.012549939841127258
2024-01-05,48.341304779052734,48.52648591371759,47.60057687652164,47.644667142317324,3796400,0.011625760871734503,0.011558700961689726,48.29016189575195,48.54853439331055,47.58250217437744,48.12669581518895,47.24500383699737,0.8816919781915828,1.0020717622183224,-0.12037978402673954,55.576517498861264,47.58250217437744,50.52336058291872,44.64164376583616,0.12361091889467282,0.7516248893785671,3961865.0,0.9582355784460096,0.8000007179693656,0.01254863495880859
2024-01-08,48.57058334350586,48.62349032105141,47.96212619075665,48.21785446179988,3966100,0.004742912205226046,0.004731700035380713,48.332489776611325,48.55823440551758,47.759307098388675,48.194986204160784,47.34319491155355,0.8517912926072313,0.9720156682961042,-0.1202243756888729,57.581230678651266,47.759307098388675,50.47145487447112,45.04715932230623,0.11357567522892098,0.7195013517377912,4019025.0,0.9868313832334957,0.92000324129764,0.012550200820987654
2024-01-09,47.5653076171875,48.13849121594944,47.42421673556683,48.13849121594944,4287000,-0.020697213356667854,-0.02091440271329963,48.08734359741211,48.454179763793945,47.8924617767334,48.09811257539566,47.35964770456347,0.738464870832189,0.9253055088033212,-0.18684063797113215,47.67618331106585,47.8924617767334,50.252651026622914,45.53227252684388,0.09856203512328603,0.7491053092916852,4050170.0,1.0584740887419541,0.19753033815486287,0.01363769269310642
2024-01-10,47.07149124145508,47.55649093707267,46.77607936961909,47.309582735057596,4062200,-0.010381860235336382,-0.010436127671026378,47.86688919067383,48.24871673583984,47.985053062438965,47.9401708317125,47.33830278137026,0.6018680503422402,0.8606180171111051,-0.25874996676886486,38.262249807442736,47.985053062438965,50.02767949647814,45.94242662839979,0.08513594561961943,0.7569787274548077,4074145.0,0.9970680964963201,0.3785334307826318,0.013917178887888676
2024-01-11,47.300758361816406,47.32721184852067,46.50712348584349,46.94803287156344,4497400,0.004870615192225314,0.004858792120928666,47.76988906860352,48.06618041992188,48.10938949584961,47.84179968249772,47.33552171325516,0.5062779692425607,0.7897500075373962,-0.28347203829483547,42.746867529318614,48.10938949584961,49.55468765238155,46.66409133931767,0.06008382861132029,0.7664266386508984,4081490.0,1.1019015114578254,0.9677431145403202,0.013679829337735837
2024-01-12,47.06266784667969,47.759305497609525,46.7496225801187,47.6358514053175,3673500,-0.005033545409895979,-0.005046256371668226,47.51416168212891,47.90216178894043,48.155243682861325,47.72193324621802,47.315310315731054,0.40662293048696796,0.7131245921273106,-0.30650166164034265,37.4213286772743,48.155243682861325,49.379494653873266,46.930992711849385,0.05084600875761562,0.7931960864772714,4026455.0,0.9123410046802957,0.31004314130470884,0.012208180689698584
2024-01-16,46.82457733154297,47.080305593040876,46.09266947054941,47.06266881322669,5962800,-0.005059010167302147,-0.005071850283062376,47.16496047973633,47.74872512817383,48.105420684814455,47.58387849011417,47.278959724309715,0.30491876580445165,0.6314834268627388,-0.3265646610582872,34.41355088558346,48.105420684814455,49.461000731148005,46.749840638480904,0.05635872328049172,0.8127219181574183,3929950.0,1.5172712121019352,0.7410703566982783,0.009005178363422928
2024-01-17,46.26903533935547,46.401306146255074,45.88985297127385,46.14558124070041,3469000,-0.011864324759494727,-0.01193526754430517,46.90570602416992,47.496524810791016,48.0273796081543,47.38159492845898,47.204150510609395,0.17744441784958553,0.5406756250601082,-0.3632312072105227,25.15343162688613,48.0273796081543,49.61039169535416,46.44436752095444,0.06592123493371231,0.830672881495146,3607910.0,0.961498485272637,0.7413823575965022,0.009318384219905643
2024-01-18,46.383663177490234,46.49830055260608,45.94275381890621,46.36602976335375,4230400,0.0024774200995123508,0.0024743563534184256,46.768140411376955,47.31751480102539,47.9546293258667,47.228066966771486,47.143373671119086,0.08469329565240002,0.44947915917856657,-0.36478586352616654,26.61648999664982,47.9546293258667,49.699606743707776,46.20965190802562,0.0727761820859217,0.8459157836205213,3658475.0,1.1563287982014363,0.7936494337949359,0.009355736622931618
2024-01-19,46.56885528564453,46.73375565493969,45.96039811834667,46.46303460027934,4171500,0.003992614974062114,0.003984665638961078,46.62175979614258,47.195824432373044,47.86159782409668,47.12664978505965,47.100816753676526,0.025833031383122318,0.3647499336194777,-0.3389169022363554,31.034529520451585,47.86159782409668,49.69607917427068,46.027116473922675,0.07665775626280506,0.8665131495038538,3677205.0,1.1344213879835363,0.7867734270886493,0.008878982605790564
2024-01-22,47.23021697998047,47.283123956044605,46.33957809235346,46.48948904023611,5615500,0.014201802691504284,0.014101901828892252,46.655269622802734,47.08471565246582,47.81662502288818,47.14258319966285,47.110401955624965,0.03218124403788636,0.29823619570315946,-0.2660549516652731,40.50446617968824,47.81662502288818,49.66746295976871,45.96578708600765,0.07741399297815761,0.8973769138116882,3710305.0,1.5134874356690353,0.9439274893364064,0.009511060288571785
2024-01-23,47.53885269165039,48.019445700190076,47.39335177828657,47.618216520405944,4668100,0.006534708739549977,0.006513450092846145,46.79812469482422,46.98154258728027,47.76988849639893,47.2035477368917,47.14213904718241,0.06140868970928892,0.25087069450438537,-0.18946200479509645,39.242396336319764,47.76988849639893,49.59794368449988,45.94183330829797,0.07653587838032153,0.8847794855577591,3811015.0,1.2248967794668875,0.2323947030143773,0.009484812530883435
2024-01-24,46.81576156616211,47.732853951733425,46.76285122565427,47.371308367942866,6016900,-0.01521052958889102,-0.015327396278001316,46.90746994018555,46.90658798217773,47.68038387298584,47.14388832601022,47.1179629374772,0.02592538853301818,0.20588163331011192,-0.17995624477709374,38.541654596509105,47.68038387298584,49.511390537552685,45.849377208419,0.07680335248325179,0.8671430869066421,3994765.0,1.5061962343216684,0.054546588932011524,0.009957061499967003
2024-01-25,48.44712448120117,48.614672208915636,47.415398082392805,48.28839682540422,7240800,0.03484644616393884,0.034253054516459776,47.32016220092773,47.044151306152344,47.6464340209961,47.34438619603959,47.21641934812342,0.12796684791617707,0.19029867623132496,-0.062331828315147886,54.612561636772575,47.6464340209961,49.387544534216914,45.90532350777528,0.07308460954091851,0.9361137149252191,4243495.0,1.7063293346639974,0.8602923780210496,0.012654325251941677
2024-01-26,47.67112731933594,48.76017075235544,47.403053640617095,48.5000358112988,5240800,-0.01601740392593043,-0.016147069002894948,47.54061660766602,47.0811882019043,47.57368431091309,47.394654061162115,47.25010142006508,0.14455264109703592,0.18114946920446717,-0.036596828107431256,45.46541898988564,47.57368431091309,49.17004509960262,45.97732352222356,0.067111085122467,0.9669142916782475,4378770.0,1.1968657865108239,0.19753171957293086,0.013111608965921001
2024-01-29,47.67993927001953,47.81221342730977,47.09793903291126,47.76811979896532,3742400,0.00018484880008329263,0.00018483171764892577,47.63056106567383,47.14291534423828,47.522538566589354,47.43854409329403,47.28194126080245,0.15660283249157914,0.17624014186188958,-0.01963730937031044,43.788367592464,47.522538566589354,49.029623220330656,46.01545391284805,0.06342610050721724,0.9706935962570863,4457260.0,0.8396189587324948,0.8148132335756473,0.013004675330349394
2024-01-30,48.03267288208008,48.08998989519794,47.17730753812736,47.26548807582744,4640900,0.007397945917316573,0.007370715333207445,47.72932510375976,47.263724899291994,47.50622501373291,47.52994852233803,47.33755101052672,0.19239751181131481,0.17947161585177465,0.012925895959540162,53.58594807799364,47.50622501373291,48.98192539422562,46.0305246332402,0.06212661098902813,0.954001864052197,4575735.0,1.0142414278798926,0.9371993749568873,0.01305069060547851
2024-01-31,47.26548385620117,48.11203241635701,47.24785044133289,48.0591220801374,5471900,-0.015972232645939832,-0.016101163472275845,47.81926956176758,47.36336975097656,47.42994728088379,47.48926165062467,47.3322127027989,0.15704894782577128,0.174987082246574,-0.01793813442080272,51.42851845775964,47.42994728088379,48.77823117162641,46.081663390141166,0.056853695525233484,0.9593557017276046,4672655.0,1.1710472953813196,0.020404747117919043,0.013313024480536203
2024-02-01,47.21257400512695,47.62702650669264,46.445389314142844,47.53884598224157,5039900,-0.0011194183737797125,-0.0011200453905005259,47.57235946655273,47.44626083374023,47.38188781738281,47.446694320548104,47.323350577045424,0.12334374350268007,0.16465841449779522,-0.041314670995115155,49.33331410690853,47.38188781738281,48.68634774230621,46.07742789245941,0.05506154292336311,0.9851806181470774,4718650.0,1.0680809129729902,0.6492557016050625,0.013051949606805929
2024-02-02,47.10675811767578,47.40305130307543,46.286669738250744,46.8157596663711,5720200,-0.002241264952842492,-0.00224378034628183,47.459485626220705,47.50005111694336,47.347937774658206,47.39439644318313,47.30730669116619,0.08708975201694358,0.1491446820016249,-0.06205492998468132,50.340131249816075,47.347937774658206,48.643452863334765,46.05242268598165,0.05472318962833272,0.9928019500994958,4775685.0,1.197775816453556,0.7345950505801053,0.012949194530848298
2024-02-05,46.87748336791992,47.2116940915573,46.17202905946811,46.3307566993537,5482000,-0.0048671307242820205,-0.004879013778289943,47.29899444580078,47.4647777557373,47.27474670410156,47.3148713546811,47.275467926481284,0.03940342819981879,0.12719643124126367,-0.08779300304144488,50.40869573929756,47.27474670410156,48.497308085697846,46.052185322505274,0.05172154128073695,0.9965183007850474,4859965.0,1.1279916624913966,0.6785399911438924,0.012648900940918847
2024-02-06,47.653480529785156,47.75048111925307,46.78047858844513,46.9303895077695,5212500,0.016553729127794403,0.016418209676883573,47.2231559753418,47.47624053955078,47.22889156341553,47.36696507392789,47.30346886005935,0.06349621386853954,0.11445638776671885,-0.050960173898179306,60.34248488199119,47.22889156341553,48.30707819036767,46.15070493646339,0.04565792637773122,0.9990381701092487,4922285.0,1.0589594060482073,0.8999996439317403,0.013216735840652345
2024-02-07,47.69758224487305,47.96212722994844,47.353673427887834,47.83867312783806,3455800,0.000925466820001164,0.0009250388396177776,47.30957565307617,47.564422607421875,47.23550529479981,47.4178292540733,47.33266244411963,0.08516680995366954,0.10859847220410898,-0.02343166225043944,59.92015170139893,47.23550529479981,48.323954774018155,46.14705581558146,0.04608607328005765,1.00281724642073,4880725.0,0.7080505457693274,0.5652176223870143,0.012366543443250232
2024-02-08,47.51239776611328,47.7945795122922,47.177305681073896,47.768122660926096,3554400,-0.003882470977439767,-0.0038900273324454218,47.36954040527344,47.47094993591308,47.25755062103271,47.4323782559256,47.345976171674714,0.08640208425088503,0.1041591946134642,-0.01775711036257918,57.12379899080666,47.25755062103271,48.34986633398794,46.16523490807749,0.046228198397953967,0.9916684103225357,4855335.0,0.732060712597586,0.5428580682732606,0.012157157261600798
2024-02-09,47.60940170288086,47.7240357326241,47.22580928801756,47.43303725821249,3897400,0.002041655259014563,0.0020395739133616335,47.470069122314456,47.46477737426758,47.27298278808594,47.45961263238026,47.36548917398628,0.09412345839397318,0.10215204736956601,-0.008028588975592832,53.12956324456252,47.27298278808594,48.37653198275284,46.16943359341904,0.04668836741755254,0.9598598803879216,4825335.0,0.8076952170160207,0.7699157909353267,0.012120470828320089
2024-02-12,48.31485366821289,48.74694300367871,47.48594182945738,47.61821599722061,5262800,0.014817492766126206,0.014708786243345352,47.75754318237305,47.528268814086914,47.335592079162595,47.591188176354514,47.43581246985492,0.15537570649959065,0.11279677919557096,0.04257892730401969,56.01092121126162,47.335592079162595,48.527451573591215,46.143732584733975,0.050357857251912705,0.9935579128173302,4904800.0,1.0729897243516555,0.6573442191232874,0.012460606730969008
2024-02-13,46.89512634277344,47.856309016258244,46.38366979914303,47.61821752496876,5105400,-0.029384903764564485,-0.029825288623387798,47.605872344970706,47.41451416015625,47.33911952972412,47.484101740418964,47.39576164562666,0.08834009479230076,0.10790544231491692,-0.019565347522616156,50.55487723891166,47.33911952972412,48.525013653265034,46.15322540618321,0.05010207774550145,1.0622137087452381,4861930.0,1.0500768213446101,0.3473060707694933,0.01419013757038275
2024-02-14,47.24785614013672,47.52121783389728,46.9392175207699,47.16849230817062,3766500,0.007521672823419978,0.007493526094597758,47.515927124023435,47.41275138854981,47.388060569763184,47.44775626345247,47.38480568225704,0.06295058119543029,0.0989144700910196,-0.03596388889558931,39.789861083054625,47.388060569763184,48.46367373315395,46.312447406372414,0.04539595630031268,0.9784409122002609,4876805.0,0.7723294246950616,0.530306611701428,0.013985412213550876
2024-02-15,48.64994430541992,48.83512882033158,47.47712698496314,47.53885403530972,4500400,0.029675170046332244,0.029243383615263123,47.74343643188477,47.5564884185791,47.50137462615967,47.632708269909,47.47851965434318,0.15418861556582186,0.10996929918598006,0.044219316379841805,57.53049723568819,47.50137462615967,48.60850152899407,46.394247723325265,0.04661452059219742,0.9948805956614406,4890305.0,0.9202697991229586,0.863634555767913,0.015375516210447585
2024-02-16,48.923309326171875,49.342175297661456,48.46476312114612,48.61467407465067,5060900,0.005619020219957305,0.005603292414905488,48.00621795654297,47.73814353942871,47.61909732818604,47.83126227856483,47.58554111151568,0.24572116704914748,0.13711967275861356,0.10860149429053392,59.19166624366198,47.61909732818604,48.80651829990504,46.43167635646703,0.04987162875160866,1.0065332943840712,4934775.0,1.0255584094512922,0.5226120768243288,0.015388122379348905
2024-02-20,48.24430847167969,48.8968559007226,48.01238968357566,48.31485559433166,4493800,-0.013878882353711708,-0.013976094553932786,47.99210891723633,47.87482604980469,47.669801902771,47.89480784673635,47.63433869375005,0.26046915298629614,0.16178956880415007,0.09867958418214606,51.49252727516318,47.669801902771,48.873794615672786,46.46580918986921,0.0505138542575651,1.0064073862073306,4878690.0,0.9211079203638681,0.26221327732562055,0.015552226536615444
2024-02-21,49.16140365600586,49.231950782637234,48.28840146523941,48.358948591870785,4065900,0.019009396411278745,0.018830975406393335,48.44536437988281,48.025618362426755,47.75092945098877,48.08966874047012,47.74745461688011,0.34221412359000425,0.19787447976132094,0.1443396438286833,63.093827982734204,47.75092945098877,49.12449087361379,46.377368028363755,0.05753024866394822,1.015225981631147,4848580.0,0.8385754179574226,0.9252321690208458,0.01602147702072103
2024-02-22,49.38185119628906,49.544988879984885,49.08203267947101,49.161396503448486,5088600,0.0044841587889907775,0.0044741349035932925,48.87216339111328,48.19404525756836,47.87923393249512,48.28846604136534,47.86852103016966,0.4199450111956793,0.24228858604819264,0.17765642514748664,64.64286541952595,47.87923393249512,49.360187617415654,46.39828024757458,0.06186204595539398,0.9638916250571528,4802165.0,1.0596470550262225,0.6476174420152117,0.015518211204188564
2024-02-23,49.72576141357422,50.104943765309805,49.381852621040025,49.408306108505194,4414200,0.00696430386779423,0.0069401651118980315,49.08732681274414,48.415381622314456,47.94316577911377,48.50958840632055,48.00609439190333,0.5034940144172211,0.2945296717219984,0.20896434269522268,67.12801680479396,47.94316577911377,49.624220058146555,46.262111500080984,0.07012696186054238,0.9357995539282997,4660835.0,0.9470835161510759,0.4756091821943153,0.013623082827587072
2024-02-26,49.443580627441406,49.805126206594146,49.2495794119398,49.50530767530613,3741600,-0.005674740378249554,-0.005690902891811888,49.19138107299805,48.598799514770505,48.031788444519044,48.65327951726222,48.11257485379504,0.5407046634671815,0.34376467007103506,0.19693999339614643,66.66668318418837,48.031788444519044,49.834908070408545,46.228668818629544,0.07508026181337234,0.901219679825811,4585875.0,0.8158966391364788,0.3492076884904636,0.0131142578474394
2024-02-27,49.619937896728516,49.87566612316175,49.338637520426225,49.70811841983657,3913000,0.0035668385470697395,0.0035604924642842336,49.46650695800781,48.72930793762207,48.12878837585449,48.80199619102627,48.224231375493815,0.5777648155324542,0.39056469916331893,0.18720011636913525,63.85093614965498,48.12878837585449,50.05662506567299,46.20095168603599,0.08011158206449535,0.8702929706777814,4594405.0,0.851688085834836,0.5238089174977069,0.013112664325682151
2024-02-28,49.20027160644531,49.727098622035925,49.11990804792316,49.53065701717299,4432800,-0.008457614178329576,-0.008493582746223373,49.474280548095706,48.959822463989255,48.18716831207276,48.86326933185997,48.29653065186059,0.566738679999375,0.4257994953305302,0.1409391846688448,60.05249783215494,48.18716831207276,50.17260511797701,46.20173150616851,0.08240520767047525,0.8702027401100781,4584000.0,0.9670157068062827,0.1323531039921837,0.013252642441072226
2024-02-29,49.89675521850586,50.039623383658345,49.08419189053005,49.280633488711125,6733400,0.014156092828749856,0.014056831022736081,49.57726135253906,49.22471237182617,48.31873188018799,49.02226716057472,48.41506580494543,0.607201355629293,0.46207986739028273,0.14512148823901028,64.92927853066348,48.31873188018799,50.39371126773233,46.24375249264365,0.0858871624648385,0.8943568588179345,4647075.0,1.448954449842105,0.8504673807753843,0.012895295984062695
2024-03-01,49.79853439331055,50.20927995617551,49.655666223346834,49.88782572219568,4651400,-0.001968481212158757,-0.0019704212176276828,49.59181594848633,49.33957138061523,48.44802989959717,49.14169288868792,48.517544959639146,0.6241479290487746,0.4944934797219812,0.12965444932679338,63.704821003480966,48.44802989959717,50.55482008003299,46.341239719161344,0.08697113937561124,0.8983130936909437,4627650.0,1.0051321945263796,0.2580647099433114,0.012910237642602164
2024-03-04,50.9146842956543,51.039693497132895,49.53957626689915,49.584221923677894,7042200,0.02241330826181276,0.02216582124441848,49.8860366821289,49.53870887756348,48.63842620849609,49.41446079745198,48.69511083638101,0.7193499610709679,0.5394647759917787,0.17988518507918927,65.47993171413334,48.63842620849609,50.91616940984224,46.360683007149945,0.09366023446491675,0.9153928119775452,4693750.0,1.500335552596538,0.9166670389981527,0.013568930397482802
2024-03-05,50.878963470458984,51.55758967680141,50.55750931021732,50.55750931021732,6093400,-0.000701581983458599,-0.0007018282072692178,50.137841796875,49.8021743774414,48.83850021362305,49.63976890099152,48.85687769816457,0.7828912028269528,0.5881500613588135,0.19474114146813926,78.40154471655268,48.83850021362305,51.167359763635154,46.509640663610945,0.09536982257135287,0.8488854189428474,4724320.0,1.2897940867680429,0.32142832493087575,0.013457467642059691
2024-03-06,50.771820068359375,51.87904742939804,50.31732132041055,51.74511044872567,4840100,-0.002105848759317186,-0.002108069176605391,50.452151489257815,49.96321601867676,48.99441719055176,49.813930619048115,48.99872528114196,0.815205337906157,0.6335611166682823,0.18164422123787471,76.03466681997988,48.99441719055176,51.40532613699702,46.5835082441065,0.09841565977072948,0.9157164630759651,4705700.0,1.0285611067428864,0.2910233378458758,0.013199544457901318
2024-03-07,50.84325408935547,51.481696929340046,50.503944335671626,51.22721291095434,4568700,0.001406961989936839,0.0014059731463178667,50.64145126342773,50.1093563079834,49.151700782775876,49.97228807601848,49.13535704471333,0.8369310313051486,0.6742350995956556,0.16269593170949292,70.1695685819986,49.151700782775876,51.616225662261805,46.68717590328995,0.10028238454566628,0.8721793140383619,4761345.0,0.9595397939027732,0.34703027372240147,0.013195506618107656
2024-03-08,50.54859161376953,51.51295088039971,50.51287372079359,50.98612388086469,4723600,-0.005795507798695865,-0.005812366923701851,50.79146270751953,50.19163932800293,49.30351047515869,50.060950158749414,49.240041086865645,0.8209090718837686,0.7035698940532783,0.1173391778304903,64.88770051981052,49.30351047515869,51.71637117726374,46.89064977305364,0.0978778459728849,0.8809410985448461,4819805.0,0.9800396489069578,0.03571513685289528,0.01325695744112484
2024-03-11,51.280784606933594,51.606700970062526,50.49500809660643,50.62001729924467,4438400,0.014484933601287775,0.014381029115088402,50.86468276977539,50.37535972595215,49.48707962036133,50.248616996931595,49.39120727353735,0.8574097233942481,0.7343378599214724,0.12307186347277577,77.54590441914385,49.48707962036133,51.915839992296576,47.05831924842608,0.0981573530128434,0.8952820436062662,4846855.0,0.9157278276325576,0.706828767207985,0.013490387228206516
2024-03-12,51.504024505615234,51.66475162211561,51.039702103085915,51.46830661167163,4048300,0.0043532855511625446,0.0043438374139859355,50.98969497680664,50.56376838684082,49.646538162231444,50.44175661365215,49.54771225369126,0.894044359960894,0.7662791599293568,0.12776520003153724,74.31209222778236,49.646538162231444,52.168236751887605,47.12483957257528,0.1015860796342308,0.8693825584685625,4786130.0,0.8458399583797348,0.7428569752706118,0.013241532023190828
2024-03-13,51.76297378540039,52.45052791116661,51.43258837797328,51.66475128082724,7650600,0.005027748457927306,0.005015151535776649,51.18792572021484,50.820038604736325,49.88993053436279,50.64502079392111,49.711805700484526,0.933215093436587,0.7996663466308029,0.1335487468057841,74.515750718941,49.88993053436279,52.226338652624854,47.553522416100726,0.09366251238425001,0.9090242250885235,4913390.0,1.5570919467007505,0.3245628973118314,0.010780027820816166
2024-03-14,51.18256759643555,51.709394582697094,50.82986107623754,51.48616286659043,6871500,-0.01121276747682809,-0.011276104454333925,51.25578842163086,50.9486198425293,50.086666107177734,50.72772030200026,49.82075102611053,0.906969275889729,0.8211269324825883,0.0858423434071407,64.30258365048773,50.086666107177734,52.13068534228337,48.0426468720721,0.08161929686962,0.9240256636701025,5068640.0,1.3556891000347233,0.4010154401139588,0.011348788049031286
2024-03-15,50.93254852294922,51.61117143261878,50.84325379388373,51.20935366743816,20629600,-0.004884848205695347,-0.004896818073258435,51.3325798034668,51.062021255493164,50.2007963180542,50.75923233599241,49.90310639624673,0.8561259397456809,0.8281267339352069,0.027999205810473993,64.71124317625723,50.2007963180542,52.160194879590286,48.24139775651812,0.07806244941303475,0.939195009675867,5875100.0,3.511361508740277,0.11628164714351401,0.009765221395486044
2024-03-18,50.6646728515625,51.2629322283091,50.503049897457146,51.25400445822521,7409100,-0.005259420138107096,-0.005273299574783424,51.20935745239258,51.03702011108398,50.28786449432373,50.74468472300319,49.95951872627012,0.7851659967330704,0.8195345864947796,-0.0343685897617092,60.13879664654981,50.28786449432373,52.16111070634487,48.414618282302584,0.0745009250584736,0.9551131331127546,5992510.0,1.2363934311331979,0.2126947099785852,0.009875327848889863
2024-03-19,50.682525634765625,50.94147523430683,50.37446819306577,50.637879974283315,6782700,0.0003523714296040925,0.00035230936137217825,51.045057678222655,51.01737632751465,50.40977535247803,50.73512178635125,50.01307479356608,0.7220469927851667,0.8000370677528571,-0.07799007496769039,65.6015212691805,50.40977535247803,52.022252039403284,48.79729866555277,0.06397476186515041,0.9522428807647755,6106955.0,1.1106517077659817,0.5433044280941141,0.009174234974498013
2024-03-20,51.941551208496094,52.42373250623373,50.34321479793281,50.51286966658324,7789700,0.024841413445008786,0.0245378820299804,51.080773162841794,51.13434944152832,50.54878273010254,50.92072631283507,50.15592489837571,0.7648014144593631,0.7929899370941584,-0.02818852263479532,69.24371545934892,50.54878273010254,52.18725630875757,48.91030915144751,0.06482741977797601,1.0326061818485346,6293145.0,1.237807169547182,0.7682397494161127,0.009797826380787616
2024-03-21,51.727256774902344,52.34337512377307,51.39240917972884,52.236224847066396,5870700,-0.004125684131641716,-0.00413421824721678,51.189710998535155,51.22274971008301,50.666053009033206,51.04480792238388,50.2723198521925,0.772488070191379,0.7888895637136026,-0.016401493522223642,67.76325543451911,50.666053009033206,52.28851734168898,49.04358867637743,0.0640454204066974,1.0609884826496463,6332250.0,0.9271112163922777,0.35211312639477643,0.009908435498538449
2024-03-22,51.504024505615234,51.97727467850754,51.41473317700207,51.780833074309406,3376000,-0.00431556365454544,-0.004324902577536433,51.30400619506836,51.31829299926758,50.75496616363525,51.1154566274964,50.363557233927516,0.751899393568884,0.7814915296846591,-0.029592136115775047,56.496184502875295,50.75496616363525,52.355215610597156,49.15471671667335,0.06305784706082397,0.9940187877404837,6280340.0,0.5375505147810469,0.15872842587954686,0.00995402709051946
2024-03-25,51.24507522583008,51.65582079018473,51.14685271995269,51.58438840806672,3422400,-0.005027748457927306,-0.005040430109833301,51.42008666992187,51.31472206115723,50.84504089355469,51.135397950316964,50.42885486295734,0.706543087359627,0.7665018412196527,-0.05995875386002569,53.846295655073355,50.84504089355469,52.333381376550555,49.35670041055882,0.05854417488272821,0.958939338001051,6264380.0,0.5463270108135202,0.19298362646358597,0.00992946014992501
2024-03-26,50.95933151245117,51.51294516719501,50.95040374332022,51.49508622268774,3621600,-0.005576022907951117,-0.005591626956407749,51.47544784545899,51.26025276184082,50.91201057434082,51.10831080602992,50.46814942958651,0.6401613764434089,0.741233748264404,-0.10107237182099515,51.898704840335746,50.91201057434082,52.28425298411624,49.539768164565395,0.05390643167673373,0.8875690033501432,6249810.0,0.5794736159979264,0.01587042054743348,0.010055314337154368
2024-03-27,51.91476821899414,51.93262716533014,51.2807909521719,51.396872400233036,5126900,0.018749003925012664,0.018575407830138564,51.47009124755859,51.2754322052002,51.047735404968265,51.232381177255185,50.57530637695004,0.6570748003051463,0.7244019586725525,-0.06732715836740621,59.202474689926625,51.047735404968265,52.23108763307262,49.86438317686391,0.0463625749004013,0.8872506504366109,6284515.0,0.8157988325272515,0.9726020805510482,0.010485472524831367
2024-03-28,51.727256774902344,52.18264800559012,51.61117532149335,51.96834745217677,4064500,-0.0036119094917425043,-0.0036184481863610896,51.47009124755859,51.329901123046874,51.13926048278809,51.30851588458552,50.66063603605762,0.6478798485279,0.7090975366436221,-0.061217688115722035,60.31251960840595,51.13926048278809,52.227086800197284,50.05143416537889,0.04254368589374986,0.8566360450430862,6151070.0,0.6607793440815988,0.20312685909248154,0.010216634323556467
2024-04-01,52.021915435791016,52.09335121693997,51.26292899543378,51.66474674878283,3827200,0.00569639063155658,0.005680227550210481,51.57366943359375,51.43883781433105,51.25042953491211,51.41826966169406,50.76147154714898,0.656798114545083,0.6986376522239143,-0.04183953767883131,57.02201484040957,51.25042953491211,52.20798685666268,50.29287221316154,0.037367777419241986,0.8365452841895217,6109860.0,0.626397331526418,0.9139765429697267,0.01020953032285928
2024-04-02,52.941627502441406,53.017525458230125,51.79957479564875,52.08441864516298,6330200,0.017679319551114236,0.01752485823804424,51.91297988891601,51.66653327941894,51.351776695251466,51.652632406424416,50.92296458087435,0.7296678255500666,0.7048436868891448,0.024824138660921813,62.032834789627586,51.351776695251466,52.55679706001461,50.14675633048832,0.04693198336308284,0.8788953658717844,6074260.0,1.042135173667245,0.9376838754661078,0.009762177440296541
2024-04-03,53.56667709350586,53.82562326159363,53.02199123240723,53.02199123240723,4943200,0.011806391691219442,0.011737240004608426,52.43444900512695,51.95494842529297,51.48616237640381,51.94710081982156,51.118795137365574,0.8283056824559836,0.7295360860025126,0.09876959645347094,64.22531126423945,51.48616237640381,53.02296651625621,49.94935823655141,0.05969775446137037,0.8693279534402768,6016750.0,0.8215731084057007,0.6777801711963513,0.00997834029285012
2024-04-04,53.450599670410156,54.19172715532841,53.25862026900892,53.941708737222804,5382100,-0.002166970762309539,-0.00216932204083387,52.741615295410156,52.10585327148438,51.620101356506346,52.17840833529672,51.29152139907258,0.886886936224144,0.761006256046839,0.12588068017730503,69.30095941400236,51.620101356506346,53.34961780985846,49.890584903154235,0.06700941718062389,0.8693275375228937,6043850.0,0.8905085334679054,0.2057421311089552,0.009979874445573111
2024-04-05,53.29880142211914,53.56668219694822,52.76304668495208,53.56668219694822,3862400,-0.0028399727828507526,-0.002844013157069454,53.05592422485351,52.263007736206056,51.74287872314453,52.35077650250017,51.44020880818714,0.9105676943130305,0.7909185437000774,0.11964915061295311,70.47917314586094,51.74287872314453,53.5851533823698,49.90060406391925,0.07120881963613006,0.8718788141844003,6008535.0,0.6428189234147759,0.6666638326741771,0.01005198876013574
2024-04-08,53.14700698852539,53.7452663482931,52.81662500486629,53.530965809904465,3775900,-0.0028479896272255445,-0.0028520528662260244,53.28094253540039,52.42730598449707,51.872799491882326,52.473273500350196,51.566638303027005,0.9066351973231903,0.8140618744247001,0.09257332289849018,71.92434400043665,51.872799491882326,53.7269017421228,50.01869724164185,0.07148649266676363,0.8839330293683189,5961150.0,0.6334180485309042,0.355769191669042,0.00994642575127728
2024-04-09,53.45952606201172,53.79883919658536,53.11396587339191,53.53096184034107,3574800,0.005880276071873691,0.0058630547263982735,53.38452224731445,52.64875106811523,51.98173656463623,52.62500466368274,51.70685221109994,0.9181524525827953,0.8348799900563193,0.08327246252647602,73.31340094461076,51.98173656463623,53.942344732961786,50.02112839631067,0.07543450057262538,0.8923520495077756,5917970.0,0.6040584862714748,0.5045607295125905,0.009582734897873679
2024-04-10,52.54874038696289,53.25415337068225,52.120135935223956,52.87019457732844,4251900,-0.017036920117704413,-0.017183718154457784,53.18093490600586,52.807691955566405,52.033972358703615,52.613271698033536,51.7692142982009,0.8440573998326357,0.8367154720115827,0.007341927821053029,55.41402010491235,52.033972358703615,53.99665788788421,50.07128682952302,0.075438619817474,0.8394143651139784,5928150.0,0.7172389362617343,0.3779522558982502,0.010473327645002941
2024-04-11,52.200504302978516,52.68268563305118,52.04870836920326,52.64696774054675,3432000,-0.006626915915015408,-0.006648971416257423,52.93091583251953,52.836265563964844,52.05584888458252,52.54976902187122,51.80116170596221,0.7486073159090125,0.8190938407910687,-0.0704865248820562,54.12128488387158,52.05584888458252,54.015567437130414,50.09613033203462,0.07529292460076706,0.8167723165285271,5717220.0,0.6002917501862793,0.23943434573597683,0.010564564329902404
2024-04-12,51.51294708251953,52.34336929863426,51.3968690482744,51.89690588808851,3788300,-0.01317146701243177,-0.013258980083861494,52.57374496459961,52.81483459472656,52.07236785888672,52.39025795427865,51.779812474596085,0.6104454796825678,0.7773641685693686,-0.16691868888680084,50.07188867121828,52.07236785888672,54.006494859175376,50.13824085859807,0.07428611679538112,0.8441979414466978,5563060.0,0.6809741401315104,0.12263919948738476,0.01068697017458169
2024-04-15,51.18256759643555,52.38801750091324,50.82093330634137,51.99513090681396,3885300,-0.006413523294536927,-0.0064341782966490756,52.18085708618164,52.730899810791016,52.084868812561034,52.204459437687404,51.73557211325085,0.468887324436551,0.7156687997428052,-0.24678147530625416,49.502110545679066,52.084868812561034,53.99100601226996,50.178731612852104,0.07319351063621135,0.9197776646138293,4725845.0,0.8221386863090093,0.23076889489354396,0.010731945919456913
2024-04-16,50.771820068359375,51.00397954527215,50.57537507587858,50.87897033414639,3098000,-0.008025145032090508,-0.008057519833132907,51.64331588745117,52.513919067382815,52.09022617340088,51.98405338086771,51.66418307288852,0.3198703079791869,0.6365091013900815,-0.3166387934108946,48.53558479784785,52.09022617340088,53.98008953661845,50.20036281018331,0.07256115022140576,0.9229670286625564,4510290.0,0.6868737930376982,0.45833630287471905,0.010824759373884262
2024-04-17,50.73610305786133,51.21828437163614,50.60216266861979,51.048626091097454,2815400,-0.0007034809949684195,-0.0007037285538323398,51.28078842163086,52.23086166381836,52.092905044555664,51.792061023482105,51.59543640510873,0.1966246183733773,0.5485322047867407,-0.3519075864133634,39.250745886491664,52.092905044555664,53.974500496002655,50.21130959310867,0.07223998929749226,0.8974546036723693,4311925.0,0.6529334346028746,0.21739274304391196,0.010826351349540804
2024-04-18,50.44144058227539,51.164709169806144,50.03962280795513,51.164709169806144,3856200,-0.005807747497869387,-0.005824678047431338,50.928975677490236,51.92994575500488,52.01789951324463,51.58427326329645,51.509955233047,0.07431803024945083,0.4536893698792827,-0.3793713396298319,38.4983331115365,52.01789951324463,54.03930169181393,49.996497334675325,0.0777194849267076,0.9369984377976722,4115250.0,0.9370512119555312,0.3571439352333277,0.009186042705626089
2024-04-19,50.59323501586914,50.82539449734612,50.285174163648854,50.44143908687373,3862100,0.0030093199528304915,0.003004801013228092,50.745033264160156,51.659389114379884,51.96119842529297,51.431805840615326,51.44205003177457,-0.01024419115924502,0.36090265767157714,-0.37114684883082216,36.88521375434743,51.96119842529297,54.0782824480382,49.84411440254774,0.08148711295752971,0.9162697315256061,4014820.0,0.9619609347368001,0.570250372490456,0.00921411416835363
2024-04-22,50.887901306152344,51.173637617937125,50.25392067102468,50.557515928076704,3211600,0.005824223143485074,0.005807327925145917,50.686100006103516,51.43347854614258,51.930392265319824,51.34812821992871,51.40100197802477,-0.05287375809606232,0.2781473745180493,-0.3310211326141116,28.703672937226372,51.930392265319824,54.0929293197149,49.76785521092475,0.0832859895741346,0.8949673232635398,4006600.0,0.8015773972944641,0.68932145956728,0.00930450923500042
2024-04-23,50.6646728515625,50.987911947281745,50.40572323793529,50.5843092958246,3099300,-0.004386670482770638,-0.0043963201520191885,50.66467056274414,51.15399322509766,51.90137214660645,51.24298124018006,51.34645907976831,-0.10347783958825119,0.20182233169678918,-0.3053001712850404,17.171629122085974,51.90137214660645,54.117543989373296,49.6852003038396,0.08539935462618597,0.8734096768488422,3990445.0,0.7766802950548122,0.4447863811547178,0.009289401798475847
2024-04-24,50.878963470458984,51.093267379368456,50.34320880755293,50.36999551882471,4954700,0.004229586550855924,0.004220666991514342,50.69324264526367,50.98701553344726,51.89735374450684,51.18697850637681,51.311829775375024,-0.12485126899821353,0.13648761155778863,-0.2613388805560022,21.541219152440917,51.89735374450684,54.12099654844948,49.67371094056419,0.08569388007295116,0.8603347972414167,4057100.0,1.221241773680708,0.71428375848891,0.009267716875489699
2024-04-25,50.396785736083984,51.70046141067388,49.16454924442719,51.53080314416301,7082800,-0.009476956712275775,-0.009522148815580478,50.68431167602539,50.806643676757815,51.82145462036133,51.06541038787022,51.24404873542754,-0.17863834755731745,0.0734624197347674,-0.25210076729208486,20.073405611241355,51.82145462036133,54.14402023037139,49.49888901035127,0.0896372217655771,0.9840688439735986,4154895.0,1.7046880847771122,0.4859144978279888,0.008360987826063862
2024-04-26,51.15577697753906,51.977267995137474,51.0307677710563,51.477231169206405,5573600,0.015060310501342933,0.014948029941644882,50.796820068359374,50.77092666625977,51.792880630493165,51.07931294012697,51.23751008669506,-0.15819714656809225,0.02713050647419546,-0.1853276530422877,31.751099327153753,51.792880630493165,54.13431075320971,49.45145050777662,0.09041513405755706,1.0306289093755043,4230350.0,1.317526918576477,0.13207519869672213,0.009115290138481438
2024-04-29,51.61117172241211,51.63796184440499,51.04862684800058,51.102203685740704,4249500,0.0089021176449533,0.008862727394165904,50.94147415161133,50.81378707885742,51.772343444824216,51.161137368170834,51.26518872637781,-0.10405135820697353,0.0008941335379616531,-0.10494549174493518,33.492794929570934,51.772343444824216,54.11252009169985,49.43216679794858,0.09040257756033973,1.0238047431762871,4251465.0,0.9995378063796833,0.9545417602861725,0.009257356734544454
2024-04-30,50.80753707885742,51.74510955230388,50.78967813382805,51.137919046287124,5566000,-0.015570943590992092,-0.0156934440286361,50.97004699707031,50.817358779907224,51.66563892364502,51.10673732366107,51.23128860433926,-0.12455128067819032,-0.02419494930526875,-0.10035633137292158,34.14631435482279,51.66563892364502,53.9757510661895,49.35552678110054,0.08942547467412619,0.9963791211540064,4213255.0,1.3210688648087998,0.018692021737095263,0.00882354226109514
2024-05-01,51.102203369140625,51.74511179305642,50.387862568259536,50.93254849338312,5102800,0.005799657043518147,0.0057829037768644155,51.01469497680664,50.85396881103516,51.54241523742676,51.106039792196384,51.22172673506529,-0.11568694286890491,-0.042493348017995994,-0.07319359485090891,39.90143912901653,51.54241523742676,53.68220214230061,49.40262833255291,0.08303013721871834,1.0480414040789323,4221235.0,1.2088405407422236,0.5263151251567985,0.008421274709629336
2024-05-02,50.745033264160156,51.575452080354815,50.35214327989007,51.40579720930352,4453100,-0.006989328863188593,-0.007013868633365394,51.084344482421876,50.884328079223636,51.40713691711426,51.05050032634466,51.18641610759084,-0.13591578124617598,-0.061177834663632004,-0.07473794658254398,42.48251931054159,51.40713691711426,53.374096296132294,49.44017753809622,0.07652475889444851,1.0678134433721382,4174785.0,1.0666657085334934,0.32116991303350706,0.008485500918140315
2024-05-03,50.93254852294922,51.28078945069055,50.67359891802774,51.06648550717901,2544400,0.00369524358793738,0.00368843294817582,51.03969879150391,50.91825942993164,51.288824272155765,51.032353895053056,51.167611101321086,-0.1352572062680295,-0.07599370898451152,-0.059263497283517985,47.48201051899605,51.288824272155765,53.05065917684709,49.52698936746444,0.0687024875182335,0.9992496103786331,4108885.0,0.6192434200519119,0.4264717361799882,0.008599202892110806
2024-05-06,51.20042419433594,51.22721090904164,50.646810517529865,51.12898841346005,3862600,0.005259420138107096,0.005245637692007946,50.957549285888675,50.94951171875,51.19149513244629,51.058210864173496,51.17004170080367,-0.11183083663017612,-0.08316113451364444,-0.02866970211653168,54.444454992950966,51.19149513244629,52.72084366500637,49.66214659988621,0.05975010218409283,0.9973358868754053,4113220.0,0.9390696340093649,0.9538478529030496,0.008758298934826733
2024-05-07,52.111209869384766,52.798763930974815,51.22721081698455,51.4415147529816,6215200,0.017788635336142056,0.017632269199607597,51.21828384399414,51.09416542053223,51.12407932281494,51.22021071112908,51.23975786143931,-0.01954715031023113,-0.07043833767296179,0.050891187362730655,62.06900246150385,51.12407932281494,52.313579085768666,49.93457955986122,0.04653383605963109,1.067494317848443,4245240.0,1.4640397244914305,0.5625002673506128,0.009667469734987912
2024-05-08,52.36123275756836,52.97735449723095,51.736183247673274,51.736183247673274,4950700,0.0047978714908034625,0.004786398388394516,51.470089721679685,51.24239234924316,51.11470394134521,51.39575256442743,51.32283007596739,0.07292248846004412,-0.0417661724463606,0.11468866090640473,66.98265633794833,51.11470394134521,52.259021943400946,49.97038593928948,0.044774513547759305,1.0757860955417762,4280180.0,1.1566569630249195,0.50359650618871,0.00899844042972216
2024-05-09,53.084495544433594,53.20950474343513,52.4594461431807,52.4594461431807,4208200,0.013812944210346068,0.01371841498638502,51.937982177734376,51.511163330078126,51.15890350341797,51.65555917673607,51.4533238143723,0.2022353623637727,0.007034134515666077,0.19520122784810662,70.01436100866626,51.15890350341797,52.52634421974775,49.791462787088186,0.0534585623493053,1.0977897849824554,4318990.0,0.9743481693636706,0.8333340791073197,0.009375762975259798
2024-05-10,53.04878234863281,53.69169075034852,52.93270090804626,53.298800768746474,3053500,-0.0006727613295465229,-0.0006729877350000404,52.361228942871094,51.7004638671875,51.23569526672363,51.869901203181726,51.571505928021224,0.2983952751605017,0.06530636264463321,0.23308891251586847,68.11382319722593,51.23569526672363,52.83900452412779,49.632386009319475,0.06258563484139806,1.0863092775102996,4282250.0,0.7130597232763151,0.15294201923048423,0.008787873157802065
2024-05-13,53.00413513183594,53.50417195737507,52.88805369465918,53.12914433822072,2257700,-0.000841625666418766,-0.0008419800321427637,52.721971130371095,51.83976020812988,51.32677364349365,52.04439873066699,51.67762660978528,0.36677212088171274,0.12559951429204913,0.2411726065896636,70.21605955680496,51.32677364349365,53.113803188417016,49.53974409857029,0.06963342591278941,1.0887328170366881,4200870.0,0.5374362929583634,0.18840771702008557,0.008610094004913112
2024-05-14,53.263084411621094,53.52203059209917,53.142537387415686,53.182720864232614,3516800,0.004885454297878455,0.0048735591922948705,52.95234603881836,52.08531494140625,51.45133686065674,52.23188883542915,51.795067928439785,0.43682090698936804,0.18784379283151292,0.24897711415785512,70.44417737261949,51.45133686065674,53.41414957619644,49.48852414511703,0.07629783151623444,1.0721497376400957,4221810.0,0.8330076436409976,0.31765264711241187,0.008314775436821914
2024-05-15,52.736263275146484,53.74526820692408,52.655899718910185,53.61133121736076,3541000,-0.00989092431079086,-0.009940164458744814,53.02735214233398,52.24872093200683,51.551344871520996,52.30948490307797,51.86478610226991,0.44469880080806234,0.23921479442682284,0.2054840063812395,69.90892174723771,51.551344871520996,53.56390829559402,49.538781447447974,0.0780799581112322,0.9688251891948961,4258090.0,0.8315935078873392,0.07377077305137451,0.008739969787403991
2024-05-16,52.41480255126953,53.04877974616783,52.24514428344792,52.718397792047575,4871300,-0.0060956295329412935,-0.006114283727314291,52.89341354370117,52.41569786071777,51.6500129699707,52.32568761818437,51.905528061455065,0.4201595567293026,0.27540374688731883,0.14475580984198377,61.576353297538155,51.6500129699707,53.62663521144075,49.67339072850066,0.07653908015935074,0.9133361323139262,4308845.0,1.130534980951972,0.21111346323153285,0.008753682072414313
2024-05-17,52.85233688354492,52.87019582857071,52.414804652272345,52.73625885024553,2668700,0.008347533730522327,0.008312885754064577,52.85412445068359,52.60767669677735,51.76296806335449,52.40671058208599,51.97566204827654,0.4310485338094523,0.30653270427174556,0.12451582953770673,61.44973804154737,51.76296806335449,53.743507311690855,49.78242881501813,0.0765234036005166,0.9037688666636952,4249175.0,0.6280513276106539,0.9607832659851147,0.008868094183922813
2024-05-20,52.89698791503906,53.08450173541016,52.504097922361794,52.771975295212734,1915100,0.0008448260593003631,0.0008444693946307288,52.83269500732422,52.77733306884765,51.86342239379883,52.48213786407877,52.04390840877747,0.43822945530130397,0.3328720544776573,0.1053574008236467,72.41382696892394,51.86342239379883,53.86081450335772,49.86603028423993,0.07702507923186025,0.8769811805617331,4184350.0,0.4576815992926022,0.6769252321836107,0.008831518529924282
2024-05-21,52.60231399536133,52.941627109524376,52.508557096627825,52.84340462335256,2252900,-0.005570712649102583,-0.005586286935659627,52.700540924072264,52.82644348144531,51.96030445098877,52.500626499660704,52.08527178556146,0.4153547140992444,0.3493685864019747,0.06598612769726969,66.09186700767263,51.96030445098877,53.90001251695347,50.02059638502408,0.07466115090970307,0.8109683797117094,4142030.0,0.5439120431286109,0.21649362407127143,0.008880242276191606
2024-05-22,51.432586669921875,52.37909038426695,51.15578151849465,52.25408116668747,4851900,-0.022237183815575157,-0.022488157598695224,52.439805603027345,52.73357887268067,51.987985610961914,52.33631267970089,52.03692473995853,0.2993879397423598,0.33937245707005176,-0.03998451732769198,56.280586138790504,51.987985610961914,53.87788022615151,50.09809099577232,0.0727050526378196,0.8269129280261335,4136890.0,1.1728375663844095,0.2262757647797433,0.010365175713584716
2024-05-23,50.82539367675781,51.361151820066866,50.73610235599575,51.33436510508736,3423500,-0.011805608709918425,-0.011875848269571722,52.121923828125,52.50766868591309,52.009416007995604,52.10386360232503,51.94718169823996,0.15668190408506888,0.3028343464730552,-0.1461524423879863,49.090878491654465,52.009416007995604,53.83185512509619,50.18697689089502,0.07008112211144289,0.833291055259228,3953925.0,0.8658484923209216,0.1428548050452492,0.010496485667651309
2024-05-24,51.57545471191406,51.629031550569714,51.14685022140597,51.155781397638094,2675800,0.014757604041919059,0.014649770221401924,51.866547393798825,52.36033592224121,52.03039989471436,52.02256992687719,51.91964636591952,0.10292356095767019,0.2628521893699782,-0.15992862841230798,52.941183509842645,52.03039989471436,53.82083747345249,50.23996231597622,0.06882274909903284,0.8492365897092371,3809035.0,0.7024876379450439,0.8888865157067868,0.010474544367380042
2024-05-28,51.82547378540039,52.11567568502593,51.57545195793682,51.70046457479137,2493700,0.0048476368241998635,0.00483592486776679,51.652244567871094,52.242469787597656,52.04111499786377,51.99224744357307,51.912670619214396,0.07957682435867497,0.22619711636771753,-0.14662029200904256,47.50000667519311,52.04111499786377,53.823535771452065,50.25869422427548,0.06850048365264497,0.7736568747413963,3721245.0,0.6701251865974963,0.46281162840190126,0.010340956654914595
2024-05-29,50.89683532714844,51.441521302841835,50.87004860908022,51.34329879493044,2969500,-0.017918571513639625,-0.018081052999892582,51.31114883422852,52.00584487915039,52.04557991027832,51.82372250258467,51.837423560542845,-0.013701057958172669,0.1782174815025395,-0.19191853946071216,38.54749970017524,52.04557991027832,53.81539262060499,50.27576719995165,0.0680101062713744,0.7532464409387174,3591420.0,0.8268317267264759,0.04687313653285161,0.010541470810507063
2024-05-30,51.24507522583008,51.38794339631195,50.87897532607991,50.896834273170874,3174100,0.006842073705433105,0.006818772942449725,51.27364654541016,51.85672607421875,52.052723503112794,51.734699844622426,51.793545906119675,-0.058846061497249025,0.1308047729025818,-0.18965083439983083,34.71818233102127,52.052723503112794,53.80759364218854,50.297853364037046,0.06742664056649432,0.7290104469648077,3494985.0,0.9081870165394129,0.7192983488930472,0.010573451767085506
2024-05-31,52.094783782958984,52.20325711793835,51.15557580693902,51.190831278752256,5920100,0.016581272510272527,0.016445304171304867,51.52752456665039,51.824724197387695,52.12021102905273,51.79009737359728,51.81585982292259,-0.02576244932531324,0.09949132845700279,-0.12525377778231603,43.01849247342206,52.12021102905273,53.76360787748225,50.476814180623215,0.06306178796987062,0.7496312661574552,3568335.0,1.6590650821741793,0.8964634161121648,0.01103434361805964
2024-06-03,50.68461990356445,52.05862821236256,50.11512882366335,52.022469282269235,4696600,-0.02706919535878405,-0.027442314801611092,51.34935760498047,51.60795249938965,52.10781459808349,51.62002391666915,51.732064273340505,-0.1120403566713577,0.05718499143133069,-0.16922534810268838,35.852890742968285,52.10781459808349,53.79216260112702,50.42346659503997,0.0646485758819551,0.8470267444845797,3675945.0,1.277657853966803,0.29302354314195717,0.012710379470862891
2024-06-04,49.85298156738281,50.3682342145863,49.807781183908205,50.23263996077271,4600600,-0.01640810048026331,-0.016544204217183143,50.95485916137695,51.303551864624026,52.04044246673584,51.34817124754817,51.59287296178808,-0.24470171423990905,-0.0031923497029172753,-0.2415093645369918,30.559312995891517,52.04044246673584,53.9678633503779,50.11302158309378,0.07407396218331776,0.872665548726938,3712845.0,1.2391037061875732,0.0806497247653784,0.01313969687519481
2024-06-05,50.34111785888672,50.56710600352793,49.744509294966136,49.852986087173825,3945300,0.009791516498248498,0.009743890237105512,50.84371566772461,51.077432250976564,51.95193786621094,51.193239956984876,51.50015036157316,-0.30691040458828667,-0.06393596067999117,-0.24297444390829548,36.284999438619735,51.95193786621094,54.02289255625911,49.88098317616277,0.07972579176474177,0.8536104216232167,3599350.0,1.0961145762429327,0.7252746703921641,0.012642087672071308
2024-06-06,50.33207702636719,50.6213415594137,50.10608889440552,50.2778386333065,3463500,-0.00017959141362089426,-0.00017960754208986936,50.66111602783203,50.96738128662109,51.85048007965088,51.06075335227446,51.41362641081716,-0.35287305854269846,-0.12172338025253264,-0.2311496782901658,37.631427999249695,51.85048007965088,54.03283064690619,49.668129512395566,0.08417860601880107,0.8330116503580933,3524990.0,0.9825559788822096,0.43859671753879115,0.012557180258450108
2024-06-07,50.37727355957031,50.86992947641924,49.96145622768485,50.05185010042336,4143500,0.0008979667812922809,0.0008975638503165082,50.317613983154295,50.922569274902344,51.715118980407716,50.95560261493536,51.336859532947024,-0.3812569180116654,-0.1736300878043592,-0.20762683020730618,34.58305631499634,51.715118980407716,53.91098577878935,49.51925218202608,0.08492165701923808,0.8653745054604656,3521755.0,1.1765440810050671,0.45771004032055573,0.012027582294387993
2024-06-10,50.666542053222656,50.784056855618395,50.05185401526793,50.15128935204082,4131500,0.0057420434496180395,0.005725620754691186,50.31399841308594,50.831678009033205,51.59600696563721,50.911131759287244,51.287206386300774,-0.37607462701353,-0.2141189956461934,-0.1619556313673366,36.517618238148515,51.59600696563721,53.74521976562944,49.446794165644974,0.08330926854179255,0.8762172931249016,3575655.0,1.1554526373489613,0.8395051148196283,0.012164877118283098
2024-06-11,50.75694274902344,50.765980758281785,50.178410155623695,50.53999259546032,3276300,0.001784228647493169,0.0017826388023771233,50.494790649414064,50.72482490539551,51.48364734649658,50.887410373092806,51.24792759835431,-0.3605172252615034,-0.24339864156925542,-0.11711858369224801,38.56283415822273,51.48364734649658,53.556504999223705,49.41078969376946,0.08052489516822002,0.8872530495364401,3626585.0,0.9034118874919518,0.9846179862238845,0.012194715091986308
2024-06-12,50.84733200073242,51.724167096025,50.66202006892094,51.416823084666134,3990800,0.001780825377051043,0.0017792415875621682,50.5960334777832,50.71987457275391,51.36285972595215,50.88124446965274,51.21825385038232,-0.337009380729576,-0.26212078940131955,-0.07488859132825643,45.81248734228694,51.36285972595215,53.27438804782109,49.451331404083206,0.07443231673890242,0.8597969459819674,3650285.0,1.0932844969639357,0.17446918866971162,0.012120748350694198
2024-06-13,50.67558288574219,50.90157103078478,50.17840620800412,50.648461963489375,2831400,-0.003377740940031293,-0.003383458385290049,50.6647346496582,50.66292533874512,51.259825706481934,50.84960422597419,51.17805600114971,-0.32845177517552315,-0.2753869865561603,-0.05306478861936287,48.856868742497404,51.259825706481934,53.0796006756814,49.44005073728247,0.07100199597320712,0.861702696614434,3614805.0,0.7832787660745185,0.6875011825815157,0.011991395833504961
2024-06-14,49.735469818115234,50.72981624585872,49.34676994494334,50.18744609405415,3446000,-0.018551598503496636,-0.018725837715787775,50.536373901367185,50.426993942260744,51.125859069824216,50.678198932457434,51.071197765369384,-0.3929988329119496,-0.29890935582731815,-0.09408947708463145,36.35573126554757,51.125859069824216,52.98176047519359,49.26995766445484,0.07260128002288271,0.9030890128361112,3543540.0,0.972473853829786,0.2810461732945372,0.012530885473225567
2024-06-17,49.92530059814453,50.06089486451706,49.328692033055184,49.717391918463974,3243800,0.003816808823230433,0.0038095432899998053,50.388125610351565,50.35106201171875,50.979507255554196,50.56236841948622,50.9863164937231,-0.42394807423688263,-0.3239170995092311,-0.10003097472765154,35.78249792639605,50.979507255554196,52.72022674125363,49.23878776985476,0.06829094981139842,0.9168018060055948,3572295.0,0.9080437085962946,0.8148132338549676,0.012363437862178873
2024-06-18,50.11512756347656,50.476709958706806,49.80778356202244,50.060892618005724,6081900,0.0038022197775027244,0.003795009610531611,50.259762573242185,50.37727661132813,50.84041423797608,50.49356213394627,50.92178398037151,-0.4282218464252381,-0.3447780488924325,-0.08344379753280556,43.42406742545116,50.84041423797608,52.36746701542486,49.3133614605273,0.060072397140624526,0.89633760746018,3780635.0,1.6086980097258794,0.45945861664740856,0.01242649214197988
2024-06-20,49.003273010253906,49.717396441276534,48.87219946038476,49.62700255434197,8512500,-0.02218600664668302,-0.02243581788117125,49.890950775146486,50.243492126464844,50.6604621887207,50.264286884147445,50.779672056659095,-0.5153851725116496,-0.37889947361627596,-0.13648569889537365,33.28838417933859,50.6604621887207,52.1613125241315,49.1596118533099,0.05925134791782297,0.9487633240930202,4093615.0,2.0794578874662126,0.1550804738796415,0.013167207697624233
2024-06-21,48.80440139770508,48.99423061224726,48.33434564147771,48.90383328510424,10457200,-0.004058333256784952,-0.0040665906395759115,49.51671447753906,50.090724563598634,50.529052925109866,50.03968911700246,50.633355711551395,-0.5936665945489352,-0.4218528978028079,-0.17181369674612734,22.835853798333417,50.529052925109866,52.19626227125545,48.86184357896428,0.06599012843627161,0.921709471077082,4373880.0,2.3908291951310963,0.7123298300852314,0.012407940149647696
2024-06-24,49.3738899230957,49.527563657830555,48.91287561550214,49.00326949595405,6987500,0.011668794393150828,0.011601239030416136,49.44439849853516,49.990386199951175,50.45647773742676,49.93725847178604,50.54006194944356,-0.602803477657524,-0.4580430137737512,-0.14476046388377278,37.43501753831661,50.45647773742676,52.19424877383771,48.71870670101581,0.06888197965201732,0.8319599925649277,4552080.0,1.5350125656842586,0.7499971828755396,0.012594752583415273
2024-06-25,48.054115295410156,49.084620605118694,47.96372142372895,49.06654114112142,7021000,-0.026730213676524506,-0.027093962543101653,49.07016143798828,49.72914352416992,50.28041076660156,49.64754413695898,50.35591775284849,-0.7083736158895135,-0.5081091341969037,-0.2002644816926098,34.23137473633243,50.28041076660156,52.24019180164566,48.32062973155747,0.07795405825705255,0.8700549768299639,4769340.0,1.4721114451894812,0.08064406895425903,0.013200392672694228
2024-06-26,48.09027099609375,48.13094720112898,47.23151547953218,47.593097838601764,4799100,0.0007523955120456449,0.0007521126044390869,48.66519012451172,49.462476348876955,50.09365062713623,49.40796365374894,50.188092067162955,-0.7801284134140118,-0.5625129900403254,-0.21761542337368645,28.57136631390864,50.09365062713623,52.143319590842005,48.04398166343045,0.08183348340739419,0.8755431920467502,4884610.0,0.9824939964500748,0.9547756504398413,0.013096321112238747
2024-06-27,47.873329162597656,48.29818799066626,47.73773834074773,48.189714643525214,3952900,-0.004511137679255706,-0.004521343565842363,48.43920135498047,49.165076065063474,49.94247531890869,49.17186603972567,50.01662814830627,-0.8447621085805963,-0.6189628137483796,-0.22579929483221672,27.483423812418337,49.94247531890869,52.180099569191285,47.7048510686261,0.08960806351684406,0.8787715481117745,4933780.0,0.8011909732497193,0.241932204704407,0.012663553418588044
2024-06-28,47.95468521118164,48.33434710002821,47.864291329616314,47.88237079559049,13623000,0.0016994023605014785,0.0016979600101678755,48.26925811767578,48.89298629760742,49.77795581817627,48.9846074507189,49.86389163444519,-0.8792841837262912,-0.671027087743962,-0.20825709598232922,27.96052608747256,49.77795581817627,52.09477216954429,47.46113946680824,0.09308603831907646,0.8474560139458822,5456225.0,2.4967811994556675,0.1923045845455122,0.012504823038946596
2024-07-01,47.57502746582031,48.36146528150806,47.321918386788916,47.90948897046592,3715600,-0.007917010479568387,-0.007948516405708062,47.9094856262207,48.67694206237793,49.551968002319335,48.76774899150373,49.69434614047297,-0.9265971489692433,-0.7221410999890183,-0.20445604898022496,22.3300447132154,49.551968002319335,51.797903380179385,47.306032624459284,0.0906496943877154,0.8694091606865021,5346000.0,0.6950243172465395,0.2434801911124727,0.011630577394151543
2024-07-02,47.6473388671875,47.83716807821884,47.204404041447724,47.48462712964482,3847100,0.0015199445006970347,0.001518790554196209,47.82813034057617,48.44914588928223,49.40010395050049,48.59537820314739,49.54271597208146,-0.9473377689340694,-0.7671804337780286,-0.18015733515604082,22.077725453551466,49.40010395050049,51.73264402453031,47.067563876470665,0.0944346220958181,0.8726372631231466,5303525.0,0.7253854747549978,0.6999999889374189,0.010397378457290963
2024-07-03,47.80101013183594,48.09931266974754,47.59310146642962,47.65637786684436,1905600,0.003225180425643126,0.003219990686822971,47.77027816772461,48.21773414611816,49.297505378723145,48.47316773063793,49.41370072465586,-0.9405329940179286,-0.8018509458260087,-0.13868204819191987,22.953333726209806,49.297505378723145,51.72476303650284,46.870247720943446,0.0984738533575902,0.8329275614241364,5168775.0,0.36867536311795346,0.4107152507420674,0.009986858108469006
2024-07-05,47.21343994140625,47.69253367593934,46.91965468127917,47.52982539396819,3223800,-0.012292003637771609,-0.012368175158508478,47.63830032348633,48.0387508392334,49.14112148284912,48.27936345537152,49.25071844441515,-0.9713549890436326,-0.8357517544695336,-0.13560323457409895,21.37506181810842,49.14112148284912,51.68546865513962,46.59677431055862,0.1035526701676318,0.8442268919795727,5132700.0,0.6280904786954234,0.3801180499866946,0.009828089359552645
2024-07-08,47.728694915771484,47.86428918033634,47.285760088363,47.457509834947146,3885500,0.010913311442773299,0.010854191003705415,47.593102264404294,47.93118019104004,49.010952377319335,48.19464521850997,49.137975960811914,-0.9433307423019457,-0.857267552036016,-0.08606319026592968,32.15427953446654,49.010952377319335,51.5651143394793,46.45679041515937,0.10422821178810429,0.7919271018377663,5153800.0,0.7539097365051031,0.7656223790603609,0.010306264093889336
2024-07-09,46.62588119506836,47.674466172806206,46.58520153108282,47.602148302745604,4380600,-0.023105884681097977,-0.023377010172991663,47.403273010253905,47.656379318237306,48.82338275909424,47.953296907211254,48.951894867053134,-0.9985979598418808,-0.8855336335971891,-0.11306432624469176,24.757902355457887,48.82338275909424,51.50296892314428,46.14379659504419,0.10976650992299063,0.8213049984968228,5165655.0,0.848024113108599,0.03734598742480189,0.0112333117826974
2024-07-10,46.74338912963867,47.13208903191212,46.083504131159586,46.86994194464759,5481100,0.0025202297856570244,0.0025170593323008508,47.22248306274414,47.525306701660156,48.62722511291504,47.767157249123166,48.78830184946688,-1.0211446003437175,-0.9126558269464947,-0.10848877339722274,23.91599583780176,48.62722511291504,51.31307283451257,45.941377391317516,0.1104668306842861,0.848423463073121,5233135.0,1.0473836428832812,0.629310026982466,0.011111696785836794
2024-07-11,47.376155853271484,47.70157934254727,46.869941153475196,47.014573432230485,3798900,0.013537031341007255,0.013446224319386585,47.13751220703125,47.45389518737793,48.45818576812744,47.707003188222906,48.6836984423413,-0.9766952541183969,-0.9254637123808752,-0.051231541737521646,36.40475882366816,48.45818576812744,51.00143013220872,45.91494140404617,0.10496655307116558,0.8280850423457495,5259265.0,0.7223252678843907,0.6086958251329886,0.011725421286731767
2024-07-12,47.828128814697266,48.234908147879075,47.39423200873842,47.755814404523434,3084300,0.009540093603744193,0.009494874280988417,47.260449981689455,47.44937515258789,48.30722560882568,47.72563789998819,48.62032291436768,-0.8946850143794833,-0.919307972780597,0.024622958401113615,42.173846033408026,48.30722560882568,50.59939117431464,46.015060043336725,0.09489949118792619,0.8416439656194206,5213940.0,0.5915488095375091,0.5161283645341642,0.012029408167149253
2024-07-15,48.1535530090332,48.397620612631115,47.624741592057056,47.91852341372913,2396200,0.006804033576072843,0.006780990604006807,47.345421600341794,47.469261932373044,48.18112411499023,47.791470993687426,48.58574736582438,-0.7942763721369559,-0.8943016526518688,0.10002528051491288,39.818952106709034,48.18112411499023,50.18391566653784,46.17833256344262,0.08313594123572954,0.8451951627943194,5192180.0,0.4615017198941485,0.6842098129941111,0.01222583375147289
2024-07-16,49.44620895385742,49.5275648275077,48.06315910180267,48.20779483123035,3730000,0.026844456204129452,0.02649046495229678,47.90948715209961,47.656380081176756,48.16666107177734,48.04604606448281,48.64948526123423,-0.6034391967514239,-0.83612916147178,0.23268996472035608,61.6667742989462,48.16666107177734,50.12589518569148,46.2074269578632,0.08135229099623563,0.8490692503899108,5206380.0,0.7164286894156785,0.9444444379951076,0.013255231426963936
2024-07-17,50.0880126953125,50.250724436796574,49.37388932416634,49.42812772076285,4386300,0.012979837181329668,0.01289632100264304,48.57841186523437,47.90044746398926,48.174796676635744,48.36019477691815,48.756042848943736,-0.39584807202558636,-0.7480729435825413,0.3522248715569549,65.1995606982854,48.174796676635744,50.16587135622466,46.183721997046824,0.08266042897715307,0.8474552068922984,5263505.0,0.83334204109239,0.8144328993163624,0.013556588838872646
2024-07-18,49.50948715209961,50.594231023903596,49.500445694530555,49.789713715543236,3287800,-0.011550179615471778,-0.011617401054478796,49.005078125,48.071295166015624,48.144514656066896,48.53700898848452,48.811853538066394,-0.27484454958187143,-0.6534272647824073,0.3785827152005359,61.7992859504787,48.144514656066896,50.02678495395864,46.26224435817515,0.07819251315911024,0.885550612567621,5123800.0,0.641672196416722,0.008266208408166335,0.01377773149291244
2024-07-19,48.723045349121094,49.56372152279468,48.37050094701167,49.56372152279468,3456500,-0.015884668741618424,-0.016012182234640314,49.184061431884764,48.22225570678711,48.130503273010255,48.56562996704399,48.80527515370007,-0.2396451866560838,-0.5706708491571426,0.3310256625010588,55.029602642887994,48.130503273010255,49.98989069210474,46.271115853915774,0.07726440791809276,0.9372052415227005,4871000.0,0.7096078833915007,0.29545618497528536,0.013320600755877867
2024-07-22,49.19309997558594,49.3467737142622,48.57841536579765,48.88575939484459,3341700,0.009647480429367805,0.009601240650419231,49.391970825195315,48.368696212768555,48.1499382019043,48.662163814511985,48.83400291828421,-0.17183910377222844,-0.4909045000801598,0.31906539630793135,60.46784584008703,48.1499382019043,50.04673307295432,46.25314333085428,0.0787870116508271,0.9178346310759434,4515225.0,0.7400960085045596,0.7999972968559148,0.013463566135614134
2024-07-23,48.87671661376953,49.03490762848583,48.451857789983904,48.93999301965605,2477700,-0.0064314581104549795,-0.006452229043320284,49.278072357177734,48.593779754638675,48.12507953643799,48.69517193747468,48.83716689572757,-0.14199495825288722,-0.4211225917147053,0.27912763346181807,57.70977888397987,48.12507953643799,49.96655984472936,46.28359922814661,0.07652892529339483,0.9255830702781519,4289735.0,0.5775881260730558,0.7286835334530091,0.013279175234741413
2024-07-24,48.19874954223633,49.0936640812446,48.16259061275401,48.912872882138295,3761900,-0.013870961850620867,-0.013968062608220819,48.9002197265625,48.739315795898435,48.132311248779295,48.61879926128417,48.78987672139489,-0.17107746011072322,-0.3711135653939089,0.20003610528318566,52.3404303078598,48.132311248779295,49.97375413788042,46.29086835967817,0.07651587224155273,0.9559303749333427,4126780.0,0.9115823959600463,0.03883574209517615,0.012206289952474556
2024-07-25,47.77389144897461,48.126435844189444,45.6315248458518,45.90270992437406,6188200,-0.008814711943707532,-0.008853791335576084,48.5531005859375,48.77908935546875,48.11649227142334,48.48881344400577,48.71461855306746,-0.22580510906168882,-0.3420518741274649,0.11624676506577608,53.36226629092269,48.11649227142334,49.96487843293399,46.26810610991269,0.07682963051770174,1.0763496067781826,4196235.0,1.474702918211206,0.8586945971071991,0.01237072540349089
2024-07-26,47.78293228149414,48.09027628601962,47.330956007092276,47.79197028972784,4087400,0.00018924212044124644,0.00018922421640993418,48.36507797241211,48.77456970214844,48.111972427368165,48.38021634208091,48.645604755173146,-0.26538841309223926,-0.3267191819204198,0.06133076882818056,50.34642223651638,48.111972427368165,49.963301938223964,46.26064291651237,0.07695920235449263,1.084097538206558,4202960.0,0.9725050916496945,0.5952379792726838,0.01233024129404904
2024-07-29,47.78293228149414,47.97276148914965,47.49366774174137,47.90948508659781,3314600,0.0,0.0,48.08304443359375,48.73750762939453,48.103384780883786,48.28832648660602,48.58170309045619,-0.29337660385017017,-0.3200506663063699,0.026674062456199743,58.602095036709656,48.103384780883786,49.959373820391164,46.24739574137641,0.07716667124201809,1.0366404212579587,3687540.0,0.8988648258730753,0.6037743871211907,0.012323605694113112
2024-07-30,48.53321075439453,48.822475292064304,47.819090866694005,47.819090866694005,4401400,0.01570180893211881,0.015579810932608545,48.01434326171875,48.64620780944824,48.1512939453125,48.32600098934271,48.57811106556274,-0.2521100762200277,-0.30646254828910147,0.05435247206907379,62.162132737761034,48.1512939453125,49.99930772400136,46.303280166623644,0.07675863418282083,1.0359945719592178,3721830.0,1.1825902848867358,0.7117111473201001,0.012662829765065295
2024-07-31,49.23830032348633,49.636038234966016,48.84055896370105,48.94903576090009,5059300,0.014527981110912913,0.014423461087127085,48.22225341796875,48.56123657226563,48.23084201812744,48.46635473305711,48.62701397355708,-0.16065924049996738,-0.27730188673127465,0.11664264623130727,62.53041799718665,48.23084201812744,50.123934176877,46.33774985937788,0.0785013107603656,1.0463258053637097,3782440.0,1.3375757447573524,0.5000021611534532,0.013016098486681105
2024-08-01,48.162593841552734,49.73547289642576,47.76485593549895,49.428128871832435,4273100,-0.021846945870722667,-0.02208912412700714,48.299993896484374,48.42654724121094,48.24892120361328,48.41962228821028,48.59261248229749,-0.1729901940872125,-0.25643954820246223,0.08344935411524973,52.07633155376041,48.24892120361328,50.13160715452669,46.366235252699866,0.0780405407602117,1.125744710100797,3900815.0,1.0954377482654265,0.20183420315654846,0.01403166531181265
2024-08-02,47.01457977294922,47.70158577592049,46.59876234648587,47.50271507269628,4981200,-0.023836217633549817,-0.024124896845843593,48.14632339477539,48.25570068359375,48.23897819519043,48.20346190124704,48.47572117049391,-0.2722592692468737,-0.2596034924113445,-0.012655776835529209,43.58456470871355,48.23897819519043,50.14662515613659,46.33133123424427,0.079091516127361,1.1822413154217115,3988685.0,1.2488326353171535,0.3770480492113257,0.01480066688644536
2024-08-05,46.110618591308594,46.399886583093576,45.559210426010495,45.81231603947882,5124500,-0.01922725218445398,-0.019414499855523588,47.81186065673828,47.947452545166016,48.158074378967285,47.88148600741035,48.30052838685056,-0.4190423794402065,-0.2914912698171169,-0.12755110962308958,30.351429659014755,48.158074378967285,50.28184572332148,46.03430303461309,0.08820001097393293,1.1815958597955465,4050635.0,1.2651102851775091,0.6559103099250885,0.015149887372649171
2024-08-06,47.439430236816406,48.135474126241334,46.535477671065394,46.56259514458021,5549600,0.028817909759256244,0.02841048274710431,47.59310455322266,47.803723907470705,48.198751831054686,47.81347742731898,48.23674333869988,-0.4232659113809021,-0.31784619812987397,-0.10541971325102811,35.56651696361975,48.198751831054686,50.22801992741593,46.16948373469344,0.08420417621909351,1.26359731853144,4109085.0,1.3505683138703628,0.5649716017663897,0.015711608752932062
2024-08-07,47.159202575683594,48.49705537560701,47.141126559308276,47.837166983832965,4293100,-0.0059070621155001835,-0.005924577818544235,47.17728500366211,47.69976921081543,48.219542503356934,47.71281975783661,48.15692550440238,-0.44410574656576784,-0.3430981078170528,-0.10100763874871505,36.76169709700306,48.219542503356934,50.193803180614964,46.2452818260989,0.08188632968139782,1.2823218533118468,4049685.0,1.060107144135902,0.013331095279285166,0.015781046096092162
2024-08-08,47.61117935180664,47.810050017093445,47.30383879389843,47.4484710645692,3362600,0.00958406316132443,0.009538427380424989,47.06700210571289,47.683498001098634,48.23129367828369,47.697182772293544,48.116499863469365,-0.41931709117582017,-0.3583419044888063,-0.06097518668701385,43.49205186727643,48.23129367828369,50.1871293555797,46.27545800098768,0.08110235194361498,1.2435809151423354,4027870.0,0.8348332989892921,0.6071389525838709,0.015634045252102827
2024-08-09,47.60213851928711,47.81456790854815,47.059768398526906,47.52078265634257,2592700,-0.00018988885893223006,-0.00018990689010425194,47.184513854980466,47.66541862487793,48.219994163513185,47.68256057952332,48.07839902315957,-0.39583844363625076,-0.36584121231829525,-0.02999723131795551,40.15659348051125,48.219994163513185,50.18820913946709,46.25177918755928,0.08163480772227893,1.2426124266820995,4003290.0,0.6476423141965734,0.718561825191594,0.015484124817639625
2024-08-12,47.20440673828125,47.86429173454627,47.109492127343024,47.70157998770771,2555300,-0.008355334305930606,-0.008390435771346263,47.403271484375,47.60756607055664,48.172536849975586,47.60899845010146,48.01365885390932,-0.40466040380785984,-0.3736050506162082,-0.031055353191651647,39.756398249559304,48.172536849975586,50.192585982732396,46.152487717218776,0.0838672515440853,1.2435808139393292,4011245.0,0.6370341377801655,0.12574809098328898,0.01549821326911076
2024-08-13,47.692535400390625,47.7829327250934,47.195362183594064,47.204403640217016,2379600,0.010340743499134275,0.010287643757896163,47.45389251708984,47.52349853515625,48.084853172302246,47.62185028860748,47.98987193142646,-0.36802164281897376,-0.37248836905676136,0.004466726237787599,46.825394167285864,48.084853172302246,50.022688920371905,46.14701742423259,0.08060067236249306,1.2190448905828113,3943725.0,0.603388927980526,0.8461506716561856,0.014340414945528068
2024-08-14,47.692535400390625,47.927564996312505,47.394232849634825,47.76485326015285,2310100,0.0,0.0,47.56055908203125,47.36892204284668,47.96507930755615,47.63272492118951,47.96784700320158,-0.33512208201207017,-0.3650151116478232,0.02989302963575302,49.46107602853439,47.96507930755615,49.662853991749344,46.26730462336296,0.07079211412565031,1.0737668513180363,3839915.0,0.6016018583744692,0.5593185166520523,0.013928592404007721
2024-08-15,48.6959228515625,48.885755507574125,48.10835576366603,48.41569976827376,3501500,0.021038668687839435,0.020820411812892455,47.77750778198242,47.422254943847655,47.924401092529294,47.79629383355458,48.021778547524605,-0.225484713970026,-0.3371090321122638,0.11162431814223778,55.34390466421385,47.924401092529294,49.50103488332584,46.347767301732745,0.06579670292603086,1.1047596961934758,3850600.0,0.9093388043421804,0.7558107459420836,0.014682134800611665
2024-08-16,48.73208236694336,48.7953587702728,48.273778446654234,48.57841208694483,6049300,0.0007425573490225101,0.0007422817897181697,48.00349655151367,47.59400520324707,47.92485294342041,47.94026130022977,48.07439364525933,-0.13413234502955618,-0.29651369469572225,0.16238134966616607,55.5321357200221,47.92485294342041,49.502455343660436,46.34725054318039,0.06583650458364582,1.1077944516370677,3980240.0,1.5198329748959862,0.8786832837610136,0.014242780456135706
2024-08-19,48.4970588684082,48.939993715915385,48.42474100447733,48.8134409023419,2096000,-0.004822767407423156,-0.004834434476979491,48.262026977539065,47.83264923095703,47.89005088806152,48.025922464564914,48.1057021803074,-0.07977971574248244,-0.25316689890507427,0.17338718316259183,49.775823364802115,47.89005088806152,49.37801557056222,46.40208620556083,0.06214086871524413,1.0703451445562027,3917955.0,0.5349729642121974,0.14035416199070885,0.014099363615943244
2024-08-20,47.65637969970703,48.40665852561116,47.493667964295476,48.38857906075372,4391500,-0.017334642312686777,-0.017486646410448222,48.25479583740234,47.85434417724609,47.8290340423584,47.969069731509855,48.072419033596255,-0.10334930208640003,-0.2232033795413394,0.11985407745493937,40.352788074512425,47.8290340423584,49.244982050513535,46.41308603420327,0.05920872275618781,1.0632425319520056,4013645.0,1.0941426060351624,0.17821841815636377,0.014539882184758407
2024-08-21,47.864288330078125,48.017958608770144,47.7377355244952,47.909485268028405,2809500,0.004362661026313219,0.004353172208352175,48.289146423339844,47.924852752685545,47.812310981750485,47.952949515904976,48.05700194444677,-0.10405242854179164,-0.19937318934142986,0.09532076079963822,47.965465547502305,47.812310981750485,49.217734814985846,46.406887148515125,0.05878920321470334,0.94831124253317,3966025.0,0.7083919037323264,0.4516144749253123,0.014270281621544293
2024-08-22,47.51174545288086,48.07129159096829,47.45298633246198,48.00891864671145,2916000,-0.007365467857081365,-0.0073927268480862745,48.052310943603516,47.91490936279297,47.7992036819458,47.88507196774742,48.01661257470115,-0.1315406069537275,-0.1858066728638894,0.05426606591016192,53.803531623574436,47.7992036819458,49.21101135245051,46.38739601144108,0.05907243475848813,0.8807736542074162,3802415.0,0.7668810479655692,0.0950325404162024,0.014228127480151896
2024-08-23,48.388580322265625,48.822477145239894,47.8190926817837,47.91852456863381,4901500,0.018455118014015115,0.01828688896266593,47.98361053466797,47.99355354309082,47.82948608398438,47.96253479151945,48.04416574118741,-0.0816309496679608,-0.1649715282247037,0.0833405785567429,67.50002344456999,47.82948608398438,49.26559661015704,46.393375557811716,0.06005126309118095,0.8704423931660098,3843120.0,1.2753960323903495,0.567566725963283,0.014826656571566454
2024-08-26,48.84055709838867,49.319654313622806,48.75016321914738,48.90383350351867,2823300,0.009340566991486554,0.009297213649727099,48.052310180664065,48.157168579101565,47.882367324829104,48.097615146422406,48.10315769357269,-0.005542547150284349,-0.13308573200981985,0.1275431848595355,62.43982401891221,47.882367324829104,49.3874906933031,46.37724395635511,0.06286754196021228,0.7923151400534698,3818555.0,0.7393634503103923,0.1587274648030802,0.014948915723350135
2024-08-27,48.60552978515625,48.921911803267164,48.46541824117933,48.71400312732208,3650100,-0.004812134160528947,-0.004823749756972406,48.242140197753905,48.248468017578126,47.885983276367185,48.175755860073764,48.140370441097396,0.035385418976368044,-0.09939150181258226,0.13477692078895032,62.94503177310738,47.885983276367185,49.398021841397394,46.373944711336975,0.06315161396201026,0.7280697647526913,3780990.0,0.9653820824704641,0.30692993843506283,0.014601348366884854
2024-08-28,48.37049865722656,48.623607712013495,48.12191377894786,48.225866389479144,2630800,-0.0048354812501490985,-0.004847210014364003,48.34338226318359,48.31626434326172,47.8425931930542,48.205716290404965,48.15741697562549,0.04829931477947724,-0.06985333849417036,0.1181526532736476,57.070706711898126,47.8425931930542,49.23642001359804,46.448766372510356,0.05826719362470509,0.7174159427281046,3659565.0,0.7188832552502825,0.49549108916824736,0.01423702011776723
2024-08-29,48.686885833740234,49.03942678331075,47.97276247787384,48.73208277245087,3065900,0.006540912028956347,0.006519613089747397,48.57841033935547,48.315360641479494,47.868807792663574,48.279742373995006,48.19663689104139,0.08310548295361286,-0.03926157420461371,0.12236705715822657,59.5541829285338,47.868807792663574,49.30699109628284,46.430624489044305,0.060088536562203095,0.7396919995435093,3599205.0,0.8518270006848735,0.6694921218714289,0.013419075939886553
2024-08-30,49.0715446472168,49.08802797971326,48.36175516085688,48.71435802906488,5339100,0.007900665793045825,0.007869618952984218,48.715003204345706,48.34930686950683,47.971656036376956,48.40155810833682,48.26144487298031,0.14011323535650888,-0.003386612292389181,0.14349984764889806,66.48324226098306,47.971656036376956,49.44636053682384,46.49695153593007,0.06148232611893211,0.7376543718044475,3617100.0,1.4760719913743054,0.9773042005131616,0.012194618664681764
2024-09-03,47.56038284301758,48.598046734166104,47.45505790900395,48.28390962460841,3891400,-0.030795073093035974,-0.03127920657459805,48.45896835327149,48.255639266967776,48.044144248962404,48.27214652905694,48.20951435224234,0.06263217681460276,0.00981714552900921,0.05281503128559355,49.011836962654435,48.044144248962404,49.25207182832132,46.83621666960349,0.05028407096188433,0.8111483858554125,3555445.0,1.0944902818072,0.09214869889668513,0.013472466112289656
2024-09-04,47.23983383178711,48.09157633110396,47.0456707942941,47.55122138384608,3776000,-0.0067398324418140865,-0.006762647684211641,48.185829162597656,48.213984680175784,48.03416442871094,48.113329191015424,48.13768616554195,-0.024356974526526187,0.0029823215179021296,-0.027339296044428318,46.769798941603085,48.03416442871094,49.26618606215748,46.802142795264395,0.051297723114348166,0.847760770864854,3466765.0,1.08919987365743,0.18564108210844996,0.011957535592598215
2024-09-05,46.9925537109375,47.37721139919342,46.73611175838825,47.27646672073249,4508900,-0.005234567965038406,-0.005248316314696376,47.910240173339844,48.12681121826172,48.02583198547363,47.94090219408035,48.05286153927495,-0.11195934519459882,-0.02000601182459807,-0.09195333337000075,36.37570786955673,48.02583198547363,49.28473068973045,46.76693328121681,0.05242589882201733,0.8083235946949736,3477555.0,1.296571873054488,0.40000326349761794,0.01194140733800599
2024-09-06,46.41556167602539,47.35889181767502,46.131645184806025,46.93759908390061,4144200,-0.012278371557786105,-0.012354373522839407,47.45597534179687,48.01719284057617,47.96605110168457,47.706234422071894,47.93158006792313,-0.22534564585123462,-0.0610739386299254,-0.16427170722130924,32.946830546095015,47.96605110168457,49.408087807002765,46.524014396366375,0.06012738894269953,0.8587283310700045,3516635.0,1.1784561093204158,0.23134428019753156,0.012007866894419936
2024-09-09,46.983394622802734,47.427585176552014,46.461357176504755,46.461357176504755,4022400,0.01223367608348136,0.012159449431597712,47.03834533691406,47.876674270629884,47.93511390686035,47.595028299107405,47.86134410902532,-0.2663158099179128,-0.10212231288752291,-0.1641934970303899,39.3775900285907,47.93511390686035,49.435396057162166,46.43483175655854,0.06259637364028867,0.8942119588620453,3588120.0,1.121032741379887,0.540283909045905,0.012378602774482746
2024-09-10,46.54378128051758,47.03834414266855,46.24612751197976,46.98339154897005,3196500,-0.009356781173742501,-0.009400830841436867,46.835025024414065,47.646996688842776,47.90208263397217,47.433297988555125,47.76374686246919,-0.3304488739140652,-0.1477876250928314,-0.1826612488212338,41.72641258411564,47.90208263397217,49.49625446853792,46.30791079940642,0.06655960438075659,0.879128082188907,3620180.0,0.8829671452800689,0.37572269155950294,0.012413681825487783
2024-09-11,46.46135711669922,46.68116401187905,45.572976010344185,46.598736862900616,3717200,-0.001770895306541398,-0.0017724651953143105,46.67932968139648,47.43257942199707,47.8405237197876,47.28376862365421,47.66727354796771,-0.3835049243134989,-0.19493108493696493,-0.188573839376534,39.36901488574951,47.8405237197876,49.55900304792018,46.12204439165502,0.071841994799141,0.9324573030797464,3687060.0,1.0081745347241433,0.8016519734089237,0.012142740075597656
2024-09-12,46.03090286254883,46.626210425172076,45.35317164640839,46.41556404752237,5680600,-0.009264780042244514,-0.009307965056927202,46.48699951171875,47.1986198425293,47.75744209289551,47.09102004502262,47.54606090460335,-0.45504085958073404,-0.2469530398657188,-0.20808781971501525,38.90957939172588,47.75744209289551,49.657156153125804,45.857728032665214,0.07955677594855526,0.9792239830981302,3855585.0,1.4733432151022479,0.5323727934469441,0.012269148372378127
2024-09-13,45.9301643371582,46.70864027763388,45.82025913867922,46.15912826008778,4411800,-0.0021884977075387058,-0.002190895968344393,46.38992004394531,46.92294769287109,47.619154167175296,46.91242685919732,47.426364862570374,-0.5139380033730561,-0.3003500325671863,-0.21358797080586978,29.16641613051931,47.619154167175296,49.630598582972425,45.60770975137817,0.08448047643751104,0.9490560864263894,3901100.0,1.1309117941093538,0.12371401465272713,0.01104139081408097
2024-09-16,46.39725112915039,46.74527728469308,46.04739426833737,46.07670302122446,3189400,0.010169499690082962,0.010118138248049269,46.272691345214845,46.65551834106445,47.50241260528564,46.83316905457471,47.35013421565038,-0.5169651610756674,-0.34367305826888256,-0.1732921028067848,29.34735503442441,47.50241260528564,49.512907806960165,45.49191740361112,0.0846481301225872,0.9407731547247964,3758105.0,0.8486724027136017,0.5013116061010173,0.011398757552153985
2024-09-17,47.17572021484375,47.49627176968524,46.44303643675324,46.5620986424779,4029600,0.016778344982689264,0.016639143442369744,46.399079132080075,46.61705207824707,47.43634567260742,46.88586923307764,47.33721466003507,-0.4513454269574311,-0.3652075320065923,-0.08613789495083879,38.931099329988,47.43634567260742,49.39540247993779,45.47728886527705,0.08259729030778382,0.9866679460424399,3854785.0,1.0453501297737746,0.6956505808577076,0.01215442363896213
2024-09-18,47.29478454589844,47.890092107561784,46.999880316406774,47.303945058749136,3428100,0.0025238476596107784,0.002520668104790648,46.565764617919925,46.6225471496582,47.418265914916994,46.94877928120392,47.33407168861755,-0.3852924074136297,-0.3692245070879998,-0.01606790032562988,41.52007813778039,47.418265914916994,49.37544589507108,45.461085934762906,0.08254962269880863,1.0144192216202523,3806615.0,0.9005638868128245,0.33127423059213373,0.011573680989928337
2024-09-19,48.43960952758789,48.73268308487869,47.86261943317246,48.12821843625237,4746700,0.024206157035738807,0.02391783158432518,47.047505950927736,46.76725273132324,47.44703197479248,47.1781377806476,47.41596338039313,-0.23782559974552697,-0.3429447256195053,0.10511912587397831,48.27589508658559,47.44703197479248,49.44823088182709,45.445833067757874,0.08435507232982654,1.0409359525876336,3903475.0,1.2160190599401814,0.6631584788680073,0.01278330070710155
2024-09-20,47.35889434814453,48.3571771363833,46.98339367515813,48.210640373601095,8466000,-0.022310567528994185,-0.022563213088803904,47.333251953125,46.861585998535155,47.43938941955567,47.20594648333944,47.41173604467101,-0.20578956133157078,-0.31551369276191843,0.10972413143034765,39.115257855029796,47.43938941955567,49.44071520619007,45.43806363292126,0.08437401118022857,1.0930747407000179,4180975.0,2.0248865396229347,0.2733332296184342,0.01368320613808124
2024-09-23,47.661128997802734,47.84430082705749,47.26731078770423,47.505431720136976,5029600,0.00638179277236528,0.00636151535798357,47.58602752685547,46.929359436035156,47.40301685333252,47.27597456248763,47.43020959675484,-0.15423503426720941,-0.2832579610629766,0.1290229267957672,50.75654796416695,47.40301685333252,49.35760358280959,45.448430123855445,0.08246676516495428,1.018824976495761,4187380.0,1.2011329279883842,0.6825389979254065,0.013075657847506415
2024-09-24,48.95248794555664,49.16313433766322,48.201486549798474,48.25643565591448,4675800,0.02709459416736526,0.026734033975853933,47.94138107299805,47.170230102539065,47.40861339569092,47.533899698344406,47.54297095592535,-0.00907125758094196,-0.22842062036656968,0.21934936278562772,61.22449897995919,47.40861339569092,49.381090138438594,45.43613665294325,0.08321174577643127,1.0514035338565202,4280005.0,1.0924753592577578,0.780952649635029,0.014333587147837399
2024-09-25,48.3938102722168,49.20892120107106,48.11905428966204,49.14481158826535,3863200,-0.011412651262203144,-0.011478275340872186,48.16118621826172,47.36347541809082,47.398027420043945,47.66619363278632,47.60599609046546,0.06019754232085717,-0.1706969878290843,0.23089453014994146,58.82349267445285,47.398027420043945,49.345572117876785,45.450482722211106,0.08217830166532418,1.083458338899652,4290660.0,0.9003743013895298,0.25210048782794886,0.014529999088950436
2024-09-26,50.11561965942383,50.152251228282815,48.938745350602396,48.96163964442528,5672100,0.03557912422108944,0.034960810543254485,48.4963882446289,47.77194709777832,47.48528347015381,48.04302840611516,47.79189413261053,0.2511342735046327,-0.08633073556234089,0.3374650090669736,70.362873258881,47.48528347015381,49.74726928003743,45.22329766027019,0.09527102481362916,1.121400790556582,4442725.0,1.2767164296687281,0.9698134312895617,0.016514190998611112
2024-09-27,50.44533157348633,50.98568306046204,50.042352845962625,50.3720614434958,5513500,0.0065790249886794605,0.006557477659092559,49.11367568969727,48.22346382141113,47.57320575714111,48.41261350878765,47.988445054156884,0.4241684546307667,0.015769102476280654,0.40839935215448603,69.56519302046019,47.57320575714111,50.14704924939487,44.99936226488735,0.10820559393844943,1.116494127268924,4565105.0,1.2077487812438048,0.42718733806875286,0.016514756566369405
2024-09-30,50.03319549560547,50.69260919259778,49.42873090203047,50.50028034321303,5537800,-0.008169954781256261,-0.00820351175946531,49.58808898925781,48.58705825805664,47.62128829956055,48.661933814451935,48.139908049819745,0.5220257646321897,0.11702043490746251,0.40500532972472725,69.78191920271034,47.62128829956055,50.344578704801116,44.89799789431998,0.11437281528839695,1.150184245831675,4575040.0,1.2104375043715465,0.47826170708340754,0.016598416958892734
2024-10-01,49.95077133178711,50.22735805166255,49.60274518326068,49.97824588513763,5461300,-0.0016473895581105014,-0.00164874799641163,49.78774566650391,48.864563369750975,47.740807723999026,48.86021650942658,48.27404607070622,0.5861704387203588,0.21085043567004183,0.375320003050317,69.78191920271034,47.740807723999026,50.655906688284325,44.82570875971373,0.12212189542909203,1.1156431648936038,4653535.0,1.1735809443788432,0.5571869562102006,0.014836555745124462
2024-10-02,50.0789909362793,50.44533462093892,49.81522264483341,50.0789909362793,6312700,0.002566919410323276,0.002563630499737052,50.12478179931641,49.142984008789064,47.88276557922363,49.04772026740392,48.4077456903783,0.6399745770256189,0.2966752639411573,0.3432993130844616,73.763438259695,47.88276557922363,50.9667699687797,44.79876118966756,0.12881479806981838,1.0697198218465915,4780370.0,1.3205463175444578,0.4186054181831064,0.014674634389704577
2024-10-03,49.91413116455078,50.13393805003159,49.364619191416644,49.877496101351994,4066300,-0.0032919946797307365,-0.0032974252156887183,50.0844841003418,49.29043617248535,48.0288444519043,49.18101425158036,48.51932979957626,0.6616844520040956,0.369677101553745,0.29200735045035064,73.21228140128991,48.0288444519043,51.21052996467225,44.84715893913635,0.1324906126340001,1.0612153732508973,4758240.0,0.8545806852954033,0.7142837587273273,0.014623435491793464
2024-10-04,50.68345642089844,50.94447516514213,50.2896381760799,50.463649507671576,3443800,0.015412975011253716,0.015295401676080681,50.13210906982422,49.62289237976074,48.24223918914795,49.41215920070622,48.67963547522975,0.7325237254764687,0.4422464263382898,0.2902772991381789,74.12363134827037,48.24223918914795,51.53875632884695,44.94572204944895,0.13666517952344745,1.076589019897788,4723220.0,0.729121235089621,0.6013988906896104,0.014397845011900239
2024-10-07,50.02403259277344,50.49569767437037,49.6622692064729,50.390376235377296,3096500,-0.013010632555302548,-0.013096012205771059,50.13027648925781,49.85918273925781,48.39427108764649,49.506293568716565,48.77922044689965,0.7270731218169146,0.49921176543401485,0.22786135638289978,66.2486137926112,48.39427108764649,51.726606891674415,45.06193528361856,0.13771612751405057,1.071029489461409,4676925.0,0.6620803198682895,0.43406650467857305,0.014786005984672826
2024-10-08,48.73268127441406,49.41041603404079,48.64567735807439,49.22724419411095,4219200,-0.025814618522896238,-0.026153663391441526,49.8866584777832,49.837202072143555,48.50371608734131,49.38727629267003,48.77577310078961,0.6115031918804235,0.5216700507232966,0.08983314115712682,57.23501157798402,48.50371608734131,51.72198102836279,45.28545114631983,0.13270178867228674,1.1058968782859833,4728060.0,0.8923744622530171,0.11376947176371484,0.01593730242593458
2024-10-09,48.92500686645508,49.1997663548547,48.41671019782462,48.61361930119794,3186200,0.003946542382062379,0.003938775212611223,49.65586166381836,49.89032173156738,48.6268985748291,49.31615791940619,48.78682745380186,0.5293304656043247,0.5232021336995023,0.006128331904822426,52.70128207087819,48.6268985748291,51.70139865730789,45.55239849235031,0.12645264956586214,1.0591224224323998,4701510.0,0.6776971653787826,0.6491190415603109,0.015909416194541875
2024-10-10,49.10818099975586,49.50199922499207,48.81510745916782,48.92500916346029,2494200,0.0037439776718022344,0.0037369864319957147,49.49467163085937,49.789577865600585,48.78076248168945,49.284161470229215,48.81063142016883,0.47353005006038273,0.5132677169716784,-0.039737666911295655,60.815380616773744,48.78076248168945,51.606157585655616,45.955367377723285,0.11584054697901526,1.0041707019605777,4542190.0,0.5491183768182308,0.4266662535540775,0.01565816975285212
2024-10-11,49.25471878051758,49.6119019470799,49.181452140723586,49.22724422730886,4288600,0.002983978998579717,0.0029795357700536816,49.2089241027832,49.67051658630371,48.946990203857425,49.27963182565819,48.843526780194665,0.4361050454635276,0.4978351826700482,-0.06173013720652065,60.04616305109006,48.946990203857425,51.437589995218346,46.4563904124965,0.10176722944507594,0.9989371953870625,4536030.0,0.9454523008004797,0.17020948089647733,0.01560438198920446
2024-10-14,49.034915924072266,49.300514920479145,48.84258706200341,49.08986503111348,2736000,-0.004462574589548907,-0.00447256159845632,49.01110076904297,49.57068862915039,49.07887344360351,49.2419832254142,48.85770375381523,0.3842794715989726,0.47512404045583306,-0.09084456885686049,50.60080633949673,49.07887344360351,51.26126047947545,46.89648640773157,0.08893386839368753,0.9243602324310086,4513360.0,0.6062002587872449,0.419998159773599,0.01562392227581409
2024-10-15,48.14653396606445,49.053232648116285,48.137376946279474,48.81510820915986,4210700,-0.018117334174354904,-0.018283462669162538,48.89387130737305,49.390264892578124,49.12741413116455,49.073452570129625,48.80502451027813,0.26842805985149454,0.4337848443349654,-0.16535678448347085,48.28029161449158,49.12741413116455,51.17029668184402,47.08453158048508,0.08316670383770702,0.9119308603187081,4522415.0,0.931073331394841,0.009998321424030909,0.015935955637474634
2024-10-16,48.48539733886719,48.8334234675922,47.954202873277296,48.17400627499998,4492900,0.0070381675458004445,0.007013515248342986,48.80594940185547,49.230905532836914,49.186944770812985,48.98298253455079,48.78134842350695,0.20163411104384465,0.38735469767674124,-0.1857205866328966,35.96218241446796,49.186944770812985,51.06794560877953,47.30594393284644,0.07648374367349249,0.8491294059079141,4575655.0,0.9819140647623127,0.6041651696775281,0.015988485710135312
2024-10-17,48.613616943359375,48.74183616841395,48.29764564325213,48.54034681834999,3894000,0.002644499406616152,0.002641008870519875,48.70703659057617,49.100854110717776,49.19564514160156,48.92615705898288,48.76892386942194,0.1572331895609409,0.34133039605358123,-0.18409720649264033,33.66012649311352,49.19564514160156,51.06365622164172,47.3276340615614,0.07594213165264527,0.8134765709552286,4533020.0,0.8590299623650458,0.711341811891911,0.015067681721665714
2024-10-18,48.64109420776367,48.97995982056261,48.37549523035086,48.97995982056261,2395700,0.0005652174458918857,0.0005650577706759608,48.58431167602539,48.8966178894043,49.25975513458252,48.88230123571839,48.7594550055954,0.12284623012298823,0.2976335628674627,-0.17478733274447444,36.66668371705226,49.25975513458252,50.94102232984933,47.57848793931571,0.06826128918722492,0.7663755923584036,4229505.0,0.5664256219108382,0.43939542087290173,0.014099163635319389
2024-10-21,47.81682205200195,48.71436015856925,47.72523788562831,48.67772858824699,3542700,-0.016946003563179657,-0.017091230092492644,48.34069290161133,48.67589683532715,49.26753978729248,48.71838136130048,48.68963034236625,0.028751018934229933,0.24385705408081612,-0.2151060351465862,32.10445026245006,49.26753978729248,50.918814918385216,47.61626465619974,0.06703298513471338,0.7924119783969087,4155160.0,0.8526025471943318,0.09259134886875406,0.014623183439212073
2024-10-22,47.688602447509766,47.89924882348637,47.24899216368313,47.844299721578025,4413700,-0.0026814748239175623,-0.0026850764173620713,48.24910659790039,48.57148895263672,49.204345512390134,48.55995383610191,48.615480127932436,-0.0555262918305246,0.18398038489854798,-0.23950667672907258,29.95392088365439,49.204345512390134,50.99706679201857,47.411624232761696,0.07286841277777034,0.7938508843753179,4142055.0,1.0655821808257013,0.6760565546519645,0.013193663290111722
2024-10-23,47.15740966796875,47.615337499885,46.819455909447306,47.37721307080977,4522300,-0.011138778497979507,-0.011201279245907716,47.9835090637207,48.39472923278809,49.14252548217773,48.34417781023527,48.50747490867587,-0.16329709844059437,0.1145248882307195,-0.27782198667131386,28.22001981921595,49.14252548217773,51.127857494101775,47.15719347025369,0.08079894113883317,0.8009814329072833,4175010.0,1.0831830342921334,0.42462818380973505,0.01318267029492466
2024-10-24,46.699485778808594,47.77103531897987,46.45220430945082,47.64281607421193,5804600,-0.009710539497066462,-0.00975799424307692,47.60068283081055,48.15385971069336,48.97171878814697,48.09114826693886,48.37354978794495,-0.2824015210060935,0.035139606383356885,-0.3175411273894504,16.89495893148316,48.97171878814697,51.17985505245823,46.763582523835716,0.09018005979588817,0.8215876478314047,4181635.0,1.3881173273133596,0.18750049528413182,0.010047369089923618
2024-10-25,45.518028259277344,46.46135849717176,45.508867745945295,46.36061381279232,5889700,-0.02529915479427769,-0.025624680494871117,46.976069641113284,47.78019065856934,48.72535362243652,47.69528365037554,48.16202967471032,-0.46674602433477475,-0.06523751976026948,-0.40150850457450526,15.54621015370327,48.72535362243652,51.308818863622044,46.141888381251,0.10604192885717367,0.8336898491483876,4200445.0,1.4021609615171726,0.009617430115808215,0.01086377473837205
2024-10-28,45.893524169921875,45.930159232009544,45.307377151366495,45.64624274139786,6457100,0.008249388758793552,0.008215548531428024,46.591410064697264,47.466051483154295,48.51837005615234,47.418089884151904,47.99399222991117,-0.5759023457592676,-0.16737048496006915,-0.40853186079919845,24.755617905118,48.51837005615234,51.315167241191126,45.72157287111356,0.11528817566632735,0.7797203381443875,4246410.0,1.5206021086046801,0.9411751355119388,0.011231318206307414
2024-10-29,45.31653594970703,45.77446376265117,45.16999918931339,45.646244534020724,4900600,-0.012572323234069649,-0.012652023606991199,46.11699676513672,47.183051681518556,48.28665828704834,47.094773894237306,47.79566213508123,-0.7008882408439234,-0.27407403613684006,-0.42681420470708337,19.96948499742534,48.28665828704834,51.33990557303478,45.2334110010619,0.12646339151638467,0.7754681112571308,4218375.0,1.1617269683231102,0.24242406326684113,0.011363055308657078
2024-10-30,45.18832015991211,45.921004017637664,45.00514832205267,45.24327275938361,4775700,-0.0028293378367935107,-0.0028333479789082066,45.72317886352539,46.85334396362305,48.04212474822998,46.801473319725744,47.602525692476114,-0.8010523727503696,-0.379469703459546,-0.42158266929082355,17.076862349060207,48.04212474822998,51.26938772389593,44.81486177256403,0.13435138402303298,0.7918226776686126,4141525.0,1.15312596205504,0.20000076075569226,0.011242482516983808
2024-10-31,45.22495651245117,45.4630774628422,45.0280473925517,45.115051310382405,4835200,0.0008107482732133686,0.0008104197943625602,45.4282730102539,46.51447792053223,47.807666015625,46.55893227245273,47.42640945691871,-0.867477184465983,-0.4770711996608335,-0.3904059848051495,15.517194103983286,47.807666015625,51.14185686331939,44.473475167930616,0.13948352327447536,0.7869161864519312,4179970.0,1.1567547135505758,0.45263334380919706,0.011313731758921695
2024-11-01,44.849449157714844,45.536340847112335,44.74870448427599,45.33485150023463,4980400,-0.008303100405037345,-0.008337763148718374,45.29455718994141,46.13531341552734,47.51596565246582,46.29593487018536,47.23552350882954,-0.9395886386441745,-0.5695746874575017,-0.3700139511866728,15.114434207087399,47.51596565246582,50.811386091357114,44.22054521357453,0.13870792242734423,0.8104667939062605,4256800.0,1.1699868445780868,0.1279075940539207,0.010272034052147026
2024-11-04,43.915279388427734,44.583853597826085,43.45094059894947,44.23582747042966,14634400,-0.020829013217131487,-0.02104899717399749,44.89890823364258,45.74515914916992,47.21052799224854,45.92968018068419,46.98957949991089,-1.0598993192267017,-0.6676396138113417,-0.3922597054153599,14.999943202113386,47.21052799224854,50.656127134630836,43.76492884986624,0.14596740553073373,0.8449419979725862,4833695.0,3.0275803500220846,0.4098627042324252,0.010691282782496312
2024-11-05,43.86949157714844,43.86949157714844,43.19175678870515,43.77790390643318,7193500,-0.0010426396442638763,-0.001043183571090422,44.60949935913086,45.36324806213379,46.96736850738525,45.61272808783254,46.75846187600256,-1.145733788170027,-0.7632584486830789,-0.382475339486948,9.87260386088299,46.96736850738525,50.639619269906134,43.29511774486437,0.15637455872978914,0.8338207126445637,4982410.0,1.4437792152793527,0.9999999852449659,0.009718799602448681
2024-11-06,44.28162384033203,45.51803119138994,43.938177936212455,45.51803119138994,8862800,0.009394507398355012,0.009350653457223978,44.42816009521484,45.07566947937012,46.7351993560791,45.4079428189863,46.574992391878816,-1.167049572892516,-0.8440166735249665,-0.32303289936754964,14.112253849790548,46.7351993560791,50.472876599158326,42.997522112999874,0.1599512699026519,0.9198456475788268,5266240.0,1.682946466549189,0.2173910145262721,0.010058971557493065
2024-11-07,44.785343170166016,44.80365720889884,43.97938921115036,44.45563457358179,20309400,0.011375358131631819,0.011311145249506186,44.34023742675781,44.88425521850586,46.51905746459961,45.312158257629335,46.442425782863054,-1.1302675252337195,-0.9012668438667171,-0.22900068136700247,20.393753280593884,46.51905746459961,50.1780808889078,42.860034040291424,0.1573128787956487,0.9355458909743071,6157000.0,3.298586974175735,0.9777814393368842,0.010538439001400971
2024-11-08,42.57813262939453,44.501428183803355,42.477387944349005,44.501428183803355,12571500,-0.04928421632016944,-0.050540121588320525,43.88597412109375,44.59026565551758,46.185228157043454,44.8915389302086,46.15618184556909,-1.26464291536049,-0.9739420581654716,-0.29070085719501826,16.821298676950462,46.185228157043454,50.00796772532843,42.36248858875848,0.16553949047459618,1.0297482447511694,6571145.0,1.913136903842481,0.04977405220705758,0.014361101785917632
2024-11-11,42.37664031982422,43.026896977106226,42.28505266081213,42.49570252968395,6734700,-0.004732295596994063,-0.004743528359648802,43.57824630737305,44.23857727050781,45.85231437683105,44.50463145168793,45.87621580662502,-1.3715843549370916,-1.0534705175197956,-0.31811383741729604,16.666610811755376,45.85231437683105,49.78815091136119,41.916477842300914,0.17167449835504478,1.036290220214802,6771080.0,0.9946271495832275,0.12345940484524562,0.014358564854515917
2024-11-12,41.25014114379883,42.459070375913896,41.131078925779434,42.459070375913896,7101300,-0.02658302233314147,-0.026942740121101084,43.054376220703126,43.83193778991699,45.50749473571777,44.003940635089606,45.53354360937863,-1.529602974289027,-1.148697008873642,-0.380905965415385,15.507967075923446,45.50749473571777,49.79013747789505,41.22485199354049,0.18821702961450587,1.0690648567913736,6915610.0,1.0268508490212722,0.08965586119607936,0.014815763614870355
2024-11-13,41.204345703125,41.32248906521682,40.938746735980914,41.12191855793242,6000300,-0.0011101887024866919,-0.0011108054184539096,42.43892059326172,43.43354034423828,45.143442153930664,43.573233722479664,45.21286228298948,-1.6396285605098129,-1.2468833192008761,-0.39274524130893673,16.292065946449853,45.143442153930664,49.59477877420142,40.692105533659905,0.1972085604412945,1.0022728081990064,6990980.0,0.8582916844276482,0.6921283892544575,0.014500916038758537
2024-11-14,40.83800506591797,41.335314031252395,40.63651569756548,41.21350575639441,5542400,-0.008890825250484347,-0.008930584474277069,41.64945297241211,42.99484519958496,44.754661560058594,43.15242931377786,44.88879878542862,-1.736369471650761,-1.3447805496908531,-0.3915889219599078,18.10231055709417,44.754661560058594,49.2873511892509,40.22197193086629,0.20255720728039264,0.9671428296864077,7073400.0,0.7835552916560635,0.2883369289191731,0.014282974712524852
2024-11-15,40.334285736083984,41.057812575235644,40.297650669711494,40.81968813752669,9814100,-0.012334572392087129,-0.012411274608775004,41.20068359375,42.543328857421876,44.33932113647461,42.71886876336342,44.55142744844013,-1.8325586850767124,-1.4423361767680252,-0.3902225083086872,12.760726100437523,44.33932113647461,48.8948329606292,39.78380931232002,0.20548405827562918,0.9769556743207721,7444320.0,1.3183339781202312,0.04819376717554888,0.014138897677537393
2024-11-18,40.49913787841797,40.80136842557152,40.33428358225711,40.44418528179367,5075800,0.004087146687377752,0.004078816992099815,40.82518310546875,42.2017147064209,43.97343692779541,42.377371704141034,44.25125785066071,-1.8738861465196734,-1.528646170718355,-0.3452399758013185,15.844124933735785,43.97343692779541,48.528407322518156,39.41846653307267,0.20716917816553784,0.9586385216569094,7520975.0,0.6748859024262147,0.3529429288726954,0.014315340282401239
2024-11-19,39.97710037231445,40.29764845114558,39.702340883359746,40.050367007313554,6289700,-0.012890089356240586,-0.012973887446849608,40.57057495117188,41.8124755859375,43.58786182403564,42.008099191552326,43.93465359300543,-1.926554401453103,-1.6082278168653046,-0.3183265845877985,15.006111999704913,43.58786182403564,48.124188310773114,39.05153533729817,0.20814631858064703,0.9501343287621401,7614775.0,0.8259863226424944,0.461542065324684,0.01429127463668566
2024-11-20,40.23353958129883,40.32512375017366,39.68402758062566,39.88551345089271,4808100,0.006414652553489608,0.00639416623155159,40.37641372680664,41.40766716003418,43.24166831970215,41.73509002074409,43.66049699954568,-1.9254069788015897,-1.6716636492525618,-0.2537433295490279,17.443187868931744,43.24166831970215,47.68687940395532,38.79645723544898,0.20559850056607554,0.9648533358519613,7629065.0,0.630234504490393,0.8571444007989528,0.01466651165024924
2024-11-21,41.03948974609375,41.34172027038478,39.94961937128435,40.12363416724176,6158200,0.020031798673004086,0.019833801979856062,40.416710662841794,41.03308181762695,42.9586685180664,41.62807459387481,43.46634831410479,-1.838273720229985,-1.7049856634480465,-0.13328805678193856,26.470535574616136,42.9586685180664,47.192637507262,38.72469952887081,0.19711825972515823,1.0080293741565391,7646745.0,0.8053361266787371,0.7828961016293476,0.015917533760725668
2024-11-22,41.634796142578125,41.7080662700325,40.90211233659427,40.993696502200265,5494100,0.014505696834133719,0.014401495678644897,40.676812744140626,40.93874816894531,42.76450691223145,41.629108678290706,43.33067778288059,-1.7015691045898862,-1.7043023516764144,0.0027332470865282232,35.30101670744152,42.76450691223145,46.858126719611334,38.67088710485156,0.1914494099408889,0.9657040437760287,7626965.0,0.7203520666477425,0.9090889274121561,0.01590766068530238
2024-11-25,42.01029968261719,42.45082884256299,41.64395950144441,41.96450759668461,9463700,0.009018983514490042,0.008978555381296075,40.97904510498047,40.90211410522461,42.57034568786621,41.68775344818709,43.2328719976759,-1.5451185494888122,-1.672465591238894,0.1273470417500817,38.50505528883119,42.57034568786621,46.39886176099173,38.74182961474069,0.17986774649174433,0.9723119080804773,7777295.0,1.2168369593798358,0.4540266409486413,0.01594057916556002
2024-11-26,40.79220962524414,41.680587189420166,40.38465415911681,41.65311263916364,9225300,-0.028995033755426003,-0.02942369613687399,41.142066955566406,40.85632095336914,42.344129371643064,41.54997747542664,43.052082192310586,-1.5021047168839488,-1.638393416367905,0.13628869948395628,30.38102121836708,42.344129371643064,46.02108529937547,38.667173443910656,0.17367016312749056,0.9706766158846827,7993530.0,1.1540958750389378,0.31448805875952246,0.016790123923537157
2024-11-27,40.88379669189453,41.286775424070804,40.8105300547702,40.88379669189453,5700600,0.00224520974695408,0.002242693029884661,41.272118377685544,40.824266052246095,42.128903198242185,41.447488124114,42.89146845153902,-1.4439803274250167,-1.5995107985793275,0.15553047115431085,26.997832400817387,42.128903198242185,45.60322183435639,38.65458456212798,0.1649375308806601,0.9471264588188387,8039775.0,0.7090496935548569,0.1538422004890215,0.016864568460311976
2024-11-29,41.135013580322266,41.1722322692505,40.61675593725841,40.90240209857509,4339600,0.006144656532780957,0.006125855110374243,41.29122314453125,40.853966903686526,41.92440605163574,41.39941511737682,42.761360683300744,-1.361945565923925,-1.5519977520482473,0.1900521861243223,38.94132813390667,41.92440605163574,45.1000573721059,38.74875473116558,0.15149415910908326,0.8219493949742015,8014995.0,0.5414351474954133,0.9329967883154874,0.017000518166336673
2024-12-02,41.29319381713867,41.45136793092572,40.72562119826559,41.2001470889965,7611000,0.003845391627440131,0.003838017008541912,41.22290267944336,40.94985771179199,41.74659328460693,41.38307337887864,42.652607582103556,-1.2695342032249144,-1.495505042283581,0.22597083905866655,41.64203094478165,41.74659328460693,44.616136447547696,38.877050121666166,0.13747436315953673,0.8207995675717749,8146525.0,0.9342633822396667,0.7820532776939761,0.017077680428385984
2024-12-03,40.818660736083984,41.39553975099954,40.744226909579375,41.31179947782596,9478500,-0.011491798942849796,-0.01155833993936581,40.98457489013672,40.98180999755859,41.59176235198974,41.296240664602536,42.516759667583585,-1.2205190029810495,-1.4405078344230748,0.2199888314420253,46.29919734691286,41.59176235198974,44.29813795795602,38.885386746023464,0.130139982194662,0.7724653812350394,7888730.0,1.2015241997127548,0.1142827541976322,0.016716681728431052
2024-12-04,39.86960983276367,40.58605368142863,39.283431406067656,40.52092274512908,10962600,-0.023250417485680686,-0.023524972470320184,40.800054931640624,40.97106094360352,41.391768264770505,41.076758998165786,42.32067449463396,-1.2439154964681762,-1.4011893668320952,0.15727387036391893,40.08782043836564,41.391768264770505,43.97792711325537,38.80560941628564,0.12496005640261587,0.8547144527193551,8077185.0,1.3572302726754433,0.44999877039074127,0.017272179857883447
2024-12-05,39.255516052246094,40.027787947551026,38.911252020895276,39.8137857902589,9742500,-0.015402553049639667,-0.015522404642954244,40.47439880371094,40.87325859069824,41.14046287536621,40.79656777571661,42.09362572112374,-1.2970579454071327,-1.3803630825471027,0.08330513713997001,38.6650287008337,41.14046287536621,43.51214909955885,38.768776651173575,0.11529701215942019,0.884552852217129,8121170.0,1.1996424160558146,0.3083322444434327,0.017102019625767795
2024-12-06,39.06943130493164,39.58117592391605,38.82751334364227,39.36717375777239,8620000,-0.004740346479378599,-0.0047516175550597894,40.061282348632815,40.67625274658203,40.854667282104494,40.530854472518925,41.86961131992433,-1.3387568474054063,-1.3720418355187636,0.03328498811335723,40.50826555581383,40.854667282104494,42.695072890909614,39.01426167329937,0.09009524400710371,0.8840886146992452,7536700.0,1.1437366486658618,0.3209897431707309,0.016619832454177835
2024-12-09,39.757957458496094,40.97684300560204,39.46951791851442,40.80470921651091,12855800,0.017623142456069996,0.017469655538585895,39.754235076904294,40.48856887817383,40.71365852355957,40.41194723959234,41.71319251537409,-1.3012452757817528,-1.3578825235713616,0.05663724778960888,44.843316397052114,40.71365852355957,42.425749338756425,39.00156770836272,0.08410400230704519,0.9869691045103873,7550915.0,1.7025486315234644,0.19135854669903812,0.014139516291256754
2024-12-10,39.246212005615234,39.60443214879632,38.86938251677452,39.450911258501435,7585200,-0.012871522723849171,-0.012955078540584216,39.439745330810545,40.21216011047363,40.55713710784912,40.23260335744201,41.53045321835492,-1.2978498609129119,-1.3458759910396718,0.048026130126759936,44.90762938636826,40.55713710784912,42.20007240236473,38.91420181333351,0.08101830709335982,0.993524672129198,7593440.0,0.9989148528203291,0.5126585570523106,0.014298384392422914
2024-12-11,38.61350631713867,39.28807820052158,38.390197730931405,39.25551273475902,7135900,-0.016121446023530495,-0.016252810302472245,39.188524627685545,39.994289779663085,40.42530536651611,39.98351150508765,41.31438307752409,-1.3308715724364433,-1.3428751073190262,0.012003534882582878,39.27495956788907,40.42530536651611,42.24746294885345,38.60314778417877,0.09014935401559714,1.0118664078464963,7595170.0,0.9395313073966745,0.24870636046035052,0.013592360301683216
2024-12-12,38.408809661865234,38.83681751846878,38.362288071838925,38.492549943660514,5738700,-0.005301167254593064,-0.005315268298462607,39.01918334960938,39.74679107666016,40.285528564453124,39.741249683053425,41.09915541710491,-1.357905734051485,-1.345881232665518,-0.012024501385967001,31.07783961230284,40.285528564453124,42.27708054871279,38.29397658019346,0.09887183091433768,0.9463255898128834,7582090.0,0.7568757427041884,0.09803730701294966,0.0135906042740168
2024-12-13,38.01802444458008,38.380897819703556,37.62258560116013,38.380897819703556,7580000,-0.010174364181693263,-0.010226476801461243,38.808901977539065,39.43509216308594,40.14452953338623,39.47613810790369,40.870923493214185,-1.3947853853104988,-1.3556620631945144,-0.03912332211598435,23.196389527957464,40.14452953338623,42.358293026543656,37.93076604022881,0.11028967178785065,0.9449163131890889,7683970.0,0.9864692340027356,0.5214723283303899,0.013620801724166931
2024-12-16,37.320186614990234,37.85984340575071,37.25505568419793,37.54349164931542,8419800,-0.018355446917214246,-0.018525998389302883,38.32134780883789,39.0377914428711,39.993824577331544,39.14445326284008,40.607905946679075,-1.4634526838389945,-1.3772201873234107,-0.08623249651558385,16.82681904301424,39.993824577331544,42.5387978538292,37.44885130083389,0.12726831221538865,0.9411260317888949,7614255.0,1.1057943291891328,0.10769221562263608,0.013890601473809576
2024-12-17,37.74819564819336,38.09804284895211,37.45045319863826,37.496974790874376,9702700,0.011468566264650093,0.011403300785541482,38.02174453735351,38.73074493408203,39.85627746582031,38.92964439904828,40.39607555419865,-1.4664311551503744,-1.3950623808888036,-0.07136877426157073,25.7605636883238,39.85627746582031,42.57751349470743,37.13504143693319,0.13655244302334957,0.8805696539647165,7845600.0,1.2367059243397573,0.4597702338403629,0.01420523827905204
2024-12-18,37.3574104309082,38.483249302683404,37.320191736956126,38.00871982821947,11720500,-0.010352421104500076,-0.010406380143384254,37.77052536010742,38.47952499389648,39.72529296875,38.68776225010365,40.17098924876973,-1.4832269986660762,-1.4126953044442583,-0.07053169422181793,23.19662686458109,39.72529296875,42.665430658233205,36.78515527926679,0.14802346161656127,0.9283190658861891,8117140.0,1.4439199028229155,0.03200073214673305,0.014127268535575025
2024-12-19,36.380435943603516,37.757499100239635,36.37113304564246,37.27366677076175,9553500,-0.026152093414279376,-0.026500140935564805,37.36485061645508,38.192016983032225,39.53263778686524,38.33278897218055,39.89020752246112,-1.5574185502805662,-1.44163995361152,-0.11577859666904611,17.452271946234973,39.53263778686524,42.81731927505856,36.247956298671916,0.16617568025195933,0.9876683317865523,8354410.0,1.1435277895147593,0.00671027530074433,0.014810407808554783
2024-12-20,37.16201400756836,37.48301903103434,36.14782766977427,36.27809309841453,17715600,0.021483471643287455,0.0212559546681659,37.19364852905274,38.0012752532959,39.33876399993896,38.1526697468556,39.688119113950535,-1.5354493670949338,-1.460401836308203,-0.07504753078673088,23.94368569314024,39.33876399993896,42.7056583254334,35.97186967444453,0.17117438288094966,1.0312000909722623,8932280.0,1.9833234067897558,0.759581255260034,0.014942081578798509
2024-12-23,37.1899299621582,37.459756620645095,36.92288955913903,37.20853930918661,6718700,0.0007511959546691038,0.0007509139482071865,37.16759719848633,37.74447250366211,39.116520690917966,38.00455593382523,39.50306806566962,-1.498512131844393,-1.4680238954154412,-0.03048823642895182,25.746337155107184,39.116520690917966,42.43167806590017,35.80136331593576,0.16950164873697043,1.0230253924069694,8993510.0,0.7470609361639672,0.4974050695082655,0.014307700028797042
2024-12-24,37.30158233642578,37.38532262301272,36.68748808457824,37.134101763251905,3784100,0.003002220611364015,0.0029977229468033,37.07827453613281,37.55000953674316,38.8810848236084,37.89640614960993,39.3399950486886,-1.4435888990786694,-1.463136896148087,0.019547997069417677,30.672313058956945,38.8810848236084,41.9935459727976,35.768623674419196,0.16010155906449042,0.9632114787225515,8709530.0,0.4344780946847878,0.8799997839390427,0.01404652846145424
2024-12-26,37.42253875732422,37.557453851451505,37.07827118636365,37.20853660609914,5274200,0.0032426619280523372,0.0032374158376682963,37.09130020141602,37.430912780761716,38.712601280212404,37.823503473873664,39.19796124932827,-1.3744577754546086,-1.4454010720093915,0.07094329655478293,35.09835931355644,38.712601280212404,41.7534613717307,35.67174118869411,0.1570992385403254,0.9176862457534162,8511975.0,0.6196211807482987,0.7184474499155233,0.01306395102965656
2024-12-27,37.24575424194336,37.864501716979724,37.124798811001966,37.32949452840971,4855000,-0.004724011818846963,-0.004735205228458053,37.264363861083986,37.31460723876953,38.53069915771484,37.73461897665362,39.053353322855315,-1.318734346201694,-1.420067726847852,0.10133338064615804,35.151514398557836,38.53069915771484,41.457821906349565,35.60357640908012,0.15193717283215388,0.9166891261608434,8469695.0,0.5732201690851914,0.16351893216685676,0.012975059438345777
2024-12-30,36.69678497314453,37.14339857867153,36.50139218623324,37.12479278413949,7954900,-0.014739109999835076,-0.014848809935715579,37.17131805419922,37.18248329162598,38.308787727355956,37.57495220688299,38.87879270435822,-1.3038404974752282,-1.3968222809733275,0.09298178349809927,24.496163942970824,38.308787727355956,41.07299961646808,35.54457583824383,0.14431215671897793,0.8336141515208233,8650460.0,0.9195927153006892,0.3043471002301615,0.01290764983463182
2024-12-31,37.33879852294922,37.473713617244464,36.68748562094,36.78983524760328,6867200,0.017495089836194744,0.017343812609155688,37.20109176635742,37.18434448242188,38.11106796264649,37.53862087089318,38.76471906129088,-1.2260981903976997,-1.3626774628582021,0.1365792724605024,34.446200927099326,38.11106796264649,40.51923202587905,35.702903899413926,0.12637609975101496,0.8263036554196012,8613270.0,0.7972814041589316,0.8284020624889824,0.0137663740939887
2025-01-02,36.79914093017578,37.77610858242699,36.752619337091446,37.524891269897566,7130500,-0.014452998332063483,-0.014558460307026575,37.10060348510742,37.08943901062012,37.910091972351076,37.424854726167425,38.61912068120829,-1.194265955040862,-1.3289951612947342,0.13472920625387208,34.976977069300005,37.910091972351076,40.019156328465925,35.801027616236226,0.11126664412489694,0.8352757108299846,8495870.0,0.8392901492136767,0.04545391448108926,0.013856286526800484
2025-01-03,36.65957260131836,37.04570498096368,36.47348269762934,36.892184093587204,6839900,-0.003792706170022919,-0.0037999167175015534,36.94801025390625,37.01965522766113,37.74959011077881,37.30711901465219,38.473968971586814,-1.1668499569346267,-1.2965661204227128,0.12971616348808612,35.35832746881374,37.74959011077881,39.714417446291726,35.7847627752659,0.1040979427721992,0.8422537705945905,8289735.0,0.8251047832047708,0.3252056165177905,0.013179817945092109
2025-01-06,36.985225677490234,37.34809902189856,36.79913578181763,37.031747264066,6899400,0.00888316619818319,0.008843942990371886,36.895904541015625,37.0801342010498,37.63607559204102,37.25759696278112,38.36369169054262,-1.1060947277615014,-1.2584718418904706,0.15237711412896915,41.25984607835541,37.63607559204102,39.493993204157206,35.77815797992483,0.09873067703738417,0.8352753677285263,8147580.0,0.8468035907594648,0.3389842501208739,0.013202962141770535
2025-01-07,36.66887664794922,37.16666511502313,36.431611924579094,36.75261692976398,7248700,-0.00855338919112103,-0.008590179361765532,36.890322875976565,37.03082046508789,37.51604785919189,37.167024606653136,38.23814983553571,-1.071125228882572,-1.221002519288891,0.14987729040631903,44.1077831499101,37.51604785919189,39.292452084670785,35.739643633713,0.09470103205680025,0.8332813984472323,8079015.0,0.8972257137782267,0.32278578370490235,0.013258479878787201
2025-01-08,36.212955474853516,36.389742480877786,35.663995759551995,36.333914444864384,6196900,-0.012433464419237983,-0.012511406673339043,36.66515426635742,36.93312301635742,37.33879776000977,37.020244740222424,38.08813543844814,-1.0678906982257175,-1.1903801550762563,0.1224894568505388,36.18090693828666,37.33879776000977,38.86282953381076,35.814765986208776,0.0816326108621122,0.8494974451926142,7746070.0,0.8000056802998166,0.7564067347553654,0.012467920887214327
2025-01-10,35.82217025756836,36.1338688092595,35.775648668406504,36.02686950912421,7833500,-0.010791309689056394,-0.010849958182459,36.46976013183594,36.78518180847168,37.16759567260742,36.83592558904488,37.92028616579038,-1.0843605767455031,-1.1691762394101057,0.08481566266460261,36.18090693828666,37.16759567260742,38.5523565532073,35.78283479200754,0.07451441803218112,0.7976581052440237,7758485.0,1.0096687690960284,0.129868710766487,0.012403664497714158
2025-01-13,36.91079330444336,36.92940265147094,35.86869471648935,35.86869471648935,8230600,0.030389645268491305,0.02993702708268658,36.52000427246094,36.73400726318359,37.08246002197266,36.84744369910618,37.84550891680171,-0.9980652176955331,-1.1349540350671912,0.13688881737165803,54.679821195352154,37.08246002197266,38.29109135684203,35.873828687103284,0.06518614645054385,0.777719986622981,7813220.0,1.0534197168388961,0.982455720148395,0.014318654444061158
2025-01-14,37.29227066040039,37.32018289956984,36.90148156518213,37.143395919845496,4516000,0.010335116690951995,0.010282074524063909,36.58141326904297,36.7386589050293,37.02663307189941,36.91587861622837,37.80452830521643,-0.8886496889880604,-1.085693165851365,0.1970434768633047,51.23669357409006,37.02663307189941,38.06902255985966,35.98424358393916,0.05630484877931554,0.7122564132749558,7752085.0,0.5825529518832675,0.9333361367390155,0.014562647827095297
2025-01-15,37.59001922607422,37.93428324681358,37.348101282247825,37.664453059226354,5446400,0.007984189763751814,0.007952484767987045,36.76564178466797,36.827982330322264,37.00523281097412,37.01959255620466,37.78863874379849,-0.7690461875938297,-1.022363770199858,0.2533175826060283,53.61341885836622,37.00523281097412,37.977113564265245,36.033352057683,0.05252666606669245,0.7197668079111789,7645405.0,0.7123756033853014,0.41270109679781253,0.014551122844479566
2025-01-16,38.02732467651367,38.19480523011484,37.310880874857496,37.52488656507978,5812300,0.01163355218866502,0.011566402709933523,37.128515625,36.89683494567871,37.04058971405029,37.17462826702143,37.80631918325887,-0.6316909162374387,-0.9442291994073742,0.3125382831699355,56.19042598814686,37.04058971405029,38.107518075920034,35.97366135218055,0.05760860559220704,0.7330589376842406,7515030.0,0.7734233928540538,0.8105261375475191,0.014150214957196075
2025-01-17,38.185508728027344,38.50186054344028,38.13433390866862,38.25063967096205,6194800,0.004159747046611706,0.004151119216982727,37.601183319091795,37.035471725463864,37.062455368041995,37.330148337945424,37.83440729768616,-0.5042589597407385,-0.8562351514740469,0.3519761917333084,56.466899207060536,37.062455368041995,38.20564277437681,35.91926796170718,0.061689782556638637,0.7327270235298659,7339635.0,0.844020172665262,0.1392411137715352,0.013959641720457973
2025-01-21,38.68794631958008,38.85542333388229,38.28785425629356,38.44602837233391,5583600,0.013157807982376202,0.013071995939564577,37.95661392211914,37.23830909729004,37.12898216247559,37.539040335119985,37.89763241041904,-0.35859207529905746,-0.756706536239049,0.3981144609399916,61.58444286742095,37.12898216247559,38.48034591228206,35.77761841266911,0.07279293269570045,0.7277421449496652,7032790.0,0.7939381099108604,0.7049222236296784,0.013972622314555977
2025-01-22,37.980804443359375,38.580942523598154,37.97150154532524,38.52046481295197,5607300,-0.018278092881420682,-0.018447201040563764,38.094320678710936,37.337866973876956,37.20900058746338,37.60700404407989,37.90379330174795,-0.29678925766805975,-0.6647230805248513,0.36793382285679155,60.05833029529712,37.20900058746338,38.56326051082063,35.854740664106124,0.07279206116670264,0.7257480534171451,6835480.0,0.8203227864027106,0.015264641225558533,0.013233664513773311
2025-01-23,38.585594177246094,38.64141866191884,38.05524027663754,38.10176186365469,5442400,0.015923563040604938,0.015798113098377874,38.293435668945314,37.52953872680664,37.28017959594727,37.75755637225931,37.95429707030337,-0.19674069804406003,-0.5711266040286931,0.37438590598463306,59.82403070204969,37.28017959594727,38.76718066576754,35.793178526126994,0.07977435119341139,0.716775640721074,6221820.0,0.8747279734868575,0.9047653493848778,0.01286125243098926
2025-01-24,38.492549896240234,39.00429448463882,38.43672540802535,38.818208124762826,5111600,-0.0024113735447082174,-0.002414285588185931,38.386480712890624,37.75749816894531,37.345310592651366,37.8706322990256,37.994167650002396,-0.12353535097679469,-0.4816083534183134,0.3580730024415187,64.35328619143235,37.345310592651366,38.92677717893813,35.7638440063646,0.08469425270212957,0.6842099143837826,6141465.0,0.8323095548049203,0.09835716837217322,0.012896286330588529
2025-01-27,39.004295349121094,39.050820489491066,38.40416079129111,38.83681833139474,6182700,0.0132946623245358,0.013207063842091723,38.550238037109374,38.075710678100585,37.430446243286134,38.04504199904029,38.068991924011186,-0.023949924970892766,-0.39007666772882926,0.3661267427579365,68.69435308301485,37.430446243286134,39.176737372233994,35.684155114338274,0.09330859256112077,0.6895268725884698,6261395.0,0.9874317144981271,0.9280531169949027,0.013149592429718603
2025-01-28,38.5390739440918,39.24063177539922,38.40881206412305,39.088037259224386,6009600,-0.011927440320743554,-0.011999142960017977,38.52046356201172,38.23853874206543,37.486273002624515,38.1210469136636,38.103812814387524,0.017234099276073778,-0.3086145143278487,0.3258486136039225,62.11903750328762,37.486273002624515,39.30152653967599,35.67101946557304,0.09684897385901152,0.699762107638182,6298165.0,0.9541826865444141,0.1565986915637225,0.01352548918477782
2025-01-29,38.19480895996094,38.59024781426916,37.99476292081161,38.36228952991712,6765200,-0.00893288159000083,-0.008973018983929848,38.56326446533203,38.328792572021484,37.53372573852539,38.13239492078627,38.11055326961519,0.021841651171079945,-0.24252328122806296,0.26436493239914294,61.84971064019377,37.53372573852539,39.3719788769069,35.69547260014388,0.09795207388616312,0.689792943567719,6393675.0,1.0581082085029345,0.33593805315265646,0.013660439221599404
2025-01-30,35.868690490722656,36.734005504025134,34.88242006004599,36.5851342947134,18933200,-0.06090142960727252,-0.06283483148906535,38.019883728027345,38.15665969848633,37.4923210144043,37.78413270077648,37.94448936006759,-0.16035665929111076,-0.22608995684067254,0.06573329754956178,47.92833285509326,37.4923210144043,39.443766624943095,35.5408754038655,0.10409841576834176,0.8546149443904137,6942590.0,2.7271090471999644,0.5326626586729367,0.019269717015748672
2025-01-31,36.333919525146484,36.54792170239888,35.7384345885537,36.12457057222159,12725800,0.012970337864555148,0.012886943361581978,37.588157653808594,37.98731918334961,37.44207706451416,37.56102298144879,37.82518789081418,-0.26416490936539105,-0.23370494734561625,-0.0304599620197748,53.05218325112393,37.44207706451416,39.4607530572148,35.423401071813515,0.10782927395947538,0.8811992520617115,7235520.0,1.7587954977665738,0.7356323764164948,0.019067124911295728
2025-02-03,34.78007125854492,35.63607984493692,34.11014902615488,35.543036667935944,14986900,-0.04276577608221299,-0.04370716938964755,36.74331283569336,37.64677543640137,37.34112358093262,37.13318425484819,37.59962369583127,-0.46643944098308054,-0.28025184607310916,-0.1861875949099714,37.96005856192199,37.34112358093262,39.67285330021075,35.00939386165449,0.12488803204993937,0.9609519738537848,7628340.0,1.9646345076386214,0.439025295088085,0.02105165039040653
2025-02-04,35.868690490722656,36.21295449674925,34.92894164744911,34.96616033711944,10017100,0.03130008630762293,0.03082022602806557,36.20923614501953,37.36484985351562,37.30157947540283,36.93864675267503,37.47140642137878,-0.5327596687037541,-0.3307534105992382,-0.20200625810451595,42.55114534351523,37.30157947540283,39.707617900504914,34.89554105030075,0.12900464049725596,1.0333935384121145,7787200.0,1.2863545305116089,0.7318842926431166,0.022368542975136716
2025-02-05,35.3104248046875,35.7756477835388,35.09642266034026,35.56164563919156,6757400,-0.015564150193315585,-0.015686543202017587,35.63235931396484,37.09781188964844,37.2178394317627,36.68815106836926,37.311333709031274,-0.6231826406620158,-0.38923925661179376,-0.23394338405022203,38.388628907588895,37.2178394317627,39.781644933403264,34.65403393012213,0.1377729358170397,1.042697484409915,7780100.0,0.868549247438979,0.315068059009363,0.022476491196454427
2025-02-06,36.07339096069336,36.18504348412989,35.53373059023897,35.56164638312539,7610300,0.021607391024776712,0.02137726046411018,35.673299407958986,36.846591567993165,37.188065147399904,36.593572590265275,37.219634246191426,-0.6260616559261507,-0.43660373647466527,-0.18945791945148543,40.36700077333004,37.188065147399904,39.79222742682007,34.58390286797974,0.1400536580270158,1.0420327932802758,7798180.0,0.975907198859221,0.8285731285691967,0.023023778690154456
2025-02-07,35.896610260009766,36.31065846770244,35.66864842254796,36.194352711623154,5966200,-0.004900584502194993,-0.004912631741551885,35.58583755493164,36.58699760437012,37.172247886657715,36.48634761637981,37.12163246943723,-0.6352848530574207,-0.4763399597912164,-0.15894489326620426,38.73626012621705,37.172247886657715,39.8050332330685,34.53946254024693,0.14165327609126235,1.0539952345822665,7786645.0,0.7662093237845053,0.3550751824392437,0.02288053085132148
2025-02-10,35.88730239868164,36.2873944677889,35.49651677734145,36.19435128633739,5911100,-0.0002592963865029052,-0.0002593300096232933,35.80728378295898,36.275298309326175,37.175504493713376,36.394186813657015,37.030200612344224,-0.636013798687209,-0.5082747275704149,-0.12773907111679406,35.51492441903595,37.175504493713376,39.801410529793124,34.54959845763363,0.1412707680415638,1.0626354549103023,7690525.0,0.7686211279464016,0.49411637364297833,0.02274439033016857
2025-02-11,35.94313049316406,36.129220405726834,35.76169380449208,35.96173983935733,5446500,0.0015556503484772666,0.0015544415779277447,35.82217178344727,36.015703964233396,37.12712135314941,36.32479353358118,36.94967689981236,-0.624883366231181,-0.5315964553025682,-0.09328691092861285,38.69971542180277,37.12712135314941,39.80863396719899,34.44560873909983,0.14445033799110385,1.0377127282660104,7551320.0,0.7212646265818426,0.4936695279354625,0.021625774906331607
2025-02-12,35.59886169433594,35.87799832831207,35.406262244035254,35.71051776767428,5607400,-0.00957815287941044,-0.009624318409204897,35.879859161376956,35.7561092376709,37.04245090484619,36.213111712158835,36.849616514221516,-0.6365048020626816,-0.5525781246545909,-0.08392667740809068,32.94369476525834,37.04245090484619,39.80764219418286,34.27725961550952,0.1492985060000393,1.0288737304495348,7605890.0,0.7372444250442749,0.40827796015046225,0.021529736175561844
2025-02-13,35.673301696777344,35.97569737288271,35.40347149044516,35.701213942477224,6619000,0.002091078166503557,0.002088894905604036,35.79984130859375,35.73657035827637,36.946615028381345,36.130064017484756,36.76248208329972,-0.6324180658149672,-0.5685461128866661,-0.06387195292830106,33.865862822208356,36.946615028381345,39.76426211694926,34.12896793981343,0.15252531721260418,1.0292063594369694,7664520.0,0.8635896311836879,0.4715449089218352,0.02142457889031761
2025-02-14,35.9803466796875,36.76192149562256,35.924522188858546,36.12922145355129,5387700,0.008607136662595272,0.00857030644607835,35.8165885925293,35.70121307373047,36.84426612854004,36.10703058090056,36.7045461274766,-0.5975155465760338,-0.5743399996245396,-0.023175546951494153,32.27920485222201,36.84426612854004,39.64528575611528,34.043246500964806,0.15204643337463739,1.060774938054488,7643290.0,0.7048927883149796,0.06666412273260269,0.02133079120330207
2025-02-18,36.957313537597656,37.23644660719353,35.99895181451343,36.02686760603171,7612300,0.02715279167839979,0.026790694640437075,36.0305908203125,35.918937301635744,36.78285636901855,36.23784334346934,36.72326963933742,-0.4854262958680735,-0.5565572588732465,0.07113096300517296,41.25514537815445,36.78285636901855,39.51302127117211,34.052691466865,0.1484476830599331,1.0910806677851919,7714165.0,0.9867950711450948,0.774436968146176,0.022308259727765643
2025-02-19,36.212955474853516,36.65026621686762,36.09200005421235,36.287392856204725,6219800,-0.020141021938374526,-0.020346617609225626,36.08455581665039,35.95336380004883,36.65910682678223,36.23401444060537,36.685468590116386,-0.45145414951101515,-0.5355366370008002,0.08408248748978508,39.50738761052939,36.65910682678223,39.246309835596435,34.07190381796802,0.1411492659130506,1.1103541384943172,7745975.0,0.8029718660336498,0.21666263615054526,0.02240751368301273
2025-02-20,36.83635711669922,36.8549664625401,36.222262901429296,36.28739383718749,5747100,0.017214878865067895,0.017068381734771997,36.332054901123044,36.10595703125,36.60188446044922,36.32668254461981,36.696645518011415,-0.36996297339160833,-0.5024219042789618,0.1324589308873535,56.25000615963204,36.60188446044922,39.11558323582582,34.088185685072624,0.13735351676183863,0.9196128590494338,7752965.0,0.7412776918249986,0.9705875599718715,0.02254373374632826
2025-02-21,36.76192092895508,37.30158132778281,36.43161301561876,37.068969821261184,5962900,-0.0020207260861415666,-0.0020227705077074474,36.54977874755859,36.17481002807617,36.51070079803467,36.393642296056,36.70148073363687,-0.3078384375808696,-0.4635052109393434,0.1556667733584738,52.91136323770121,36.51070079803467,38.847498224483566,34.17390337158577,0.1280061667057721,0.9239329446436392,7778990.0,0.7665391008344271,0.3796780927777642,0.022176978480120103
2025-02-24,36.333919525146484,36.69679293654708,36.18970151532579,36.66888068932247,7411700,-0.011642520113019583,-0.011710824928016984,36.62049331665039,36.21854095458984,36.40276927947998,36.384454177454536,36.6742539774524,-0.28979979999786565,-0.4287641287510478,0.13896432875318215,62.48133921326859,36.40276927947998,38.545492437404846,34.26004612155512,0.11772308537706237,0.8059650099749024,7893995.0,0.9389035589710913,0.28440237981020466,0.022277869622827278
2025-02-25,36.50139617919922,36.81774796139175,36.273437902865865,36.46417748732485,6180000,0.004609374827750923,0.004598784191271663,36.529309844970705,36.279950332641604,36.27762432098389,36.402445254646025,36.66144969610031,-0.25900444145428736,-0.3948121912916957,0.13580774983740834,55.9649339850909,36.27762432098389,38.03902694307354,34.51622169889424,0.09710683403658316,0.7424954971407283,7893860.0,0.782886952644207,0.41880224069842253,0.02203418345821669
2025-02-26,36.1478271484375,36.8177494314455,35.85939114831902,36.789837186110155,6294900,-0.009686452239413335,-0.009733671087397748,36.5162841796875,36.30041999816895,36.15806198120117,36.36327323830625,36.623403581458625,-0.26013034315237604,-0.3678758216638318,0.10774547851145577,58.21168429305897,36.15806198120117,37.561355178048004,34.75476878435434,0.0776199342529151,0.7557876723367342,7908125.0,0.796004109697305,0.30096885704145926,0.021992462502819124
2025-02-27,35.75703811645508,36.09199922611071,35.50581728421336,36.05478053628906,7949600,-0.010810858156914516,-0.010869720100452486,36.30042037963867,36.31623764038086,36.03617343902588,36.270006296483,36.55922836182873,-0.2892220653457329,-0.3521450704002121,0.06292300505447918,46.65353313942415,36.03617343902588,37.06922681644531,35.00312006160645,0.05733424383514973,0.739172756964002,7967345.0,0.9977727837817993,0.4285714212601913,0.022023275040163885
2025-02-28,36.11717224121094,36.3067146680745,35.65279347615627,35.82338129881136,10056900,0.010071698992040634,0.010021317434591424,36.171470642089844,36.36062469482422,36.048597526550296,36.246493364902676,36.52648346400519,-0.2799900991025126,-0.3377140761406722,0.057723977038159624,52.24603828819555,36.048597526550296,37.07914359455256,35.01805145854803,0.057175376503524424,0.7400235531614128,7523530.0,1.3367262441965406,0.7101448365528565,0.017456941824509836
2025-03-03,34.17436981201172,36.666840564091395,34.12698149483416,36.647885960264574,10954300,-0.053791653904244896,-0.055292495177452126,35.73956069946289,36.18002700805664,35.940620040893556,35.927705125996376,36.352252823116785,-0.42454769712040985,-0.35508080033661976,-0.06946689678379009,37.48499849775946,35.940620040893556,37.25793452012704,34.623305561660075,0.07330505025982462,0.8649507945049686,7434955.0,1.473351217324113,0.01865785293545314,0.020973799642858143
2025-03-04,33.75737380981445,34.316521937158406,33.62469520590586,34.013255523875664,8840500,-0.01220201000021659,-0.012277065702765447,35.190756225585936,35.86003303527832,35.88948516845703,35.59380800042993,36.16003956287217,-0.5662315624422405,-0.397310952757744,-0.16892060968449651,34.831004969118396,35.88948516845703,37.45289257755584,34.32607775935821,0.0871234235743722,0.8881150895062397,7127635.0,1.2403132315277088,0.19178010330791911,0.018925671008037544
2025-03-05,35.80442428588867,36.041351399723766,34.307046806365726,34.3639069999448,10393200,0.060640098593186975,0.05887259246725602,35.12207565307617,35.819179916381835,35.88627185821533,35.626210505885126,36.13369769050302,-0.5074871846178937,-0.41934619912977394,-0.08814098548811972,51.15387794379451,35.88627185821533,37.45012333725075,34.32242037917991,0.0871559734716446,1.0129086138477044,7146440.0,1.4543185138334611,0.8633878250819697,0.022404586306866835
2025-03-06,35.48220443725586,35.71913155890874,34.80459272471978,35.37321998581928,9128500,-0.008999442249370437,-0.009040181836334121,35.067108917236325,35.6837646484375,35.89486083984375,35.60405572609601,36.08543893100323,-0.48138320490722464,-0.4317536002852641,-0.04962960462196053,48.956351122690776,35.89486083984375,37.44724065092513,34.34248102876237,0.08649593700935698,1.0434518766142287,7264995.0,1.2565046500376118,0.7409326753496217,0.022209526572199566
2025-03-07,35.49168395996094,35.65279266925501,34.83776278284238,35.2452777260487,8667000,0.00026716273285232184,0.00026712705124446503,34.94201126098633,35.55674095153809,35.86577548980713,35.586767762075226,36.04145708129639,-0.45468931922116695,-0.4363407440724447,-0.018348575148722235,47.241587811823315,35.86577548980713,37.42584998603703,34.305700993577226,0.08699516321197444,1.0239097400119006,7317830.0,1.1843674969219018,0.8023278409746764,0.021646356701117763
2025-03-10,35.444297790527344,36.357885794411914,35.21779335767898,35.40638858453804,6310800,-0.0013351344356342665,-0.0013360265217398691,35.195996856689455,35.46777877807617,35.84315986633301,35.56484930491401,35.99722305975794,-0.4323737548439297,-0.4355473462267417,0.00317359138281198,40.45789258934208,35.84315986633301,37.414426026902895,34.27189370576313,0.087674533519337,1.0156234906709654,7335060.0,0.8603610604412234,0.1986719879580289,0.021623667614895325
2025-03-11,34.752464294433594,35.72860637674406,34.278610108045,35.63857292445966,6997100,-0.01951889413023289,-0.01971190342455216,35.395014953613284,35.29288558959961,35.786417961120605,35.439866995609336,35.90501870677095,-0.46515171116161724,-0.4414682192137168,-0.023683491947900426,40.727718348199474,35.786417961120605,37.43121471971726,34.14162120252395,0.09192296140863328,1.057386546764805,7389360.0,0.9469155650827676,0.3267968293089248,0.02204128541717919
2025-03-12,33.88058090209961,34.87567416359255,33.86162629713902,34.87567416359255,6923900,-0.025088390421672546,-0.025408468936610893,35.01024627685547,35.06616096496582,35.68329048156738,35.19997682737707,35.75506035086937,-0.5550835234923,-0.4641912800694335,-0.09089224342286645,31.80849829997375,35.68329048156738,37.532637070485805,33.83394389264896,0.10365336626529571,1.0839606095338727,7463230.0,0.9277350423342172,0.0186920217484026,0.022651527937462057
2025-03-13,34.33547592163086,35.254754253902924,33.757373201963716,33.81423700913812,7958400,0.013426423261327924,0.013337087591205348,34.78090057373047,34.9240047454834,35.62012119293213,35.0669766880315,35.649905948703555,-0.5829292606720529,-0.4879388761899574,-0.09499038448209546,35.734374327175644,35.62012119293213,37.565429287354206,33.67481309851006,0.10922523726887652,1.1287758052320978,7580780.0,1.0498128160954414,0.3860758856656447,0.02286735792474181
2025-03-14,35.03678512573242,35.2358030471911,34.74299418318312,34.85671819327077,5991200,0.02042520702792272,0.020219410065392046,34.689920806884764,34.815966033935545,35.58829536437988,35.06233183229318,35.60448959144644,-0.5421577591532554,-0.498782652782617,-0.04337510637063835,42.6112989960253,35.58829536437988,37.55069224197142,33.625898486788344,0.11028327473957569,1.1522120703700227,7549390.0,0.7936005425603923,0.5961559501961103,0.02338300915526114
2025-03-17,35.54854202270508,35.809163290006026,35.074687802318486,35.074687802318486,5097100,0.014606274380944972,0.014500630224515617,34.71076965332031,34.95338325500488,35.56670513153076,35.13713340004886,35.600345327095226,-0.46321192704636616,-0.49166850763536696,0.0284565805890008,44.77722415166615,35.56670513153076,37.52042280120891,33.61298746185261,0.10986216814028858,1.1685026493520023,7534860.0,0.6764691049336019,0.645160011298537,0.023545801375655456
2025-03-18,35.643314361572266,35.82337766043303,35.36847805129473,35.79494756461837,4866000,0.0026659979136882672,0.0026624504448812198,34.888939666748044,35.141977310180664,35.50100517272949,35.21500739412938,35.603528218537974,-0.3885208244085945,-0.4710389709900125,0.08251814658141804,47.153924981805176,35.50100517272949,37.34300397404536,33.659006371413625,0.10377164209033833,1.132541315495704,7397545.0,0.657785792448711,0.604169136914529,0.02266092854598911
2025-03-19,35.24527359008789,35.74756149324915,35.103119501254795,35.539064491362566,5525100,-0.011167333302581683,-0.011230156115856642,35.161878204345705,35.08606224060058,35.45262107849121,35.21966373196915,35.57699083865278,-0.3573271066836341,-0.44829659812873685,0.09096949144510275,47.11537634538076,35.45262107849121,37.26650107350007,33.63874108348235,0.10232698964586999,1.1327150389078622,7362810.0,0.7504064344998717,0.22058476696610516,0.02236062656860254
2025-03-20,34.69560623168945,35.06521194128388,34.59135772586112,34.83776032718382,5406300,-0.01559549132150928,-0.015718380347229763,35.23390426635742,35.007402420043945,35.345583534240724,35.13903950115689,35.511703089988835,-0.37266358883194783,-0.4331699962693791,0.06050640743743124,42.15479343794592,35.345583534240724,37.06589368740628,33.62527338107517,0.09734229746123846,1.132714658358472,7345770.0,0.7359745812896401,0.2200012160603273,0.022147483929621445
2025-03-21,34.27861404418945,34.45394141476512,33.941230779157955,34.35443245802357,13257700,-0.012018587734579977,-0.012091394907783722,35.08227005004883,34.886095428466795,35.22141819000244,35.00666635393113,35.42036316067036,-0.4136968067392317,-0.4292753583633496,0.01557855162411792,50.6917993161751,35.22141819000244,36.868203893792696,33.57463248621218,0.09351047109498253,1.005180114306634,7710510.0,1.7194323073311624,0.6580383456480822,0.022242609917442528
2025-03-24,34.39234161376953,34.93064078248374,34.08907518932622,34.619789624491546,6797400,0.0033177411850278116,0.0033122496247738626,34.85102996826172,34.78089981079101,35.1243392944336,34.91215485544473,35.34421341645548,-0.4320585610107486,-0.42983199889282947,-0.0022265621179191064,54.390586035734955,35.1243392944336,36.72320484565884,33.52547374320835,0.09104032037856032,1.015875747299846,7679795.0,0.8851017507628784,0.3603598142622096,0.022197281487708147
2025-03-25,33.473060607910156,34.420769013831105,33.383027152477055,34.39233891852409,7218000,-0.026729235717155242,-0.027092957725227237,34.416979217529295,34.65295944213867,34.97292251586914,34.690755740439414,35.20560950471138,-0.5148537642719688,-0.44683635196865734,-0.06801741230331149,30.900621215066423,34.97292251586914,36.59608754051232,33.349757491225965,0.09282409978214769,0.9268589095458987,7731695.0,0.9335598468382418,0.08675900811020087,0.02276712375509122
2025-03-26,33.71946716308594,33.90900595403349,33.29299765301254,33.425676252764106,5801600,0.007361339259116084,0.007334376840094298,34.11181793212891,34.636848068237306,34.851504516601565,34.54132672853888,35.0955248868132,-0.5541981582743247,-0.4683087132297908,-0.08588944504453394,35.37737610399638,34.851504516601565,36.46790468374911,33.23510434945402,0.09275927622450683,0.8994429623924743,7707030.0,0.7527672787052859,0.692311292629449,0.02286494174807966
2025-03-27,33.397247314453125,33.54888052159801,32.800189979661035,33.169795696125384,6911900,-0.009555899773693866,-0.009601850350982872,33.85214614868164,34.543025207519534,34.73351497650147,34.365314510987226,34.969726548119866,-0.60441203713264,-0.4955293780103607,-0.10888265912227935,33.482808455643024,34.73351497650147,36.414805358431494,33.05222459457144,0.09681084008154558,0.9068891978933513,7655145.0,0.9029090892465133,0.7974687716405858,0.022844737776322958
2025-03-28,32.563262939453125,33.37829278536446,32.34055087513772,33.22665957788473,6913700,-0.0249716501227657,-0.02528873160984836,33.50907592773437,34.2956729888916,34.555819511413574,34.08807580767429,34.79146998451492,-0.7033941768406322,-0.537102337776415,-0.16629183906421718,29.787232903695454,34.555819511413574,36.36753433250847,32.74410469031868,0.1048572915769801,0.9009323409349561,7497985.0,0.9220743973214137,0.21461218822763004,0.02311863762068682
2025-03-31,33.09397888183594,33.3688152128043,32.155749497110826,32.33581280952751,8477200,0.016297996406859028,0.01616660970127083,33.249403381347655,34.05021667480469,34.501799964904784,33.93513781908377,34.66572990283499,-0.730592083751219,-0.5758002869713759,-0.15479179677984312,38.09526156569208,34.501799964904784,36.422550215342305,32.58104971446726,0.11134203156886352,0.8840087300059858,7374130.0,1.149586459690838,0.7734365623006564,0.020481232349904344
2025-04-01,32.80018997192383,32.947083624529924,32.31117351166058,32.676986861391164,6446000,-0.008877412745113,-0.008917051742506099,33.11482925415039,33.76590423583984,34.45394077301025,33.76053045798224,34.527541759804535,-0.7670113018222935,-0.6140424899415594,-0.15296881188073408,41.5430049090453,34.45394077301025,36.49662133718612,32.411260208834385,0.1185745675731826,0.8674914088432593,7254405.0,0.8885635693072003,0.7690024779865371,0.020402360696450676
2025-04-02,33.065547943115234,33.33090515787063,32.50639980115143,32.525354404379804,5146700,0.008090135191855419,0.008057585484651804,32.98404541015625,33.54793167114258,34.31699695587158,33.653610071079626,34.41924592153126,-0.7656358504516305,-0.6443611620435736,-0.12127468840805689,39.755375209106,34.31699695587158,36.34565169368701,32.28834221805615,0.11823031837104442,0.8194288591846873,6992080.0,0.7360756741913708,0.6781619192955849,0.014561017344724664
2025-04-03,29.81490707397461,31.880911791442376,29.739090470012965,31.729278583519093,18080900,-0.09830899747171618,-0.10348338686887491,32.26757736206055,33.059861755371095,34.03363208770752,33.06304037921731,34.07818378467521,-1.0151434054578985,-0.7185176107264387,-0.2966257947314598,20.151665935476785,34.03363208770752,36.81906532717614,31.24819884823889,0.16368709823802122,0.9927238840091182,7439700.0,2.43032649165961,0.03539819257988538,0.025672073422265258
2025-04-04,26.725378036499023,28.848244670016243,26.578482581376832,28.630270360697104,18677500,-0.10362363464055302,-0.10939490357939016,31.100000381469727,32.30453815460205,33.59531679153442,32.088015403414495,33.533531507032535,-1.44551610361804,-0.8639173093047592,-0.5815987943132808,11.04606267790146,33.59531679153442,37.80797411297424,29.382659470094605,0.2507883671751149,1.1687271931751304,7940225.0,2.3522633174752605,0.06471843688386836,0.03323617450487574
2025-04-07,26.080936431884766,27.758380787097998,24.951266710573954,25.796622818269938,19652900,-0.024113470115713187,-0.024408959692264826,29.69739189147949,31.473397636413573,33.127148723602296,31.163849407794533,32.98148742739196,-1.8176380195974282,-1.0546614513632933,-0.762976568234135,9.736657644014954,33.127148723602296,38.417842495055666,27.83645495214893,0.31941739481393255,1.3367425122741121,8607330.0,2.2832748366798996,0.4024309972772229,0.033186535090396915
2025-04-08,24.46035385131836,27.4835442218531,23.99597694172443,27.4835442218531,17050500,-0.0621366715416396,-0.0641510458602287,28.0294246673584,30.572126960754396,32.612543201446535,30.13254239910589,32.35029234768281,-2.2177499485769196,-1.2872791508060186,-0.930470797770901,8.82781089699155,32.612543201446535,39.10358396716345,26.121502435729617,0.39807019805980703,1.539822889997992,9110000.0,1.8716245883644347,0.13315210029303765,0.034841316790699774
2025-04-09,28.29857635498047,28.563933577796035,23.749574475792045,24.024410808120173,19876900,0.15691606617764609,0.14575790122194246,27.076030349731447,30.030037879943848,32.33344297409057,29.850393776932748,32.05016523711227,-2.1997714601795195,-1.469777612680719,-0.7299938474988006,30.48006699161418,32.33344297409057,39.07028746671188,25.596598481469265,0.4167106174260301,1.8369974069820791,9757650.0,2.0370581031293393,0.9448821272692491,0.052071127414962094
2025-04-10,25.862964630126953,27.312957410837267,25.227999892345895,27.29400280789206,15213200,-0.0860683482554363,-0.0899994895970025,26.285641860961913,29.27660961151123,31.90981740951538,29.236943138962626,31.591854081039283,-2.354910942076657,-1.6468042785599066,-0.7081066635167503,27.136992002706123,31.90981740951538,39.16238692668867,24.657247892342095,0.45456665728275836,2.002440336275156,10120390.0,1.503222701891923,0.3045456461842193,0.05463613763816211
2025-04-11,26.94335174560547,27.019168349928243,25.08584222828188,25.597605663168423,11189100,0.041773521749320475,0.04092457013854417,26.329236602783205,28.714618492126466,31.505145740509032,28.884082924599987,31.24752057471085,-2.363437650110864,-1.7901309528700984,-0.5733066972407657,30.7729996400183,31.505145740509032,38.92434633236455,24.085945148653515,0.470983416675072,2.080423231167216,10380285.0,1.077918380853705,0.9607843637543908,0.05551824903012316
2025-04-14,27.369821548461914,27.910016928903683,26.78224327217942,27.625703285364242,10448500,0.0158283871614453,0.0157044246151752,26.58701362609863,28.14220275878906,31.096209716796874,28.651119635963358,30.960283609803522,-2.309163973840164,-1.8939375570641117,-0.4152264167760522,33.83535584085874,31.096209716796874,38.47853329914807,23.713886134445683,0.4748053637137371,2.0868540736936603,10647855.0,0.9812774497774435,0.5210072673439662,0.05554928266298597
2025-04-15,26.25152587890625,27.256096371519494,26.237309022390395,26.602177007715458,12375800,-0.04085871249016271,-0.0417168869943616,26.94524803161621,27.487336349487304,30.626620292663574,28.28195136564688,30.611486740848168,-2.3295353752012886,-1.9810571206915473,-0.34847825450974135,31.09405689216362,30.626620292663574,37.98587294776206,23.267367637565087,0.48057882879498476,2.1237472326258438,11023345.0,1.1226900727501499,0.01395468484022816,0.0558151492685958
2025-04-16,26.033550262451172,26.706424196524544,25.80136270632087,26.251524577990953,8672400,-0.008303350344683325,-0.008338015181045568,26.49224281311035,26.7841365814209,30.166034126281737,27.93604350361677,30.27238033504098,-2.3363368314242123,-2.0521130628380804,-0.28422376858613196,31.259045972471895,30.166034126281737,37.46094785521648,22.87112039734699,0.483650830493436,2.122731825967185,11180710.0,0.7756573598635507,0.2565434018329704,0.05582572141838985
2025-04-17,26.677993774414062,26.924398200042894,26.279956134184484,26.279956134184484,8474900,0.024754346044472797,0.02445292147111386,26.655248641967773,26.470445251464845,29.76515350341797,27.742497391431737,30.00612947869825,-2.2636320872665117,-2.0944168677237665,-0.1692152195427452,34.87579883518825,29.76515350341797,36.89123881757802,22.63906818925792,0.4788206661418194,2.110885504415493,11334140.0,0.7477320731877319,0.6176468842438382,0.05647434021375347
2025-04-21,26.64956283569336,26.858058047289155,26.261000701975487,26.696947535907263,7745100,-0.0010657075251276904,-0.0010662757951678955,26.59649085998535,26.462863731384278,29.383700942993165,27.57435361362583,29.75749491254974,-2.183141298923907,-2.1121617539637945,-0.0709795449601125,33.000011673017056,29.383700942993165,36.30636615207467,22.461035733911658,0.4711908293997449,2.066884906531221,11058510.0,0.700374643600268,0.6507953218560358,0.05652275810799872
2025-04-22,27.48354721069336,27.815245555792803,27.009692948440026,27.04760215707336,8488300,0.03129448614755481,0.03081479581881076,26.61923599243164,26.603124809265136,29.038261222839356,27.560383397790066,29.58905434204186,-2.028670944251793,-2.095463592021394,0.06679264776960103,36.36364792666153,29.038261222839356,35.588041057115774,22.488481388562942,0.45111377599460684,2.0942332886686557,11143055.0,0.7617569867509404,0.5882350228226215,0.05723776714010464
2025-04-23,27.48354721069336,29.142037128580025,27.23240503013447,28.48811774053947,10727000,0.0,0.0,26.865640258789064,26.905444145202637,28.738785552978516,27.548562445929033,29.433090850830858,-1.8845284049018254,-2.0532765545974803,0.16874814969565488,35.48547434509523,28.738785552978516,34.97499816802081,22.502572937936222,0.4339927728362876,2.17174234164911,11318505.0,0.9477400062994186,0.1315133838859258,0.057129077210511255
2025-04-24,28.20380401611328,28.60089445416625,26.583221607855045,27.0286457413932,13069300,0.02620683567147708,0.025869320652905765,27.299691009521485,26.895966911315917,28.463002395629882,27.649368841341992,29.342032566777704,-1.692663725435711,-1.9811539887651264,0.2884902633294153,45.17594277576468,28.463002395629882,34.24295032657434,22.683054464685423,0.40613761335535653,2.078257725449748,11681890.0,1.11876588462997,0.8031938394716043,0.0575544453432731
2025-04-25,28.45020866394043,28.507070665930986,27.597271403640317,27.80576661601265,12991600,0.008736574955859666,0.00869863191951805,27.654133987426757,27.154691314697267,28.215650463104247,27.772574967895597,29.275971536937906,-1.5033965690423088,-1.885602504820563,0.3822059357782541,56.224350506506084,28.215650463104247,33.509475507261385,22.921825418947112,0.37524033345107705,1.9120702089992405,11985875.0,1.0839091847695725,0.9375004864013682,0.057662558399112315
2025-04-28,28.383867263793945,29.32209836158329,28.15641565741139,28.66817906035666,9347200,-0.0023318423049237813,-0.0023345652830519498,28.000994873046874,27.298742866516115,28.00668067932129,27.866619936495344,29.20988973892724,-1.343269802431898,-1.77713596434283,0.43386616191093186,58.672366845587355,28.00668067932129,32.892104053271964,23.121257305370612,0.34887557221715493,1.7948251109740874,12107550.0,0.7720141564560956,0.19512308419545932,0.05750122674869482
2025-04-29,29.04726219177246,29.108863744101203,28.2132795924424,28.241709687663107,9498800,0.02337225304124546,0.023103304495648985,28.313737869262695,27.466486930847168,27.804344844818115,28.048257206537976,29.197843253952815,-1.1495860474148394,-1.6516259809572318,0.5020399335423924,68.61536846704068,27.804344844818115,32.102529979874525,23.5061597097617,0.3091736316065339,1.6096834589405251,12158630.0,0.7812393337078273,0.9312163334659204,0.05766254104815623
2025-04-30,28.990402221679688,29.03778692210244,28.203804264432982,28.635011545677674,11306100,-0.0019574984285052333,-0.0019594168324780204,28.61510887145996,27.74037456512451,27.61385545730591,28.193202593482855,29.182477251562215,-0.9892746580793599,-1.5191557163816576,0.5298810583022977,54.051045161520896,27.61385545730591,31.26944721858512,23.958263696026698,0.26476503919788835,1.3260476607502028,12401635.0,0.9116620510118222,0.9431826196638248,0.05765840585705751
2025-05-01,28.93354034423828,29.232067211885905,28.687135924235946,29.07569625372912,7009600,-0.0019614035364740046,-0.001963329607337339,28.76105613708496,28.030373573303223,27.40725507736206,28.30710070898369,29.16403748064933,-0.8569367716656409,-1.3867119274384543,0.5297751557728134,74.92307263590398,27.40725507736206,30.10785387043647,24.706656284287646,0.19707181806069027,1.1456444339655876,12494780.0,0.561002274549852,0.4521752027548526,0.057585826092551674
2025-05-02,28.82929039001465,29.435823204193877,28.630270680605605,29.246282603568055,8619400,-0.0036030832377688116,-0.003609589976427204,28.836872482299803,28.245503234863282,27.357974243164062,28.387437582988454,29.139241399861575,-0.7518038168731209,-1.2597303053253877,0.5079264884522667,68.19010167066915,27.357974243164062,29.905199153232154,24.81074933309597,0.18621443879051586,1.0650891769614381,12021705.0,0.7169864840303435,0.24705987643353974,0.05324760215895171
2025-05-05,27.436161041259766,28.43125421576744,27.40772913630423,28.34122256149061,9061700,-0.04832340060778639,-0.04953000842488666,28.64733123779297,28.324163055419923,27.3935133934021,28.24108734579943,29.013087299224402,-0.7719999534249737,-1.1621842349453049,0.39018428152033113,50.53929030939612,27.3935133934021,29.92335048478528,24.863676302018916,0.1847033679142822,1.0860740053175921,11540915.0,0.7851803778123312,0.027778415251595766,0.048857857452231285
2025-05-06,27.294002532958984,27.748903961009614,27.132892024768438,27.379296437742827,7691300,-0.0051814285565315865,-0.0051948987073708736,28.296679306030274,28.305208587646483,27.45416669845581,28.09538198997782,28.885747686908445,-0.7903656969306248,-1.087820527342369,0.29745483041174414,60.07322726327755,27.45416669845581,29.908543123950654,24.99979027296097,0.17879810029949966,1.0491811060439962,10942835.0,0.7028617355557312,0.2615379607061546,0.04849905388479499
2025-05-07,26.96230697631836,27.587794428446283,26.796456907768842,27.483545917221473,8814500,-0.012152690183130366,-0.012227137897302546,27.891060256958006,28.253084564208983,27.57926435470581,27.921062757107133,28.743270597235107,-0.8222078401279731,-1.0346979898994897,0.2124901497715166,58.78138721593799,27.57926435470581,29.609553389416213,25.548975319995407,0.147233008727006,1.041057965363551,10531035.0,0.8370022509658357,0.20958195728128495,0.04617897715216435
2025-05-08,27.710994720458984,28.18484894305427,27.160376706699477,27.2371404978637,7787000,0.02776794080707612,0.027389403035682467,27.64655113220215,28.203803634643556,27.549885272979736,27.888744597622804,28.666805717473913,-0.7780611198511096,-0.9833706158898137,0.20530949603870408,59.57820458404075,27.549885272979736,29.55317362008732,25.54659692587215,0.14542988671334772,1.0647503960167073,9926540.0,0.7844626627203436,0.5374650369677448,0.03021319616864294
2025-05-09,27.938446044921875,28.20380507469997,27.677826569888484,27.910015946895633,8162800,0.008207981227572603,0.008174478948859016,27.468382263183592,28.152627372741698,27.653659343719482,27.89639097413035,28.612853149136726,-0.7164621750063738,-0.9299889277131257,0.21352675270675192,61.52542823849821,27.653659343719482,29.497706781225727,25.809611906213238,0.13336733591643468,1.0596733359808372,9574020.0,0.8525990127449076,0.4954945262864922,0.022563287885680853
2025-05-12,29.360008239746094,30.696277050261124,29.322100840551087,29.994972992854052,11832500,0.050881934970130605,0.049629749685644986,27.853151702880858,28.250241470336913,27.774492168426512,28.121562861148156,28.668197970663343,-0.5466351095151865,-0.8533181640735378,0.3066830545583513,65.18404718601408,27.774492168426512,29.735560902905842,25.813423433947182,0.14121365190674007,1.1733982134979661,9606190.0,1.231757856132348,0.027585544452956207,0.02343845152883413
2025-05-13,29.16098976135254,29.587457483981165,28.999879250774498,29.312622970413,8502800,-0.006778556626020782,-0.006801635393937711,28.22654914855957,28.26161422729492,27.864050579071044,28.28147469194883,28.70470106626995,-0.4232263743211213,-0.7672998061230545,0.34407343180193317,63.15007384985468,27.864050579071044,29.909106663624755,25.818994494517334,0.14678814042131919,1.0789657945523312,9508905.0,0.8941933903009863,0.2741941391478209,0.023411810063068195
2025-05-14,28.592365264892578,29.160990721394885,28.47863945054792,29.075696812539015,6434900,-0.01949949233937065,-0.01969211558898144,28.552560806274414,28.22181053161621,27.981092548370363,28.329304010863254,28.696379895797552,-0.3670758849342981,-0.6872550218853033,0.3201791369510052,53.12025187719333,27.981092548370363,29.901725024734215,26.06046007200651,0.13728073505662391,0.983585682019171,9211860.0,0.6985451363785381,0.16666754725439428,0.021710270820093715
2025-05-15,28.336483001708984,28.39239781611738,27.857891017845827,28.241711792818226,6481000,-0.008949321289546508,-0.008989606998597733,28.677658462524413,28.16210479736328,28.096239185333253,28.33040847099337,28.669720866605804,-0.33931239561243487,-0.6176664966307297,0.27835410101829483,49.088140179120614,28.096239185333253,29.78771283295265,26.404765537713857,0.1204056981763151,0.9710624666446055,9102290.0,0.7120186238847587,0.8953898742857752,0.021730796785151125
2025-05-16,28.611318588256836,28.71082754159904,27.985831156376662,28.327004968922857,5872600,0.009699001338002278,0.00965226795961142,28.812232971191406,28.1403076171875,28.19290542602539,28.373625412110822,28.665394771913288,-0.29176935980246554,-0.5524870692650768,0.2607177094626113,51.764717372928516,28.19290542602539,29.759473531067297,26.626337320983485,0.11113207960438005,0.9395848724339254,8972175.0,0.654534714269394,0.8627455750153312,0.021246553443510615
2025-05-19,28.535499572753906,28.639746264182552,27.867365244826015,28.099552782999606,5937100,-0.002649965791302167,-0.002653483165972242,28.64733123779297,28.250241470336913,28.287202262878417,28.398529129132832,28.65577290530889,-0.25724377617605754,-0.493438410647273,0.23619463447121547,45.631066064105255,28.287202262878417,29.68002376586929,26.894380759887543,0.09847714807898746,0.9307846486980493,8881775.0,0.6684587258740511,0.8650320276308539,0.02126826976550615
2025-05-20,28.232234954833984,28.70229680255245,28.158312728526152,28.563931458746133,5576400,-0.010627626025846215,-0.0106845025773911,28.461580276489258,28.344064712524414,28.32463665008545,28.372945410009933,28.624399723792227,-0.2514543137822933,-0.4450415912742771,0.1935872774919838,43.7888142466411,28.32463665008545,29.665799072551042,26.983474227619855,0.09469935583174006,0.9093936591756793,8736180.0,0.6383110238113225,0.1358904212062551,0.020449266086848952
2025-05-21,27.246618270874023,28.11851012784641,27.189756269309207,27.966876918599944,8938600,-0.034911040005750626,-0.035534995369529254,28.192430877685545,28.37249584197998,28.312790203094483,28.19966431168133,28.52234183839088,-0.32267752670954764,-0.42056877836133116,0.09789125165178353,38.005381916143335,28.312790203094483,29.688962581452955,26.93661782473601,0.09721206341634683,0.9449327590238806,8646760.0,1.0337513704555232,0.06122397277803508,0.0220177453717318
2025-05-22,27.170801162719727,27.336649417381274,26.83910284578623,27.047599860344064,6885100,-0.0027826245224473745,-0.002786503219038971,27.959294509887695,28.318476486206055,28.261140060424804,28.041377673379547,28.422227714267088,-0.38085004088754104,-0.41262503086657315,0.03177498997903211,38.1596749788392,28.261140060424804,29.729020430257926,26.793259690591682,0.10387977036274292,0.9229323338815073,8337550.0,0.8257941481610305,0.6666678642834453,0.0211237104404588
2025-05-23,26.83910369873047,26.981259608330983,26.450543368937513,26.67799318582043,7095200,-0.01220786468543189,-0.012282992726939437,27.604851531982423,28.208542251586913,28.180584812164305,27.856412446510458,28.304959268671784,-0.448546822161326,-0.41980938912552385,-0.028737433035802173,44.97606718649491,28.180584812164305,29.776062184869666,26.585107439458945,0.11323238203464564,0.8728392296009212,8042730.0,0.8821880132740997,0.7321432690953447,0.02110072715833651
2025-05-27,27.40772819519043,27.521454003497038,27.18975568751403,27.34138889351591,8763100,0.021186418996803402,0.020965107233698654,27.379297256469727,28.013314247131348,28.131777858734132,27.78738410015353,28.238497707673165,-0.45111360751963403,-0.4260702328043459,-0.025043374715288114,50.89286275834619,28.131777858734132,29.760448252422567,26.503107465045698,0.11578865735872983,0.8775776844955921,8013525.0,1.0935387360743243,0.6571408132085846,0.02176708835612334
2025-05-28,26.858057022094727,27.568838343834823,26.782240420080196,27.483544440617184,7731600,-0.020055335093120186,-0.020259173292427487,27.104461669921875,27.783020973205566,28.022317600250243,27.644410703529097,28.13624284207476,-0.4918321385456643,-0.43922261395260964,-0.05260952459305468,49.20861759363106,28.022317600250243,29.685815290468653,26.358819910031833,0.11872663167614335,0.8772391418582483,7925165.0,0.9755759028360924,0.09638545788270621,0.021314249218320293
2025-05-29,27.284528732299805,27.568840560814955,26.725380569624217,27.33191343451549,10227600,0.01587872532455492,0.015753977193704423,27.11204376220703,27.652237319946288,27.93702392578125,27.589044246416897,28.07315290801736,-0.4841086616004624,-0.4481998234821802,-0.035908838118282216,46.59609107132146,27.93702392578125,29.566099288116945,26.307948563445557,0.11662483209833437,0.850161857890736,7871240.0,1.2993632515334306,0.6629219665262384,0.02175926780271241
2025-05-30,26.944562911987305,27.235961606143654,26.643452595416083,27.15339799436978,13965300,-0.012460021708567859,-0.01253829868057506,27.066796112060548,27.51304531097412,27.837575054168703,27.48989327188927,27.989553649052173,-0.499660377162904,-0.45849193421832496,-0.04116844294457905,42.20712543859885,27.837575054168703,29.453293462226437,26.221856646110968,0.1160818357858925,0.858383117324467,8219025.0,1.6991431465411044,0.5081953287419552,0.02186427726285599
2025-06-02,26.420047760009766,26.93484896107624,26.08396856858975,26.86685648943772,12390500,-0.019466456134056953,-0.019658422950864212,26.982984924316405,27.293918228149415,27.717112922668456,27.325301654677038,27.87329395356755,-0.547992298890513,-0.4763920071527626,-0.07160029173775045,23.174681848906687,27.717112922668456,29.38006876896458,26.05415707637233,0.11999488192986187,0.7228662129000603,8407580.0,1.4737296582369719,0.39497817841133226,0.022160511156039498
2025-06-03,26.993127822875977,27.250528404455938,25.730403968796676,26.420045814612248,10557600,0.021691106241436886,0.021459201714318133,26.900064849853514,27.13968105316162,27.694961261749267,27.274197988246105,27.80809646240521,-0.5338984741591055,-0.48789330055403124,-0.04600517360507428,31.483564354887164,27.694961261749267,29.38525315434897,26.004669369149564,0.1220649400173915,0.7894766559323886,8482375.0,1.2446514095403705,0.8306713688376154,0.02025887023630751
2025-06-04,27.469078063964844,27.517643584212635,26.895996032292857,27.0514079202728,8844700,0.017632274563065264,0.017478629455981193,27.02226905822754,27.063365364074706,27.70371503829956,27.304179538356678,27.782983988446667,-0.4788044500899886,-0.4860755304612228,0.007271080371234195,40.25129331436097,27.70371503829956,29.387062860828713,26.020367215770406,0.12152506046225031,0.785140676009018,8540045.0,1.0356736996116531,0.9218761027585938,0.02062746193834162
2025-06-05,27.371946334838867,27.78475883246798,27.148541967949136,27.69248359901072,8634700,-0.0035360389198281217,-0.003542305482349956,27.039752578735353,27.07589817047119,27.724197006225587,27.314605199353938,27.75253675484609,-0.43793155549215257,-0.4764467354674088,0.03851517997525622,41.39184823629022,27.724197006225587,29.37929304879979,26.069100963651383,0.11939722129391485,0.7781222915427389,8531055.0,1.0121491421635425,0.3511449881908385,0.020437954622306024
2025-06-06,27.731334686279297,28.017875704380828,27.493361041465395,27.537070751096337,6728400,0.013129806227297758,0.01304435745933713,27.19710693359375,27.131951522827148,27.7252140045166,27.378717428111685,27.75096623124855,-0.37224880313686626,-0.45560714900130034,0.08335834586443408,42.26321616375992,27.7252140045166,29.380300886230664,26.07012712280254,0.11939218081017798,0.7724746475655662,8478125.0,0.7936188720973093,0.4537025503808364,0.01967492737128787
2025-06-09,28.54724884033203,28.940636238163922,27.95474169067085,27.97416678788079,11394400,0.029422101867185857,0.028997578636671306,27.622547149658203,27.302766036987304,27.75565414428711,27.5584914915302,27.809950128217697,-0.25145863668749513,-0.4147774465385393,0.1633188098510442,50.091403989012534,27.75565414428711,29.44920078775823,26.06210750081599,0.12203255125368384,0.8036832570318582,8639705.0,1.3188413261795398,0.6009842991402705,0.02067472624631437
2025-06-10,29.819684982299805,29.999379629179266,28.702659497653215,28.82893281368644,10985100,0.04457298666798515,0.04360817670864742,28.18785858154297,27.54396171569824,27.778637981414796,27.906367413187063,27.958819376668224,-0.0524519634811611,-0.3423123499270637,0.2898603864459026,60.73140798822832,27.778637981414796,29.573319141247506,25.983956821582087,0.12921304212491877,0.868550879519068,8597335.0,1.277733158007685,0.8614237173273278,0.019912149856469056
2025-06-11,29.80025863647461,30.28592125609732,29.4068712476241,30.16936141221929,7842300,-0.000651460464345166,-0.0006516727569186213,28.654094696044922,27.83818187713623,27.810601425170898,28.19773529369284,28.095222284802027,0.1025130088908135,-0.2533472781634883,0.3558602870543018,69.85695678625447,27.810601425170898,29.727550899049177,25.893651951292618,0.13785746266841115,0.8568774025868139,8564310.0,0.9156954851003759,0.44751422624820003,0.019833731289925927
2025-06-12,29.275741577148438,29.576853729663807,29.091191119013537,29.343734046214543,6817200,-0.017601090840338562,-0.017757831972956294,29.034853744506837,28.037303161621093,27.844770240783692,28.36358241422447,28.18266815830917,0.18091425591530097,-0.16649497134773042,0.34740922726303136,65.30022318241093,27.844770240783692,29.843029136095655,25.84651134547173,0.14352848869157858,0.8719860415772445,8583425.0,0.7942284111528906,0.3799972455936589,0.019733386378251713
2025-06-13,29.042625427246094,30.13051055323446,28.935780906525196,29.062052377433872,10271600,-0.007962775231091124,-0.007994647432650142,29.297111892700194,28.247109413146973,27.880077362060547,28.46805057007395,28.246368696748945,0.22168187332500366,-0.0888596024131836,0.31054147573818724,66.24966031672267,27.880077362060547,29.938951717906725,25.82120300621437,0.1476950245947246,0.9058768882148909,8772955.0,1.1708255656161464,0.0894298723739631,0.019707461030688062
2025-06-16,29.69341278076172,29.69341278076172,29.023197835349478,29.470008416509604,10658500,0.022408006987725493,0.022160636171231166,29.52634468078613,28.574445915222167,27.93418207168579,28.656567833256684,28.35355714741656,0.3030106858401247,-0.010485544762521918,0.3134962306026466,66.65375157836925,27.93418207168579,30.126513317319787,25.74185082605179,0.1569640550067263,0.9050100768324388,9012250.0,1.182668035174346,0.9999999850794138,0.020187674657459322
2025-06-17,28.595815658569336,29.732266266425437,28.581244520125523,29.576854375834504,8850700,-0.03696433044919356,-0.03766482783798647,29.281570816040038,28.734714698791503,27.937197875976562,28.647221344843246,28.371502222316767,0.27571912252647834,0.046755388695278156,0.2289637338312002,61.72529619343497,27.937197875976562,30.13317490322487,25.741220848728254,0.15720810920243702,0.931040349871388,9157930.0,0.9664520257307055,0.012659307579600834,0.021986225106903276
2025-06-18,27.682769775390625,28.57638908435158,27.663342825647675,28.498683138035663,12211600,-0.03192935267454411,-0.032450211594441836,28.858073043823243,28.75608386993408,27.909724617004393,28.498844180312073,28.320485004025944,0.17835917628612918,0.07307614621344838,0.1052830300726808,52.521511460098274,27.909724617004393,30.103907736851614,25.715541497157172,0.15723430810996852,0.9373984099950253,9489690.0,1.2868281261031709,0.021277070405782778,0.02303612465654113
2025-06-20,26.963987350463867,27.789614128016755,26.73086952844701,27.69733704976758,22583000,-0.025964974991980028,-0.026308016018979776,28.39572219848633,28.715287971496583,27.895593070983885,28.262712360335424,28.220003696354677,0.04270866398074702,0.0670026497669081,-0.024293985786161085,50.11735844847153,27.895593070983885,30.1112931678022,25.679892974165572,0.15885664027147103,0.9672318716154555,10171910.0,2.2201336818748887,0.2201832433523255,0.022415998560191698
2025-06-23,26.099510192871094,26.832859938929353,25.84696540642129,26.420047450162023,17264100,-0.03206043477015286,-0.03258562626835106,27.80709915161133,28.552105522155763,27.842028522491454,27.92991202687937,28.06293010350404,-0.13301807662466913,0.026998504488592645,-0.16001658111326178,48.139794672755556,27.842028522491454,30.179931768569396,25.50412527641351,0.16794058264751283,0.9855481288043857,10690860.0,1.6148467008266876,0.2561580124050013,0.023516800193108787
2025-06-24,26.740583419799805,27.06889070004746,26.264634294174677,26.468611696875822,19116200,0.024562653559062397,0.02426584208221837,27.216533279418947,28.37143898010254,27.837102508544923,27.746938395020976,27.96497849730373,-0.21804010228275317,-0.022009216865676532,-0.19603088541707664,48.545861494092556,27.837102508544923,30.1843000690396,25.489904948050246,0.1686380656732631,0.9462092767698932,11291910.0,1.6929111195537336,0.5917877883617809,0.024086377257264906
2025-06-25,26.05094337463379,26.760010375181785,26.05094337463379,26.740585277852738,15726100,-0.02579001491251598,-0.026128408136985706,26.707558822631835,27.994564819335938,27.76926326751709,27.48601608419218,27.823198117846697,-0.3371820336545177,-0.08504378022344479,-0.25213825343107293,42.03056316877699,27.76926326751709,30.24369278140437,25.29483375362981,0.178213551439928,0.9524535231004803,11640060.0,1.3510325548150095,0.0,0.024211180819187408
2025-06-26,26.371479034423828,26.76000874720692,26.225780623712144,26.322913515071868,13857800,0.012304186269973982,0.012229105018516859,26.445300674438478,27.65168685913086,27.744934368133546,27.314548845766282,27.715663370926485,-0.4011145251602031,-0.14825792921079647,-0.25285659594940657,44.5154251673971,27.744934368133546,30.266211102975635,25.223657633291456,0.18174681557278455,0.9576569879615009,11946370.0,1.1600009040403068,0.27272695235753397,0.02403982409117933
2025-06-27,26.225780487060547,26.963987863829836,25.97323571190349,26.614310197819172,18629400,-0.005524853087424231,-0.005540171535747553,26.29765930175781,27.34669075012207,27.69199695587158,27.147046021350018,27.605301675825306,-0.4582556544752876,-0.2102574742636947,-0.2479981802115929,41.548522460425986,27.69199695587158,30.297043901499574,25.086950010243587,0.1881443905818169,0.9822871867032426,12366460.0,1.5064456602778806,0.2549020682084874,0.023740338127039802
2025-06-30,25.720691680908203,26.14807530143583,25.623558787244306,26.128648352171883,11746900,-0.019259247838269267,-0.01944712329025243,26.221895599365233,27.014497375488283,27.630803394317628,26.927606892051276,27.465700935461076,-0.5380940434097994,-0.27582478809291566,-0.2622692553168837,33.55930556196549,27.630803394317628,30.364117339928043,24.897489448707212,0.19784541959228963,0.9389243401269294,12255540.0,0.9584971368050694,0.18518557411249295,0.023950144256233506
2025-07-01,27.031982421875,27.631290681813287,25.613848404785045,25.672127402741303,21426600,0.05098193925866057,0.04972490740716215,26.280175399780273,26.748354339599608,27.66140012741089,26.943664665870312,27.433573638158407,-0.48990897228809516,-0.3186416249319516,-0.17126734735614357,33.85826371627739,27.66140012741089,30.35099835585102,24.97180189897076,0.1944658054944145,0.9793037321398584,12707345.0,1.6861586743729708,0.7029365975960148,0.02631729311177949
2025-07-02,27.906173706054688,27.906173706054688,26.808576999807254,27.342805140850047,14120500,0.03233914814446859,0.031827244994663,26.651221466064452,26.679390144348144,27.707052421569824,27.091742979744833,27.468581050595166,-0.37683807085033294,-0.3302809141156279,-0.04655715673470506,40.0204606253555,27.707052421569824,30.37983343282458,25.034271410315068,0.19293145806978784,0.9949142105523021,12885490.0,1.0958450163711275,0.9999999908891857,0.026850145682551448
2025-07-03,27.6439151763916,27.95474080644589,27.55649761007216,27.847894438219235,5950000,-0.009397867741580912,-0.009442306338473927,26.905708694458006,26.675504684448242,27.71579427719116,27.176692548459723,27.481568763617126,-0.30487621515740315,-0.32519997432398295,0.020323759166579802,41.15788818769093,27.71579427719116,30.38644088539778,25.045147668984544,0.1927165847384311,0.9727124733317777,12740755.0,0.4670052912876827,0.2195079913991165,0.026702041562121043
2025-07-07,26.692018508911133,27.663343798341575,26.308344574948677,27.206821579265412,13061900,-0.034434220384723435,-0.03504104933045831,26.998956298828126,26.64830780029297,27.681797885894774,27.102127311606093,27.42308355956483,-0.3209562479587369,-0.3243512290509338,0.0033949810921968804,38.183586240514664,27.681797885894774,30.387948717143733,24.975647054645815,0.19551843000977004,0.9841603002377516,12962115.0,1.007698203572488,0.2831543550041293,0.0278273515270186
2025-07-08,28.22671127319336,28.75608360905478,26.876569767254793,26.915421813910807,18326600,0.057496317251910734,0.05590414942812873,27.500160217285156,26.861027908325195,27.706566715240477,27.275140228773363,27.482611538352128,-0.20747130957876436,-0.3009752451564999,0.09350393557773556,43.22869299669964,27.706566715240477,30.423672580094003,24.98946085038695,0.19613443215675905,1.0837210255757093,13542025.0,1.3533131123299507,0.7183461322434802,0.0306310333679539
2025-07-09,28.984346389770508,29.46029555278569,28.36269880585777,28.5229665130483,15427600,0.026841069412739893,0.0264871666952391,27.890633010864256,27.085404205322266,27.7284215927124,27.538095022772925,27.59385115697571,-0.05575613420278458,-0.2519314229657569,0.1961752887629723,51.8518558922985,27.7284215927124,30.48080150382509,24.97604168159971,0.19852409571239876,1.0896183493823106,13743685.0,1.1225228168427899,0.5663715567570327,0.03051164189790258
2025-07-10,29.363161087036133,30.04017525749938,28.73665587270209,28.848359903837856,12068000,0.013069630488521833,0.01298495981298189,28.182030487060548,27.4166259765625,27.705595397949217,27.81887441727496,27.724911151795002,0.0939632654799567,-0.18275248527661414,0.27671575075657084,58.43902440893427,27.705595397949217,30.391725348484982,25.019465447413452,0.19390523191821343,1.116121674516284,13797830.0,0.8746302860667221,0.4806259245812521,0.02892657356982768
2025-07-11,28.702659606933594,28.964917861857252,28.28499131715305,28.770653928794268,12318800,-0.022494222544525377,-0.022751076699699554,28.393779373168947,27.649744033813477,27.65071544647217,27.954841369530133,27.79733696328675,0.15750440624338324,-0.11470110697261467,0.2722055132159979,58.78312950025003,27.65071544647217,30.197909312198053,25.103521580746285,0.18424072032833197,1.1175091866815223,14021655.0,0.8785553488514729,0.6142844207081274,0.029346776464296023
2025-07-14,27.439937591552734,28.55696122917327,27.265098754721446,28.411262816032476,13284400,-0.04399320594931311,-0.04499025920840814,28.543363189697267,27.771159744262697,27.558925247192384,27.875625403687454,27.770862935750895,0.10476246793655974,-0.07080839199077978,0.1755708599273395,56.509432039851134,27.558925247192384,29.98917939745501,25.128671096929757,0.1763678466024515,1.1404048229793489,14345015.0,0.9260638626031412,0.13533858203605725,0.030673722589230432
2025-07-15,27.187393188476562,28.017875822303964,27.13882766764038,27.847894646721464,9162900,-0.009203534163791827,-0.009246148353302147,28.335499572753907,27.91782989501953,27.466163635253906,27.769743524424243,27.727642954471314,0.04210056995292888,-0.04822659960203804,0.09032716955496692,52.25490428229384,27.466163635253906,29.79758370754322,25.13474356296459,0.1697667066467809,1.1339525120855785,14289580.0,0.6412294833018185,0.055247849649703334,0.030685990409532744
2025-07-16,27.333091735839844,27.47879200436481,26.813432879224703,27.158252895734588,8757000,0.005359048083544593,0.005344739482918237,28.005248641967775,27.947940826416016,27.348147583007812,27.70256632618049,27.698416938276388,0.004149387904103463,-0.03775140210080974,0.0419007900049132,56.84647235286676,27.348147583007812,29.43051624855706,25.265778917458565,0.15228590230682257,1.130830520985015,14194505.0,0.6169288749413946,0.7810200975232947,0.03018001748747385
2025-07-17,27.6439151763916,27.682769074894335,27.177679510293945,27.20681993417099,7623200,0.011371689802079699,0.011307518172600183,27.66139945983887,27.921714973449706,27.300552558898925,27.693543072366815,27.694379770729366,-0.0008366983625514024,-0.03036846135315807,0.02953176299060667,56.80166554006176,27.300552558898925,29.304901966279264,25.296203151518586,0.1468358124295179,1.1162608204155333,14133130.0,0.5393851185123182,0.9230752118899442,0.029298785891853828
2025-07-18,27.527359008789062,27.915888756261772,27.294241160305436,27.823613520191994,9013200,-0.004216340806243002,-0.0042252546357925535,27.42633934020996,27.91005935668945,27.292782020568847,27.667976293354855,27.68200786243749,-0.014031569082636253,-0.027101082899053705,0.013069513816417452,56.979186865748815,27.292782020568847,29.29209096104242,25.293473080095275,0.1465082554769843,1.0898962092748186,13973210.0,0.6450343192437529,0.37499999396764416,0.02841529131933552
2025-07-21,27.5759220123291,28.085869227730214,27.517643018698273,27.770187794639604,7026100,0.0017641722740104893,0.0017626179498994642,27.453536224365234,27.99844970703125,27.32337875366211,27.65381409627397,27.674149651318352,-0.020335555044383113,-0.025747977328119585,0.005412422283736472,60.460029444121226,27.32337875366211,29.32022949819638,25.326528009127838,0.1461642619338676,1.0874679599330828,13195365.0,0.5324672716518263,0.10256301395263985,0.02774519854280606
2025-07-22,28.809505462646484,28.892069068540078,27.658485612244196,27.658485612244196,9296400,0.04473407814853303,0.04376238236235898,27.77795867919922,28.056729125976563,27.45887851715088,27.83161276802359,27.758250081787104,0.07336268623648579,-0.005925844615198508,0.07928853085168429,60.11049865212735,27.45887851715088,29.473756122351162,25.444000911950596,0.14675600126507612,1.037375444160421,12796980.0,0.7264526474215011,0.9330701017406551,0.02816896323913205
2025-07-23,29.499149322509766,29.99452358083715,29.15432744296982,29.343735574563688,20963300,0.023938066578666373,0.02365604293144367,28.211170196533203,28.10820941925049,27.596806812286378,28.088156853329156,27.88720558109989,0.2009512722292648,0.035449578753694165,0.16550169347557062,59.255099969237506,27.596806812286378,29.77565241194866,25.417961212624096,0.157905631219061,1.0436198307277949,12889335.0,1.6264066377357715,0.41040640380845284,0.02814685117294924
2025-07-24,24.351123809814453,26.80857736822593,23.671197243930227,26.410334162487136,66003500,-0.1745143718014619,-0.19178342558751285,27.552611923217775,27.60700569152832,27.51181583404541,27.51322869278843,27.625273598041712,-0.11204490525328126,0.005950681952299071,-0.11799558720558033,37.796974837340926,27.51181583404541,30.047883812383144,24.975747855707677,0.18436209326462502,1.431456179456781,15403205.0,4.285049767239999,0.21671794197066924,0.048834648014776244
2025-07-25,24.778507232666016,24.914492174173194,23.719762566959286,23.933453453992836,36918200,0.017550870595931523,0.017398632756548234,27.002841567993165,27.21459045410156,27.43216724395752,27.09250231430806,27.41440201542129,-0.32189970111323163,-0.05961939466080709,-0.26228030645242456,42.62171839516744,27.43216724395752,30.20777618394682,24.656558303968218,0.2023616227843379,1.4200083497297105,16556225.0,2.2298682217715693,0.8861793082318546,0.048930333816406026
2025-07-28,24.97277069091797,25.380727360266558,24.20542472515267,24.603667919914884,17843700,0.007839998448165186,0.007809425351718756,26.482211303710937,26.967873764038085,27.36951675415039,26.76638975686343,27.233540435828452,-0.46715067896502305,-0.14112565152165032,-0.3260250274433727,36.00667348013458,27.36951675415039,30.311366670255985,24.427666838044793,0.2149727335364433,1.3565253165132989,16516940.0,1.0803272276826095,0.6528922307419309,0.04896917683600505
2025-07-29,24.457969665527344,24.865926337529647,24.263703877847824,24.865926337529647,13123800,-0.020614493752503238,-0.020829938427160757,25.61190414428711,26.694931411743163,27.306380653381346,26.411248204350187,27.02794260099133,-0.6166943966411438,-0.23623940054554904,-0.38045499609559474,30.119436269520335,27.306380653381346,30.44485307412633,24.167908232636364,0.2298709931999974,1.3190597831902855,16585785.0,0.7912679442064394,0.3225814337053176,0.04899639560254828
2025-07-30,23.234098434448242,24.331695075265767,23.09811350177769,24.312269979638373,16559800,-0.050039772222144285,-0.0513351607609289,24.358893966674806,26.285032081604005,27.11648645401001,25.92245593205758,26.746917107173324,-0.8244611751157436,-0.353883755459588,-0.47057741965615557,24.94041963294751,27.11648645401001,30.746030004753305,23.486942903266712,0.26770013562775247,1.3230838388297401,16342445.0,1.0133000294631556,0.11023586481085561,0.048530188201447395
2025-07-31,22.62216567993164,22.97864075279192,22.28220147613598,22.957272220050523,21303600,-0.026337701729339025,-0.026690751814171527,24.013102340698243,25.782857131958007,26.852286052703857,25.41471897019205,26.441379964414683,-1.026660994222631,-0.48843920321219675,-0.5382217910104343,25.039868187566526,26.852286052703857,30.975488986558148,22.729083118849566,0.307102562944663,1.3140643522889672,16701600.0,1.2755424629975571,0.48814621792525453,0.04783812481237276
2025-08-01,21.165176391601562,22.418184900363837,21.165176391601562,22.335623150001243,25059000,-0.06440538491956094,-0.06657299986751461,23.29043617248535,25.146638870239258,26.528349113464355,24.76094318887044,26.05055007013223,-1.2896068812617898,-0.6486727388221154,-0.6409341424396744,24.646773006225743,26.528349113464355,31.348736701640213,21.707961525288496,0.36341406452083297,1.3154520977259623,17657050.0,1.4192064925907781,0.0,0.04940194767257469
2025-08-04,20.97091293334961,21.262309776147404,20.703798852008973,21.242884678575244,18562100,-0.009178447401413492,-0.00922082887987559,22.49006462097168,24.48613796234131,26.24229383468628,24.177861611098002,25.674280652592778,-1.4964190414947751,-0.8182219993566474,-0.6781970421381277,24.763401028906628,26.24229383468628,31.66337170674404,20.821215962628518,0.4131557939414841,1.29255658125988,17932060.0,1.0351348367114543,0.4782611494485626,0.04912068842548188
2025-08-05,21.738258361816406,22.010230099798257,21.155464691743134,21.320590058972133,22028700,0.03659094055206835,0.035937387155950545,21.94612236022949,23.779013252258302,25.91787118911743,23.80253803428545,25.382723445868603,-1.5801854115831517,-0.9706146818019483,-0.6095707297812034,28.37836722214179,25.91787118911743,31.60880260973468,20.22693976850018,0.4391511462567031,1.3192678699247757,18117165.0,1.2159021568771935,0.6818170901196761,0.04779654451154967
2025-08-06,20.689226150512695,22.126788863673408,20.640660631266154,21.971376978897517,19480800,-0.048257417583478235,-0.049460677375830105,21.437147903442384,22.898020935058593,25.50311517715454,23.323566975243487,25.035056979545946,-1.7114900043024583,-1.1187897463020506,-0.5927002580004077,24.573853018062294,25.50311517715454,31.45612122640776,19.550109127901322,0.4668454036223675,1.389342060482409,18319825.0,1.063372603177159,0.032679225022918396,0.047550622261348666
2025-08-07,20.990339279174805,21.50999814054974,20.698940592111697,21.126324221544053,12719600,0.014554103013400876,0.014449208594035541,21.110782623291016,22.561942481994627,25.084474086761475,22.964608868156,24.735448260999934,-1.7708393928439357,-1.2491996756104278,-0.5216397172335079,26.419057948767986,25.084474086761475,31.072036977046196,19.096911196476754,0.4773919412920603,1.4035652314881737,18352405.0,0.693075376224533,0.359282376486684,0.047598784184253964
2025-08-08,20.611520767211914,21.1554642313378,20.55324177200409,21.009763964334454,11325700,-0.01804727912800952,-0.01821211753825225,21.000051498413086,22.145243835449218,24.67991714477539,22.6025953141646,24.42997215034897,-1.8273768361843707,-1.3648351077252165,-0.4625417284591542,25.462023497736496,24.67991714477539,30.731181267403773,18.62865302214701,0.49037961409116015,1.4059935350811572,18302750.0,0.6187977216538498,0.09677319956577525,0.04757466282812255
2025-08-11,20.27155876159668,20.980625748722204,19.816978144895536,20.669801965470242,20712400,-0.016493785657778037,-0.016631322573878324,20.8601806640625,21.67512264251709,24.32149820327759,22.243974306077227,24.121941528959912,-1.8779672228826847,-1.4674615307567103,-0.41050569212597443,17.896289436809525,24.32149820327759,30.5315268675731,18.111469538982078,0.5106616880582333,1.3951007170537066,18674150.0,1.109148207548938,0.39065144060773704,0.04709535412553824
2025-08-12,21.08747100830078,21.369156229694337,20.21813628788401,20.290984572528036,15785300,0.0402491123795472,0.0394602156044594,20.730023193359376,21.338072776794434,24.016502094268798,22.066050721803926,23.897165934837012,-1.8311152130330868,-1.5401922672119857,-0.2909229458211011,18.668587128077547,24.016502094268798,30.233055401544703,17.799948786992893,0.517690151786042,1.3926722758836825,19005270.0,0.8305748879126684,0.7552733721509166,0.048627107444352426
2025-08-13,22.262775421142578,22.33076789410212,21.08747087268671,21.184603770910027,16243300,0.05573472572311555,0.054236947024786035,21.04473304748535,21.240940475463866,23.762986278533937,22.09631606016372,23.776099970859647,-1.679783910695928,-1.5681105959087744,-0.11167331478715359,38.95169808853285,23.762986278533937,29.821589146355173,17.7043834107127,0.509919317109922,1.0651969146576732,19379585.0,0.8381655231523276,0.9453127601518223,0.05079753753375188
2025-08-14,22.699871063232422,22.787288628037068,21.825676888627772,22.170498747568857,11822600,0.019633474884481084,0.01944322437013681,21.386639404296876,21.248711013793944,23.515784072875977,22.189170676020442,23.696379311035408,-1.5072086350149654,-1.555930203730013,0.048721568715047514,39.01436936985976,23.515784072875977,29.30512277910776,17.726445366644196,0.49237896455338104,1.0485456383859153,19589555.0,0.6035154958854348,0.9090926511054536,0.05100414196579823
2025-08-15,22.69015884399414,23.170963813969,22.680445368999425,22.903849735910086,10779700,-0.00042785349798801775,-0.00042794505341169157,21.80236701965332,21.4012092590332,23.27392406463623,22.266245778785628,23.621844461624946,-1.355598682839318,-1.515863899551874,0.160265216712556,37.696345090324094,23.27392406463623,28.75349571316386,17.794352416108598,0.4708764738863796,0.9996324819470358,19677880.0,0.5478079955767593,0.019802465934370832,0.051027823198254656
2025-08-18,22.573598861694336,22.962128595879385,22.554171911821108,22.631877858658115,12231500,-0.0051370280437968985,-0.005150267934281233,22.262775039672853,21.561477851867675,23.02380790710449,22.31353086846389,23.54419663940786,-1.230665770943972,-1.458824273830294,0.228158502886322,39.387309239087585,23.02380790710449,28.11981683250056,17.92779898170842,0.44267298840897534,0.9781246155890452,19938150.0,0.6134721626630354,0.04762012771496054,0.05097959343713429
2025-08-19,22.855283737182617,23.544923773528737,22.631877522272855,22.855283737182617,8879800,0.012478509838600882,0.01240129492254226,22.61633758544922,21.673180389404298,22.726096820831298,22.396877463651382,23.493166054057845,-1.0962885904064628,-1.3863171371455278,0.2900285467390651,47.61323230317891,22.726096820831298,27.033634265345675,18.41855937631692,0.3790829088227753,0.9503723833093842,19917320.0,0.4458330739276168,0.2446822514803027,0.04969654886395731
2025-08-20,23.38951301574707,23.76832928772452,22.85528484487344,22.8941368932695,12660700,0.023374432131653133,0.023105433816706114,22.841685104370118,21.943209075927733,22.420615005493165,22.54959062551226,23.48548805122001,-0.9358974257077506,-1.2962331948579724,0.3603357691502218,54.88257266557391,22.420615005493165,25.35265839346929,19.48857161751704,0.26154888144306127,0.9475972827543586,19502190.0,0.6491937572139335,0.5851064197427023,0.04967630040653899
2025-08-21,23.01069450378418,23.263239278070394,22.74358044434969,23.15639291323428,9431100,-0.01619608376231907,-0.016328673903387738,22.903849792480468,22.145244598388672,22.35359354019165,22.62052968370794,23.450318158817357,-0.8297884751094173,-1.2029442509082615,0.3731557757988442,63.6103128485805,22.35359354019165,25.158351323978877,19.548835756404422,0.2509446884899546,0.8896646601163088,16673570.0,0.5656317153435048,0.5140181152734377,0.031366578197198666
2025-08-22,24.389978408813477,24.51624988022691,23.224387330070638,23.292379803343714,20539200,0.05994099416697174,0.05821324069435783,23.243813705444335,22.523090362548828,22.334167098999025,22.89275256449341,23.519922621780033,-0.627170057286623,-1.0877894121839338,0.46061935489731076,71.46340406241836,22.334167098999025,25.072809627006396,19.595524570991653,0.24524241408851216,0.9573106924237587,15854620.0,1.2954709731295988,0.902256257509191,0.03409599966928194
2025-08-25,24.205425262451172,24.283131208211213,23.807182058848976,24.283131208211213,10012300,-0.007566761366857744,-0.007595534544054895,23.570178985595703,22.916477012634278,22.295799827575685,23.094702210333065,23.570700595163082,-0.47599838483001733,-0.9654312067131504,0.4894328218831331,66.71051298905314,22.295799827575685,24.896840550689955,19.694759104461415,0.2333211405941378,0.924702062674891,15463050.0,0.6474983913264201,0.8367347557370087,0.03407795040203823
2025-08-26,24.03058624267578,24.27827521664543,23.90917058753737,24.098578713128354,8049300,-0.007223133569423834,-0.00724934670228512,23.805239486694337,23.210788536071778,22.274430656433104,23.238684369155024,23.60476619868254,-0.36608182952751633,-0.8455613312760236,0.4794795017485073,75.67162083782361,22.274430656433104,24.80679313460414,19.74206817826207,0.22737842481640802,0.8449146624392342,15209325.0,0.5292345321044819,0.3289464348966491,0.033802876786946864
2025-08-27,24.03058624267578,24.360836972864732,23.71004898721661,23.797468407128736,10348200,0.0,0.0,23.93345413208008,23.387569618225097,22.314255046844483,23.36051542661976,23.63630842416352,-0.2757929975437605,-0.731607664529571,0.4558146669858105,74.49136284059338,22.314255046844483,24.93371598904048,19.694794104648487,0.23477915231289972,0.8327729478400254,14898745.0,0.6945685693660775,0.4925371359069822,0.03171806392402922
2025-08-28,23.865461349487305,24.3414105047224,23.593491462299195,24.3414105047224,11714200,-0.006871446727139463,-0.0068951638268354406,24.104407501220702,23.504128646850585,22.376419830322266,23.438199414753228,23.653282714928245,-0.2150833001750172,-0.6283027916586603,0.4132194914836431,77.14748098405525,22.376419830322266,25.084171939819953,19.66866772082458,0.24201835056995258,0.8431798466321323,14419275.0,0.8123986816258099,0.3636354580177446,0.031089862116135177
2025-08-29,24.269458770751953,24.525653048065823,23.885168294495333,23.934437509033593,8791800,0.0169281211600516,0.016786437243246723,24.080303573608397,23.662058639526368,22.531633949279787,23.566085469522264,23.698925385730004,-0.1328399162077396,-0.5292102165684762,0.3963703003607366,83.00168184822556,22.531633949279787,25.30220426368264,19.761063634876933,0.2459271547407163,0.8072187105429788,13605915.0,0.6461748438087406,0.5999994037552554,0.02681553004341721
2025-09-02,24.05268096923828,24.382778143798898,23.717657812711884,23.875315547615077,12152500,-0.008932123437994433,-0.00897225399869088,24.04975471496582,23.809966850280762,22.68572235107422,23.640946315632423,23.725129503026913,-0.08418318739449049,-0.44020481073367906,0.3560216233391886,77.1639815289175,22.68572235107422,25.43351203139233,19.93793267075611,0.2422483743558641,0.7725115954913137,13285435.0,0.9147235299408714,0.5037030681979514,0.02680766496253353
2025-09-03,23.5797061920166,24.161069755487112,23.4417561530332,23.895021640794848,11528200,-0.019664118849228585,-0.0198600301699063,23.959578704833984,23.88240909576416,22.777794742584227,23.631524758153066,23.714357405915038,-0.08283264776197186,-0.3687303781393376,0.28589773037736577,63.84595547081394,22.777794742584227,25.515297492243292,20.040291992925162,0.24036591606835112,0.7350842084226351,12760410.0,0.9034349209782444,0.19178010341385016,0.026513009602031387
2025-09-04,23.559999465942383,23.633902349508904,22.86039352040718,23.412195578237746,11630400,-0.0008357494327427828,-0.0008360988660059476,23.865461349487305,23.899457740783692,22.921333408355714,23.62052086704373,23.70292348443558,-0.08240261739184973,-0.31146482598984004,0.2290622085979903,59.91328200188261,22.921333408355714,25.493810596219802,20.348856220491626,0.22446139079555646,0.7216482862578086,12367890.0,0.940370588677616,0.9044575965643198,0.023505497790129285
2025-09-05,24.1413631439209,24.55521515870811,23.426975491327354,23.5501457114494,18476700,0.024675878232464088,0.02437634622486488,23.920641708374024,24.012524604797363,23.078884601593018,23.700650448101758,23.73540049624931,-0.03475004814755067,-0.2561218704213822,0.2213718222738315,64.77830665653022,23.078884601593018,25.536828601161034,20.620940602025,0.2130037081080042,0.7671998021443215,12655745.0,1.459945661041685,0.6331878473304704,0.023789058182711174
2025-09-08,23.62897491455078,23.98961843683941,22.78156506602218,23.983705754984598,15488100,-0.021224494504120117,-0.021452972761610994,23.79254493713379,23.936424255371094,23.22975730895996,23.689623442940068,23.727517119827198,-0.03789367688712986,-0.2124762317145317,0.17458255482740184,59.945602334081194,23.22975730895996,25.404082851498508,21.055431766421414,0.18720174417835067,0.8351884731329245,12863865.0,1.2040005084008578,0.7014672215521974,0.02397696615847073
2025-09-09,23.786632537841797,24.00341333018042,23.353074712021403,23.495950740374628,10959400,0.006672215949322879,0.0066500552359145745,23.73933525085449,23.894544982910155,23.405510997772218,23.704547919078795,23.73189603968013,-0.02734812060133507,-0.17545060949189237,0.1481024888905573,58.98687788285173,23.405510997772218,25.08497953060873,21.726042464935706,0.14351052049206425,0.8122608807275399,12376215.0,0.8855211387326416,0.6666647298004017,0.023326809541708297
2025-09-10,23.481170654296875,24.10194773584895,23.36785427748294,23.589561049261683,11492700,-0.012841745592150011,-0.012924913589137655,23.719628143310548,23.839603424072266,23.52519598007202,23.670182186035422,23.713323788911,-0.04314160287557911,-0.14898880816862972,0.10584720529305061,50.92528374662224,23.52519598007202,24.802021337360358,22.248370622783682,0.10854960429404502,0.7994785884292617,12161585.0,0.9450001788418204,0.1543623280917631,0.022503659224742213
2025-09-11,24.653751373291016,24.771993730510058,23.31365879528599,23.31365879528599,25711700,0.04993706388227137,0.04873022321326723,23.938378524780273,23.90191993713379,23.644744777679442,23.821500522536283,23.782985091457668,0.03851543107861488,-0.11148796031918079,0.15000339139779567,64.29563106489994,23.644744777679442,24.870601086300894,22.41888846905799,0.1036895361017943,0.8575073287025966,12635005.0,2.034957643467494,0.9189196092391007,0.021852114155738872
2025-09-12,24.673460006713867,25.116871682453947,24.505948428031136,24.63404463317513,14732800,0.0007994172215188833,0.0007990978577637762,24.044797897338867,23.982719802856444,23.743424224853516,23.952571212409758,23.84894619629146,0.103625016118297,-0.06846536503168522,0.1720903811499822,53.230828625612034,23.743424224853516,24.966763360592214,22.52008508911482,0.10304656347403868,0.7936050342726025,12780515.0,1.1527547990045786,0.2741941393261443,0.021608002857772986
2025-09-15,23.816194534301758,25.008481397817004,23.693024310578522,24.845897679805137,13192300,-0.03474443682316297,-0.035362380397433356,24.082241821289063,23.937393379211425,23.799726009368896,23.931590185008528,23.846520147255188,0.08507003775333999,-0.03775828447468017,0.12282832222802016,46.15373016683774,23.799726009368896,24.918106726159266,22.681345292578527,0.09398265478771584,0.8459379440778869,12901145.0,1.0225681518965952,0.09363302230213727,0.02330678289074979
2025-09-16,24.121654510498047,24.515798823526772,23.830972727246547,24.0428256478923,11070800,0.012825725611047778,0.01274417257002964,24.149246215820312,23.944290733337404,23.87712879180908,23.960830850468454,23.866900470458365,0.09393038001008946,-0.01142055157772624,0.10535093158781571,50.877264542681814,23.87712879180908,24.84194234287329,22.912315240744874,0.08081487179439943,0.8695450626576695,12843110.0,0.8620030506629625,0.42446072161354703,0.023335840977022685
2025-09-17,24.18077850341797,25.3927730177011,23.83097365009481,24.239899682804648,14775200,0.002451075356136645,0.002448076370429571,24.28916778564453,24.00439796447754,23.94340353012085,23.994668950922225,23.89015069512204,0.10451825580018692,0.0117672098978564,0.09275104590233052,51.43051370164132,23.94340353012085,24.78717933689178,23.099627723349922,0.07048085755305895,0.9346173042261101,13137880.0,1.1246258909352194,0.22397553638374004,0.023242048564119253
2025-09-18,23.75707244873047,24.62418996378263,23.540291660396136,24.446824547664864,15350400,-0.01752243231654471,-0.017677767373717724,24.10983200073242,24.024105262756347,23.96178150177002,23.95811564289272,23.88029304724118,0.07782259565153993,0.02497828704859311,0.05284430860294682,49.01610841766021,23.96178150177002,24.770024330129882,23.153538673410157,0.06746099644554047,0.958615822866345,13272365.0,1.15656855428554,0.2000010385264191,0.023161041423388016
2025-09-19,23.146146774291992,23.7964853646735,23.008196733734806,23.7964853646735,19106700,-0.025715528533951315,-0.026051952822113835,23.804369354248045,23.924583625793456,23.96855411529541,23.833197355415688,23.825911841837538,0.007285513578150216,0.021439732354504533,-0.014154218776354317,40.17242259689176,23.96855411529541,24.744880741567215,23.192227489023608,0.0647787615838199,0.9677656037492147,13756145.0,1.3889574441095234,0.17499940173299344,0.023626818929994655
2025-09-22,22.83083152770996,23.047610433315025,22.604198779200797,23.008196941126997,12901800,-0.013622796470479703,-0.013716438176108183,23.607296752929688,23.844769287109376,23.890596771240233,23.678987228076345,23.7522021889392,-0.07321496086285606,0.0025087937110324096,-0.07572375457388847,39.491525812978324,23.890596771240233,24.79182537088917,22.989368171591295,0.07544630285115751,0.9589675797495134,13374275.0,0.9646728514255913,0.5111113821552081,0.01920793761235339
2025-09-23,22.52536964416504,23.35011730308066,22.505661958594146,23.195415918148665,11016900,-0.013379358661298912,-0.013469668712016446,23.288039779663087,23.7186429977417,23.80659399032593,23.501507599782297,23.661325704141117,-0.15981810435881982,-0.029956585902938048,-0.12986151845588179,40.66318581607434,23.80659399032593,24.880848736406694,22.732339244245164,0.09024850396636329,0.9679062756089848,13424505.0,0.8206559571470233,0.023337747183658407,0.019322335271663278
2025-09-24,22.79141616821289,23.03775660266124,22.57463726249255,22.633758440520214,11913600,0.01181097261668107,0.01174176746670915,23.01016731262207,23.6496675491333,23.744635486602782,23.392262764156232,23.596887960739025,-0.20462519658279277,-0.06489030803890901,-0.13973488854388377,43.47825383276542,23.744635486602782,24.904058831495504,22.58521214171006,0.09765770845771825,0.9492547134228759,13617720.0,0.8748601087406702,0.46808431917469834,0.01959174178128691
2025-09-25,21.875032424926758,22.687954771609917,21.840544912733268,22.683028789623044,16437600,-0.04020740688172808,-0.04103806669730018,22.63375930786133,23.371795654296875,23.636857795715333,23.158842711967083,23.469343106234412,-0.3105003942673292,-0.11401232528459308,-0.19648806898273613,31.803806191493038,23.636857795715333,25.056017962523313,22.217697628907352,0.12008027285803044,0.9365855411442237,13922190.0,1.1806763160106277,0.04069755788802345,0.02131302759745896
2025-09-26,22.623905181884766,22.860393658959577,22.01790792302304,22.101664650201286,12623800,0.034234132430572384,0.03366118413927283,22.529310989379884,23.166840171813966,23.574779987335205,23.07654463041596,23.406718074801105,-0.33017344438514584,-0.15724454910470365,-0.1729288952804422,42.22560049005867,23.574779987335205,25.058964280595415,22.090595694074995,0.12591288606362733,0.9098400522966593,13967670.0,0.9037871026448935,0.719296749867356,0.022985886615359795
2025-09-29,22.554929733276367,22.90966056276202,22.387418161511295,22.899806719784266,11803800,-0.003048786142528015,-0.0030534431589062244,22.474130630493164,23.040713691711424,23.489053535461426,22.996296184702175,23.343622642095568,-0.3473264573933932,-0.19526093076244158,-0.1520655266309516,40.340022264858476,23.489053535461426,25.002074199408245,21.976032871514608,0.12882772493686143,0.9006903225174957,14118270.0,0.8360656086050203,0.32075443923425556,0.022530504636189774
2025-09-30,22.594345092773438,22.61996358095882,21.986376325321494,22.44654120704508,14368700,0.0017475274790557105,0.0017460023294793656,22.487925720214843,22.887982749938963,23.416136741638184,22.934457555174678,23.28812060140504,-0.3536630462303627,-0.22694135385602587,-0.12672169237433684,42.7419339731914,23.416136741638184,24.955127518406776,21.87714596486959,0.13144702678747044,0.8935113080368756,14229080.0,1.0098122998816508,0.9595659515668868,0.02251945841732795
2025-10-01,22.712587356567383,22.880098927554393,22.481028625665026,22.564783471444343,12531500,0.005233268028280502,0.0052196220690892475,22.472159957885744,22.741163635253905,23.372780799865723,22.900323678465867,23.245488509194843,-0.34516483072897586,-0.2505860492306159,-0.09457878149835997,30.799196294654237,23.372780799865723,24.94094915284087,21.804612446890577,0.13418757197980954,0.8178495485129683,14279245.0,0.8776024222569191,0.5802454454856852,0.02222924838441163
2025-10-02,23.343219757080078,23.61715019594287,22.614052307186334,22.79141583870508,17945200,0.027765766647908974,0.0273872876150895,22.765797424316407,22.699778366088868,23.361941814422607,22.96846153671421,23.252727860890047,-0.28426632417583875,-0.25732210421966045,-0.026944219956178295,38.26084614672491,23.361941814422607,24.927656399877876,21.79622722896734,0.1340397641508264,0.8458620223939486,14594985.0,1.2295456281729649,0.7269155391489083,0.023183107226413424
2025-10-03,23.471317291259766,23.683170224245156,23.05746526861719,23.362926894077905,8354600,0.005487569217645483,0.005472567367123929,22.935279846191406,22.732295417785643,23.32843952178955,23.04582396049045,23.268919670547064,-0.2230957100566151,-0.2504768253870514,0.0273811153304363,46.50697715930301,23.32843952178955,24.85204069826743,21.804838345311673,0.13062178248611817,0.7965940129931975,14088880.0,0.5929924876924213,0.6614171940080866,0.02248567605904414
2025-10-06,23.077173233032227,23.540292598461544,22.95892899109896,23.481171417209143,9417100,-0.01679258361755054,-0.01693517765212004,23.039728546142577,22.75692958831787,23.300849437713623,23.050646925496874,23.254716230731148,-0.2040693052342739,-0.2411953213564959,0.037126016122221994,39.607860700558355,23.300849437713623,24.8215176813597,21.780181194067545,0.13052470449294423,0.7881482500030239,13785330.0,0.6831247420264875,0.20339119683769102,0.0222986683725053
2025-10-07,22.170639038085938,23.32351234324354,21.924298604329426,23.19541614463863,19270000,-0.03928272261910715,-0.04007510956984264,22.95498733520508,22.72145652770996,23.22004976272583,22.915261096664423,23.174414216461134,-0.25915311979671074,-0.24478688104453888,-0.014366238752171856,32.8858848969183,23.22004976272583,24.80251087969075,21.637588645760907,0.1363012683551764,0.7765349908107255,14200860.0,1.3569600714322936,0.1760563273107406,0.023790201731687118
2025-10-08,22.269176483154297,22.61405348017025,22.111518749563306,22.180493773080812,10240600,0.0044445017980350165,0.0044346541676777386,22.86630516052246,22.6692325592041,23.1594500541687,22.81586346381671,23.107359569549516,-0.29149610573280427,-0.254128725982192,-0.03736737975061227,36.589695420232616,23.1594500541687,24.79184574388666,21.52705436445074,0.14097015999083526,0.7350090213264718,14138255.0,0.7243185244572261,0.3137250439652746,0.023737080081884968
2025-10-09,21.75678825378418,22.27903067921672,21.4907401193509,22.180494124304936,15428400,-0.023008853953702224,-0.02327768936905897,22.54901885986328,22.657408142089842,23.01460189819336,22.6529288161194,23.007317249863192,-0.35438843374379303,-0.2741806675345122,-0.08020776620928083,37.25136250511923,23.01460189819336,24.6022054179169,21.42699837846982,0.13796489087635852,0.7350091591069808,13624090.0,1.132435267236197,0.3375000851254195,0.02068320256152859
2025-10-10,20.347719192504883,22.022834872424593,20.347719192504883,21.894736796027495,18840800,-0.06476457116937817,-0.06695698584785487,21.924299240112305,22.429789543151855,22.79831485748291,22.298281181717165,22.81030998635517,-0.5120288046380033,-0.32175029495521046,-0.1902785096827928,31.024087604859275,22.79831485748291,24.598733224497213,20.99789649046861,0.15794310924023097,0.8159497080233032,13829490.0,1.3623640495781117,0.0,0.024405318271004395
2025-10-13,21.106449127197266,21.402056905566237,20.692597109823655,20.692597109823655,12276700,0.03728820549931022,0.03660981300568455,21.530154418945312,22.284941482543946,22.662827587127687,22.11492240409872,22.684098070861992,-0.5691756667632717,-0.37123536931682277,-0.19794029744644892,39.85915857746347,22.662827587127687,24.546628309162426,20.77902686509295,0.16624586802264013,0.8309413057786491,13783710.0,0.890667316709362,0.5833339873855674,0.0257324480094431
2025-10-14,21.599130630493164,21.76664221088945,20.584207304629956,20.7073775290558,9683300,0.023342699680404255,0.023074425671263634,21.415852737426757,22.185420036315918,22.53670139312744,22.035569823544016,22.603730112316153,-0.5681602887721375,-0.41062035320788576,-0.15753993556425178,41.74626601988974,22.53670139312744,24.345537506186172,20.72786528006871,0.16052359052069046,0.8788018734760273,13714335.0,0.7060714208891645,0.8583333525652376,0.02623358985283547
2025-10-15,21.875032424926758,22.234689251679203,21.579422761145963,21.865178581524553,10597900,0.012773745348994892,0.012692849233101969,21.33702392578125,22.101664543151855,22.42141408920288,22.010871762218283,22.549752505842864,-0.5388807436245813,-0.4362724312912249,-0.10260831233335638,50.0,22.42141408920288,24.07641998383537,20.766408194570392,0.1476272538429646,0.8576872474084285,13505470.0,0.7847116760838386,0.45112891249626613,0.026491842481917893
2025-10-16,21.579421997070312,22.14107789510994,21.24932671221237,21.98342016511385,10929900,-0.013513599528181541,-0.013605739248733578,21.301550674438477,21.925284767150877,22.312531566619874,21.944494875272444,22.477876171859712,-0.5333812965872688,-0.45569420435043373,-0.07768709223683512,41.4791151885577,22.312531566619874,23.88186402838627,20.743199104853478,0.1406682569461691,0.8510008151844823,13284445.0,0.8227592496336881,0.37016522936780505,0.026404429294997072
2025-10-17,21.569568634033203,21.722300385615778,21.357715702243485,21.579422477305798,9111200,-0.0004566092195817939,-0.0004567134973154886,21.54592056274414,21.735109901428224,22.233702659606934,21.886813915081795,22.410594132020712,-0.523780216938917,-0.4693114068681304,-0.05446881007078658,41.88313453326684,22.233702659606934,23.78500910101608,20.682396218197788,0.1395454877812575,0.8397395496217371,12784670.0,0.7126660289237031,0.5810801595375421,0.02593416014413818
2025-10-20,21.313373565673828,21.76171308128001,21.12615618864504,21.668104392765617,10342700,-0.011877616687945292,-0.011948719156449893,21.58730545043945,21.558729934692384,22.157829761505127,21.798592322865183,22.329318534513536,-0.5307262116483535,-0.48159436782417503,-0.04913184382417851,39.811917361600344,22.157829761505127,23.73439693701071,20.581262585999543,0.1423033927487393,0.8398802379787116,12656715.0,0.8171709641877849,0.29457217166959954,0.025900150100962582
2025-10-21,21.431617736816406,21.746933191316202,21.24932634207653,21.372496558954783,10565100,0.005547886202915242,0.005532553366003528,21.5538028717041,21.48482780456543,22.103142166137694,21.742134694242296,22.262822179128566,-0.5206874848862704,-0.48941299123659415,-0.031274493649676216,39.811935622553285,22.103142166137694,23.701754258738994,20.504530073536394,0.14465021132157355,0.8469185627894478,12634125.0,0.8362351963432371,0.36633617755674136,0.0258509207883527
2025-10-22,21.38235092163086,21.687812540674614,21.24932685863719,21.431618257808484,12026100,-0.002298791243412035,-0.0023014375202723265,21.455266571044923,21.396145248413085,22.032688903808594,21.686783344609765,22.197602085980588,-0.510818741370823,-0.49369414126343997,-0.01712460010738298,32.81523510996939,22.032688903808594,23.627777327701136,20.437600479916053,0.1447928966688049,0.8065891194523684,12639750.0,0.9514507802765086,0.30337150198806556,0.025641148075142495
2025-10-23,24.151216506958008,24.360113090884333,23.008197037301876,23.116585550843297,33606400,0.12949303822930447,0.12176889332065277,21.96962547302246,21.635588073730467,22.146498107910155,22.065926908047956,22.34231426531225,-0.2763873572642943,-0.45023278446361087,0.17384542719931656,54.07319345689246,22.146498107910155,23.998365533617456,20.294630682202854,0.16723794585346763,0.9745932061399046,13498190.0,2.4896967667516905,0.8454810919453328,0.03782066225264773
2025-10-24,24.44682502746582,24.535507737265217,23.845755624793533,24.377850004161495,14496700,0.012239901887453497,0.0121655999726963,22.545076751708983,22.045498657226563,22.237644100189208,22.432218926419935,22.4982039513977,-0.06598502497776337,-0.37338323256644135,0.307398207588678,58.30345013873542,22.237644100189208,24.349622277696163,20.125665922682252,0.18994621624410168,0.9823352422191262,13591835.0,1.0665741601483538,0.8714281306136362,0.03726034006418164
2025-10-27,25.353357315063477,25.668672773591638,24.584776354758173,24.634043690367555,17744700,0.0370818004619895,0.03641080797050881,23.353073501586913,22.470189476013182,22.377565479278566,22.881624832365098,22.709696793150723,0.17192803921437516,-0.26432097821027806,0.4362490174246532,69.2950856105736,22.377565479278566,24.90749516307846,19.847635795478674,0.22611304041474803,0.9696662427342478,13888880.0,1.2776192176762993,0.7090907764429882,0.03790646949402073
2025-10-28,25.008480072021484,25.166139679103267,24.427118375942218,25.1464319932895,11767500,-0.013602823435028277,-0.013696189499266433,24.06844596862793,22.811124420166017,22.498272228240968,23.20883333077377,22.879977036030038,0.32885629474373346,-0.1456855236194757,0.4745418183632092,66.1252669422731,22.498272228240968,25.28870327519963,19.707841181282305,0.24805736357443242,0.9999308290566989,13758820.0,0.8552695652679517,0.7866643163410021,0.038162778532449995
2025-10-29,24.49609375,25.27452855658221,24.372923531030857,24.939505410631874,12570700,-0.02048850312157602,-0.020701304169310653,24.691194534301758,23.07323055267334,22.587447547912596,23.406873395270114,22.999689385213,0.40718401005711513,-0.0351116168841575,0.4422956269412726,66.12528179117575,22.587447547912596,25.517229860213938,19.657665235611255,0.2594168558520545,1.0080247194628085,13760780.0,0.9135165303129619,0.13661216842452692,0.038612054949741764
2025-10-30,23.451608657836914,24.1364366457869,23.431902851404484,24.013266428299463,11446600,-0.042638842862980364,-0.043574574042688476,24.55127296447754,23.26044921875,22.59286699295044,23.413755743357314,23.033164886888844,0.38059085646846924,0.04802887778636787,0.33256197868210136,69.09090013237724,22.59286699295044,25.528929923298026,19.656804062602856,0.2599106108369259,0.964387235082509,13435850.0,0.8519446108731491,0.027969994214406838,0.039573704089483776
2025-10-31,23.500877380371094,23.73736396746345,23.254536950554684,23.569852400011158,13052700,0.002100867503505688,0.0020986637673374225,24.362083435058594,23.45358009338379,22.594344997406004,23.427159072128664,23.06781025677642,0.35934881535224505,0.11029286529954334,0.2490559500527017,66.13544638955297,22.594344997406004,25.532299012279786,19.656390982532223,0.2600610033361074,0.9235650425001811,13670755.0,0.954789987824374,0.5102043093850228,0.03956050373751618
2025-11-03,22.88995361328125,23.34322100769976,22.584491988856268,23.24468445418022,13200100,-0.02599578548501824,-0.026339648331528395,23.86940269470215,23.611238098144533,22.584984016418456,23.344512078459832,23.05463569059159,0.28987638786824377,0.14620956981328345,0.14366681805496032,58.56208343275323,22.584984016418456,25.51764884764717,19.652319185189743,0.2597004123710491,0.9045615057327048,13859905.0,0.9523946953460359,0.40259646436697943,0.03982827339120577
2025-11-04,22.259323120117188,22.633759775617083,22.229761589645427,22.505663569096413,12009900,-0.02755053609187552,-0.027937169972803953,23.31957130432129,23.69400863647461,22.58941822052002,23.177559931022504,22.995723648334224,0.18183628268828045,0.15333491238828287,0.02850137029999758,52.434454394593814,22.58941822052002,25.519712415325916,19.659124025714124,0.2594395452065289,0.9049133295257464,13496900.0,0.889826552763968,0.07317243187351773,0.039297156489565714
2025-11-05,22.436687469482422,22.88009912875068,22.28888358305967,22.377564411370614,12998600,0.007968092668771964,0.007936515049734815,22.907690048217773,23.799442291259766,22.597793769836425,23.06357955232403,22.95431356101187,0.10926599131216008,0.14452112817305832,-0.035255136860898234,55.51331451458976,22.597793769836425,25.525190070807895,19.670397468864955,0.25908691182755755,0.8855579599354549,13634800.0,0.9533399829847156,0.24999999577142532,0.03932174729595541
2025-11-06,21.894737243652344,22.604198901147956,21.894737243652344,22.49580850804649,15504300,-0.024154645224132132,-0.024451153098796405,22.596315765380858,23.5737943649292,22.604691219329833,22.88375765868223,22.875826426392646,0.007931232289585921,0.11720314899636383,-0.10927191670677791,51.95729096106819,22.604691219329833,25.524384063440284,19.684998375219383,0.25832627535418384,0.9101920295156921,13638595.0,1.136795982284099,0.0,0.039359510146157364
2025-11-07,21.963714599609375,22.150931981392738,21.559714547701304,21.87503189058424,13745900,0.0031504080267978907,0.0031454558895395524,22.288883209228516,23.325483322143555,22.685490989685057,22.742212572671022,22.808262587371665,-0.06605001470064309,0.08055251625696244,-0.14660253095760553,54.00486833827668,22.685490989685057,25.426149234979654,19.94483274439046,0.2416221228397266,0.9070249253054394,13383850.0,1.0270512595404162,0.6833358119232444,0.036186591396953974
2025-11-10,21.7764949798584,22.416979739383684,21.382350657029637,22.36771240381573,14784800,-0.00852404172809218,-0.0085605791509569,22.066191482543946,22.967797088623048,22.718993282318117,22.593640635315236,22.7318353571855,-0.1381947218702635,0.03680306863151724,-0.17499779050178074,52.105900294359,22.718993282318117,25.39397242255315,20.044014142083082,0.235483950102396,0.9453836562421805,13509255.0,1.0944200846012604,0.3809522907692281,0.03543879116420898
2025-11-11,21.98341941833496,22.16078482841254,21.742006849729172,21.90459055601474,9556900,0.009502192096016993,0.009457330235477238,22.0110107421875,22.665291023254394,22.738207721710204,22.4997604480875,22.676397139492863,-0.17663669140536342,-0.0058848833758589035,-0.17075180802950451,53.60093150490834,22.738207721710204,25.384686268167922,20.091729175252485,0.23277811328382653,0.9439759631454623,13502935.0,0.7077646452419418,0.5764690961069503,0.0351366044157631
2025-11-12,21.855323791503906,22.35785850667939,21.766641084153623,22.091810384628538,8406100,-0.005826920025199467,-0.005843962760373694,21.894738006591798,22.401214027404784,22.737222290039064,22.40061634707464,22.615576891493678,-0.21496054441903922,-0.04770001558449498,-0.16726052883454423,29.879101668867023,22.737222290039064,25.385068458643484,20.089376121434643,0.23290849997665844,0.7735084812363403,13393345.0,0.6276326041030079,0.15000015640847789,0.03506686240996653
2025-11-13,22.771711349487305,22.820978686742475,21.746934195609466,21.825763062874803,18599300,0.041929717753238505,0.04107449168327228,22.07013282775879,22.333224296569824,22.79683675765991,22.457707885907357,22.627142406900614,-0.1694345209932564,-0.07204691666624728,-0.09738760432700912,36.76013625764248,22.79683675765991,25.388007377553414,20.205666137766407,0.2273272074927545,0.8009579368550064,13776815.0,1.3500435332839993,0.9541291378493183,0.036077031930547794
2025-11-14,22.594345092773438,22.840685528796822,22.207098273159495,22.51551622842309,12069100,-0.007788885692065484,-0.007819377496880215,22.1962589263916,22.242571067810058,22.848075580596923,22.478728994655985,22.624712976224526,-0.1459839815685413,-0.0868343296467061,-0.05914965192183522,25.352128995540767,22.848075580596923,25.376840292517326,20.31931086867652,0.22135472223909167,0.7589393303915427,13924710.0,0.8667397741137877,0.6111972898072846,0.03615417381896489
2025-11-17,21.3527889251709,22.485954547323658,21.298593728904002,22.485954547323658,13080800,-0.054949863007962896,-0.05651729787773331,22.111517715454102,22.088854598999024,22.850046348571777,22.305507445504436,22.53049637985018,-0.2249889343457454,-0.11446525058651398,-0.11052368375923143,21.851306057336757,22.850046348571777,25.373831572896282,20.32626112424727,0.22089979038333574,0.7853330750164125,14061615.0,0.9302487658778882,0.04564340929035732,0.038300733202669086
2025-11-18,21.530155181884766,21.682885054333397,20.93893774038812,21.254253208005416,12329300,0.008306467943622442,0.008272159098057676,22.02086486816406,22.01593780517578,22.854973220825194,22.186222481870644,22.45639703185274,-0.270174549982098,-0.1456071104656308,-0.1245674395164672,25.92002195218339,22.854973220825194,25.36745883479027,20.342487606860118,0.21986336100151083,0.7740718099016927,14149825.0,0.8713393981904369,0.7947033646970065,0.03832384411713087
2025-11-19,20.998058319091797,21.66317862650476,20.85025443280949,21.5597142146216,13044100,-0.02471402822217783,-0.02502454660210293,21.84941177368164,21.87207489013672,22.83575859069824,22.003427995289282,22.348371942018595,-0.3449439467293125,-0.18547447771836717,-0.15946946901094533,28.27227377096861,22.83575859069824,25.400987883323946,20.270529298072535,0.2246677536406089,0.7561241881231037,14200725.0,0.9185516936635277,0.1818175490537035,0.038747659945245164
2025-11-20,20.643329620361328,21.436544258310438,20.623621934101767,21.131082639000848,12657200,-0.016893404777714283,-0.017037726034176085,21.423735427856446,21.746934127807616,22.66036424636841,21.79418209145421,22.222072510784724,-0.4278904193305131,-0.2339576660407964,-0.19393275328971668,25.993399449932795,22.66036424636841,25.324668560734104,19.996059932002716,0.23515105806762837,0.7797024243588113,13153265.0,0.9622857898780265,0.024243012438261696,0.023958746560552305
2025-11-21,21.875032424926758,22.121372871696526,20.929084132028052,20.968499505636874,19595100,0.05966589824494939,0.057953668106108754,21.27987289428711,21.738065910339355,22.531774616241456,21.80662060429614,22.196365837758208,-0.3897452334620688,-0.2651151795250509,-0.12463005393701787,42.278875841492265,22.531774616241456,25.078704909573787,19.984844322909126,0.22607454021810078,0.8198208429174093,13408185.0,1.4614282246254806,0.793388592454416,0.02802214140495848
2025-11-24,22.2002010345459,22.23961452747474,21.62869129136476,21.87503173031229,15713700,0.014864828691572907,0.014755429922461882,21.44935531616211,21.780436515808105,22.374116802215575,21.86717143971918,22.196649926409147,-0.32947848668996826,-0.2779878409580344,-0.05149064573193385,49.528299159104265,22.374116802215575,24.548806060260354,20.199427544170796,0.19439330519892814,0.8163016438084204,13306635.0,1.1808920887963035,0.9354853442231836,0.026666573856618667
2025-11-25,22.860393524169922,23.008197411898887,22.29873574371441,22.426833824660342,14209700,0.029738131136591628,0.029304528301706427,21.71540298461914,21.8681339263916,22.266712474823,22.019974837326984,22.24581611883587,-0.2258412815088846,-0.2675585290682045,0.04171724755931988,53.13868753398041,22.266712474823,24.074876994886083,20.458547954759915,0.1624096527143446,0.8296745272883845,13428745.0,1.0581554717138497,0.7916675385382367,0.02777820965428117
2025-11-26,23.559999465942383,23.747218726063405,22.86039352040718,22.88009932718697,10506200,0.03060340763743974,0.03014446336629127,22.227791213989256,22.03860149383545,22.219907760620117,22.256901703267815,22.34316303343635,-0.08626133016853643,-0.23129908928827086,0.14503775911973443,62.05420961319202,22.219907760620117,23.821786044387558,20.618029476852676,0.14418406242049453,0.8423433521569998,13325520.0,0.7884270182326844,0.788888197115048,0.0285322540414582
2025-11-28,23.850000381469727,24.020000457763672,23.59000015258789,23.729999542236328,7253900,0.01230903744062295,0.012233897213482458,22.869125366210938,22.14643039703369,22.239827346801757,22.50199380760657,22.454780614772154,0.04721319283441616,-0.17559663286373345,0.2228098256981496,63.2307568402241,22.239827346801757,23.91445193788875,20.565202755714765,0.15059690571993717,0.8329707491662752,13115885.0,0.5530621837565669,0.6046512518846634,0.02697138291023258
2025-12-01,23.84000015258789,24.28499984741211,23.565000534057617,23.600000381469727,11456100,-0.0004192968017562304,-0.00041938473124010516,23.262118911743165,22.270995903015137,22.256783485412598,22.707840937603695,22.55738946942517,0.15045146817852384,-0.11038701265528199,0.26083848083380584,64.84281342444231,22.256783485412598,23.990978359035736,20.52258861178946,0.15583517490384483,0.8104971942377356,13036055.0,0.8788011403756735,0.38194427357104216,0.026972775881703832
2025-12-02,23.860000610351562,24.09000015258789,23.405000686645508,23.8700008392334,10733800,0.0008389453706232342,0.0008385936526568156,23.594078826904298,22.521717071533203,22.305285835266112,22.885096271872595,22.653879183567867,0.23121708830472798,-0.04206619246327998,0.27328328076800795,63.87127882304011,22.305285835266112,24.16384512526668,20.446726545265545,0.1666474309028637,0.8295130147562365,12912740.0,0.8312565729659236,0.6642339734349314,0.026212747588294286
2025-12-03,23.760000228881836,24.46500015258789,23.735000610351562,23.979999542236328,10524700,-0.004191130717169478,-0.004199938122786598,23.77400016784668,22.74470157623291,22.380319690704347,23.019696880643245,22.735814075813344,0.2838828048299007,0.023123606995356174,0.26075919783454454,64.13767327020028,22.380319690704347,24.348975781607948,20.411663599800747,0.1759274325041282,0.8394260233069909,12838480.0,0.8197777306970919,0.03424607378687833,0.02531283243315051
2025-12-04,22.8700008392334,23.93000030517578,22.75,23.850000381469727,10415800,-0.037457886408880814,-0.03817745939700917,23.636000442504884,22.93189582824707,22.401985359191894,22.996666720426344,22.74575383606668,0.2509128843596642,0.0686814624682178,0.1822314218914464,50.7324339228963,22.401985359191894,24.38275366292587,20.421217055457916,0.17683863925223367,0.8469942957386175,12709340.0,0.8195390161880948,0.10169559930627838,0.02688659050346327
2025-12-05,22.959999084472656,23.684999465942383,22.934999465942383,23.170000076293945,9023600,0.00393520952937032,0.003927486845971713,23.45800018310547,23.163562774658203,22.45524845123291,22.99102554566424,22.76162385446712,0.2294016911971184,0.10082550821399792,0.12857618298312046,52.76072895179625,22.45524845123291,24.43587536551642,20.474621536949403,0.1764065909655755,0.8599522508151646,12385305.0,0.728573095293172,0.03333282426259359,0.026212161388504393
2025-12-08,22.860000610351562,23.25,22.760000228881836,22.899999618530273,11723700,-0.004355334412391998,-0.004364846510272854,23.262000274658202,23.262059593200682,22.50006275177002,22.97086786330844,22.76891102156967,0.20195684173877027,0.1210517749189524,0.08090506681981786,63.74977423388291,22.50006275177002,24.474411224019036,20.525714279521004,0.17549715252182566,0.8023985656186452,12284195.0,0.9543726715507203,0.20408250232587624,0.026259121614558154
2025-12-09,23.110000610351562,23.844999313354492,22.850000381469727,22.885000228881836,11305700,0.010936132691387268,0.010876765630793647,23.112000274658204,23.35303955078125,22.566738033294676,22.992272901315076,22.794176917034996,0.19809598428008002,0.13646061679117794,0.06163536748890208,64.22388833746047,22.566738033294676,24.528225572160434,20.60525049442892,0.17383881852767588,0.8203308240428944,12110240.0,0.9335653133216187,0.26130704057768483,0.026196284114543045
2025-12-10,24.59000015258789,24.700000762939453,23.174999237060547,23.190000534057617,11997200,0.06404151895925958,0.062074411736382146,23.278000259399413,23.526000213623046,22.697067070007325,23.23807709381859,22.927200860409283,0.3108762334093065,0.17134374011480366,0.13953249329450282,77.62438816594711,22.697067070007325,24.833908040123696,20.560226099890954,0.1882922549883165,0.8758362496780815,12232255.0,0.980784000987553,0.9278685183171532,0.029505412157803043
2025-12-11,24.579999923706055,25.049999237060547,24.424999237060547,24.540000915527344,11607200,-0.00040667868319566036,-0.00040676139939804757,23.620000076293945,23.628000259399414,22.833300876617432,23.444526759955124,23.049630420653486,0.3948963393016385,0.21605425995217065,0.17884207934946783,81.97078752005581,22.833300876617432,25.08833667786487,20.578265075369995,0.1975216648204132,0.8624132265203193,12392310.0,0.9366453873410203,0.24800109466479497,0.029415541717104126
2025-12-12,23.969999313354492,24.885000228881836,23.93000030517578,24.700000762939453,9552591,-0.02481694923697908,-0.02513008123372984,23.822000122070314,23.64000015258789,22.893215274810792,23.525368691247337,23.117805894186894,0.40756279706044296,0.2543559673738251,0.15320682968661786,68.92484138066023,22.893215274810792,25.20433854111832,20.582092008503263,0.20190464629496044,0.8250529888325234,11939974.55,0.8000512027892053,0.04188378110508066,0.028942948885960905
