Date,Close,High,Low,Open,Volume,returns,log_returns,SMA_5,SMA_10,SMA_20,EMA_12,EMA_26,MACD,MACD_Signal,MACD_Hist,RSI,BB_Middle,BB_Upper,BB_Lower,BB_Width,ATR,Volume_SMA,Volume_Ratio,Price_Position,Volatility
2022-04-03,0.0007949999999254942,0.000805000017862767,0.0007680000271648169,0.000775999971665442,3317,0.024484573394087272,0.024189630891001446,0.0007923999917693436,0.0007944999961182475,0.0008070000010775402,0.000795975994077846,0.0008018713737143276,-5.895379636481658e-06,-6.621364071648643e-06,7.259844351669848e-07,51.44230379063165,0.0008070000010775402,0.0008812003067701597,0.0007327996953849207,0.18389171150816394,3.571429156831333e-05,10335.8,0.32092339248050467,0.7295320061286259,0.02949239275757191
2022-04-04,0.000783999974373728,0.0007949999999254942,0.0007570000016130507,0.0007949999999254942,3915,-0.013836510129304425,-0.013933126896777922,0.0007867999840527773,0.0007956999936141074,0.0008020500012207776,0.0007940856187136146,0.0008002491790459574,-6.16356033234281e-06,-6.529122702616459e-06,3.6556237027364926e-07,50.4716876227817,0.0008020500012207776,0.0008676082697736319,0.0007364917326679233,0.16347676193022853,3.6642861752105614e-05,8285.95,0.4724865585720406,0.7103386992742444,0.029041470329254648
2022-04-05,0.000770999991800636,0.0008089999901130795,0.000770999991800636,0.000783999974373728,5895,-0.016581610966858285,-0.01672062473521984,0.0007857999880798161,0.0007947999925818295,0.0007949999999254942,0.0007904561482680205,0.0007976378178606865,-7.18166959266602e-06,-6.660407046608614e-06,-5.212625460574067e-07,45.87155767333989,0.0007949999999254942,0.0008367914818802557,0.0007532085179707327,0.10513580366963042,3.692857821338943e-05,7623.95,0.773221230464523,0.0,0.027675856132070832
2022-04-06,0.0007350000087171793,0.000783999974373728,0.00072900002123788,0.000770999991800636,5710,-0.04669258555941147,-0.04781785185567163,0.000772199989296496,0.0007870999921578914,0.0007895499991718679,0.0007817667556536524,0.0007921292887572028,-1.0362533103550325e-05,-7.404345407578119e-06,-2.9581876959722056e-06,42.016811244148975,0.0007895499991718679,0.0008328383938020961,0.0007462616045416397,0.10965333335604306,3.864286035033209e-05,6911.3,0.8261832072113785,0.10907094329788343,0.024688126632494325
2022-04-07,0.0007489999989047647,0.0007619999814778566,0.0007300000288523734,0.0007350000087171793,5887,0.019047605471488316,0.018868470982011436,0.0007667999947443604,0.0007810999930370599,0.0007851499976823106,0.0007766471069342756,0.0007883882709657631,-1.1741164031487511e-05,-8.274998366240154e-06,-3.4661656652473576e-06,42.7385987323297,0.0007851499976823106,0.000825948736642605,0.0007443512587220163,0.10392597358652071,3.949999726111335e-05,6103.75,0.964489043620725,0.593564453990017,0.025337807538946266
2022-04-08,0.0007019999902695417,0.0007570000016130507,0.0006970000104047358,0.0007489999989047647,5196,-0.06275034539913127,-0.06480559189019663,0.00074819999281317,0.0007702999922912568,0.0007801499974448234,0.0007650117664845744,0.0007809887046442552,-1.597693815968081e-05,-9.820055975018395e-06,-6.156882184662416e-06,37.31884722755616,0.0007801499974448234,0.0008345104949127334,0.0007257894999769134,0.1393590915745781,4.185714143594461e-05,5633.85,0.9222822758859394,0.08331912343478476,0.027286134106294522
2022-04-09,0.0007060000207275152,0.0007120000082068145,0.0006970000104047358,0.0007019999902695417,4301,0.005698049164413188,0.005681876687568916,0.0007326000020839273,0.0007596999930683523,0.0007759999978588894,0.0007558321208619723,0.0007746391005874991,-1.8806979725526736e-05,-1.162179706777465e-05,-7.185182657752086e-06,36.397072670496954,0.0007759999978588894,0.0008394316832069308,0.0007125683125108479,0.16348372557489638,4.057142567554755e-05,5372.65,0.8005360483187999,0.5996010420156765,0.027306223915127326
2022-04-10,0.0006929999799467623,0.0007120000082068145,0.000691999972332269,0.0007060000207275152,1461,-0.018413654956209058,-0.018585296599276466,0.0007169999997131526,0.0007513999938964844,0.0007715499959886074,0.0007460748746987011,0.0007677988832793227,-2.1724008580621657e-05,-1.3646155048153046e-05,-8.077853532468611e-06,26.48222907982978,0.0007715499959886074,0.0008449184981368611,0.0006981814938403537,0.19018469970761837,3.9142855842198643e-05,5157.0,0.283304246655032,0.04997530343088803,0.02745699528882019
2022-04-11,0.0006479999865405262,0.0006939999875612557,0.0006469999789260328,0.0006929999799467623,324,-0.0649350572992703,-0.06713929467157041,0.000699599995277822,0.0007358999922871589,0.000764499994693324,0.0007308667268307603,0.0007578579558491304,-2.6991229018370104e-05,-1.6319306343470882e-05,-1.0671922674899222e-05,22.711883134884815,0.000764499994693324,0.0008557313404785863,0.0006732686489080617,0.238669316987659,4.0142855141311884e-05,4929.9,0.06572141422746912,0.021272227840947476,0.03021921791575318
2022-04-12,0.0006820000126026571,0.000691999972332269,0.0006479999865405262,0.0006479999865405262,158,0.05246917711163346,0.051139000740949805,0.0006861999980174005,0.0007264999963808805,0.0007599499949719757,0.0007232983648366839,0.0007516188202929993,-2.832045545631543e-05,-1.8722511189541344e-05,-9.597944266774086e-06,30.48782067651807,0.0007599499949719757,0.000858203104783706,0.0006616968851602454,0.25857782870398877,4.1357137628697925e-05,4483.1,0.0352434699203676,0.772552534395729,0.03307814429295265
2022-04-13,0.0006980000180192292,0.000699999975040555,0.0006779999821446836,0.0006820000126026571,167,0.0234604180658482,0.023189452255455434,0.000685400003567338,0.0007167999981902539,0.0007556499971542507,0.0007193842536659136,0.0007472445545083268,-2.7860300842413258e-05,-2.0551880840065357e-05,-7.3084200023479015e-06,33.33334467984871,0.0007556499971542507,0.0008569515771824885,0.0006543484171260129,0.26811772754512203,4.042856328721557e-05,4013.2,0.04161267816206519,0.9086797969070288,0.03343358719769256
2022-04-14,0.0006689999718219042,0.0007040000054985285,0.0006689999718219042,0.0006980000180192292,1869,-0.04154734304967611,-0.042435110569383885,0.0006779999937862157,0.0007052999979350715,0.0007504999957745895,0.0007115956861739853,0.0007409088578541389,-2.9313171680153596e-05,-2.2305528390814437e-05,-7.007643289339158e-06,34.029861378982005,0.0007504999957745895,0.0008585496939733333,0.0006424502975758456,0.2879405697723582,3.8785710265593866e-05,3802.5,0.4915187376725838,0.0,0.034351060467908145
2022-04-15,0.000674000009894371,0.000678999989759177,0.0006680000224150717,0.0006689999718219042,1767,0.007473898778874499,0.007446107583879701,0.0006741999997757376,0.0006955999997444451,0.0007451999961631372,0.0007057883040294367,0.0007355281701991354,-2.9739866169698772e-05,-2.3793338958570925e-05,-5.946527211127846e-06,29.392987525530927,0.0007451999961631372,0.0008574733464541529,0.0006329266458721215,0.30132407640656267,3.549999174928027e-05,3566.75,0.4954089857713605,0.5449596072155211,0.034282126616958224
2022-04-16,0.0006750000175088644,0.0006779999821446836,0.0006719999946653843,0.000674000009894371,0,0.0014836908009097094,0.0014825912192051617,0.0006796000059694051,0.0006896000006236136,0.0007383499963907525,0.0007010354176951703,0.0007306912920911488,-2.9655874395978542e-05,-2.496644087939407e-05,-4.689433516584473e-06,32.404201819403866,0.0007383499963907525,0.0008501793254250858,0.0006265206673564191,0.30291685401499097,3.2857135270855255e-05,3347.05,0.0,0.499172894088937,0.032476776297046664
2022-04-17,0.0006500000017695129,0.0006750000175088644,0.0006489999941550195,0.0006750000175088644,829,-0.03703705939388835,-0.037740351199577506,0.0006732000038027763,0.0006797000009100884,0.0007303999969735742,0.000693161067341227,0.0007242805734511397,-3.1119506109912685e-05,-2.6197553324035198e-05,-4.921952785877487e-06,25.255989375618952,0.0007303999969735742,0.0008436791533925489,0.0006171208405545994,0.3101838907128944,3.207142331770488e-05,3092.95,0.2680289044439774,0.0384470094812716,0.033057457420205515
2022-04-18,0.0006680000224150717,0.0006689999718219042,0.0006350000039674342,0.0006500000017695129,913,0.027692339379318254,0.027315841480131414,0.0006672000046819449,0.0006763000041246414,0.0007232999982079491,0.0006892806519843124,0.0007198331241131397,-3.055247212882734e-05,-2.7068819827139067e-05,-3.4836523016882743e-06,30.666686845309755,0.0007232999982079491,0.0008333260158302434,0.0006132739805856548,0.3042334242911522,3.178570685642106e-05,2837.65,0.32174510598558664,0.9703043116313996,0.034059901516265985
2022-04-19,0.0006680000224150717,0.000678999989759177,0.0006639999919570982,0.0006680000224150717,847,0.0,0.0,0.0006670000148005784,0.000672500004293397,0.0007160999986808747,0.0006859999232583242,0.0007157572952299534,-2.975737197162911e-05,-2.760666988989664e-05,-2.1507020817324707e-06,32.05576736098013,0.0007160999986808747,0.0008203827988705445,0.000611817198491205,0.291252060834433,3.014284967710929e-05,2656.45,0.31884658096331575,0.26649107552963924,0.03402046334266078
2022-04-20,0.000666000007186085,0.0006859999848529696,0.0006619999767281115,0.0006680000224150717,917,-0.0029940346734659284,-0.0029985257618352873,0.0006654000142589211,0.0006698000070173293,0.0007106000004569069,0.000682917618605627,0.0007118624543087406,-2.894483570311363e-05,-2.787435864932022e-05,-1.0704770537934088e-06,36.36364891288668,0.0007106000004569069,0.0008131699142236912,0.0006080300866901226,0.28868537489680024,2.7928567890610013e-05,2464.95,0.37201565954684684,0.1665984633229737,0.03301157754875862
2022-04-21,0.0006399999838322401,0.0006750000175088644,0.0006339999963529408,0.000666000007186085,864,-0.03903907368364379,-0.03982153023871406,0.0006584000075235963,0.0006690000067465007,0.0007024499995168298,0.000676305113143731,0.0007062608326444602,-2.99557195007292e-05,-2.8290699996173773e-05,-1.6650195045554264e-06,29.433980499355314,0.0007024499995168298,0.000799881152955389,0.0006050188460782706,0.27740381096327377,2.857142992849861e-05,2375.0,0.36378947368421055,0.14630539829489095,0.032199524839195984
2022-04-22,0.0006399999838322401,0.0006520000169984996,0.0006319999811239541,0.0006399999838322401,2123,0.0,0.0,0.0006564000039361417,0.000664800003869459,0.0006956500001251698,0.0006707127009829349,0.0007011157905309801,-3.040308954804522e-05,-2.8713234070960196e-05,-1.689855477085025e-06,35.779832191254116,0.0006956500001251698,0.0007904145805705091,0.0006008854196798304,0.27244902013451644,2.57142902618008e-05,2323.0,0.913904433921653,0.3997995185237381,0.03181968271109878
2022-04-23,0.0006339999963529408,0.000645000021904707,0.0006270000012591481,0.0006399999838322401,1829,-0.009374980673237054,-0.009419202406825743,0.0006495999987237155,0.0006584000017028302,0.0006875999999465421,0.0006650585976169259,0.0006959229238319974,-3.086432621507147e-05,-2.9143498253318197e-05,-1.720827961753273e-06,33.6363744600914,0.0006875999999465421,0.0007737953686772209,0.0006014046312158634,0.250713696152938,2.5928577607763665e-05,2248.6,0.8133950013341635,0.38867224150122415,0.0308238810282094
2022-04-24,0.0006280000088736415,0.0006419999990612268,0.0006270000012591481,0.0006339999963529408,811,-0.009463702703176646,-0.009508768086565651,0.0006415999960154295,0.0006543000054080039,0.0006798000016715377,0.0006593521566567431,0.0006906848821662372,-3.133272550949408e-05,-2.9581380955493954e-05,-1.7513445540001255e-06,34.74180276909749,0.0006798000016715377,0.0007570326671904069,0.0006025673361526686,0.2272217279463499,2.557143203115889e-05,2093.4,0.3874080443297984,0.06662276888240981,0.03081667069673416
2022-04-25,0.0006350000039674342,0.0006370000191964209,0.0006060000159777701,0.0006280000088736415,392,0.01114648884535474,0.011084824542418574,0.0006353999953716994,0.0006504000048153102,0.0006730000022798777,0.0006556028253639503,0.0006864036360489059,-3.080081068495557e-05,-2.982528350053334e-05,-9.755271844222287e-07,46.28572283866848,0.0006730000022798777,0.0007396459698527154,0.0006063540347070399,0.19805636655888745,2.442857450140374e-05,1818.25,0.21559191530317612,0.9351817149190804,0.03115410746673555
2022-04-26,0.0006070000235922635,0.0006409999914467335,0.0006000000284984708,0.0006350000039674342,128,-0.044094457008234444,-0.045096175214131104,0.000628800003323704,0.0006436000054236502,0.0006666000030236318,0.0006481206650915634,0.0006803159143310128,-3.2195249239449445e-05,-3.0299302456363322e-05,-1.8959467830861228e-06,27.810670248673972,0.0006666000030236318,0.000732758982680866,0.0006004410233663977,0.19849678775020552,2.4214287155440877e-05,1539.15,0.0831627846538674,0.17069011017209948,0.030994501481230754
2022-04-27,0.000615999975707382,0.0006210000137798488,0.0006050000083632767,0.0006070000235922635,518,0.014826938657854116,0.01471809417096236,0.0006240000016987324,0.0006402000028174371,0.0006599500018637627,0.0006431763332001219,0.0006753976932919775,-3.222136009185567e-05,-3.068373072767454e-05,-1.5376293641811275e-06,24.69135580675065,0.0006599500018637627,0.0007173992076826137,0.0006025007960449117,0.17410169151180813,2.378571662120521e-05,1270.7,0.40764932714251984,0.6870683087164406,0.030806860342500672
2022-04-28,0.0006440000142902136,0.000645000021904707,0.000615999975707382,0.000615999975707382,1360,0.04545460988156358,0.044451824196675364,0.0006260000052861869,0.0006378000020049512,0.0006570500030647963,0.0006433031116740407,0.0006730024600521186,-2.9699348378077906e-05,-3.0486847397372425e-05,7.874990192945189e-07,42.23604101288522,0.0006570500030647963,0.000711329890106081,0.0006027701160235116,0.1652230021706027,2.3357146086969544e-05,1078.9,1.2605431457966447,0.9651842121303997,0.030419346531533546
2022-04-29,0.0006189999985508621,0.0006489999941550195,0.0006150000263005495,0.0006440000142902136,901,-0.03881989935497965,-0.03959347795062517,0.0006242000032216311,0.0006328999996185302,0.0006527000019559637,0.0006395627156130311,0.000668891873076665,-2.932915746363396e-05,-3.025530295610775e-05,9.261454924737893e-07,34.80663001192774,0.0006527000019559637,0.000704342910621168,0.0006010570932907593,0.1582439359903314,2.5000003266281317e-05,908.9,0.9913081747166905,0.1176117621583356,0.031299209598411086
2022-04-30,0.0005869999877177179,0.0006309999735094607,0.0005849999724887311,0.0006189999985508621,1446,-0.05169630195163044,-0.05308047143922426,0.0006145999999716878,0.0006249999976716935,0.0006474000023445114,0.0006314734784505701,0.0006626711026510051,-3.1197624200435e-05,-3.0443771407960116e-05,-7.538527924748826e-07,29.245280169614887,0.0006474000023445114,0.0007032170084313787,0.0005915829962576442,0.1724343709753786,2.7857147090669188e-05,908.15,1.5922479766558388,0.04346914115662907,0.03283622788005246
2022-05-01,0.0006009999779053032,0.0006079999729990959,0.0005840000230818987,0.0005869999877177179,1857,0.023850068961701165,0.02357009886770765,0.0006133999908342957,0.0006210999970789998,0.0006450500019127503,0.0006267839409834145,0.000657995199508796,-3.1211258525381505e-05,-3.05972715699788e-05,-6.13986955402708e-07,37.810940375088975,0.0006450500019127503,0.0007045938089560032,0.0005855061948694975,0.1846176478309872,2.7714284702337215e-05,984.8,1.8856620633631196,0.7080379127000286,0.030625396096489864
2022-05-02,0.0006009999779053032,0.0006070000235922635,0.0005910000181756914,0.0006009999779053032,383,0.0,0.0,0.00061039999127388,0.0006171999964863061,0.0006410000001778826,0.0006228162420157233,0.0006536813547722921,-3.086511275656877e-05,-3.0650840571859126e-05,-2.1427218470964135e-07,31.693976556625557,0.0006410000001778826,0.0007009789606833333,0.0005810210396724319,0.18714184239877085,2.642857309963022e-05,996.05,0.38451884945534864,0.6246068923412623,0.02770362243230236
2022-05-03,0.0005939999828115106,0.0006050000083632767,0.0005869999877177179,0.0006009999779053032,113,-0.01164724684049101,-0.011715607346190792,0.0006003999849781394,0.0006131999951321631,0.0006357999984174967,0.0006183820868097988,0.0006491714789859415,-3.078939217614272e-05,-3.067855120911539e-05,-1.1084096702732943e-07,30.526304502669134,0.0006357999984174967,0.0006929373377124542,0.0005786626591225393,0.1797336880691161,2.6642860445593086e-05,993.35,0.11375648059596315,0.38867224150122415,0.026841945583207488
2022-05-04,0.0006210000137798488,0.0006270000012591481,0.0005920000257901847,0.0005939999828115106,379,0.04545459890510806,0.044451813697457626,0.0006007999880239367,0.0006124999956227839,0.0006334000005153939,0.0006187849128011016,0.0006470458482830553,-2.8260935481953732e-05,-3.0195023646956038e-05,1.9340881650023056e-06,39.5348856097672,0.0006334000005153939,0.0006886674085102425,0.0005781325925205454,0.17451028717991082,2.742857239874346e-05,918.85,0.41247211187897914,0.8283349988454802,0.02808703707807592
2022-05-05,0.0005830000154674053,0.0006380000268109143,0.0005740000051446259,0.0006210000137798488,771,-0.06119162233370723,-0.06314389124204675,0.0005999999935738743,0.000607299996772781,0.0006288500007940456,0.000613278757545061,0.0006422200332903277,-2.8941275745266782e-05,-2.994427223425018e-05,1.0029964889833988e-06,37.444939907637,0.0006288500007940456,0.0006850199648930701,0.0005726800366950212,0.17864344129156062,2.907142957805523e-05,869.05,0.8871756515735574,0.14060314445291586,0.030764797485076524
2022-05-06,0.000582000007852912,0.0005910000181756914,0.0005719999899156392,0.0005830000154674053,535,-0.001715278881582294,-0.0017167516567908557,0.000596199999563396,0.0006047999951988459,0.000624200000311248,0.0006084660605701832,0.0006376882700524563,-2.922220948227308e-05,-2.9799858839613112e-05,5.776493573400325e-07,37.2807064572212,0.000624200000311248,0.0006796772708085815,0.0005687227298139145,0.1777547916362402,2.9000000462734272e-05,895.8,0.5972315248939496,0.5260390884471692,0.030727907566035714
2022-05-07,0.0005610000225715339,0.0005840000230818987,0.0005530000198632479,0.000582000007852912,267,-0.03608244845021602,-0.03674951546725474,0.0005882000084966421,0.000599299999885261,0.000619750001351349,0.00060116284634616,0.0006319240147694922,-3.076116842333227e-05,-2.999212165553269e-05,-7.690467677995827e-07,34.979428501346675,0.000619750001351349,0.0006805373842525726,0.0005589626184501254,0.19616743128254385,2.992857064652656e-05,867.7,0.3077100380315777,0.25798135691499974,0.030679387102040434
2022-05-08,0.0005430000019259751,0.0005619999719783664,0.0005370000144466758,0.0005610000225715339,254,-0.03208559700773206,-0.03261162227630793,0.000578000012319535,0.0005891999986488372,0.0006135000003268942,0.0005922139420939235,0.0006252473431578553,-3.303340106393187e-05,-3.060037981297647e-05,-2.4330212509553973e-06,33.33333333333333,0.0006135000003268942,0.0006789265372622619,0.0005480734633915266,0.21328944384843063,3.064285348435598e-05,834.75,0.304282719377059,0.23990394512652038,0.030038672029395936
2022-05-09,0.0005430000019259751,0.0005430000019259751,0.0005430000019259751,0.0005430000019259751,0,0.0,0.0,0.0005624000099487602,0.0005815999989863485,0.0006072499993024394,0.0005846420122894312,0.000619078198839439,-3.443618655000775e-05,-3.13675434566227e-05,-3.0686430933850477e-06,31.45161441747281,0.0006072499993024394,0.000674608815165485,0.0005398911834393939,0.22184871450118399,2.8428567540166633e-05,792.4,0.0,0.0,0.030038672029395936
2022-05-10,0.0005019999807700515,0.0005430000019259751,0.0004710000066552311,0.0005430000019259751,0,-0.07550648436556173,-0.07850924209579281,0.0005462000030092895,0.0005730999982915819,0.0005990499979816377,0.0005719270658669454,0.0006103046742895799,-3.837760842263446e-05,-3.276955980698725e-05,-5.608048615647211e-06,29.88505439515677,0.0005990499979816377,0.0006755978163977405,0.0005225021795655349,0.2555640386412261,3.064285556320101e-05,746.55,0.0,0.43049543328348133,0.033357362715134564
2022-05-11,0.0004299999854993075,0.0005019999807700515,0.00042299999040551484,0.0005019999807700515,0,-0.143426290894072,-0.15481490641999118,0.0005157999985385686,0.0005559999990509823,0.0005885499980649911,0.0005500909857425478,0.0005968047826170425,-4.671379687449465e-05,-3.555841256286925e-05,-1.1155384311625401e-05,21.296307524622136,0.0005885499980649911,0.0006937104827482418,0.0004833895133817403,0.3573544644600894,3.514285448805562e-05,703.35,0.0,0.08859632891354713,0.04402480430823764
2022-05-12,0.0004299999854993075,0.0004299999854993075,0.0004299999854993075,0.0004299999854993075,0,0.0,0.0,0.0004895999911241234,0.0005388999998103827,0.0005780499981483444,0.0005316146276919154,0.0005843256294216267,-5.271100172971131e-05,-3.8988935653499e-05,-1.3722066076212307e-05,13.85135517136105,0.0005780499981483444,0.000701862216993968,0.0004542377793027209,0.4283789265365579,3.3071422616818123e-05,597.2,0.0,0.0,0.04402480430823764
2022-05-13,0.0004619999963324517,0.0004710000066552311,0.00040600000647827983,0.0004299999854993075,0,0.07441863235410673,0.07177970817825571,0.0004733999900054187,0.0005257000011624768,0.00056944999814732,0.0005209042824181341,0.0005751808487101848,-5.427656629205071e-05,-4.2046465529730064e-05,-1.2230100762320644e-05,24.092414534891603,0.00056944999814732,0.0007005770654206016,0.00043832293087403833,0.46053935446447514,3.52857106398525e-05,505.75,0.0,0.8614057791377483,0.04869975334120059
2022-05-14,0.00045399999362416565,0.0004619999963324517,0.00041599999531172216,0.0004619999963324517,96,-0.01731602331557014,-0.0174676991456627,0.0004555999883450568,0.0005089999991469085,0.0005607499973848462,0.0005106109880127918,0.0005661278376531495,-5.5516849640357665e-05,-4.474054499420103e-05,-1.0776304646156636e-05,26.16488057156991,0.0005607499973848462,0.000698445130837465,0.00042305486393222737,0.49111059864390083,3.52857106398525e-05,470.0,0.20425531914893616,0.8259073564315466,0.04868841990620091
2022-05-15,0.00047500000800937414,0.0004769999941345304,0.00043700000969693065,0.00045399999362416565,84,0.046255538943009045,0.04521763689882139,0.0004501999937929213,0.0004981999984011054,0.0005527499975869432,0.0005051322284766426,0.0005593242897893251,-5.419206131268247e-05,-4.6630849741101714e-05,-7.561211571580755e-06,27.972039571428922,0.0005527499975869432,0.0006908725661179321,0.0004146274290559544,0.4997650624476511,3.642857024845268e-05,454.6,0.1847778266608007,0.9497628866041902,0.05028452796780149
2022-05-16,0.0004579999949783087,0.00047500000800937414,0.00044800000614486635,0.00047500000800937414,0,-0.03578950051455576,-0.03644564774668805,0.0004557999956887215,0.0004857999971136451,0.0005452999961562454,0.0004978809507492786,0.0005517639052783688,-5.3882954529090206e-05,-4.808127160914397e-05,-5.801682919946234e-06,26.402650503255984,0.0005452999961562454,0.0006871258389130721,0.0004034741533994188,0.5201754768257475,3.7214284280448086e-05,448.2,0.0,0.3702328079652119,0.05004942139742245
2022-05-17,0.00046999999904073775,0.00047599998652003706,0.0004560000088531524,0.0004579999949783087,111,0.02620088251965469,0.02586351951332746,0.0004637999983970076,0.00047669999476056545,0.0005379999973229132,0.0004935914910338464,0.0005456663357907436,-5.207484475689718e-05,-4.8879986639783854e-05,-3.194858117113327e-06,29.87013931942228,0.0005379999973229132,0.0006795329644683666,0.0003964670301774599,0.5261448618948739,3.735713835339993e-05,427.85,0.25943671847610145,0.6996504654152871,0.05044234905319295
2022-05-18,0.00044100001105107367,0.00047400000039488077,0.00044100001105107367,0.00046999999904073775,76,-0.06170210223160122,-0.0636877921571511,0.000459600001340732,0.00046649999567307534,0.0005278499971609563,0.00048550036238937007,0.0005378647216390008,-5.236435924963075e-05,-4.957686144171189e-05,-2.7874978079188615e-06,20.967747235347886,0.0005278499971609563,0.000666461572907258,0.00038923842141465456,0.5251930529196732,3.7214282201603055e-05,363.65,0.20899216279389524,0.0,0.04968336020652272
2022-05-19,0.0004720000142697245,0.0004720000142697245,0.00044100001105107367,0.00044100001105107367,246,0.07029479011750084,0.06793411531205232,0.00046320000546984375,0.00045939999690745024,0.0005204999979468994,0.00048342335714392904,0.0005329575771729011,-4.953422002897204e-05,-4.956833315642304e-05,3.411312745099686e-08,31.683172120880187,0.0005204999979468994,0.0006542657008033915,0.00038673429509040726,0.5139892541176866,3.4857138026771804e-05,330.9,0.743427017225748,0.9996775234130261,0.05309727652510343
2022-05-20,0.00046099998871795833,0.0004839999892283231,0.000450999999884516,0.0004720000142697245,623,-0.023305138176288653,-0.023580997294349235,0.00046040000161156057,0.00045529999770224097,0.0005141999979969114,0.0004799735679441035,0.0005275987930170203,-4.7625225072916826e-05,-4.9179711439803226e-05,1.5544863668864005e-06,30.670928656488513,0.0005141999979969114,0.0006466404139618689,0.0003817595820319539,0.5151319194122324,3.585713524704001e-05,289.75,2.1501294219154445,0.3029382629994213,0.05235686439175989
2022-05-21,0.00047500000800937414,0.00047900000936351717,0.0004569999873638153,0.00046099998871795833,625,0.030368806147587746,0.029916802372808575,0.0004638000042177737,0.0004597999999532476,0.000507899999502115,0.00047920839733043235,0.000523683242389141,-4.447484505870869e-05,-4.82387379700373e-05,3.763892911328614e-06,35.94771546432385,0.000507899999502115,0.0006348279160879092,0.00038097208291632077,0.49981459622059193,3.521427944568651e-05,228.15,2.739425816348893,0.8178102069049571,0.05260275051628534
2022-05-22,0.00048499999684281647,0.0004910000134259462,0.00047400000039488077,0.00047500000800937414,258,0.02105260771541917,0.020834063531345023,0.0004668000037781894,0.0004653000010875985,0.0005021000004489906,0.0004800994200760763,0.0005208046488646079,-4.0705228788531615e-05,-4.673203588580765e-05,6.026807097276036e-06,40.26845834222482,0.0005021000004489906,0.0006214930359548102,0.00038270696494317096,0.4755747277397145,3.4642854838499e-05,221.9,1.1626858945470933,0.646677720225514,0.05302943758572282
2022-05-23,0.00048099999548867345,0.0005099999834783375,0.0004799999878741801,0.00048499999684281647,286,-0.008247425526147767,-0.008281623701122575,0.0004748000006657094,0.0004672000010032207,0.0004964500010828487,0.0004802379711179437,0.0005178436143095898,-3.7605643191646065e-05,-4.4906757106694964e-05,7.301113915048899e-06,39.7351012523895,0.0004964500010828487,0.0006079667819763107,0.0003849332201893867,0.4492568462089773,3.678571166736739e-05,230.55,1.2405118195619171,0.03332248453761298,0.05302691948507824
2022-05-24,0.0004990000161342323,0.0005009999731555581,0.00047500000800937414,0.00048099999548867345,294,0.03742208069518105,0.03673886735794516,0.00048020000103861095,0.0004717000032542273,0.0004903500012005679,0.00048312445682929843,0.0005164422964815914,-3.3317839652293e-05,-4.258897337172345e-05,9.271133719430453e-06,49.46237209705029,0.0004903500012005679,0.0005852965911081852,0.0003954034112929507,0.38726048608198627,3.349999522989882e-05,226.3,1.299160406539991,0.9227235788272204,0.05262071064318067
2022-05-25,0.0004970000009052455,0.0005119999987073243,0.0004900000058114529,0.0004990000161342323,0,-0.0040080464214828915,-0.004016100166600591,0.00048740000347606837,0.00047390000254381447,0.00048605000047245993,0.00048525916671085555,0.0005149968776445195,-2.9737710933663993e-05,-4.00187206675682e-05,1.0281009733904206e-05,66.02870360326125,0.00048605000047245993,0.0005705434859502079,0.00040155651499471204,0.34767404750793907,2.9428566839279874e-05,187.75,0.0,0.31803713553700075,0.05119956405373726
2022-05-26,0.0004780000017490238,0.0005009999731555581,0.0004529999860096723,0.0004970000009052455,0,-0.03822937449017061,-0.038979291767546796,0.0004880000022239983,0.000475900003220886,0.0004808500001672655,0.0004841423673235668,0.0005122471226979435,-2.8104755374376642e-05,-3.763592744832994e-05,9.5311720739533e-06,60.52631444580716,0.0004808500001672655,0.0005522695267151008,0.00040943047361943026,0.2970553250410386,3.285713734970029e-05,161.0,0.0,0.5207253162427449,0.05166294045219924
2022-05-27,0.000446999998530373,0.0004780000017490238,0.00044100001105107367,0.0004780000017490238,0,-0.06485356298163258,-0.06705214482468891,0.0004804000025615096,0.0004736000031698495,0.0004751499989652075,0.0004784281360548913,0.0005073989085355988,-2.897077248070751e-05,-3.59028963613606e-05,6.9321238806530915e-06,46.69603716262649,0.0004751499989652075,0.0005372205071141102,0.00041307949081630487,0.26126700319512247,3.085713667262878e-05,147.65,0.0,0.16211804883354453,0.0528585892421073
2022-05-28,0.000446999998530373,0.000446999998530373,0.000446999998530373,0.000446999998530373,0,0.0,0.0,0.0004736000031698495,0.00047420000191777945,0.0004703499987954274,0.00047359302316416695,0.0005029119808804221,-2.931895771625517e-05,-3.458610857553867e-05,5.267150859283503e-06,48.401828304486,0.0004703499987954274,0.0005246950029312001,0.0004160049946596547,0.23108325406591262,2.757142231400524e-05,134.95,0.0,0.0,0.05263697792380753
2022-05-29,0.0004600000102072954,0.0004659999976865947,0.000446999998530373,0.000446999998530373,48,0.029082800267703046,0.02866792034710036,0.0004658000019844621,0.00047300000151153656,0.0004661999992094934,0.00047150178498153587,0.0004997248093895107,-2.8223024407974845e-05,-3.331349169810951e-05,5.090467290134668e-06,46.44549972220337,0.0004661999992094934,0.0005085350086898833,0.0004238649897291035,0.18161737259620234,2.607142336533538e-05,137.35,0.3494721514379323,0.6838512495497765,0.05327670992353665
2022-05-30,0.00047400000039488077,0.00048600000445730984,0.0004600000102072954,0.0004600000102072954,0,0.030434760602018995,0.029980810855245156,0.0004612000018823892,0.0004743000026792288,0.0004648000001907349,0.00047188612665723757,0.000497814546916019,-2.5928420258781483e-05,-3.1836477369467995e-05,5.9080571106865125e-06,53.846153846153854,0.0004648000001907349,0.0005038767216911576,0.0004257232786903121,0.16814424046638227,2.5999994250014424e-05,137.35,0.0,0.538254259228742,0.051323566373362384
2022-05-31,0.0004889999981969595,0.0004920000210404396,0.00047400000039488077,0.00047400000039488077,1457,0.031645564956925165,0.031155163259514392,0.00046340000117197635,0.0004757000016979873,0.0004677500008256175,0.00047451903485681087,0.0004971601198200406,-2.2641084963229705e-05,-2.999739884760321e-05,7.356313884373505e-06,54.50236809934251,0.0004677500008256175,0.0005046103406057692,0.0004308896610454657,0.15760701107467756,2.585714017706258e-05,210.2,6.931493815413892,0.8328695506397231,0.039399895872704614
2022-06-01,0.00046099998871795833,0.0004980000085197389,0.00045900000259280205,0.0004889999981969595,3868,-0.057259733297020055,-0.05896446726399988,0.0004661999992094934,0.0004733000008855015,0.00046930000098655,0.00047243917833895174,0.0004944759041484153,-2.2036725809463547e-05,-2.8405264211844694e-05,6.368538402381147e-06,54.76189750244889,0.00046930000098655,0.0005018291816603072,0.0004367708203127928,0.13862851312753133,2.6285712790143278e-05,403.6,9.583746283448958,0.05126854194542097,0.04194758288396505
2022-06-02,0.00047599998652003706,0.00047900000936351717,0.0004569999873638153,0.00046099998871795833,2914,0.03253795698302242,0.032019807388496975,0.0004719999968074262,0.0004727999999886379,0.0004700000004959293,0.00047298699571002864,0.0004931046273560618,-2.0117631646033164e-05,-2.6747737675253614e-05,6.6301060292204505e-06,51.03092025673768,0.0004700000004959293,0.0005024702324651449,0.00043752976852671376,0.13817119972320843,2.564285698878978e-05,549.3,5.304933551793192,0.8632430788337747,0.03922096937455006
2022-06-03,0.0004579999949783087,0.0004799999878741801,0.00045200000749900937,0.00047599998652003706,393,-0.03781510935183752,-0.03854865276237637,0.0004715999937616289,0.0004686999978730455,0.0004702000005636364,0.0004706813006976915,0.0004904995519160317,-1.981825121834019e-05,-2.536184036819945e-05,5.54358914985926e-06,49.253733072180815,0.0004702000005636364,0.0005023024705182068,0.00043809753060906605,0.1365481493666041,2.5285713491030037e-05,564.15,0.6966232385003989,0.21420891407042764,0.04001836846243478
2022-06-04,0.00046099998871795833,0.0004659999976865947,0.0004529999860096723,0.0004579999949783087,117,0.006550204743543064,0.0065288453738793556,0.0004689999914262444,0.00046509999665431676,0.00046949999959906564,0.00046919186666860086,0.0004883107174474445,-1.911885077884363e-05,-2.411324243903315e-05,4.99439166018952e-06,46.31578479772304,0.00046949999959906564,0.0005017718738163202,0.00043722812538181106,0.1374733727148604,2.464285561083151e-05,565.8,0.20678685047720044,0.614911262722131,0.03862645981052138
2022-06-05,0.0004619999963324517,0.0004659999976865947,0.00045399999362416565,0.00046099998871795833,63,0.0021692139673894495,0.0021668646196497973,0.00046359999105334283,0.00046349999611265956,0.00046969999966677277,0.00046808542418784433,0.00048635873509473323,-1.8273310906888904e-05,-2.294525612415158e-05,4.671945217262675e-06,43.64641008349421,0.00046969999966677277,0.000501720390549288,0.0004376796087842575,0.13634401066737073,2.4285712113071766e-05,568.95,0.11073029264434484,0.6661115738763551,0.03773810600603291
2022-06-06,0.000450999999884516,0.0004769999941345304,0.00044299999717622995,0.0004619999963324517,520,-0.023809516310082768,-0.024097543896706295,0.00046159999328665435,0.0004638999962480739,0.0004687499997089617,0.0004654568955817293,0.0004837357870973989,-1.82788915156696e-05,-2.2011983197051904e-05,3.7330916813823038e-06,42.02127923076733,0.0004687499997089617,0.0005018423769425666,0.00043565762247535673,0.141194142951046,2.457142649551055e-05,589.4,0.8822531387852053,0.23522503451249407,0.037645298991768085
2022-06-07,0.0004450000124052167,0.0004529999860096723,0.0004189999890513718,0.000450999999884516,507,-0.013303741642651135,-0.013393029203484962,0.0004553999984636903,0.00046369999763555824,0.00046894999977666887,0.00046230968097162804,0.0004808626341251287,-1.8552953153500647e-05,-2.1320177185137428e-05,2.7672240316367807e-06,34.659089969530285,0.00046894999977666887,0.0005013778981716158,0.000436522101381722,0.13830002520691007,2.514285733923316e-05,610.95,0.8298551436287748,0.7644817900373061,0.03502844440016074
2022-06-08,0.0004400000034365803,0.00044800000614486635,0.00043799998820759356,0.0004450000124052167,190,-0.011235974897194856,-0.011299575320414729,0.00045180000015534463,0.0004616999969584867,0.0004673499992350116,0.00045887742121563426,0.00047783202577040895,-1.8954604554774685e-05,-2.0847062657311826e-05,1.8924581025371408e-06,34.07821256300207,0.0004673499992350116,0.0005022107764344403,0.00043248922203558294,0.14918488180802836,2.428571627076183e-05,608.15,0.3124229219764861,0.19980136314637223,0.031063909248856696
2022-06-09,0.00044100001105107367,0.000446999998530373,0.00043700000969693065,0.0004400000034365803,340,0.0022727445606429697,0.0022701657832530715,0.0004478000046219677,0.000458399998024106,0.0004663500003516674,0.0004561270492862515,0.00047510060159413773,-1.8973552307886257e-05,-2.0472360586315994e-05,1.4988082784297368e-06,38.50931991399728,0.0004663500003516674,0.0005030752957398161,0.00042962470496351875,0.15750099865103323,2.1571430677015868e-05,594.0,0.5723905723905723,0.3996009806503915,0.030710198889601307
2022-06-10,0.0004349999944679439,0.00045200000749900937,0.0004309999931138009,0.00044100001105107367,146,-0.01360547943939816,-0.01369888213465592,0.0004424000042490661,0.0004529999976512045,0.0004643499996745959,0.0004528767320255657,0.0004721270344161507,-1.9250302390584964e-05,-2.0227948946590186e-05,9.776465560052216e-07,45.58823435000562,0.0004643499996745959,0.0005033764413416519,0.00042532355800753993,0.1680906285965528,2.042857522610575e-05,570.05,0.2561178843961056,0.19038546479811608,0.0298509147363566
2022-06-11,0.0004360000020824373,0.0004360000020824373,0.0004349999944679439,0.0004349999944679439,0,0.0022988681085307494,0.0022962297539529998,0.00043940000468865035,0.00045049999898765235,0.00046189999993657694,0.00045028031126728046,0.0004694483289688948,-1.9168017701614334e-05,-2.0015962697192848e-05,8.47944995578514e-07,45.985403475676534,0.00046189999993657694,0.0005016142422837954,0.00042218575758935843,0.1719603479223711,2.0500004341426704e-05,557.15,0.0,0.9900990845450052,0.029313570409723294
2022-06-12,0.0004079999926034361,0.0004360000020824373,0.00038400001358240843,0.0004360000020824373,0,-0.06422020492033631,-0.06637509184993816,0.00043200000072829425,0.0004436999995959923,0.00045824999979231506,0.0004437756452314816,0.0004648924602623929,-2.1116815030911256e-05,-2.0236133164270684e-05,-8.80681866640572e-07,32.89473356691707,0.00045824999979231506,0.0005035925577126965,0.00041290744187193364,0.19789441545414638,2.2857146437412928e-05,542.85,0.0,0.4614494198746914,0.03218181524004475
2022-06-13,0.00033599999733269215,0.0004079999926034361,0.0003279999946244061,0.0004079999926034361,127,-0.17647057984318604,-0.19415600425054055,0.00041119999950751663,0.0004314999998314306,0.00045009999885223804,0.0004271947728168929,0.00045533683008659005,-2.8142057269697166e-05,-2.1817317987275808e-05,-6.324739282421358e-06,17.14286070659101,0.00045009999885223804,0.0005177240367259988,0.0003824759609784773,0.3004845058707091,2.671428956091404e-05,534.5,0.23760523854069224,0.0999875379372311,0.04803468561434255
2022-06-14,0.0003389999910723418,0.0003499999875202775,0.0003100000030826777,0.00033599999733269215,129,0.008928552867454975,0.00888892902038707,0.00039079999551177024,0.000419300000066869,0.00044219999836059287,0.00041362634242780757,0.00044671256733092344,-3.308622490311587e-05,-2.4071099372632993e-05,-9.015125530482874e-06,12.121214793739867,0.00044219999836059287,0.0005224852808133067,0.000361914715907879,0.36311751583158103,2.828571554605982e-05,540.95,0.23846935946020886,0.724818777045338,0.04832478345948859
2022-06-15,0.0003549999964889139,0.00035700001171790063,0.00030399998649954796,0.0003389999910723418,231,0.04719765733904624,0.04611769853985744,0.00037479999591596427,0.00040860000008251517,0.00043604999809758737,0.00040460690322516123,0.00043991413928222444,-3.530723605706321e-05,-2.631832671126528e-05,-8.98890934579793e-06,21.505381391576037,0.00043604999809758737,0.0005233280791067412,0.00034877191708843346,0.40031226414371485,2.9285716924018095e-05,552.5,0.41809954751131223,0.9620823566729628,0.050159383301607206
2022-06-16,0.00031999999191612005,0.00036199999158270657,0.00031800000579096377,0.0003549999964889139,217,-0.09859156315199247,-0.10379680905338533,0.0003515999938827008,0.0003954999992856756,0.00042969999776687473,0.00039159045366352746,0.00043102567280643294,-3.943521914290547e-05,-2.8941705199224156e-05,-1.0493513943681317e-05,12.135928433972538,0.00042969999776687473,0.0005309804345002409,0.0003284195610335085,0.4714006854070962,3.085714290916387e-05,563.35,0.38519570426910443,0.04544391662883751,0.05249141321091636
2022-06-17,0.0003349999897181988,0.00033999999868683517,0.00031999999191612005,0.00031999999191612005,0,0.04687499431565789,0.045809530601474864,0.0003369999933056533,0.0003844999970169738,0.000424099997326266,0.00038288422749718244,0.000423908257327927,-4.1024029830744556e-05,-3.1358170126730005e-05,-9.66585970401455e-06,19.70443702878326,0.000424099997326266,0.000533419234336706,0.000314780760315826,0.5155351931131431,3.0285716223131332e-05,563.35,0.0,0.7496248239171711,0.054221884453878856
2022-06-18,0.0003349999897181988,0.0003349999897181988,0.0003349999897181988,0.0003349999897181988,0,0.0,0.0,0.00033679999178275465,0.00037399999564513564,0.0004178499963018112,0.000375517421009159,0.00041731868615320616,-4.180126514404718e-05,-3.344678913102441e-05,-8.35447601302277e-06,18.500006330081888,0.0004178499963018112,0.0005326812722379918,0.0003030187203656306,0.5496291824937027,2.9357143960494015e-05,560.95,0.0,0.0,0.05342318458218147
2022-06-19,0.0003349999897181988,0.0003349999897181988,0.0003349999897181988,0.0003349999897181988,0,0.0,0.0,0.0003359999915119261,0.00036339999351184813,0.0004108999957679771,0.00036928396955741047,0.00041121776998991836,-4.193380043250789e-05,-3.514419139186137e-05,-6.789609040646521e-06,18.09045556847596,0.0004108999957679771,0.0005282207927444906,0.00029357919879146357,0.5710430673392417,2.8500000813177655e-05,560.95,0.0,0.0,0.05250839316397491
2022-06-20,0.0003349999897181988,0.0003349999897181988,0.0003349999897181988,0.0003349999897181988,0,0.0,0.0,0.00033199999015778305,0.00035339999303687366,0.00040319999534403904,0.0003640095107741417,0.00040556923527031613,-4.155972449617441e-05,-3.6427298013050695e-05,-5.132426483123717e-06,19.148939134613244,0.00040319999534403904,0.0005191448144095137,0.0002872551762785644,0.5751231170850697,2.6071429601870477e-05,488.1,0.0,0.0,0.05147022670581052
2022-06-21,0.0003349999897181988,0.0003349999897181988,0.0003349999897181988,0.0003349999897181988,0,0.0,0.0,0.0003349999897181988,0.0003432999918004498,0.0003968999953940511,0.0003595465072867037,0.0004003395063404276,-4.079299905372386e-05,-3.730043822136319e-05,-3.4925608323606747e-06,19.78022136175828,0.0003968999953940511,0.0005133128782220444,0.00028048711256605777,0.5866106534590207,2.36428583905633e-05,294.7,0.0,0.0,0.05072192539489122
2022-06-22,0.0003349999897181988,0.0003349999897181988,0.0003349999897181988,0.0003349999897181988,0,0.0,0.0,0.0003349999897181988,0.0003359999915119261,0.00038984999555395915,0.00035577011979086553,0.00039549750404526015,-3.9727384254394614e-05,-3.778582742804857e-05,-1.941556826346046e-06,20.338985559077074,0.00038984999555395915,0.0005031289328549263,0.00027657105825299204,0.5811411496362999,2.2928571395043817e-05,149.0,0.0,0.0,0.04964377472152379
2022-06-23,0.0003429999924264848,0.0003490000090096146,0.0003279999946244061,0.0003349999897181988,0,0.02388060583230356,0.023599923952598495,0.000336599990259856,0.0003366999910213053,0.00038409999542636796,0.00035380548473354676,0.000391607283299432,-3.780179856588525e-05,-3.7789021655616326e-05,-1.2776910268925761e-08,23.369564959500607,0.00038409999542636796,0.0004944504506643411,0.00027374954018839477,0.5745923277894305,2.3714287505884257e-05,129.35,0.0,0.7139451466839095,0.05014025395848627
2022-06-24,0.00036800000816583633,0.0003699999942909926,0.0003429999924264848,0.0003429999924264848,62,0.07288634487276191,0.0703525352729828,0.0003431999939493835,0.0003395999927306548,0.00037944999639876186,0.0003559892576428177,0.0003898579649724982,-3.38687073296805e-05,-3.700495879034738e-05,3.136251460666883e-06,33.49754294893154,0.00037944999639876186,0.0004838328543539489,0.00027506713844357484,0.5501797809769468,2.414285804011992e-05,126.6,0.4897314375987362,0.9255836361937655,0.05358129359536044
2022-06-25,0.0003640000068116933,0.00036899998667649925,0.00035099999513477087,0.00036800000816583633,61,-0.01086956865593447,-0.010929074008519628,0.0003489999973680824,0.0003404999937629327,0.00037454999692272396,0.0003572216806269903,0.0003879419204357521,-3.07202398087618e-05,-3.574801499392539e-05,5.027775185163589e-06,32.52427520522083,0.00037454999692272396,0.0004715567353838665,0.0002775432584615814,0.5179908650815271,2.535714260635099e-05,126.5,0.48221343873517786,0.72182219779515,0.05350808363730132
2022-06-26,0.00035700001171790063,0.00036899998667649925,0.00035600000410340726,0.0003640000068116933,36,-0.01923075539230401,-0.019418071747294006,0.00035340000176802276,0.0003441999957431108,0.0003698499975143932,0.00035718757771707743,0.00038564921785912024,-2.8461640142042805e-05,-3.429074002345161e-05,5.829099881408802e-06,36.21622225382566,0.0003698499975143932,0.00046013674404622544,0.00027956325098256094,0.48823440388596256,2.2571427897284074e-05,102.3,0.3519061583577713,0.07686463904737621,0.05345740920925692
2022-06-27,0.00035700001171790063,0.00036899998667649925,0.00035200000274926424,0.00035700001171790063,226,0.0,0.0,0.00035780000616796314,0.000346399997943081,0.0003654499974800274,0.0003571587214089231,0.0003835264463270122,-2.6367724918089112e-05,-3.2706137002294487e-05,6.3384120842053745e-06,59.29204041259439,0.0003654499974800274,0.0004486124336326957,0.0002822875613273591,0.4551234736687243,1.807142689358443e-05,88.25,2.5609065155807365,0.2939455433952988,0.053498979118622815
2022-06-28,0.0003490000090096146,0.0003699999942909926,0.00034699999378062785,0.00035700001171790063,185,-0.022408970436134323,-0.022663866584948195,0.0003590000094845891,0.00034779999987222254,0.0003608999977586791,0.00035590353486428613,0.0003809682538867762,-2.5064719022490083e-05,-3.1177853406268325e-05,6.113134383778242e-06,54.2372948242055,0.0003608999977586791,0.0004365025666662872,0.000285297428851071,0.41896685717444004,1.6857142327353358e-05,88.0,2.102272727272727,0.0869193909007451,0.053576403826035054
2022-06-29,0.00035099999513477087,0.00035200000274926424,0.0003459999861661345,0.0003490000090096146,0,0.0057306191218498,0.005714261586872562,0.000355600006878376,0.00034940000041387974,0.00035639999696286396,0.00035514914412564986,0.0003787478375262605,-2.359869340061064e-05,-2.966202140508498e-05,6.063328004474343e-06,48.07692253876056,0.00035639999696286396,0.0004219772760834086,0.0002908227178423193,0.3679982024656282,1.3499998853408865e-05,71.0,0.0,0.8319459521412168,0.05362383100700525
2022-06-30,0.0003330000035930425,0.00035099999513477087,0.0003220000071451068,0.00035099999513477087,133,-0.05128202789523417,-0.0526437088344529,0.00034940000623464587,0.0003492000018013641,0.0003512999974191189,0.00035174158400159684,0.0003753583382787978,-2.3616754277200932e-05,-2.845296797947512e-05,4.836213702274188e-06,57.47127167357409,0.0003512999974191189,0.0004061225877975209,0.00029647740704071685,0.3121126716832615,1.242857043897467e-05,70.35,1.890547263681592,0.3791796277838816,0.054417520567033396
2022-07-01,0.00033000000985339284,0.0003459999861661345,0.0003260000084992498,0.0003330000035930425,136,-0.009008990111951887,-0.009049816451069538,0.00034400000586174426,0.00034870000381488354,0.00034599999780766667,0.00034839672640535595,0.00037199775447665015,-2.3601028071294197e-05,-2.7482579997817713e-05,3.881551926523516e-06,46.666679601704324,0.00034599999780766667,0.00038437214159027316,0.0003076278540250602,0.2218043007268264,1.2428568360129638e-05,77.15,1.7627997407647438,0.19990034075664115,0.05432238138985874
2022-07-02,0.00032900000223889947,0.0003330000035930425,0.0003260000084992498,0.00033000000985339284,0,-0.003030326014043516,-0.0030349267487541727,0.00033840000396594404,0.0003481000050669536,0.0003420499982894398,0.0003454126149687265,0.00036881211469483527,-2.3399499726108758e-05,-2.6665963943461628e-05,3.2664642173528706e-06,46.05263964095062,0.0003420499982894398,0.0003677074679457436,0.000316392528633136,0.15002174994658343,1.2928568009686256e-05,77.15,0.0,0.4279594635246088,0.05295185657595339
2022-07-03,0.00032900000223889947,0.00032900000223889947,0.00032900000223889947,0.00032900000223889947,0,0.0,0.0,0.000334400002611801,0.00034670000604819506,0.0003416999985347502,0.0003428875976067706,0.0003658625368526979,-2.2974939245927277e-05,-2.5927759003944426e-05,2.952819758017149e-06,46.05263964095062,0.0003416999985347502,0.00036789040335590776,0.00031550959371359267,0.153294731831812,1.2928568009686256e-05,70.8,0.0,0.0,0.03542730373478532
2022-07-04,0.00032900000223889947,0.00032900000223889947,0.00032900000223889947,0.00032900000223889947,0,0.0,0.0,0.00033000000403262677,0.0003428000054555014,0.00034119999909307806,0.00034075104445971605,0.00036313152223434197,-2.238047777462592e-05,-2.521830275807278e-05,2.8378249834468622e-06,46.05263964095062,0.00034119999909307806,0.000367982562447032,0.0003144174357391241,0.15699040694691085,1.2928568009686256e-05,64.35,0.0,0.0,0.03535914294779347
2022-07-05,0.00032900000223889947,0.00032900000223889947,0.00032900000223889947,0.00032900000223889947,0,0.0,0.0,0.00032920000376179814,0.000339300004998222,0.0003398999993805774,0.00033894319180066825,0.0003606028701298641,-2.1659678329195864e-05,-2.450657787229102e-05,2.846899543095156e-06,46.05263964095062,0.0003398999993805774,0.00036638456125570324,0.0003134154375054515,0.15583737524795802,1.2928568009686256e-05,52.8,0.0,0.0,0.03350715072505673
2022-07-06,0.00032900000223889947,0.00032900000223889947,0.00032900000223889947,0.00032900000223889947,0,0.0,0.0,0.00032900000223889947,0.00033650000405032187,0.0003403499998967163,0.000337413470322688,0.0003582615814291438,-2.0848111106455756e-05,-2.3774884519118722e-05,2.926773412662966e-06,46.05263964095062,0.0003403499998967163,0.00036569208769119733,0.0003150079121022353,0.1489178069761799,1.2928568009686256e-05,41.95,0.0,0.0,0.024885926320796774
2022-07-07,0.00032900000223889947,0.00032900000223889947,0.00032900000223889947,0.00032900000223889947,0,0.0,0.0,0.00032900000223889947,0.0003337000031024218,0.0003400500005227514,0.0003361190906125218,0.000356093769393616,-1.9974678781094234e-05,-2.301484337150947e-05,3.0401645904152357e-06,39.705888647022725,0.0003400500005227514,0.00036579756682942954,0.0003143024342160732,0.15143400245315095,1.1428566982171365e-05,41.95,0.0,0.0,0.022497925821000644
2022-07-08,0.00036899998667649925,0.0003769999893847853,0.00032900000223889947,0.00032900000223889947,0,0.12158049898295831,0.11473885036294106,0.00033699999912641945,0.0003357000008691102,0.0003417500003706664,0.0003411776900234085,0.00035704990296194574,-1.5872212938537245e-05,-2.1586317284908473e-05,5.714104346371228e-06,50.60239696450419,0.0003417500003706664,0.0003704177914313585,0.00031308220930997426,0.16777054004154304,1.2928565930841224e-05,41.95,0.0,0.8331596573032521,0.03540874677793049
2022-07-09,0.00036899998667649925,0.00037299998803064227,0.0003659999929368496,0.00036899998667649925,140,0.0,0.0,0.00034499999601393937,0.00033750000002328304,0.0003434500002185814,0.00034545804336641575,0.0003579351950607238,-1.2477151694308044e-05,-1.9764484166781702e-05,7.287332472473658e-06,53.16454577003247,0.0003434500002185814,0.00037437588711178755,0.0003125241133253753,0.18008960182573303,1.2142851898845817e-05,48.95,2.860061287027579,0.4279594635246088,0.03540874677793049
2022-07-10,0.00035600000410340726,0.000371000001905486,0.00035200000274926424,0.00036899998667649925,149,-0.03523030634819235,-0.03586586555502309,0.0003503999963868409,0.00033980000007431953,0.00034450000093784184,0.00034707988348357024,0.00035779183248129293,-1.071194899772269e-05,-1.7953977132964584e-05,7.242028135241894e-06,49.41175987202525,0.00034450000093784184,0.00037564313288481973,0.00031335686899086395,0.18080192663103678,1.2571424511926515e-05,56.4,2.641843971631206,0.2104156513249434,0.03655009712242044
2022-07-11,0.00035099999513477087,0.00035700001171790063,0.00034699999378062785,0.00035600000410340726,0,-0.014044968851135264,-0.014144532773641192,0.0003547999949660152,0.00034189999860245734,0.0003453000012086704,0.00034768297758494153,0.0003572886843452937,-9.605706760352161e-06,-1.6284323058438177e-05,6.6786162980860165e-06,46.66665588746513,0.0003453000012086704,0.0003762369468381547,0.0003143630555791861,0.17918879537326496,1.2071426941214927e-05,56.4,0.0,0.3995998188223844,0.03675826638801495
2022-07-12,0.00035099999513477087,0.00035099999513477087,0.00035099999513477087,0.00035099999513477087,0,0.0,0.0,0.0003591999935451895,0.0003440999978920445,0.00034610000147949904,0.0003481932879780725,0.00035682281344307697,-8.629525465004477e-06,-1.4753363539748561e-05,6.123838074744084e-06,51.21950440408633,0.00034610000147949904,0.00037674155928851366,0.0003154584436704844,0.17706765488603815,1.0428569761903158e-05,56.4,0.0,0.0,0.03675826638801495
2022-07-13,0.0003499999875202775,0.00035099999513477087,0.0003330000035930425,0.00035099999513477087,37,-0.002849024582206594,-0.002853090777705297,0.00035539999371394517,0.0003461999964201823,0.0003464500012341887,0.0003484712417541879,0.00035631737666646466,-7.846134912276764e-06,-1.3371917814252123e-05,5.5257829019753595e-06,49.382711169909655,0.0003464500012341887,0.00037710237779526283,0.00031579762467311454,0.1769512278936559,1.1285710830374488e-05,58.25,0.6351931330472103,0.9439195952894688,0.03644171492679545
2022-07-14,0.00036100001307204366,0.0003640000068116933,0.00034500000765547156,0.0003499999875202775,38,0.03142864555424829,0.030944875716418702,0.00035379999899305404,0.0003493999975034967,0.00034610000147949904,0.0003503987450361556,0.00035666426548010575,-6.265520443950179e-06,-1.1950638340190025e-05,5.685117896239846e-06,68.91892263927656,0.00034610000147949904,0.0003758632743122723,0.00031633672864672576,0.17199232999446423,1.0571425913700036e-05,57.05,0.6660823838737949,0.8416626052997735,0.03320989602792283
2022-07-15,0.00036100001307204366,0.00036800000816583633,0.00035700001171790063,0.00036100001307204366,35,0.0,0.0,0.0003548000007867813,0.0003525999985868111,0.0003459500017925166,0.00035202970935101414,0.00035698545499424783,-4.95574564323369e-06,-1.0551659800797414e-05,5.595914157563724e-06,71.83098302878163,0.0003459500017925166,0.00037536159672271004,0.0003165384068623231,0.17003378972567862,9.928570112346538e-06,55.75,0.6278026905829597,0.3633063255795143,0.0331194078004111
2022-07-16,0.00037799999699927866,0.0003800000122282654,0.0003549999964889139,0.00036100001307204366,65,0.0470913665142787,0.046016193137643914,0.0003602000011596829,0.00035749999806284906,0.00034700000105658546,0.0003560251382233877,0.00035854219106991157,-2.5170528465238724e-06,-8.94473840994147e-06,6.427685563417597e-06,78.16091877120273,0.00034700000105658546,0.00037941831494149006,0.00031458168717168086,0.18684907081379593,1.1214285872743598e-05,57.2,1.1363636363636362,0.9196315888028762,0.03438013475542537
2022-07-17,0.000375000003259629,0.000387999985832721,0.00037399999564513564,0.00037799999699927866,140,-0.00793649143773767,-0.007968153018416583,0.0003650000027846545,0.000362099998164922,0.0003479000006336719,0.0003589443482310713,0.0003597613632019282,-8.17014970856927e-07,-7.319193722123559e-06,6.502178751266632e-06,75.55555986723478,0.0003479000006336719,0.0003824186410053986,0.00031338136026194517,0.19844001327308872,1.2214285171856837e-05,52.9,2.6465028355387523,0.07137818093402414,0.03446712213370518
2022-07-18,0.00039900001138448715,0.00039999998989515007,0.000375000003259629,0.000375000003259629,118,0.06400002110997827,0.062035410759657586,0.0003748000075574964,0.0003651000006357208,0.0003504000007524155,0.0003651067579507469,0.00036266809515397776,2.438662796769135e-06,-5.3676224183440596e-06,7.806285215113194e-06,80.70175976063375,0.0003504000007524155,0.00039180887241999996,0.00030899112908483104,0.23635200672755138,1.3999998502965485e-05,49.55,2.3814328960645814,0.9596169911890929,0.036471606052963124
2022-07-19,0.0003929999948013574,0.0004030000127386302,0.0003929999948013574,0.00039900001138448715,0,-0.015037635117629122,-0.015151846781249454,0.0003812000039033592,0.0003675000014482066,0.00035250000073574486,0.00036939802516075185,0.00036491502093426257,4.48300422648928e-06,-3.3974970893766154e-06,7.880501315865896e-06,76.66666100758907,0.00035250000073574486,0.0003980862385062506,0.00030691376296523913,0.25864532014387087,1.4714285498484969e-05,49.55,0.0,0.0,0.036813367429581106
2022-07-20,0.0003929999948013574,0.0003929999948013574,0.0003929999948013574,0.0003929999948013574,0,0.0,0.0,0.0003876000002492219,0.0003712000005180016,0.0003555000002961606,0.00037302909741474124,0.00036699549087609477,6.0336065386464716e-06,-1.511276363771404e-06,7.544882902417876e-06,76.66666100758907,0.0003555000002961606,0.0004035153460565526,0.00030748465453576853,0.2701285272595856,1.4714285498484969e-05,42.9,0.0,0.0,0.03429239694085363
2022-07-21,0.0004030000127386302,0.0004030000127386302,0.00038400001358240843,0.0003929999948013574,623,0.025445338599374034,0.02512699491502371,0.00039260000339709223,0.00037640000227838754,0.00035915000044042247,0.0003776400074662772,0.0003696626129865634,7.977394479713809e-06,3.864578049261164e-07,7.590936674787693e-06,78.4615360505708,0.00035915000044042247,0.00041001732100908947,0.00030828267987175547,0.28326504528073987,1.6071428295357953e-05,67.25,9.263940520446097,0.9994739610497706,0.03421344470548449
2022-07-22,0.0004020000051241368,0.00041099998634308577,0.00039900001138448715,0.0004030000127386302,0,-0.002481408394252149,-0.002484492190556667,0.0003980000037699938,0.00038150000327732416,0.0003628000005846843,0.0003813876994148141,0.0003720580755693627,9.329623845451404e-06,2.1750910130315342e-06,7.1545328324198695e-06,68.13186778041525,0.0003628000005846843,0.0004150165555769754,0.0003105834455923932,0.28785311415732917,1.3499998853408865e-05,67.25,0.0,0.24979183969919852,0.03420217795611052
2022-07-23,0.00039500001003034413,0.00041099998634308577,0.00038400001358240843,0.0004020000051241368,38,-0.017412922896931526,-0.017566311071232115,0.00039720000349916516,0.0003860000055283308,0.00036610000097425655,0.0003834819010485276,0.0003737575439449812,9.724357103546404e-06,3.6849442311347516e-06,6.0394128724116515e-06,63.265311577141745,0.00036610000097425655,0.0004176604950129681,0.000314539506935545,0.28167437258399347,1.4928568686757768e-05,69.15,0.5495300072306579,0.4072568508454819,0.034704113798106555
2022-07-24,0.00039900001138448715,0.00040499999886378646,0.0003910000086762011,0.00039500001003034413,18,0.010126585449544034,0.0100756551280145,0.00039840000681579113,0.00038980000535957513,0.0003696000014315359,0.0003858693026392107,0.00037562742340645336,1.0241879232757319e-05,4.996331231459434e-06,5.2455480012978845e-06,74.1572894086008,0.0003696000014315359,0.0004200481035939755,0.00031915189926909636,0.2729875647567306,1.4571425188998027e-05,70.05,0.2569593147751606,0.5710212927468767,0.03462850913207123
2022-07-25,0.000371000001905486,0.00039900001138448715,0.000371000001905486,0.00039900001138448715,46,-0.07017546035110156,-0.0727593776788963,0.00039400000823661683,0.0003908000042429194,0.0003717000014148653,0.00038358171791051123,0.0003752846400609497,8.297077849561533e-06,5.656480555079922e-06,2.6405972944816114e-06,58.928569108433265,0.0003717000014148653,0.00041838867326146395,0.0003250113295682666,0.25121695813225503,1.5857138870550053e-05,72.35,0.635798203178991,0.0,0.03899949657600669
2022-07-26,0.0003769999893847853,0.0003769999893847853,0.00036299999919719994,0.000371000001905486,46,0.016172472906961888,0.01604309154742616,0.0003888000035658479,0.00039070000348147006,0.00037410000077215956,0.0003825691442910062,0.00037541170688066227,7.157437410343934e-06,5.956671926132749e-06,1.200765484211185e-06,61.01694162785541,0.00037410000077215956,0.0004162620999380432,0.0003319379016062759,0.22540550162448095,1.6857138169663294e-05,74.65,0.6162089752176825,0.9992862236257052,0.03902037170472336
2022-07-27,0.0003809999907389283,0.0003809999907389283,0.00037399999564513564,0.0003769999893847853,0,0.010610083466237041,0.010554191528483801,0.0003846000006888062,0.00039130000222939996,0.00037670000019716097,0.0003823277360521922,0.00037582566561803745,6.502070434154738e-06,6.065751627737154e-06,4.3631880641758406e-07,62.80991357849492,0.00037670000019716097,0.0004131827356454215,0.00034021726474890045,0.1936964981638748,1.6071424137667884e-05,74.65,0.0,0.9985734654780494,0.03898466276084793
2022-07-28,0.0003809999907389283,0.0003809999907389283,0.0003809999907389283,0.0003809999907389283,0,0.0,0.0,0.000381799996830523,0.0003895000001648441,0.00037730000040028246,0.00038212346754243576,0.000376208959063943,5.914508478492748e-06,6.0355029978882706e-06,-1.2099451939552236e-07,59.09089706453535,0.00037730000040028246,0.0004136439773516807,0.0003409560234488842,0.1926529388435751,1.4714281340794904e-05,74.65,0.0,0.0,0.028392270035964905
2022-07-29,0.000446999998530373,0.0004579999949783087,0.0003809999907389283,0.0003809999907389283,73,0.17322837111738854,0.15975924050638673,0.0003913999942597002,0.00039490000053774563,0.00038120000099297615,0.00039210447231078163,0.0003814528677554031,1.0651604555378554e-05,6.958723309386365e-06,3.6928812459921884e-06,74.4318098197299,0.00038120000099297615,0.0004287930158655,0.0003336069861204523,0.24970102176574122,1.942856761161238e-05,71.3,1.023842917251052,0.8570316083386793,0.04764790733723211
2022-07-30,0.0004360000020824373,0.000455000001238659,0.0004330000083427876,0.000446999998530373,169,-0.02460849325302239,-0.02491634320054603,0.00040439999429509044,0.00039920000126585363,0.00038520000089192763,0.000398857630737746,0.0003854934875398817,1.3364143197864295e-05,8.239807287081993e-06,5.124335910782302e-06,67.05882070966419,0.00038520000089192763,0.000437125457278348,0.00033327454450550725,0.2696025766676396,1.9214280265649514e-05,72.3,2.3374827109266945,0.1363014406157481,0.047166405018323775
2022-07-31,0.0004299999854993075,0.000450999999884516,0.00042699999175965786,0.0004360000020824373,141,-0.013761505858881362,-0.013857073160199683,0.00041499999351799486,0.0004018999985419214,0.00038915000041015444,0.0004036487622398584,0.0003887903341544136,1.4858428085444831e-05,9.563531446754596e-06,5.294896638690235e-06,65.89594257429508,0.00038915000041015444,0.0004421297386475873,0.0003361702621727216,0.27228440540456655,1.9928567261169e-05,79.35,1.776937618147448,0.1249476353381025,0.04715846877214757
2022-08-01,0.00043200000072829425,0.0004400000034365803,0.00042299999040551484,0.0004299999854993075,60,0.004651198363796238,0.004640414964909871,0.00042519999551586806,0.0004048999981023371,0.00039320000068983064,0.00040801049123833635,0.00039199111221324977,1.6019379025086582e-05,1.0854700962421021e-05,5.1646780626655605e-06,60.92714351053318,0.00039320000068983064,0.00044628424303815256,0.0003401157583415087,0.2700114051637378,1.9357140575136456e-05,82.35,0.7285974499089254,0.5291007306309911,0.04711181655775777
2022-08-02,0.0004250000056345016,0.00043399998685345054,0.0004180000105407089,0.00043200000072829425,0,-0.01620369231942509,-0.01633640774790917,0.00043399999849498273,0.00040789999766275285,0.0003969500015955418,0.00041062426268403056,0.00039443625929600997,1.6188003388020592e-05,1.1921361447540953e-05,4.266641940479639e-06,60.526315789473685,0.0003969500015955418,0.0004477311600840742,0.00034616884310700944,0.2558566987500559,1.978570903052709e-05,80.5,0.0,0.43722707373537384,0.04741841170363195
2022-08-03,0.00045200000749900937,0.00046300000394694507,0.0004250000056345016,0.0004250000056345016,49,0.06352941530953227,0.06159301424089226,0.00043500000028871,0.0004131999972742051,0.0004015000013168901,0.0004169897618866036,0.00039870031147572324,1.828945041088036e-05,1.3194979240208851e-05,5.0944711706715086e-06,66.48044556487835,0.0004015000013168901,0.00045495534480179714,0.0003480446578319831,0.26627817339764615,2.2499994624273052e-05,81.05,0.6045650832819247,0.7103394649630566,0.048681407257387475
2022-08-04,0.0004720000142697245,0.00047400000039488077,0.00045200000749900937,0.00045200000749900937,24,0.044247801855974433,0.04329681939506233,0.00044220000272616745,0.0004232999985106289,0.0004070500013767742,0.0004254528776381551,0.00040413000260314176,2.1322875035013357e-05,1.4820558399169767e-05,6.5023166358435905e-06,68.25396458757572,0.0004070500013767742,0.0004656062326760852,0.0003484937700774632,0.28771026213612566,2.2714279891390887e-05,80.5,0.2981366459627329,0.9086784746062633,0.049093741135213136
2022-08-05,0.00047599998652003706,0.0004870000120718032,0.0004689999914262444,0.0004720000142697245,361,0.008474517223270306,0.008438810094147752,0.00045140000293031335,0.0004331999982241541,0.0004119500008528121,0.00043322935592791034,0.00040945378093404464,2.3775574993865694e-05,1.6611561718108968e-05,7.164013275756726e-06,69.27082780689003,0.0004119500008528121,0.0004763777667918733,0.00034752223491375084,0.3127941051374387,2.3142854583316614e-05,95.3,3.7880377754459604,0.38867224150122415,0.04850338780869059
2022-08-06,0.00047599998652003706,0.00048600000445730984,0.0004729999927803874,0.00047599998652003706,7,0.0,0.0,0.0004602000000886619,0.000442699997802265,0.0004170000000158325,0.0004398094529422519,0.00041438319449800526,2.5426258444246632e-05,1.8374501063336514e-05,7.051757380910118e-06,71.8918841535474,0.0004170000000158325,0.0004849690322436331,0.0003490309677880319,0.3259905622312708,2.2142857363048408e-05,88.65,0.07896221094190636,0.23059116426245296,0.04835840319468963
2022-08-07,0.0004879999905824661,0.0004910000134259462,0.0004670000053010881,0.00047599998652003706,0,0.025210093282059143,0.024897560642752035,0.0004727999970782548,0.0004533999977866188,0.0004214499989757314,0.0004472233818101375,0.00041983635708619317,2.7387024723944328e-05,2.0177005795458087e-05,7.210018928486241e-06,73.05698770853346,0.0004214499989757314,0.0004958103571602181,0.00034708964079124474,0.35287867298710623,2.2857144358567894e-05,82.75,0.0,0.8746346595208453,0.046964791239283404
2022-08-08,0.0004879999905824661,0.0004879999905824661,0.0004879999905824661,0.0004879999905824661,0,0.0,0.0,0.00047999999369494615,0.00045749999699182806,0.00042619999876478685,0.0004534967062367644,0.00042488557220612136,2.861113403064303e-05,2.1863831442495084e-05,6.747302588147946e-06,85.45454096469847,0.00042619999876478685,0.0005049176117403478,0.00034748238578922585,0.36939283530596173,2.0857143681496382e-05,82.75,0.0,0.0,0.04664357913682937
2022-08-09,0.0004910000134259462,0.0004949999856762588,0.0004729999927803874,0.0004879999905824661,5,0.00614758791265424,0.006128768583684471,0.0004837999935261905,0.000462999998126179,0.0004310999996960163,0.00045926644580442013,0.0004297829894881814,2.9483456316238717e-05,2.3387756417243815e-05,6.095699898994902e-06,85.18518385442052,0.0004310999996960163,0.0005132421086088821,0.0003489578907831505,0.38108146124234327,2.1428572446373956e-05,83.0,0.060240963855421686,0.8178112882960198,0.04658157483663332
2022-08-10,0.0004799999878741801,0.0004920000210404396,0.00047500000800937414,0.0004910000134259462,0,-0.022403310083463412,-0.0226580764987948,0.0004845999937970191,0.00046799999836366624,0.0004349499984527938,0.00046245622150750193,0.00043350280320076994,2.895341830673199e-05,2.4500888795141454e-05,4.452529511590537e-06,79.28992880413612,0.0004349499984527938,0.0005187479365474847,0.000351152060358103,0.3853221675722602,2.2142859441893442e-05,51.85,0.0,0.2939433294774349,0.04708931413589606
2022-08-11,0.0004799999878741801,0.0004799999878741801,0.0004799999878741801,0.0004799999878741801,0,0.0,0.0,0.00048539999406784775,0.0004727999970782548,0.00043884999759029596,0.00046515526248702086,0.00043694707001326583,2.820819247375503e-05,2.5242349530864176e-05,2.9658429428908556e-06,79.28992880413612,0.00043884999759029596,0.0005234475565428057,0.0003542524386377863,0.3855420276496788,2.2142859441893442e-05,51.85,0.0,0.0,0.0470586010422717
2022-08-12,0.0004799999878741801,0.0004799999878741801,0.0004799999878741801,0.0004799999878741801,0,0.0,0.0,0.0004837999935261905,0.00047829999530222265,0.00044309999648248775,0.00046743906639275907,0.00044013620154095964,2.7302864851799433e-05,2.5654452595051225e-05,1.6484122567482077e-06,66.01940348482859,0.00044309999648248775,0.0005269592754005458,0.0003592407175644297,0.3785117561894287,1.6642859139080558e-05,49.95,0.0,0.0,0.046686452279538326
2022-08-13,0.0004799999878741801,0.0004799999878741801,0.0004799999878741801,0.0004799999878741801,0,0.0,0.0,0.0004821999929845333,0.00048109999333973975,0.0004471499953069724,0.0004693715158514546,0.00044308909732295186,2.6282418528502738e-05,2.578004578174153e-05,5.023727467612078e-07,73.91302009618177,0.0004471499953069724,0.000529857532680814,0.00036444245793313085,0.369931961274257,1.5071431075089744e-05,49.05,0.0,0.0,0.046748581146485224
2022-08-14,0.0004799999878741801,0.0004879999905824661,0.0004780000017490238,0.0004799999878741801,22,0.0,0.0,0.0004799999878741801,0.0004818999907001853,0.00045259999460540713,0.00047100666539342335,0.00044582325684273185,2.5183408550691507e-05,2.5660718335531525e-05,-4.773097848400182e-07,79.06975406260501,0.00045259999460540713,0.0005282429233488076,0.00037695706586200663,0.3342595211886766,1.4071429697131471e-05,47.85,0.45977011494252873,0.19979903658578899,0.04286632180956433
2022-08-15,0.0004820000031031668,0.000493000028654933,0.00047500000800937414,0.0004799999878741801,82,0.004166698498982102,0.0041580418488943284,0.0004803999909199774,0.0004824999923584983,0.0004578499952913262,0.0004726979481180089,0.0004485030335023094,2.4194914615699534e-05,2.5367557591565127e-05,-1.1726429758655924e-06,79.06975406260501,0.0004578499952913262,0.0005255592028490382,0.00039014078773361415,0.29577026648052807,1.4142858812452427e-05,49.65,1.6515609264853979,0.38867224150122415,0.04291486513640835
2022-08-16,0.00047400000039488077,0.00048499999684281647,0.00046999999904073775,0.0004820000031031668,386,-0.01659751588543812,-0.016736797960547396,0.0004791999934241176,0.00048229999374598264,0.0004624999957741238,0.0004728982638529133,0.00045039170925247567,2.2506554600437614e-05,2.4795356993339626e-05,-2.2888023929020124e-06,78.16089993005049,0.0004624999957741238,0.0005199895813184625,0.0004050104102297851,0.24860361543620654,1.4071431775976504e-05,68.95,5.598259608411892,0.26648913656663337,0.04342826138873784
2022-08-17,0.0004569999873638153,0.0004839999892283231,0.0004560000088531524,0.00047400000039488077,269,-0.03586500636477441,-0.03652395928424872,0.0004745999933220446,0.0004791999934241176,0.00046629999560536816,0.0004704523751622729,0.0004508812141031879,1.957116105908498e-05,2.3750517806488698e-05,-4.179356747403718e-06,53.24673753884603,0.00046629999560536816,0.0005093377964105884,0.00042326219480014784,0.1845927566409131,1.335714478045702e-05,82.4,3.2645631067961163,0.035700792976968265,0.04466421672523456
2022-08-18,0.0004459999909158796,0.00046300000394694507,0.00044299999717622995,0.0004569999873638153,5,-0.02407001477481152,-0.024364431591828696,0.00046779999393038453,0.0004749999934574589,0.0004662499952246435,0.0004666904698935841,0.0004505196401218329,1.6170829771751177e-05,2.2234580199541197e-05,-6.06375042779002e-06,30.882350423546015,0.0004662499952246435,0.0005093844208917518,0.0004231155695575352,0.1850270288853332,1.3214288628660142e-05,79.0,0.06329113924050633,0.14992467389067451,0.02348364466822904
2022-08-19,0.00041700000292621553,0.0004459999909158796,0.00041599999531172216,0.0004459999909158796,0,-0.06502239592003445,-0.0672327028359761,0.00045519999694079163,0.00046759999240748585,0.0004652999952668324,0.00045904578266781277,0.0004480366919942656,1.100909067354715e-05,1.998948229434239e-05,-8.98039162079524e-06,18.27960185988988,0.0004652999952668324,0.0005119345168748553,0.00041866547365880947,0.20044926749367256,1.4071429697131471e-05,70.55,0.0,0.03332248453761298,0.02717449606252728
2022-08-20,0.00042299999040551484,0.0004290000069886446,0.0004149999876972288,0.00041700000292621553,18,0.014388459082003813,0.014285927548174874,0.00044339999440126123,0.00046189999266061933,0.00046494999551214276,0.00045350027616590706,0.00044618211318005646,7.318162985850592e-06,1.745521843264403e-05,-1.0137055446793439e-05,23.23234015832476,0.00046494999551214276,0.0005127895257460578,0.0004171104652782276,0.20578354961040415,1.4142858812452427e-05,64.4,0.2795031055900621,0.5710201065310304,0.027255313962542566
2022-08-21,0.000450999999884516,0.0004529999860096723,0.00042299999040551484,0.00042299999040551484,4,0.06619387733829152,0.06409518288233652,0.00043879999429918826,0.0004589999938616529,0.00046589999546995384,0.0004531156182764615,0.0004465389951602256,6.576623116235909e-06,1.5279499369362407e-05,-8.702876253126498e-06,33.91305602206019,0.00046589999546995384,0.0005116954177305301,0.00042010457320937756,0.19658906506054968,1.4571429346688092e-05,61.6,0.06493506493506493,0.9330227784212727,0.031070658120507598
2022-08-22,0.00044800000614486635,0.00045399999362416565,0.00043200000072829425,0.000450999999884516,0,-0.006651870821325567,-0.006674093115411657,0.00043699999805539845,0.0004557999956887215,0.0004670499954954721,0.0004523286010254455,0.0004466472186126806,5.681382412764922e-06,1.3359875978042909e-05,-7.678493565277987e-06,33.050861879943795,0.0004670499954954721,0.0005095580721849688,0.00042454191880597544,0.1820279503242552,1.6142857410678907e-05,61.6,0.0,0.7269427796850106,0.030838798888800766
2022-08-23,0.00044800000614486635,0.00044800000614486635,0.00044800000614486635,0.00044800000614486635,0,0.0,0.0,0.0004374000011011958,0.00045259999751579016,0.00046684999542776493,0.0004516626633515093,0.00044674742545367527,4.9152378978340036e-06,1.1670948362001128e-05,-6.755710464167124e-06,31.30434980668734,0.00046684999542776493,0.0005096925437038924,0.00042400744715163745,0.18353881844583397,1.4571429346688092e-05,59.15,0.0,0.0,0.02736122540106915
2022-08-24,0.00044299999717622995,0.00044800000614486635,0.00043899999582208693,0.00044800000614486635,2,-0.01116073415190888,-0.011223482460267735,0.0004425999999511987,0.00044889999844599515,0.00046539999457309025,0.00045032994547838766,0.0004464698372578442,3.860108220543482e-06,1.01087803337096e-05,-6.2486721131661175e-06,33.027529549729095,0.00046539999457309025,0.0005094545024402124,0.00042134548670596817,0.18931890150765104,1.4000000581810517e-05,58.05,0.034453057708871665,0.44395080702960826,0.025368252519556295
2022-08-25,0.00044999999227002263,0.0004560000088531524,0.00044299999717622995,0.00044299999717622995,6,0.015801343427566783,0.015677801915701044,0.0004480000003241003,0.00044569999736268075,0.0004640999948605895,0.00045027918344633147,0.00044673133102069985,3.547852425631612e-06,8.796594752094003e-06,-5.248742326462391e-06,37.0689685452853,0.0004640999948605895,0.0005083714033786628,0.0004198285863425162,0.19078392160453236,1.4928572844447835e-05,40.3,0.14888337468982632,0.5380467956235184,0.025592452846796208
2022-08-26,0.00041700000292621553,0.00044999999227002263,0.0004149999876972288,0.00044999999227002263,7,-0.07333331091260431,-0.07616133677053297,0.00044120000093244015,0.00043999999761581423,0.0004611499956808984,0.00044515930952015515,0.0004445290041903867,6.303053297684663e-07,7.163336867628895e-06,-6.533031537860429e-06,28.859065384196924,0.0004611499956808984,0.0005097353480183798,0.000412564643343417,0.21071387961630164,1.7428573171075967e-05,40.3,0.17369727047146402,0.05712696280368227,0.03007685299853711
2022-08-27,0.0004149999876972288,0.0004239999980200082,0.00041000000783242285,0.00041700000292621553,0,-0.0047961995562398885,-0.004807738230638843,0.00043459999724291263,0.00043579999764915557,0.00045749999553663657,0.000440519413855086,0.00044234166390540966,-1.822250050323665e-06,5.366219484038383e-06,-7.188469534362048e-06,28.476823234337274,0.00045749999553663657,0.0005085005098435647,0.0004064994812297085,0.22295307018355578,1.8428572470189204e-05,40.3,0.0,0.35688674994480435,0.02916423067153108
2022-08-28,0.0004130000015720725,0.00042299999040551484,0.0004130000015720725,0.0004149999876972288,3,-0.004819243817942964,-0.0048308938179623005,0.0004275999963283539,0.00043249999871477487,0.0004537499960861169,0.000436285658119235,0.00044016820216444746,-3.882544045212446e-06,3.5164667781882168e-06,-7.3990108234006625e-06,28.10457976351711,0.0004537499960861169,0.0005063132392577794,0.00040118675291445446,0.2316837184575381,1.8428572470189204e-05,40.45,0.07416563658838071,0.0,0.0291174812295
2022-08-29,0.00042699999175965786,0.00042699999175965786,0.0004079999926034361,0.00041199999395757914,0,0.0338982811968398,0.0333363971628956,0.0004243999952450395,0.0004334999975981191,0.00045054999500280244,0.00043485709406391467,0.00043919277698081837,-4.335682916903696e-06,1.946036839169834e-06,-6.28171975607353e-06,33.333327453770764,0.00045054999500280244,0.0005013270056140489,0.000399772984391556,0.2254001161887955,1.8499999506665127e-05,40.2,0.0,0.9994739610497706,0.030452761630273325
2022-08-30,0.0004220000118948519,0.00043399998685345054,0.0004149999876972288,0.00042699999175965786,201,-0.011709554944488665,-0.01177865170753487,0.00041879999917000533,0.0004333999997470528,0.00044764999620383605,0.0004328790814225195,0.00043791923617795815,-5.040154755438654e-06,5.487985202481359e-07,-5.58895327568679e-06,33.95061617497947,0.00044764999620383605,0.0004979680319492811,0.000397331960458391,0.22480972265007187,1.8785713889103916e-05,50.25,4.0,0.3682285380497825,0.03025230677415313
2022-08-31,0.0004180000105407089,0.0004330000083427876,0.0004180000105407089,0.0004220000118948519,87,-0.009478675927477642,-0.009523884481101346,0.000419000000692904,0.0004301000008126721,0.0004445499973371625,0.0004305899935945477,0.00043644373514156645,-5.853741547018722e-06,-7.317094932052361e-07,-5.122032053813487e-06,36.91275429970199,0.0004445499973371625,0.0004941100560758478,0.0003949899385984771,0.22296731092362265,1.785714370531163e-05,54.6,1.5934065934065933,0.0,0.030227948839216624
2022-09-01,0.00041700000292621553,0.0004199999966658652,0.0004070000140927732,0.0004180000105407089,11,-0.002392362653770741,-0.0023952289256580755,0.00041940000373870135,0.000427000000490807,0.00044139999808976425,0.000428499225799419,0.00043500345611337303,-6.504230313954056e-06,-1.8862136573550005e-06,-4.6180166565990555e-06,39.568346076907005,0.00044139999808976425,0.0004894587290740848,0.0003933412671054437,0.21775591840644817,1.735714197690998e-05,55.15,0.19945602901178605,0.7686396793585949,0.030205795292500722
2022-09-02,0.00041599999531172216,0.0004239999980200082,0.00041199999395757914,0.00041700000292621553,9,-0.0023980997781198887,-0.00240097982474024,0.00042000000248663125,0.00042379999940749257,0.0004381999984616414,0.0004265762672628497,0.0004335957900265349,-7.019522763685186e-06,-2.912875478621038e-06,-4.1066472850641484e-06,49.549546006350404,0.0004381999984616414,0.0004839020050754905,0.00039249799184779227,0.20858971599403017,1.6071428295357953e-05,55.6,0.1618705035971223,0.33305578693817756,0.030183083496702935
2022-09-03,0.0004140000091865659,0.00041700000292621553,0.0004130000015720725,0.00041599999531172216,0,-0.004807659008884468,-0.004819252976277814,0.0004174000059720129,0.0004209000006085262,0.00043489999952726064,0.00042464145832803635,0.0004321442484863689,-7.502790158332533e-06,-3.830858414563338e-06,-3.671931743769195e-06,45.794400149490365,0.00043489999952726064,0.00047730605469870156,0.0003924939443558197,0.19501519989669625,1.5357141299838467e-05,54.5,0.0,0.24937837326667972,0.03014610144508958
2022-09-04,0.0004180000105407089,0.0004199999966658652,0.0004140000091865659,0.0004140000091865659,76,0.009661838805275158,0.009615461726676173,0.00041660000570118425,0.0004177000024355948,0.0004316999998991378,0.00042361969712998576,0.00043109652567423814,-7.47682854425238e-06,-4.560052440501147e-06,-2.9167761037512327e-06,30.120479392900833,0.0004316999998991378,0.0004684185554713223,0.00039498144432695325,0.17011144582239263,1.3642855005205742e-05,54.2,1.4022140221402213,0.665559016207697,0.030277343838977212
2022-09-05,0.00041599999531172216,0.00042100000428035855,0.00041099998634308577,0.0004180000105407089,0,-0.004784725307541482,-0.004796208750398358,0.0004162000026553869,0.0004176000016741455,0.00042879999964497986,0.0004224474353117912,0.0004299782627004807,-7.530827388689521e-06,-5.1542074301388225e-06,-2.3766199585506985e-06,30.48779449000496,0.00042879999964497986,0.000460233132041876,0.0003973668672480837,0.14660975943526525,1.2785713936734413e-05,34.9,0.0,0.4995005003955705,0.03018833006062404
2022-09-06,0.00041599999531172216,0.00041599999531172216,0.00041599999531172216,0.00041599999531172216,0,0.0,0.0,0.00041600000113248823,0.0004177000024355948,0.00042675000004237517,0.00042145552146562653,0.00042894283423013487,-7.4873127645083346e-06,-5.620828497012726e-06,-1.8664842674956088e-06,30.48779449000496,0.00042675000004237517,0.0004556882262438227,0.0003978117738409276,0.13562144674199908,1.2785713936734413e-05,21.45,0.0,0.0,0.029379516897733014
2022-09-07,0.00041599999531172216,0.00041599999531172216,0.00041599999531172216,0.00041599999531172216,0,0.0,0.0,0.00041600000113248823,0.00041800000180955974,0.0004252500002621673,0.00042061620974964117,0.0004279841043442344,-7.3678945945932135e-06,-5.970241716528824e-06,-1.3976528780643895e-06,32.46752559531525,0.0004252500002621673,0.0004530755845167825,0.0003974244160075521,0.13086694526730486,1.2142856056535883e-05,21.2,0.0,0.0,0.029016677025179412
2022-09-08,0.00042100000428035855,0.00042299999040551484,0.0004149999876972288,0.00041599999531172216,71,0.01201925246390867,0.011947594858139298,0.0004174000001512468,0.00041740000306162984,0.00042545000032987443,0.0004206752550620592,0.0004274667630605854,-6.791507998526189e-06,-6.1344949729282976e-06,-6.570130255978917e-07,30.66667184068173,0.00042545000032987443,0.0004530827418554301,0.00039781725880431876,0.12989889060585505,1.178571255877614e-05,24.75,2.8686868686868685,0.7490654874464614,0.025225596614046483
2022-09-09,0.00044100001105107367,0.0004440000047907233,0.00042100000428035855,0.00042100000428035855,71,0.04750595384174017,0.04641205665646585,0.00042200000025331973,0.000419300002977252,0.0004263500013621524,0.00042380214059883095,0.0004284692268402855,-4.667086241454544e-06,-5.841013226633548e-06,1.1739269851790033e-06,69.35484325241843,0.0004263500013621524,0.0004548069870651364,0.00039789301565916837,0.1334911955532607,1.0928569411459779e-05,27.4,2.591240875912409,0.869187584837566,0.027177262706735063
2022-09-10,0.00044800000614486635,0.0004490000137593597,0.00043899999582208693,0.00044100001105107367,153,0.015873004350065667,0.015748345625234996,0.0004284000024199486,0.00042230000253766774,0.00042620000167516994,0.00042752488914437513,0.0004299159525235048,-2.3910633791296605e-06,-5.151023257132771e-06,2.7599598780031105e-06,74.62688447340734,0.00042620000167516994,0.00045413677408224107,0.0003982632292680988,0.13109700749538364,1.0642857107866024e-05,34.85,4.390243902439024,0.8991003192179549,0.022967352870448085
2022-09-11,0.0004440000047907233,0.0004490000137593597,0.0004400000034365803,0.00044800000614486635,6,-0.00892857432874583,-0.008968672909062511,0.0004340000043157488,0.00042500000272411854,0.00042600000160746275,0.00043005952232073657,0.00043095921651594045,-8.996941952038769e-07,-4.300757444746992e-06,3.4010632495431153e-06,72.46376994983174,0.00042600000160746275,0.0004533303408892923,0.0003986696623256332,0.12831145154320014,1.05714300713901e-05,35.15,0.17069701280227598,0.44395080702960826,0.023007254546244492
2022-09-12,0.0004440000047907233,0.00045200000749900937,0.0004400000034365803,0.0004440000047907233,454,0.0,0.0,0.000439600006211549,0.0004278000036720186,0.0004258000015397556,0.0004322042119315039,0.0004319252015712146,2.7901036028934274e-07,-3.384803883739725e-06,3.6638142440290676e-06,65.45455411353456,0.0004258000015397556,0.00045250383638911784,0.0003990961666903934,0.12542900306621516,1.007143042183348e-05,57.85,7.847882454624028,0.33305578693817756,0.023007254546244492
2022-09-13,0.0004189999890513718,0.00044999999227002263,0.0004180000105407089,0.0004440000047907233,0,-0.056306341147755457,-0.05795367943038227,0.0004392000031657517,0.00042830000165849924,0.0004246000011335127,0.0004301727930268681,0.0004309677777437472,-7.94984716879089e-07,-2.8668400503675975e-06,2.0718553334885086e-06,47.99998603017018,0.0004246000011335127,0.00045018289253769895,0.0003990171097293264,0.12050349192600163,1.1000000605625765e-05,57.75,0.0,0.03123958392475946,0.026141214282554167
2022-09-14,0.0004189999890513718,0.0004189999890513718,0.0004189999890513718,0.0004189999890513718,0,0.0,0.0,0.0004347999987658113,0.00042839999950956554,0.00042305000097258015,0.0004284539001075609,0.0004300812742964988,-1.6273741889378949e-06,-2.6189468780816574e-06,9.915726891437626e-07,50.70420976387791,0.00042305000097258015,0.00044574686444914135,0.00040035313749601896,0.10730109171200444,9.92857219119157e-06,57.45,0.0,0.0,0.025797096148695572
2022-09-15,0.0004189999890513718,0.0004189999890513718,0.0004189999890513718,0.0004189999890513718,0,0.0,0.0,0.0004289999953471124,0.0004286999988835305,0.000423150000278838,0.00042699945225276254,0.00042926043785417587,-2.2609856014133315e-06,-2.5473546227479927e-06,2.863690213346611e-07,51.428560737374255,0.000423150000278838,0.0004457520555110776,0.0004005479450465984,0.10682762716457904,9.000002007399286e-06,57.1,0.0,0.0,0.0198319566514808
2022-09-16,0.0004140000091865659,0.0004189999890513718,0.00041099998634308577,0.0004189999890513718,26,-0.011933126480805023,-0.012004897776673077,0.0004229999962262809,0.0004285000002710149,0.0004231000013533048,0.00042499953793488605,0.00042813003509533157,-3.1304971604455213e-06,-2.6639831302874985e-06,-4.6651403015802286e-07,48.64865821528257,0.0004231000013533048,0.00044578224997701905,0.0004004177527295906,0.10721932664223119,8.714287624960499e-06,58.4,0.4452054794520548,0.3745345604411219,0.019994427510556117
2022-09-17,0.00042100000428035855,0.0004220000118948519,0.0004140000091865659,0.0004140000091865659,0,0.016908200334454948,0.016766847834416957,0.000418399996124208,0.00042900000116787853,0.00042350000148871914,0.00042438422506495873,0.00042760188438974525,-3.217659324786519e-06,-2.774718369187303e-06,-4.4294095559921614e-07,54.430375549841216,0.00042350000148871914,0.0004457095343042126,0.00040129046867322566,0.10488563276231805,9.000002007399286e-06,58.25,0.0,0.873906707491053,0.02030268554063413
2022-09-18,0.00040099999750964344,0.00042299999040551484,0.00039900001138448715,0.0004220000118948519,18,-0.04750595384174017,-0.04867142275330017,0.0004147999978158623,0.000427000000490807,0.0004222000017762184,0.00042078665159491017,0.0004256313733009913,-4.844721706081124e-06,-3.188719036566068e-06,-1.656002669515056e-06,41.052627064226925,0.0004222000017762184,0.00044649295576683497,0.00039790704778560183,0.11507794357373183,1.0285715688951313e-05,59.15,0.3043110735418428,0.08329812047751965,0.02151674793802541
2022-09-19,0.0004130000015720725,0.0004140000091865659,0.000387999985832721,0.00040099999750964344,13,0.029925197349011112,0.029486175671299974,0.00041360000032000246,0.0004241999995429069,0.0004217500012600794,0.00041958870543755053,0.0004246957157184372,-5.107010280886674e-06,-3.5723772854301894e-06,-1.5346329954564843e-06,48.571431739192015,0.0004217500012600794,0.000446389512375644,0.0003971104901445148,0.11684415431866342,1.1428573218706464e-05,49.75,0.2613065326633166,0.9611685233514383,0.022607408701570825
2022-09-20,0.0004039999912492931,0.0004140000091865659,0.0004030000127386302,0.0004130000015720725,62,-0.021791792466152926,-0.02203274046651954,0.0004106000007595867,0.00041979999805334954,0.00042105000029550864,0.0004171904417162801,0.00042316269845779284,-5.972256741512737e-06,-4.052353176646699e-06,-1.9199035648660377e-06,44.73684143342973,0.00042105000029550864,0.00044690364326815593,0.00039519635732286135,0.12280557156870793,1.221428725070187e-05,48.5,1.2783505154639174,0.09082459884448033,0.023019177747248206
2022-09-21,0.00039900001138448715,0.00041700000292621553,0.00039500001003034413,0.0004030000127386302,3,-0.012376188052243386,-0.012453410878571903,0.00040760000119917096,0.00041529999871272596,0.0004201500007184222,0.0004143919139729273,0.00042137286910107457,-6.980955128147272e-06,-4.638073566946814e-06,-2.3428815612004584e-06,42.85714984485702,0.0004201500007184222,0.0004477888410800966,0.00039251116035674786,0.1315665372577137,1.3785715314692684e-05,48.1,0.06237006237006237,0.18173569492125266,0.023148630490558913
2022-09-22,0.0004079999926034361,0.0004079999926034361,0.0003980000037699938,0.00039900001138448715,0,0.02255634326355027,0.02230571085291617,0.00040499999886378646,0.0004116999974939972,0.0004197500005830079,0.00041340854145454405,0.00042038228530596723,-6.973743851423182e-06,-5.105207623842088e-06,-1.8685362275810936e-06,44.71544138333609,0.0004197500005830079,0.0004478691128648258,0.00039163088830119,0.13398028465878323,1.3928571466489562e-05,47.65,0.0,0.9990009978865719,0.023786765940826803
2022-09-23,0.0004079999926034361,0.0004079999926034361,0.0004079999926034361,0.0004079999926034361,0,0.0,0.0,0.000406399997882545,0.00041059999784920365,0.00041944999975385144,0.0004125764570159121,0.0004194650781383262,-6.888621122414114e-06,-5.461890323556494e-06,-1.4267307988576204e-06,33.980568807691995,0.00041944999975385144,0.0004479528215355591,0.0003909471779721438,0.13590569459260526,1.2285714287177793e-05,47.65,0.0,0.0,0.023767346556778344
2022-09-24,0.0004149999876972288,0.0004199999966658652,0.0004079999926034361,0.0004079999926034361,11,0.01715685103111375,0.01701133431013752,0.00040679999510757626,0.00041019999771378933,0.00041929999861167744,0.00041294930788996083,0.00041913433059781474,-6.185022707853904e-06,-5.606516800415977e-06,-5.78505907437927e-07,33.980568807691995,0.00041929999861167744,0.0004478664554483307,0.0003907335417750242,0.13625784369777327,1.242857043897467e-05,44.4,0.24774774774774774,0.5828470213170686,0.023993337056048843
2022-09-25,0.00041599999531172216,0.0004239999980200082,0.00041199999395757914,0.00041599999531172216,2,0.0024096569738285556,0.002406758405898592,0.0004091999959200621,0.00040989999833982436,0.00041929999861167744,0.00041341864441638563,0.00041890215754838343,-5.483513131997804e-06,-5.5819160667323425e-06,9.840293473453811e-08,35.99999185092548,0.00041929999861167744,0.0004478664554483307,0.0003907335417750242,0.13625784369777327,1.2642855706092502e-05,44.5,0.0449438202247191,0.33305578693817756,0.023973076076354165
2022-09-26,0.0004130000015720725,0.0004199999966658652,0.00041099998634308577,0.00041599999531172216,0,-0.0072115234938925354,-0.007237652223860895,0.00041199999395757914,0.000409799997578375,0.000419149998924695,0.0004133542378249528,0.00041846496069558305,-5.110722870630227e-06,-5.48767742751192e-06,3.769545568816934e-07,34.95145027538449,0.000419149998924695,0.00044782073078159667,0.0003904792670677933,0.1368041604697831,1.242857043897467e-05,44.5,0.0,0.22197701859788474,0.02403160228851536
2022-09-27,0.00041199999395757914,0.0004309999931138009,0.0004090000002179295,0.0004130000015720725,18,-0.0024213259338664583,-0.0024242620840474282,0.00041279999422840776,0.0004088999965460971,0.0004189499988569878,0.0004131458926145877,0.00041798607415511295,-4.840181540525276e-06,-5.358178250114592e-06,5.179967095893162e-07,45.569621185830634,0.0004189499988569878,0.0004477686757595784,0.00039013132195439717,0.13757573448485977,1.1714285522300219e-05,45.4,0.39647577092511016,0.1363014406157481,0.024037250201584044
2022-09-28,0.0004239999980200082,0.00042799999937415123,0.0004030000127386302,0.00041099998634308577,0,0.029126223879665014,0.028710115878709593,0.00041599999531172216,0.0004111999965971336,0.0004190999985439703,0.0004148157549846524,0.0004184315500963823,-3.615795111729927e-06,-5.009701622437659e-06,1.393906510707732e-06,52.74725872195757,0.0004190999985439703,0.0004479947317324702,0.0003902052653554704,0.13788944542536602,1.3499998853408865e-05,41.85,0.0,0.8396639945241826,0.02478782522735647
2022-09-29,0.0004250000056345016,0.0004250000056345016,0.0004250000056345016,0.0004250000056345016,0,0.0023585085357622493,0.0023557316199017153,0.0004179999988991767,0.0004123999970033765,0.0004182999982731417,0.0004163825627769369,0.0004189181024590144,-2.535539682077526e-06,-4.5148692343656325e-06,1.9793295522881067e-06,53.260879536995894,0.0004182999982731417,0.0004454766180848566,0.00039112337846142675,0.1299384170399596,1.3571427968729819e-05,38.3,0.0,0.0,0.022218712877715957
2022-09-30,0.0004250000056345016,0.0004250000056345016,0.0004250000056345016,0.0004250000056345016,0,0.0,0.0,0.0004198000009637326,0.00041449999844189733,0.00041714999824762347,0.0004177083232165622,0.0004193686138915515,-1.6602906749892945e-06,-3.943953522490365e-06,2.2836628475010702e-06,56.32183754240546,0.00041714999824762347,0.00044074549641656636,0.00039355450007868057,0.11312716417626079,1.2999999203852245e-05,30.65,0.0,0.0,0.021841720147565673
2022-10-01,0.0004250000056345016,0.0004250000056345016,0.0004250000056345016,0.0004250000056345016,0,0.0,0.0,0.0004222000017762184,0.0004170999978668988,0.0004161999982898124,0.0004188301205116298,0.00041978575409456554,-9.55633582935757e-07,-3.346289534579443e-06,2.390655951643686e-06,52.50000090949472,0.0004161999982898124,0.00043655061215333536,0.0003958493844262894,0.09779247451775455,1.242857043897467e-05,30.35,0.0,0.0,0.021792485431726336
2022-10-02,0.0004250000056345016,0.0004250000056345016,0.0004250000056345016,0.0004250000056345016,0,0.0,0.0,0.0004248000041116029,0.00041879999917000533,0.0004152499983320013,0.00041977933360745623,0.00042017199501273865,-3.9266140528242295e-07,-2.755563908720039e-06,2.362902503437616e-06,70.00000970127823,0.0004152499983320013,0.0004314964575178935,0.0003990035391461091,0.07824905117953934,1.0714286223186978e-05,7.65,0.0,0.0,0.021792485431726336
2022-10-03,0.0004250000056345016,0.0004250000056345016,0.0004250000056345016,0.0004250000056345016,0,0.0,0.0,0.0004250000056345016,0.00042050000047311187,0.00041554999916115776,0.00042058251391930936,0.0004205296254834891,5.2888435820251916e-08,-2.193873439811981e-06,2.2467618756322327e-06,62.50000757912454,0.00041554999916115776,0.0004323017501987949,0.0003987982481235206,0.08062447874601257,8.857141697912344e-06,7.65,0.0,0.0,0.017643545436808957
2022-10-04,0.0004250000056345016,0.0004250000056345016,0.0004250000056345016,0.0004250000056345016,0,0.0,0.0,0.0004250000056345016,0.00042150000226683917,0.0004158499999903142,0.00042126212802933897,0.0004208607648005082,4.013632288307734e-07,-1.6748261060834299e-06,2.0761893349142033e-06,76.9231113655003,0.0004158499999903142,0.0004330702494266268,0.00039862975055400166,0.08281952356240783,8.071427665916936e-06,7.65,0.0,0.0,0.017643545436808957
2022-10-05,0.0004250000056345016,0.0004250000056345016,0.0004250000056345016,0.0004250000056345016,0,0.0,0.0,0.0004250000056345016,0.0004224000032991171,0.00041615000081947074,0.0004218371861224409,0.0004211673752725853,6.69810849855592e-07,-1.2058987148956255e-06,1.8757095647512175e-06,88.23528908238183,0.00041615000081947074,0.0004338048845501669,0.0003984951170887746,0.08484865407151572,6.499999601926122e-06,7.65,0.0,0.0,0.017643545436808957
2022-10-06,0.850508987903595,0.8737210035324097,0.8474329710006714,0.8617200255393982,68485329,2000.1975920655152,7.601501076368031,0.1704417975852266,0.08543199879350141,0.04292089939553989,0.13120447575804142,0.06339064315554335,0.06781383260249807,0.013561801801527704,0.054252030800970366,99.99952947193701,0.04292089939553989,0.42309392374584204,-0.33725212495476226,17.71505395759753,0.06238407168088348,3424272.8,19.99996291183343,0.1170120178864525,447.2574358929283
2022-10-07,0.8468599915504456,0.8540319800376892,0.8353170156478882,0.8506010174751282,44041151,-0.004290367773941761,-0.004299597811390276,0.3397287958941888,0.1700767979491502,0.08524284897284815,0.24130532434148833,0.12142541618289826,0.11987990815859006,0.03482542307294018,0.08505448508564989,99.57212741528379,0.08524284897284815,0.6074272556487528,-0.4369415577030564,12.25168827574575,0.06372085485158355,5626330.35,7.827686655476958,0.6167775419905395,447.25768536088316
2022-10-08,0.8350750207901001,0.8532090187072754,0.8269519805908203,0.8467190265655518,33437848,-0.01391607925504823,-0.01401381568395411,0.5066588000510819,0.2535419000283582,0.12697655001247768,0.33265450841050553,0.17428835532245854,0.158366153088047,0.05953356907596156,0.09883258401208544,98.21636905721884,0.12697655001247768,0.7451963618387253,-0.49124326181377,9.737543062329173,0.06559550043104016,7298221.85,4.581643129963226,0.30936608575543345,447.2572899225412
2022-10-09,0.8437430262565613,0.8485770225524902,0.8339210152626038,0.8351820111274719,29768021,0.010379912284120385,0.01032641090255707,0.6753224053012673,0.3378737026534509,0.16914305132522714,0.4112835111560526,0.2238775949532428,0.1874059162028098,0.08510803850133122,0.10229787770147858,98.23405229534121,0.16914305132522714,0.8615994443821429,-0.5233133417316886,8.187819572031549,0.06664150095145617,8786622.25,3.3878799102806543,0.6701691734994945,447.2575199041708
2022-10-10,0.7538859844207764,0.8505460023880005,0.7538859844207764,0.8437950015068054,59530065,-0.10649811499415185,-0.11260683469730483,0.8260146021842957,0.4132198010949651,0.2068171505467035,0.46399158396601015,0.26313747913419994,0.2008541048318102,0.10825725176742704,0.09259685306438317,89.07823824710673,0.2068171505467035,0.9413302356184574,-0.5276959345250505,7.103019098078968,0.07354514509123485,11763122.4,5.06073667991417,0.0,447.2585174228479
2022-10-11,0.7390900254249573,0.7676159739494324,0.735821008682251,0.7536370158195496,62977247,-0.01962625556328268,-0.019821408147087122,0.8037308096885681,0.48708630363689737,0.24375170181738212,0.5063144211135404,0.2983932261971876,0.2079211949163528,0.1281900403972122,0.07973115451914059,87.73185602212898,0.24375170181738212,1.0082388338673094,-0.5207354302325451,6.272671135011629,0.07581464261082667,14911984.6,4.223263951063898,0.10281551456593081,447.258602757961
2022-10-12,0.7476419806480408,0.7604619860649109,0.7391020059585571,0.739171028137207,30878290,0.011570924960279783,0.011504493763890173,0.7838872075080872,0.561808001701138,0.281113400850154,0.5434417379650021,0.33167091424074185,0.2117708237242602,0.1449061970626218,0.0668646266616384,87.8379632308639,0.281113400850154,1.06822859423501,-0.5060017925347021,5.599983430205973,0.0773394255146351,16455899.1,1.8764267945711943,0.3998117343202015,447.2587320157259
2022-10-13,0.7324159741401672,0.7539880275726318,0.6577990055084229,0.747635006904602,90254644,-0.02036537126322946,-0.020575604654712146,0.7633553981781006,0.6350070991145913,0.3177137995575322,0.5725146973765659,0.3613557355811295,0.21115896179543642,0.15815675000918472,0.053002211786251696,86.50402049442471,0.3177137995575322,1.1178388902052234,-0.482411291090159,5.0367663712561095,0.08420999851867757,20968631.3,4.304269683067011,0.7757326072471068,447.2589717041824
2022-10-14,0.7173129916191101,0.7563210129737854,0.7054129838943481,0.7324140071868896,48709098,-0.020620771602896215,-0.020836348436777494,0.7380693912506103,0.7066958982759388,0.3535586991391028,0.594791358029265,0.38772294144982805,0.20706841657943692,0.16793908332323518,0.03912933325620174,85.22029920491372,0.3535586991391028,1.1580532593662303,-0.4509358610880246,4.550840141600419,0.08784628631006594,23404085.65,2.0812220023643606,0.23375498133395214,447.2594162802391
2022-10-15,0.6854220032691956,0.7174180150032043,0.6807309985160828,0.7174180150032043,35901153,-0.0444589582546534,-0.045477563063258314,0.7243765950202942,0.7751955986022949,0.387808999302797,0.6087345342200235,0.40977472513700475,0.1989598090830188,0.17414322847519192,0.024816580607826877,82.63099722178336,0.387808999302797,1.1873110072341753,-0.4116930086285814,4.123174085019806,0.09046678748771748,25199143.2,1.4246973682819501,0.12786549367143446,447.25996793538036
2022-10-16,0.6983370184898376,0.7071130275726318,0.6854439973831177,0.6854439973831177,33158849,0.018842428692167124,0.018667109008033613,0.7162259936332702,0.7599784016609192,0.4227052002272103,0.622519531799995,0.4311497110236603,0.1913698207763347,0.1775885469354205,0.013781273840914182,82.84211765971347,0.4227052002272103,1.2118704530043651,-0.36646005254994446,3.7338800296422505,0.09201614636653435,26857085.65,1.2346406245310537,0.5949973323211157,447.259661357917
2022-10-17,0.7625120282173157,0.7640290260314941,0.6878010034561157,0.69828200340271,52951331,0.09189690368449499,0.08791646232042298,0.7192000031471253,0.7515436053276062,0.4608102016383782,0.6440568389411213,0.4556950691221971,0.18836176981892422,0.1797431915121213,0.008618578306802932,83.81940209044362,0.4608102016383782,1.2376202566766938,-0.31599985339993747,3.371496777963779,0.09746100512191853,29504651.3,1.7946774039657942,0.980099082149623,447.2585519099491
2022-10-18,0.7404869794845581,0.7716950178146362,0.7250779867172241,0.7626299858093262,69316940,-0.028884854163219065,-0.029310232925572333,0.7208142042160034,0.742084801197052,0.4978133506127051,0.658892245178573,0.47679076719623864,0.1821014779823344,0.18021484880616392,0.0018866291761704679,82.21229433117357,0.4978133506127051,1.2524746308348857,-0.2568479296094755,3.03190454532145,0.10079079305744797,32970498.3,2.1023928534316387,0.3305442045353109,447.25923459467907
2022-10-19,0.6899219751358032,0.7443860173225403,0.6867460012435913,0.740431010723114,52026698,-0.06828614918246423,-0.0707295384588023,0.715336000919342,0.7267026960849762,0.5322881993692136,0.6636660497873776,0.49257826478063316,0.17108778500674449,0.17838943604628005,-0.007301651039535562,78.74602541259028,0.5322881993692136,1.2535342083122327,-0.1889578095738056,2.709983087349032,0.10490793706308718,35571833.2,1.4625812987338531,0.05510014669080499,447.26006620052254
2022-10-20,0.6719779968261719,0.7064070105552673,0.6602150201797485,0.6899549961090088,44036808,-0.02600870671803035,-0.026352914515111035,0.7126471996307373,0.7185118973255158,0.5658658492102404,0.664944810870269,0.5058671343665978,0.15907767650367122,0.1745270841377583,-0.015449407634087087,25.686977649006764,0.5658658492102404,1.2441012812459995,-0.11236958282551879,2.397159796733975,0.04582907898085458,37773673.6,1.165806865022522,0.25465397797878386,447.260372297653
2022-10-21,0.7303019762039185,0.7465789914131165,0.6394919753074646,0.6719210147857666,68276028,0.08679447787459904,0.08323251747010144,0.7190401911735534,0.7176330924034119,0.6023596980201547,0.6749997593831382,0.5224919380976087,0.15250782128552942,0.17012323156731254,-0.017615410281783123,36.18411022083307,0.6023596980201547,1.2290797390892312,-0.024360343048921984,2.080883044230847,0.05214136838912964,41187475.0,1.6576890911618156,0.8480018934026694,447.25935137096224
2022-10-22,0.7481150031089783,0.7517639994621277,0.7115089893341064,0.7300450205802917,65456168,0.024391316859980527,0.02409859898944534,0.7161607861518859,0.7176803946495056,0.6397441981753218,0.6862482584178828,0.5392047583163175,0.1470435001015653,0.1655072852741631,-0.018463785172597807,39.83765287086636,0.6397441981753218,1.2010702143697554,0.07841818198088812,1.7548451952997697,0.053141223532812934,44460283.4,1.4722391085793214,0.9093527629213787,447.25906436827563
2022-10-23,0.8319550156593323,0.8532789945602417,0.7336530089378357,0.7480319738388062,115560378,0.11206834805068189,0.10622165801390603,0.7344543933868408,0.7276342988014222,0.6813206989580067,0.708664682608875,0.56088996327066,0.14777471933821507,0.16196077208697351,-0.014186052748758449,48.82829014846595,0.6813206989580067,1.1604221849727467,0.20221921294326678,1.4063905199048399,0.0606390791279929,50238302.3,2.300244488954397,0.8217445230866239,447.25774623646475
2022-10-24,0.8434450030326843,0.8828819990158081,0.7955930233001709,0.8318549990653992,124913598,0.013810827697512185,0.013716327308322446,0.7651589989662171,0.7402474999427795,0.7234716991093592,0.7294001165202304,0.5818199668475692,0.1475801496726612,0.15908464760411106,-0.011504497931449864,60.54481693345377,0.7234716991093592,1.084008670533329,0.3629347276853893,0.9966857635697826,0.05996971896716526,56483982.2,2.211487100142879,0.5482018073666434,447.25758371026564
2022-10-25,0.9746419787406921,1.0462019443511963,0.828216016292572,0.8426920175552368,253752589,0.15554893945221915,0.1445755033206759,0.8256917953491211,0.7691694974899292,0.7721825480461121,0.7671296337849169,0.6109178944674725,0.15621173931744448,0.15851006594677775,-0.0022983266293332694,71.7676381550827,0.7721825480461121,0.9245483516963763,0.6198167443958479,0.39463674499197676,0.07326907345226832,69171611.65,3.6684498589386267,0.6717220557994934,447.255754421722
2022-10-26,1.1150230169296265,1.1699130535125732,0.9653059840202332,0.9745039939880371,313414986,0.1440334412543125,0.13456012439602127,0.9026360034942627,0.8108380973339081,0.7854082494974136,0.8206516927302568,0.6482590156158937,0.17239267711436312,0.16128658818029484,0.011106088934068281,77.29878233232544,0.7854082494974136,0.9997267672156122,0.5710897317792151,0.5457506153146264,0.08635729551315308,81418094.5,3.849451254352311,0.731729485024971,0.06912447255135126
2022-10-27,1.0717090368270874,1.1490999460220337,1.0599770545959473,1.1151039600372314,222676215,-0.03884581703237866,-0.03962044274818564,0.9673548102378845,0.8417577981948853,0.7966507017612457,0.8592758995143847,0.6796256846051271,0.1796502149092576,0.16495931352608742,0.014690901383170168,74.20143952060309,0.7966507017612457,1.0453707930037783,0.5479306105187132,0.6244144157349236,0.08585257189614433,90349847.7,2.464599782607049,0.1316382438566589,0.0700788351327946
2022-10-28,1.1524900197982788,1.2267099618911743,1.038133978843689,1.0712419748306274,240655579,0.07537585314233453,0.07267023130308883,1.031461811065674,0.8829581022262574,0.8125214517116547,0.9043857641734453,0.7146526731741082,0.1897330909993371,0.16991406902073738,0.01981902197859972,78.38154139484917,0.8125214517116547,1.1077289883006598,0.5173139151226496,0.726645520477329,0.09568599717957633,100710734.25,2.3895722813678124,0.6064188718115027,0.07103836853778639
2022-10-29,1.0836869478225708,1.199612021446228,1.062041997909546,1.1519689559936523,227612672,-0.059699494827513244,-0.06155576845317256,1.0795102000236512,0.9223345994949341,0.8245186477899551,0.9319705616579261,0.7419885459316864,0.18998201572623974,0.17392765836183788,0.01605435736440186,74.78106301624456,0.8245186477899551,1.1436054570207577,0.5054318385591525,0.7739953731454948,0.10289192625454494,110602966.8,2.05792555647793,0.15733767999157625,0.07315954188022
2022-10-30,1.0433249473571777,1.1117240190505981,1.0133880376815796,1.0838919878005981,143605706,-0.03724507390855969,-0.03795638961213803,1.0932467937469483,0.9594692945480346,0.8389905959367752,0.9491020056116573,0.7643097612765469,0.18479224433511032,0.1761005755564924,0.008691668778617934,70.75704432824804,0.8389905959367752,1.1705979538329192,0.5073832380406311,0.7904912391202377,0.10836656604494367,114806748.85,1.2508472492991427,0.3044349201022036,0.06860060389488903
2022-10-31,1.0371979475021362,1.0785659551620483,1.0112799406051636,1.0430289506912231,122223743,-0.005872571024551521,-0.005889882377810373,1.0776817798614502,0.9901588916778564,0.8538959920406342,0.9626552274409618,0.7845237013528706,0.17813152608809113,0.17650676566281215,0.0016247604252789816,67.76830341930531,0.8538959920406342,1.193303820833294,0.5144881632479743,0.7949629274674205,0.10772785118647984,117769073.65,1.037825459706331,0.3851915322335789,0.06826626094434234
2022-11-01,1.0031189918518066,1.061331033706665,0.9926009774208069,1.0371170043945312,92409168,-0.032856751917414884,-0.03340865790992691,1.063963770866394,1.0156592905521393,0.8666698426008225,0.9688804219657071,0.8007159453575131,0.168164476608194,0.17483830785188853,-0.006673831243694528,66.72772760232186,0.8666698426008225,1.2084617510512092,0.5248779341504357,0.7887476675655182,0.10930735298565455,120845617.55,0.7646877882167767,0.15303367215235664,0.06924349864984355
2022-11-02,1.0286699533462524,1.0439480543136597,0.952223002910614,1.0031169652938843,144869877,0.025471516043453102,0.02515252246775821,1.0391997575759888,1.0353307843208313,0.8814825415611267,0.9780788114088679,0.8176014276856443,0.16047738372322362,0.17196612302615558,-0.011488739302931955,72.28587669589572,0.8814825415611267,1.2244524588901933,0.5385126242320601,0.7781661034866524,0.11174199836594718,123576379.2,1.1723104199835626,0.8334358055071313,0.06869876099959545
2022-11-03,1.1186009645462036,1.150094985961914,1.028609037399292,1.0286500453948975,181757847,0.08742455333453325,0.08381210532995181,1.0461825609207154,1.0628463804721833,0.9015469402074814,0.9996976041992272,0.8398976899869527,0.15979991421227446,0.16953288126337937,-0.009732967051104907,76.84054892328889,0.9015469402074814,1.250969511540403,0.5521243688745598,0.7751622367050698,0.11712013823645455,130228816.65,1.3956807078151392,0.7407599051912136,0.06963829941032292
2022-11-04,1.3488520383834839,1.3853280544281006,1.100051999092102,1.1181399822235107,371480917,0.20583843670355595,0.18717512308158982,1.1072879791259767,1.1002673864364625,0.9347184419631958,1.0534136709968052,0.8775980125783084,0.17581565841849678,0.17078943669440286,0.005026221724093921,80.80673828343006,0.9347184419631958,1.321696348406772,0.5477405355196193,0.8280095675245349,0.12984792675290788,147007804.85,2.5269469017583255,0.872137797464168,0.07848855221098858
2022-11-05,1.313599944114685,1.3979909420013428,1.273277997970581,1.351078987121582,244532476,-0.026134886010956593,-0.026482471593991933,1.1625683784484864,1.1201250791549682,0.9654815882444382,1.093442328399556,0.9098944523383854,0.18354787606117062,0.17334112456775644,0.010206751493414185,77.68296261990342,0.9654815882444382,1.3707285220060799,0.5602346544827965,0.8394710757737253,0.13588063631738936,157576486.2,1.5518335374583319,0.32331802624255207,0.07967726114319446
2022-11-06,1.2884390354156494,1.3524349927902222,1.253000020980835,1.3138560056686401,172185994,-0.019154163953617687,-0.019339981565911726,1.2196323871612549,1.1417980790138245,0.9917779386043548,1.1234418217866473,0.9379347921367113,0.18550702964993604,0.17577430558419238,0.009732724065743659,73.7090206475835,0.9917779386043548,1.4096280821841771,0.5739277950245325,0.8426284298435343,0.13443842104503087,163538219.35,1.0528792271578564,0.3564038911652802,0.07936808027848849
2022-11-07,1.311339020729065,1.383344054222107,1.2081830501556396,1.288862943649292,195563088,0.01777343334372672,0.017617332791969115,1.2761662006378174,1.157682979106903,1.0203205406665803,1.152349083162404,0.965594364909197,0.1867547182532069,0.1779703881179953,0.008784330135211599,74.01697987929523,1.0203205406665803,1.4438452403128474,0.5967958410203131,0.8301796989592632,0.1407149944986616,169850526.75,1.151383464873476,0.588920834485928,0.07824281735702117
2022-11-08,0.9646530151367188,1.3225020170211792,0.8899080157279968,1.3111369609832764,391624103,-0.26437557344980034,-0.3070355805088348,1.2453766107559203,1.145779585838318,1.034057092666626,1.1234727650046061,0.9655246352957576,0.15794812970884853,0.17396593643616595,-0.016017806727317424,49.5801471352715,1.034057092666626,1.429340965965034,0.6387732193682178,0.7645300749865759,0.15604414258684432,186830397.0,2.096147678795544,0.17278325047839121,0.10054226038318459
2022-11-09,0.7893440127372742,0.9708080291748047,0.7746210098266602,0.9647650122642517,246507101,-0.18173270559321097,-0.20056622997722892,1.1334750056266785,1.1203814923763276,1.039925393462181,1.0720683415788628,0.9524742186949966,0.11959412288386617,0.163091573725706,-0.04349745084183984,36.70162787162406,1.039925393462181,1.4155732823676344,0.6642775045567276,0.7224516129081611,0.1554427104336875,196953911.65,1.25159789381619,0.07504575077941185,0.11003109078746387
2022-11-10,1.0432209968566895,1.094074010848999,0.773531973361969,0.7886279821395874,244791283,0.32163034117282385,0.2788660814302668,1.0793992161750794,1.1209837973117829,1.0555713444948196,1.0676302885446822,0.9591962023173506,0.10843408622733164,0.15216007622603114,-0.043725989998699505,49.00743381092253,1.0555713444948196,1.4018377867488714,0.7093049022407678,0.6560739718067463,0.1719726494380406,205779674.4,1.1895795039706798,0.8413530318690337,0.12907537290880233
2022-11-11,1.0178250074386597,1.055503010749817,0.927278995513916,1.042165994644165,178500586,-0.024343825032807076,-0.024645034380859715,1.0252764105796814,1.122454398870468,1.0690568447113038,1.0599679376052942,0.9635390768035756,0.09642886080171853,0.14101383314116864,-0.04458497233945011,45.119719064974994,1.0690568447113038,1.384546553503203,0.7535671359194045,0.5902206423402986,0.16766179459435598,211431895.3,0.8442462559715794,0.7061548080257277,0.1295639073124852
2022-11-12,0.9187700152397156,1.0200999975204468,0.9108830094337463,1.0179990530014038,75295836,-0.09732025787833054,-0.10238744835925283,0.9467626094818116,1.1114644050598144,1.073397594690323,1.038245180318282,0.9602228499978802,0.07802233032040173,0.12841553257701527,-0.050393202256613534,44.15162036552639,1.073397594690323,1.3773288037508817,0.769466385629764,0.5662975407509527,0.16563657777650015,209418668.2,0.359546914547707,0.07221408703898129,0.13048157935272015
2022-11-13,0.900596022605896,0.9513559937477112,0.8732839822769165,0.9189119935035706,83170005,-0.01978078554193763,-0.019979044109487042,0.9339512109756469,1.0896639108657837,1.0762551456689835,1.0170683868240686,0.9558060479402495,0.061262338883819156,0.11498489383837604,-0.053722554954556884,44.85753802716918,1.0762551456689835,1.3720488971412532,0.7804613941967138,0.549672171441111,0.16418915135519846,207331488.55,0.4011450724714338,0.349831345653019,0.1306861744714751
2022-11-14,0.9236630201339722,0.9785820245742798,0.8399149775505066,0.9013919830322266,113419349,0.025613035089063763,0.02529051682372671,0.9608150124549866,1.0471450090408325,1.0737061977386475,1.0026983304102077,0.9534250829032894,0.049273247506918305,0.10184256457208449,-0.05256931706516618,45.9587164469293,1.0737061977386475,1.374030727318076,0.7733816681592189,0.5594165894021057,0.16928779653140477,200314826.55,0.5662054624383469,0.603950530003011,0.12629292159367536
2022-11-15,0.9336069822311401,0.9499509930610657,0.9051250219345093,0.9240360260009766,66106596,0.010765789990949015,0.0107082514705901,0.9388922095298767,1.0091457128524781,1.0646353960037231,0.9920688922288127,0.9519570754379449,0.04011181679086773,0.08949641501584114,-0.04938459822497342,47.48245952007637,1.0646353960037231,1.370611154012932,0.7586596379945144,0.5747991456187481,0.16758036187716893,187949407.05,0.3517254831371387,0.6353895571458491,0.12200239047831025
2022-11-16,0.899653971195221,0.9576900005340576,0.8762050271034241,0.9340689778327942,62779252,-0.03636756331318136,-0.03704534682497276,0.9152580022811889,0.9702672064304352,1.0560326427221298,0.9778512120697986,0.948082771400054,0.0297684406697446,0.07755082014662185,-0.047782379476877246,45.35564909218049,1.0560326427221298,1.3707218689291218,0.7413434165151378,0.5959838995048851,0.16684892773628235,179954558.9,0.34886169255031857,0.28777012775315186,0.12196411534269169
2022-11-17,0.8889790177345276,0.904679000377655,0.8688030242919922,0.8998140096664429,49999447,-0.011865621452780695,-0.011936579807559357,0.9092998027801513,0.9280312061309814,1.0428570926189422,0.9641785667874493,0.9437047155521444,0.020473851235304874,0.06613542636435846,-0.04566157512905358,41.23379571193329,1.0428570926189422,1.3625675549865577,0.7231466302513267,0.6131433820231723,0.16073392970221384,170421752.3,0.2933865326767914,0.5623815717388282,0.12061315264214763
2022-11-18,0.9164270162582397,0.9243860244750977,0.8820430040359497,0.8888970017433167,56054805,0.030875867682074842,0.030408797865777652,0.9124660015106201,0.9232086062431335,1.0344940960407256,0.9568321743983401,0.9416841452251744,0.015148029173165711,0.055937946926119905,-0.040789917752954194,30.466788234853183,1.0344940960407256,1.3584300535505307,0.7105581385309205,0.6262693209165545,0.1433815700667245,161843858.95,0.34635113969518955,0.8120347520167225,0.12019487164333541
2022-11-19,0.9311959743499756,0.9377250075340271,0.8896260261535645,0.9156960248947144,38627963,0.016115803909881876,0.0159873228872994,0.9139725923538208,0.9373938024044037,1.0288876473903656,0.9528881436216686,0.9409072436756939,0.011980899945974732,0.04714653753009087,-0.03516563758411614,32.400629001001704,1.0288876473903656,1.3560453493846962,0.701729945396035,0.6359444645372542,0.1379091441631317,156594971.8,0.24667435075332347,0.8642582100650129,0.11995359062069037
2022-11-20,0.8476660251617432,0.94057297706604,0.8437989950180054,0.9311209917068481,47076829,-0.08970179370302878,-0.09398303392546495,0.8967844009399414,0.9178383052349091,1.0194110512733459,0.9367001253970647,0.9340004867226437,0.0026996386744210232,0.038257157758956904,-0.03555751908453588,30.748618107380366,1.0194110512733459,1.3563879729174275,0.6824341296292642,0.6611207936644672,0.13771907346589224,152837626.1,0.308018582866487,0.03995939468755569,0.1216619378867458
2022-11-21,0.8456429839134216,0.8506860136985779,0.8051270246505737,0.8476870059967041,69512555,-0.002386601784512332,-0.002389454257933802,0.8859822034835816,0.9006201028823853,1.0115372508764267,0.9226913343995812,0.9274554864916603,-0.004764152092079144,0.029652895788749693,-0.03441704788082883,29.282248509507127,1.0115372508764267,1.3573600964745207,0.6657144052783327,0.6837570149758945,0.12846178667885916,151692795.45,0.4582455929682718,0.8893074937875051,0.12146039422972829
2022-11-22,0.8591259717941284,0.8721299767494202,0.8090029954910278,0.8453699946403503,54545842,0.015944066393492662,0.015818294878520836,0.8800115942955017,0.8946556985378266,1.0030600517988204,0.9129120478448961,0.9223940409421175,-0.00948199309722142,0.021825918011555468,-0.031307911108776884,43.32700980084717,1.0030600517988204,1.3553659156121538,0.650754187985487,0.7024621570394151,0.10207128524780273,147176593.7,0.3706149233972929,0.794002300821474,0.1213673495781464
2022-11-23,0.9307249784469604,0.9460989832878113,0.8445649743080139,0.8592029809951782,71125568,0.08333935767686151,0.08004826859056205,0.8828711867332458,0.897668594121933,0.9936662524938583,0.9156524987067521,0.9230111474258083,-0.007358648719056116,0.01598900466543315,-0.023347653384489266,60.289842976126565,0.9936662524938583,1.3430069982234059,0.6443255067643108,0.7031349708270519,0.09531035593577794,141644979.75,0.5021397025544776,0.8485826228949939,0.12121216177111181
2022-11-24,0.9467049837112427,0.9619060158729553,0.917747974395752,0.9308779835700989,64723936,0.017169416996787756,0.017023688243596135,0.8859729886054992,0.8999727904796601,0.9735588997602462,0.9204298040920584,0.9247662464147879,-0.00433644232272945,0.011923915267800629,-0.01626035759053008,39.25440814336251,0.9735588997602462,1.280546761535106,0.6665710379853864,0.63065082523607,0.07556864193507604,126307130.7,0.512432953241016,0.6557583123983585,0.1110824354238184
2022-11-25,0.9215080142021179,0.9466829895973206,0.9078689813613892,0.9466829895973206,33333855,-0.02661543980718095,-0.02697604343775874,0.9007413864135743,0.8987628936767578,0.9539543032646179,0.9205956825705292,0.9245248958798956,-0.003929213309366464,0.00875328955236721,-0.012682502861733674,39.271811716505084,0.9539543032646179,1.2163489150244542,0.6915596915047817,0.5501198765221157,0.06918378387178693,115747199.65,0.28798843601224006,0.35139450797966243,0.11108577473985187
2022-11-26,0.9071270227432251,0.9445559978485107,0.897707998752594,0.9214180111885071,35273909,-0.015605932056211747,-0.015728986546184334,0.9130381941795349,0.8995101988315582,0.9348887026309967,0.9185235810586363,0.9232361645333707,-0.004712583474734355,0.006060114946946896,-0.010772698421681251,48.4016662725457,0.9348887026309967,1.145194116602049,0.7245832886599445,0.44990470711476854,0.06472885608673096,108901595.4,0.32390626482961515,0.20105494710237454,0.11107611139453132
2022-11-27,0.8841059803962708,0.9231420159339905,0.8827189803123474,0.9070209860801697,28846463,-0.025377969975292847,-0.025705544657560215,0.9180341958999634,0.8990228950977326,0.913527050614357,0.9132285655721185,0.920337632368678,-0.007109066796559538,0.003426278598245609,-0.010535345394805147,47.76599996931507,0.913527050614357,1.0276113991742821,0.7994427020544319,0.24976676603763867,0.06203964352607727,100565764.15,0.2868417820300528,0.034312112375340674,0.11089562662729997
2022-11-28,0.8715280294418335,0.8899350166320801,0.844012975692749,0.8839499950408936,37178569,-0.014226745699423504,-0.014328916037952681,0.906194806098938,0.894532996416092,0.9088708013296127,0.9068130984751516,0.9167221062185698,-0.009909007743418186,0.0007592213299128492,-0.010668229073331035,42.73037113770838,0.9088708013296127,1.021764625381662,0.7959769772775636,0.2484265615902582,0.0554150002343314,82843487.45,0.4487808293010243,0.5991686605076808,0.09394645246991135
2022-11-29,0.891185998916626,0.9042869806289673,0.8632050156593323,0.8715119957923889,32159186,0.022555751290503245,0.02230513193790354,0.8950910091400146,0.8905319988727569,0.9139629006385803,0.9044089293123014,0.9148305427111475,-0.010421613398846064,-0.001476945615838934,-0.00894466778300713,44.240893535192484,0.9139629006385803,1.0124208352373802,0.8155049660397804,0.21545280345626275,0.055147571223122735,72126091.7,0.4458745128429023,0.6811012196462154,0.08384689936537233
2022-11-30,1.002905011177063,1.0131030082702637,0.8912529945373535,0.8912529945373535,74429967,0.12535992755300085,0.1181029200905694,0.9113704085350036,0.9060558974742889,0.911947101354599,0.919562172676111,0.9213545774237419,-0.0017924047476309823,-0.0015400374421973438,-0.00025236730543363854,61.573650001957596,0.911947101354599,1.0004053672918682,0.8234888354173296,0.1939986777870648,0.0580355737890516,63608025.9,1.1701348367109126,0.9163068928443193,0.0499788003903362
2022-12-01,1.0554070472717285,1.0822240114212036,1.0012849569320679,1.0030629634857178,97445845,0.05234995887900329,0.05102571952764351,0.9410264134407044,0.9270323038101196,0.9138262033462524,0.9404613841523599,0.931284390021162,0.00917699413119788,0.0006033688724817014,0.008573625258716178,67.05596952427865,0.9138262033462524,1.012734041851958,0.8149183648405469,0.21646969225335055,0.06125436510358538,59555288.85,1.6362248740902547,0.6686769939986806,0.05100831484059784
2022-12-02,1.1073429584503174,1.131443977355957,1.0387979745864868,1.0564919710159302,88758155,0.04920936553611743,0.04803689532998454,0.9856738090515137,0.9518540024757385,0.9232548505067826,0.9661354725058918,0.9443257654799225,0.021809707025969294,0.004844636503179222,0.016965070522790074,68.63045936362876,0.9232548505067826,1.05473582206925,0.7917738789443152,0.28482053788354617,0.06484743527003697,60228404.8,1.4736926089066866,0.739858973039564,0.04612363699874041
2022-12-03,1.0410770177841187,1.113576054573059,1.0393710136413574,1.1074880361557007,44125833,-0.059842292002231456,-0.06170764332493794,1.0195836067199706,0.9628892064094543,0.9302789002656937,0.9776649410102345,0.9514925249198176,0.026172416090416872,0.009110192420626754,0.01706222366979012,59.74342446303552,0.9302789002656937,1.071324852512002,0.7892329480193854,0.30323369089855673,0.06671215380941119,58276196.2,0.7571845088955891,0.022990404579486604,0.04831951612890801
2022-12-04,1.0702389478683472,1.0702389478683472,1.015956997871399,1.0409170389175415,49591171,0.028011309044453148,0.02762616798846764,1.0553941965103149,0.9752426028251648,0.9376076966524124,0.9919070959114826,0.9602885562606511,0.0316185396508315,0.013611861866667706,0.018006677784163795,71.84208322063735,0.9376076966524124,1.0918236306981064,0.7833917626067184,0.32895620331680053,0.06367700866290502,55084787.3,0.900269810064239,0.9999998157767331,0.04836752405902137
2022-12-05,1.0280050039291382,1.0904799699783325,1.0058599710464478,1.0700680017471313,54516493,-0.03946216312098216,-0.04026190465089662,1.06041419506073,0.9858923017978668,0.9423275977373123,0.9974606202218912,0.9653045894272532,0.032156030794638024,0.01732069565226177,0.014835335142376255,66.58693946316583,0.9423275977373123,1.101719370034716,0.7829358254399087,0.33829375830683567,0.06646708079746791,54505282.15,1.0002056837348194,0.26169972282224846,0.04953284386226148
2022-12-06,1.0596669912338257,1.0659650564193726,1.0164459943771362,1.0280230045318604,42452326,0.030799448624931003,0.030334664895785343,1.0612661838531494,1.0011462986469268,0.9503282487392426,1.0070308311468041,0.972294396976188,0.034736434170616115,0.02080384335593264,0.013932590814683475,67.65653213810859,0.9503282487392426,1.116615595250472,0.7840409022280131,0.3499577051020745,0.06549508656774249,53488935.85,0.7936655557898895,0.8728151613952891,0.048782267625768365
2022-12-07,1.0229549407958984,1.0681769847869873,0.9927729964256287,1.0597529411315918,51980883,-0.034644893859703485,-0.035259259695647416,1.0443885803222657,1.0150311946868897,0.957027044892311,1.0094806941697416,0.9760470298555535,0.03343366431418815,0.023329807547583743,0.010103856766604406,58.65184079506297,0.957027044892311,1.123702252850472,0.79035183693415,0.3483186997644692,0.06362865652356829,53588007.65,0.9700096211731433,0.40026981361954866,0.04956292085574071
2022-12-08,1.0797220468521118,1.0896040201187134,1.0053449869155884,1.023071050643921,56232225,0.05549326152337297,0.054008204129888784,1.0521175861358643,1.0358505964279174,0.9651917964220047,1.0202870561208754,0.9837266607514472,0.036560395369428234,0.025975925111952645,0.010584470257475588,61.59099502632268,0.9651917964220047,1.1393244780381868,0.7910591148058226,0.3608250344888907,0.06649301307541984,53596878.65,1.049169772874451,0.8827190187434379,0.050453555997846115
2022-12-09,1.0686780214309692,1.1138410568237305,1.0607500076293945,1.0797100067138672,80510076,-0.010228581933045655,-0.010281253354355719,1.0518054008483886,1.0535997986793517,0.9720658987760544,1.027731820014736,0.9900193541406236,0.03771246587411248,0.028323233264384618,0.00938923260972786,63.148587323373484,0.9720658987760544,1.1513269689134242,0.7928048286386846,0.36882493329532623,0.06751123070716858,55690984.3,1.4456572641327872,0.14932860488909805,0.05061330044235886
2022-12-10,1.0470479726791382,1.0845240354537964,1.0412160158157349,1.0685219764709473,38520308,-0.020240005238311376,-0.020447640615630203,1.0556139945983887,1.0580140948295593,0.9820349961519241,1.0307035358092596,0.9942436962580113,0.03645983955124821,0.02995055452175734,0.006509285029490868,62.34108153507172,0.9820349961519241,1.1542028141111746,0.8098671781926735,0.35063479129335556,0.06725837503160749,55263158.25,0.697034140280971,0.1346622534468266,0.04569243105150876
2022-12-11,1.0155999660491943,1.0651739835739136,1.0147080421447754,1.0471839904785156,32619770,-0.03003492433061694,-0.030495212597438384,1.0468005895614625,1.054033386707306,0.9905328452587128,1.0283799096923265,0.9958256421696564,0.0325542675226701,0.030471297121939894,0.002082970400730206,61.427941078504844,0.9905328452587128,1.1507155736344077,0.830350116883018,0.323427393937366,0.06797572544642858,53418519.0,0.6106453456712269,0.017673775667765644,0.04654747703614232
2022-12-12,1.043699026107788,1.043699026107788,0.9902229905128479,1.0154780149459839,48130598,0.02766744879669747,0.027291621309273553,1.0509494066238403,1.047668993473053,0.9997614979743957,1.0307366968331668,0.9993718187601303,0.03136487807303656,0.03065001331215923,0.0007148647608773324,64.5700426344804,0.9997614979743957,1.148958239511654,0.8505647564371375,0.2984646675022871,0.0685152964932578,53097756.8,0.9064525678794778,0.9999998130003838,0.046697224944666285
2022-12-13,1.1348079442977905,1.1439989805221558,1.0018500089645386,1.0437699556350708,103794185,0.08729424471130365,0.08369226581460606,1.0619665861129761,1.05704208612442,1.0099656462669373,1.0467476579815704,1.0094041243619671,0.0373435336196033,0.03198871737364804,0.0053548162459552545,68.39239259346857,1.0099656462669373,1.1669922483001332,0.8529390442337415,0.31095434307810743,0.07573436839239937,54731187.65,1.8964358249222097,0.9353421591653133,0.04702784312950606
2022-12-14,1.1495089530944824,1.1888070106506348,1.1309980154037476,1.1354600191116333,108751311,0.012954622736439214,0.012871429333745936,1.0781327724456786,1.0649690866470336,1.0201058447360993,1.0625570879989414,1.0197822598298174,0.042774828169124035,0.034145939532743246,0.00862888863638079,62.96755798639559,1.0201058447360993,1.1858808227523923,0.8543308667198064,0.32501524988160185,0.07115522452763148,56932556.4,1.910177899547121,0.32020854902587353,0.04700809433677144
2022-12-15,1.065878987312317,1.1629550457000732,1.0456830263137817,1.1494929790496826,71839839,-0.07275277461478946,-0.07553505492189032,1.0818989753723145,1.0687564849853515,1.0273243933916092,1.0630681494317684,1.023196832237812,0.039871317193956424,0.03529101506498588,0.004580302128970544,50.877929387872996,1.0273243933916092,1.1875005335090583,0.8671482532741601,0.31183166903813797,0.07375043630599976,58857855.6,1.2205650081482071,0.17221464576186452,0.04997761785309868
2022-12-16,0.944025993347168,1.085394024848938,0.9284170269966125,1.0658689737319946,109872455,-0.11432160256053947,-0.12140137684514901,1.067584180831909,1.0571923851966858,1.0291693419218064,1.044753971572599,1.0173323256503246,0.027421645922274474,0.0337171412364436,-0.006295495314169126,37.74479950879081,1.0291693419218064,1.1842862887624261,0.8740523950811867,0.3014410564367649,0.07834550738334656,62587782.9,1.755493642833608,0.09943472973595853,0.05687806787832552
2022-12-17,0.9451490044593811,0.956413984298706,0.903315007686615,0.9443759918212891,64329747,0.0011895976595213131,0.0011888906488754676,1.0478741765022277,1.049411791563034,1.0322214931249618,1.0294301304782578,1.0119854129669854,0.017444717511272412,0.030462656491409362,-0.01301793898013695,42.021610689719544,1.0322214931249618,1.1774043142758799,0.8870386719740437,0.2813016820864475,0.07683793136051723,64361947.1,0.9994997028298418,0.7878492498996238,0.05647625945314861
2022-12-18,0.9265519976615906,0.9579489827156067,0.923583984375,0.9452499747276306,34814464,-0.01967626978396686,-0.0198724249116228,1.0062229871749877,1.034094786643982,1.0349726915359496,1.0136027254295397,1.0056570118304815,0.007945713599058157,0.025959267912939118,-0.01801355431388096,37.83569859327745,1.0349726915359496,1.1689899850346719,0.9009553980372274,0.25897744857370897,0.07541529195649284,64243741.85,0.5419121457975911,0.08636730878029457,0.056586213652553556
2022-12-19,0.8830350041389465,0.9442340135574341,0.8739449977874756,0.9266459941864014,47180620,-0.046966596189389476,-0.04810532472436507,0.9529281973838806,1.0155304849147797,1.0345651417970658,0.9935153836925253,0.9965739001459444,-0.0030585164534190357,0.020155711039667488,-0.023214227493086523,37.75368183629442,1.0345651417970658,1.170459947852326,0.8986703357418055,0.2627090369954038,0.07439165030206953,64994813.55,0.7259136140717493,0.129323265643497,0.05755126508844146
2022-12-20,0.9727050065994263,0.9785450100898743,0.8810200095176697,0.8833730220794678,71928975,0.10154750608999641,0.09671601487314468,0.9342934012413024,1.0080961883068085,1.033055141568184,0.990313787216664,0.9948058339566497,-0.004492046739985711,0.015226159483736849,-0.01971820622372256,43.309589310457284,1.033055141568184,1.1710855367164648,0.8950247464199031,0.26722754593476944,0.07782064591135297,64869763.95,1.1088212846811198,0.9401177866458756,0.055036836122515816
2022-12-21,0.9617940187454224,0.9767130017280579,0.9504730105400085,0.9724770188331604,46530818,-0.011217160166727913,-0.011280546966850913,0.9378470063209534,1.0027155935764314,1.0283744901418685,0.9859261305287806,0.9923605143105236,-0.006434383781742992,0.01089405083064088,-0.01732843461238387,45.100063549087615,1.0283744901418685,1.1695270559105522,0.8872219243731849,0.2745158833125295,0.07430893182754517,62324012.6,0.7465953499919548,0.43144084195277516,0.053667970957535886
2022-12-22,0.9498909711837769,0.9643779993057251,0.9019669890403748,0.9618970155715942,52967040,-0.012375880208916223,-0.01245309917762316,0.9387953996658325,0.9933347880840302,1.0205018907785415,0.9803822598603186,0.9892146222260484,-0.008832362365729818,0.006948768191366739,-0.015781130557096557,38.79288557918377,1.0205018907785415,1.1606696922887656,0.8803340892683174,0.27470365861505663,0.07274835876056127,60534456.85,0.8749899273276456,0.7678769220507162,0.05224692026032966
2022-12-23,0.9541469812393188,0.9643530249595642,0.9460110068321228,0.9499250054359436,34340044,0.004480524801955044,0.004470517132643489,0.9443143963813782,0.975268691778183,1.0161553889513015,0.9763460631493955,0.9866170191892203,-0.010270956039824752,0.0035048233451284404,-0.013775779384953193,39.99636404073773,1.0161553889513015,1.1590024594494022,0.8733083184532009,0.2811520207465956,0.07026628511292594,60045167.4,0.5719035433982319,0.4435700540129397,0.050738144491069614
2022-12-24,0.9327179789543152,0.9589830040931702,0.9287859797477722,0.9541699886322021,24509421,-0.022458806354100802,-0.02271484617332146,0.9542509913444519,0.9535895943641662,1.0092793405056,0.9696340501963062,0.9826244976892367,-0.012990447492930435,0.0002057691775166644,-0.013196216670447099,40.010415912598,1.0092793405056,1.1543863975789304,0.8641722834322696,0.28754587803340703,0.06932978544916425,58791079.9,0.4168901309805674,0.1302114360492559,0.05036178474206474
2022-12-25,0.9326019883155823,0.9369400143623352,0.9077360033988953,0.9327260255813599,29568219,-0.00012435767439900047,-0.00012436540745570804,0.9462303876876831,0.9402618944644928,1.004509189724922,0.9639368099069641,0.9789191266235748,-0.014982316716610766,-0.002831848001308823,-0.012150468715301944,42.327987639932026,1.004509189724922,1.1532512516329574,0.8557671278168869,0.2961487329922133,0.0678110761301858,57543666.2,0.5138396795440885,0.8514575766061924,0.0497359290933485
2022-12-26,0.9488469958305359,0.9489650130271912,0.9228159785270691,0.9329490065574646,24709650,0.01741901445470262,0.01726904249343714,0.9436409831047058,0.9407439947128295,0.9989681899547577,0.961615300049052,0.976691561379119,-0.015076261330067009,-0.0052807306670604615,-0.009795530663006547,41.035795574952346,0.9989681899547577,1.1473147244083715,0.8506216555011439,0.29699951599125946,0.06585914748055595,56656532.4,0.43613064466331514,0.9954863667521494,0.04933609445735743
2022-12-27,0.9397550225257874,0.9612929821014404,0.9254310131072998,0.9488710165023804,43907956,-0.009582127934957718,-0.009628331914698333,0.9416137933731079,0.9402045965194702,0.9948081940412521,0.9582521804300882,0.9739555214634581,-0.0157033410333699,-0.00736525274032235,-0.008338088293047548,28.184098503800655,0.9948081940412521,1.1449775871747787,0.8446388009077255,0.3019062248039736,0.058267218726021905,56252886.05,0.7805458365455723,0.3994204954731556,0.048841920422017654
2022-12-28,0.895891010761261,0.9422990083694458,0.8920289874076843,0.9397929906845093,58115911,-0.04667600673911021,-0.047800461163129054,0.9299625992774964,0.9371384978294373,0.9856166422367096,0.9486581543271917,0.9681729651139743,-0.019514810786782633,-0.009795164349614409,-0.009719646437168224,23.37098441925194,0.9856166422367096,1.1364048002034668,0.8348284842699526,0.3059772968617208,0.05772872056279864,56347070.35,1.0313918831806665,0.07682556146651981,0.04772155345509479
2022-12-29,0.9145359992980957,0.9201170206069946,0.8835309743881226,0.8960250020027161,39535782,0.020811670518930292,0.02059806626142318,0.9263262033462525,0.9402885973453522,0.9779095411300659,0.943408592015023,0.9641998565342742,-0.020791264519251174,-0.011994384383541763,-0.00879688013570941,31.59834031584208,0.9779095411300659,1.1265641055309934,0.8292549767291385,0.3040251846385366,0.05196543676512582,54298355.65,0.728121165488738,0.8474546894174376,0.048155062402730306
2022-12-30,0.9124910235404968,0.9151949882507324,0.8995299935340881,0.9145169854164124,44822602,-0.0022360801096603655,-0.0022385838698907356,0.9223040103912353,0.9342671990394592,0.9711816936731339,0.938652043018942,0.9603695726081432,-0.021717529589201146,-0.01393901342467364,-0.007778516164527505,44.589299582602024,0.9711816936731339,1.1188374339720617,0.8235259533742061,0.30407438950063986,0.041871722255434306,54613470.35,0.8207242959062387,0.8273875585008547,0.04805588274277628
2022-12-31,0.9171850085258484,0.9304720163345337,0.9073330163955688,0.9123370051383972,26060037,0.005144143738684326,0.005130957832082894,0.9159716129302978,0.9298062980175018,0.9662609457969665,0.9353494223276968,0.9571707160089397,-0.02182129368124286,-0.015515469475987486,-0.006305824205255373,45.2600823194942,0.9662609457969665,1.114243105246658,0.8182787863472751,0.30629854201058815,0.03973172392163958,54285483.7,0.4800553522561686,0.42577414315766887,0.04776325377981767
2023-01-01,0.9231190085411072,0.9294620156288147,0.9101840257644653,0.9171289801597595,21844459,0.006469796126297611,0.006448956831039768,0.9126444101333618,0.9271291017532348,0.9602319449186325,0.933467820206683,0.9546483673072427,-0.02118054710055972,-0.016648485000901936,-0.004532062099657785,49.39200601280254,0.9602319449186325,1.1047139679375353,0.8157499218997297,0.30093150677495073,0.03865408045904977,52971176.75,0.4123838725179916,0.6709712038416596,0.04725619917118285
2023-01-02,0.9578580260276794,0.9720110297203064,0.911050021648407,0.9230999946594238,47937792,0.03763221986022547,0.036941405831956695,0.9250378131866455,0.927500206232071,0.951384449005127,0.9372201595637594,0.9548861198050856,-0.017665960241326273,-0.016851980048986803,-0.0008139801923394696,63.67664715021278,0.951384449005127,1.070256165252556,0.832512732757698,0.24989207332899843,0.03798779419490269,50178357.1,0.9553479781026948,0.767835017519976,0.04328633870228094
2023-01-03,0.9564459919929504,0.9811199903488159,0.947055995464325,0.9578880071640015,51385425,-0.0014741579611592392,-0.0014752456010398707,0.9334198117256165,0.9298730075359345,0.9417313009500503,0.9401779799374811,0.9550016658930904,-0.014823685955609345,-0.01644632123031131,0.0016226352747019668,45.61243170888709,0.9417313009500503,1.0157561021089847,0.8677064997911159,0.15721002601114709,0.03345486521720886,47310062.8,1.0861415512642272,0.27565744428661315,0.04304641270028394
2023-01-04,1.0298160314559937,1.0520650148391724,0.9541950225830078,0.9564399719238281,79166866,0.07671111602460878,0.07391113194766774,0.9568848133087158,0.9395944118499756,0.9399281531572342,0.9539684494018676,0.9605434707502576,-0.006575021348389942,-0.014472061253927037,0.007897039905537095,63.728281978685686,0.9399281531572342,1.0020141427902722,0.8778421635241962,0.13210794766491493,0.038571293864931376,47676414.15,1.6605037818264694,0.7726678975142528,0.04421847142485559
2023-01-05,1.0235389471054077,1.0396690368652344,1.0111949443817139,1.0297280550003052,60672298,-0.006095345342129854,-0.006113997793597473,0.9781556010246277,0.9470636069774627,0.9439038008451461,0.96467160289472,0.9652098023326319,-0.0005381994379118904,-0.011685288890724007,0.011147089452812117,65.20910038925985,0.9439038008451461,1.0164043127795186,0.8714032889107737,0.15361843414436396,0.03614722830908639,45216406.3,1.341820435650146,0.4335168327373263,0.035319758898533955
2023-01-06,1.0858999490737915,1.0956469774246216,0.986274003982544,1.0235350131988525,122175345,0.06092684811334448,0.059142911084680526,1.0107117891311646,0.9616780996322631,0.9509413480758667,0.9833221176915002,0.9741498132032544,0.009172304488245797,-0.007513770214930046,0.016686074703175843,71.94250917427914,0.9509413480758667,1.0473378475267034,0.85454484862503,0.20273910614126783,0.04264943940298898,48108686.2,2.5395693511996176,0.9108825777254951,0.03747402957258729
2023-01-07,1.0954699516296387,1.1263209581375122,1.0810329914093018,1.085858941078186,113663377,0.008812968970124624,0.008774361424680844,1.0382341742515564,0.9816359937191009,0.9593872457742691,1.00057563060506,0.9831364901245717,0.017439140480488224,-0.002523188075846391,0.019962328556334615,78.21987301638484,0.9593872457742691,1.0745579358762745,0.844216555672264,0.2400921851093763,0.043727363858904154,52051131.85,2.1836869432071726,0.3187813027501392,0.03691947756774924
2023-01-08,1.2608569860458374,1.262511968612671,1.0723119974136353,1.095481038093567,154748335,0.15097359281298983,0.14060818665552102,1.0991163730621338,1.0162680923938752,0.9782783448696136,1.0406189160574872,1.0037083787131216,0.03691053734436567,0.005363557008196023,0.03154698033616964,86.18050687614272,0.9782783448696136,1.1505218899013863,0.806034799837841,0.35213606829808647,0.05522707530430385,57429517.6,2.6945783539021053,0.9912986712385549,0.04642384960960864
2023-01-09,1.2540689706802368,1.3481940031051636,1.2369879484176636,1.2607280015945435,200241183,-0.0053836521038665985,-0.005398196182513845,1.1439669609069825,1.0504258871078491,0.9923465430736542,1.0734573859994487,1.0222536077492164,0.05120377825023237,0.014531601256603296,0.03667217699362907,84.35805714731995,0.9923465430736542,1.204102786998578,0.7805902991487302,0.4267788211747857,0.06130257674625942,63845128.0,3.1363580788811323,0.1535979383010504,0.04239106595606159
2023-01-10,1.2664810419082642,1.287093997001648,1.2218830585479736,1.2538679838180542,117951542,0.009897439070910785,0.009848780222731592,1.1925553798675537,1.0853554904460907,1.0075808942317963,1.1031533330623435,1.0403445287993838,0.06280880426295976,0.024187041857874594,0.038621762405085164,86.50584227683967,1.0075808942317963,1.2514824771014128,0.7636793113621799,0.48413300463695835,0.06339893170765468,67416164.2,1.7496032798614787,0.6839033079234053,0.04200193196337561
2023-01-11,1.280019998550415,1.2910799980163574,1.20927894115448,1.266294002532959,112077174,0.010690216587649237,0.01063348021354662,1.2313793897628784,1.1210455894470215,1.0240873456001283,1.1303635892912776,1.058098267300686,0.07226532199059155,0.03380269788441799,0.03846262410617356,96.0395084729901,1.0240873456001283,1.294764311627741,0.7534103795725156,0.5286208587393345,0.06565114855766296,70371670.9,1.5926461964966643,0.8647938237209375,0.04153505561305274
2023-01-12,1.3927099704742432,1.412979006767273,1.252465009689331,1.3784489631652832,235553975,0.08803766507667543,0.08437576647118993,1.2908273935317993,1.1645307838916779,1.0460154950618743,1.1707245710117338,1.082884319389201,0.08784025162253273,0.04461020863204094,0.04323004299049179,96.76809045032785,1.0460154950618743,1.36036953781619,0.7316614523075586,0.6010504514289645,0.07450314504759652,80432367.45,2.9285968132969584,0.873724127495069,0.04443778949030175
2023-01-13,1.5917489528656006,1.642516016960144,1.3665599822998047,1.3926090002059937,251765925,0.14291488293401167,0.1335819139155609,1.357005786895752,1.2280610799789429,1.0789670437574386,1.2354975528354057,1.12057799594524,0.11491955689016575,0.05867207828366592,0.05624747860649983,97.95581976478537,1.0789670437574386,1.47170648959706,0.6862275979178172,0.7279915510151814,0.09309536218643188,91795192.65,2.742691830932172,0.8160320272852507,0.05102417030474124
2023-01-14,1.7250399589538574,1.7750660181045532,1.5249320268630981,1.59163498878479,376203405,0.08373871133905575,0.08041683276222224,1.4511999845504762,1.2975834727287292,1.1185889422893525,1.3108117691613215,1.165352956170555,0.14545881299076657,0.07602942522508606,0.06942938776568051,98.26996005293415,1.1185889422893525,1.599213509404158,0.637964375174547,0.8593408158159306,0.10930929013660975,109126951.95,3.44739221867362,0.8000029228237329,0.052006673080787685
2023-01-15,1.8238359689712524,1.8780349493026733,1.6203960180282593,1.7259010076522827,241386717,0.057271722608274844,0.05569174349022251,1.5626709699630736,1.3776131749153138,1.1623383909463882,1.38973856913208,1.2141294756397487,0.17560909349233134,0.09594535887853513,0.07966373461379621,98.44276844157913,1.1623383909463882,1.7294233904311567,0.5952533914616198,0.9757657561719901,0.1263350716659001,119960805.3,2.012213209108892,0.7896319940482407,0.052164227875673874
2023-01-16,1.7904139757156372,1.8669159412384033,1.7268810272216797,1.823775053024292,211229972,-0.01832510917879704,-0.01849509385309629,1.664749765396118,1.4480645775794982,1.2048713386058807,1.4513809393757042,1.256817216388117,0.19456372298758717,0.11566903170034556,0.07889469128724161,94.84042547385751,1.2048713386058807,1.826632027989236,0.5831106492225253,1.0320781472032947,0.13198320780481612,128326906.1,1.646030270810059,0.4536935977940054,0.05258738407402143
2023-01-17,1.7347029447555542,1.8900209665298462,1.7328640222549438,1.7909810543060303,178838725,-0.031116284678137096,-0.03161067912032515,1.7331483602523803,1.5119878768920898,1.2468119353055953,1.4949689402033735,1.2922161592316899,0.2027527809716836,0.1330857815546132,0.06966699941707039,89.59977702543068,1.2468119353055953,1.8934807434774321,0.6001431271337585,1.0373157167657967,0.14077556133270264,134363046.8,1.3310112360447008,0.011701184392983772,0.05143359457885728
2023-01-18,1.6655009984970093,1.790241003036499,1.6188290119171143,1.7348270416259766,214200020,-0.03989267814859021,-0.04071020717347488,1.747898769378662,1.552452278137207,1.284360185265541,1.5212046414793174,1.319866888067272,0.20133775341204552,0.14673617592609967,0.05460157748594585,82.48311917163085,1.284360185265541,1.9369749120912745,0.6317454584398077,1.0162487662147601,0.14602856125150407,143096258.7,1.4968946214664383,0.27227957363025584,0.05402646640733214
2023-01-19,1.7504630088806152,1.7523560523986816,1.6313480138778687,1.6647080183029175,131055218,0.051012884687717364,0.04975435127515507,1.7529833793640137,1.6020916819572448,1.326258784532547,1.5564751595410555,1.3517628970175983,0.2047122625234572,0.1583313932455712,0.04638086927788601,84.38065962764647,1.326258784532547,1.9859092069870297,0.6666083620780645,0.9947537089256421,0.1526381288255964,147407889.5,0.8890651541415631,0.9843559701920092,0.053574425794197314
2023-01-20,2.1515729427337646,2.153093099594116,1.720283031463623,1.7497279644012451,249358452,0.22914505009143316,0.2063188464768949,1.8185307741165162,1.690600872039795,1.3879781812429428,1.6480286646476263,1.4110080855912126,0.23702057905641372,0.17406923040773972,0.062951348648674,88.17101923966874,1.3879781812429428,2.114110713174726,0.6618456493111596,1.046316925935431,0.1757407784461975,158572810.25,1.572517076583752,0.9964876814631538,0.06847829453742182
2023-01-21,2.20462703704834,2.46356201171875,2.075592041015625,2.152543067932129,505349615,0.024658282905884343,0.024359174475216787,1.9013733863830566,1.7830615758895874,1.4520535826683045,1.7336591834785053,1.469794674589917,0.26386450888858826,0.19202828610390946,0.0718362227846788,88.52837049181305,1.4520535826683045,2.2298011155176223,0.6743060498189869,1.0712380619179673,0.20021806444440568,182748068.05,2.765280204558638,0.332590155039476,0.06805075351501676
2023-01-22,2.18264102935791,2.477433919906616,2.128588914871216,2.2029800415039062,309663530,-0.009972665362875,-0.010022725490100325,1.9909610033035279,1.8620546817779542,1.513292732834816,1.8027333136137982,1.522598108277999,0.2801352053357993,0.20964966995028742,0.07048553538551186,85.562600277989,1.513292732834816,2.3195521160487544,0.7070333496208775,1.0655696227438978,0.2115498525755746,195834354.95,1.5812523297000807,0.1549459277244056,0.06920034164210118
2023-01-23,2.175455093383789,2.3040730953216553,2.116909980773926,2.1823201179504395,258282434,-0.0032923123305508284,-0.0032977439157182292,2.0929518222808836,1.920425295829773,1.574243187904358,1.8600751258861044,1.5709578849538282,0.2891172409322762,0.22554318414668517,0.06357405678559103,85.53633745535973,1.574243187904358,2.3875326691341505,0.7609537066745652,1.0332450379695763,0.21697535685130528,206179205.4,1.2527084557286785,0.31280260335113913,0.0692645641637131
2023-01-24,1.9937939643859863,2.345879077911377,1.9557570219039917,2.173887014389038,253365955,-0.0835048857364552,-0.08719854258014914,2.141618013381958,1.9473006963729858,1.6224420845508576,1.880647254886086,1.6022790760236723,0.2783681788624137,0.23610818308983086,0.04225999577258285,74.81197469978052,1.6224420845508576,2.4138430021692634,0.8310411669324519,0.975567541244457,0.2401832938194275,214889159.85,1.1790541466905922,0.09750010521392698,0.07436378090330392
2023-01-25,2.3827829360961914,2.5227060317993164,1.9449290037155151,1.9941179752349854,542812633,0.1950998842701377,0.178229767053724,2.1878600120544434,2.0031953930854796,1.6904042840003968,1.9578988981491792,1.660094176771144,0.29780472137803526,0.24844749074747177,0.04935723063056349,79.948496068895,1.6904042840003968,2.498528068205549,0.8822804997952447,0.9561307810847485,0.27561014890670776,238996176.6,2.2712188986541304,0.7578250839334489,0.08162050802014068
2023-01-26,2.219404935836792,2.476457118988037,2.158263921737671,2.3820910453796387,321279558,-0.06856604426044288,-0.0710299924314814,2.1908155918121337,2.0460944890975954,1.7470795333385467,1.9981305962549658,1.701524603369501,0.29660599288546474,0.2580791911750704,0.038526801710394354,71.84957774240586,1.7470795333385467,2.535446100667304,0.9587129660097893,0.9024964831706821,0.28687294891902376,248951387.25,1.290531302311512,0.19215059500315818,0.08542842617559523
2023-01-27,2.2711169719696045,2.37178111076355,2.1191139221191406,2.219536066055298,280630205,0.02329995545103869,0.023032655575966725,2.2085107803344726,2.0997358918190003,1.805861884355545,2.0401285002110643,1.7437166306740628,0.2964118695370015,0.2657457268474566,0.030666142689544873,69.47215693863816,1.805861884355545,2.5644119771508156,1.0473117915602743,0.8400975726512697,0.28520945991788593,257299728.65,1.0906743138533814,0.6015939174771362,0.08521470445469746
2023-01-28,2.1873650550842285,2.363085985183716,2.126840114593506,2.2716619968414307,199917462,-0.036876971956553595,-0.03757412036636539,2.2108927726745606,2.1519222974777223,1.8521872878074646,2.062780277883859,1.7765794769272811,0.28620080095657796,0.2698367416692809,0.01636405928729706,63.63854396685672,1.8521872878074646,2.5832622174503186,1.1211123581646105,0.7894179324686624,0.28421745129993986,259558185.0,0.7702221449884156,0.2561946914778535,0.08269332030657266
2023-01-29,2.3769760131835938,2.4437360763549805,2.137233018875122,2.1877660751342773,229996458,0.08668464262910325,0.08313144887040508,2.287529182434082,2.21457359790802,1.9083326399326324,2.1111180833145875,1.8210532944285174,0.2900647888860701,0.27388235111263876,0.01618243777343137,65.48773321261997,1.9083326399326324,2.6181653554763886,1.198499924388876,0.7439297538492186,0.28770774602890015,261045948.75,0.8810573736207044,0.7821879117872979,0.08312622484795329
2023-01-30,2.127363920211792,2.3831019401550293,2.067017078399658,2.377568006515503,287886010,-0.10501245767200018,-0.11094547999074685,2.2364453792572023,2.212152695655823,1.9513767838478089,2.1136174428372345,1.8437429704128268,0.26987447242440776,0.2730807753749926,-0.0032063029505848273,58.41564407579109,1.9513767838478089,2.5990108684184006,1.3037426992772172,0.6637714355641342,0.30028274229594637,269542672.15,1.0680535579160244,0.19091974088161448,0.08877169226332207
2023-01-31,2.169502019882202,2.2512190341949463,2.0798110961914062,2.1272799968719482,178396562,0.019807659267914612,0.0196140401695636,2.226464796066284,2.208640193939209,1.995850884914398,2.1222150700749216,1.8678732703738787,0.25434179970104287,0.26933298024020264,-0.014991180539159765,60.93364825056364,1.995850884914398,2.56701623708672,1.424685532742076,0.572352730847244,0.3013006704194205,272858641.55,0.6538057984405442,0.523260004774945,0.08869176823078473
2023-02-01,2.722158908843994,2.7777209281921387,2.1242148876190186,2.1691360473632812,539163261,0.2547390525092941,0.22692762467666472,2.316673183441162,2.2625919818878173,2.0623233318328857,2.2145141221932403,1.9311536880391997,0.28336043415404055,0.27213847102297023,0.011221963131070323,71.37419002404096,2.0623233318328857,2.647214593287133,1.4774320703786386,0.5672158700104764,0.3357359596661159,288039105.85,1.8718404898839536,0.9149785540632454,0.1013391783224068
2023-02-02,2.788865089416504,3.1066319942474365,2.6735410690307617,2.7212610244750977,562996376,0.024504881164647996,0.024209453121434313,2.4369731903076173,2.323932981491089,2.1221791386604307,2.302875809458358,1.994687865919807,0.30818794353855083,0.2793483655260864,0.02883957801246445,71.16119765106097,2.1221791386604307,2.747896885496063,1.4964613918247984,0.5896936176939332,0.358027594430106,303600628.4,1.8543979271948043,0.26628130724566135,0.09833797062340623
2023-02-03,3.0977680683135986,3.2093310356140137,2.778712034225464,2.7875609397888184,578112971,0.11076296952095466,0.10504713912938998,2.581131601333618,2.43433039188385,2.190815544128418,2.425166926205318,2.0763975105425305,0.34876941566278763,0.29323257555342663,0.055536840109360996,70.03508612507825,2.190815544128418,2.924883937233659,1.456747151023177,0.6701325404346432,0.3578710896628244,313696106.7,1.8429077016020232,0.7409241711352331,0.09925796984544724
2023-02-04,2.9925079345703125,3.137842893600464,2.964061975479126,3.096776008605957,311334798,-0.033979346233170005,-0.03457006428717906,2.7541604042053223,2.4953028917312623,2.249249142408371,2.5124501582614713,2.1442575419527348,0.36819261630873656,0.30822458370448863,0.059968032604247934,66.32202488390985,2.249249142408371,3.0438778076870956,1.4546204771296467,0.7065723847984934,0.3425718716212681,317193510.75,0.9815295314959402,0.1636886130066292,0.10022551655787511
2023-02-05,2.935817003250122,3.066904067993164,2.8053579330444336,2.9920310974121094,336672453,-0.018944287721105235,-0.019126029715481514,2.907423400878906,2.5669440984725953,2.306519293785095,2.577583519028956,2.202891576123503,0.37469194290545316,0.32151805554468155,0.05317388736077161,65.38188603830406,2.306519293785095,3.126604425702917,1.4864341618672734,0.7111019050458733,0.33633623804364887,323465634.8,1.040829123032392,0.49879943836014745,0.10024114792349494
2023-02-06,2.9059369564056396,3.102013111114502,2.770458936691284,2.937351942062378,402798846,-0.010177762037417049,-0.010229909589452269,2.9441790103912355,2.6304260969161986,2.3650809943675997,2.628099432471523,2.2549690117004437,0.37313042077107905,0.3318405285899611,0.04128989218111795,64.78139491082378,2.3650809943675997,3.180498401693365,1.5496635870418345,0.6895471311702795,0.3466498851776123,334663640.85,1.2035930911913402,0.4086150200457803,0.09968332951749527
2023-02-07,3.029360055923462,3.0730020999908447,2.898267984390259,2.903709888458252,454126509,0.04247273818028208,0.04159552392230316,2.992278003692627,2.714625597000122,2.433273947238922,2.6898318360795135,2.312331311273015,0.37750052480649865,0.34097252783326865,0.036527996973230004,71.46062081797501,2.433273947238922,3.2302617340277235,1.6362861604501207,0.6550744421466865,0.33126503229141235,346659965.3,1.3100056379657175,0.7502373739681423,0.09831520848414421
2023-02-08,2.759744882583618,3.167465925216675,2.689661979675293,3.028243064880371,469832563,-0.08900070257830572,-0.09321315293905759,2.9246733665466307,2.7529024839401246,2.4837380409240724,2.7005876893878376,2.345473057296288,0.3551146320915497,0.3438009486849249,0.011313683406624808,58.21862843993826,2.4837380409240724,3.2245157655854406,1.742960316262704,0.596502298113341,0.3241240978240967,363598832.55,1.292172914046393,0.14667710908528767,0.10200034633174164
2023-02-09,2.3986449241638184,2.8254899978637695,2.3337650299072266,2.760420083999634,588776020,-0.13084541281284856,-0.1402342786431485,2.805900764465332,2.7800305843353272,2.496091639995575,2.65413495627645,2.3494117141013193,0.3047232421751307,0.33598540738296606,-0.03126216520783537,53.59766430120215,2.496091639995575,3.221629587103942,1.770553692887208,0.5813391908236616,0.3365192243031093,380569710.95,1.5470911190758283,0.13194345856948855,0.0961568740102456
2023-02-10,2.415018081665039,2.4511420726776123,2.3049159049987793,2.3989830017089844,382216684,0.006826003022072369,0.006802811341283365,2.7017409801483154,2.804582190513611,2.50661119222641,2.617347744797771,2.3542714450319986,0.2630762997657725,0.3214035858595274,-0.05832728609375487,52.929914952782234,2.50661119222641,3.2203608642225,1.7928615202303193,0.569493724602839,0.3289162942341396,374413064.4,1.0208422737932645,0.7529580435870042,0.09609248095334227
2023-02-11,2.491779088973999,2.5142951011657715,2.3517189025878906,2.415195941925049,240439391,0.03178485821358201,0.031290174603056,2.618909406661987,2.7815442085266113,2.5220680952072145,2.5980294900556524,2.364457196435174,0.23357229362047827,0.3038373274117176,-0.07026503379123933,56.215751552398324,2.5220680952072145,3.219479599597661,1.8246565908167682,0.5530473231200735,0.3236541748046875,370951857.45,0.6481687210109426,0.8615048143345874,0.09611902889421688
2023-02-12,2.336095094680786,2.5382940769195557,2.3125851154327393,2.4915859699249268,217988924,-0.06247905160698508,-0.06451617643466666,2.4802564144134522,2.7362672090530396,2.530100095272064,2.557731890767212,2.362356300008911,0.1953755907583008,0.2821449800810342,-0.08676938932273343,49.153535383254706,2.530100095272064,3.2142781967474363,1.8459219937966918,0.5408308570509752,0.31788316794804167,368937181.95,0.590856478189132,0.10416058827072404,0.09747692619956963
2023-02-13,2.220633029937744,2.3474349975585938,2.0878679752349854,2.3352749347686768,354158261,-0.04942524172322671,-0.05068846861914388,2.3724340438842773,2.648553705215454,2.5414420485496523,2.5058705275626787,2.351858280003582,0.1540122475590966,0.2565184335766467,-0.10250618601755013,52.0447889372036,2.5414420485496523,3.1950226728961075,1.887861424203197,0.5143384046230289,0.31384617941720144,373976797.25,0.9470059736439972,0.511486584079127,0.09608420553459962
2023-02-14,2.4237539768218994,2.438472032546997,2.1621909141540527,2.2186100482940674,392962944,0.09146983952132315,0.08752526448804131,2.3774558544158935,2.5916783094406126,2.5434906005859377,2.4932372120640975,2.3571838871753363,0.1360533248887612,0.23242541183906962,-0.09637208695030841,55.206588909679034,2.5434906005859377,3.1952316036213793,1.891749597550496,0.5124776186594137,0.32133712087358746,366484312.8,1.0722503809172592,0.9467279368275755,0.08800511156489282
2023-02-15,2.8201990127563477,2.8519110679626465,2.3663179874420166,2.424206018447876,430368137,0.16356653345414163,0.15148988601366303,2.4584920406341553,2.5801165103912354,2.573530304431915,2.543539027555213,2.3914813038852007,0.15205772367001247,0.21635187420525817,-0.0642941505352457,52.14489900963574,2.573530304431915,3.217715377962104,1.9293452309017263,0.500623654923222,0.3093433380126953,371938741.75,1.1570941359189562,0.934694158905147,0.0930452407948744
2023-02-16,2.616086959838867,2.981231927871704,2.6082630157470703,2.819498062133789,538490453,-0.07237505296407776,-0.07512777978827309,2.483353614807129,2.551131510734558,2.5907788038253785,2.554700247906545,2.4081187598818405,0.1465814880247045,0.20239779696914745,-0.05581630894444295,46.434374510435255,2.5907788038253785,3.219149373875223,1.962408233775534,0.48508237686832445,0.30504890850612093,384831754.15,1.3992879932410849,0.020977469241210328,0.09508506708706944
2023-02-17,2.7958550453186035,2.862571954727173,2.613926887512207,2.618572950363159,483803619,0.06871640287171821,0.06645830486521093,2.5753056049346923,2.5277810096740723,2.621203303337097,2.5918009859699382,2.4368399662106044,0.15496101975933385,0.19291044152718476,-0.037949421767850905,43.418633854919776,2.621203303337097,3.2258060144646907,2.0166005922095036,0.4613169152944862,0.29205077035086496,399026062.0,1.2124612025968369,0.7316781005445393,0.09520800556589815
2023-02-18,2.7788689136505127,2.8437700271606445,2.7227139472961426,2.795300006866455,211116495,-0.0060754693618799704,-0.0060940001193530565,2.6869527816772463,2.5296934127807615,2.6412979483604433,2.620580667151565,2.4621754437988397,0.15840522335272533,0.1860093978922929,-0.027604174539567566,45.15650403142242,2.6412979483604433,3.2383911989787095,2.044204697742177,0.4521210876560937,0.2882847104753767,398082063.85,0.53033410487831,0.4638756002876382,0.09385652121977013
2023-02-19,2.5757699012756348,2.835002899169922,2.5739901065826416,2.77891206741333,294978225,-0.07308693525527732,-0.07589549910342577,2.717355966567993,2.5474059104919435,2.663718247413635,2.6136867031706528,2.470589848056409,0.14309685511424375,0.17742688933668307,-0.034330034222439326,42.34538343310906,2.663718247413635,3.211168606741488,2.1162678880857824,0.41104224131768097,0.28824661459241596,398436674.6,0.7403390395629007,0.00681880227847451,0.0920184453215727
2023-02-20,2.595223903656006,2.688606023788452,2.508090019226074,2.577291965484619,273438208,0.007552694194747911,0.007524315401273608,2.6723609447479246,2.56542649269104,2.6850043416023253,2.6108462724760915,2.479822000323075,0.1310242721530166,0.1681463658999498,-0.037122093746933205,43.364812532565615,2.6850043416023253,3.1823581487634947,2.187650534441156,0.3704677861819504,0.27745817388807026,403188756.9,0.6781890698103442,0.4826933756607075,0.09201442554820383
2023-02-21,2.5168681144714355,2.6428580284118652,2.44704008102417,2.5963211059570312,253617666,-0.030192304052913177,-0.03065747874009633,2.6525171756744386,2.5679353952407835,2.6747398018836974,2.596388094321529,2.4825661569266653,0.11382193739486368,0.1572814801989326,-0.04345954280406891,38.84109622009289,2.6747398018836974,3.177311285902755,2.17216831786464,0.3757909338808352,0.27896416187286377,388911477.15,0.6521218346615719,0.35659667978772125,0.07259156325147878
2023-02-22,2.699091911315918,2.7874391078948975,2.351280927658081,2.516983985900879,475658829,0.07240101131908183,0.06990007042200677,2.6331645488739013,2.604235076904297,2.6702511429786684,2.612188681551435,2.498605101696283,0.1135835798551521,0.1485419001301765,-0.03495832027502441,48.6271054670665,2.6702511429786684,3.1701272205508153,2.1703750654065215,0.37440379260696394,0.2759894643511091,384544599.8,1.23694060259171,0.7974422845733781,0.07426354889227925
2023-02-23,2.883004903793335,3.0514400005340576,2.698262929916382,2.7008960247039795,816221906,0.06813884021746852,0.0659177322923311,2.6539917469024656,2.670472264289856,2.659512984752655,2.653852715742497,2.527079161110951,0.12677355463154605,0.14418823103045042,-0.017414676398904372,61.9197257484354,2.659512984752655,3.129025323442281,2.190000646063029,0.3530814411370829,0.26609318596976145,396450046.55,2.058826611581842,0.5230859645644491,0.07150668308666598
2023-02-24,3.0592169761657715,3.2621829509735107,2.844913959503174,2.882544994354248,1131748605,0.061120975597573235,0.05932587348788482,2.750681161880493,2.734018564224243,2.662848436832428,2.7162164481153086,2.566496777041029,0.14971967107427941,0.14529451903921622,0.00442515203506319,64.69702000299384,2.662848436832428,3.143145244452914,2.182551629211942,0.36073912504897926,0.28545338766915457,437470736.9,2.587026992981939,0.5135847999910249,0.07236778155641728
2023-02-25,2.7560501098632812,3.1006600856781006,2.6461880207061768,3.060302972793579,611918002,-0.09909949789911943,-0.1043604579923633,2.7828464031219484,2.7276036739349365,2.653860092163086,2.722344703768843,2.5805377646575227,0.14180693911132014,0.144597003053637,-0.0027900639423168727,55.464654881624526,2.653860092163086,3.119141618260377,2.188578566065795,0.3506451055737858,0.3063030924115862,451233014.35,1.356102019444358,0.24173562075049718,0.07581768029247114
2023-02-26,3.0127720832824707,3.030709981918335,2.7293670177459717,2.7562808990478516,435361945,0.09314851442665706,0.08906207775585144,2.882027196884155,2.767272186279297,2.6592018485069273,2.7670258390786318,2.6125551215927683,0.1544707174858635,0.14657174594008232,0.007898971545781175,63.43124300384369,2.6592018485069273,3.1388984966572147,2.17950520035664,0.3607824268169974,0.3117055211748396,452861169.3,0.9613585233482282,0.9404734466262882,0.07858863815247157
2023-02-27,2.8984620571136475,3.09061598777771,2.8243589401245117,3.012105941772461,415061523,-0.037941810070239446,-0.038680341653311065,2.921901226043701,2.7775328874588014,2.652656948566437,2.7872467956994034,2.6337334131128727,0.1535133825865307,0.147960073269372,0.0055533093171586945,63.4602654289816,2.652656948566437,3.11432185034136,2.190992046791514,0.348077350917478,0.3121833801269531,450907920.0,0.9205017356980556,0.2783141887102786,0.07861314397814477
2023-02-28,2.7000069618225098,2.9278650283813477,2.6576271057128906,2.898240089416504,314478984,-0.0684691023655365,-0.07092591972735249,2.885301637649536,2.769646692276001,2.649670052528381,2.7738252827952654,2.6386425648691505,0.13518271792611491,0.14540460220072057,-0.010221884274605658,55.49599045499568,2.649670052528381,3.1091857138973524,2.19015439115941,0.34684745818105917,0.31175172328948975,443140241.05,0.7096601817403375,0.15682423148793517,0.07750624892330922
2023-03-01,2.769171953201294,2.829072952270508,2.6868820190429688,2.7001099586486816,242747476,0.025616597422436937,0.02529399018752442,2.827292633056641,2.788986897468567,2.668196403980255,2.7731093859346547,2.6483114084493247,0.12479797748533006,0.14128327725764248,-0.016485299772312417,48.8328363968449,2.668196403980255,3.1147945701649085,2.2215982377956016,0.334756591020395,0.2872229984828404,425838813.85,0.5700454446726568,0.5787283795328785,0.07104681205895583
2023-03-02,2.7237210273742676,2.791105031967163,2.6028060913085938,2.7694430351257324,251536385,-0.016413182928016745,-0.016549371462752222,2.8208268165588377,2.801836609840393,2.6836315512657167,2.7655111769253646,2.653897306147477,0.11161387077788776,0.13534939596169154,-0.023735525183803785,52.654640060326685,2.6836315512657167,3.114446195781949,2.2528169067494845,0.3210684002526661,0.2740322862352644,419304798.9,0.5998891156501859,0.6421434407508797,0.07128351989866967
2023-03-03,2.541599988937378,2.729351043701172,2.4786651134490967,2.7238059043884277,317367173,-0.06686479144028146,-0.06920517056396454,2.7265923976898194,2.8043097972869875,2.6861225962638855,2.7310633018502894,2.6455789863541246,0.08548431549616486,0.1253763798685862,-0.03989206437242135,43.736433097749824,2.6861225962638855,3.1128229019073816,2.2594222906203894,0.31770724555684204,0.2741780621664865,423151188.0,0.750008937703845,0.2510506788892812,0.07297310438921066
2023-03-04,2.3624460697174072,2.566037893295288,2.263542890548706,2.5417330265045166,197760112,-0.07048863707891084,-0.0730962471281852,2.619389200210571,2.7706452131271364,2.6874401450157164,2.6743529584452306,2.6246061777143415,0.04974678073088912,0.11025046004104679,-0.06050367931015767,40.50044783655891,2.6874401450157164,3.1097296415638396,2.265150648467593,0.31426895019881723,0.2871379852294922,422139747.4,0.46847072140925816,0.3269580488970184,0.07337493022528406
2023-03-05,2.430166006088257,2.5112950801849365,2.341373920440674,2.3632659912109375,212217067,0.028665177689728205,0.028262017789370004,2.5654210090637206,2.7253613233566285,2.697916793823242,2.636785735005696,2.6102032020383183,0.02658253296737767,0.09351687462631296,-0.06693434165893529,46.45977833724529,2.697916793823242,3.0799186913713927,2.3159148962750913,0.2831828605112854,0.2806314400264195,415042687.7,0.5113138317796221,0.522548695852425,0.07250733903993176
2023-03-06,2.5153799057006836,2.560389995574951,2.3852710723876953,2.429861068725586,200543896,0.03506505292187523,0.034464277806775044,2.5146625995635987,2.6709776163101195,2.7024980902671816,2.618107915112617,2.603179254161449,0.01492866095116785,0.07779923189128395,-0.0628705709401161,48.118824205866204,2.7024980902671816,3.0726703363696384,2.3323258441647248,0.2739482018030657,0.2802459342139108,405421735.3,0.4946550185613593,0.7429741087667662,0.0701047887417911
2023-03-07,2.4005789756774902,2.572377920150757,2.3206379413604736,2.5153191089630127,270412412,-0.04563959891824554,-0.04671389996264456,2.450034189224243,2.6354305028915403,2.6815170884132384,2.5846419244302896,2.5881718261255853,-0.0035299016952956563,0.06153340517396803,-0.06506330686926368,47.30641143793246,2.6815170884132384,3.070680342425977,2.2923538344004997,0.2902560313296548,0.28424036502838135,397423949.05,0.6804129762345533,0.31755397583501527,0.059936653383317585
2023-03-08,2.2325620651245117,2.4107069969177246,2.1881160736083984,2.4004929065704346,269934232,-0.0699901616465507,-0.07256011401611466,2.38822660446167,2.5574095010757447,2.6623408436775207,2.5304757922294008,2.5618303623477034,-0.03135457011830267,0.04295581011551389,-0.07431038023381656,39.122245105708515,2.6623408436775207,3.099870542102453,2.2248111452525885,0.32868045386748274,0.26898556096213205,383996138.0,0.7029607990484529,0.1996756599890274,0.05980051855599859
2023-03-09,2.19862699508667,2.3780150413513184,2.1164729595184326,2.2330610752105713,354042634,-0.015200056727627476,-0.015316761715091012,2.3554627895355225,2.487425994873047,2.6324794411659242,2.4794221311305193,2.5349264092172334,-0.0555042780867141,0.02326379247506829,-0.0787680705617824,32.84288686255597,2.6324794411659242,3.1112219936497576,2.153736888682091,0.36371987943943707,0.26244020462036133,377508088.75,0.9378411868532446,0.3141140112190058,0.0571534166733271
2023-03-10,2.139111042022705,2.2564380168914795,1.967018961906433,2.1988649368286133,425973854,-0.027069599889825158,-0.027442730587732035,2.297251796722412,2.4313364028930664,2.6004915475845336,2.4270665789600865,2.5056067523879855,-0.07854017342789898,0.0029029992944748294,-0.08144317272237381,25.499743265610647,2.6004915475845336,3.121662606038439,2.079320489130628,0.4008250355114557,0.2533080662999834,388250956.7,1.097161118727515,0.5946121072748389,0.05726273852727252
2023-03-11,1.8998980522155762,2.1957290172576904,1.793761968612671,2.140054941177368,372484826,-0.11182822448568797,-0.11859011380274882,2.174155426025391,2.3444090127944945,2.5666979551315308,2.3459637286917,2.4607394412640704,-0.11477571257237029,-0.020632743078894202,-0.09414296949347609,26.39885735347353,2.5666979551315308,3.1749865796558128,1.9584093306072488,0.47398535796403063,0.24955770799091884,392126286.75,0.9499103696597561,0.26404174501432204,0.06004560368289474
2023-03-12,2.3485500812530518,2.366939067840576,1.8609369993209839,1.8987929821014404,428978509,0.23614531764705893,0.21199792303644102,2.163749647140503,2.306891918182373,2.554364264011383,2.346361629085754,2.452429118300285,-0.10606748921453102,-0.03771969230602157,-0.06834779690850945,33.44183705066736,2.554364264011383,3.1701741898048503,1.9385543382179158,0.48216296670733805,0.2641762154442923,399903301.8,1.0727055942502348,0.9636582587934717,0.08198633876266469
2023-03-13,2.622591972351074,2.706084966659546,2.269973039627075,2.349186897277832,694205770,0.1166855641212512,0.11036498011932923,2.2417556285858153,2.3149911165237427,2.559650456905365,2.3888586049727265,2.4650337741559074,-0.0761751691831809,-0.04541078768145344,-0.03076438150172746,43.63020679478814,2.559650456905365,3.1759200560771723,1.9433808577335578,0.4815263720944784,0.2763087068285261,421932707.0,1.6452997325945629,0.8085514354947473,0.08581191608302341
2023-03-14,2.7186410427093506,2.9450409412384033,2.548487901687622,2.6230859756469727,555541643,0.03662371858485147,0.03596900764699945,2.3457584381103516,2.350610613822937,2.5606279134750367,2.439594364624515,2.48381949775247,-0.04422513312795484,-0.04517365677075373,0.0009485236427988902,50.45161496104787,2.5606279134750367,3.1778899525749225,1.9433658743751507,0.48211771483987104,0.2853312151772635,425926847.7,1.3043123390786902,0.4290803997459595,0.08470746416946275
2023-03-15,2.4080750942230225,2.8162779808044434,2.3038580417633057,2.718641996383667,526939743,-0.11423573160538458,-0.12130442653805938,2.399551248550415,2.3484015226364137,2.536881422996521,2.4347452461012082,2.4782088011947305,-0.04346355509352229,-0.044831636435307444,0.0013680813417851559,42.16522860637441,2.536881422996521,3.138261684677831,1.935501161315211,0.47410987067024185,0.31177614416394916,411462739.55,1.2806499649914656,0.2033821139374691,0.08717569952715355
2023-03-16,2.489872932434082,2.5452940464019775,2.3571760654449463,2.4098949432373047,323239958,0.03396814260788328,0.03340396575462457,2.517546224594116,2.3458508253097534,2.5084142208099367,2.443226428613958,2.479072810916164,-0.03584638230220616,-0.04303458560868719,0.007188203306481032,45.004948046529975,2.5084142208099367,3.057297158571643,1.9595312830482305,0.43763341254258925,0.31176321847098215,371037307.2,0.8711791286954446,0.7053916869622828,0.08629036204954742
2023-03-17,2.7219040393829346,2.733515977859497,2.449039936065674,2.4900319576263428,335451926,0.09318993910344675,0.08909997186755932,2.5922170162200926,2.377983331680298,2.506706917285919,2.4860999071938004,2.497060309321118,-0.010960402127317526,-0.03661974891241326,0.02565934678509573,53.77093498444356,2.506706917285919,3.0525506096546087,1.9608632249172293,0.4355065912210349,0.3141767978668213,357214003.4,0.9390783194587383,0.9591812793964872,0.0861852230947786
2023-03-18,2.615549087524414,2.9153800010681152,2.6043078899383545,2.723360061645508,377864285,-0.03907373306320949,-0.03985759830731989,2.5908084392547606,2.416282033920288,2.4868457674980164,2.506015165706202,2.505837255854699,0.00017790985150334393,-0.029260217159629936,0.02943812701113328,55.45972835049695,2.4868457674980164,2.981681350769004,1.9920101842270288,0.3979624227109471,0.3147894484656198,354339120.4,1.0663916661909736,0.03613694967338591,0.08392751363965532
2023-03-19,2.7064208984375,2.841909885406494,2.615746021270752,2.615746021270752,219792387,0.03474291931530704,0.03415300872916981,2.5883644104003904,2.467061424255371,2.477243709564209,2.5368468168956326,2.520695303453431,0.01615151344220145,-0.02017787103926366,0.03632938448146511,55.90020856249935,2.477243709564209,2.9451701515245206,2.009317267603897,0.3777799012295228,0.31882085118974957,344575663.6,0.6378639300979351,0.4009255568036721,0.08394784913572377
2023-03-20,2.4752860069274902,2.7411179542541504,2.4752860069274902,2.7062759399414062,215924396,-0.08540241898200351,-0.0892711126140782,2.6018065929412844,2.5006789207458495,2.466007661819458,2.5273759230543797,2.5173316518589157,0.010044271195464027,-0.014133442592318121,0.02417771378778215,49.1939244317696,2.466007661819458,2.922052991358032,2.0099623322808844,0.3698652981492333,0.32530035291399273,339647934.2,0.6357300435481348,0.0,0.08475384333998821
2023-03-21,2.645379066467285,2.71829891204834,2.4220240116119385,2.475740909576416,251637027,0.06871652773205272,0.06645842169726,2.632907819747925,2.5752270221710205,2.4598180174827577,2.5455302528102117,2.5268166455336134,0.01871360727659832,-0.007564032618534831,0.026277639895133154,54.814589947283466,2.4598180174827577,2.901678118376154,2.0179579165893613,0.35926243140992337,0.32848141874585834,340092411.75,0.739907796546125,0.7538777229781402,0.08600692047012204
2023-03-22,2.5375471115112305,2.667431116104126,2.445158004760742,2.6453869342803955,244338915,-0.04076238310151015,-0.04161645908774507,2.596036434173584,2.5941267251968383,2.450509321689606,2.5443020772257534,2.527611494865289,0.01669058236046439,-0.0027131096227349855,0.019403691983199377,56.14371804829562,2.450509321689606,2.8765203503826573,2.0244982929965545,0.3476918246524525,0.32845871789114817,339732538.25,0.7192096354933115,0.4156557760655137,0.08643882449051363
2023-03-23,2.4888200759887695,2.611525058746338,2.4322760105133057,2.536879062652588,198090571,-0.01920241610546558,-0.01938917720602361,2.570690631866455,2.580749535560608,2.4478703260421755,2.535766384727756,2.5247380564299906,0.011028328297765455,3.517796136510329e-05,0.010993150336400352,55.81111265162791,2.4478703260421755,2.8721558684167254,2.0235847836676255,0.3466568779078698,0.3225806440625872,333768708.15,0.5934965326676925,0.3154497213701057,0.08514974608203814
2023-03-24,2.266247034072876,2.489290952682495,2.1981430053710938,2.4882259368896484,197491232,-0.08942914116741396,-0.09368355875410422,2.4826558589935304,2.5355101346969606,2.443060374259949,2.4943018692423897,2.505590573292421,-0.011288704050031129,-0.002229598440914144,-0.009059105609116984,52.389830330727484,2.443060374259949,2.873559119503549,2.0125616290163486,0.35242579330361967,0.32270413637161255,333755264.15,0.5917246953481498,0.23391552985872613,0.08610127230574323
2023-03-25,2.1785309314727783,2.304157018661499,2.145477056503296,2.26642107963562,108150529,-0.038705446176560576,-0.03947440935506448,2.4233048439025877,2.512555718421936,2.4304786205291746,2.4457217249701415,2.4813639331576263,-0.03564220818748476,-0.008912120390228269,-0.02673008779725649,55.55390597028104,2.4304786205291746,2.8769754188201406,1.9839818222382086,0.3674147096128356,0.3053264873368399,328551937.25,0.32917331093898455,0.20830527331154228,0.08629191153277341
2023-03-26,2.2661590576171875,2.3112239837646484,2.164011001586914,2.1787900924682617,96377274,0.04022349413472348,0.039435588272434166,2.3474608421325684,2.4901843309402465,2.418017578125,2.418096699223533,2.4654228312657382,-0.04732613204220515,-0.01659492272062365,-0.0307312093215815,48.08162480421996,2.418017578125,2.868431246627338,1.9676039096226625,0.37254788598484984,0.27969869545527865,323343606.15,0.29806457331118624,0.6938793547987071,0.08641636779379344
2023-03-27,2.0697569847106934,2.274074077606201,2.025423049926758,2.265947103500366,163782213,-0.08666738208261793,-0.09065515157057404,2.253902816772461,2.4249696254730226,2.4014764785766602,2.3645059739138654,2.436114250039432,-0.07160827612556675,-0.027597593401612275,-0.044010682723954475,36.64505923900109,2.4014764785766602,2.8781212038804918,1.924831753272829,0.3969597283637237,0.2663086312157767,318012096.2,0.5150188151868168,0.17829780723091168,0.08798426409252502
2023-03-28,2.1932408809661865,2.2470390796661377,2.0257749557495117,2.0697379112243652,144846477,0.05966106029242524,0.05794910255051605,2.1947869777679445,2.3827388048172,2.399510419368744,2.338157498075761,2.4181236301080773,-0.0799661320323164,-0.0380713011277531,-0.04189483090456329,37.47384140502009,2.399510419368744,2.879402095637892,1.9196187430995961,0.3999913252265822,0.2537879943847656,311757708.45,0.4646123353938837,0.7568597867731118,0.08763127299817322
2023-03-29,2.233513116836548,2.295146942138672,2.182708978652954,2.192931890487671,136436855,0.018361975750069037,0.01819543031937767,2.1882401943206786,2.3354480266571045,2.401254725456238,2.3220583625004974,2.404448777273146,-0.08239041477264886,-0.04693512385673226,-0.0354552909159166,45.22250135397023,2.401254725456238,2.8783172727724256,1.9241921781400504,0.39734439021295065,0.2252178532736642,300877419.5,0.45346325831540174,0.45184146075033144,0.08759342730569097
2023-03-30,2.295830011367798,2.300600051879883,2.157721996307373,2.233675003051758,220450472,0.027900841083715155,0.0275187042908214,2.2117000102996824,2.317502427101135,2.4090906739234925,2.3180232315570053,2.3964029427616373,-0.07837971120463205,-0.05322404132631222,-0.025155669878319832,44.63209778311162,2.4090906739234925,2.8729902137639733,1.9451911340830115,0.38512418387720126,0.22198643003191268,290601250.4,0.7586012506710124,0.9666145360173274,0.08741965932521455
2023-03-31,2.286608934402466,2.3360400199890137,2.2252819538116455,2.297441005706787,182815678,-0.004016445869107876,-0.004024533450636993,2.2157899856567385,2.2816254138946532,2.428426218032837,2.313190262763999,2.3882700532535495,-0.07507979048955038,-0.057595191158959856,-0.017484599330590524,36.265062271229816,2.428426218032837,2.8311696010682197,2.0256828349974545,0.33169085397342446,0.20957800320216588,281117793.0,0.6503169936312071,0.5537021110100467,0.08291147685826442
2023-04-01,2.250732898712158,2.3130791187286377,2.243911027908325,2.2868459224700928,68944760,-0.015689624557372217,-0.015814009467214497,2.2519851684570313,2.252943992614746,2.4235353589057924,2.303581437525254,2.3780821158801118,-0.07450067835485763,-0.060976288598139416,-0.013524389756718214,37.95308872995173,2.4235353589057924,2.832687733865886,2.014382983945699,0.33764918960771634,0.19229914460863387,263116105.55,0.2620316983480831,0.09862741238992699,0.06414876124401823
2023-04-02,2.201011896133423,2.3174428939819336,2.1676089763641357,2.277211904525757,98688775,-0.02209102759691528,-0.02233868853155943,2.2535393714904783,2.2241631746292114,2.40245635509491,2.287801508080357,2.3649658033062813,-0.07716429522592438,-0.06421388992369641,-0.012950405302227977,32.84419941798572,2.40245635509491,2.811867634935473,1.9930450752543467,0.34082723623454897,0.18683293887547084,233340255.8,0.42293934521348886,0.22293295183780115,0.05806193893525191
2023-04-03,2.1664769649505615,2.228163957595825,2.1080520153045654,2.2011289596557617,133185239,-0.01569047911259802,-0.01581487764418192,2.240132141113281,2.21418616771698,2.37484815120697,2.269136193752696,2.350262926391041,-0.08112673263834491,-0.06759645846662611,-0.0135302741717188,37.90310032559405,2.37484815120697,2.7686562366445235,1.9810400657694167,0.3316490658465116,0.17642436708722795,212222435.6,0.6275737936163805,0.4864207810420173,0.0571601493347274
2023-04-04,2.2337749004364014,2.261584997177124,2.130136013031006,2.1664841175079346,103439723,0.03106330534530999,0.030590605036622795,2.227721118927002,2.2197105646133424,2.366133141517639,2.2636959947809587,2.3416341837277335,-0.07793818894677473,-0.06966480456265584,-0.008273384384118898,32.46407019275989,2.366133141517639,2.7645329521295254,1.9677333309057523,0.33675181131722176,0.16465108735220774,191047434.6,0.5414347657511022,0.7884342370105241,0.0521937853921423
2023-04-05,2.2813639640808105,2.378403902053833,2.226393938064575,2.2337470054626465,141424558,0.021304323741444087,0.021080559159432802,2.226672124862671,2.2212310552597048,2.3557076930999754,2.266414143904013,2.337169723013146,-0.07075557910913322,-0.06988295947195132,-0.0008726196371818956,38.49503872569258,2.3557076930999754,2.7513768588105862,1.9600385273893646,0.33592382184729636,0.1596322911126273,181956664.6,0.7772430776904887,0.36162117901631874,0.05180414804704457
2023-04-06,2.2634780406951904,2.2816100120544434,2.193610906600952,2.2816100120544434,81948755,-0.00784001310936222,-0.00787090759352108,2.229221153259277,2.2406031608581545,2.3327863931655886,2.2659624357180403,2.3317110798784824,-0.06574864416044202,-0.06905609640964946,0.0033074522492074487,39.5917682341973,2.3327863931655886,2.6904191793216192,1.9751536070095579,0.3066142594142307,0.1531144380569458,169281506.05,0.4840975066454992,0.7939526861626701,0.04658578488153648
2023-04-07,2.2661640644073486,2.2768449783325195,2.22702693939209,2.2635960578918457,61009349,0.0011866798192277095,0.0011859762712667999,2.2422515869140627,2.2478954792022705,2.315317142009735,2.2659934555163956,2.3268557453991385,-0.06086228988274289,-0.06741733510426816,0.006555045221525266,49.99519089653297,2.315317142009735,2.6480604585654546,1.9825738254540153,0.28742785212300787,0.13587658745901926,153438759.25,0.39761367530740116,0.7856013201572246,0.046044998999174545
2023-04-08,2.237571954727173,2.29933500289917,2.226938009262085,2.266227960586548,53800327,-0.012616963674098924,-0.012697233448867121,2.2564705848693847,2.248301362991333,2.2918746948242186,2.2616209169334383,2.3202421312752888,-0.058621214341850525,-0.06565811095178463,0.007036896609934104,53.67395673906889,2.2918746948242186,2.5702164930875266,2.0135328965609105,0.24289442951823878,0.12971351827893937,145139156.25,0.37068099601826093,0.1468837787596048,0.045039915582447326
2023-04-09,2.287700891494751,2.3112919330596924,2.2108840942382812,2.2375309467315674,61241916,0.022403273629558074,0.022156006542851964,2.2672557830810547,2.2474884510040285,2.282495439052582,2.2656332207121017,2.3178316690693226,-0.05219844835722087,-0.06296617843287187,0.010767730075651002,51.40610998698671,2.282495439052582,2.5471185261574556,2.017872351947708,0.2318717335222484,0.1263702937534877,137405032.25,0.44570358885090977,0.7650477343967277,0.04167539379086312
2023-04-10,2.3580880165100098,2.3580880165100098,2.226349115371704,2.2872049808502197,114912247,0.030767625818980626,0.03030379245282931,2.2826005935668947,2.254636359214783,2.268130886554718,2.2798570354502417,2.320813620731596,-0.040956585281354485,-0.058564259802568394,0.01760767452121391,72.52610152418148,2.268130886554718,2.47461700176987,2.061644771339566,0.18207601372494306,0.11801942757197789,130568793.25,0.8800896764051237,0.9999999240922829,0.03901264640530939
2023-04-11,2.2978250980377197,2.396444082260132,2.2895541191101074,2.3596079349517822,110482555,-0.025555839328457175,-0.02588806216723449,2.2894700050354,2.2593455791473387,2.2561447858810424,2.2826213527713923,2.3191107671987163,-0.03648941442732401,-0.054149290727519526,0.01765987630019552,59.06633630378834,2.2561447858810424,2.420267180310291,2.0920223914517937,0.14548923939308053,0.10984984466007777,123875975.25,0.8918804051958412,0.07737843582394441,0.038422534733663714
2023-04-12,2.2761549949645996,2.2982590198516846,2.1911520957946777,2.297863006591797,105201360,-0.009430701706420463,-0.009475452349299864,2.2914681911468504,2.2668598890304565,2.245511531829834,2.2816265284934243,2.315928858144337,-0.03430232965091262,-0.050179898512198146,0.015877568861285524,53.81979253652609,2.245511531829834,2.3685845163246166,2.1224385473350513,0.10961688038581775,0.10946905612945557,119231514.7,0.8823284704945545,0.7936264810332424,0.03828402410379918
2023-04-13,2.4327549934387207,2.469996929168701,2.2605199813842773,2.284553050994873,149142713,0.06880023496666876,0.06653674364178888,2.33050479888916,2.2934876918792724,2.253836929798126,2.3048770615619314,2.3245826459439214,-0.019705584381989993,-0.04408503568615652,0.02437945130416653,60.493088653859715,2.253836929798126,2.4026511661852563,2.105022693410996,0.13205412904513836,0.114226119858878,116814088.75,1.27675278381179,0.822214595228623,0.03592114944980923
2023-04-14,2.655216932296753,2.688410997390747,2.4297869205474854,2.4327449798583984,311985829,0.09144444856059275,0.08750200112779838,2.4040080070495606,2.3356318950653074,2.277671229839325,2.3587755032134425,2.349074074562651,0.009701428650791488,-0.03332774281876692,0.04302917146955841,71.28973853919489,2.277671229839325,2.5067496587773994,2.048592800901251,0.20115144445516334,0.12478797776358468,127005853.75,2.4564681059041344,0.8716512622657947,0.03936885704016837
2023-04-15,2.7135989665985107,2.813241958618164,2.6145410537719727,2.6552278995513916,196849299,0.02198767023199788,0.021749427356485246,2.4751101970672607,2.3788553953170775,2.300043225288391,2.4133637283496068,2.3760759184171607,0.03728780993244607,-0.01920463226852432,0.05649244220097039,76.0564087270537,2.300043225288391,2.6006236250176844,1.9994628255590976,0.2613693485622255,0.13404032162257604,132029455.0,1.4909498717539962,0.49852771389208717,0.038856348925663
2023-04-16,2.6919150352478027,2.713392972946167,2.6336400508880615,2.713392972946167,125572889,-0.007990838593916805,-0.008022936451518954,2.553928184509277,2.4216990947723387,2.3311511278152466,2.456217775564714,2.399471408552765,0.056746367011948795,-0.004014432412429693,0.06076079942437849,78.53547259606657,2.3311511278152466,2.658929445129285,2.003372810501208,0.28121584517022036,0.1290492500577654,130118988.8,0.9650619802541841,0.7306939426036888,0.031948314178075636
2023-04-17,2.6055829524993896,2.6922049522399902,2.5694029331207275,2.6919078826904297,151444097,-0.03207087951067733,-0.032596417021465283,2.6198137760162354,2.455640983581543,2.351768231391907,2.479197033554664,2.4147389303265894,0.06445810322807466,0.009680074715671182,0.05477802851240347,74.07484579238167,2.351768231391907,2.6945511951632906,2.008985267620523,0.29151083784179344,0.12924139840262278,130448869.8,1.1609460260728146,0.2946206967274527,0.03158501163895962
2023-04-18,2.703752040863037,2.7383220195770264,2.5979199409484863,2.606515884399414,168562672,0.03767643945838661,0.036984020792357186,2.6740131855010985,2.5022589921951295,2.3752801775932313,2.513743957755952,2.4361473088848458,0.0775966488711064,0.02326338954675823,0.05433325932434817,74.92371389606984,2.3752801775932313,2.747182218720455,2.0033781364660075,0.3131437247997043,0.1298809051513672,132055160.65,1.2764565290012388,0.7537786720149825,0.032172547127725
2023-04-19,2.545793056488037,2.7327680587768555,2.530087947845459,2.703061103820801,312979356,-0.05842214152322178,-0.06019823809931612,2.6521284103393556,2.528068208694458,2.387778329849243,2.518674588330119,2.444269216114712,0.074405372215407,0.033491786080487994,0.040913586134919,62.55358865733729,2.387778329849243,2.76519784951955,2.010358810178936,0.3161260950836555,0.13350020136151994,136681604.85,2.289842560331922,0.07748716830445358,0.03529444619889598
2023-04-20,2.438210964202881,2.655893087387085,2.4090158939361572,2.545238971710205,274112365,-0.04225877355230412,-0.04317765603044662,2.5970508098602294,2.536080503463745,2.3953584313392637,2.5062955692336213,2.4438204567138357,0.06247511251978555,0.03928845136834751,0.02318666115143804,57.64429635065824,2.3953584313392637,2.7703040809991317,2.0204127816793958,0.3130601623158609,0.1448486362184797,141246439.2,1.9406674359547325,0.11825745698114566,0.0368535033653353
2023-04-21,2.2798070907592773,2.481205940246582,2.2578060626983643,2.438771963119507,166785824,-0.06496725499525846,-0.06717372891123931,2.5146292209625245,2.534278702735901,2.39681214094162,2.4714511879298757,2.4316713184949794,0.03977986943489631,0.03938673498165727,0.0003931344532390399,50.52529133230288,2.39681214094162,2.769616151292363,2.0240081305908766,0.31108321255772864,0.15724733897617885,146138492.4,1.1412860585935536,0.09848271770577534,0.039761077362891334
2023-04-22,2.307796001434326,2.311682939529419,2.241779088973999,2.2795770168304443,79162541,0.012276876753518406,0.012202127075320602,2.4550718307495116,2.5374428033828735,2.402151346206665,2.4462734669305606,2.422495369083079,0.02377809784748175,0.03626500755482217,-0.01248690970734042,52.705061498749956,2.402151346206665,2.7661017297837827,2.0382009626295474,0.30302036060454435,0.1570692573274885,145162180.7,0.5453386041616555,0.9443958021172352,0.039434407087476475
2023-04-23,2.2024619579315186,2.307873010635376,2.156446933746338,2.307873010635376,87809688,-0.04564270127747039,-0.04671715068874739,2.354813814163208,2.5144134998321532,2.403950595855713,2.408764004007631,2.4061965978866664,0.0025674061209643995,0.029525487268050616,-0.026958081147086217,46.85050787518385,2.403950595855713,2.7633223078099705,2.044578883901455,0.29898427411428175,0.16071341718946183,142893403.15,0.6145118393451882,0.3038777870480106,0.04073307816942157
2023-04-24,2.2221999168395996,2.263247013092041,2.169029951095581,2.202162027359009,100409169,0.008961770638989064,0.008921852287970185,2.2900951862335206,2.471111798286438,2.403371846675873,2.3800618367510107,2.3925672141054015,-0.012505377354390834,0.021119314343562325,-0.03362469169795316,44.783838388275655,2.403371846675873,2.7639328052202368,2.042810888131509,0.30004592010433945,0.15803328582218715,142741875.45,0.7034317622873857,0.5643347284875965,0.04018799805183008
2023-04-25,2.245107889175415,2.2516889572143555,2.1328790187835693,2.22196888923645,110331548,0.010308691023800831,0.010255918833435232,2.2514745712280275,2.4242626905441282,2.401559042930603,2.3592996909701496,2.3816443011476247,-0.022344610177475133,0.012426529439354832,-0.03477113961682997,47.916666666666664,2.401559042930603,2.7650554570461363,2.0380626288150694,0.3027170330752824,0.15888471262795584,141187224.95,0.7814556029348462,0.9446083587623616,0.039963001607002925
2023-04-26,2.1708099842071533,2.340914011001587,2.115200996398926,2.245016098022461,140871826,-0.03309324479526454,-0.033653215060596625,2.2296751499176026,2.3721521854400636,2.3969256401062013,2.3303012745450733,2.3660269443372193,-0.035725669792145975,0.002796089593054669,-0.038521759385200645,46.003120802181854,2.3969256401062013,2.770067408309317,2.0237838719030856,0.3113503080442519,0.16735657623835973,144133378.5,0.9773712894685251,0.24637030984862324,0.04061573349737635
2023-04-27,2.1820740699768066,2.2358789443969727,2.1548099517822266,2.170862913131714,100573044,0.005188886107766466,0.005175470227218684,2.2045307636260985,2.3298012971878053,2.392721140384674,2.3074970892268785,2.3524008054957073,-0.04490371626882883,-0.006743871579322034,-0.0381598446895068,39.3100266336332,2.392721140384674,2.7738756890209135,2.0115665917484344,0.31859504411363365,0.1581845794405256,146111563.25,0.6883304905027768,0.33630755671367857,0.04063854394790734
2023-04-28,2.1403939723968506,2.19199800491333,2.118572950363159,2.1822509765625,66254181,-0.019101137836443405,-0.019285921404836148,2.192117166519165,2.2734654903411866,2.387862241268158,2.281788917406874,2.3366965956365324,-0.05490767822965825,-0.01637663290938928,-0.03853104532026897,24.044015897728343,2.387862241268158,2.7796730990006355,1.9960513835356806,0.3281687284643293,0.14495607784816197,146734255.95,0.45152497329986974,0.2971876452186329,0.04076084341399413
2023-04-29,2.185465097427368,2.2002389430999756,2.129991054534912,2.140350103378296,53972328,0.02105739672778384,0.020838753790297048,2.184770202636719,2.2374326944351197,2.382750451564789,2.266969868179258,2.3254942624358534,-0.05852439425659561,-0.024806185178830552,-0.03371820907776506,23.010664858892753,2.382750451564789,2.782647676280572,1.9828532268490056,0.33566018166372774,0.13578086239950998,146370776.55,0.36873704760023013,0.7896897135090255,0.0407205059192527
2023-04-30,2.1755800247192383,2.2354559898376465,2.154088020324707,2.1856191158294678,59421660,-0.004523097952818467,-0.004533358110519079,2.170864629745483,2.2111696004867554,2.3736250519752504,2.252909892262332,2.314389504086474,-0.0614796118241423,-0.0321408705078929,-0.029338741316249396,23.291542003862588,2.3736250519752504,2.7840818952214437,1.9631682087290574,0.345848088268722,0.13588150909968785,143596247.2,0.41381067513023423,0.26413344073651857,0.04000689159703797
2023-05-01,2.0825369358062744,2.1758270263671875,2.0489819049835205,2.1747329235076904,79305728,-0.042767026657624885,-0.04370847583711626,2.1532100200653077,2.191442584991455,2.362860643863678,2.2266986681921694,2.297215239769422,-0.07051657157725266,-0.039816010721764855,-0.030700560855487807,23.130948374223323,2.362860643863678,2.7925299425266483,1.9331913452007072,0.36368568732888823,0.13617030211857387,142037405.85,0.5583439624612097,0.2645354256542996,0.04069081119260118
2023-05-02,2.1646978855133057,2.1859700679779053,2.076616048812866,2.082432985305786,67378268,0.03945233733644282,0.03869397573652358,2.1497347831726072,2.177132773399353,2.357287788391113,2.217160086241575,2.287399139454154,-0.07023905321257917,-0.045900619219927725,-0.024338433992651447,21.8455522971652,2.357287788391113,2.7945168815142103,1.920058695268016,0.3709594520247466,0.13395258358546666,140146251.25,0.48077110446434435,0.8054740860760126,0.04180831955401921
2023-05-03,2.1632239818573,2.1767160892486572,2.0836219787597656,2.164741039276123,85779739,-0.0006808819216157502,-0.0006811138269840987,2.1543007850646974,2.173208975791931,2.343811237812042,2.2088622240286098,2.2782009796321647,-0.06933875560355496,-0.05058824649665319,-0.01875050910690177,26.11424653513069,2.343811237812042,2.7878091498641284,1.8998133257599559,0.3788683191625621,0.12612501212528773,136978102.55,0.6262295754074161,0.8550701449189011,0.03839021077866699
2023-05-04,2.0273499488830566,2.1642239093780518,2.015760898590088,2.163278102874756,88207030,-0.0628108943474196,-0.06487019677310164,2.122677755355835,2.1537239789962768,2.3124178886413573,2.1809372586216016,2.259619421798897,-0.07868216317729537,-0.05620702983278163,-0.022475133344513745,25.223157159806462,2.3124178886413573,2.7524778334686006,1.872357943814114,0.3806058991230145,0.11909542764936175,125789162.6,0.7012291693243214,0.07806018112429713,0.03309030038129763
2023-05-05,1.9819719791412354,2.061115026473999,1.9497450590133667,2.027385950088501,104461587,-0.022382899295122494,-0.02263719818007634,2.0839561462402343,2.127410387992859,2.275836539268494,2.150327215624622,2.239052944564996,-0.088725728940374,-0.06271076965430011,-0.02601495928607389,29.20427936603909,2.275836539268494,2.6966965424454843,1.8549765360915034,0.3698508182949418,0.11109329121453422,121169777.0,0.8621092617839843,0.289368112149079,0.032102884668461895
2023-05-06,1.8739349842071533,1.9943809509277344,1.8165539503097534,1.982164978981018,101233933,-0.05450984982183915,-0.05605180851783445,2.04223575592041,2.097722887992859,2.234937536716461,2.1078053338680887,2.212007169723674,-0.1042018358555854,-0.07100898289455718,-0.033192852961028224,22.752393857948206,2.234937536716461,2.64437460925475,1.8255004641781718,0.3663968820711011,0.11880208764757429,119952829.2,0.8439478557959682,0.32267895466493224,0.03322703706783149
2023-05-07,1.891427993774414,1.939018964767456,1.8709750175476074,1.873782992362976,73182216,0.009334907408573567,0.009291606425599423,1.9875817775726319,2.0686582803726195,2.1992297887802126,2.0745165123152156,2.188260564097803,-0.11374405178258717,-0.07955599667216318,-0.034188055110424,28.043757276974915,2.1992297887802126,2.596961202874863,1.8014983746855624,0.3617006427648011,0.11284622124263219,116039735.15,0.6306651416034363,0.30058475524466477,0.03355416623047512
2023-05-08,1.719831943511963,1.9108649492263794,1.6748249530792236,1.8909859657287598,136667737,-0.09072301500625723,-0.095105517256016,1.8989033699035645,2.0266020774841307,2.150033783912659,2.0199496555762537,2.1535621477581106,-0.1336124921818569,-0.09036729577410194,-0.043245196407754954,20.798069284674085,2.150033783912659,2.527916659850014,1.7721509079753035,0.3515134308724016,0.12297643082482475,114444988.4,1.1941784337670482,0.19067526377151633,0.0351223254092114
2023-05-09,1.70912504196167,1.764646053314209,1.6915090084075928,1.720067024230957,73365410,-0.006225551043335664,-0.006245010592550056,1.835258388519287,1.978968071937561,2.1082003831863405,1.972130484250933,2.120640880662078,-0.14851039641114472,-0.10199591590151051,-0.04651448050963421,18.395791269600494,2.1082003831863405,2.4868553215709768,1.7295454448017045,0.35922101276951285,0.11971408128738403,102464291.1,0.7160095406154623,0.2408633158194554,0.03418178343956901
2023-05-10,1.7238709926605225,1.7804160118103027,1.64444899559021,1.7092679738998413,112433028,0.008627777568531503,0.008590770999602914,1.7836381912231445,1.9337971687316895,2.0724833846092223,1.9339367163139467,2.0912505185878882,-0.15731380227394154,-0.11305949317599673,-0.04425430909794481,21.65564704302733,2.0724833846092223,2.4548144448771274,1.6901523243413172,0.3689593490661404,0.11330365283148629,94380324.25,1.1912761361380892,0.5841268966326467,0.034265331706910734
2023-05-11,1.560610055923462,1.7242850065231323,1.499040961265564,1.7242850065231323,91757804,-0.09470600609451241,-0.09949553289203347,1.7209732055664062,1.8816044807434082,2.036523532867432,1.8765018454846414,2.051943817649782,-0.1754419721651408,-0.12553598897382554,-0.049905983191315256,16.95767793367169,2.036523532867432,2.4687783079002563,1.6042687578346073,0.4245026075630055,0.12360187087740217,90628923.25,1.0124560759360008,0.2733439272681057,0.0370095523472987
2023-05-12,1.675022006034851,1.6806000471115112,1.4903229475021362,1.5605920553207397,139698963,0.0733123240345186,0.07074949681575304,1.6776920080184936,1.8326368927955627,2.004884833097458,1.8455049471077505,2.0240236834560834,-0.17851873634833293,-0.13613253844872703,-0.042386197899605904,27.033138847441933,2.004884833097458,2.4460756523691995,1.563694013825716,0.4401158729802166,0.13194844552448817,93655744.35,1.4916219391512424,0.9706845921292819,0.041846439814569696
2023-05-13,1.6373599767684937,1.6762059926986694,1.6302980184555054,1.6754390001296997,50646966,-0.022484498192063662,-0.022741128621318066,1.6611976146697998,1.7800504922866822,1.9766297340393066,1.813482643978634,1.9953819274051507,-0.18189928342651673,-0.14528588744428497,-0.03661339598223176,22.75085001004544,1.9766297340393066,2.43652792588573,1.516731542192883,0.46533570139775926,0.1302098802157811,91797608.25,0.5517242438612229,0.1538285426688026,0.04127171142545174
2023-05-14,1.635735034942627,1.679332971572876,1.6044089794158936,1.6375069618225098,55197153,-0.0009924157478636841,-0.000992908518421139,1.6465196132659912,1.7408890008926392,1.947306489944458,1.7861368579730945,1.9687414168523711,-0.18260455887927662,-0.1527496217312833,-0.02985493714799331,22.939251908663337,1.947306489944458,2.4159804481912435,1.4786325316976727,0.48135613029272356,0.129749596118927,89537007.45,0.6164730603803533,0.4181044074647582,0.04104102883290985
2023-05-15,1.6437400579452515,1.7088040113449097,1.6071200370788574,1.6357489824295044,72570016,0.00489383844670499,0.004881902545076791,1.630493426322937,1.7070658087730408,1.9172380983829498,1.764229657968811,1.9446672421185103,-0.18043758414969924,-0.1582872142149665,-0.02215036993473274,25.95450784509009,1.9172380983829498,2.3826179246346406,1.4518582721312587,0.485468994846498,0.12795237132481166,87648930.85,0.8279623641296248,0.3601355821245081,0.040887119484749
2023-05-16,1.6542860269546509,1.655985951423645,1.6065020561218262,1.6434919834136963,91571384,0.006415837442437455,0.00639534356760024,1.6492286205291748,1.6851009130477905,1.8914119005203247,1.7473152531974019,1.9231575224767428,-0.17584226927934088,-0.16179822522784137,-0.014044044051499505,19.647814567790007,1.8914119005203247,2.3548663344145333,1.4279574666261161,0.4900618778667015,0.12367593390601021,85183908.75,1.0749845286948048,0.9656467197035951,0.04090391036361959
2023-05-17,1.800125002861023,1.8662270307540894,1.6374330520629883,1.6540570259094238,208009672,0.08815825892868401,0.08448659642983634,1.6742492198944092,1.6759706139564514,1.8723144471645354,1.7554398300687282,1.914044002505208,-0.15860417243647973,-0.16115941466956907,0.0025552422330893387,31.571961068669495,1.8723144471645354,2.3164119008707273,1.4282169934583433,0.4743834075293717,0.13336878163473948,90555740.15,2.2970346402717796,0.7110849010009963,0.0466196977667404
2023-05-18,1.7397810220718384,1.8356209993362427,1.7216119766235352,1.799765944480896,161918289,-0.03352210579447379,-0.034096852602017974,1.6947334289550782,1.677965521812439,1.8522837996482848,1.7530307826845912,1.9011356335842176,-0.14810485089962633,-0.15854850191558054,0.010443651015954208,34.193441941063625,1.8522837996482848,2.281354041711319,1.4232135575852503,0.4632877987104429,0.13090778248650686,95338945.55,1.6983436104302498,0.15936496447687246,0.04690242257556188
2023-05-19,1.667626976966858,1.7395060062408447,1.655392050743103,1.7395060062408447,97679560,-0.04147306137358309,-0.042357611908154943,1.7011118173599242,1.6738157153129578,1.8263918936252594,1.7398917356510937,1.8838386960570057,-0.14394696040591204,-0.15562819361364685,0.011681233207734815,33.21571872911049,1.8263918936252594,2.232700460315285,1.420083326935234,0.44493032202801946,0.12898056847708567,97524307.15,1.0015919400458924,0.1454565380594661,0.046859655859975535
2023-05-20,1.6919599771499634,1.702659010887146,1.6306819915771484,1.6675970554351807,63278786,0.014591392751011512,0.014485962722995412,1.7107558012008668,1.6706246137619019,1.8022108912467956,1.732517618958612,1.869625457619447,-0.1371078386608351,-0.15192412262308452,0.014816283962249432,39.329767262203255,1.8022108912467956,2.177389940638544,1.427031841855047,0.4163542138314283,0.12141985552651542,97717163.45,0.6475708439119657,0.8513547469276213,0.047221866054270825
2023-05-21,1.635794997215271,1.6993529796600342,1.6273449659347534,1.6919909715652466,49902300,-0.033195217790730425,-0.033758683734271475,1.7070575952529907,1.6781431078910827,1.7798737943172456,1.7176372156134827,1.8523046827746932,-0.13466746716121047,-0.14847279153070972,0.013805324369499244,35.661066489460936,1.7798737943172456,2.137567990753546,1.422179597880945,0.4019320893181766,0.12170300313404628,96246992.05,0.5184816578379501,0.11734846817565027,0.046935128077121
2023-05-22,1.6327790021896362,1.650534987449646,1.5741419792175293,1.6360280513763428,60316168,-0.0018437487770589511,-0.001845450573947737,1.6735883951187134,1.6739188075065612,1.753277850151062,1.7045821058559678,1.836043521249874,-0.1314614153939062,-0.14507051630334902,0.013609100909442812,43.97819774321673,1.753277850151062,2.066878272433396,1.439677427868728,0.3577304330346889,0.11029964685440063,95893887.05,0.6289886650287788,0.7675704446437895,0.04548730886351421
2023-05-23,1.6688450574874878,1.715499997138977,1.6171979904174805,1.6327790021896362,83991285,0.022088754968973223,0.02184833240309847,1.6594012022018432,1.6770673155784608,1.7285589039325715,1.6990840984146631,1.8236584498600676,-0.12457435144540452,-0.14097128333176012,0.016396931886355604,47.308113255016586,1.7285589039325715,1.977342199021367,1.479775608843776,0.28785052626531754,0.11209714412689209,95804464.35,0.8766948969429732,0.5253917344984969,0.046093063018711085
2023-05-24,1.5958839654922485,1.6689519882202148,1.5604829788208008,1.6688950061798096,82235508,-0.04371951228658999,-0.04470401177351494,1.6450525999069214,1.673082208633423,1.706985604763031,1.6832071548881378,1.8067862658328218,-0.12357911094468399,-0.1374928488543449,0.013913737909660912,42.06418792513424,1.706985604763031,1.9187505010159291,1.4952207085101328,0.24811562049733402,0.1101330007825579,95505888.25,0.8610517058878828,0.32636956494546304,0.045171089689641064
2023-05-25,1.6193419694900513,1.638152003288269,1.5630170106887817,1.5957939624786377,62677729,0.014699066163351704,0.01459208199435772,1.630528998374939,1.6706423997879027,1.688854104280472,1.6733817417499706,1.7929015031407645,-0.1195197613907939,-0.1338982313616347,0.014378469970840801,54.40542630016583,1.688854104280472,1.8596107104524175,1.5180974981085262,0.20221593533645782,0.09941092559269496,93416695.35,0.6709478296697209,0.7496500546025652,0.04543597969450271
2023-05-26,1.609956979751587,1.6465799808502197,1.6018619537353516,1.6192890405654907,56579998,-0.005795557649518446,-0.005812417065120666,1.625361394882202,1.6662094950675965,1.6756552040576935,1.6636240860579117,1.7793500569637883,-0.11572597090587666,-0.1302637792704831,0.014537808364606442,44.20675148210489,1.6756552040576935,1.825732547571411,1.525577860543976,0.1791267596702433,0.08901384898594447,91183998.6,0.6205035847155753,0.18102373311783537,0.04415928414342541
2023-05-27,1.6005189418792725,1.6204559803009033,1.5851739645004272,1.609820008277893,33057900,-0.005862291968677824,-0.005879542654317296,1.6189093828201293,1.6462488889694213,1.6611097514629365,1.653915602338121,1.7661033076982686,-0.11218770536014766,-0.12664856448841602,0.01446085912826836,46.54616435315726,1.6611097514629365,1.7752116451784077,1.5470078577474653,0.13738031892833313,0.0882548519543239,89177782.8,0.3706965901376952,0.43492336482102334,0.04400061693851471
2023-05-28,1.6456079483032227,1.6548500061035156,1.5917140245437622,1.6004949808120728,50416047,0.028171491910622626,0.027781974044640386,1.6142619609832765,1.6368315815925598,1.6573985517024994,1.6526375017173676,1.7571777255208578,-0.10454022380349026,-0.12222689635143087,0.01768667254794061,50.855836324248095,1.6573985517024994,1.7682402597928553,1.5465568436121435,0.13375383727287316,0.08741285119737897,84865198.3,0.594072105055106,0.8536164939843219,0.03999864361348863
2023-05-29,1.5261329412460327,1.666383981704712,1.5151870250701904,1.6454650163650513,90781607,-0.07260235172076068,-0.07537284284938568,1.6003117561340332,1.6226821780204772,1.6482489466667176,1.6331752616448545,1.740063297056056,-0.1068880354112014,-0.11915912416338499,0.012271088752183593,41.45631337012135,1.6482489466667176,1.7707137003042237,1.5257841930292115,0.14859982636138633,0.09094949279512678,85736008.15,1.0588504055515675,0.07239507788738336,0.043053465389605305
2023-05-30,1.4157240390777588,1.545093059539795,1.4113739728927612,1.5258500576019287,129639732,-0.07234553372403396,-0.07509595790760705,1.5595881700515748,1.5950585842132567,1.6328415989875793,1.5997212274037629,1.7160381668354412,-0.11631693943167831,-0.11859068721704366,0.0022737477853653487,34.86535464643957,1.6328415989875793,1.7883306996416113,1.4773524983335473,0.1904521550044301,0.09696629217692784,86596343.35,1.497057808503874,0.03253137580251562,0.0454676558144695
2023-05-31,1.384902000427246,1.521217942237854,1.3512229919433594,1.4163010120391846,278073428,-0.02177121939003801,-0.022011709299923993,1.5145771741867065,1.5699692845344544,1.6240561962127686,1.566672115561222,1.6915095619163154,-0.12483744635509342,-0.11984003904465364,-0.00499740731043978,19.156613682212637,1.6240561962127686,1.8129884144610187,1.4351239779645186,0.2326670945116703,0.09276636157717023,95912124.55,2.899252094609138,0.19811768787464126,0.040912502690647216
2023-06-01,1.387341022491455,1.4296209812164307,1.368270993232727,1.3849129676818848,173958909,0.0017611513763837738,0.0017596023677243274,1.471941590309143,1.5454254865646362,1.6096721470355988,1.5390827166274117,1.6689785589959554,-0.12989584236854368,-0.12185119970943166,-0.00804464265911202,21.356130505660317,1.6096721470355988,1.8243207519067801,1.3950235421644175,0.26669853891238915,0.08900500195366996,97625121.85,1.7819072151047974,0.3108399329335527,0.036588965197905485
2023-06-02,1.4493850469589233,1.4701440334320068,1.3715729713439941,1.3873380422592163,125384808,0.044721538152203255,0.04375037923940954,1.4326970100402832,1.5234794855117797,1.6002734005451202,1.5252830751399518,1.6527123729191382,-0.12742929777918643,-0.12296681932338263,-0.004462478455803803,31.96646222538135,1.6002734005451202,1.8259934049270106,1.37455339616323,0.28210180123596457,0.09001800843647548,101362013.95,1.2369999678760328,0.7894007234237234,0.03830615842150404
2023-06-03,1.4834810495376587,1.497514009475708,1.4359019994735718,1.4494279623031616,90436731,0.023524461391591478,0.0232520255811374,1.4241666316986084,1.512239193916321,1.592660701274872,1.5188519942780605,1.6401767193353247,-0.12132472505726422,-0.12263840047015898,0.0013136754128947603,33.04672144146994,1.592660701274872,1.8235555662686656,1.3617658362810783,0.2899485933306071,0.0892776506287711,103123992.85,0.8769708047626281,0.7722364899322768,0.038842522808394016
2023-06-04,1.480396032333374,1.5220309495925903,1.4661550521850586,1.483497977256775,85893344,-0.0020795797865069687,-0.002081745115054328,1.4371010303497314,1.498344600200653,1.584493499994278,1.5129356924404163,1.628341112890736,-0.11540542045031965,-0.12119180446619113,0.005786384015871476,36.16913371637907,1.584493499994278,1.8193032888209453,1.3496837111676105,0.2963846665543473,0.08812535660607475,103790159.25,0.827567320646538,0.25486798888917606,0.03878827895026611
2023-06-05,1.3902759552001953,1.4836790561676025,1.3149820566177368,1.4803329706192017,204062227,-0.06087565432820907,-0.06280738503545795,1.4381758213043212,1.4763764977455138,1.5712929964065552,1.4940649636342285,1.6107066567655108,-0.11664169313128236,-0.12028178219920939,0.0036400890679270242,31.313931115924802,1.5712929964065552,1.818916933434525,1.3236690593785854,0.31518493061990305,0.09471849884305682,109414701.4,1.8650348114919773,0.44632621990967847,0.04066435549123729
2023-06-06,1.4958300590515137,1.540640950202942,1.3650230169296265,1.3898860216140747,265598465,0.07592313127225081,0.07317901984962476,1.459873628616333,1.4659076094627381,1.5560782492160796,1.4943365167753493,1.6021972791570667,-0.10786076238171738,-0.11779757823571099,0.009936815853993614,37.95789663383154,1.5560782492160796,1.7808398607040703,1.331316637728089,0.28888214535640605,0.10024106502532959,112294141.05,2.365203228917703,0.7448387088687817,0.03920970664609731
2023-06-07,1.3721610307693481,1.50341796875,1.3644789457321167,1.4958959817886353,157256763,-0.08267585447546255,-0.0862943844271081,1.4444288253784179,1.4385629177093506,1.5376972496509551,1.4755402881590416,1.5851575570542726,-0.10961726889523105,-0.11616151636761503,0.006544247472383982,35.45522013510576,1.5376972496509551,1.7593090848278545,1.3160854144740557,0.2882385791184884,0.10241749456950597,112061064.75,1.4033131253109925,0.0552910501129129,0.04228207919224488
2023-06-08,1.3687219619750977,1.4333430528640747,1.3519220352172852,1.372102975845337,101111608,-0.00250631574365745,-0.002509461810751943,1.4214770078659058,1.422821819782257,1.5227519989013671,1.4591066995153579,1.5691252907521114,-0.1100185912367535,-0.11493293134144274,0.004914340104689233,33.271129146046206,1.5227519989013671,1.7477594979507334,1.297744499852001,0.29552743875785986,0.10286649635859899,112232667.15,0.9009106757203176,0.20633400539590127,0.04169468455640755
2023-06-09,1.3316570520401,1.3981319665908813,1.320283055305481,1.3686569929122925,97966569,-0.02707994097026989,-0.02745335944196516,1.391729211807251,1.4144151210784912,1.504736852645874,1.4394990614422412,1.551535050847518,-0.11203598940527693,-0.11435354295420959,0.002317553548932663,32.085485089098,1.504736852645874,1.7303960313370264,1.2790776739547216,0.29993174991941157,0.10523298808506557,113967056.3,0.8596042767141298,0.14610345971167868,0.041494996861390264
2023-06-10,1.093261957168579,1.3323830366134644,1.0556889772415161,1.33160400390625,271721245,-0.17902138880750074,-0.19725822200975474,1.3323264122009277,1.3852511167526245,1.4776102006435394,1.3862318146309085,1.5175888957601893,-0.1313570811292808,-0.11775425058922384,-0.013602830540056954,24.780932322827397,1.4776102006435394,1.7601915557773158,1.195028845509763,0.3824843047384276,0.12247670548302787,125058003.55,2.1727617368476695,0.13579250184995909,0.05589878978044067
2023-06-11,1.0935759544372559,1.1255559921264648,1.065539002418518,1.0932389497756958,87965186,0.00028721137383214135,0.00028717013654120245,1.2518755912780761,1.3558746099472045,1.4506500482559204,1.3412078361395774,1.4861805297362682,-0.14497269359669085,-0.12319793919071724,-0.02177475440597361,21.27604910360391,1.4506500482559204,1.7712304445208655,1.1300696519909752,0.44198171247486023,0.12225392035075597,126440454.45,0.6957044435077163,0.467150176702776,0.05593395692501909
2023-06-12,1.132182002067566,1.1434270143508911,1.0659559965133667,1.0935289859771729,110080861,0.035302575439468464,0.03469372741309767,1.2038797855377197,1.324154305458069,1.4238168954849244,1.3090500155131142,1.4599584165756236,-0.15090840106250947,-0.12874003156507569,-0.022168369497433782,27.6178821790472,1.4238168954849244,1.7570872859035371,1.0905465050663117,0.4681365862077473,0.11698778186525617,127744933.25,0.8617238915031489,0.8548486757280574,0.056510681542238345
2023-06-13,1.1508909463882446,1.1804790496826172,1.1166340112686157,1.1322250366210938,100565775,0.016524679147445154,0.016389632342892927,1.1603135824203492,1.2908952951431274,1.401567244529724,1.284717851032365,1.437064529895077,-0.15234667886271214,-0.133461361024603,-0.01888531783810915,33.2034873777846,1.401567244529724,1.745708902976628,1.0574255860828201,0.4910811946984046,0.11199677842003959,128661446.6,0.7816309986988752,0.5365636955506832,0.056650427695191484
2023-06-14,1.083253026008606,1.1629430055618286,1.072590947151184,1.150881052017212,87584211,-0.05877005166467053,-0.06056780332434838,1.1106327772140503,1.2511809945106507,1.3747627973556518,1.253723262567171,1.410856270347931,-0.15713300778076,-0.1381956903758344,-0.018937317404925602,31.72208253184928,1.3747627973556518,1.7307898744566974,1.0187357202546061,0.5179469182405309,0.106308000428336,129906770.7,0.6742082073786783,0.1180059189011965,0.057032318672349536
2023-06-15,1.1082899570465088,1.119892954826355,1.059237003326416,1.083367943763733,66359064,0.023112726608440548,0.022849673086890156,1.1136383771896363,1.222982394695282,1.349679446220398,1.2313489078716846,1.388443950844122,-0.15709504297243737,-0.141975560895155,-0.015119482077282365,33.5420762076714,1.349679446220398,1.7066242478927458,0.9927346445480503,0.5289327072023291,0.10625842639378139,130395724.0,0.5089052153274597,0.8087078748251667,0.05772689314847181
2023-06-16,1.1283080577850342,1.1485480070114136,1.0850980281829834,1.1083589792251587,77523640,0.0180621511647292,0.017900968489404655,1.1205847978591919,1.186230194568634,1.326068902015686,1.2154964693968153,1.3691746254323376,-0.15367815603552226,-0.14431607992322845,-0.00936207611229381,30.075775094276878,1.326068902015686,1.6755440701499908,0.976593733881381,0.5270844789483963,0.1037497775895255,132619011.0,0.5845590267597456,0.6810092546886245,0.058211606629484304
2023-06-17,1.1336729526519775,1.1728299856185913,1.1142079830169678,1.1283769607543945,78583537,0.004754813926858947,0.0047435455045029395,1.1208829879760742,1.162381386756897,1.3004721522331237,1.2029082360514556,1.351730057078237,-0.14882182102678132,-0.14521722814393903,-0.003604592882842289,27.4902359856074,1.3004721522331237,1.625543276326709,0.9754010281395384,0.49992785087383057,0.10353620563234602,134027385.5,0.5863244791863824,0.33204198851526096,0.05751585643011203
2023-06-18,1.0986109972000122,1.1410670280456543,1.096161961555481,1.1336419582366943,70929110,-0.030927751579453044,-0.03141611009728631,1.1104269981384278,1.1353702902793885,1.2790960550308228,1.1868625069973873,1.3329804970872572,-0.14611799008986992,-0.1453973805331252,-0.0007206095567447168,26.403631193333524,1.2790960550308228,1.5978517784465334,0.9603403316151122,0.4984077969156576,0.10275257485253471,133034760.65,0.533162232588269,0.05453805751933586,0.056125435590884405
2023-06-19,1.130025029182434,1.13326895236969,1.0897279977798462,1.098615050315857,86349903,0.02859431779081545,0.028193130126830158,1.1197813987731933,1.1152070879936218,1.2648111045360566,1.1781182796412406,1.317946758723937,-0.13982847908269647,-0.14428360024303946,0.004455121160342995,32.65652946441183,1.2648111045360566,1.5833930023793448,0.9462292066927684,0.5037620190093867,0.09381285735539027,130870269.2,0.6598129852398897,0.925496983867635,0.05520009988333204
2023-06-20,1.3280019760131836,1.3403730392456055,1.1302039623260498,1.1302039623260498,256169936,0.175196957339949,0.16143575681695374,1.1637238025665284,1.1386810898780824,1.2619661033153533,1.2011773098523086,1.3186915896342515,-0.11751427978194284,-0.13892973615082013,0.02141545636887729,40.042333260622996,1.2619661033153533,1.577029306358797,0.9469029002719096,0.49932118179043106,0.09629357712609428,129775094.6,1.9739529898982637,0.9411375221078206,0.06881644460047193
2023-06-21,1.4354009628295898,1.487781047821045,1.3223799467086792,1.3281660079956055,331894635,0.08087261070110041,0.07776868777315099,1.2251423835754394,1.1728635907173157,1.2643691003322601,1.2372117180026596,1.3273367283894617,-0.0901250103868021,-0.12916879099801654,0.03904378061121444,53.826055009453086,1.2643691003322601,1.584156265186115,0.9445819354784053,0.5058446378827494,0.09818372556141444,137671880.9,2.4107656031886173,0.6833147332615529,0.07114566639025066
2023-06-22,1.3553149700164795,1.483031988143921,1.345823049545288,1.4353549480438232,209376219,-0.05579346460464796,-0.05741034927205365,1.26947078704834,1.195176887512207,1.259665596485138,1.2553814490817086,1.3294091907322039,-0.0740277416504953,-0.11814058112851229,0.04411283947801699,49.257711311965856,1.259665596485138,1.5706406295200905,0.9486905634501854,0.49374220253799167,0.10216857705797468,141871451.45,1.475816430015103,0.06917858177717999,0.07167684069204906
2023-06-23,1.3860019445419312,1.452072024345398,1.3554439544677734,1.3554439544677734,156183154,0.02264195054606266,0.022389426239166493,1.3269489765167237,1.2186879873275758,1.2547916412353515,1.2754769099217427,1.3336012465699614,-0.0581243366482187,-0.10613733223245359,0.048012995584234885,53.030248645262596,1.2547916412353515,1.553822847169786,0.955760435300917,0.47662288480027815,0.10351915870394025,145158772.6,1.075947055782697,0.3162433747297696,0.07166129693250632
2023-06-24,1.3071390390396118,1.3870320320129395,1.28262197971344,1.3862099647521973,140096087,-0.05689956339013891,-0.05858249448058545,1.3623717784881593,1.2410765886306763,1.2461287915706634,1.280348006709107,1.3316410830491947,-0.05129307634008762,-0.09516848105398039,0.04387540471389277,64.50654113145023,1.2461287915706634,1.5271365287071748,0.965121054434152,0.4510091397251477,0.09121315819876534,147868909.75,0.9474343676223663,0.23481510101818412,0.07274804451963461
2023-06-25,1.3340950012207031,1.372020959854126,1.2990859746932983,1.307237982749939,123077027,0.020622107806447687,0.020412350991067515,1.363590383529663,1.2636570930480957,1.2433197438716888,1.2886167750955064,1.3318228547656028,-0.043206079670096376,-0.0847760007772036,0.04156992110710722,65.74455493200162,1.2433197438716888,1.5193392850748513,0.9673002026685261,0.44400411489266584,0.09213587215968541,143819649.75,0.8557733745975834,0.4800031377284254,0.07164892603548
2023-06-26,1.2814689874649048,1.3731019496917725,1.2701630592346191,1.3340380191802979,120943797,-0.03944697619558224,-0.0402460939199093,1.332803988456726,1.2789731860160827,1.2326016902923584,1.2875171154600293,1.3280929386692548,-0.04057582320922548,-0.07593596526360798,0.035360142054382496,59.596295214411846,1.2326016902923584,1.4827736778329101,0.9824297027518067,0.40592510867190823,0.09395500591823033,136586916.35,0.885471319156844,0.10983144545041608,0.0698716406050591
2023-06-27,1.3088339567184448,1.35371994972229,1.277042031288147,1.2814650535583496,112600924,0.021354374956568778,0.021129565109537545,1.3235077857971191,1.2964892864227295,1.2294353365898132,1.2907966294997855,1.3266663474136393,-0.03586971791385385,-0.06792271579365715,0.0320529978798033,60.04097261146439,1.2294353365898132,1.4737033705314544,0.9851673026481721,0.3973662162976178,0.0948716402053833,134354124.4,0.8380905647880504,0.4146163841346238,0.0676496978189152
2023-06-28,1.2180479764938354,1.309182047843933,1.1856499910354614,1.3089070320129395,123492860,-0.06936401654204571,-0.07188707337527789,1.2899169921875,1.3084329843521119,1.22190163731575,1.2796045290373315,1.3186205421603205,-0.03901601312298908,-0.06214137525952353,0.023125362136534454,58.32436903670596,1.22190163731575,1.4572116990107686,0.9865915756207315,0.3851538528288466,0.09724164009094238,135473187.0,0.911566803252366,0.26226376920095545,0.06940115481058223
2023-06-29,1.2210049629211426,1.2514909505844116,1.2063770294189453,1.2178879976272583,84722804,0.002427643643248656,0.002424701676821421,1.2726901769638062,1.3175309777259827,1.2163690328598022,1.2705892111733024,1.311389758512974,-0.04080054733967153,-0.057873209675553136,0.017072662335881603,57.15595672044874,1.2163690328598022,1.4459470338750173,0.9867910318445872,0.37748083815559624,0.09613149506705147,134810998.75,0.6284561703835014,0.3242442661125177,0.06918678195049423
2023-06-30,1.331462025642395,1.3719500303268433,1.2043319940567017,1.2209370136260986,252017343,0.0904640571296238,0.08660334612517938,1.2721635818481445,1.3178769826889039,1.228279036283493,1.2799542595531628,1.3128765931151534,-0.03292233356199059,-0.052883034452840635,0.019960700890850044,61.56913700180375,1.228279036283493,1.4556705879409062,1.0008874846260798,0.3702604130498733,0.1035720705986023,133825803.65,1.8831745158737179,0.7584507421164203,0.0582842201174966
2023-07-01,1.3475890159606934,1.3766640424728394,1.3096230030059814,1.331760048866272,87276092,0.01211224203748329,0.012039475819324526,1.2853875875473022,1.3090957880020142,1.240979689359665,1.290359606692783,1.3154478836963046,-0.025088277003521675,-0.04732408296297684,0.022235805959455165,62.03449975145779,1.240979689359665,1.4650434390311482,1.0169159396881817,0.3611078434121645,0.10417343037469047,133791348.95,0.6523298605249618,0.5663099437827359,0.0582249610916256
2023-07-02,1.3336060047149658,1.34762704372406,1.3053630590438843,1.3475970029830933,84846976,-0.010376317319386152,-0.010430526621283609,1.2903419971466064,1.3069248914718627,1.251050889492035,1.2970128986961957,1.3167929296976868,-0.01978003100149106,-0.04181527257067969,0.02203524156918863,63.54152713188199,1.251050889492035,1.4726174624502273,1.0294843165338425,0.3542087293477809,0.10398478167397636,132529654.7,0.640211250772994,0.6682507388334754,0.05816038651455834
2023-07-03,1.350350022315979,1.3688440322875977,1.3257390260696411,1.3336809873580933,103510980,0.012555445567742352,0.012477279553785688,1.316802406311035,1.3033596992492675,1.2610238432884215,1.3052186100223164,1.3192786402620047,-0.01406003023968827,-0.03626422410448141,0.022204193864793137,62.91451857918075,1.2610238432884215,1.481561417185821,1.0404862693910222,0.34977542267923317,0.10395364250455584,132676914.95,0.7801732504784925,0.5709543437333292,0.05814285113957139
2023-07-04,1.283249020576477,1.3616169691085815,1.2803430557250977,1.350154995918274,83234630,-0.04969156191401203,-0.0509686754125307,1.329251217842102,1.300970697402954,1.2710236430168151,1.301838673184495,1.3166097795445582,-0.014771106360063069,-0.03196560055559774,0.01719449419553467,46.90135220775199,1.2710236430168151,1.475147690577482,1.0668995954561482,0.3211963029675388,0.09473406417029244,132459435.9,0.6283782611216752,0.03575519342985147,0.057614356962051
2023-07-05,1.2338780164718628,1.3011480569839478,1.2152140140533447,1.2832859754562378,91531969,-0.03847343992706509,-0.039233090754031176,1.3097344160079956,1.29094899892807,1.277303045988083,1.291383187536398,1.3104815007984327,-0.019098313262034816,-0.02939214309688515,0.010293829834850336,34.82756708058179,1.277303045988083,1.467607734788927,1.086998357187239,0.2979789164342437,0.08905784572873797,133718081.15,0.6845145264784559,0.21718983082981533,0.05851613812869805
2023-07-06,1.188552975654602,1.276980996131897,1.188552975654602,1.233839988708496,83571664,-0.03673381015966448,-0.037425488100545364,1.2779272079467774,1.2816573977470398,1.2803152918815612,1.2755631549391986,1.301449758195186,-0.02588660325598746,-0.028691035128705616,0.0028044318727181543,36.75120796052092,1.2803152918815612,1.4624205247444078,1.0982100590187147,0.28446935534953,0.08557349443435669,134020482.35,0.6235738189760366,0.0,0.05924595150181254
2023-07-07,1.2237919569015503,1.2237919569015503,1.179381012916565,1.1887619495391846,58209529,0.029648641641353946,0.029217619425261333,1.2559643983840942,1.2731531977653503,1.28482124209404,1.2675983552410988,1.2956973284697315,-0.02809897322863275,-0.028572622748691046,0.00047364952005829464,37.205394677010304,1.28482124209404,1.4557665027800832,1.1138759814079966,0.2660996799950655,0.08183448655264718,133001781.95,0.4376597677607281,0.9999997748303266,0.05951920866686354
2023-07-08,1.2164520025253296,1.2336349487304688,1.1932569742202759,1.2236069440841675,41939724,-0.005997714182404246,-0.006015772712919649,1.2291847944259644,1.2729936003684998,1.2907132923603057,1.259729685592519,1.2898273043257018,-0.03009761873318273,-0.02887762194558938,-0.0012199967875933491,41.937166670906144,1.2907132923603057,1.4415785949222428,1.1398479897983687,0.233770432914737,0.07726076671055385,131552312.65,0.3188064364294549,0.5744474021282177,0.05897607083170487
2023-07-09,1.2138400077819824,1.2279709577560425,1.2026499509811401,1.2164870500564575,39834759,-0.0021472238427202583,-0.002149532433134559,1.2153029918670655,1.2722771048545838,1.2949040412902832,1.252669735160129,1.2841986156928336,-0.03152888053270453,-0.029407873663012413,-0.002121006869692115,38.82457102798189,1.2949040412902832,1.430898738658352,1.1589093439222145,0.21004598492496693,0.07385976825441633,129226555.45,0.308255210094281,0.4419276247995551,0.058775281678685634
2023-07-10,1.2001219987869263,1.2239619493484497,1.1644610166549683,1.2138559818267822,82461008,-0.011301332059504898,-0.011365677363769342,1.208551788330078,1.259143102169037,1.2885100424289704,1.24458546802579,1.277970718144248,-0.03338525011845794,-0.03020334895410152,-0.0031819011643564217,41.8510405152755,1.2885100424289704,1.4298715774357689,1.147148507422172,0.21941860032432164,0.07075705698558263,120541109.05,0.6840903377269865,0.5993347418992204,0.04307350862951167
2023-07-11,1.222936987876892,1.2399590015411377,1.194098949432373,1.200158953666687,55003184,0.01901055818744024,0.018832115509225863,1.2154285907745361,1.2466778993606566,1.2778868436813355,1.2412549326182674,1.273894145531851,-0.03263921291358374,-0.030690521745997967,-0.0019486911675857706,41.31608302746146,1.2778868436813355,1.4038655243815028,1.1519081629811683,0.19716719257747106,0.06855578081948417,106696536.5,0.51551049175809,0.6288268510436141,0.038637438300779876
2023-07-12,1.2159160375595093,1.2663220167160034,1.1964880228042603,1.2229009866714478,74069487,-0.005741056478773876,-0.005757599690915584,1.213853406906128,1.234908902645111,1.270916897058487,1.237356641070766,1.2695994708672333,-0.03224282979646742,-0.03100098335609186,-0.0012418464403755602,49.74052007414707,1.270916897058487,1.394255665371101,1.147578128745873,0.19409415139271366,0.06472020489828927,99931199.9,0.7412048196571289,0.27820279043146834,0.036911467292401245
2023-07-13,1.3706239461898804,1.4179470539093018,1.2090200185775757,1.2159279584884644,187808209,0.12723568392180162,0.11976833823557347,1.244687795639038,1.2369362950325011,1.2701479971408844,1.2578593033967838,1.2770827653355774,-0.01922346193879365,-0.028645479072632218,0.009422017133838567,63.29802506959479,1.2701479971408844,1.3906244628511744,1.1496715314305945,0.18970461077210468,0.07642114162445068,101512452.65,1.850100200490033,0.7734945342079403,0.04702356382340507
2023-07-14,1.4532090425491333,1.5960090160369873,1.3665820360183716,1.3705799579620361,384722517,0.06025365060111976,0.05850817251789196,1.2925616025924682,1.2539322972297668,1.2774514973163604,1.287913109420222,1.2901291562402852,-0.0022160468200631556,-0.023359592622118404,0.02114354580205525,61.384845058163386,1.2774514973163604,1.4225615725018788,1.132341422130842,0.22718682547300167,0.08083606617791313,113743774.15,3.3823610995415523,0.37757984151617385,0.046798187338094446
2023-07-15,1.455968976020813,1.5425360202789307,1.4398070573806763,1.4545179605484009,174410333,0.0018991992142014524,0.0018973980155699535,1.3437309980392456,1.276141393184662,1.283545196056366,1.3137678581280055,1.302413587335139,0.011354270792866439,-0.016416819939121436,0.027771090731987875,60.39472555917739,1.283545196056366,1.4476618275644442,1.1194285645482878,0.2557239620580858,0.08338520356587001,116310439.45,1.4995243232227338,0.15732580774601854,0.04668416995621807
2023-07-16,1.48813796043396,1.5065089464187622,1.4219180345535278,1.4562029838562012,135012610,0.022094553484968804,0.021854005589032055,1.3967711925506592,1.3060998916625977,1.2938786447048187,1.3405940277135369,1.316170948305422,0.024423079408114834,-0.00824884006967418,0.03267191947778901,64.3215665131736,1.2938786447048187,1.4817509764273278,1.1060063129823097,0.29040178148294526,0.08640855550765991,117013880.1,1.1538170504611787,0.7828254429704655,0.04558902881207187
2023-07-17,1.4814269542694092,1.5425989627838135,1.4218499660491943,1.488036036491394,191138216,-0.004509666672701362,-0.00451986589439551,1.4498733758926392,1.3318633913993836,1.302508294582367,1.3622606317990558,1.3284121339323842,0.033848497866671545,0.0001706275175949679,0.03367787034907658,62.378012935553905,1.302508294582367,1.508276356039655,1.0967402331250788,0.3159566235595683,0.09195455483027867,120940744.7,1.5804286344864882,0.4933952653635695,0.04557088626738279
2023-07-18,1.4287760257720947,1.5485320091247559,1.422463059425354,1.481834053993225,173653104,-0.035540684841447456,-0.03618762983963162,1.461503791809082,1.35309579372406,1.31304469704628,1.3724937693333694,1.3358464962908814,0.03664727304248805,0.007465956622573587,0.029181316419914463,64.12815562475276,1.31304469704628,1.5221566191665867,1.103932774925973,0.3185145526130348,0.09515420028141566,123448756.9,1.4066816739245755,0.05007550123197118,0.04314423204695728
2023-07-19,1.5654699802398682,1.6116219758987427,1.4212039709091187,1.429013967514038,197730584,0.0956720661615984,0.09136793404709767,1.483955979347229,1.3882587909698487,1.3302679479122161,1.4021824171651385,1.3528556432500658,0.049326773915072675,0.01583812008107341,0.033488653833999266,77.5249616108425,1.3302679479122161,1.562883028384907,1.0976528674395254,0.34972665595343794,0.1026173404284886,129099145.9,1.5316180647171886,0.7576279447016115,0.04725485646181978
2023-07-20,1.5318880081176758,1.592067003250122,1.4643429517745972,1.5654699802398682,156121308,-0.021451687062722713,-0.02168511887609989,1.4991397857666016,1.4214353919029237,1.3402892470359802,1.422137123465529,1.366117299906926,0.05601982355860291,0.02387446077657931,0.032145362782023595,79.06640042257806,1.3402892470359802,1.5897780416514886,1.0908004524204717,0.3722909740076589,0.10542419978550502,124304344.15,1.2559601924419146,0.5288358008880099,0.04419106517071307
2023-07-21,1.5079209804534912,1.5542140007019043,1.5045180320739746,1.5322250127792358,103636205,-0.015645417639657877,-0.015769098912428062,1.5030963897705079,1.4499337911605834,1.34830584526062,1.4353346399252156,1.3766212762437087,0.058713363681506925,0.030842241357564838,0.027871122323942087,74.52209403894608,1.34830584526062,1.6088412951221542,1.0877703953990858,0.3864634285719857,0.10580170154571533,125122349.8,0.8282789219164745,0.06847532684675027,0.04448755620832798
2023-07-22,1.5643880367279053,1.586027979850769,1.5081579685211182,1.5081579685211182,87317566,0.03744695975874812,0.03676284869178667,1.519688606262207,1.484780991077423,1.359844946861267,1.4551890086640908,1.390529925168464,0.06465908349562688,0.037605609785177255,0.027053473710449624,77.68164550827282,1.359844946861267,1.6375181109859676,1.0821717827365664,0.40838944876121835,0.10849663189479283,125245879.3,0.6971691722555539,0.7221016155722583,0.04481460488195433
2023-07-23,1.5817010402679443,1.6377619504928589,1.5418870449066162,1.5644190311431885,140830798,0.011066949588959485,0.011006159002051227,1.550273609161377,1.5058887004852295,1.3714124977588653,1.4746523981416069,1.4046907485091662,0.06996164963244067,0.04407681775462994,0.02588483187781073,78.59790436875281,1.3714124977588653,1.6661702544160693,1.0766547411016614,0.42986009991726215,0.11353619609560285,127111870.2,1.1079279832671363,0.4152701999045216,0.0448095013507106
2023-07-24,1.5086840391159058,1.5849870443344116,1.4954890012741089,1.5812729597091675,159483790,-0.04616359178702267,-0.04726310209881362,1.5389164209365844,1.5114362001419068,1.3826842486858368,1.479888035214576,1.4123939552207767,0.0674940799937993,0.04876027020246382,0.018733809791335487,71.96296748836689,1.3826842486858368,1.6804725068223845,1.0848959905492892,0.4307393512576404,0.11567884683609009,130924328.2,1.2181371651292536,0.14743379761463876,0.04457321705705635
2023-07-25,1.4503090381622314,1.5204789638519287,1.4458980560302734,1.508505940437317,96349078,-0.03869266157802154,-0.03946111008745136,1.5226006269454957,1.5108702063560486,1.3935057997703553,1.4753374202834462,1.4152024798831067,0.06013494040033951,0.051035204242038966,0.009099736158300543,65.40419666807679,1.3935057997703553,1.6841701820315202,1.1028414175091903,0.41716996414233143,0.11773033652986799,131165183.65,0.7345629024322263,0.05914357533794305,0.04458553908473082
2023-07-26,1.5116859674453735,1.5395419597625732,1.4299509525299072,1.45026695728302,108196821,0.042319897117180094,0.041448899206935244,1.5233536243438721,1.51322500705719,1.4096624493598937,1.4809295044622042,1.4223494048877192,0.058580099574484956,0.05254418330852816,0.006035916265956794,68.6634882569848,1.4096624493598937,1.6880214054984126,1.1313034932213748,0.3949299440655704,0.1205701231956482,132396441.5,0.8172184975228356,0.7458185623182937,0.04381330378312462
2023-07-27,1.496338963508606,1.5647850036621094,1.493257999420166,1.5119529962539673,100156162,-0.010152243433669494,-0.010204128925180455,1.5097438097000122,1.5147162079811096,1.4232897996902465,1.483300190469343,1.4278301129337108,0.05547007753563227,0.053129362153948985,0.0023407153816832824,59.62573883428754,1.4232897996902465,1.689767210521077,1.156812388859416,0.3744527795939022,0.11075583526066371,134493773.15,0.7446899559304987,0.043074132495149894,0.043919776787335225
2023-07-28,1.4786289930343628,1.4996939897537231,1.4647029638290405,1.4963699579238892,82898789,-0.011835533863742254,-0.011906131387147934,1.489129400253296,1.5197015047073363,1.4363986492156982,1.4825815447101154,1.4315929929411664,0.05098855176894901,0.05270120007694899,-0.0017126483079999838,52.16104671690914,1.4363986492156982,1.6852453418477449,1.1875519565836514,0.34648694882569253,0.09686755282538277,136541726.4,0.6071315427574673,0.39798848011524196,0.04405775139317391
2023-07-29,1.5085560083389282,1.51534104347229,1.475782036781311,1.4785209894180298,47997141,0.020239705460631363,0.020037605040307264,1.4891037940979004,1.5140101075172425,1.4511344492435456,1.486577616037625,1.4372939570447043,0.04928365899292064,0.05201769186014333,-0.002734032867222687,54.27323634988438,1.4511344492435456,1.678463875227151,1.2238050232599402,0.313312699732418,0.09235541309629168,136949845.5,0.3504723997662341,0.828482967957364,0.04399875972705467
2023-07-30,1.6189279556274414,1.6190370321273804,1.5010789632797241,1.5085020065307617,186268252,0.07316397049788281,0.07061126697622498,1.5228275775909423,1.522714102268219,1.4720747470855713,1.5069392067437506,1.4507483273100923,0.0561908794336583,0.05285232937484634,0.003338550058811965,59.429570567290675,1.4720747470855713,1.6782178561074765,1.265931638063666,0.2800715241261077,0.09473878145217896,142140207.7,1.3104543395148003,0.9990752095913681,0.04568504176460016
2023-07-31,1.6152180433273315,1.725111961364746,1.6104669570922852,1.6189700365066528,265182674,-0.002291585791210804,-0.0022942154921550576,1.543533992767334,1.533443808555603,1.4916887998580932,1.5235974892950708,1.4629312692372953,0.060666220057775444,0.054415107511432165,0.006251112546343279,59.68786378443366,1.4916887998580932,1.6709136339625756,1.3124639657536108,0.24029788803339192,0.09430278199059623,152649182.2,1.7372033716666713,0.04144171698348031,0.04585996763175548
2023-08-01,1.6466549634933472,1.6466610431671143,1.5571739673614502,1.6153329610824585,153697437,0.019462957521980018,0.01927597640658925,1.5735971927642822,1.5416705012321472,1.5132257461547851,1.542529408402498,1.4765404317747806,0.06598897662771752,0.05672988133468924,0.009259095293028284,66.27675617794154,1.5132257461547851,1.651838736234327,1.3746127560752432,0.18320199802543327,0.09168979099818639,156630579.7,0.9812734990471341,0.9999319491330815,0.04560652772940687
2023-08-02,1.6391880512237549,1.672104001045227,1.6101109981536865,1.646582007408142,179623029,-0.004534594335264597,-0.004544906795181338,1.6057090044021607,1.5474192023277282,1.526653951406479,1.5573999688365376,1.4885884035858157,0.06881156525072196,0.059146218117895784,0.009665347132826178,56.82489201874618,1.526653951406479,1.6589926793647667,1.3943152234481913,0.17337095657646112,0.082516576562609,156221320.7,1.1497984282500053,0.46903758526690625,0.03752860394450948
2023-08-03,1.7149879932403564,1.7436219453811646,1.637431025505066,1.6389880180358887,237704094,0.046242371008019534,0.04520505104635572,1.6469954013824464,1.5680495977401734,1.53974289894104,1.581644280283279,1.505358743560226,0.07628553672305305,0.06257408183892724,0.013711454884125812,65.72252273794642,1.53974289894104,1.6918082973263235,1.3876775005557564,0.19752050617004527,0.08097849573407855,148870399.55,1.5967183182051181,0.7303539749184077,0.03665465106324014
2023-08-04,1.6854779720306396,1.7458839416503906,1.6780879497528076,1.715108036994934,157713048,-0.017207129919294406,-0.017356893061565223,1.6603054046630858,1.5915664911270142,1.5512183487415314,1.5976186943982575,1.5187009086321086,0.07891778576614894,0.06584282262437158,0.013074963141777363,65.10278511899259,1.5512183487415314,1.7111034245655,1.391333272917563,0.20614129010745608,0.08227135453905378,148035535.3,1.0653729030694428,0.10900380658133607,0.03709414418015071
2023-08-05,1.6889230012893677,1.7146910429000854,1.6545130014419556,1.6854939460754395,106693142,0.0020439479577283315,0.002041861938094798,1.6750463962554931,1.6092901945114135,1.5612576007843018,1.6116655108430438,1.5313099525326461,0.08035555831039765,0.06874536976157679,0.011610188548820857,61.642990422137885,1.5612576007843018,1.7294636663242837,1.3930515352443198,0.21547509578878363,0.0809907146862575,146619561.9,0.727686951300323,0.5718031576903678,0.03696343824219757
2023-08-06,1.70169198513031,1.7221850156784058,1.6756830215454102,1.688889980316162,91968639,0.007560429830841375,0.007531993020957856,1.6860538005828858,1.629825496673584,1.5722708523273468,1.6255157376564693,1.5439308438361767,0.08158489382029255,0.07131327457331994,0.010271619246972605,61.31429477098983,1.5722708523273468,1.7471790281127502,1.3973626765419433,0.22249115096994437,0.0774640781538827,141661083.05,0.6492159809870943,0.5593084442234862,0.03686434491324108
2023-08-07,1.7967849969863892,1.800436019897461,1.6872470378875732,1.701611042022705,173855859,0.055881447810190554,0.0543759136505868,1.7175731897354125,1.6616410970687867,1.5906713008880615,1.651864854476457,1.562660781106563,0.089204073369894,0.07489143433263476,0.01431263903725924,76.0801035621727,1.5906713008880615,1.7789378745223043,1.4024047272538187,0.2367133593585737,0.07915628807885307,141671220.8,1.2271783783485262,0.9677439223882051,0.03690343212139552
2023-08-08,1.6818050146102905,1.8108839988708496,1.668823003768921,1.7966530323028564,200912981,-0.06399206503223576,-0.06613132501081641,1.7109365940093995,1.6789659976959228,1.5964880526065826,1.6564710329585852,1.571486279884617,0.08498475307396824,0.07691009808090146,0.008074654993066782,69.00799872518421,1.5964880526065826,1.7886250614289267,1.4043510437842384,0.240699588711162,0.08397629431315831,141830340.65,1.4165726464395967,0.09138335204692549,0.03511220016841571
2023-08-09,1.5526909828186035,1.7013380527496338,1.5267690420150757,1.681480050086975,177062822,-0.07677110644220875,-0.07987808653673215,1.6843791961669923,1.672342300415039,1.597528201341629,1.640504871398588,1.5700940356575048,0.07041083574108309,0.07561024561293779,-0.005199409871854702,53.02986447946228,1.597528201341629,1.7884138781456493,1.4066425245376086,0.23897628429183485,0.08861758027757917,142877416.35,1.2392638845474195,0.14849107072063825,0.03918027769630104
2023-08-10,1.5771830081939697,1.593893051147461,1.5495589971542358,1.5528240203857422,121236060,0.01577392130590316,0.015650805995696196,1.6620311975479125,1.668538796901703,1.6009913027286529,1.630763046290185,1.5706191447342799,0.0601439015559051,0.07251697680153125,-0.012373075245626156,55.89392057148787,1.6009913027286529,1.7874948565635649,1.4144877488937408,0.23298509306958046,0.08667522668838501,143757409.1,0.8433378200052717,0.6230877242374,0.039090344264700504
2023-08-11,1.5856839418411255,1.5999579429626465,1.5752300024032593,1.5773299932479858,91845747,0.005389947522253635,0.005375473740430239,1.6388295888900757,1.6624416947364806,1.602056097984314,1.623827799451868,1.5717350556310834,0.05209274382078455,0.06843213020538191,-0.016339386384597365,57.91104873400951,1.602056097984314,1.7879218245628459,1.416190371405782,0.2320339803486105,0.08594214916229248,143983818.15,0.6378893696534467,0.4227580208379903,0.03825081873225668
2023-08-12,1.5507969856262207,1.5946639776229858,1.541864037513733,1.5857130289077759,77623394,-0.02200120420870111,-0.022246840245318162,1.589631986618042,1.6536025881767273,1.6005108952522278,1.6125922896325375,1.570184087482575,0.04240820214996255,0.06322734459429805,-0.020819142444335498,53.09876958008942,1.6005108952522278,1.787598963283879,1.4134228272205767,0.23378543512153666,0.08688793012074061,140823447.95,0.5512107190242959,0.16918478320536023,0.0385235622234644
2023-08-13,1.5393049716949463,1.563060998916626,1.5300370454788208,1.5506709814071655,77459105,-0.007410392229150409,-0.007437985588571532,1.561131978034973,1.6360342860221864,1.6020419418811798,1.601317317642139,1.5678967455723802,0.03342057206975868,0.05726599008939017,-0.02384541801963149,43.16771596808029,1.6020419418811798,1.7864478735098008,1.4176360102525587,0.23021361277481223,0.08082120759146554,136722213.7,0.5665436720470538,0.2806424563054037,0.03704018950671376
2023-08-14,1.5303009748458862,1.5725020170211792,1.5085599422454834,1.5392849445343018,98745301,-0.005849391130820281,-0.005866565826210359,1.5566539764404297,1.620516586303711,1.6060415387153626,1.5903917264427154,1.5651118736667142,0.0252798527760012,0.05086876262671238,-0.025588909850711182,42.77904738116593,1.6060415387153626,1.779750495535368,1.4323325818953572,0.2163193823230144,0.07719956977026803,136842024.85,0.7216007005760117,0.3400113192534901,0.035866484396533026
2023-08-15,1.471619963645935,1.5323899984359741,1.4531309604644775,1.5302070379257202,114324345,-0.038346058824056395,-0.039100621541586215,1.5355413675308227,1.5987862825393677,1.6040382385253906,1.572119147550903,1.5581865469985083,0.013932600552394758,0.04348153021184886,-0.029548929659454104,35.77494437085785,1.6040382385253906,1.7831684350799963,1.424908041970785,0.2233490352689871,0.07646899563925606,137148401.05,0.833581318664597,0.23327309190121234,0.03578330277821085
2023-08-16,1.4077810049057007,1.4867089986801147,1.3813190460205078,1.4715520143508911,132094376,-0.0433800575673583,-0.04434910075206782,1.4999607801437378,1.5693951845169067,1.5996103405952453,1.5468363563747183,1.5470453957323744,-0.0002090393576561489,0.03474341629794786,-0.03495245565560401,32.772135984523544,1.5996103405952453,1.7937030325406158,1.4055176486498748,0.24267496529579188,0.07956877776554652,138745311.75,0.9520637081994953,0.25108613967974214,0.03699458453299218
2023-08-17,1.3672120571136475,1.458757996559143,1.2857199907302856,1.4079639911651611,200982774,-0.028817655338921666,-0.029241037733123223,1.463243794441223,1.5264378905296325,1.5940394937992095,1.519201848796092,1.5337244076865426,-0.01452255889045051,0.024890221260268183,-0.039412780150718696,22.675274637581808,1.5940394937992095,1.8081194892231531,1.3799594983752659,0.2686006165552506,0.08434356961931501,144649511.0,1.389446619007236,0.4709489183230189,0.03741521435413508
2023-08-18,1.4397170543670654,1.4527790546417236,1.34921395778656,1.3673419952392578,181258225,0.053031274026711595,0.05167293264120462,1.443326210975647,1.50222909450531,1.5905975461006165,1.506973418883934,1.526760900033248,-0.019787481149313946,0.015954680778351757,-0.0357421619276657,31.912610265423126,1.5905975461006165,1.8125338622579426,1.3686612299432905,0.2790603024648285,0.08689850568771362,151312565.2,1.197905968750307,0.8738763404847784,0.03917545008866942
2023-08-19,1.4714640378952026,1.5105069875717163,1.4313369989395142,1.4397979974746704,96586041,0.022050849110830217,0.02181124505537359,1.4315588235855103,1.49410640001297,1.5832243502140044,1.50151043719336,1.5226648361711705,-0.021154398977810462,0.00853286482711931,-0.029687263804929774,34.635628723854055,1.5832243502140044,1.810921106246545,1.355527594181464,0.28763675344149764,0.0882550733430045,146828454.65,0.6578155523752902,0.5068465283434643,0.0355397665949643
2023-08-20,1.4727200269699097,1.4847309589385986,1.4542670249938965,1.471582055091858,63087234,0.0008535642342326621,0.0008532001554433737,1.4317788362503052,1.483660101890564,1.5760994493961333,1.4970811433128293,1.518965220674781,-0.021884077361951748,0.0024494763893050963,-0.024333553751256846,33.55464182751088,1.5760994493961333,1.8084512403851607,1.343747658407106,0.2948440735488495,0.08710949761526925,136723682.65,0.4614214068640726,0.6057325344843363,0.03555541571477546
2023-08-21,1.532256007194519,1.546481966972351,1.4666399955749512,1.4725300073623657,141738314,0.040425864478195184,0.039630114412335764,1.456673836708069,1.4783173084259034,1.570379501581192,1.502492660833089,1.5199497233799468,-0.01745706254685775,-0.001531831397927474,-0.015925231148930276,29.978211824948232,1.570379501581192,1.8010443283569326,1.3397146748054516,0.29376953347071516,0.08472756828580584,136125726.5,1.0412309094269554,0.8218234376345863,0.03657780369907278
2023-08-22,1.5774190425872803,1.585927963256836,1.5102390050888062,1.5316170454025269,159065049,0.029474862673537494,0.029048830163359483,1.4987152338027954,1.4809795141220092,1.5672910511493683,1.51401979648758,1.5242067099878973,-0.010186913500317418,-0.0032628478184054633,-0.006924065681911955,41.16549845627539,1.5672910511493683,1.795719970920375,1.3388621313783615,0.2914952134812345,0.07998670850481306,135097827.5,1.1774064168426395,0.8875803056177777,0.03728411397895602
2023-08-23,1.5581899881362915,1.6132030487060547,1.5306450128555298,1.5773869752883911,127960636,-0.012190200531273732,-0.01226511042600864,1.5224098205566405,1.4828680157661438,1.559451150894165,1.5208152105873816,1.5267239898507414,-0.005908779263359865,-0.003792034107396344,-0.0021167451559635205,50.57173998887977,1.559451150894165,1.777042305908148,1.3418599958801822,0.27906120033220594,0.0734144960130964,129610654.6,0.9872694215989247,0.33364374116404294,0.035618719338053974
2023-08-24,1.5851819515228271,1.5853819847106934,1.5291240215301514,1.5585349798202515,105022688,0.01732263946761714,0.017174313035304933,1.5451534032821654,1.488356113433838,1.5544363498687743,1.5307177861159118,1.5310542092338588,-0.0003364231179470156,-0.0031009119095064784,0.0027644887915594628,50.82736137073188,1.5544363498687743,1.7642831239860395,1.3445895757515092,0.26999725544887115,0.07426620381219047,126976136.6,0.8271057130273406,0.9964441806813011,0.035790174361283025
2023-08-25,1.4687860012054443,1.5864269733428955,1.4635339975357056,1.5848729610443115,152907327,-0.07342750162248912,-0.07626298658519587,1.5443665981292725,1.4880727171897887,1.5434294998645783,1.5211898192066091,1.5264417493799023,-0.005251930173293173,-0.003531115562263818,-0.0017208146110293553,40.115105413164,1.5434294998645783,1.746560639129617,1.3402983605995398,0.2632204960224765,0.08127799204417638,129286845.85,1.1826982551450342,0.042736398951025385,0.03911588063107059
2023-08-26,1.4808789491653442,1.4966009855270386,1.450996994972229,1.4687509536743164,74453824,0.008233294673271052,0.00819958599859293,1.5340911865234375,1.495382511615753,1.53238884806633,1.5149881468925683,1.5230667271417868,-0.008078580249218481,-0.004440608499654751,-0.00363797174956373,43.85067621959518,1.53238884806633,1.7229135369311765,1.3418641592014833,0.24866363273951433,0.08076399564743042,128411105.1,0.5798082957234826,0.6552485270936119,0.03912864509895357
2023-08-27,1.4518239498138428,1.492266058921814,1.4366270303726196,1.4808850288391113,79341442,-0.01962010424138816,-0.019815133700600385,1.50897216796875,1.5038437008857728,1.5151407957077025,1.5052705781112259,1.5177894843767539,-0.012518906265527985,-0.006056268052829399,-0.006462638212698586,42.53657449105704,1.5151407957077025,1.6624384493366555,1.3678431420787496,0.19443427838025068,0.08237935815538679,123685384.25,0.6414779117282808,0.2731341129805198,0.03637005577134262
2023-08-28,1.4209500551223755,1.4543659687042236,1.4051120281219482,1.451843023300171,92523120,-0.02126559125534888,-0.021494961566812777,1.4815241813659668,1.5019670009613038,1.5020980477333068,1.492298189959095,1.5106161933208742,-0.018318003361779134,-0.008508615114619348,-0.009809388247159786,41.00635994953455,1.5020980477333068,1.6324833168293738,1.3717127786372398,0.173604205521498,0.08133020571299962,118265891.2,0.7823313980151193,0.32155851080353226,0.03422074203525755
2023-08-29,1.4928669929504395,1.5195319652557373,1.412376046180725,1.4209439754486084,140102593,0.05061186884705138,0.049372726682221986,1.4630611896514893,1.5041072964668274,1.4991068482398986,1.4923856981116095,1.5093014377378788,-0.016915739626269355,-0.010190040016949349,-0.006725699609320006,51.71024094963553,1.4991068482398986,1.627332089363418,1.3708816071163792,0.171068848460093,0.08332284007753644,116417879.75,1.203445667459856,0.7511571918094089,0.03252561663833736
2023-08-30,1.482226014137268,1.5015829801559448,1.4627710580825806,1.4930839538574219,94139443,-0.007127881360777466,-0.007153406070848609,1.465749192237854,1.5050578951835631,1.4943589985370636,1.4908226698078646,1.5072958508045002,-0.01647318099663564,-0.011446668212886608,-0.005026512783749031,56.55357330255011,1.4943589985370636,1.617336419195825,1.371381577878302,0.16458885820496014,0.0785672664642334,115063048.9,0.8181552974649188,0.5012622411559612,0.03228934032410957
2023-08-31,1.3914270401000977,1.4936109781265259,1.375741958618164,1.482269048690796,112709891,-0.06125852142058108,-0.0632151533570629,1.4478588104248047,1.4909749984741212,1.4846461534500122,1.475531034468208,1.4987129759375075,-0.023181941469299527,-0.013793722864169194,-0.009388218605130333,51.958498686813755,1.4846461534500122,1.607938125328422,1.3613541815716024,0.16608936963451476,0.074626624584198,116106256.1,0.9707477855708759,0.1330721186672778,0.03476540275603708
2023-09-01,1.3167129755020142,1.4010740518569946,1.3028709888458252,1.3915339708328247,102838857,-0.05369599874436004,-0.05519140716066832,1.420836615562439,1.4649043917655944,1.472941952943802,1.4510974869349476,1.4852314944237672,-0.03413400748881967,-0.01786177978909929,-0.016272227699720383,40.08689969681371,1.472941952943802,1.6130848706229624,1.3327990352646415,0.19028980388408748,0.07424362216676984,117367029.25,0.8762158985974334,0.14095268337086156,0.03622795085543155
2023-09-02,1.317605972290039,1.3364100456237793,1.2893179655075073,1.316890001296997,74808520,0.0006782015554183118,0.0006779716806718278,1.4001677989959718,1.4408459901809691,1.4618570029735565,1.4305603308357309,1.472814789080528,-0.04225445824479723,-0.02274031548023888,-0.019514142764558352,36.95140033431947,1.4618570029735565,1.614419585021419,1.309294420925694,0.20872435776896867,0.07195234298706055,117234500.0,0.6381101126374915,0.6006955034845063,0.03627434880667763
2023-09-03,1.3377879858016968,1.3435059785842896,1.3136409521102905,1.3176469802856445,68910518,0.015317184299476594,0.015201060523555836,1.3691519975662232,1.4161065936088562,1.4522313535213471,1.4162876623689562,1.4628128036524666,-0.046525141283510374,-0.027497280640893185,-0.01902786064261719,38.91243751386078,1.4522313535213471,1.6107862439231586,1.2936764631195357,0.21836037352774423,0.07190956388201032,115742760.85,0.5953764839712652,0.8085385635617436,0.03662033649787732
2023-09-04,1.339095950126648,1.3649920225143433,1.3213039636611938,1.337656021118164,64447840,0.0009777067359200142,0.0009772290919943857,1.3405259847640991,1.4031375885009765,1.4456051528453826,1.404412014331678,1.4536485922801838,-0.04923657794850578,-0.0318451401024157,-0.017391437846090076,32.44815723112386,1.4456051528453826,1.6116482186761762,1.279562087014589,0.22972118701150354,0.06932714155742101,113248935.6,0.5690811984991407,0.4072504675191543,0.035842842829535974
2023-09-05,1.3441369533538818,1.3452810049057007,1.3110350370407104,1.3390940427780151,55062594,0.0037644824680092004,0.00375741453639957,1.331067967414856,1.3894633889198302,1.4424229502677917,1.3951389280274016,1.4455366190263836,-0.05039769099898206,-0.035555650281728975,-0.014842040717253084,27.135203041984326,1.4424229502677917,1.6138697501799761,1.2709761503556072,0.2377205657749063,0.06636692796434675,109397346.5,0.5033265957689385,0.96659281985379,0.03465344320048841
2023-09-06,1.3301650285720825,1.3550900220870972,1.3046059608459473,1.3441669940948486,63388260,-0.010394718147534454,-0.010449120557082414,1.3337583780288695,1.3772974967956544,1.4405705988407136,1.3851429434958138,1.4369905752890282,-0.05184763179321439,-0.03881404658402606,-0.013033585209188327,27.417753822004656,1.4405705988407136,1.6161886431832546,1.2649525544981726,0.24381733805183597,0.06407592977796282,102517620.8,0.6183157539684144,0.5062798442709963,0.03413659945512383
2023-09-07,1.3383320569992065,1.3448649644851685,1.3067690134048462,1.330132007598877,50590495,0.006139861033552574,0.006121088886526144,1.3379035949707032,1.3690356969833375,1.4355013489723205,1.3779412686501817,1.4296825368971895,-0.051741268247007755,-0.04139949091662241,-0.010341777330385347,24.606620513541202,1.4355013489723205,1.6169783929803354,1.2540243049643056,0.2528413423476541,0.06277864319937569,95984234.3,0.5270708816812429,0.8285141705130424,0.03177232906322315
2023-09-08,1.298848032951355,1.3454610109329224,1.2983030080795288,1.3386069536209106,50467805,-0.029502412231223296,-0.02994636193125981,1.3301156044006348,1.349633800983429,1.426870548725128,1.3657730785426698,1.419991092160461,-0.054218013617791216,-0.043963195456856174,-0.010254818160935042,29.2322834358892,1.426870548725128,1.6173420455074057,1.2363990519428505,0.26697796370169524,0.057369002274104526,93678322.5,0.5387351486786071,0.011557418110906494,0.031710819988198594
2023-09-09,1.293423056602478,1.2993860244750977,1.2858630418777466,1.2989230155944824,36506010,-0.004176759875864633,-0.004185506902043353,1.3209810256958008,1.33075350522995,1.4179057002067565,1.3546423059364865,1.410615682119129,-0.05597337618264242,-0.04636523160201343,-0.009608144580628988,26.711920994686892,1.4179057002067565,1.6160156090851863,1.2197957913283268,0.2794401755342992,0.055077501705714633,92349261.3,0.3953037575623791,0.5590489435165649,0.03167574870010719
2023-09-10,1.26897394657135,1.2933900356292725,1.2401249408721924,1.2933900356292725,69023285,-0.018902639709663216,-0.019083578377682733,1.3059484243392945,1.3185081958770752,1.404741597175598,1.34146255834185,1.4001237017081822,-0.058661143366332213,-0.048824413954877195,-0.009836729411455018,27.02115120083917,1.404741597175598,1.6058252918955433,1.2036579024556529,0.28629278882927395,0.05491029364722116,88713509.85,0.7780470541263339,0.5416117330609973,0.029824513182109363
2023-09-11,1.2788020372390747,1.2788020372390747,1.2310060262680054,1.2689449787139893,97066820,0.00774491130750099,0.0077150734439678055,1.2956758260726928,1.3147171020507813,1.389810746908188,1.3318224781721923,1.3911369117475076,-0.059314433575315295,-0.05092241787896483,-0.008392015696350466,31.13847660674041,1.389810746908188,1.5810115315077162,1.1986099623086597,0.2751465046947995,0.0548061558178493,85613598.4,1.1337780657984817,0.9999997907775627,0.028726550012971742
2023-09-12,1.3369890451431274,1.3644870519638062,1.279405951499939,1.279405951499939,123580443,0.04550118486648502,0.04449637318718595,1.295407223701477,1.31665540933609,1.3787506997585297,1.3326173346292594,1.3871259586657017,-0.0545086240364423,-0.05163965911046033,-0.0028689649259819663,28.534539620023637,1.3787506997585297,1.5538544798681717,1.2036469196488877,0.25400354123527796,0.053272519792829244,85394588.75,1.4471694847292065,0.676802328145955,0.03128199699950973
2023-09-13,1.3533480167388916,1.375156044960022,1.331421971321106,1.3370670080184937,82688131,0.01223568110388884,0.012161430217723581,1.3063072204589843,1.3182114124298097,1.3671590030193328,1.3358066703384337,1.3846238888933453,-0.04881721855491161,-0.05107517099935059,0.0022579524444389792,32.527772597143894,1.3671590030193328,1.5129674003841858,1.2213506056544798,0.21330130152065582,0.05362410204751151,84277860.9,0.9811370402259462,0.5013491444982543,0.03109261460972278
2023-09-14,1.3575090169906616,1.3786189556121826,1.3379590511322021,1.3525639772415161,68026584,0.003074597369120635,0.003069880460552834,1.319124412536621,1.320052719116211,1.3615951538085938,1.3391454929003148,1.382615379863517,-0.0434698869632022,-0.04955411419212092,0.006084227228918722,43.98979305158607,1.3615951538085938,1.4993450176039176,1.22384529001327,0.2023360077479947,0.048109165259769986,80033823.75,0.849972934099628,0.48081669891571455,0.026976601927942788
2023-09-15,1.4061059951782227,1.4181760549545288,1.3504270315170288,1.3576289415359497,93149199,0.03579864117241094,0.0351727631438962,1.3465508222579956,1.326249623298645,1.3578565061092376,1.3494471086353774,1.3843554254423842,-0.03490831680700679,-0.0466249547150981,0.011716637908091312,67.45595408414337,1.3578565061092376,1.4856757947175292,1.230037217500946,0.18826626824441306,0.0459338767187936,80968592.5,1.1504361891927417,0.8218414468238715,0.028284565241561376
2023-09-16,1.39370596408844,1.4351780414581299,1.3839880228042603,1.4059220552444458,58932748,-0.008818702951487678,-0.008857817843902183,1.3695316076278687,1.3326037168502807,1.3549506068229675,1.356256163320464,1.3850480579346847,-0.028791894614220714,-0.043058342694922626,0.014266448080701911,64.22110113938471,1.3549506068229675,1.4762513016744085,1.2336499119715265,0.17904814277453537,0.04622658661433628,79948157.8,0.7371370350699938,0.18984051268830604,0.028036571995059018
2023-09-17,1.3738360404968262,1.3936799764633179,1.3562309741973877,1.3936799764633179,51077041,-0.014256897870570384,-0.014359503835057068,1.3769010066986085,1.3361541152000427,1.35259490609169,1.358960759809135,1.3842175381244728,-0.02525677831533768,-0.03949802981900564,0.014241251503667958,56.74430679455571,1.35259490609169,1.4702747341040763,1.2349150780793037,0.17400601981035257,0.04677015542984009,77875853.85,0.6558777653774643,0.47010762725656613,0.027821663154747513
2023-09-18,1.3694850206375122,1.421854019165039,1.3601499795913696,1.3733880519866943,82496180,-0.0031670590456635006,-0.003172084791190018,1.3801284074783324,1.3432178139686584,1.3464258074760438,1.3605798768596544,1.383126240532846,-0.022546363673191516,-0.036107696589842815,0.013561332916651299,55.62154499979271,1.3464258074760438,1.4444359424921824,1.2484156724599051,0.14558564530171111,0.04805701119559152,74995533.2,1.100014580601715,0.15128733220333174,0.024994029049725384
2023-09-19,1.3807059526443481,1.4124629497528076,1.3663469552993774,1.3694109916687012,66106870,0.008193541249259084,0.008160156426134447,1.3847677946090697,1.3519461035728455,1.3413498044013976,1.3636761962111459,1.382946959948513,-0.019270763737367025,-0.03274031001934766,0.013469546281980632,56.613532125420456,1.3413498044013976,1.417916324867268,1.2647832839355273,0.11416339006369715,0.048904870237622945,73593904.55,0.8982655615871926,0.31136689995489536,0.02512766949730405
2023-09-20,1.3903100490570068,1.4025360345840454,1.3671300411224365,1.380702018737793,72945463,0.006955931778424462,0.00693185089048883,1.3816086053848267,1.3640797138214111,1.341293954849243,1.3677737120335858,1.3834923739565494,-0.015718661922963673,-0.02933598040007086,0.013617318477107187,61.051877119050616,1.341293954849243,1.4177081529034274,1.2648797567950587,0.11394101610302577,0.04782786539622715,71605683.15,1.018710523956505,0.6546914553545883,0.021152810789885273
2023-09-21,1.298367977142334,1.3957940340042114,1.2923439741134644,1.3902579545974731,127974642,-0.0661306245876836,-0.0684187055528527,1.3625410079956055,1.366036307811737,1.3403767049312592,1.357095906665701,1.3771868630814224,-0.02009095641572145,-0.02748697560320098,0.007396019187479529,44.38514693384937,1.3403767049312592,1.4184555503355767,1.2622978595269416,0.11650283851855182,0.05249601602554321,72862472.4,1.756386213432966,0.05823101942059139,0.022927764908291914
2023-09-22,1.2918460369110107,1.3113000392913818,1.276924967765808,1.2981770038604736,61215594,-0.0050231832162696,-0.005035841809830673,1.3461430072784424,1.3615220069885254,1.3390887081623077,1.3470574651649794,1.3708653204021326,-0.02380785523715323,-0.026751151529991433,0.002943296292838203,48.91581823356838,1.3390887081623077,1.419562299428244,1.2586151168963715,0.12019157621958264,0.05158294950212751,72182826.1,0.8480631378327261,0.43406643658726857,0.02294845465971998
2023-09-23,1.2967660427093506,1.3035470247268677,1.2833709716796875,1.2919570207595825,41786304,0.0038085078699503505,0.0038012738652111176,1.3315992116928101,1.3558638095855713,1.3370376110076905,1.3393203232487285,1.365376485017482,-0.026056161768753583,-0.026612153577743866,0.0005559918089902832,50.51843520308691,1.3370376110076905,1.419711823718605,1.254363398296776,0.12366774431813503,0.052058168819972446,70826615.4,0.5899802463241806,0.6639090588852612,0.022667369982685003
2023-09-24,1.2639080286026,1.2986350059509277,1.2621790170669556,1.296731948852539,42274866,-0.02533842884881521,-0.025664974751304182,1.3082396268844605,1.3465037107467652,1.3332782149314881,1.3277184317647088,1.3578603030608243,-0.030141871296115452,-0.02731809712141818,-0.0028237741746972717,49.23433941595319,1.3332782149314881,1.4221630117614759,1.2443934181015004,0.1333327070592767,0.050855159759521484,69717966.7,0.6063697494493911,0.04742735320865639,0.023283093531144012
2023-09-25,1.2489500045776367,1.275117039680481,1.2369730472564697,1.263808012008667,65008427,-0.011834740888149287,-0.011905328914177117,1.2799676179885864,1.3307881116867066,1.3285188674926758,1.315600212197467,1.3497928735435512,-0.03419266134608412,-0.02869300996635137,-0.00549965137973275,45.55707230941684,1.3285188674926758,1.424838200263964,1.2321995347213877,0.14500258163901333,0.050165729863303046,70215258.35,0.9258447312969262,0.31399319840719253,0.023319048821372798
2023-09-26,1.2865040302276611,1.286579966545105,1.248445987701416,1.2489310503005981,59949823,0.0300684779313678,0.029625283460131643,1.2775948286056518,1.3200679183006288,1.3263358175754547,1.3111238765098048,1.3451048110757073,-0.033980934565902565,-0.02975059488626161,-0.004230339679640954,41.99456271684201,1.3263358175754547,1.4244602696237416,1.2282113655271678,0.14796320923860543,0.04676922730037144,70043336.5,0.8558961636557676,0.998008435001249,0.024410426700732325
2023-09-27,1.2691010236740112,1.3173470497131348,1.2611680030822754,1.2864149808883667,78719675,-0.013527362639175089,-0.013619690994035791,1.273045825958252,1.309594416618347,1.322874265909195,1.3046588222273752,1.339474900897804,-0.034816078670428796,-0.03076369164309505,-0.004052387027333747,36.68499364503139,1.322874265909195,1.4240538389467596,1.2216946928716303,0.15296929669733228,0.04765815394265311,71449795.5,1.1017480798807884,0.14120957288161726,0.02448750551685231
2023-09-28,1.3234950304031372,1.3401639461517334,1.268962025642395,1.2691580057144165,90195271,0.042860265427614896,0.041967193340207515,1.2783916234970092,1.3049954175949097,1.324106615781784,1.3075567004082618,1.3382912067870878,-0.03073450637882602,-0.030757854590241246,2.334821141522503e-05,45.36081066228237,1.324106615781784,1.4246524474413564,1.2235607841222116,0.15186969155079372,0.04983972651617868,73436168.8,1.2282131880496467,0.7658922218912309,0.02558799982742186
2023-09-29,1.3349369764328003,1.3480260372161865,1.3155579566955566,1.3234829902648926,69407281,0.00864525046699871,0.008608094285271052,1.2925974130630493,1.3004185199737548,1.3261823117733003,1.311769050565883,1.3380427452793628,-0.026273694713479845,-0.029861022614888964,0.0035873279014091188,39.198454153828344,1.3261823117733003,1.4257705174642026,1.226594106082398,0.15018780571388904,0.04731965916497367,75081232.35,0.9244291659525485,0.5968635489952951,0.025605411637991723
2023-09-30,1.3463809490203857,1.3602969646453857,1.3191579580307007,1.3350369930267334,63790667,0.008572668814797346,0.008536132152138179,1.3120836019515991,1.2960256099700929,1.330052661895752,1.317093958020422,1.3386603900009202,-0.021566431980498235,-0.028202104488010818,0.006635672507512583,42.796428253883576,1.330052661895752,1.4262380055452717,1.2338673182462323,0.1446338876724245,0.04660172973360334,74819601.45,0.8525929804989625,0.6617316900075703,0.025164139654379376
2023-10-01,1.411391019821167,1.4189399480819702,1.3446730375289917,1.3462549448013306,84750486,0.04828504952337753,0.047155542735254144,1.3370609998703002,1.3073279142379761,1.3366821110248566,1.3316011982974596,1.3440478440616794,-0.012446645764219832,-0.02505101274325262,0.012604366979032788,55.025783474965365,1.3366821110248566,1.43621312349818,1.237151098551533,0.14892248748210063,0.04922972406659808,74203784.75,1.1421315810983617,0.8983539615673419,0.02710190385435549
2023-10-02,1.3936539888381958,1.4613679647445679,1.3754980564117432,1.4114149808883667,137404216,-0.012567056707799229,-0.012646690039430085,1.3619715929031373,1.3175087094306945,1.33951535820961,1.341147781457573,1.3477223733043844,-0.006574591846811417,-0.021355728563964383,0.014781136717152966,53.122531933165526,1.33951535820961,1.44225740768525,1.23677330873397,0.15340182379538292,0.05095585754939488,74894973.4,1.8346253394890717,0.21143530562218243,0.025638875331647756
2023-10-03,1.3216910362243652,1.3983759880065918,1.3056440353393555,1.3937729597091675,110190450,-0.051636168798125937,-0.05301706216733313,1.3616107940673827,1.320001208782196,1.3379325091838836,1.3381544360370796,1.3457941261132718,-0.0076396900761921405,-0.018612520866409937,0.010972830790217797,43.40985338427038,1.3379325091838836,1.4407526559513966,1.2351123624163707,0.15370004998268785,0.054285568850381036,76270089.35,1.4447400145860718,0.1730471395563315,0.028198372639241416
2023-10-04,1.3309400081634521,1.3387049436569214,1.2757869958877563,1.3217829465866089,99757057,0.006997832084499889,0.006973460888526822,1.3608114004135132,1.3267044067382812,1.3366040587425232,1.3370445240565216,1.3446938210799517,-0.0076492970234300905,-0.01641987609781397,0.008770579074383878,43.36493446628457,1.3366040587425232,1.4390450836888435,1.2341630337962028,0.15328552128249084,0.0562507084437779,77856613.0,1.281292020756156,0.8765861803404768,0.02824037320251998
2023-10-05,1.3011510372161865,1.3405970335006714,1.2957379817962646,1.3310730457305908,82532896,-0.022381903590358743,-0.02263617967880834,1.3517654180526733,1.3319245100021362,1.3313563108444213,1.3315224491580084,1.3414684296826356,-0.00994598052462714,-0.015125096983176602,0.0051791164585494615,50.36120844694912,1.3313563108444213,1.4294678450869338,1.2332447766019088,0.147385840204242,0.052065636430467875,77325797.85,1.0673397274231942,0.12066804819928105,0.02727301803910881
2023-10-06,1.305637001991272,1.3215479850769043,1.2929589748382568,1.3010430335998535,69214928,0.003447689504735063,0.003441759848441828,1.3306146144866944,1.3338378071784973,1.326952862739563,1.327540072670818,1.3388142498536457,-0.01127417718282775,-0.014354913023106833,0.0030807358402790835,51.79941472786588,1.326952862739563,1.4211073762331132,1.2327983492460128,0.14191086381043455,0.051652346338544576,77839906.85,0.8891959253417324,0.4434579096165252,0.02728538522269706
2023-10-07,1.2913049459457397,1.3126269578933716,1.2748860120773315,1.305569052696228,63600226,-0.010977060257693294,-0.011037752742368855,1.310144805908203,1.3360581994056702,1.3228263080120086,1.3219654377900367,1.3352950421567638,-0.013329604366727033,-0.014149851291830872,0.0008202469251038392,49.304529763988576,1.3228263080120086,1.4155525791885641,1.230100036835453,0.1401941745714264,0.05290698153632028,78466066.1,0.8105443430660276,0.435042873541377,0.02722332963086267
2023-10-08,1.2801170349121094,1.3036880493164062,1.2607790231704712,1.2915370464324951,76644598,-0.008664034834495626,-0.008701785792879214,1.301830005645752,1.3317203998565674,1.3183579087257384,1.3155272219626633,1.3312077823608635,-0.015680560398200205,-0.01445599311310474,-0.0012245672850954657,52.184803060662105,1.3183579087257384,1.4102262139998296,1.2264896034516473,0.13936777663493016,0.05336791276931763,78173487.0,0.9804423589291853,0.45067457763136326,0.02725562539569503
2023-10-09,1.228482961654663,1.2868330478668213,1.2001409530639648,1.2801380157470703,119837558,-0.040335431721671755,-0.041171463620876605,1.281338596343994,1.3210749983787538,1.3107467591762543,1.302135797299894,1.3235985363826264,-0.02146273908273244,-0.01585734230703028,-0.005605396775702161,47.48947624236491,1.3107467591762543,1.4060254272172814,1.2154680911352271,0.1453807417397782,0.05683563436780657,80860021.4,1.4820371788820723,0.326927217364832,0.028343948186129925
2023-10-10,1.2435669898986816,1.2503379583358765,1.2202739715576172,1.2283920049667358,73015806,0.012278581563476942,0.012203811207954789,1.269821786880493,1.3107936024665832,1.303409606218338,1.2931252115458611,1.317670273680112,-0.024545062134250895,-0.017594886272474405,-0.00695017586177649,44.426004529987495,1.303409606218338,1.3954356263435685,1.2113835860931075,0.14120813547205818,0.05625920636313302,80863538.55,0.9029509134682804,0.7747811614292334,0.028491058050200604
2023-10-11,1.2437700033187866,1.2570470571517944,1.2248129844665527,1.2435510158538818,76695535,0.00016325089179280994,0.00016323756781605537,1.257448387145996,1.2940315008163452,1.3006797075271606,1.2855321025878497,1.3121961795792731,-0.02666407699142348,-0.01940872441626422,-0.00725535257515926,46.557864078298984,1.3006797075271606,1.3964965965761975,1.2048628184781236,0.147333564896162,0.05454885108130319,78299583.2,0.9795139624702369,0.5881048031471767,0.024619110961255446
2023-10-12,1.1890619993209839,1.2470240592956543,1.172611951828003,1.2438490390777588,75190579,-0.04398562744866319,-0.04498233199423046,1.236999797821045,1.2735723018646241,1.2955405056476592,1.270690548239101,1.3030751291897702,-0.032384580950669095,-0.022003895723145196,-0.0103806852275239,31.74798269102284,1.2955405056476592,1.4035964494505626,1.1874845618447558,0.16681214262596086,0.054778150149754117,78998332.45,0.9517995718148858,0.22106678391637177,0.026362588578212078
2023-10-13,1.2087990045547485,1.2289119958877563,1.1887370347976685,1.1891640424728394,59036795,0.016598802455242367,0.016462548039849634,1.2227361917495727,1.2622830986976623,1.2911421537399292,1.261168772287662,1.2960917125501388,-0.034922940262476665,-0.02458770463101149,-0.010335235631465173,33.25145749336467,1.2911421537399292,1.405939081342841,1.1763452261370175,0.1778222905516489,0.05532864161900112,79860857.0,0.7392456983024863,0.4993648834766638,0.02670987538127333
2023-10-14,1.20026695728302,1.2195069789886475,1.1986219882965088,1.2088570594787598,44258067,-0.0070582844952550294,-0.007083312022399266,1.2170929908752441,1.249215793609619,1.2879601001739502,1.251799262286948,1.2889935825303522,-0.03719432024340419,-0.02710902775349003,-0.010085292489914157,30.44785623883965,1.2879601001739502,1.4092784580070101,1.1666417423408904,0.18838837913794812,0.05388192619596209,79960017.05,0.553502470770171,0.07876317605919034,0.026219493242348835
2023-10-15,1.208739995956421,1.2141799926757812,1.1908949613571167,1.2002489566802979,44184995,0.007059295119296483,0.00703449494161846,1.210127592086792,1.2399746894836425,1.2859495997428894,1.2451747597745593,1.2830488724137645,-0.03787411263920526,-0.02926204473063308,-0.00861206790857218,18.047714530812883,1.2859495997428894,1.4112571194600032,1.1606420800257755,0.19488713981040567,0.05024036339351109,78918845.45,0.5598788825160138,0.7663733276264442,0.026196439369494156
2023-10-16,1.2353299856185913,1.2584069967269897,1.2087990045547485,1.2087990045547485,81416333,0.02199810525929613,0.021759637826072133,1.208439588546753,1.2329439878463746,1.283390897512436,1.2436601791351796,1.2795141400585666,-0.035853960923386996,-0.030580427969183865,-0.005273532954203131,25.71479561647122,1.283390897512436,1.4107242583064419,1.15605753671843,0.1984327004980524,0.04765444142477853,79992170.95,1.017803767957369,0.5348125282636058,0.02574597906551974
2023-10-17,1.1960430145263672,1.2381069660186768,1.1881380081176758,1.235314965248108,61243012,-0.03180281507742333,-0.03231950901787318,1.2098357915878295,1.2234177947044373,1.2797379970550538,1.2363344615030545,1.2733310937228481,-0.03699663221979366,-0.03186366881930582,-0.005132963400487835,28.57970858980488,1.2797379970550538,1.412857694830763,1.1466182992793446,0.20804211187297028,0.04459994179861886,79118337.8,0.774068486560141,0.15819831268784426,0.02650067864408614
2023-10-18,1.187222957611084,1.2146999835968018,1.183735966682434,1.1960489749908447,53868974,-0.0073743643064342335,-0.007401689350328612,1.2055205821990966,1.2141283869743347,1.272924393415451,1.2287788455196744,1.2669527132701248,-0.038173867750450396,-0.03312570860553474,-0.005048159144915659,25.463444259282923,1.272924393415451,1.4104896176472566,1.1353591691836455,0.2161404478434056,0.042317518166133335,77302022.95,0.6968637034873354,0.11261425841972438,0.024247513812829975
2023-10-19,1.1709970235824585,1.1887669563293457,1.1643290519714355,1.1871670484542847,46645033,-0.013667132971615592,-0.013761388016234274,1.1996665954589845,1.2083797931671143,1.264727395772934,1.2198893344524104,1.259844884404372,-0.03995554995196149,-0.03449167687482009,-0.0054638730771413985,26.699969568136424,1.264727395772934,1.4062155166965136,1.1232392748493543,0.2237448503076185,0.04085886478424072,76163910.55,0.6124295964212411,0.2728535468848075,0.024092831041640846
2023-10-20,1.2341829538345337,1.2498730421066284,1.167309045791626,1.1707359552383423,74220982,0.05395908698279106,0.052553632461402246,1.204755187034607,1.2074413895606995,1.2591174960136413,1.222088352818891,1.257944000658458,-0.03585564783956685,-0.03476447106776944,-0.00109117677179741,39.429876382104496,1.2591174960136413,1.3957891812889855,1.122445810738297,0.21709123367445216,0.04471422093255179,76685426.3,0.9678629379934738,0.809964426723274,0.027464304624726144
2023-10-21,1.2689290046691895,1.2868469953536987,1.2273199558258057,1.2342530488967896,67035434,0.02815307951442847,0.027764065980465588,1.2114749908447267,1.2099572896957398,1.2519943952560424,1.2292946069497062,1.2587577046592529,-0.029463097709546693,-0.033704196396124896,0.004241098686578203,46.87847881074771,1.2519943952560424,1.3686316906837606,1.1353570998283242,0.18632239228812994,0.04627037048339844,75799673.7,0.8843762872293208,0.6989939728809623,0.025764093674115515
2023-10-22,1.3113449811935425,1.3114219903945923,1.2487599849700928,1.2689019441604614,79418180,0.03342659547403981,0.032880072434926785,1.2345353841781617,1.2221855878829957,1.24787894487381,1.241917741448758,1.2626530584766076,-0.020735317027849476,-0.03111042052246981,0.010375103494620334,54.00726008893838,1.24787894487381,1.3481276269363704,1.1476302628112494,0.16067052413116573,0.04768129757472447,72900371.9,1.0894070624075924,0.9987708789682547,0.02707164692429465
2023-10-23,1.3559410572052002,1.3668429851531982,1.2803750038146973,1.3219029903411865,140546181,0.03400789010613203,0.03344240672069465,1.268279004096985,1.2368997931480408,1.2495914459228517,1.2594597900266722,1.2695632806046517,-0.010103490577979546,-0.02690903453357176,0.016805543955592216,66.65665477286919,1.2495914459228517,1.3561224730886021,1.1430604187571012,0.17050537199712484,0.04766528947012765,74418158.45,1.8886006309122796,0.8739193801169772,0.025658561775823836
2023-10-24,1.3927459716796875,1.4300949573516846,1.3512920141220093,1.355978012084961,163972902,0.027143447186670278,0.026781597129033618,1.3126287937164307,1.2561476945877075,1.2526817440986633,1.2799653564348283,1.2786879243879878,0.0012774320468404987,-0.021271741217489308,0.022549173264329807,68.44790436957724,1.2526817440986633,1.3719706147291806,1.133392873468146,0.19045359476576185,0.05114664350237165,77628950.7,2.112264825447396,0.5260457363426282,0.026270083082258918
2023-10-25,1.3828580379486084,1.4159419536590576,1.3579859733581543,1.393183946609497,96859964,-0.007099596001095554,-0.007124918054863528,1.3423638105392457,1.2735594987869263,1.2567670941352844,1.2957949997446407,1.286404229096182,0.009390770648458835,-0.01513923884429968,0.024530009492758513,66.79766896719721,1.2567670941352844,1.3880398179018616,1.1254943703687073,0.20890541195606183,0.052983922617776055,78345304.1,1.2363212462149344,0.42915433696016814,0.025721743616592355
2023-10-26,1.4105180501937866,1.4709299802780151,1.369009017944336,1.3828129768371582,160700890,0.020002062023814382,0.019804648886111182,1.3706816196441651,1.291078305244446,1.2620111465454102,1.3134446998137401,1.2955978454737822,0.017846854339957918,-0.008542020207448158,0.02638887454740608,78.61470725233451,1.2620111465454102,1.4089487236286236,1.115073569462197,0.23286256620701906,0.05494884082249233,82919602.2,1.9380325729541428,0.4072668391894282,0.025989556252425154
2023-10-27,1.3670730590820312,1.4115409851074219,1.350870966911316,1.410519003868103,95484676,-0.03080073389049265,-0.03128504725269509,1.3818272352218628,1.3081813097000121,1.2657995522022247,1.3216952166242466,1.30089230574106,0.020802910883186643,-0.0026730339893211966,0.02347594487250784,69.27022722252201,1.2657995522022247,1.4196610301209167,1.1119380742835328,0.2431055970133745,0.05641277347292219,84513824.7,1.1298113218629424,0.26705265602225725,0.026958445344458147
2023-10-28,1.3740170001983643,1.3919810056686401,1.3659069538116455,1.3670220375061035,61156425,0.005079422105644937,0.0050665653593635045,1.3854424238204956,1.3268607139587403,1.2704945504665375,1.3297447217894955,1.3063089497749345,0.02343577201456104,0.0025487272114552524,0.020887044803105787,71.23658835881639,1.2704945504665375,1.4317485827493084,1.1092405181837666,0.25384450838227823,0.05678342069898333,83739416.05,0.7303182645014397,0.31103885659238584,0.026814889340511662
2023-10-29,1.4104950428009033,1.4213390350341797,1.3592170476913452,1.3740190267562866,71628462,0.026548465264456533,0.026202170453344966,1.3889922380447388,1.3508105158805848,1.2795951545238495,1.342167848098943,1.3140264381472284,0.028141409951714547,0.007667263759507113,0.020474146192207433,73.07951616642347,1.2795951545238495,1.4510854293934914,1.1081048796542077,0.2680383311289658,0.05955748898642404,81328961.25,0.8807251549644008,0.8254402192925115,0.02512697816158635
2023-10-30,1.42113196849823,1.4404000043869019,1.3890069723129272,1.4106429815292358,102302320,0.007541271237794911,0.007512978007435827,1.3966470241546631,1.3695054173469543,1.288473403453827,1.354316174314218,1.3219601811361914,0.03235599317802662,0.012605009643211018,0.0197509835348156,72.05973517334772,1.288473403453827,1.4701906611362054,1.1067561457714485,0.2820659816419569,0.059680776936667304,82793286.95,1.2356354454411476,0.6250845423600796,0.025099209671778547
2023-10-31,1.3954700231552124,1.4410159587860107,1.3535269498825073,1.4211410284042358,135613223,-0.018057397843309064,-0.018222422278205527,1.3936374187469482,1.3821595191955567,1.2960584044456482,1.360647535674371,1.3274053546190818,0.0332421810552892,0.016732443925626655,0.016509737129662545,74.4690473495004,1.2960584044456482,1.4825211881493818,1.1095956207419146,0.2877382424497879,0.06236078057970319,85739171.35,1.5816950509867507,0.4794095738913985,0.025684085037352783
2023-11-01,1.436208963394165,1.4511940479278564,1.3487050533294678,1.3955329656600952,132593003,0.02919370503340546,0.028775685038116464,1.407464599609375,1.394645917415619,1.3084157526493072,1.3722723707081856,1.335464881195014,0.03680748951317159,0.020747453043135643,0.016060036470035944,78.3307190684355,1.3084157526493072,1.4977578954699262,1.1190736098286882,0.2894219859967829,0.06746970755713326,88609292.55,1.4963780793665755,0.8537882713134771,0.023275426485728383
2023-11-02,1.3717529773712158,1.462304949760437,1.35406494140625,1.4365040063858032,128173913,-0.044879253413529496,-0.04591751027759203,1.4070117950439454,1.3962271094322205,1.3165634512901305,1.3721924640409595,1.3381528883191773,0.03403957572178218,0.023405877578864955,0.010633698142917224,70.583697099494,1.3165634512901305,1.5018370930938427,1.1312898094864183,0.28145037996027966,0.0734555721282959,92066148.45,1.3921937124328567,0.16341493870673943,0.026198351827687566
2023-11-03,1.4200880527496338,1.4248909950256348,1.3320180177688599,1.3717410564422607,102069047,0.035235990864073585,0.0346294112235792,1.4089303970336915,1.398961317539215,1.3275545060634613,1.3795610161499863,1.3442221597584705,0.035338856391515794,0.025792473341395127,0.009546383050120667,69.65973146527739,1.3275545060634613,1.5098362047941238,1.1452728073327987,0.2746127528445886,0.07419192790985107,94956697.45,1.07490097845647,0.9482847228471096,0.02673352293721151
2023-11-04,1.5003230571746826,1.5176810026168823,1.4157270193099976,1.420272946357727,118691085,0.056500020734414624,0.054961577699544066,1.424768614768982,1.4107078194618226,1.3421336591243744,1.3981397916922473,1.3557851891967085,0.042354602495538796,0.029104899172223864,0.013249703323314932,72.32258761942876,1.3421336591243744,1.5309290005027105,1.1533383177460383,0.2813361249005686,0.07722242389406477,98682001.95,1.2027632461301114,0.8297471743951048,0.02877373816415837
2023-11-05,1.54208505153656,1.5578639507293701,1.4894980192184448,1.5004680156707764,141819219,0.02783533463820853,0.027454973889710185,1.4540916204452514,1.4238645195961,1.357471412420273,1.42028521628368,1.3695851789996605,0.05070003728401962,0.03342392679458302,0.0172761104894366,72.28762032234575,1.357471412420273,1.559136108351649,1.1558067164888968,0.2971181478832363,0.07762984718595232,101702146.25,1.394456500961011,0.7691992702201214,0.028917684530395442
2023-11-06,1.570369005203247,1.5799670219421387,1.514822006225586,1.5419729948043823,124062892,0.018341370755461606,0.018175196646522476,1.480923628807068,1.4441941142082215,1.3761877119541168,1.4433750299636134,1.384458055014741,0.05891697494887249,0.038522536425440915,0.020394438523431577,71.38592276988618,1.3761877119541168,1.5841534710439404,1.1682219528642932,0.30223458222065186,0.07610677821295601,104843140.25,1.1833191156252114,0.8526667748869607,0.027076525733305178
2023-11-07,1.5125240087509155,1.57322096824646,1.474810004234314,1.570328950881958,144957262,-0.03683528919678647,-0.037530842553883864,1.5090778350830079,1.4580448150634766,1.3924527645111084,1.4540133343924293,1.3939444219581614,0.06006891243426793,0.04283181162720632,0.01723710080706161,61.46487127321024,1.3924527645111084,1.5887475022357278,1.196158026786489,0.2819409645016413,0.07750735112598964,109397554.65,1.3250502944400138,0.38322966412208115,0.02903428247179586
2023-11-08,1.5301690101623535,1.5456149578094482,1.4970669746398926,1.5125420093536377,111084999,0.011665931455864698,0.011598409110828876,1.5310940265655517,1.4700122117996215,1.4104113638401032,1.465729592203187,1.4040351321955091,0.061694460007677865,0.046604341303300635,0.01509011870437723,63.89393720657357,1.4104113638401032,1.5860294348477502,1.2347932928324563,0.24903099267364745,0.07683535133089338,112619552.95,0.9863740006970078,0.6818414801792291,0.028373973571445103
2023-11-09,1.7378970384597778,1.7442619800567627,1.5204459428787231,1.5296299457550049,343115224,0.13575495707848906,0.12729759023379764,1.5786088228225708,1.5016887187957764,1.4355970680713654,1.5076015070118933,1.4287656437706402,0.07883586324125313,0.05305064569089115,0.025785217550361984,73.04853374191319,1.4355970680713654,1.6458611267372778,1.225333009405453,0.2929290722896069,0.08554214239120483,126064265.05,2.721748497592974,0.9715616834573004,0.03853531008197463
2023-11-10,1.722898006439209,1.7973699569702148,1.6466540098190308,1.738847017288208,278370882,-0.008630564232885662,-0.008668023236326535,1.6147714138031006,1.534431517124176,1.4582955181598662,1.5407240453853266,1.450553226190534,0.09017081919479253,0.06047468039167143,0.0296961388031211,76.09648248516679,1.4582955181598662,1.6897491949357268,1.2268418413840056,0.31743041639175823,0.0919739944594247,136631037.45,2.037391263327482,0.5058787275172025,0.03889818778235774
2023-11-11,1.689749002456665,1.7494250535964966,1.6545209884643555,1.7226179838180542,181164179,-0.01924025906272564,-0.019427761811006285,1.6386474132537843,1.5597855210304261,1.4772157192230224,1.5636509618578402,1.468271431839877,0.09537953001796318,0.06745565031692978,0.027923879701033397,72.29890879357063,1.4772157192230224,1.719693323725546,1.2347381147204988,0.32829004098339903,0.09689042397907802,141718337.4,1.278339714702298,0.37119600968935546,0.039442299947672656
2023-11-12,1.8165550231933594,1.8420679569244385,1.6358120441436768,1.6901079416275024,219725644,0.0750442938876339,0.07236186434718406,1.6994536161422729,1.6042657256126405,1.5002464175224304,1.6025592789863816,1.4940702163845794,0.10848906260180224,0.07566233277390427,0.03282672982789797,75.43336986001887,1.5002464175224304,1.7790081360085963,1.2214846990362644,0.3716212419910653,0.1071857043675014,145677310.55,1.508303820069391,0.8763044309850054,0.041576801132982594
2023-11-13,1.7970889806747437,1.9169750213623047,1.7900530099868774,1.8170809745788574,315641312,-0.010715911310187565,-0.010773740184894805,1.752837610244751,1.6419658184051513,1.5204635679721832,1.6324869253999756,1.5165160507764435,0.11597087462353217,0.08372404114382986,0.03224683347970231,73.29029096358369,1.5204635679721832,1.823951347155517,1.2169757887888493,0.3992042763485487,0.1125806314604623,153260731.05,2.0595054573831093,0.05543538159587184,0.041880352321562196
2023-11-14,1.794137954711914,1.829522967338562,1.6774259805679321,1.795964002609253,217261843,-0.0016421145500105094,-0.0016434642979377076,1.7640857934951781,1.6713473081588746,1.5410275638103486,1.6573563145248893,1.5370806362531448,0.12027567827174446,0.0910343685694128,0.029241309702331658,75.41228186822998,1.5410275638103486,1.860567622120286,1.221487505500411,0.4147103735378256,0.1171954870223999,159280825.0,1.3640175645750203,0.7673522595583502,0.04175581260086048
2023-11-15,1.860556960105896,1.875190019607544,1.7937849760055542,1.7940980195999146,196851498,0.037020010205763176,0.03635122530592909,1.7916175842285156,1.703194499015808,1.563529509305954,1.6886179523065825,1.5610418454274229,0.12757610687915966,0.09834271623136219,0.029233390647797466,76.19172842985265,1.563529509305954,1.9068698600209584,1.2201891585909497,0.4391862752464609,0.11568949052265712,161088355.4,1.2220094836227995,0.8202437213149839,0.04205906179899957
2023-11-16,1.8092379570007324,1.8984110355377197,1.774340033531189,1.8608160018920898,238761956,-0.02758260252469924,-0.027970145425739393,1.8155153751373292,1.7270813941955567,1.5856377542018891,1.7071748761056826,1.5794267425810014,0.12774813352468128,0.10422379969002601,0.02352433383465527,77.44768926908277,1.5856377542018891,1.93263823884425,1.2386372695595282,0.4376793926895607,0.11682027578353882,168252219.4,1.419071658320128,0.28127378752827875,0.041881414093446874
2023-11-17,1.7053409814834595,1.844735026359558,1.6464200019836426,1.809486985206604,202567138,-0.05742582124990814,-0.05914065851285845,1.793272566795349,1.746363091468811,1.6022039532661438,1.7068927384714945,1.5887537232404427,0.11813901523105175,0.10700684279823118,0.011132172432820567,66.73027720294306,1.6022039532661438,1.9381240840279956,1.266283822504292,0.41932255887531406,0.12435185057776314,175322755.05,1.1553955899348616,0.2971079811736784,0.04487840191173239
2023-11-18,1.739596962928772,1.761749029159546,1.614179015159607,1.7060470581054688,137253959,0.02008746744332246,0.01988837601506741,1.7817741632461548,1.767305886745453,1.6186590492725372,1.711924157618768,1.5999272965506894,0.1119968610680786,0.10800484645220067,0.003992014615877934,64.83361271106864,1.6186590492725372,1.9471997514704547,1.2901183470746198,0.40594182245553345,0.12761013848440989,178604029.9,0.7684818706321922,0.849887696495983,0.044789692210243995
2023-11-19,1.7838890552520752,1.789720058441162,1.7043930292129517,1.7397710084915161,108564012,0.02546112304584236,0.025142387568724722,1.779724383354187,1.7719050884246825,1.6367969036102294,1.7229956803315847,1.613554093491533,0.10944158684005179,0.1082921945297709,0.0011493923102808834,64.94358579931352,1.6367969036102294,1.9594225099260534,1.3141712972944055,0.394215807232063,0.12882164546421596,178917114.5,0.6067838300622717,0.9316627737018784,0.044886296720213034
2023-11-20,1.7306280136108398,1.8054959774017334,1.7290699481964111,1.783532977104187,136000689,-0.029856700720499285,-0.030311487179909915,1.7537385940551757,1.7726780891418457,1.653554803133011,1.72416988545147,1.6222262357225927,0.10194364972887726,0.10702248556959217,-0.005078835840714904,59.60747118008775,1.653554803133011,1.957689004410251,1.3494206018557708,0.36785500027092327,0.12962743214198522,178936487.8,0.7600500639758281,0.020386578064616075,0.04538188959304875
2023-11-21,1.5999540090560913,1.7509119510650635,1.5843039751052856,1.730484962463379,161385322,-0.07550669671763022,-0.07850947179139293,1.7118818044662476,1.7636985898017883,1.661742055416107,1.7050597506214118,1.6205764411547037,0.08448330946670812,0.10251465034901536,-0.018031340882307234,54.82046746603793,1.661742055416107,1.9496224647643894,1.3738616460678248,0.34648025956855966,0.13449864728110178,180376103.75,0.8947156449486176,0.09393327613109653,0.04914833322870145
2023-11-22,1.7376539707183838,1.7559250593185425,1.595574975013733,1.5989619493484497,137867126,0.0860649499191104,0.08256102627875324,1.7183444023132324,1.7558084845542907,1.6800371050834655,1.710074246020946,1.6292488507520133,0.08082539526893262,0.09817679933299882,-0.017351404064066198,60.102321622640034,1.6800371050834655,1.9349392099513842,1.4251350002155467,0.30344818468191515,0.14248451164790563,180860764.4,0.7622832207824064,0.8860549556932149,0.05063844105647519
2023-11-23,1.8203749656677246,1.8416539430618286,1.7280360460281372,1.7374370098114014,154005237,0.047604987151234734,0.04650659418918609,1.734500002861023,1.758137083053589,1.70005145072937,1.7270435875050658,1.6434063407457697,0.08363724675929607,0.09526888881825828,-0.011631642058962208,54.57240246896186,1.70005145072937,1.9307215816798549,1.4693813197788852,0.27136841164603676,0.13461321592330933,183457573.9,0.8394596839264099,0.8127144923749203,0.05099754899114258
2023-11-24,1.7985639572143555,1.8713610172271729,1.791841983795166,1.8209999799728394,140450516,-0.011981602068103947,-0.012053960019086382,1.737434983253479,1.758579683303833,1.7149634957313538,1.738046721306495,1.6548994975212206,0.0831472237852744,0.09284455581166151,-0.009697332026387118,54.16331602324256,1.7149634957313538,1.9292467663186705,1.500680225144037,0.24989834608221176,0.12952772208622523,184545545.45,0.7610615344711915,0.08453287576248464,0.05026617894666611
2023-11-25,1.7840789556503296,1.8255250453948975,1.7684910297393799,1.7985739707946777,103676437,-0.008053648304206296,-0.008086254111512522,1.748125171661377,1.7509318828582763,1.7270631909370422,1.7451286035132387,1.6644683462715248,0.08066025724171388,0.09040769609767199,-0.009747438855958107,55.299089287146906,1.7270631909370422,1.9270996129394662,1.5270267689346182,0.2316492216985893,0.1268227185521807,182638406.35,0.5676595578769953,0.2733092348258903,0.05024682547488805
2023-11-26,1.8135689496994019,1.8218799829483032,1.7558590173721313,1.784140944480896,133078104,0.0165295341642111,0.016394408424843097,1.790848159790039,1.7513649821281434,1.73922318816185,1.7556578875418793,1.6755128354143307,0.08014505212754863,0.08835516730364733,-0.008210115176098695,49.81166173909997,1.73922318816185,1.92842765896243,1.55001871736127,0.2175735375291844,0.11680593660899571,183089166.95,0.7268485963254311,0.8741151099878481,0.05022973822083086
2023-11-27,1.724099040031433,1.8143830299377441,1.6772019863128662,1.8135279417037964,127667158,-0.049333613526410636,-0.05059208084935464,1.788137173652649,1.7532407879829406,1.749801939725876,1.7508026802325798,1.679111813534116,0.0716908666984637,0.08502230718261061,-0.013331440484146917,45.7699055910556,1.749801939725876,1.9065048756671485,1.5930990037846033,0.17910934075867088,0.11753872462681361,182224661.75,0.7006030730085853,0.3418624691920435,0.050895318968328114
2023-11-28,1.716055989265442,1.7441860437393188,1.6846330165863037,1.7239710092544556,115888628,-0.004665074673346203,-0.004675990094934925,1.7672733783721923,1.7508866906166076,1.7590962886810302,1.7454570354684047,1.681848419143844,0.06360861632456061,0.08073956901100061,-0.017130952686440007,45.501351451032725,1.7590962886810302,1.8785798837705827,1.6396126935914777,0.13584656605596193,0.110928441796984,182464843.2,0.6351285319823189,0.5276468536508092,0.050960372384731105
2023-11-29,1.6871839761734009,1.7238140106201172,1.6560529470443726,1.715867042541504,130915136,-0.016824633504178177,-0.01696777546258659,1.7449973821640015,1.7412161827087402,1.7565606355667114,1.7364919494230195,1.682243645590478,0.054248303832541644,0.07544131597530883,-0.021193012142767184,39.55950521652161,1.7565606355667114,1.880024627206011,1.6330966439274117,0.14057469937491457,0.10995387179510933,171854838.8,0.761777421655002,0.45942349325722326,0.04113629114083609
2023-11-30,1.6716049909591675,1.6951390504837036,1.6516510248184204,1.6873589754104614,108738518,-0.009233720468094453,-0.009276615523090762,1.722502589225769,1.735313880443573,1.7539959847927094,1.7265093404285807,1.6814555970992697,0.045053743329311,0.06936380144610926,-0.02431005811679826,41.338947187749106,1.7539959847927094,1.8824349419330964,1.6255570276523224,0.14645296597479515,0.10419794491359166,163373220.6,0.6655834879220102,0.4588380651250352,0.04114264542105392
2023-12-01,1.658511996269226,1.7169450521469116,1.6410870552062988,1.6715919971466064,133990343,-0.00783258889555516,-0.007863424741835821,1.6914911985397338,1.7411696791648865,1.7524341344833374,1.7160482105579107,1.679756071111859,0.036292139446051586,0.06274946904609773,-0.02645732960004614,46.6728822327524,1.7524341344833374,1.8848604134193712,1.6200078555473036,0.1511341012255236,0.0954510143824986,161014528.8,0.832163060057969,0.2297047044298009,0.040950894388510316
2023-12-02,1.758937954902649,1.7590359449386597,1.656581997871399,1.658486008644104,119692587,0.0605518433748613,0.05878937961260533,1.698458981513977,1.743298077583313,1.749553281068802,1.7226466327647934,1.6856213958371027,0.03702523692769066,0.057604622622416314,-0.02057938569472565,51.256043943112765,1.749553281068802,1.878569185359032,1.6205373767785718,0.14748439580121198,0.09222843817302159,156012875.95,0.7671968500751172,0.9990434724161371,0.03965827591867674
2023-12-03,1.719735026359558,1.7673540115356445,1.703855037689209,1.758862018585205,132316843,-0.022287840474316534,-0.02253996768001249,1.6991947889328003,1.7332340836524964,1.7456855833530427,1.722198693317834,1.6881483314313586,0.03405036188647537,0.05289377047522813,-0.01884340858875276,45.80598241134716,1.7456855833530427,1.8733319251883045,1.618039241517781,0.14624207595285726,0.09066929136003767,146846652.5,0.9010545405520906,0.2500825636635842,0.03989325230208327
2023-12-04,1.7951359748840332,1.849249005317688,1.713987946510315,1.7197070121765137,327499939,0.043844515212374535,0.042910546580093564,1.7207851886749268,1.732891285419464,1.7457354843616486,1.7334198135587877,1.6960733420574825,0.03734647150130521,0.04978431068044355,-0.012437839179138335,54.09851362495311,1.7457354843616486,1.87346233510486,1.6180086336184372,0.14633013063822375,0.09487179347446986,152358557.3,2.1495342618343365,0.5999363238012126,0.04115800129025554
2023-12-05,1.806378960609436,1.837893009185791,1.7134350538253784,1.794983983039856,202132886,0.006263027359879603,0.006243496111432431,1.7477399826049804,1.7351212859153748,1.7430265843868256,1.744644297720426,1.7042441286168866,0.040400169103539385,0.04790748236506272,-0.007507313261523332,65.46169226087665,1.7430265843868256,1.86253355581224,1.6235196129614111,0.1371258160901263,0.09186107771737236,152622626.7,1.3243965876522292,0.7467895406686528,0.040300241491737845
2023-12-06,1.7125600576400757,1.8461300134658813,1.7125600576400757,1.8063369989395142,194056157,-0.05193755298041547,-0.05333490651307744,1.7585495948791503,1.7250203967094422,1.7381926894187927,1.7397082607849874,1.7048601233593452,0.03484813742564219,0.04529561337717862,-0.01044747595153643,47.988159652022524,1.7381926894187927,1.8541927208334055,1.6221926580041799,0.133472004710134,0.0899482113974435,150387336.75,1.2903756472700485,0.0,0.04150497930989706
2023-12-07,2.1806960105895996,2.182797908782959,1.7124379873275757,1.7129930257797241,517136276,0.2733544735328113,0.2416547360634572,1.8429012060165406,1.7706800937652587,1.7619604408740996,1.807552529985697,1.740107226117142,0.06744530386855496,0.0497255514754539,0.017719752393101064,67.85410418658763,1.7619604408740996,1.9901560490088805,1.5337648327393187,0.2590246668893136,0.1154297845704215,166115793.65,3.1131072165816303,0.9955312771076064,0.07253287097899545
2023-12-08,2.1157889366149902,2.2374699115753174,2.08488392829895,2.179955005645752,433876044,-0.029764384242194408,-0.030216334137729225,1.922111988067627,1.8106533885002136,1.7807700395584107,1.8549735156209728,1.7679355009688345,0.08703801465213834,0.057188044110790794,0.029849970541347547,65.07484409510124,1.7807700395584107,2.0579613389457387,1.5035787401710827,0.31131622076937565,0.12064885241644722,180946897.9,2.3978086888219594,0.2025415809959974,0.0731884350864513
2023-12-09,2.0411319732666016,2.268080949783325,2.0208120346069336,2.115601062774658,352449983,-0.03528563840012833,-0.035923219801408834,1.9713111877441407,1.8460481882095336,1.793632185459137,1.883613278335685,1.788172276694595,0.09544100164108982,0.0648386356168506,0.030602366024239214,61.55462029522537,1.793632185459137,2.0943108005557947,1.4929535703624794,0.3352734384833637,0.13423705952508108,193141196.45,1.8248306911117305,0.08217748609200509,0.07386302124039783
2023-12-10,2.1691110134124756,2.2111010551452637,2.041469097137451,2.041469097137451,296458924,0.06270003205185115,0.06081286955728278,2.0438575983047484,1.8957987904548645,1.8155563354492188,1.9275360068090375,1.8163899608959195,0.11114604591311794,0.07410011767610407,0.03704592823701387,64.6817776506206,1.8155563354492188,2.157943527168364,1.4731691437300736,0.37717055101397245,0.14166192497525895,201164108.2,1.4737167909956217,0.752463806050672,0.07419370683747228
2023-12-11,2.2861061096191406,2.3849070072174072,2.0027410984039307,2.169095039367676,638185266,0.05393688727005563,0.0525325690759151,2.1585668087005616,1.958558201789856,1.8498639404773711,1.9827006380105918,1.8511837496902321,0.13151688832035968,0.0855834718049552,0.04593341651540449,72.69171703620802,1.8498639404773711,2.236000046716764,1.4637278342379783,0.41747514267427427,0.15916084391730173,225004105.4,2.8363272077434725,0.7414711706762939,0.07160201979272714
2023-12-12,2.338632106781006,2.4868319034576416,2.244330883026123,2.2861111164093018,436847940,0.02297618511269195,0.022716207238784435,2.190154027938843,2.0165276169776916,1.8799128472805022,2.0374593255137325,1.8872910354006598,0.15016829011307276,0.09850043546657872,0.05166785464649404,74.26561908901111,1.8799128472805022,2.3191645307150526,1.4406611638459517,0.46731068843960044,0.1722285577229091,239953146.1,1.820555167123937,0.38886937340875816,0.06991665455037546
2023-12-13,2.243917942047119,2.3674890995025635,2.1332828998565674,2.338141918182373,362754391,-0.04049981374122813,-0.04134276941374275,2.2157798290252684,2.0689459085464477,1.901089996099472,2.069222189595792,1.9137078433003973,0.1555143462953945,0.1099032176323419,0.045611128663052614,70.63998852347689,1.901089996099472,2.3682111262658325,1.4339688659331116,0.491424531321261,0.18411749601364136,250390603.8,1.4487540087157216,0.47238304380476165,0.07066035066448988
2023-12-14,2.259476900100708,2.3086979389190674,2.196233034133911,2.2441980838775635,294030849,0.006933835574840286,0.006909907084086652,2.2594488143920897,2.1153800010681154,1.9241356432437897,2.0984921450580867,1.9393203660263465,0.15917177903174018,0.11975692991222155,0.03941484911951863,71.79469977229583,1.9241356432437897,2.4148424934403367,1.4334287930472427,0.5100543217101811,0.18904441595077515,258069620.45,1.139347004452883,0.5623430746167618,0.07043993905184869
2023-12-15,2.0945239067077637,2.286633014678955,2.0943551063537598,2.2595601081848145,220900891,-0.0730049479087802,-0.07580705098045137,2.2445313930511475,2.144194495677948,1.9396578907966613,2.0978816468503445,1.9508169245953404,0.1470647222550041,0.12521848838077806,0.021846233874226045,64.5287134440808,1.9396578907966613,2.431349972906763,1.4479658086865594,0.5069884585762212,0.19736012390681676,263930843.15,0.8369650487361011,0.0008778977610856907,0.07294209604323959
2023-12-16,2.1780190467834473,2.2673799991607666,2.0950100421905518,2.0950100421905518,234519170,0.03986354121253455,0.03908949417188438,2.222913980484009,2.190740394592285,1.9578803956508637,2.1102104776092836,1.9676467114240892,0.1425637661851944,0.12868754394166132,0.013876222243533076,64.1239122037992,1.9578803956508637,2.4568565406559175,1.45890425064581,0.5097105483189412,0.20238884857722692,269002896.45,0.8718090886563761,0.48157463885364254,0.07323266058628065
2023-12-17,2.086793899536133,2.2112479209899902,2.0624821186065674,2.178123950958252,199788733,-0.04188445798122753,-0.042786900748527444,2.1725463390350344,2.1813501834869387,1.9760151386260987,2.106607927136491,1.9764724290620184,0.13013549807447267,0.1289771347682236,0.0011583633062490772,61.95157055107566,1.9760151386260987,2.4654894558476537,1.4865408214045437,0.49541555391309505,0.20847933632986887,272608975.2,0.7328765784524325,0.16342317189721825,0.07292534363115886
2023-12-18,2.2349328994750977,2.25356388092041,1.9718669652938843,2.0865321159362793,277900219,0.07098880247440542,0.06858233620498501,2.17074933052063,2.1932645797729493,2.0019589841365812,2.1263502305731996,1.9956176490926167,0.13073258148058287,0.12932822411069544,0.0014043573698874212,63.67232353646616,2.0019589841365812,2.4884127996415706,1.515505168631592,0.4859778041005076,0.21893904038837977,280709554.75,0.9899920195003622,0.9338615733775757,0.07397757233627086
2023-12-19,2.109541893005371,2.266753911972046,2.0925660133361816,2.2353100776672363,162237730,-0.05610504301904373,-0.057740393412670225,2.1407623291015625,2.200105571746826,2.0230768799781798,2.1237643324858415,2.0040564819750433,0.11970785051079824,0.127404149390716,-0.007696298879917768,58.800108434025944,2.0230768799781798,2.4881968329476183,1.5579569270087412,0.45981441197079487,0.22249117919376918,282275684.45,0.5747492219037997,0.0974572793377819,0.07539280306406661
2023-12-20,2.245063066482544,2.2675769329071045,2.1075639724731445,2.109355926513672,182604779,0.06424199202989134,0.06226280117809849,2.1708701610565186,2.207700777053833,2.0517497837543486,2.1424256761776417,2.0219088215681915,0.12051685460945016,0.12602669043446285,-0.005509835825012688,65.09193121259628,2.0517497837543486,2.495869582812382,1.6076299846963154,0.4329180902803562,0.22437996523720877,285968997.5,0.6385474670204416,0.8592996782479431,0.0760052389517211
2023-12-21,2.521451950073242,2.5352189540863037,2.2116239070892334,2.2451260089874268,301070307,0.1231096300665313,0.11610129349067747,2.2395567417144777,2.2312353610992433,2.0948967814445494,2.200737410623119,2.0589120162722696,0.14182539435084918,0.12918643121774012,0.012638963133109055,60.83518716862947,2.0948967814445494,2.545779489950947,1.6440140729381516,0.4304581614713147,0.21389675991875784,294322995.7,1.0229248526230599,0.9574560435477043,0.07929029996008356
2023-12-22,3.492616891860962,3.519714117050171,2.500075101852417,2.5214760303497314,962320942,0.3851609949416286,0.3258163747188541,2.5207213401794433,2.3466338396072386,2.1815807282924653,2.3994881000443256,2.1651123774269876,0.23437572261733797,0.1502242894976597,0.08415143311967827,77.77309135217892,2.1815807282924653,2.9293666983824487,1.4337947582024821,0.6855450824185445,0.27582911934171406,336454413.45,2.8601822521285163,0.9734246782247732,0.1131719313728856
2023-12-23,3.4309940338134766,3.5126171112060547,3.125533103942871,3.491192102432251,798165882,-0.01764374964545601,-0.01780125601479436,2.7599335670471192,2.4653414487838745,2.2671436786651613,2.558181320624195,2.258881389011172,0.29929993161302315,0.18003941792073241,0.11926051369229074,78.18421727461441,2.2671436786651613,3.168304930330644,1.3659824269996785,0.7949749812028362,0.28581591163362774,369746865.4,2.1586819434872755,0.7891334083755737,0.11304181200221591
2023-12-24,3.5830490589141846,3.7976510524749756,3.330984115600586,3.4362471103668213,756999434,0.044318067476119216,0.043364105393749804,3.054635000228882,2.5976986646652223,2.3565393328666686,2.7158532803611166,2.356967883078062,0.3588853972830548,0.21580861379319694,0.14307678348985786,78.39517675865694,2.3565393328666686,3.4034816622166835,1.3095970035166535,0.8885422065724121,0.307008615561894,391221840.15,1.9349621015783671,0.5401388399196947,0.11304262933788066
2023-12-25,3.385806083679199,3.7075209617614746,3.3647420406341553,3.58073091506958,607088068,-0.055048918390963486,-0.05662211832135673,3.282783603668213,2.726826882362366,2.4355106890201568,2.8189229424100524,2.4331781201596274,0.38574482225042495,0.24979585548464253,0.13594896676578241,71.3949555789707,2.4355106890201568,3.5441754384941424,1.3268459395461711,0.910416656738237,0.3041952592985971,411469599.25,1.475414147500959,0.06145081022269735,0.11483388118463776
2023-12-26,3.4768929481506348,3.4879980087280273,3.1063919067382812,3.38554310798645,514462044,0.02690256388589618,0.026547051943015515,3.4738718032836915,2.8567142724990844,2.523727333545685,2.9201490971393724,2.510490329640443,0.4096587674989296,0.2817684378875,0.1278903296114296,71.81780791493352,2.523727333545685,3.670308440805231,1.3771462262861387,0.9086410342504542,0.31413133655275616,427489893.6,1.2034484363304723,0.9708991281101625,0.11294626826139133
2023-12-27,3.9503369331359863,4.149229049682617,3.2175869941711426,3.474268913269043,1017179891,0.1361686977556147,0.12766181081913208,3.5654158115386965,3.0430685758590696,2.612209379673004,3.078639533446544,2.6171456336030756,0.46149389984346856,0.31771353027869376,0.1437803695647748,78.56133133720651,2.612209379673004,3.9104301970038593,1.313988562342149,0.993963828039976,0.36394818340029034,452492074.35,2.2479507347419685,0.786514441640805,0.10171679901287568
2023-12-28,3.589768886566162,4.121336936950684,3.589768886566162,3.9510929584503174,645534071,-0.09127526402756392,-0.09571305137650006,3.5971707820892336,3.178552174568176,2.6859083771705627,3.1572748185418704,2.6891918004892306,0.46808301805263985,0.347787427833483,0.12029559021915687,69.96057931105341,2.6859083771705627,4.031943538884327,1.339873215456798,1.0022941758957011,0.3938841223716736,463074975.7,1.3940163145809998,0.0,0.10464683880463392
2023-12-29,3.907871961593628,3.917473077774048,3.4429988861083984,3.590329885482788,671571732,0.08861380358437265,0.08490514706284391,3.662135362625122,3.358385181427002,2.779245376586914,3.272751302088295,2.7794644050154824,0.49328689707281237,0.3768873216813489,0.11639957539146345,76.01312645320014,2.779245376586914,4.19415270850734,1.3643380446664883,1.0181953301712567,0.4140409997531346,479031063.15,1.4019377523952123,0.9797647034407455,0.10416208807822659
2023-12-30,3.6147329807281494,3.9084529876708984,3.6138439178466797,3.9079930782318115,348743046,-0.07501243227680787,-0.07797498185928524,3.7079207420349123,3.4953521728515624,2.851526474952698,3.325363868032888,2.841336151364569,0.4840277166683191,0.398315400678743,0.08571231598957613,69.4408413701623,2.851526474952698,4.282801765848232,1.4202511840571637,1.0038660369928893,0.42273764099393574,481645269.25,0.7240661712364571,0.00301777148891743,0.10692522647478646
2023-12-31,3.707494020462036,3.897716999053955,3.606431007385254,3.6106090545654297,378075261,0.02566193415348783,0.025338193576152922,3.7540409564971924,3.6139563798904417,2.9225958704948427,3.3841531222527568,2.9054959935199367,0.47865712873282007,0.41438374628955843,0.06427338244326164,71.92133187821227,2.9225958704948427,4.376633488326853,1.4685582526628322,0.9950315967467771,0.43291765451431274,468639769.0,0.8067502717636411,0.34695458243039046,0.10678778045122757
2024-01-01,3.9886910915374756,4.093095779418945,3.5693650245666504,3.7099030017852783,445958535,0.07584558991153711,0.07310694764225054,3.7617117881774904,3.6635637998580934,3.005098819732666,3.477158963681175,2.985732667447162,0.491426296234013,0.4297922562784494,0.0616340399555636,72.89689318849493,3.005098819732666,4.506114702546045,1.504082936919287,0.9989793832782573,0.450205785887582,469095298.75,0.9506779031645539,0.8006519668346875,0.10727824786972295
2024-01-02,3.708077907562256,4.0320820808410645,3.658155918121338,3.9890799522399902,416821176,-0.07035219763460177,-0.07294947169647224,3.785373592376709,3.691272187232971,3.0783068180084228,3.5126849550474954,3.0392397222705023,0.47344523277699313,0.43852285157815823,0.034922381198834895,70.05737614093549,3.0783068180084228,4.565768540209693,1.590845095807152,0.966415507056971,0.464472804750715,471798638.0,0.8834726140095386,0.13350760947759763,0.10853839044352687
2024-01-03,3.474562883377075,3.9789841175079346,3.3331151008605957,3.7083470821380615,789377889,-0.0629746812247256,-0.06504497600389639,3.6987117767333983,3.6804235696792604,3.139061117172241,3.506820020944354,3.071485882352471,0.43533413859188297,0.4378851089809032,-0.002550970389020246,65.0566904440847,3.139061117172241,4.584365020298305,1.6937572140461765,0.9208510756413922,0.4991768087659563,496565990.0,1.5896736886873788,0.21900381761721113,0.11044199568727073
2024-01-04,3.7249579429626465,3.898138999938965,3.3824360370635986,3.4742770195007324,512382034,0.07206519726078509,0.06958687913953457,3.720756769180298,3.714338755607605,3.2205828189849854,3.5403797012548606,3.119891220175447,0.4204884810794134,0.43440578340060526,-0.013917302321191871,64.83279820657214,3.2205828189849854,4.600254203806807,1.840911434163164,0.856783670762204,0.5128988027572632,511140047.15,1.00242983670899,0.6641844703536888,0.10827938132028822
2024-01-05,3.4268360137939453,3.751800060272217,3.3146629333496094,3.7240560054779053,392432997,-0.08003363628089444,-0.08341817078231237,3.6646251678466797,3.709333062171936,3.2830236673355104,3.522911441645489,3.142627871554595,0.380283570090894,0.42358134073866305,-0.043297770647769074,49.02802157041389,3.2830236673355104,4.574225990620115,1.9918213440509056,0.7865933688699476,0.47129152502332416,519035738.5,0.756080878234168,0.256608443826166,0.11122435554271788
2024-01-06,3.229759931564331,3.4369590282440186,3.141066074371338,3.428987979888916,275752845,-0.05750963321160674,-0.059229580626376725,3.512838935852051,3.6372753620147704,3.3401719689369203,3.477811209325311,3.149082098221983,0.3287291111033279,0.40461089481159607,-0.07588178370826815,47.14100739572705,3.3401719689369203,4.503268483828309,2.177075454045531,0.6964291214392587,0.46477787835257395,522833944.1,0.5274195528270025,0.2997498015233546,0.11179549767794031
2024-01-07,3.175955057144165,3.4465789794921875,3.1723179817199707,3.2294399738311768,261136888,-0.016659094038022126,-0.01679941736775103,3.4064143657684327,3.595893979072571,3.3872230768203737,3.4313718012974426,3.1510726877717743,0.2802991135256683,0.37974853855441054,-0.09944942502874227,44.05019165098613,3.3872230768203737,4.432201726556144,2.3422444270846032,0.6170120042502215,0.45103459698813303,521995777.55,0.5002662841941986,0.013261365345871742,0.11171294208107181
2024-01-08,3.417396068572998,3.4685330390930176,2.9377849102020264,3.1760010719299316,382661690,0.07602154535711159,0.07327048510521258,3.3949810028076173,3.546846389770508,3.4526157855987547,3.429221688570605,3.1708003456089022,0.2584213429617028,0.35548309943586903,-0.0970617564741662,50.4558089165138,3.4526157855987547,4.307302416031956,2.5979291551655526,0.4950951299001732,0.46446096897125244,533016975.55,0.7179165158954758,0.9036511354955077,0.11069246254765586
2024-01-09,3.6271309852600098,3.683419942855835,3.1062281131744385,3.4176840782165527,445327088,0.061372727210571965,0.05956309597183966,3.3754156112670897,3.5480861902236938,3.521719181537628,3.4596692726766674,3.204602615212688,0.2550666574639795,0.33539981104149114,-0.08033315357751164,52.09600488982657,3.521719181537628,4.161882034339148,2.8815563287361083,0.3635513337676267,0.47843137809208464,546153091.0,0.8153887533339989,0.9024778873746793,0.11064702443925166
2024-01-10,3.9310190677642822,4.066659927368164,3.517764091491699,3.6292009353637695,794509110,0.0837819432877438,0.08045672345355337,3.476252222061157,3.5704386949539186,3.59219753742218,3.5321846257670697,3.258411241327621,0.27377338443944854,0.32307452572108264,-0.0493011412816341,49.7171084104813,3.59219753742218,4.054283918175274,3.130111156669086,0.2572722551804291,0.45109236240386963,570825031.15,1.3918610198283698,0.7528841389074579,0.1092351301196257
2024-01-11,3.9860661029815674,4.080965042114258,3.6615591049194336,3.933288097381592,597911174,0.014003248081061237,0.01390610839962166,3.6275134563446043,3.570176196098328,3.6168699979782106,3.602012545338531,3.3123116014501357,0.2897009438883953,0.3163998093545452,-0.026698865466149913,56.37372061877957,3.6168699979782106,4.10832962770341,3.125410368253012,0.27175963194691494,0.4430807828903198,552604542.75,1.0819874390183883,0.7737300823523907,0.06960969746220498
2024-01-12,3.9259800910949707,4.25083589553833,3.7525970935821533,3.9806289672851562,783570850,-0.01507401290752619,-0.01518878064084077,3.777518463134766,3.591966414451599,3.6416193008422852,3.651853706224137,3.3577685266090125,0.2940851796151245,0.3119368834066611,-0.01785170379153661,50.31759507048761,3.6416193008422852,4.14341152290931,3.1398270787752605,0.2755874135173675,0.44477825505392893,551874791.15,1.4198344671029282,0.34799175285458794,0.0695604541939866
2024-01-13,3.807360887527466,3.925196886062622,3.6929850578308105,3.9224939346313477,288331854,-0.030213908582104265,-0.030679756115217574,3.855511426925659,3.625246214866638,3.652834892272949,3.6757778879631107,3.3910716644548238,0.2847062235082869,0.3064907514269863,-0.021784527918699392,53.59877197930588,3.652834892272949,4.159122167204294,3.1465476173416045,0.27720238656410295,0.44037725244249615,528441412.15,0.545626908434186,0.49254952102173455,0.0695675251763016
2024-01-14,3.4781429767608643,3.8405890464782715,3.464332103729248,3.806391954421997,241001651,-0.0864687957070438,-0.09043774469662756,3.8257138252258303,3.60056471824646,3.6574517369270323,3.645372517008919,3.3975213912923086,0.24785112571661028,0.2947628262849111,-0.046911700568300796,46.06299096585983,3.6574517369270323,4.155096484075833,3.1598069897782315,0.2721264874800064,0.4464466060910906,510137091.3,0.4724252658944033,0.03670596099476877,0.07133472645480687
2024-01-15,3.44903302192688,3.614335060119629,3.427901029586792,3.47780704498291,272783331,-0.008369395688584969,-0.008404615732007558,3.7293166160583495,3.6027844190597533,3.656058740615845,3.6151664408424513,3.40133706763561,0.21382937320684148,0.2785761356692972,-0.0647467624624557,39.85860680343308,3.656058740615845,4.155982308251039,3.156135172980651,0.27347676998810155,0.42235398292541504,498053155.65,0.5476992323118514,0.1133483578411523,0.07116784187340094
2024-01-16,3.5987589359283447,3.654802083969116,3.4120290279388428,3.4490890502929688,231814724,0.04341098303483837,0.04249513774860687,3.6518551826477053,3.639684319496155,3.638479840755463,3.612642209317204,3.4159609097313677,0.19668129958583647,0.26219716845260505,-0.06551586886676858,47.839360704437475,3.638479840755463,4.119189892906281,3.1577697886046447,0.2642367544633737,0.4129859038761684,458784897.3,0.5052797626169809,0.7691541365886816,0.06469036172319947
2024-01-17,3.4525539875030518,3.617297887802124,3.4111549854278564,3.598515033721924,215028067,-0.040626491251095076,-0.04147480260631874,3.557169961929321,3.6673442125320435,3.631619095802307,3.5880132521150268,3.418671508084826,0.16934174403020075,0.24362608356812418,-0.07428433953792343,49.54945466209392,3.631619095802307,4.119124993646871,3.144113197957744,0.26847854082938305,0.38157689571380615,437259597.1,0.4917629445439563,0.2008267060864668,0.061972985551676685
2024-01-18,3.2104830741882324,3.476238965988159,3.1653659343719482,3.4524829387664795,233543305,-0.07011357800371121,-0.07269282717864174,3.437794399261475,3.646652913093567,3.596749651432037,3.5299316862801353,3.4032501426110047,0.12668154366913065,0.22023717558832548,-0.09355563191919483,39.43214007263781,3.596749651432037,4.100549286184008,3.092950016680066,0.2801416187258874,0.3669461863381522,415358175.75,0.5622696714186443,0.14513043518255164,0.060147275312769775
2024-01-19,3.1978518962860107,3.2714219093322754,3.01737904548645,3.210598945617676,274721098,-0.00393435430442679,-0.003942114236558638,3.381736183166504,3.603725004196167,3.5759055972099305,3.4788424878195006,3.3880354576980425,0.09080703012145808,0.194351146494952,-0.10354411637349392,44.67146205806067,3.5759055972099305,4.110148469021446,3.0416627253984148,0.2988014405236839,0.3538680246898106,411657078.35,0.667354243248129,0.7104031223843217,0.05804639957418852
2024-01-20,3.185628890991211,3.2234549522399902,3.1082420349121094,3.1980600357055664,145133175,-0.0038222549671532713,-0.0038295784511084103,3.32905535697937,3.52918598651886,3.549812340736389,3.4337327036920713,3.373042378682722,0.060690325009349344,0.16761898219783147,-0.10692865718848213,48.87638942088518,3.549812340736389,4.107459012969812,2.9921656685029663,0.3141837475936783,0.34096230779375347,400009974.05,0.3628238904409389,0.6716855293405465,0.057612619928453096
2024-01-21,3.111747980117798,3.254338026046753,3.111747980117798,3.187129020690918,119168999,-0.02319193898647276,-0.023465103748842597,3.231653165817261,3.441754174232483,3.5059651851654055,3.3841965923729522,3.353687238048283,0.030509354324669058,0.140197056623199,-0.10968770229852995,48.38178103593318,3.5059651851654055,4.0561691602812235,2.9557612100495874,0.3138673352741011,0.33155723980494906,383670497.25,0.3106024566761238,0.0,0.0543744156609485
2024-01-22,2.9742109775543213,3.1487228870391846,2.9293980598449707,3.1139960289001465,242264546,-0.04419927431214077,-0.045205833591810386,3.1359845638275146,3.346577262878418,3.4692718386650085,3.3211218824008553,3.325577885419101,-0.004456003018245891,0.11126644469491002,-0.11572244771315592,38.21301819422347,3.4692718386650085,4.059173867786416,2.8793698095436002,0.3400725319630214,0.30931271825517925,374942665.75,0.6461375781691764,0.20432212914248465,0.053171442556642426
2024-01-23,2.8169710636138916,3.0054500102996826,2.623763084411621,2.974216938018799,365313099,-0.052867774050691985,-0.05431656940844729,3.0572821617126467,3.2475382804870607,3.4363922476768494,3.243560217972092,3.2879033060261227,-0.044343088054030755,0.08014453814512186,-0.12448762619915262,27.83398336467704,3.4363922476768494,4.094423261939463,2.7783612334142354,0.3829778249019572,0.2953480822699411,353739426.25,1.0327180740713378,0.5061948970109189,0.05268352438629273
2024-01-24,2.8561270236968994,2.8792359828948975,2.7850449085235596,2.8166749477386475,179035537,0.013900022115518107,0.013804302788723584,2.988937187194824,3.185336685180664,3.392950701713562,3.1839551111605235,3.25591987770544,-0.07196476654491635,0.049722677207114215,-0.12168744375203056,15.608954134531714,3.392950701713562,4.084625569974908,2.7012758334522156,0.4077128900882796,0.26286917073386057,337072101.4,0.5311490813282717,0.7546586351326682,0.049473587380669835
2024-01-25,2.93574595451355,2.974363088607788,2.749624013900757,2.8561840057373047,209202559,0.027876537057372808,0.027495059681631802,2.938960599899292,3.134007978439331,3.3683961987495423,3.145769087060989,3.232203290802337,-0.08643420374134791,0.022491301017421785,-0.10892550475876969,16.91533575358494,3.3683961987495423,4.089257756411717,2.647534641087367,0.4280147079668254,0.24896439484187535,327910579.5,0.6379866100050609,0.828168989187709,0.04751222541973315
2024-01-26,3.0698699951171875,3.1428020000457764,2.914207935333252,2.9355928897857666,245734124,0.045686528290170836,0.04467363458079977,2.93058500289917,3.0811190843582152,3.3604017019271852,3.1340923036850197,3.2201786022330667,-0.08608629854804706,0.0007757811043280108,-0.08686207965237507,24.234656975469306,3.3604017019271852,4.0912146912298555,2.6295887126245154,0.43495573096725304,0.22970405646732875,326409643.45,0.7528396569497862,0.6809540447611917,0.04729943311004274
2024-01-27,3.0690040588378906,3.115035057067871,3.027735948562622,3.0698800086975098,117176900,-0.0002820758796542311,-0.0002821156705380474,2.9495436191558837,3.042764091491699,3.3550541520118715,3.1240787275546924,3.2089804879074983,-0.08490176035280594,-0.016359727187098785,-0.06854203316570716,26.083385912573533,3.3550541520118715,4.093079442715095,2.6170288613086483,0.43994836283680466,0.2192972046988351,319211644.05,0.36708216064212834,0.47272081301470686,0.04716428530713659
2024-01-28,3.0261130332946777,3.1791110038757324,3.016062021255493,3.068911075592041,163082087,-0.013975551912255857,-0.014074129466062197,2.991372013092041,3.0243270874023436,3.3354900002479555,3.1090070822839206,3.195434750528771,-0.08642766824485015,-0.030373315398649063,-0.05605435284620109,32.02349218617999,3.3354900002479555,4.087175396435268,2.583804604060643,0.450719622083372,0.20406806468963623,308232663.9,0.5290876214628206,0.06164412228289314,0.04362399394271577
2024-01-29,3.164850950241089,3.1823890209198,2.9930920600891113,3.02616810798645,178968670,0.04584690506268374,0.044826992657959586,3.053116798400879,3.0210269927978515,3.3123759984970094,3.1175984465850237,3.1931692838407946,-0.07557083725577085,-0.03941281977007343,-0.03615801748569742,39.60492748759599,3.3123759984970094,4.054673288948561,2.5700787080454575,0.44819627408746426,0.20427255971091135,294914743.0,0.6068488410564133,0.907351498538255,0.04250151443808105
2024-01-30,3.15706205368042,3.291961908340454,3.0846240520477295,3.16483998298645,270642922,-0.002461062679768755,-0.0024640960724607117,3.097380018234253,3.0181703090667726,3.273678147792816,3.123669770753546,3.1904946741992855,-0.06682490344573955,-0.04489523650520666,-0.021929666940532888,31.971122826665137,3.273678147792816,3.9586641594095306,2.5886921361761015,0.41848097503326454,0.20174147401537215,268721433.6,1.0071504843296577,0.3493717907293437,0.0369301026452086
2024-01-31,2.9013760089874268,3.1600489616394043,2.8803908824920654,3.156550884246826,225519312,-0.08098860280396492,-0.08445675496664243,3.063681221008301,2.9971331119537354,3.219443643093109,3.089470730481835,3.1690784767761846,-0.07960774629434964,-0.051837738463035264,-0.02777000783131437,29.348147682298105,3.219443643093109,3.8352037425484298,2.6036835436377883,0.38252578253783237,0.20699255807059153,250101840.5,0.901709925641271,0.07503851063040497,0.03965545692177001
2024-02-01,2.975126028060913,3.013629913330078,2.8282220363616943,2.9008240699768066,147337344,0.025418980113241174,0.025101290156406757,3.0449056148529055,2.9972246170043944,3.1719009399414064,3.071879237801693,3.1547116287232013,-0.08283239092150829,-0.05803666895472987,-0.02479572196677842,39.9086341803604,3.1719009399414064,3.6983195341551416,2.6454823457276713,0.3319262512803817,0.19803076131003244,218290165.2,0.6749609807890695,0.7923287088874983,0.040671805988048496
2024-02-02,3.008023977279663,3.034360885620117,2.93916392326355,2.975023031234741,112880351,0.011057665762210345,0.010996976752175303,3.0412878036499023,3.0163299083709716,3.131934094429016,3.0620553515675346,3.1438458767644204,-0.08179052519688579,-0.06278744020316106,-0.01900308499372473,41.99981833206327,3.131934094429016,3.5690063844120385,2.6948618044459933,0.2791069523209143,0.18668462548937118,209517590.05,0.5387631223376607,0.7233428995850079,0.04079759196238047
2024-02-03,2.957242012023926,3.043606996536255,2.95393705368042,3.008424997329712,76101778,-0.016882167708537565,-0.01702629593594356,2.9997660160064696,3.0264414072036745,3.105889046192169,3.0459302224069793,3.130023368265124,-0.08409314585814487,-0.06704858133415782,-0.017044564523987046,40.67775563271725,3.105889046192169,3.5174311344365594,2.694346957947779,0.26500759178692646,0.18486012731279647,201272596.4,0.3781030272435041,0.03685692072147444,0.036783989379599216
2024-02-04,2.9920589923858643,3.0594639778137207,2.9235270023345947,2.957353115081787,103435276,0.011773463321694821,0.011704695334383572,2.9667654037475586,3.0320727109909056,3.0830403447151182,3.0376423408652693,3.11980378486666,-0.08216144400139092,-0.07007115386760444,-0.012090290133786472,44.953632835101935,3.0830403447151182,3.463970220639643,2.7021104687905932,0.24711313076230534,0.18438490799495152,192805193.65,0.5364755691579888,0.504145283270189,0.037031716161040514
2024-02-05,3.092039108276367,3.120702028274536,2.930011034011841,2.9922609329223633,148900697,0.03341515529771644,0.03286900223439573,3.004898023605347,3.0342896223068236,3.0577043533325194,3.0460110743131303,3.117747142156268,-0.0717360678431378,-0.07040413666271111,-0.001331931180426682,55.130387011729965,3.0577043533325194,3.3516925458996765,2.7637161607653624,0.19229340616057028,0.18233963421412877,188659492.3,0.789256321983646,0.8496891339526275,0.03638562098921157
2024-02-06,3.3236958980560303,3.362917900085449,3.0807878971099854,3.0920329093933105,386355121,0.07492039449293975,0.07224660720319381,3.07461199760437,3.0597588062286376,3.0512614488601684,3.0887318164274227,3.1330026055562503,-0.04427078912882765,-0.06517746715593442,0.020906678027106773,70.72066117120553,3.0512614488601684,3.312655714653712,2.7898671830666246,0.1713352134352108,0.1752284254346575,197225845.0,1.9589477281742664,0.8609789450765383,0.03976786272862832
2024-02-07,3.3598580360412598,3.465157985687256,3.20137095451355,3.323767900466919,304091699,0.010880098268430727,0.010821335842356063,3.1449788093566893,3.093133306503296,3.05873019695282,3.130443542521859,3.149806711518103,-0.019363168996243907,-0.05601460752399631,0.036651438527752406,70.64879685240867,3.05873019695282,3.3464865829856,2.77097381092004,0.18815414731214256,0.1873424223491124,200753264.7,1.5147534435090062,0.6008145086374612,0.0363517109498432
2024-02-08,3.302067995071411,3.4410719871520996,3.302067995071411,3.3605799674987793,208856062,-0.017200143681647795,-0.017349784531346515,3.2139440059661863,3.106855010986328,3.06394100189209,3.156847304452559,3.1610853251146445,-0.00423802066208534,-0.045659290151614115,0.041421269489528775,65.28979504752928,3.06394100189209,3.365736729633159,2.762145274151021,0.19699839360790541,0.18121848787580216,197460012.9,1.0577131994100057,0.0,0.036603296979887776
2024-02-09,3.4647979736328125,3.511867046356201,3.30197811126709,3.30197811126709,232324472,0.04928123188386446,0.04810538870123288,3.3084918022155763,3.137628602981567,3.07789945602417,3.2042243304802907,3.183582558338213,0.02064177214207774,-0.03239907769287574,0.05304084983495348,66.09932541077166,3.07789945602417,3.4257090656785607,2.730089846369779,0.22600452979297028,0.17988240718841553,201819577.75,1.1511493314478505,0.7757429163150789,0.038037928524173245
2024-02-10,3.365269899368286,3.499419927597046,3.3483099937438965,3.4638280868530273,126087752,-0.02872550579339317,-0.029146158357938403,3.36313796043396,3.1840179920196534,3.0905755519866944,3.2290005718476746,3.1970408798959964,0.03195969195167825,-0.01952732376396494,0.05148701571564319,61.178173187655254,3.0905755519866944,3.461303746545846,2.719847357427543,0.2399088378996843,0.18444032328469412,202165515.4,0.6236857544696764,0.11223553653670537,0.03827242194557533
2024-02-11,3.530479907989502,3.643587112426758,3.3648829460144043,3.365583896636963,191055214,0.04909264741357844,0.047925645260224276,3.4044947624206543,3.239553380012512,3.118388998508453,3.2753820081771865,3.221740067162182,0.05364194101500441,-0.004893470808171065,0.05853541182317548,67.42179550233342,3.118388998508453,3.5332042382285547,2.7035737587883517,0.26604457616962507,0.1927014078412737,199605048.8,0.957166239774993,0.5941674936728992,0.03768946174363777
2024-02-12,3.824302911758423,3.905400037765503,3.468475103378296,3.5313429832458496,283507661,0.08322466390588912,0.07994239240141002,3.497383737564087,3.3211812734603883,3.16875559091568,3.359831377958915,3.266374351947089,0.09345702601182593,0.014776628555828342,0.07868039745599759,70.5744145913297,3.16875559091568,3.665919400322534,2.671591781508826,0.31379119982124454,0.2103891202381679,195514776.9,1.450057461104363,0.8143911510458166,0.03815933055087531
2024-02-13,3.7317230701446533,3.8232200145721436,3.646617889404297,3.8232200145721436,241647951,-0.024208292007706356,-0.024506129287362573,3.5833147525787354,3.398629379272461,3.212535393238068,3.4170454844490283,3.300844627369131,0.11620085707989736,0.03506147426064215,0.0811393828192552,67.02807329035262,3.212535393238068,3.7466216554159857,2.67844913106015,0.3325014026628898,0.20827106067112514,198645397.6,1.2164789817410802,0.48190346430110004,0.03921152176518939
2024-02-14,3.825345039367676,3.8652420043945312,3.682400941848755,3.731775999069214,210997452,0.02508813421125411,0.02477859349025346,3.655424165725708,3.4819579839706423,3.257015347480774,3.479860800590359,3.339696509739394,0.14016429085096505,0.05608203757870673,0.08408225327225832,80.28753489734503,3.257015347480774,3.8399810115027018,2.674049683458846,0.3579753865592548,0.20135555948529923,198735142.25,1.0617017685507002,0.7817942409145144,0.03916521746126145
2024-02-15,3.8627700805664062,3.961082935333252,3.8200008869171143,3.8245649337768555,273058663,0.009783441967607942,0.009735893969765444,3.754924201965332,3.559031081199646,3.2966603517532347,3.538769920586674,3.3784427001710244,0.1603272204156494,0.07693107414609528,0.08339614626955412,79.80663967585406,3.2966603517532347,3.931568297381591,2.6617524061248785,0.38518250464637555,0.19818942887442453,200101369.2,1.3646016721009024,0.3031511882477597,0.03845511270610784
2024-02-16,3.64443302154541,3.8938159942626953,3.591331958770752,3.862576961517334,198645970,-0.05652344158909428,-0.05818375983363428,3.7777148246765138,3.591104793548584,3.325431799888611,3.555025782272633,3.3981456869394973,0.15688009533313574,0.09292087838350338,0.06395921694963236,69.00360423703245,3.325431799888611,3.968995233125588,2.6818683666516336,0.3870555596771127,0.21299564838409424,204174822.7,0.9729209868930623,0.1755499622742005,0.04136616396969426
2024-02-17,3.5794379711151123,3.667356014251709,3.479902982711792,3.644166946411133,141673347,-0.01783406363789808,-0.0179950069373589,3.7287418365478517,3.613062787055969,3.3530980467796327,3.5587815036330146,3.4115747450265794,0.14720675860643517,0.10377805442808975,0.04342870417834542,68.42281451365483,3.3530980467796327,3.9900223960004175,2.716173697558848,0.3799020132038768,0.21998015471867152,203104385.7,0.6975395755818975,0.5309862544008118,0.04148993532403302
2024-02-18,3.786046028137207,3.8178420066833496,3.5585620403289795,3.5793850421905518,148668910,0.057720809436943465,0.056116413391996155,3.739606428146362,3.661460590362549,3.3841578006744384,3.5937452766336597,3.4393133585903293,0.15443191804333045,0.11390882715113793,0.040523090892192526,71.33860743961418,3.3841578006744384,4.042650144946815,2.7256654564020626,0.38916172534338866,0.22879036835261754,201589397.7,0.7374837749217602,0.877368129258522,0.04212135628150971
2024-02-19,3.957681894302368,4.018549919128418,3.7469749450683594,3.786370038986206,273094741,0.045333803363613256,0.04433626346626433,3.766073799133301,3.7107489824295046,3.424188792705536,3.649735525505769,3.477711027902332,0.17202449760343663,0.12553196124159766,0.046492536361838976,72.40157027044137,3.424188792705536,4.120791918659114,2.7275856667519576,0.4068719151452948,0.23456779548100062,201711988.65,1.353884530253973,0.7758702443204825,0.0427379291999402
2024-02-20,4.058883190155029,4.1805620193481445,3.7271339893341064,3.9579970836639404,561501877,0.02557085146190108,0.025249385818900454,3.8052964210510254,3.780110311508179,3.482064151763916,3.7126813200671935,3.5207608176988283,0.19192050236836522,0.13880966946695117,0.05311083290141405,70.40319548710495,3.482064151763916,4.188050318958263,2.7760779845695684,0.4054986562132777,0.2468033688408988,218511116.9,2.569671900294973,0.7316468580343023,0.03672393779110631
2024-02-21,3.7641210556030273,4.066500186920166,3.5766289234161377,4.05911111831665,349688130,-0.07262148742465868,-0.07539347682592963,3.8292340278625487,3.8034744262695312,3.5215139031410216,3.720595125534245,3.538787501988028,0.18180762354621693,0.14740926028280432,0.03439836326341261,59.81103083516099,3.5215139031410216,4.195687456049652,2.847340350232392,0.3828884800410979,0.26295224257877897,228628656.2,1.529502625839254,0.38273755234873524,0.04181067896994611
2024-02-22,3.6340789794921875,3.8388519287109375,3.618644952774048,3.7649428844451904,268762054,-0.03454779328025803,-0.03515867940585819,3.840162229537964,3.784452033042908,3.552816653251648,3.7072849492200826,3.545846129951299,0.16143881926878345,0.15021517208000015,0.011223647188783298,57.78455027089165,3.552816653251648,4.183325913004168,2.922307393499127,0.3549348707175525,0.26875245571136475,236422741.35,1.1367859642661233,0.07008872426310296,0.043125459259971154
2024-02-23,3.5118370056152344,3.690548896789551,3.4911649227142334,3.634092092514038,201855070,-0.0336376767172063,-0.03421643923088109,3.7853204250335692,3.762463426589966,3.5805464029312133,3.677216034819337,3.543326935556035,0.13388909926330195,0.1469499575166605,-0.013060858253358565,51.12425369239066,3.5805464029312133,4.146216113034759,3.0148766928276673,0.31596837267097594,0.2680021013532366,242710405.95,0.8316704395508429,0.10367975641008402,0.04383971684945314
2024-02-24,3.669167995452881,3.7108330726623535,3.4330968856811523,3.5115621089935303,165518720,0.04480019704390692,0.04382566813486909,3.727617645263672,3.7468457221984863,3.6144018530845643,3.675977874916805,3.5526484955483935,0.12332937936841137,0.14222584188701068,-0.018896462518599305,57.068007840766995,3.6144018530845643,4.108264837194206,3.1205388689749225,0.2732750835041623,0.27704683371952604,245814578.15,0.6733478593730833,0.8499832299054171,0.04454465225875366
2024-02-25,3.8751630783081055,3.875701904296875,3.6215789318084717,3.6691970825195312,188074081,0.05614217803886601,0.05462281451552873,3.690873622894287,3.7480850219726562,3.653558051586151,3.7066217523616203,3.5765384646417053,0.13008328771991495,0.13979733105359154,-0.009714043333676592,57.86732534904071,3.653558051586151,4.094370100183212,3.212746002989091,0.24130562173806805,0.27529103415352957,247773247.35,0.7590572550164384,0.9978796251189358,0.04542268164893805
2024-02-26,3.8317089080810547,3.877027988433838,3.6400840282440186,3.8753280639648438,231255012,-0.011213507496056874,-0.011276852865601145,3.7043911933898928,3.7668126106262205,3.678958702087402,3.72586593016461,3.595439978970546,0.1304259511940642,0.1379230550816861,-0.007497103887621898,50.190853507107526,3.678958702087402,4.097734442051108,3.2601829621236966,0.22765992981986813,0.26100667885371615,240018241.9,0.9634893171842702,0.8087349920047453,0.0432048063656484
2024-02-27,3.7063159942626953,3.9252820014953613,3.6740329265594482,3.8310739994049072,253529705,-0.03272506258340924,-0.03327250396431551,3.718838596343994,3.779500412940979,3.696281599998474,3.722858247718162,3.603653017140335,0.11920523057782706,0.1341794901809143,-0.014974259603087237,49.35614512397673,3.696281599998474,4.08721674129796,3.305346458698988,0.21152887339516951,0.26626125403812956,237490142.2,1.0675378045228188,0.12849028967202653,0.04414294175321192
2024-02-28,3.770097017288208,3.917996883392334,3.5810019969940186,3.7063701152801514,379243310,0.01720873857605354,0.017062345342978534,3.770490598678589,3.777905511856079,3.719683051109314,3.7301257507289383,3.6159822023364736,0.11414354839246466,0.13017230182322437,-0.016028753430759712,48.578428768316776,3.719683051109314,4.064581401833039,3.3747847003855886,0.18544502097879922,0.277272241456168,246009504.6,1.5415799101609182,0.5611213176079859,0.04386737480618493
2024-02-29,3.699397087097168,4.035322189331055,3.617521047592163,3.770037889480591,399869660,-0.01875281454743405,-0.018930878218227736,3.7765364170074465,3.752077031135559,3.7314130067825317,3.7253982640163583,3.6221610826891175,0.1032371813272408,0.12478527772402766,-0.021548096396786856,45.867066958682976,3.7314130067825317,4.05511817607951,3.407707837485553,0.1735027287028183,0.2970378909792219,254386764.0,1.5718964843626848,0.19596891766390825,0.04309287610487081
2024-03-01,3.759303092956543,3.8098199367523193,3.698352098464966,3.698352098464966,207729571,0.016193451108105217,0.016063735665590304,3.753364419937134,3.7221190214157103,3.7511146664619446,3.7306143915456174,3.6323197501163342,0.09829464142928312,0.11948715046507875,-0.02119250903579563,53.15916196311295,3.7511146664619446,4.025142286240797,3.4770870466830925,0.14610463509894003,0.28339387689317974,258468854.95,0.8036928512728725,0.5468033646298732,0.04245461594216121
2024-03-02,3.989346981048584,3.989346981048584,3.734956979751587,3.759669065475464,293398611,0.061193227149748175,0.059393961004906876,3.78489203453064,3.7446416139602663,3.7740580201148988,3.7704194053153044,3.658766211666871,0.11165319364843329,0.11792035910174967,-0.006267165453316376,60.33508040980054,3.7740580201148988,4.047141730989181,3.500974309240616,0.14471622291910005,0.2881750890186855,263586024.8,1.1131038196073588,0.9999999606902805,0.043175098568733965
2024-03-03,3.991702079772949,4.295351028442383,3.823514938354492,3.9894230365753174,525375015,0.0005903469253372151,0.0005901727391412396,3.8419692516326904,3.7804039239883425,3.782427978515625,3.8044628936934033,3.683428127822877,0.12103476587052642,0.11854324045550503,0.0024915254150213867,55.780614571278996,3.782427978515625,4.07177321064234,3.49308274638891,0.15299444365905188,0.3033576692853655,275679392.5,1.9057464188223645,0.3564524659879314,0.039275525162404804
2024-03-04,3.9122440814971924,4.080617904663086,3.77138090133667,3.9911420345306396,338686139,-0.019905793741069044,-0.02010658310195606,3.870398664474487,3.820444631576538,3.791454029083252,3.821044614893986,3.7003774577246777,0.12066715716930831,0.1189680237982657,0.0016991333710426187,48.65302759929345,3.791454029083252,4.085365935690845,3.4975421224756595,0.1550391508656423,0.30604781423296246,280531301.9,1.207302488906319,0.45551849904795816,0.03913087264105144
2024-03-05,4.515111923217773,4.6119818687438965,3.7593541145324707,3.912774085998535,1263459014,0.15409770688179236,0.14331883251025987,4.033541631698609,3.9050390243530275,3.825942373275757,3.9278242007899538,3.7607281588723147,0.16709604191763905,0.12859362742214037,0.03850241449549868,60.42412474508435,3.825942373275757,4.263415553561535,3.3884691929899793,0.22868780426047808,0.3345620802470616,333154380.0,3.7924130368629703,0.8863865808830238,0.051595437941833994
2024-03-06,4.549245834350586,4.851507186889648,4.317573070526123,4.515564918518066,760513495,0.007559925803231504,0.007531492775294154,4.191530179977417,3.9724472999572753,3.860266160964966,4.023427529030051,3.8191368755744093,0.20429065345564146,0.1437330326288406,0.060557620826800856,70.36425782264564,3.860266160964966,4.404579807047673,3.3159525148822584,0.282008350401747,0.3377094268798828,357527121.6,2.127149100176125,0.4338976521360803,0.05159728960483786
2024-03-07,4.6721601486206055,4.771860122680664,4.447264194488525,4.549245834350586,485257601,0.02701861335826572,0.026660054792179127,4.328092813491821,4.05649242401123,3.9116525173187258,4.123232547428598,3.8823237846889422,0.240908762739656,0.1631681786510037,0.07774058408865231,77.02526827713223,3.9116525173187258,4.5551780275421745,3.268127007095277,0.32902999812701084,0.3451657806124006,371857703.15,1.304955086016483,0.6928489474780705,0.049307547402957105
2024-03-08,4.48897123336792,4.796009063720703,4.37286901473999,4.672093868255615,425700122,-0.03920861216770788,-0.03999797179494971,4.427546644210816,4.134757947921753,3.957129180431366,4.179500037573109,3.927260632739237,0.2522394048338721,0.1809824238875774,0.07125698094629468,74.65615286340952,3.957129180431366,4.629698800916683,3.2845595599460498,0.3399280588621066,0.3611483573913574,386059041.9,1.1026813927344,0.2743824796631267,0.0502476318508076
2024-03-09,4.703312873840332,4.703312873840332,4.482295036315918,4.489015102386475,307655960,0.04774849945108661,0.046643575658894085,4.585760402679443,4.228079533576965,4.002992522716522,4.260086627768066,3.984745983931911,0.2753406438361554,0.19985406787729304,0.07548657595886238,75.36493187431537,4.002992522716522,4.747673837020357,3.258311208412688,0.3720623059263057,0.3570970467158726,394008394.4,0.7808360541873776,0.9999999547547852,0.04982339506666233
2024-03-10,4.542778015136719,4.791281223297119,4.437024116516113,4.703317165374756,367727364,-0.0341322941955452,-0.034728404661183584,4.591293621063232,4.31241762638092,4.03224732875824,4.303577610440167,4.026081689947081,0.27749592049308536,0.21538243840045154,0.062113482092633815,66.74838555941753,4.03224732875824,4.814459062867614,3.2500355946488666,0.3879780530973834,0.36424948487962994,398740025.55,0.9222233546601627,0.298523003804551,0.05019596310955858
2024-03-11,4.584794998168945,4.64740514755249,4.414281845092773,4.542785167694092,549719621,0.009249182524927235,0.00920667076785262,4.598403453826904,4.39496681690216,4.058542919158936,4.346841823936902,4.067467860926479,0.27937396301042305,0.22818074332244587,0.05119321968797719,68.90622448681539,4.058542919158936,4.878951351717898,3.2381344865999737,0.4042871783792682,0.3639765807560512,398150912.75,1.3806815541452002,0.7314290075799956,0.05002884199065428
2024-03-12,4.3606858253479,4.673327922821045,4.1580729484558105,4.584794998168945,563897150,-0.04888095823489347,-0.05011604891289768,4.536108589172363,4.432100701332092,4.088371157646179,4.348971670307825,4.089187710142881,0.25978396016494365,0.23450138669094542,0.025282573473998232,65.65214763041527,4.088371157646179,4.907085696653113,3.2696566186392455,0.4005089104866384,0.3828341450010027,408861363.75,1.379189133519589,0.3932283685556146,0.048285188717684585
2024-03-13,4.417394161224365,4.576343059539795,4.333798885345459,4.3606858253479,370923596,0.013004453461615828,0.012920621566473731,4.521793174743652,4.4746699094772335,4.127536916732788,4.3594982073719075,4.11349929911188,0.24599890826002735,0.23680089100476182,0.009198017255265534,65.53553740856647,4.127536916732788,4.929519949479736,3.325553883985841,0.3886012645923315,0.37608766555786133,413969440.85,0.8960168538971999,0.34465998909265305,0.04721594524828845
2024-03-14,4.199544906616211,4.488798141479492,4.034387111663818,4.417394161224365,456208755,-0.049316236373114,-0.05057380209801975,4.421039581298828,4.503399991989136,4.161922311782837,4.334890007255646,4.119873047815904,0.2150169594397422,0.23244410469175794,-0.017427145252015747,61.21192368564122,4.161922311782837,4.909907871743144,3.413936751822529,0.3594423460729587,0.37870265756334576,426687125.1,1.0691880025512397,0.3634546269372918,0.04811448877259699
2024-03-15,3.8119239807128906,4.229383945465088,3.6338319778442383,4.1995391845703125,509049118,-0.09230069793815976,-0.09684212035825669,4.274868774414062,4.433081197738647,4.169060111045837,4.254433695479838,4.097062005808273,0.15737168967156467,0.2174296216877193,-0.060057932016154614,51.02849772079745,4.169060111045837,4.899772012224833,3.4383482098668416,0.3505403528449925,0.4132800953728812,443863645.0,1.1468592297078082,0.2990368759753028,0.05246995413676889
2024-03-16,3.5451040267944336,3.845798969268799,3.462507963180542,3.8119239807128906,366333227,-0.06999613719173836,-0.07256653928619085,4.06693058013916,4.332667016983033,4.152557158470154,4.145306054143622,4.056176229585026,0.08912982455859542,0.1917696622618945,-0.1026398377032991,41.440138994549734,4.152557158470154,4.92493737876528,3.380176938175028,0.3720022101175263,0.42248731000082834,452776602.3,0.8090816202496159,0.21549178078015005,0.05334232181114102
2024-03-17,3.593453884124756,3.633517026901245,3.3770930767059326,3.5451109409332275,331029298,0.013638487605691418,0.013546320501311264,3.9134841918945313,4.224796390533447,4.1406444072723385,4.060405720294566,4.0219005002916735,0.03850522000289214,0.16111677381009404,-0.1226115538072019,42.4600308609096,4.1406444072723385,4.940713854405909,3.340574960138768,0.38644682732397134,0.4071007285799299,457765316.6,0.7231419375733456,0.8437620542714728,0.05343345149028245
2024-03-18,3.304163932800293,3.580717086791992,3.246809959411621,3.580043077468872,334082927,-0.08050470679545796,-0.08393035381487353,3.6908381462097166,4.106315660476684,4.120536804199219,3.9440608299108315,3.9687348286256454,-0.024673998714813905,0.12395861930511246,-0.14863261801992636,39.33471858705793,4.120536804199219,4.9842497098293865,3.256823898569051,0.4192234879445621,0.4097726515361241,461792977.7,0.7234473955492546,0.17176623967560467,0.05589617669710037
2024-03-19,3.4499669075012207,3.4920759201049805,2.981797933578491,3.304163932800293,571521101,0.044127040203286505,0.04318116807577766,3.5409225463867187,3.9809810638427736,4.10453029870987,3.8680463803093525,3.9303075752090217,-0.06226119489966919,0.08671465646415612,-0.1489758513638253,27.75089926857298,4.10453029870987,5.006601797646474,3.2024587997732654,0.43954919724682856,0.3853190967014858,471406867.25,1.212373303626285,0.9174782708829307,0.05675813586361572
2024-03-20,3.5457980632781982,3.565980911254883,3.1748640537261963,3.449608087539673,659939230,0.0277774130437638,0.02739861931171355,3.4876973628997803,3.8812830686569213,4.096850347518921,3.8184697161507133,3.901825389140072,-0.08335567298935853,0.052700590573453186,-0.13605626356281172,29.56633050133111,4.096850347518921,5.015900298331764,3.1778003967060786,0.44866171466059296,0.3751178639275687,484410345.75,1.3623557708666052,0.948396861264992,0.05702836729638575
2024-03-21,3.427711009979248,3.596379041671753,3.338866949081421,3.5457980632781982,358115884,-0.03330337802423389,-0.03387056390501474,3.464218759536743,3.7655746698379517,4.080270743370056,3.758352992124334,3.8667058054985293,-0.10835281337419511,0.020489909783923517,-0.12884272315811862,24.608789576854505,4.080270743370056,5.036184469484769,3.124357017255343,0.4685540672358355,0.3703261613845825,491929661.4,0.7279818886725093,0.34500926365844015,0.05733430125449836
2024-03-22,3.4139750003814697,3.593064069747925,3.314815044403076,3.427720069885254,442859202,-0.004007341796839925,-0.004015392706674647,3.428322982788086,3.6709035873413085,4.0515021443367,3.7053717626254317,3.8331701903046733,-0.12779842767924166,-0.009167757708709525,-0.11863066997053213,26.436870030046137,4.0515021443367,5.052506138933296,3.0504981497401045,0.49413968396676106,0.3599768025534494,499402690.95,0.8867777647684699,0.35637124799192715,0.0553052972087846
2024-03-23,3.437319040298462,3.534611940383911,3.320164918899536,3.4139750003814697,248161931,0.006837788769508801,0.006814517116085108,3.45495400428772,3.5728960752487184,4.023782992362976,3.6641328822674364,3.8038478828968056,-0.13971500062936926,-0.03527720629284148,-0.10443779433652778,19.71452288291917,4.023782992362976,5.061779092805249,2.9857868919207036,0.5159304576873849,0.3595074585505894,485542036.75,0.5111028751724245,0.5463079651324614,0.05536409642598864
2024-03-24,3.7069740295410156,3.778939962387085,3.3772330284118652,3.4372780323028564,354719177,0.07844921756786927,0.07552409957053871,3.5063554286956786,3.5236389875411986,4.013519489765168,3.6707238280018335,3.7966720419074877,-0.12594821390565425,-0.053411407815404044,-0.0725368060902502,30.997723379805294,4.013519489765168,5.060182432254717,2.966856547275619,0.5215686357864376,0.3628967319216047,486343688.65,0.7293590628977519,0.8208496419456749,0.058353723019362876
2024-03-25,3.8624610900878906,3.917625904083252,3.69805908203125,3.7069740295410156,368007878,0.04194446988508482,0.04108865005418936,3.5696880340576174,3.528692698478699,3.9808869481086733,3.7002218683227652,3.801545304735666,-0.10132343641290076,-0.06299381353490338,-0.03832962287799738,34.38325762299219,3.9808869481086733,5.002090238600215,2.9596836576171315,0.5130531481064627,0.3619284118924822,441571131.85,0.8334056541653878,0.7487561145742807,0.04692321308279886
2024-03-26,3.9188849925994873,4.016025066375732,3.79510498046875,3.8624610900878906,348891232,0.014608277260422353,0.014502604268586768,3.667922830581665,3.566070795059204,3.9493689060211183,3.7338623489807223,3.8102371334663196,-0.07637478448559731,-0.06567000772504217,-0.010704776760555146,39.701638526121215,3.9493689060211183,4.935003774017881,2.9637340380243558,0.4991353765377987,0.34090449128832134,420990018.7,0.8287399142558342,0.560293130521066,0.04706232818219848
2024-03-27,3.673203945159912,4.021327018737793,3.6473031044006348,3.9188849925994873,379901024,-0.06269156862309688,-0.06474288188244248,3.7197686195373536,3.5740458011627196,3.8994210958480835,3.724530286854444,3.8000865269251043,-0.07555624007066042,-0.06764725419416583,-0.007908985876494593,34.05747269448406,3.8994210958480835,4.830572694360666,2.968269497335501,0.47758453145982516,0.35029590129852295,415722189.85,0.9138338854057203,0.06924915513139589,0.04797954003884948
2024-03-28,3.72479510307312,3.750282049179077,3.611624002456665,3.673206090927124,243203870,0.014045274556885978,0.01394755363661835,3.7772638320922853,3.6161089181900024,3.8612122893333436,3.7245710278111632,3.79450938441755,-0.0699383566063867,-0.06810547467661,-0.0018328819297766946,39.049559303116325,3.8612122893333436,4.752359661752674,2.970064916914013,0.4615894209604266,0.3277421167918614,406597377.25,0.598144217370256,0.8161884227399718,0.04780014618026812
2024-03-29,3.61958909034729,3.745166063308716,3.572005033493042,3.724808931350708,189661398,-0.02824477852191931,-0.028651335991196302,3.75978684425354,3.6330711364746096,3.8070261001586916,3.708419960509029,3.7815523255975307,-0.07313236508850185,-0.06911085275898837,-0.004021512329513477,44.89910456383228,3.8070261001586916,4.6100084098442435,3.0040437904731396,0.4218422929394051,0.29757133552006315,400697649.15,0.4733279528899877,0.27479655299425465,0.04611044551728658
2024-03-30,3.6589040756225586,3.7964251041412354,3.6081249713897705,3.619586944580078,189220863,0.010861726094852475,0.010803161243248144,3.7190754413604736,3.6443817377090455,3.7628324031829834,3.7008021320649562,3.772467270043829,-0.07166513797887264,-0.06962170980296523,-0.0020434281759074135,53.4322606847551,3.7628324031829834,4.488925828755603,3.0367389776103635,0.3859291872571399,0.28364341599600656,391772324.1,0.4829868047333055,0.26967108729073475,0.04607061051426972
2024-03-31,3.6889450550079346,3.747270107269287,3.6160728931427,3.6589040756225586,148552494,0.008210376321566848,0.008176854541191114,3.673087453842163,3.670505142211914,3.718039906024933,3.6989779663638758,3.7662804393004294,-0.06730247293655367,-0.06915786242968291,0.0018553894931292447,52.912219471317265,3.718039906024933,4.332594066074941,3.1034857459749245,0.33057964711683074,0.27469864913395475,371713967.75,0.39964194754153143,0.5554398147549445,0.0460486613568575
2024-04-01,3.4981179237365723,3.689307928085327,3.3923869132995605,3.6889429092407227,244345587,-0.05172945880890922,-0.05311543643726774,3.638070249557495,3.6789194345474243,3.6749115109443666,3.6680764213442907,3.746416549258662,-0.0783401279143714,-0.07099431552662061,-0.007345812387750783,56.29300467143247,3.6749115109443666,4.216281236867093,3.1335417850216394,0.2946300743897954,0.2711470127105713,355736389.6,0.686872622940681,0.3560913563237847,0.04618015708576675
2024-04-02,3.1580569744110107,3.4981610774993896,3.1093549728393555,3.4981179237365723,340047126,-0.09721254592878903,-0.10226813082205645,3.524722623825073,3.650993227958679,3.611944651603699,3.589611891046863,3.7028343585292065,-0.11322246748234344,-0.07943994591776518,-0.033782521564578255,41.58899877842672,3.611944651603699,4.077313147168592,3.1465761560388055,0.2576830712830942,0.2624704497201102,354192566.1,0.9600628543513635,0.125260379750559,0.049738531198982326
2024-04-03,3.0562989711761475,3.229646921157837,3.0279200077056885,3.1580569744110107,246996988,-0.03222171229315507,-0.03275225956475913,3.4120645999908445,3.5859257221221923,3.5547823548316955,3.507563749528291,3.6549428483549056,-0.14737909882661437,-0.09302777649953503,-0.05435132232707934,35.94373572710401,3.5547823548316955,3.9965049930270107,3.1130597166363803,0.24852302847454016,0.24894259657178605,343731977.75,0.7185743660417989,0.14068009854515404,0.04927043266112314
2024-04-04,3.102631092071533,3.2226879596710205,3.0053679943084717,3.0562798976898193,210274014,0.015159551252132752,0.015045793492025233,3.3008100032806396,3.509942722320557,3.5193177103996276,3.445266417611867,3.614030866407989,-0.16876444879612196,-0.10817511095885243,-0.060589337837269525,40.263910739114586,3.5193177103996276,3.9872310743460817,3.0514043464531735,0.2659114080912697,0.24607173034123012,328793222.55,0.6395326897835413,0.44755709916127234,0.04610724923675446
2024-04-05,2.874495029449463,3.1035969257354736,2.8700039386749268,3.1026499271392822,246134870,-0.07352987056857951,-0.07637347400157611,3.1379199981689454,3.4055037260055543,3.485787260532379,3.357455434817651,3.5592504340406905,-0.20179499922303945,-0.12689908861168986,-0.07489591061134959,35.681515160144144,3.485787260532379,4.034973143385986,2.9366013776787723,0.3151000573510217,0.24288201332092285,322783304.7,0.7625390359912255,0.019226136190084717,0.04635852203821229
2024-04-06,2.9941930770874023,3.0207369327545166,2.857795000076294,2.874495029449463,179489589,0.041641417505204226,0.04079775503147715,3.0371350288391112,3.337602639198303,3.4558242201805114,3.3015689182437664,3.517394333525632,-0.2158254152818655,-0.14468435394572499,-0.07114106133614051,38.81115096501606,3.4558242201805114,4.044263985870594,2.867384454490429,0.34054959291844195,0.23920307840619767,315206319.25,0.5694352493537453,0.8370961752951908,0.047499465336203625
2024-04-07,3.198868989944458,3.201972007751465,2.9855151176452637,2.9941930770874023,192483136,0.06835762009581359,0.06612253476513996,3.0452974319458006,3.285010027885437,3.45055947303772,3.285768929274642,3.49379986363073,-0.208030934356088,-0.1573536700277976,-0.050677264328290395,36.73516641394057,3.45055947303772,4.046548212969062,2.854570733106377,0.34544469938184286,0.2259709324155535,308126329.7,0.6246890234515392,0.9856644541916456,0.047200638823095185
2024-04-08,3.3641059398651123,3.3771190643310547,3.089426040649414,3.198868989944458,313804098,0.05165480375722531,0.05036492715738125,3.106858825683594,3.2594617128372194,3.4462664246559145,3.297820777057791,3.4841929063147585,-0.18637212925696733,-0.16315736187363156,-0.023214767383335777,37.05559783823686,3.4462664246559145,4.043508772199047,2.849024077112782,0.34660253964709825,0.2308370896748134,295240479.55,1.0628762643872354,0.954767293808224,0.04760391193256904
2024-04-09,3.0424818992614746,3.4060380458831787,3.0280070304870605,3.3641059398651123,282480081,-0.09560461125565312,-0.10048863728178184,3.094828987121582,3.1978194952011108,3.421100616455078,3.2585378727814347,3.45147357245896,-0.1929356996775251,-0.16911302943441028,-0.023822670243114824,29.992472482105143,3.421100616455078,4.042607535734442,2.7995936971757143,0.36333741035852096,0.24205929892403738,276367522.1,1.022117500832056,0.038290160865094694,0.051617090687217045
2024-04-10,3.036271095275879,3.080972909927368,2.919429063796997,3.0425310134887695,254227834,-0.002041361030645228,-0.002043447447978188,3.127184200286865,3.1325520992279055,3.4015286207199096,3.224342983934426,3.420717833408361,-0.19637484947393524,-0.17456539344231528,-0.02180945603161996,33.67435910848894,3.4015286207199096,4.046374639648772,2.756682601791047,0.3791507235899051,0.22688215119498117,271173119.6,0.9375111898074723,0.7232836597919673,0.05122944613114673
2024-04-11,2.941793918609619,3.102679967880249,2.9241130352020264,3.0361568927764893,214623775,-0.03111618617100964,-0.03161057744958707,3.1167043685913085,3.07691969871521,3.3779195666313173,3.180873896961379,3.385241987867714,-0.204368090906335,-0.18052593293511926,-0.02384215797121575,30.362121089086386,3.3779195666313173,4.054634336502488,2.701204796760147,0.40066955800610426,0.2297327859061105,259761348.25,0.8262344511449078,0.09901543444944173,0.0515655723004184
2024-04-12,2.4507229328155518,3.0232620239257812,2.152535915374756,2.941704034805298,470554248,-0.16692909135734513,-0.18263651601721806,2.967075157165527,3.006186294555664,3.3285897612571715,3.0685429794004824,3.3160183541601467,-0.2474753747596643,-0.1939158213000283,-0.053559553459636006,25.438458322862587,3.3285897612571715,4.121017793545255,2.5361617289690876,0.4761343927157864,0.2795588629586356,270880964.1,1.737125565701573,0.3424578763492344,0.0627019766638572
2024-04-13,2.121211051940918,2.4581189155578613,1.856492042541504,2.4507229328155518,639460155,-0.13445497100566517,-0.14439587915151905,2.7184961795806886,2.912677502632141,3.2493016123771667,2.9227996059451646,3.227514109551315,-0.30471450360615027,-0.21607555776125276,-0.08863894584489751,21.200594425298092,3.2493016123771667,4.186439682006965,2.3121635427473692,0.5768243034503614,0.3090822015489851,285118013.0,2.2427911455738156,0.44000528711782433,0.06409139659748281
2024-04-14,2.3292160034179688,2.3669679164886475,2.065821886062622,2.121211051940918,484108233,0.09805952655523131,0.09354455523826292,2.575843000411987,2.8353359937667846,3.1726393580436705,2.831479051710211,3.1609735090969933,-0.3294944573867822,-0.23875933768635862,-0.09073511970042356,26.125208842575717,3.1726393580436705,4.148628230421716,2.1966504856656255,0.6152535868305338,0.3212214027132307,290923030.75,1.6640423130199362,0.8746391517641348,0.06828855995064942
2024-04-15,2.2673048973083496,2.432887077331543,2.2005629539489746,2.329202890396118,385668271,-0.026580233872156467,-0.026939875514200795,2.4220497608184814,2.7746169805526733,3.0900603532791138,2.7446830279560785,3.0947758341496865,-0.35009280619360794,-0.2610260313878085,-0.08906677480579944,27.364016707047526,3.0900603532791138,4.07958388810953,2.100536818448697,0.640455798075499,0.3166073390415737,292761882.7,1.317344551289156,0.28727942460231193,0.06772425997320448
2024-04-16,2.2428700923919678,2.287774085998535,2.1147849559783936,2.2673048973083496,276382790,-0.010777026479936502,-0.010835519261589243,2.282264995574951,2.69948468208313,3.0185436606407166,2.667481037869292,3.031671705130596,-0.3641906672613038,-0.28165895856250756,-0.08253170869879622,30.958066365983214,3.0185436606407166,4.036940446749289,2.0001468745321445,0.6747603484339909,0.30119184085300993,287585971.0,0.9610440628899801,0.7404229907071677,0.06718496341285234
2024-04-17,2.163794994354248,2.271981954574585,2.0854849815368652,2.2428669929504395,224504034,-0.035256209579837106,-0.03589271505035974,2.2248794078826903,2.595977282524109,2.940493655204773,2.589990877328516,2.967384541369385,-0.37739366404086905,-0.3008058996581799,-0.07658776438268916,31.253066744683892,2.940493655204773,3.970194192346457,1.9107931180630888,0.7003589586524558,0.300103987966265,286650979.2,0.7831964664016051,0.4198996227276466,0.06669072918035535
2024-04-18,2.2251169681549072,2.265113115310669,2.120568037033081,2.163794994354248,189303016,0.02834001093479732,0.027945862283844228,2.245660591125488,2.4820783853530886,2.870770049095154,2.5338564297633455,2.9124017581683126,-0.37854532840496713,-0.31635378540753734,-0.062191542997429794,31.683270805503696,2.870770049095154,3.8956922028801277,1.8458478953101802,0.7140398821619459,0.29490578174591064,286633060.1,0.6604367826026638,0.7232963248190618,0.06771973388682609
2024-04-19,2.235898017883301,2.291533946990967,2.047883987426758,2.2251169681549072,264353555,0.004845160898365508,0.004833460883383543,2.2269969940185548,2.401419997215271,2.799619746208191,2.4880166740894922,2.8622903699990525,-0.3742736959095603,-0.32793776750794196,-0.04633592840161832,35.34006397134645,2.799619746208191,3.7912022869233604,1.8080372054930218,0.7083694434275727,0.29562413692474365,290389694.7,0.910340689855066,0.7716562854197103,0.06758042052237158
2024-04-20,2.506397008895874,2.524641990661621,2.204195976257324,2.2358999252319336,206431125,0.12098002182973056,0.11420332219145513,2.2748154163360597,2.3484325885772703,2.740492343902588,2.4908444179058584,2.8359278988062244,-0.345083480900366,-0.3313669101864268,-0.013716570713939225,39.527039997051546,2.740492343902588,3.6460924376153825,1.8348922501897935,0.6609032101313431,0.3068744284766061,293283626.25,0.7038617451628021,0.9430637599587507,0.07458068140969956
2024-04-21,2.4421091079711914,2.533966064453125,2.386383056640625,2.506397008895874,165193530,-0.02564952826567679,-0.025984212819267157,2.314663219451904,2.2984641075134276,2.687691903114319,2.4833466779159092,2.806756136522148,-0.3234094586062386,-0.32977541987038916,0.006365961264150566,32.710121946635894,2.687691903114319,3.528093820939149,1.847289985289489,0.6253707256036511,0.30195486545562744,289326023.4,0.5709598053391004,0.3775912171776075,0.07415763454841799
2024-04-22,2.5506811141967773,2.593358039855957,2.4420979022979736,2.4420979022979736,245067548,0.044458294623774375,0.04349837266181181,2.3920404434204103,2.30845992565155,2.657323110103607,2.4937058219591197,2.7877876163498985,-0.29408179439077875,-0.3226366947744671,0.028554900383688353,30.92148888114707,2.657323110103607,3.46958330380001,1.845062916407204,0.6113371690541115,0.29220965930393766,284577044.5,0.861164147763858,0.7178573712363986,0.07265407536767209
2024-04-23,2.4918980598449707,2.584156036376953,2.470118999481201,2.5506811141967773,201713076,-0.023046022501451602,-0.02331573398690006,2.445396661758423,2.3455286264419555,2.6291030645370483,2.4934277047107893,2.7658698714236074,-0.27244216671281807,-0.3125977891621373,0.04015562244931925,35.27017149067919,2.6291030645370483,3.421985580006506,1.8362205490675905,0.6031581843742397,0.27335294655391146,282312848.9,0.7145019321152124,0.19098232510071106,0.07252214547199273
2024-04-24,2.420257091522217,2.6126599311828613,2.3893330097198486,2.4918971061706543,268045900,-0.02874955820913916,-0.029170922432058117,2.482268476486206,2.3546327352523804,2.5949843645095827,2.4821706872971627,2.740268924764245,-0.2580982374670824,-0.3016978788231264,0.043599641356043994,34.07715733487943,2.5949843645095827,3.3603193623138266,1.8296493667053388,0.5898571168839254,0.2777660233633859,285201443.2,0.9398476283727305,0.13847000717640628,0.07246230282753863
2024-04-25,2.4186620712280273,2.4704370498657227,2.3510119915008545,2.4202959537506104,205689583,-0.0006590292823752675,-0.0006592465376297418,2.4647214889526365,2.3697684526443483,2.5721927165985106,2.472400130978834,2.7164461948726735,-0.24404606389383954,-0.290167515837269,0.04612145194342948,35.79596124585824,2.5721927165985106,3.3295882587597263,1.8147971744372948,0.5889104166057992,0.27354160376957487,283179178.85,0.7263584273226308,0.5664646514623541,0.0709028564781551
2024-04-26,2.3310680389404297,2.4303250312805176,2.3182950019836426,2.4186620712280273,194899206,-0.03621590354832971,-0.03688797579223839,2.442513275146484,2.378588247299194,2.5390364646911623,2.450656732203695,2.687899664803618,-0.23724293259992324,-0.2795825991897999,0.042339666589876646,45.83957490910581,2.5390364646911623,3.2764427441555357,1.801630185226789,0.5808552100129593,0.21934902667999268,283949659.7,0.6863864750037593,0.11401439325517941,0.07027675358271587
2024-04-27,2.619792938232422,2.654508113861084,2.2614500522613525,2.3310739994049072,330364991,0.12385949035757449,0.11676873507860534,2.4563356399536134,2.4241880416870116,2.5100826621055603,2.476677686977345,2.682854722094641,-0.20617703511729601,-0.2649014863752991,0.058724451258003074,67.84185011577728,2.5100826621055603,3.1808676370922395,1.839297687118881,0.5344724180708832,0.20445125443594797,290843752.45,1.1358847773661367,0.911679245035288,0.07450332961220439
2024-04-28,2.632524013519287,2.770944118499756,2.6075379848480225,2.6198079586029053,383501977,0.004859573098725534,0.004847803488161716,2.4844608306884766,2.4649287462234497,2.473503565788269,2.500654044906874,2.6791265214594295,-0.17847247655255538,-0.24761568441075035,0.06914320785819497,62.617309801021634,2.473503565788269,3.015653246519471,1.9313538850570673,0.4383657967830151,0.19461269038064138,294328646.4,1.3029719726254958,0.15290752301527433,0.0732810389486912
2024-04-29,2.497314929962158,2.6701059341430664,2.406965970993042,2.632507085800171,311317317,-0.051361006723116165,-0.05272696025141726,2.499872398376465,2.4910704374313353,2.446245217323303,2.5001403349153795,2.6656589961633355,-0.165518661247956,-0.2311962797781915,0.06567761853023549,59.01823329630312,2.446245217323303,2.9182220451190415,1.974268389527565,0.3858785901375646,0.19681382179260254,295770508.2,1.0525637559154046,0.34334942687557934,0.07118544730159776
2024-04-30,2.5359890460968018,2.5459249019622803,2.285098075866699,2.4973089694976807,350351390,0.015486279151516458,0.015367590525571195,2.52333779335022,2.4940296411514282,2.4212311148643493,2.505655521250983,2.6560538146769255,-0.1503982934259427,-0.21503668250774174,0.06463838908179906,61.365699610428756,2.4212311148643493,2.806630268196739,2.0358319615319593,0.3183497444472434,0.20308794294084823,300576686.0,1.1655973544135756,0.9619062746218434,0.07136219849953354
2024-05-01,2.811692953109741,2.830519914627075,2.4131510257720947,2.5360090732574463,675948019,0.10871652124731446,0.10320305914389176,2.619462776184082,2.530988025665283,2.4147260665893553,2.552738203075407,2.667582639746023,-0.11484443667061628,-0.19499823334031666,0.08015379666970038,71.79833380152283,2.4147260665893553,2.766011798698348,2.0634403344803625,0.2909528637384209,0.21957879407065256,323642898.2,2.0885612592131952,0.9548912926454647,0.07555013193130883
2024-05-02,2.8782310485839844,2.9130859375,2.648850917816162,2.811666965484619,446187344,0.023664780110734362,0.023389109849184502,2.6711503982543947,2.563743019104004,2.436101472377777,2.602814025461342,2.683186225585872,-0.08037220012452995,-0.17207302669715932,0.09170082657262937,71.89697253876791,2.436101472377777,2.844064537275688,2.0281384074798665,0.3349310934077922,0.2281280755996704,322424553.0,1.383850391815539,0.8680913013020258,0.06453796768777052
2024-05-03,2.8607280254364014,2.9867289066314697,2.814505100250244,2.8782310485839844,360022822,-0.006081173766850356,-0.006099739409574979,2.716791200637817,2.600626015663147,2.473077321052551,2.6424931023805818,2.6963374700192446,-0.05384436763866285,-0.14842729488546003,0.09458292724679718,70.8546921897607,2.473077321052551,2.894695334998928,2.051459307106174,0.3409663016657601,0.2230262075151716,308452686.35,1.1671897763648702,0.26838869418524897,0.05510684955579804
2024-05-04,2.8821659088134766,3.035430908203125,2.841204881668091,2.860719919204712,322419772,0.007493855824971307,0.007465916383352409,2.793761396408081,2.6468168973922728,2.5007248163223266,2.679365841831796,2.710102539559558,-0.030736697727761886,-0.12488917545392039,0.0941524777261585,65.04284965730773,2.5007248163223266,2.9539560283822572,2.047493604262396,0.3624798771153653,0.21401049409593856,300368263.3,1.0734149089445428,0.21089359529816312,0.05166061456667611
2024-05-05,2.9021530151367188,2.9546420574188232,2.826153039932251,2.882172107696533,239065461,0.006934752181379622,0.006910817378377858,2.8669941902160643,2.695165991783142,2.532467222213745,2.713640791571015,2.7243285007134213,-0.010687709142406465,-0.10204888219161762,0.09136117304921115,69.09380322487054,2.532467222213745,3.0053633738504018,2.0595710705770887,0.37346675012304914,0.21264663764408656,293038122.8,0.8158169275577956,0.5914900026183959,0.050883884916741354
2024-05-06,2.7706260681152344,2.9928600788116455,2.770390033721924,2.9021549224853516,266797830,-0.04532047288185048,-0.046379568517132506,2.8587808132171633,2.7391217947006226,2.5588550209999084,2.7224077571932024,2.7277579501505924,-0.005350192957390032,-0.08270914434477211,0.07735895138738208,58.95797235030201,2.5588550209999084,3.0225184602791355,2.095191581720681,0.36239914764537473,0.2177330596106393,292558874.8,0.911945775640507,0.001060971523629797,0.05232057258761096
2024-05-07,2.669990062713623,2.8050649166107178,2.6613430976867676,2.7706260681152344,235495417,-0.03632247835958269,-0.03699856145616158,2.8171326160430907,2.7441415071487425,2.5841647744178773,2.714343496504036,2.723478847377484,-0.009135350873447745,-0.06799438565050724,0.05885903477705949,57.014245744061895,2.5841647744178773,3.010813866979414,2.1575156818563404,0.3302026997544274,0.21985340118408203,293108443.95,0.8034412582128547,0.06016459080430277,0.052371633451107756
2024-05-08,2.580820083618164,2.676858901977539,2.560417890548706,2.6699960231781006,203326531,-0.03339712021430963,-0.03396754028147767,2.7611510276794435,2.7389711141586304,2.60194993019104,2.693801432983133,2.71291153154346,-0.01911009856032697,-0.05821752823247118,0.03910742967214421,56.23772739061169,2.60194993019104,2.9938171212617424,2.2100827391203377,0.30121040111016334,0.21221869332449778,293809619.7,0.6920349687924122,0.17521482394353197,0.053159664089544305
2024-05-09,2.6566030979156494,2.6673998832702637,2.550334930419922,2.580820083618164,162597148,0.029363927682724,0.028941065542408606,2.716038465499878,2.7548999309539797,2.6229851841926575,2.68807861220352,2.7087405364599184,-0.020661924256398567,-0.050706407437256656,0.03004448318085809,58.73999692084955,2.6229851841926575,2.9752867390389306,2.2706836293463843,0.2686264161684237,0.21205011435917445,288721799.35,0.5631620070464208,0.9077709069244134,0.053347870407797704
2024-05-10,2.5187149047851562,2.6810810565948486,2.4812910556793213,2.6566219329833984,187269403,-0.051903949535660465,-0.05329946280433357,2.6393508434295656,2.753172516822815,2.6236010789871216,2.6620226572160792,2.69466456374327,-0.03264190652719057,-0.047093507255243444,0.014451600728052877,56.647010058246885,2.6236010789871216,2.9750865682045466,2.2721155897696965,0.26794125984512934,0.21831868376050675,287763713.25,0.6507749044693008,0.18731591701878447,0.04816527195974011
2024-05-11,2.5315680503845215,2.5751140117645264,2.515347957611084,2.5187160968780518,133336974,0.0051030569497747535,0.005090080482370657,2.591539239883423,2.725160026550293,2.628074026107788,2.641952717703532,2.6825833405315107,-0.04063062282797869,-0.0458009303697905,0.00517030754181181,46.11563675542585,2.628074026107788,2.9720309790634545,2.284117073152122,0.26175590910966157,0.19451211180005754,286170885.45,0.46593479902866203,0.2713930221637869,0.04774850317879139
2024-05-12,2.5270659923553467,2.5761990547180176,2.5220589637756348,2.5315659046173096,107298615,-0.0017783673753075657,-0.0017799505478216706,2.5629544258117676,2.6900435209274294,2.6268932700157164,2.6242778368807342,2.6710635369629063,-0.04678570008217209,-0.045997884312266826,-0.0007878157699052618,45.32300662907925,2.6268932700157164,2.972128630597324,2.281657909434109,0.26284688801196854,0.18670739446367537,279282438.8,0.3841939201799895,0.09248280835383949,0.04673622201857753
2024-05-13,2.494853973388672,2.538877010345459,2.424773931503296,2.5270659923553467,192160477,-0.012746805609398337,-0.012828743175536556,2.5457612037658692,2.653456115722656,2.6270410656929015,2.6043664732665706,2.658010976698148,-0.05364450343157756,-0.04752720813612898,-0.006117295295448584,49.879884842123396,2.6270410656929015,2.9720355399870364,2.2820465913987666,0.2626487105964901,0.17606190272739955,278804808.85,0.6892294210871535,0.6141818122234758,0.046518987065530315
2024-05-14,2.3954598903656006,2.51131010055542,2.3907580375671387,2.4948549270629883,197848310,-0.03983963954734704,-0.04065496633205946,2.4935325622558593,2.604785513877869,2.625801205635071,2.5722269989741138,2.6385627480809224,-0.06633574910680862,-0.05128891633026491,-0.015046832776543707,43.52481045342652,2.625801205635071,2.974087271777304,2.2775151394928375,0.26527984326825504,0.16604227679116385,275294929.35,0.7186776395305953,0.03900267064606162,0.04695689343329844
2024-05-15,2.482290029525757,2.509092092514038,2.2801918983459473,2.3954501152038574,347256590,0.036247795051539855,0.0356062996499433,2.4862475872039793,2.5627992153167725,2.6289826035499573,2.558390542135905,2.62698699115091,-0.06859644901500461,-0.05475042286721285,-0.013846026147791762,31.623507592319,2.6289826035499573,2.9703965471459743,2.28756865995394,0.25973085035633203,0.15258022717067174,282373279.7,1.2297785058449353,0.8829093530707409,0.04762961992186281
2024-05-16,2.3690431118011475,2.512036085128784,2.3341100215911865,2.48227596282959,258476228,-0.045621952462277404,-0.04669540978555256,2.4537425994873048,2.522640919685364,2.630881357192993,2.5292601682382503,2.607880037125001,-0.07861986888675077,-0.05952431207112043,-0.019095556815630334,23.000855855912803,2.630881357192993,2.9656774083690647,2.2960853060169213,0.2545124661442588,0.14641530173165457,285552130.8,0.9051805261472067,0.1963348570302666,0.04807470392213351
2024-05-17,2.571502923965454,2.606235980987549,2.343456983566284,2.3690431118011475,347034424,0.0854605858187103,0.08200439997520938,2.4626299858093263,2.512792205810547,2.628466856479645,2.535759053734743,2.6051854361502196,-0.0694263824154766,-0.061504726139991674,-0.007921656275484933,37.17891212398565,2.628466856479645,2.9642945470931497,2.2926391658661402,0.2555312347086507,0.15288352966308594,286385602.45,1.2117732910843124,0.8678240420993232,0.043494964988785335
2024-05-18,2.550200939178467,2.6228890419006348,2.535568952560425,2.571502923965454,186891617,-0.008283865667995438,-0.008318367554645437,2.473699378967285,2.5097302913665773,2.624350702762604,2.5379808822645464,2.601112510448608,-0.06313162818406148,-0.06183010654880564,-0.001301521635255841,35.28251907912818,2.624350702762604,2.961982195534049,2.286719209991159,0.25730668726251166,0.14524739129202707,276555084.45,0.6757844187593999,0.16756722368161717,0.043516135999086894
2024-05-19,2.452910900115967,2.606328010559082,2.4422600269317627,2.550201892852783,163812632,-0.038149950291305856,-0.03889671394965048,2.4851895809173583,2.489361071586609,2.622130501270294,2.5248931927032263,2.590134613386931,-0.06524142068370464,-0.06251236937578544,-0.0027290513079192003,31.360707578861906,2.622130501270294,2.9638386872680096,2.2804223152725784,0.26063400416735527,0.14778874601636613,269179850.2,0.6085620148695662,0.06491743422179938,0.04280119716692961
2024-05-20,2.9038310050964355,2.9038310050964355,2.4240190982818604,2.452910900115967,442090997,0.18383060915875515,0.16875545963792407,2.5694977760314943,2.527872681617737,2.640522599220276,2.583191317686797,2.6133713831431904,-0.03018006545639329,-0.05604590859190701,0.025865843135513718,54.36884321390568,2.640522599220276,3.0017487972010297,2.279296401239522,0.27360204990286463,0.16617030756814138,273766830.55,1.6148449982484556,0.9999999791585001,0.05936514346721893
2024-05-21,2.8317201137542725,3.009605884552002,2.788628101348877,2.9040050506591797,646664434,-0.024833019282321622,-0.025146560373457087,2.6620331764221192,2.557887887954712,2.6415239572525024,2.6214265170817934,2.6295453631884556,-0.008118846106662136,-0.046460496094858035,0.0383416499881959,55.40555207321802,2.6415239572525024,3.004852975655905,2.2781949388491,0.2750904586012597,0.1716885907309396,272302651.3,2.3748003587653645,0.19500607631548253,0.05482077395857962
2024-05-22,2.66436505317688,2.8354270458221436,2.6332430839538574,2.8317201137542725,536918888,-0.059100141911805903,-0.06091856579502726,2.6806056022644045,2.5716177940368654,2.6308306574821474,2.6280324457118067,2.632124599483894,-0.004092153772087492,-0.03798682763030393,0.033894673858216436,52.653657663295746,2.6308306574821474,2.9770105375698352,2.2846507773944595,0.26317154173579643,0.17781308719090053,276839228.5,1.9394610038078473,0.15392896348528082,0.056181682207167793
2024-05-23,2.6191799640655518,2.8509390354156494,2.518615961074829,2.66436505317688,935990430,-0.01695904585501573,-0.017104497296940125,2.694401407241821,2.5840503931045533,2.6187532544136047,2.6266705254585365,2.631165737601054,-0.0044952121425176905,-0.03128850453274668,0.02679329239022899,48.7877572783682,2.6187532544136047,2.9475815042918465,2.289925004535363,0.2511334348312808,0.19318866729736328,305637608.9,3.062419030722891,0.3026091407107528,0.056271296792416554
2024-05-24,2.522305965423584,2.6662709712982178,2.4645259380340576,2.6191799640655518,421542430,-0.03698638504075824,-0.03768772921620458,2.708280420303345,2.5967350006103516,2.60076025724411,2.6106144392993125,2.6231020507730936,-0.01248761147378108,-0.02752832592095356,0.01504071444717248,50.11950003887599,2.60076025724411,2.9075428750263024,2.293977639461918,0.23591764517908598,0.19332831246512278,310593741.8,1.3572148220276858,0.28640122431097637,0.056712357104944947
2024-05-25,2.550173044204712,2.6043989658355713,2.5062038898468018,2.5223090648651123,287162290,0.01104825471736448,0.01098766859007497,2.637548828125,2.603523302078247,2.5831612586975097,2.6013157631309127,2.6176999021383986,-0.01638413900748592,-0.025299488538260032,0.008915349530774112,50.6129947181984,2.5831612586975097,2.8556066973064036,2.3107158200886158,0.21093955144423873,0.19607324259621756,312998583.25,0.9174555584829472,0.4477734696717804,0.056766172963368576
2024-05-26,2.5330450534820557,2.6363320350646973,2.511565923690796,2.550173044204712,291538812,-0.006716403328621112,-0.006739059869419,2.577813816070557,2.619923496246338,2.571282207965851,2.5908125770310884,2.6114291726082994,-0.020616595577211072,-0.024362909946050244,0.0037463143688391716,50.195371781328205,2.571282207965851,2.8296667839144822,2.3128976320172194,0.20097722074080715,0.20111795834132604,314235632.35,0.9277713345865246,0.17215514560151085,0.05597414381629275
2024-05-27,2.588318109512329,2.6329329013824463,2.5146069526672363,2.5330450534820557,407041464,0.02182079468120479,0.021586128736258613,2.5626044273376465,2.6216050148010255,2.567198610305786,2.5904288127974335,2.609717242008598,-0.01928842921116436,-0.02334801379907307,0.004059584587908709,53.008690286419494,2.567198610305786,2.8215650116473157,2.312832208964257,0.19816651529834783,0.20141959190368652,322812934.7,1.2609205525741283,0.6229500072972384,0.05566575916118503
2024-05-28,2.5471689701080322,2.5883219242095947,2.484726905822754,2.5883219242095947,344713243,-0.015898022446727,-0.01602575157482343,2.5482022285461428,2.6213018178939818,2.5655160546302795,2.5837734523836793,2.60508403668263,-0.02131058429895072,-0.0229405278990486,0.0016299436000978829,55.073911784293564,2.5655160546302795,2.819948254762081,2.311083854498478,0.19834777464954742,0.20020837443215506,329882270.3,1.044958380717195,0.6027515534057235,0.05525202982834668
2024-05-29,2.488471031188965,2.5893020629882812,2.486985921859741,2.5471689701080322,265979385,-0.023044383630575482,-0.0233140564570069,2.5414352416992188,2.6248578310012816,2.5571094512939454,2.569111541430646,2.5964460362756916,-0.027334494845045576,-0.023819321288248,-0.0035151735567975767,50.21068832220255,2.5571094512939454,2.8099753207908744,2.3042435817970164,0.19777477211151376,0.19116665635790145,335051382.15,0.7938465536038978,0.014514906130097547,0.05506364445488474
2024-05-30,2.477236032485962,2.537627935409546,2.406191110610962,2.488471031188965,263689974,-0.0045148199686435575,-0.0045250425486613515,2.5268478393554688,2.5821983337402346,2.5550355076789857,2.5549768477468486,2.5876156656246003,-0.03263881787775169,-0.025583220606148743,-0.007055597271602949,53.96355438229224,2.5550355076789857,2.8098997851953387,2.3001712301626327,0.1994995973640098,0.1878459964479719,338872410.7,0.7781393990006517,0.5405252034855407,0.05380467221254041
2024-05-31,2.458522081375122,2.515921115875244,2.4107000827789307,2.4771571159362793,217083006,-0.007554367393913575,-0.007583046151817043,2.511943244934082,2.544878530502319,2.551383209228516,2.540137652920429,2.5780531779024165,-0.03791552498198758,-0.02804968148131651,-0.00986584350067107,45.21714011875093,2.551383209228516,2.809733189724903,2.2930332287321287,0.20251758305998,0.1765918561390468,343059712.3,0.6327849007526845,0.4544908241635451,0.05382152239980275
2024-06-01,2.472278118133545,2.4845800399780273,2.45003604888916,2.4585208892822266,134261087,0.005595246372865015,0.00557965112766097,2.488735246658325,2.5256698369979858,2.5486438155174254,2.529697724491678,2.570217988289907,-0.04052026379822937,-0.030543797944699087,-0.009976465853530285,46.68005350400874,2.5486438155174254,2.809231647704739,2.2880559833301115,0.20449136956739428,0.17282213483537948,344407835.9,0.38983168501132237,0.643876463156809,0.05383525722279174
2024-06-02,2.3830180168151855,2.4935719966888428,2.348207950592041,2.472278118133545,204977947,-0.036104393216790154,-0.03677228195422494,2.455905055999756,2.502053642272949,2.543052017688751,2.5071316156183716,2.556351323736224,-0.04921970811785226,-0.03427897997932973,-0.014940728138522527,47.001657745172,2.543052017688751,2.813126775709477,2.2729772596680253,0.21240207132387556,0.17148613929748535,345048709.4,0.5940551041516228,0.23946818187271543,0.05438120823042452
2024-06-03,2.401031017303467,2.4641730785369873,2.3630309104919434,2.383021116256714,214137920,0.007558902350371266,0.007530477001091721,2.4384170532226563,2.4899261474609373,2.5433305740356444,2.490808446646848,2.5448461158523155,-0.0540376692054676,-0.03823071782455731,-0.01580695138091029,15.684725190899314,2.5433305740356444,2.81277513234019,2.2738860157310987,0.21188323771612827,0.1444383008139474,345863189.9,0.6191405337524183,0.3757097933425953,0.053626154879466786
2024-06-04,2.47932505607605,2.4799559116363525,2.3893020153045654,2.401031017303467,205449825,0.03260850784864622,0.032088132678594006,2.438834857940674,2.4828413486480714,2.5431823253631594,2.489041771174418,2.5399927040170365,-0.050950932842618535,-0.040774760828169554,-0.010176172014448981,26.1508965850189,2.5431823253631594,2.812771516229368,2.273593134496951,0.2120093303398622,0.13512945175170898,338772851.65,0.6064530377784185,0.9930409445568313,0.05350769287115321
2024-06-05,2.5235140323638916,2.545232057571411,2.474760055541992,2.47932505607605,213584985,0.017822986211327274,0.01766601912992325,2.4518332481384277,2.481888246536255,2.550905871391296,2.4943451959727985,2.538772061672359,-0.04442686569956056,-0.041505181802447756,-0.002921683897112802,38.56051634250679,2.550905871391296,2.808052722323658,2.293759020458934,0.20161218319836385,0.12572145462036133,336528289.5,0.6346717101178503,0.691820418034138,0.05245557792924769
2024-06-06,2.4831910133361816,2.529567003250122,2.449876070022583,2.5235140323638916,177120897,-0.01597891611085578,-0.01610795544282246,2.454015827178955,2.4713755369186403,2.5464902758598327,2.4926291678748576,2.534654946980791,-0.0420257791059333,-0.04160930126314487,-0.0004164778427884347,38.86747790296471,2.5464902758598327,2.8051762276012715,2.287804324118394,0.2031705788894815,0.10767630168369838,328032613.15,0.5399490474412301,0.41805181322142865,0.0489930725236703
2024-06-07,2.2611420154571533,2.550947904586792,2.121556043624878,2.4831910133361816,420191026,-0.08942082855748745,-0.09367442978637683,2.4296406269073487,2.4427728414535523,2.5320373296737673,2.457015759810595,2.5143947298308915,-0.05737897002029646,-0.044763235014575194,-0.012615735005721267,32.256638042549696,2.5320373296737673,2.8204429688471193,2.243631690500415,0.22780520318040556,0.12393678937639509,339697583.6,1.2369561818690546,0.32507828226831126,0.05286134946821797
2024-06-08,2.16914701461792,2.2715260982513428,2.1422119140625,2.2608890533447266,268057584,-0.040685193681049725,-0.041535992774114065,2.3832638263702393,2.4108404397964476,2.5178491353988646,2.412728260550183,2.488820825000301,-0.0760925644501178,-0.05102910090168373,-0.025063463548434077,26.188142607210338,2.5178491353988646,2.847600844904611,2.188097425893118,0.2619312689308599,0.12615958281925746,344909831.2,0.7771816276369452,0.20829191044631576,0.05294862923515771
2024-06-09,2.2294929027557373,2.248379945755005,2.163480043411255,2.1687960624694824,264821816,0.027820100588455077,0.027440152291213982,2.3332973957061767,2.386066126823425,2.48413223028183,2.384538205504884,2.4696113492784817,-0.08507314377359787,-0.057837909476066575,-0.027235234297531295,32.00200054735156,2.48413223028183,2.7842822354055143,2.1839822251581453,0.24165380688260052,0.12331199645996094,336046372.15,0.7880514058392879,0.7775374263898405,0.03035719154039824
2024-06-10,2.1858339309692383,2.2448949813842773,2.1671600341796875,2.229537010192871,270551694,-0.01958246726532964,-0.019776744241785087,2.265761375427246,2.358797311782837,2.451837921142578,2.3539683171147843,2.4485907997740934,-0.09462248265930917,-0.0651948241127151,-0.02942765854659407,25.802944054141832,2.451837921142578,2.732901207540987,2.170774634744169,0.22926742748756498,0.12041263920920235,317240735.15,0.8528277236278495,0.24022521476924652,0.030269100829672716
2024-06-11,2.0581700801849365,2.1922569274902344,2.039401054382324,2.1859829425811768,394255019,-0.058405100669149834,-0.06018014007405342,2.180757188796997,2.317386507987976,2.421528172492981,2.3084608960486537,2.419670746471193,-0.11120985042253917,-0.07439782937467992,-0.036812021047859245,23.371723218913218,2.421528172492981,2.73496974161488,2.108086603371082,0.2588791430819561,0.12393127168927874,310107541.7,1.2713493417112856,0.12278903121682351,0.030213025703200683
2024-06-12,2.1451549530029297,2.2057249546051025,2.0069420337677,2.0580039024353027,308192474,0.042263209272859203,0.04139451150307149,2.1575597763061523,2.2936002016067505,2.39782692193985,2.28333690481085,2.3993362432513217,-0.11599933844047161,-0.08271813118783827,-0.03328120725263334,31.863565007284947,2.39782692193985,2.7199081873105944,2.0757456565691057,0.2686442982383228,0.13082175595419748,278717643.9,1.105751575994863,0.6952957110199917,0.03255207610279727
2024-06-13,2.0130980014801025,2.1452689170837402,2.002872943878174,2.1452689170837402,223065634,-0.06156056528129361,-0.06353695916829764,2.1263499736785887,2.254806900024414,2.372366523742676,2.241761688913812,2.3707260031201205,-0.12896431420630838,-0.0919673677915323,-0.03699694641477608,28.256514548107532,2.372366523742676,2.7314015739544515,2.0133314735309003,0.302680927772794,0.13160455226898193,268793804.1,0.8298763981814564,0.07180720531398391,0.03407558840108945
2024-06-14,2.003262996673584,2.052427053451538,1.8999780416488647,2.013068914413452,251873111,-0.004885507212906481,-0.004897480315641296,2.0811039924621584,2.2072006940841673,2.3450210213661196,2.2050695824153155,2.343506521161118,-0.13843693874580243,-0.10126128198238635,-0.03717565676341608,28.493553680658565,2.3450210213661196,2.7294470513611375,1.9605949913711016,0.3278657432000896,0.1349779793194362,267029345.15,0.9432413162625022,0.677504872142827,0.033726145751575155
2024-06-15,2.1001319885253906,2.1001319885253906,2.0025219917297363,2.0032401084899902,177403297,0.048355603838665884,0.04722284498392689,2.063963603973389,2.1648624897003175,2.323375368118286,2.1889253372014807,2.325478778002916,-0.13655344080143506,-0.1083197137461961,-0.028233727055238952,33.69978755026153,2.323375368118286,2.7119538666474883,1.9347968695890838,0.3344948077364821,0.13948269401277816,261322569.4,0.6788671082154146,0.9999998975514875,0.03628360364135988
2024-06-16,2.0941479206085205,2.117750883102417,2.038925886154175,2.100490093231201,152366264,-0.0028493770627586734,-0.002853444265414849,2.0711591720581053,2.1259581804275514,2.2986668586730956,2.1743441961871794,2.3083431589366645,-0.13399896274948508,-0.1134555635468539,-0.02054339920263118,36.35166922711776,2.2986668586730956,2.67907060344149,1.9182631139047013,0.33097770852100095,0.13472990478788102,248588809.4,0.6129248712673548,0.7005649170523437,0.0356047734787331
2024-06-17,1.9368619918823242,2.1000568866729736,1.9082390069961548,2.094149112701416,246226302,-0.07510736332345225,-0.07807761666396279,2.0295005798339845,2.0935301780700684,2.26815150976181,2.137808472447971,2.280826035451158,-0.1430175630031867,-0.11936796343812048,-0.02364959956506621,30.61980670634688,2.26815150976181,2.6622885483858885,1.874014471137732,0.3475403093027666,0.1412067413330078,243664462.35,1.0105138009264567,0.14921957975032668,0.03847371943536188
2024-06-18,1.829503059387207,1.9404640197753906,1.7175489664077759,1.9367820024490356,327708095,-0.05542931450205246,-0.05702475577475897,1.9927815914154052,2.059565782546997,2.2352031111717223,2.090376870438623,2.247394703890865,-0.15701783345224207,-0.12689793744094482,-0.030119896011297248,23.511238974399248,2.2352031111717223,2.6607167591374115,1.8096894632060332,0.38073823881054764,0.15065396683556692,246750897.85,1.3280928169072517,0.5022275807122325,0.039589194676601006
2024-06-19,1.9063559770584106,1.957934021949768,1.8088990449905396,1.8294140100479126,231097803,0.04200753711608751,0.041149176621797505,1.9734001874923706,2.0272520899772646,2.206659108400345,2.062065963764744,2.22213257597735,-0.16006661221260599,-0.13353167239527705,-0.026534939817328934,25.49527536745275,2.206659108400345,2.6403238242943927,1.772994392506297,0.39305093772134186,0.1562656079019819,245121289.3,0.9427896028939499,0.6539198214881743,0.041526284283497986
2024-06-20,1.8337860107421875,2.0013461112976074,1.8305920362472534,1.9063559770584106,225786456,-0.03806737418905448,-0.03881086630859115,1.92013099193573,1.9920472979545594,2.175422304868698,2.0269459709920428,2.1933661637377084,-0.16642019274566566,-0.1401093764653548,-0.026310816280310872,24.858699125547105,2.175422304868698,2.6224931904546684,1.7283514192827278,0.4110198599926134,0.16277011803218297,245556461.8,0.9194889612959881,0.018705113227552972,0.04190630561143867
2024-06-21,1.811169981956482,1.8719589710235596,1.8082150220870972,1.8338229656219482,188877280,-0.012332970506494512,-0.012409652719166641,1.8635354042053223,1.9673472881317138,2.142366898059845,1.993749664986572,2.1650553354576174,-0.1713056704710454,-0.14634863526649292,-0.024957035204552475,29.398344658323126,2.142366898059845,2.59475168350839,1.6899821126113002,0.42232241905738027,0.136652410030365,248287271.45,0.760720752606265,0.046356704520504596,0.04166283355930168
2024-06-22,1.7905579805374146,1.819005012512207,1.7805750370025635,1.8112159967422485,116979604,-0.011380489752155443,-0.011445743074554805,1.8342746019363403,1.9318875908851623,2.1127438962459566,1.9624894058405478,2.1373147906487135,-0.17482538480816578,-0.1520439851748275,-0.02278139963333828,31.454339156794305,2.1127438962459566,2.5762325166163618,1.6492552758755514,0.4387551384661038,0.13016068083899363,243887354.3,0.479646041246182,0.2597696408796712,0.04135681520974826
2024-06-23,1.707455039024353,1.822463035583496,1.7049089670181274,1.7904130220413208,128212868,-0.04641175679109766,-0.04752331159677752,1.8098649978637695,1.9013232946395875,2.0780650973320007,1.923253349407287,2.1054733275654276,-0.18221997815814062,-0.15807918377149013,-0.024140794386650483,24.985042450650383,2.0780650973320007,2.554344602288838,1.6017855923751636,0.45838747358619886,0.13249312128339494,239591101.7,0.5351320107060554,0.021658729644244406,0.041679384819976927
2024-06-24,1.7724850177764893,1.7725980281829834,1.6593650579452515,1.7076849937438965,232764994,0.03808590988685401,0.03737854614243663,1.7830908060073853,1.8782454967498778,2.042723095417023,1.9000582214640873,2.0808075268403208,-0.18074930537623346,-0.16261320809243882,-0.018136097283794644,30.590711678345897,2.042723095417023,2.4980746151631763,1.587371575670869,0.44582794483281973,0.1350286943571908,240956860.15,0.9660027685250363,0.9990018773129803,0.04203251725279075
2024-06-25,1.7620350122451782,1.796072006225586,1.725206971168518,1.7726900577545166,174276158,-0.005895680598993258,-0.005913128736753841,1.7687406063079834,1.8444357991218567,2.004649144411087,1.878823881584255,2.057194747981421,-0.17837086639716615,-0.1657647397533843,-0.012606126643781856,34.3746104127037,2.004649144411087,2.415942903208543,1.5933553856136313,0.41033989408484045,0.1291722059249878,238991418.8,0.7292151277860023,0.519692622039574,0.04136359411225069
2024-06-26,1.784019947052002,1.7964210510253906,1.7138099670410156,1.7621300220489502,160856166,0.012477013597369302,0.012399817120966607,1.7633105993270874,1.8134230017662047,1.969690591096878,1.8642386608869854,2.036959577542205,-0.17272091665521971,-0.16715597513375138,-0.005564941521468331,29.541611954200093,1.969690591096878,2.32473100526459,1.6146501769291661,0.3605037418288094,0.12087421757834298,238178182.25,0.6753606248919972,0.8498856100884682,0.041885697277099815
2024-06-27,1.7966229915618896,1.8344999551773071,1.7318819761276245,1.7839579582214355,194583004,0.007064407845166487,0.0070395718153601185,1.7645236015319825,1.7993991017341613,1.9464646399021148,1.853836250221586,2.0191568674695892,-0.1653206172480033,-0.16678890355660178,0.0014682863085984932,35.817095988225816,1.9464646399021148,2.2814350610968184,1.6114942187074115,0.3441834126630203,0.11803293228149414,226897781.15,0.8575800213372866,0.6308934333425761,0.038335710786388255
2024-06-28,1.7479439973831177,1.8355640172958374,1.7453639507293701,1.796633005142212,162838729,-0.027094718484289793,-0.027468548383862736,1.7726213932037354,1.7912431955337524,1.9254044890403748,1.8375451344002829,1.9990670252409617,-0.1615218908406788,-0.1657355010134172,0.004213610172738386,34.08233153523227,1.9254044890403748,2.2543348211357084,1.5964741569450414,0.3416740056103983,0.11358657905033656,221636838.4,0.7347096727039398,0.028603597158216993,0.03789462777649327
2024-06-29,1.738036036491394,1.7889080047607422,1.7362289428710938,1.7480000257492065,110173467,-0.005668351449793052,-0.005684477521573039,1.7657315969467162,1.7744112014770508,1.9008316457271577,1.8222360424143,1.9797313964446974,-0.15749535403039738,-0.16408747161681325,0.006592117586415869,24.679939935023526,1.9008316457271577,2.2067341782276086,1.5949291132267067,0.32186178422279876,0.11037722655705043,213904420.95,0.5150593265473132,0.03430382418440806,0.036859100188704016
2024-06-30,1.799360990524292,1.801272988319397,1.72080397605896,1.738090991973877,130614986,0.03528405208254237,0.034675835520355414,1.7731967926025392,1.7709686994552611,1.8815079987049104,1.8187168036619912,1.9663706256357785,-0.1476538219737873,-0.16080074168820807,0.01314691971442078,30.867398571800834,1.8815079987049104,2.1591255439159176,1.6038904534939031,0.2951011054984602,0.11049465622220721,206907585.55,0.6312720998256315,0.9762392068227599,0.03825841019674897
2024-07-01,1.7525180578231812,1.8598699569702148,1.7460139989852905,1.7993570566177368,159653426,-0.02603309338581461,-0.02637795269897641,1.766896414756775,1.7651035070419312,1.8662253975868226,1.8085323812252512,1.950529694686697,-0.14199731346144584,-0.15704005604285565,0.015042742581409807,36.03318749242451,1.8662253975868226,2.136448458494427,1.596002336679218,0.2895931662456468,0.10492594752992902,195177505.9,0.8179909117283172,0.05712532204505809,0.036710692538752754
2024-07-02,1.7667839527130127,1.7798869609832764,1.7342720031738281,1.752472996711731,135776205,0.008140227044251658,0.008107274104905485,1.7609286069869996,1.762726104259491,1.8473068475723267,1.802109546069522,1.9369188989849426,-0.13480935291542062,-0.15259391541736866,0.017784562501948042,44.46767836938647,1.8473068475723267,2.0865055365982843,1.608108158546369,0.25897017524760996,0.09226165499005999,186556692.45,0.7278013091724923,0.7127473963151709,0.0350379279255494
2024-07-03,1.6353520154953003,1.778691053390503,1.6193920373916626,1.766890048980713,176695613,-0.0743904975002122,-0.0773028368418553,1.7384102106094361,1.7555158019065857,1.8284195482730865,1.7764545413657955,1.9145806113190433,-0.13812606995324783,-0.14970034632454451,0.011574276371296682,28.194838075514,1.8284195482730865,2.0721102943043697,1.5847288022418033,0.26655889373032055,0.09299480063574654,184238191.4,0.959060722737859,0.10018879904359165,0.036149452234874604
2024-07-04,1.440953016281128,1.646677017211914,1.4387669563293457,1.6353310346603394,458902947,-0.11887287713727779,-0.1265533696270221,1.6789936065673827,1.7223626017570495,1.8003040492534637,1.7248389221220004,1.8794970857606792,-0.1546581636386788,-0.15069190978737138,-0.003966253851307416,23.573314976267213,1.8003040492534637,2.085308226450532,1.5152998720563953,0.3166178261002654,0.09564879962376185,194589683.2,2.3583107770844043,0.01051444955264796,0.043572839844089155
2024-07-05,1.3298200368881226,1.4418970346450806,1.2614309787750244,1.4405189752578735,381427753,-0.07712463774830214,-0.08026108907768023,1.5850854158401488,1.679141104221344,1.7617884516716003,1.664066785932173,1.838780267325675,-0.17471348139350207,-0.15549622410859754,-0.019217257284904532,21.06463579697342,1.7617884516716003,2.08218933458829,1.4413875687549105,0.3637223102611334,0.10398609297616142,204790906.0,1.8625229042152878,0.3789579929245058,0.0429379293535049
2024-07-06,1.4880319833755493,1.4956519603729248,1.3178919553756714,1.3298749923706055,182676191,0.118972448977122,0.11241080791597946,1.5321882009506225,1.6495423078536988,1.7314826548099518,1.6369845086157693,1.812798912958999,-0.1758144043432297,-0.15955986015552398,-0.016254544187705722,34.395701533416855,1.7314826548099518,2.0336608553887796,1.429304454231124,0.34903982403681083,0.11393823793956212,206306402.35,0.8854606009273953,0.9571332900849878,0.05317109082209419
2024-07-07,1.3826240301132202,1.4899699687957764,1.377774953842163,1.4880290031433105,159176451,-0.0708371556794195,-0.0734712656260321,1.4553562164306642,1.6081424117088319,1.7037707567214966,1.5978521273076849,1.7809341068222746,-0.1830819795145897,-0.16426428402733714,-0.018817695487252567,33.62206254015025,1.7037707567214966,2.0275293055831396,1.3800122078598536,0.38004942576270023,0.1135554483958653,201953909.8,0.7881820716302863,0.04322006499897804,0.05292752911659873
2024-07-08,1.4801150560379028,1.528090000152588,1.328281044960022,1.3826849460601807,271742377,0.07051159519967198,0.06813666056266378,1.4243088245391846,1.5813595175743103,1.6863013565540315,1.5797387317277185,1.7586512141715802,-0.1789124824438617,-0.16719392371064207,-0.011718558733219642,35.72598475972974,1.6863013565540315,2.019073683334009,1.3535290297740539,0.3946771737882014,0.11973944732121058,199155623.9,1.3644725249458547,0.7598958882127778,0.055347865988846584
2024-07-09,1.6196420192718506,1.6253859996795654,1.4760860204696655,1.4799790382385254,222375104,0.09426764673784582,0.09008532374690262,1.4600466251373292,1.569520115852356,1.6719656586647034,1.5858776990422006,1.7483542367716003,-0.16247653772939974,-0.1662504465143936,0.003773908784993868,43.826235955538195,1.6719656586647034,1.9891612445327265,1.3547700727966803,0.37942835036617656,0.12534194333212717,198719488.95,1.1190402369440071,0.9615271880586715,0.05899973562458139
2024-07-10,1.6771990060806274,1.6800249814987183,1.586804986000061,1.6191229820251465,198216284,0.035536856986862375,0.034919994640507906,1.52952241897583,1.5573039174079895,1.6641363084316254,1.5999271308942662,1.7430834789426393,-0.14315634804837307,-0.1616316268211895,0.018475278772816434,45.507128745814256,1.6641363084316254,1.9721101711724014,1.3561624456908494,0.37013057305507346,0.12609972272600448,197340980.35,1.004435488505467,0.9696847752478247,0.0592199381652151
2024-07-11,1.6605470180511475,1.7151800394058228,1.647650957107544,1.6770650148391724,177409356,-0.009928450928666677,-0.009978066675755798,1.5640254259109496,1.548106813430786,1.6566051602363587,1.6092532673799402,1.7369696670247512,-0.12771639964481096,-0.1548485813859138,0.02713218174110285,44.29609414007081,1.6566051602363587,1.9567058954700087,1.3565044250027087,0.3623081014559108,0.12359337295804705,196767584.15,0.9016188147370716,0.19097044702809093,0.05920197232316432
2024-07-12,1.7104909420013428,1.7508440017700195,1.6439570188522339,1.6605240106582642,207449704,0.030076790001893894,0.029633352862474788,1.6295988082885742,1.542477512359619,1.652601808309555,1.6248282942447714,1.7350082799859803,-0.11017998574120891,-0.14591486225697284,0.03573487651576393,48.43174077328234,1.652601808309555,1.947265551187955,1.357938065431155,0.35660585798318994,0.12478529555456978,201291089.15,1.0305955662319988,0.6224697817094064,0.05960515546772371
2024-07-13,1.6900089979171753,1.7387030124664307,1.6707450151443481,1.7106859683990479,141586409,-0.011974307247837768,-0.012046576762507642,1.6715775966644286,1.5479432106018067,1.6517295062541961,1.6348560948097566,1.7316749998327354,-0.09681890502297885,-0.13609567081017404,0.03927676578719519,48.006631630987776,1.6517295062541961,1.9458122476332118,1.3576467648751804,0.356090679818318,0.12587664808545793,201959766.2,0.7010624525074342,0.283468917526183,0.05870242864700404
2024-07-14,1.7998520135879517,1.8254029750823975,1.6902459859848022,1.6902459859848022,168711605,0.064995521210923,0.06297059371679252,1.707619595527649,1.583833110332489,1.6530978560447693,1.6602400823140941,1.7367251489997884,-0.07648506668569421,-0.12417354998527808,0.04768848329958386,50.01959095009401,1.6530978560447693,1.9497894610148128,1.356406251074726,0.3589522590996675,0.12979985986437118,198757096.75,0.8488331121691131,0.8109533974189842,0.05989042371844771
2024-07-15,1.8558030128479004,1.8675659894943237,1.7628669738769531,1.800130009651184,225537092,0.03108644423960838,0.030613046563290797,1.7433403968811034,1.6364314079284668,1.6577862560749055,1.6903266870116027,1.745545731507056,-0.05521904449545323,-0.1103826488873131,0.05516360439185987,54.09115252739399,1.6577862560749055,1.9645196461816457,1.3510528659681653,0.3700517952573504,0.12914579255240305,201320143.45,1.120290737603287,0.8876495117594319,0.0601885334730691
2024-07-16,1.7905139923095703,1.8619749546051025,1.715751051902771,1.8550070524215698,261283926,-0.035181007944446674,-0.03581476823659293,1.769333791732788,1.666679608821869,1.6581109583377838,1.7057401185959056,1.7488767137887236,-0.043136595192817984,-0.09693343814841407,0.053796842955596086,50.90343729338607,1.6581109583377838,1.9654202037421868,1.3508017129333807,0.3706739212585305,0.13633214575903757,206341531.45,1.266269200213402,0.5112907938593769,0.06078918871430698
2024-07-17,1.808995008468628,1.8818739652633667,1.790613055229187,1.790613055229187,216515417,0.010321626213721569,0.01026872195710468,1.7890346050262451,1.7093167066574098,1.6587295591831208,1.7216254862686322,1.7533299208020496,-0.031704434533417425,-0.08388763742541475,0.05218320289199732,57.23290202427687,1.6587295591831208,1.9672601610512443,1.3501989573149973,0.3720083242744724,0.13147935697010585,207438152.1,1.0437588978117396,0.20142195840844448,0.0608079960949176
2024-07-18,1.8246890306472778,1.8434200286865234,1.755607008934021,1.8090749979019165,180990267,0.008675547530634375,0.0086381312170947,1.8159706115722656,1.7437741041183472,1.6625668108463287,1.7374814161730392,1.758615780790585,-0.021134364617545698,-0.07133698286384094,0.05020261824629524,68.77995579403704,1.6625668108463287,1.9776095710357962,1.3475240506568613,0.37898357904678137,0.12290099688938685,208345729.0,0.8687015945500856,0.7866944337071821,0.06042884064743001
2024-07-19,1.9591480493545532,1.95939302444458,1.7791520357131958,1.8247159719467163,214175553,0.07368873076393645,0.07110013170010304,1.847829818725586,1.7777247071266173,1.6736224114894866,1.7715839751240412,1.7734700229064344,-0.0018860477823932076,-0.05744679584755139,0.055560748065158184,80.11168136928887,1.6736224114894866,2.0142926547193905,1.3329521682595828,0.40710525969440725,0.122884920665196,213545833.3,1.0029488737395091,0.9986407915415961,0.06234302856494814
2024-07-20,1.9280680418014526,1.970541000366211,1.913712978363037,1.9591480493545532,143356351,-0.015864042313361693,-0.015991223093525214,1.8622828245162963,1.8028116106987,1.6800577640533447,1.795658446920566,1.7849217280097691,0.010736718910796972,-0.04381009289588172,0.05454681180667869,73.97081647628757,1.6800577640533447,2.0352807874687366,1.3248347406379528,0.4228700119909841,0.11424692187990461,214182901.55,0.6693174383321823,0.2526053240346912,0.06220781607997728
2024-07-21,1.9729119539260864,1.9765880107879639,1.8772660493850708,1.9280710220336914,190640867,0.02325846969733214,0.02299211360735987,1.8987624168395996,1.8340481042861938,1.69107745885849,1.8229282172291077,1.7988469299294962,0.024081287299611454,-0.030231816856783084,0.05431310415639454,84.42739778143704,1.69107745885849,2.068731029325729,1.313423888391251,0.44664254554272453,0.11332741805485316,215732273.6,0.8836919197054252,0.9629883820271176,0.061876517175586586
2024-07-22,1.8739689588546753,1.9863669872283936,1.8648380041122437,1.9729160070419312,177326132,-0.05015074031789157,-0.051451980996437725,1.9117572069168092,1.8503959059715271,1.6964367091655732,1.8307806390176566,1.8044115246646948,0.026369114352961853,-0.018911630614834096,0.04528074496779595,72.93192564580168,1.6964367091655732,2.0815816409820562,1.31129177734909,0.4540634256917542,0.10773599147796631,217809769.95,0.8141330484886269,0.07513396193207031,0.06321638195947885
2024-07-23,1.873684048652649,1.9565980434417725,1.8205389976501465,1.8739689588546753,257439721,-0.00015203571045296904,-0.00015204726905315702,1.9215562105178834,1.8687634110450744,1.7083533108234406,1.8373811635768862,1.8095428227378767,0.02783834083900949,-0.009561636324065377,0.03739997716307487,67.65397509955456,1.7083533108234406,2.100229797687846,1.3164768239590348,0.45877686352305885,0.10679021051951818,221846975.35,1.1604382732459912,0.39060282090957565,0.060436917934719725
2024-07-24,1.7367140054702759,1.886273980140686,1.7316709756851196,1.873695969581604,159911164,-0.07310199565442588,-0.07591174714444786,1.8770694017410279,1.8624496102333068,1.723141360282898,1.8218939084835615,1.8041480955328693,0.01774581295069222,-0.004100146469113856,0.021845959419806077,53.724730669372406,1.723141360282898,2.094305047506821,1.3519776730589752,0.43079888368878433,0.1111747111592974,206897386.2,0.7729008419923674,0.03261922028438611,0.056065801337824586
2024-07-25,1.6939769983291626,1.7493269443511963,1.6313420534133911,1.7367140054702759,246431044,-0.02460797057345132,-0.02491580733425295,1.83025119304657,1.846267008781433,1.74134920835495,1.8022143838444233,1.79598727351778,0.006227110326643359,-0.0020346951099624124,0.008261805436605771,52.02605490233024,1.74134920835495,2.0638036685693395,1.4188947481405603,0.3703501384641991,0.11477869749069214,200147550.75,1.231246863009639,0.5308725474015443,0.052867028980939666
2024-07-26,1.7356950044631958,1.7594959735870361,1.6933879852294922,1.6939350366592407,186701411,0.024627256553767518,0.024328894310230723,1.7828078031539918,1.8407851099967956,1.7537323594093324,1.7919806331703885,1.7915211795137367,0.00045945365665178706,-0.0015358653566395724,0.0019953190132913595,51.54289946031687,1.7537323594093324,2.053446496821494,1.4540182219971707,0.3418014565382224,0.11186591216496058,200348811.75,0.9318817983955425,0.6399682381076923,0.04682218839961243
2024-07-27,1.7490220069885254,1.7827359437942505,1.708860993385315,1.7356950044631958,182038808,0.007678193744327322,0.007648866439561826,1.7578184127807617,1.8347878098487853,1.7720522582530975,1.7853716137577942,1.7883730926600174,-0.0030014789022232424,-0.0018289880657563068,-0.0011724908364669356,53.644483702129975,1.7720522582530975,2.0158270038284094,1.5282775126777857,0.275132682391237,0.11228855167116437,201491929.6,0.9034545867984978,0.5436349932493876,0.04292642194783197
2024-07-28,1.7026859521865845,1.758241057395935,1.686684012413025,1.748757004737854,152757121,-0.026492551046697566,-0.026849802475168848,1.7236187934875489,1.822587502002716,1.7831808030605316,1.7726507427468388,1.7820258970693927,-0.00937515432255398,-0.003338221317115842,-0.006036933005438138,43.48852458387776,1.7831808030605316,1.9880589776171869,1.5783026285038764,0.22978956952095506,0.10772877080099923,195542666.8,0.7811958561260657,0.22362490710917723,0.04150584839439835
2024-07-29,1.6705390214920044,1.7645679712295532,1.66239595413208,1.7026840448379517,207312726,-0.018880129159048464,-0.019060634383247663,1.7103837966918944,1.7937265992164613,1.7857256531715393,1.7569412471691719,1.773767609989586,-0.016826362820414165,-0.006035849617775508,-0.010790513202638657,37.17558908597292,1.7857256531715393,1.9831806592953973,1.5882706470476813,0.22114819907880914,0.10754827090672084,194789547.9,1.064290811468124,0.07969957718618764,0.036516490142734864
2024-07-30,1.6281119585037231,1.7121469974517822,1.5975099802017212,1.6707429885864258,194112295,-0.025397229542347688,-0.025725305915523588,1.6972107887268066,1.7637309908866883,1.7832713007926941,1.7371213566052568,1.7629783024721146,-0.025856945866857828,-0.010000068867591975,-0.015856876999265853,38.39069979096345,1.7832713007926941,1.9875099867833104,1.579032614802078,0.2290606997374193,0.10529206480298724,194584348.45,0.9975740420349313,0.2669467190146948,0.03612687941358323
2024-07-31,1.5834100246429443,1.6613229513168335,1.5651179552078247,1.628113031387329,176265287,-0.02745630214635919,-0.027840270973421653,1.6667537927627563,1.724780797958374,1.779414451122284,1.7134734593802856,1.7496769485588428,-0.0362034891785572,-0.015240752929785023,-0.02096273624877218,34.456755581080245,1.779414451122284,1.9959540395311088,1.5628748627134592,0.24338297159748523,0.1056381378855024,194527145.0,0.9061218011501685,0.1901363575029879,0.03656819763272261
2024-08-01,1.572253942489624,1.60282301902771,1.472933053970337,1.5834100246429443,166614439,-0.007045605357864249,-0.007070542837419075,1.631400179862976,1.6946092963218689,1.772502601146698,1.6917473798586453,1.7365345036648265,-0.04478712380618122,-0.021150027105064265,-0.023637096701116952,32.4972786040003,1.772502601146698,2.006432042254121,1.5385731600392754,0.26395384802943034,0.10864363397870745,192485381.75,0.865595285653426,0.7646539963951535,0.03580222102663078
2024-08-02,1.4614109992980957,1.5836900472640991,1.4390109777450562,1.572253942489624,188491757,-0.07049938956808166,-0.07310781508936573,1.5831451892852784,1.6533819913864136,1.761072701215744,1.6563110136185608,1.7161549848228463,-0.05984397120428553,-0.028888815924908523,-0.030955155279377006,14.3206864804512,1.761072701215744,2.0314697228235445,1.4906756796079437,0.3070821794252262,0.10610349689211164,194830649.15,0.9674646048881165,0.15482557414315878,0.03878990966505401
2024-08-03,1.423699975013733,1.511564016342163,1.379019021987915,1.4614109992980957,178601102,-0.025804530212565235,-0.02614330780790708,1.533777379989624,1.6220805883407592,1.742265099287033,1.6205246999870486,1.694491650762912,-0.07396695077586335,-0.03790444289509949,-0.03606250788076386,14.185827056391247,1.742265099287033,2.05092471854389,1.433605480030176,0.35431992454324673,0.11151185206004552,195325124.0,0.914378541492696,0.33710024186502546,0.03511844091034262
2024-08-04,1.3292059898376465,1.443848967552185,1.2962720394134521,1.423699975013733,167953263,-0.06637211971235368,-0.06867733525126764,1.4739961862564086,1.5856034874916076,1.7159352481365204,1.5757064368871405,1.6674334536573368,-0.09172701677019623,-0.04866895767011885,-0.04305805910007739,7.302374915372511,1.7159352481365204,2.0702761073786657,1.3615943888943753,0.41300026866043343,0.11495863539831978,192445932.55,0.8727296065681384,0.2231646139265612,0.035718227912016
2024-08-05,1.1720000505447388,1.3348720073699951,1.0701910257339478,1.3292059898376465,474941172,-0.11827056189545859,-0.12587002955433182,1.3917141914367677,1.529233992099762,1.6850095510482788,1.5135977620652326,1.6307346830564036,-0.11713692099117101,-0.06236255033432929,-0.05477437065684172,6.7784500511153425,1.6850095510482788,2.112381790325789,1.2576373117707684,0.5072638775390125,0.12518377814974105,203128794.85,2.3381282419891245,0.3846480405770305,0.04230002187431873
2024-08-06,1.2739789485931396,1.324686050415039,1.171044945716858,1.1720000505447388,238339936,0.08701270789280402,0.08343329886448354,1.3320591926574707,1.4817296862602234,1.6582587480545044,1.4767333292233722,1.6043083323554208,-0.12757500313204861,-0.07540504089387318,-0.05216996223817544,17.18450408115207,1.6582587480545044,2.1186556134893877,1.1978618826196208,0.5552774752131154,0.12643963950020926,204220020.8,1.1670742910824343,0.6699639160942661,0.04825859078337652
2024-08-07,1.19622802734375,1.32008695602417,1.1850310564041138,1.2739789485931396,162888858,-0.06102998902395551,-0.06297173747658802,1.2790225982666015,1.43108389377594,1.626835697889328,1.433578667395738,1.5740801616138156,-0.14050149421807756,-0.08842433155871406,-0.052077162659363505,18.37538880989193,1.626835697889328,2.123744084313497,1.1299273114651591,0.6108894549939647,0.12504341772624425,203314950.35,0.8011651760954726,0.08290619026694891,0.04887625942585574
2024-08-08,1.4213470220565796,1.4218230247497559,1.183097004890442,1.1962100267410278,178833737,0.18819070408566763,0.17243173338227796,1.2785520076751709,1.4061646938323975,1.5999456465244293,1.431696875805098,1.562766595720687,-0.13106971991558902,-0.09695340923008906,-0.03411631068549996,36.853803280648584,1.5999456465244293,2.079022134446699,1.12086915860216,0.598865953931585,0.1336677840777806,201547859.55,0.8873015937717508,0.9980060293657261,0.06457972875478943
2024-08-09,1.4097880125045776,1.4402920007705688,1.3653010129928589,1.4213470220565796,148465887,-0.008132433088210211,-0.008165681706314997,1.2946684122085572,1.384332299232483,1.5740316450595855,1.428326281451172,1.55143484881579,-0.12310856736461817,-0.10218444085699491,-0.020924126507623264,33.81401557886481,1.5740316450595855,2.0340677411570875,1.1139955489620832,0.5845322075212629,0.13430228403636388,201803336.35,0.7356958992120252,0.5932311988111978,0.06459123593680173
2024-08-10,1.4279060363769531,1.4532439708709717,1.3864970207214355,1.4097880125045776,111088421,0.012851594503337838,0.012769713550357152,1.345849609375,1.3687819004058839,1.546781349182129,1.4282616283628307,1.5422845664129132,-0.11402293805008257,-0.10455214029561245,-0.009470797754470114,34.12749405513749,1.546781349182129,1.9704628001103988,1.1230998982538591,0.5478233250643916,0.1337931411606925,197825714.05,0.5615469229238957,0.6203880380881339,0.06431976066013607
2024-08-11,1.3096699714660645,1.4787100553512573,1.3042449951171875,1.427909016609192,143086630,-0.08280381334537301,-0.08643388560120081,1.352987813949585,1.3425235033035279,1.5185663998126984,1.4100167580710206,1.5250538556761095,-0.11503709760508896,-0.10664913175750776,-0.008387965847581197,31.862717537174788,1.5185663998126984,1.9253255481260931,1.1118072514993036,0.5357146692611727,0.14114371367863246,196113738.95,0.729610433037945,0.031094913965291574,0.06568163809474291
2024-08-12,1.3800519704818726,1.4272589683532715,1.2939740419387817,1.309667944908142,196236227,0.05374025559814988,0.052345982934729696,1.3897526025772096,1.3343876004219055,1.4938847959041595,1.4054067907496133,1.5143129752913513,-0.10890618454173806,-0.10710054231435384,-0.0018056422273842188,37.05128447658172,1.4938847959041595,1.8685554143873675,1.1192141774209514,0.5016057724269725,0.14336606434413365,193053564.25,1.0164859051546882,0.645818881403113,0.06743868651495448
2024-08-13,1.3662270307540894,1.3825609683990479,1.3178960084915161,1.3800519704818726,138302111,-0.010017695002425109,-0.010068209753061974,1.3787286043167115,1.328640305995941,1.4753604471683501,1.3993791353656866,1.503343646066369,-0.10396451070068236,-0.10647333599161954,0.0025088252909371833,38.02078777886424,1.4753604471683501,1.8358464622988555,1.1148744320378448,0.48867517876378463,0.13979663167681014,191973111.6,0.720424385724235,0.7474065530639639,0.0659427709988918
2024-08-14,1.3284080028533936,1.3913819789886475,1.3126180171966553,1.3662270307540894,142517690,-0.027681364114002016,-0.02807171354366744,1.3624526023864747,1.328560507297516,1.4570819973945617,1.3884604995945646,1.4903854502728153,-0.10192495067825069,-0.10556365892894579,0.003638708250695094,38.26171396562305,1.4570819973945617,1.8078354971852477,1.1063284976038756,0.4814464805932344,0.13855084351130895,186777443.9,0.7630348024052812,0.2004721866799463,0.06598233177663544
2024-08-15,1.2512379884719849,1.340641975402832,1.2296990156173706,1.3284080028533936,161499079,-0.058092102889811814,-0.059847782954318196,1.327118992805481,1.3364843010902405,1.4328591465950011,1.3673493440372446,1.4726708234727537,-0.10532147943550907,-0.10551522303025845,0.00019374359474938485,36.06957687342746,1.4328591465950011,1.769215693621971,1.0965025995680313,0.46949003721164967,0.1371974859918867,185517327.3,0.8705336657790455,0.19414454918834204,0.06628353133591897
2024-08-16,1.2819509506225586,1.2979389429092407,1.238893985748291,1.2511670589447021,145274945,0.024546059529474862,0.024249645743310722,1.3215751886367797,1.3372815012931825,1.409505593776703,1.3542111296657544,1.4585434254838503,-0.10433229581809589,-0.10527863758782594,0.0009463417697300469,41.63030060020411,1.409505593776703,1.7170600434505108,1.101951144102895,0.436400466988897,0.13108076368059432,183679134.15,0.7909169741695453,0.7292232842961756,0.0666830077377696
2024-08-17,1.3401720523834229,1.3402149677276611,1.2620580196380615,1.2819509506225586,134497544,0.04541601356322578,0.04441490529991589,1.31359920501709,1.3516759037971497,1.3913798987865449,1.3520512716223188,1.4497751756245592,-0.0977239040022404,-0.10376769087070885,0.006043786868468445,46.17753325714036,1.3913798987865449,1.6672833386916626,1.1154764588814272,0.396589659151666,0.1271959032331194,182766155.3,0.7358996187189587,0.9994507802595252,0.06786696936145985
2024-08-18,1.335494041442871,1.3734320402145386,1.3200360536575317,1.3401720523834229,128081830,-0.003490604756480442,-0.003496711131365395,1.3074526071548462,1.3430906057357788,1.3746276497840881,1.3495040054408654,1.4413099064259156,-0.09180590098505026,-0.10137533289357713,0.009569431908526868,50.313532243749144,1.3746276497840881,1.6179223682021386,1.1313329313660376,0.35397908438152637,0.12046869312013898,178804610.5,0.7163228601423564,0.28949713053554565,0.06784567672094327
2024-08-19,1.366534948348999,1.383800983428955,1.3052070140838623,1.335494041442871,165293502,0.023243014152718455,0.02297700925025488,1.3150779962539674,1.338765299320221,1.361548799276352,1.3521241505036552,1.43577102064244,-0.08364687013878491,-0.09782964034261869,0.01418277020383378,61.09585240860021,1.361548799276352,1.5735833498300587,1.1495142487226453,0.31146081677924536,0.10717676367078509,177363670.85,0.9319467803516089,0.7803133875669561,0.06809890894436647
2024-08-20,1.354537010192871,1.4014300107955933,1.3239270448684692,1.3695520162582397,131902278,-0.008779825331670765,-0.008818595092732383,1.3357378005981446,1.3314283967018128,1.3501051485538482,1.3524953596866114,1.4297536865350646,-0.07725832684845324,-0.09371537764378561,0.01645705079533237,55.120454996643296,1.3501051485538482,1.5346450940303566,1.1655652030773398,0.27337121952934784,0.10173832518713814,175145520.4,0.753101065324192,0.3949521287180557,0.06792547188533443
2024-08-21,1.4455000162124634,1.4495140314102173,1.3459190130233765,1.3525320291519165,129874105,0.06715431570720987,0.06499558764226947,1.3684476137161254,1.3450114011764527,1.3437674522399903,1.3668037683828964,1.430920081325983,-0.06411631294308662,-0.08779556470364581,0.023679251760559197,65.58257686307644,1.3437674522399903,1.5031795139578414,1.1843553905221391,0.23726138246929493,0.09949111938476562,173308503.7,0.7493810299396175,0.9612527236078852,0.06984453043626368
2024-08-22,1.5106580257415771,1.5155930519104004,1.4230040311813354,1.4455009698867798,129391420,0.04507645022366891,0.04409004084962447,1.4025448083877563,1.358072006702423,1.3462298035621643,1.3889351925919242,1.4368265957271382,-0.047891403135214006,-0.07981473238995945,0.03192332925474545,56.9787196069237,1.3462298035621643,1.5145647901554673,1.1778948169688612,0.2500835832751342,0.08905276230403356,170353486.85,0.7595466485163993,0.9466995590086239,0.06864454844184525
2024-08-23,1.6130900382995605,1.6375110149383545,1.5052690505981445,1.5106580257415771,174427484,0.06780622140321912,0.06560628344197005,1.4580640077590943,1.3827583074569703,1.3556993067264558,1.4234205534700222,1.4498831470287992,-0.026462593558777003,-0.06914430462372297,0.04268171106494596,63.91042819023594,1.3556993067264558,1.5598759584380706,1.151522655014841,0.30121229788725157,0.09314211777278356,170144805.95,1.0251707833576686,0.8153310493083858,0.06970031655521286
2024-08-24,1.603659987449646,1.64239501953125,1.5828169584274292,1.6130900382995605,138222087,-0.005845954426607958,-0.005863108907066054,1.5054890155792235,1.4102835059165955,1.3694220066070557,1.451149697159195,1.4612740240970101,-0.010124326937815065,-0.057340309086541384,0.04721598214872632,62.17021298374197,1.3694220066070557,1.6011363737646753,1.137707639449436,0.33841192275232385,0.09263005426951818,168658247.15,0.8195394493639501,0.34984397171730713,0.0675586020187508
2024-08-25,1.5496569871902466,1.6054329872131348,1.5269219875335693,1.603659987449646,131343511,-0.033674844220115574,-0.03425490122053695,1.5445130109786986,1.4401254057884216,1.388304853439331,1.4663046648562799,1.4678209102520647,-0.0015162453957848765,-0.046175496348390084,0.04465925095260521,68.24072545490887,1.388304853439331,1.6137460975760107,1.1628636093026512,0.3247719599599189,0.08577619280133929,151478364.1,0.867077696411431,0.2895772166154505,0.0613677959152723
2024-08-26,1.4878259897232056,1.5648070573806763,1.4752800464630127,1.5496759414672852,131687500,-0.03989979587621495,-0.04071762067178534,1.5529782056808472,1.4607129096984863,1.3989972054958344,1.46961563791273,1.4693027679906676,0.0003128699220624753,-0.03687782309429957,0.03719069301636205,58.29947717573549,1.3989972054958344,1.6218780329153921,1.1761163780762767,0.31862941047200166,0.08265062740870885,146145742.3,0.9010696988330942,0.14013582862017887,0.06016359738050073
2024-08-27,1.3742320537567139,1.514920949935913,1.3586219549179077,1.4878259897232056,166870523,-0.07634893915761254,-0.07942091844527797,1.5256930112838745,1.4641189098358154,1.4078974068164825,1.454941240350266,1.4622604928622265,-0.007319252511960528,-0.030966108977831763,0.023646856465871235,50.53434434180341,1.4078974068164825,1.6099260925386922,1.2058687210942727,0.28699347657587376,0.08919591563088554,146344825.55,1.1402557102573279,0.09987330909117366,0.06119647260850068
2024-08-28,1.4273920059204102,1.436795949935913,1.3643549680709839,1.3742320537567139,183492510,0.03868338831012852,0.03795393835405828,1.4885534048080444,1.4733087062835692,1.4081996560096741,1.4507028965918267,1.4596776419776474,-0.00897474538582066,-0.026567836259429545,0.017593090873608885,56.474689434988136,1.4081996560096741,1.6103311254532162,1.206068186566132,0.2870778565822253,0.08874427420752388,146577764.2,1.2518441047417752,0.870184632023852,0.045136355532737184
2024-08-29,1.425889015197754,1.4914870262145996,1.4059339761734009,1.4273920059204102,145836485,-0.0010529628276060299,-0.0010535175824225133,1.452999210357666,1.4792441129684448,1.409004706144333,1.4468853763773541,1.4571747807346922,-0.01028940435733805,-0.023312149879011246,0.013022745521673196,62.67930293730289,1.409004706144333,1.6112910068485942,1.2067184054400717,0.2871336054764601,0.08693070922579084,146446294.1,0.9958359540352479,0.23324751931425394,0.045087151771612946
2024-08-30,1.4702589511871338,1.4746320247650146,1.3723499774932861,1.425889015197754,137976701,0.031117383973412682,0.030643053038289375,1.4371196031570435,1.490816307067871,1.411122351884842,1.4504813109634742,1.4581439785459842,-0.007662667582509997,-0.020182253419711,0.012519585837201003,63.40495919386369,1.411122351884842,1.615121285928226,1.2071234178414578,0.2891300442812799,0.09001907280513219,147790708.1,0.9335952359511024,0.9572448609802298,0.045511310127156784
2024-08-31,1.4183950424194336,1.4788089990615845,1.415766954421997,1.4702589511871338,79868619,-0.035275356579753225,-0.03591256196734573,1.423233413696289,1.4881058096885682,1.4165586054325103,1.4455449619566987,1.4551996129069804,-0.009654650950281729,-0.018076732925825147,0.008422081975543418,55.619268608407594,1.4165586054325103,1.614890163907473,1.2182270469575476,0.28001885374083374,0.08893943684441703,144629807.55,0.5522279283431155,0.04168785444036289,0.041924680142508775
2024-09-01,1.3576960563659668,1.421051025390625,1.3509279489517212,1.4183950424194336,101797323,-0.04279413297294754,-0.04373679360287914,1.4199262142181397,1.472809612751007,1.415440809726715,1.4320297457119706,1.4479771272372757,-0.01594738152530506,-0.01765086264572113,0.0017034811204160692,51.47610823039474,1.415440809726715,1.614887549540502,1.2159940699129281,0.2818157261585455,0.09013422897883824,139907862.35,0.7276025899483697,0.0965175344947553,0.04155277316731189
2024-09-02,1.4086090326309204,1.421625018119812,1.3411420583724976,1.3576960563659668,117092873,0.03749953903617298,0.03681352882013374,1.4161696195602418,1.452361512184143,1.4175599098205567,1.4284265590841168,1.4450609720812493,-0.01663441299713253,-0.01744757271600341,0.0008131597188708803,52.72529598946152,1.4175599098205567,1.6157013399256956,1.2194184797154177,0.279552812875783,0.09026915686471122,138847400.45,0.843320599597153,0.8382764014578884,0.04230128084287539
2024-09-03,1.3482249975204468,1.4356590509414673,1.344519019126892,1.4086090326309204,96959764,-0.04286784601806204,-0.043813805127846994,1.4006368160247802,1.4268180131912231,1.4185507595539093,1.4160878573050903,1.4378879369285973,-0.02180007962350694,-0.018318074097504116,-0.0034820055260028245,49.615263717542575,1.4185507595539093,1.6150060615136395,1.2220954575941791,0.27698029222656695,0.09124323299952916,136569504.15,0.709966435065218,0.040662460975105945,0.04299983428893487
2024-09-04,1.3477009534835815,1.3789000511169434,1.2878409624099731,1.3482249975204468,132123148,-0.0003886918265341155,-0.00038876738678252434,1.3761252164840698,1.4066224098205566,1.4233739078044891,1.4055667951787045,1.4312074196363738,-0.025640624457669237,-0.01978258416953714,-0.005858040288132096,43.30019354680647,1.4233739078044891,1.6068408894290749,1.2399069261799034,0.2577916886330704,0.09034780945096697,135100707.6,0.9779604440798652,0.6573751763812083,0.04065427350519225
2024-09-05,1.3559759855270386,1.3626879453659058,1.3293520212173462,1.3477009534835815,111415159,0.006140109956936257,0.006121336290850862,1.3636414051055907,1.3934374094009399,1.427075159549713,1.3979374398476792,1.4256347208134599,-0.027697280965780724,-0.02136552352878586,-0.006331757436994864,38.50771099417381,1.427075159549713,1.6012823412345203,1.252867977864906,0.24414576978520883,0.0861154454095023,133407718.3,0.8351477742049053,0.7986566145422623,0.04038418321677575
2024-09-06,1.3372249603271484,1.378924012184143,1.2958600521087646,1.3559759855270386,174722332,-0.013828434574084336,-0.013924938069835515,1.3595471858978272,1.3897367000579834,1.4269278049468994,1.388597058382982,1.419085849666326,-0.030488791283343808,-0.023190177079697453,-0.007298614203646355,26.59386812433675,1.4269278049468994,1.6014491951079404,1.2524064147858585,0.24461138055619494,0.08260273081915719,135418957.7,1.2902353922046175,0.497988576525372,0.03931302528019179
2024-09-07,1.4162119626998901,1.4335110187530518,1.3363369703292847,1.3372249603271484,115446539,0.059067849252094184,0.05738913373793263,1.361067771911621,1.3886186957359314,1.4309637010097505,1.3928455052009678,1.4188729691502937,-0.02602746394932587,-0.02375763445362314,-0.00226982949570273,35.774774285765986,1.4309637010097505,1.6002364962491296,1.2616909057703714,0.2365857290718595,0.08528815848486763,134787193.15,0.8565097046833191,0.8219785575104624,0.04140168080025299
2024-09-08,1.4183249473571777,1.470913052558899,1.3954429626464844,1.4162119626998901,118678929,0.0014919974643197165,0.001490885541955778,1.3750877618789672,1.3878622889518737,1.4335532009601593,1.3967654193788466,1.4188323749433962,-0.02206695556454963,-0.02341949867580844,0.0013525431112588124,39.18130102138516,1.4335532009601593,1.6002408318992005,1.266865570021118,0.23255171950004774,0.08507095064435687,132456464.5,0.895984423621695,0.3031927178743454,0.041147627940217604
2024-09-09,1.5304770469665527,1.5418659448623657,1.4182699918746948,1.4183249473571777,124202146,0.07907362823896769,0.07610292142611742,1.4116429805755615,1.3938840985298158,1.4423502027988433,1.4173364390077245,1.4271023506488154,-0.009765911641090863,-0.020688781268864927,0.010922869627774064,53.24446804609359,1.4423502027988433,1.6100470273977454,1.2746533781999412,0.23253274312090194,0.08750444650650024,132071457.9,0.9404162562818199,0.9078537225609136,0.04442081835236021
2024-09-10,1.6126840114593506,1.6262949705123901,1.5233639478683472,1.5304770469665527,137408306,0.05371329459382235,0.05232039660156801,1.4629845857620238,1.4133129954338073,1.4507094025611877,1.4473899116925901,1.4408491403384849,0.006540771354105246,-0.015242870744270892,0.02178364209837614,69.04866748462892,1.4507094025611877,1.6349213681663481,1.2664974369560273,0.25396122101358026,0.08369244847978864,132448167.95,1.037449653904405,0.867766127440797,0.04355701297758187
2024-09-11,1.5476319789886475,1.614732027053833,1.5363889932632446,1.6126840114593506,134095500,-0.04033774255121203,-0.0411738715792392,1.5050659894943237,1.4323065876960754,1.4525581002235413,1.4628117681996757,1.448758980238497,0.014052787961178703,-0.009383739003180971,0.023436526964359675,59.42623870043086,1.4525581002235413,1.6400167407323671,1.2650994597147154,0.2581082856237929,0.08411402361733573,132683371.95,1.0106428411431398,0.14350968741341516,0.04375060946080371
2024-09-12,1.5372979640960693,1.5715060234069824,1.5125809907913208,1.5476319789886475,121834262,-0.006677307675776567,-0.00669970063345347,1.5292831897735595,1.4451754808425903,1.4487684965133667,1.474271182952967,1.455317423487206,0.018953759465761166,-0.0037162393093925425,0.02266999877515371,58.61464849554338,1.4487684965133667,1.625309318387408,1.2722276746393253,0.24371156923816034,0.0822120223726545,130053710.85,0.9367995822935029,0.41946466574432373,0.04094451988827941
2024-09-13,1.550253987312317,1.5621750354766846,1.504431962966919,1.5372979640960693,109910542,0.00842778922423526,0.008392473691145952,1.5556689977645874,1.4653783798217774,1.4460981965065003,1.4859608451620978,1.4623497615483252,0.02361108361377262,0.001749225275240492,0.02186185833853213,56.50142953612497,1.4460981965065003,1.6141877492852912,1.2780086437277094,0.23247322095396214,0.0790306670325143,128638133.6,0.8544164854083363,0.7935500211241483,0.04099117636785223
2024-09-14,1.5663989782333374,1.5726109743118286,1.5310109853744507,1.550253987312317,88854490,0.010414416639566992,0.010360560202123184,1.5628533840179444,1.487248182296753,1.4469352960586548,1.4983359425576732,1.4700571109324,0.028278831625273115,0.007055146545247019,0.021223685080026096,62.77014021216865,1.4469352960586548,1.6173470602754483,1.2765235318418613,0.2355485620967055,0.07749909162521362,126513682.55,0.7023310697234937,0.8506729269911188,0.04031558588243997
2024-09-15,1.4752260446548462,1.5875860452651978,1.4719300270080566,1.5663989782333374,90914771,-0.05820543478732387,-0.05996811182781667,1.5353617906570434,1.4991731882095336,1.4463052988052367,1.4947805736495459,1.4704399949118405,0.024340578737705343,0.010512232983738686,0.013828345753966657,59.6341400732142,1.4463052988052367,1.6161728535700925,1.276437744040381,0.2348986135986364,0.08075144461223058,124475046.1,0.7303855178086173,0.028498450936439105,0.04149102069932587
2024-09-16,1.4524810314178467,1.5010050535202026,1.4348909854888916,1.4752659797668457,110239294,-0.015417985141606638,-0.015538078269727817,1.5163316011428833,1.5106987953186035,1.4502177476882934,1.488272951767746,1.469109701319693,0.019163250448053004,0.01224243647660155,0.006920813971451454,53.77037941168456,1.4502177476882934,1.616665859511222,1.2837696358653647,0.22954913093327364,0.07972509520394462,121643484.65,0.9062490631305669,0.2660559816114291,0.03761555497805748
2024-09-17,1.451640009880066,1.5043699741363525,1.4390389919281006,1.4524799585342407,123241527,-0.0005790241108758476,-0.000579191810074046,1.4992000102996825,1.514241600036621,1.4514301478862763,1.4826371145542567,1.4678156501019428,0.014821464452313915,0.012758242071744023,0.0020632223805698915,59.90081246402072,1.4514301478862763,1.6175310913370797,1.285329204435473,0.22887900419141338,0.07788159166063581,118630935.5,1.0388650016167158,0.1928796353160805,0.036692595020506154
2024-09-18,1.5087029933929443,1.5087029933929443,1.4111900329589844,1.451640009880066,117669857,0.039309321267325004,0.038556378365750904,1.490889811515808,1.5232794046401978,1.4555708467960358,1.4866472497602088,1.4708443421975725,0.015802907562636248,0.01336717516992247,0.0024357323927137776,63.90840316628691,1.4555708467960358,1.6231135564155712,1.2880281371765003,0.2302089382846957,0.07834258249827794,117222604.1,1.0038154151533647,0.9999998974495398,0.03764382140326976
2024-09-19,1.6073780059814453,1.6499600410461426,1.5087029933929443,1.5087029933929443,143362229,0.06540386876716497,0.06335394677553241,1.4990856170654296,1.530969500541687,1.4624267995357514,1.5052212122557838,1.4809579469223038,0.02426326533348,0.01554639320263398,0.00871687213084602,68.78393874027876,1.4624267995357514,1.643199846698018,1.2816537523734848,0.2472233785918764,0.0860512341771807,117491880.5,1.22018839420993,0.698549256425538,0.0396929526407002
2024-09-20,1.6755789518356323,1.6920779943466187,1.5806360244750977,1.6073780059814453,152786957,0.042429935958059994,0.041554464718188716,1.539156198501587,1.5372589945793151,1.4752859950065613,1.5314300952680682,1.4953743176566243,0.03605577761144385,0.019648270084395958,0.016407507527047893,73.5411400294903,1.4752859950065613,1.6781147355677422,1.2724572544453805,0.27496870606472307,0.08807823487690516,121137797.4,1.2612657674094379,0.8519493952816729,0.03932299944791394
2024-09-21,1.7682939767837524,1.7686359882354736,1.6329139471054077,1.675678014755249,132022336,0.055333128198196135,0.0538564784112188,1.602318787574768,1.5593251943588258,1.4958158910274506,1.5678706924243273,1.515590588703078,0.05228010372124925,0.02617463681176662,0.02610546690948263,74.03710083140422,1.4958158910274506,1.7293288193709269,1.2623029626839743,0.3122214835986001,0.09083166292735509,122649048.05,1.076423650236395,0.9974799861269896,0.0386236535615105
2024-09-22,1.6928280591964722,1.8054440021514893,1.6536409854888916,1.7682549953460693,122659056,-0.04267724630524439,-0.04361468869769959,1.6505563974380493,1.574878203868866,1.5100268423557281,1.5870949026969652,1.528719290221107,0.058375612475858096,0.03261483194458492,0.025760780531273175,67.03454151119907,1.5100268423557281,1.755481995122568,1.2645716895888883,0.32510038349240966,0.09628401483808245,122927357.2,0.9978174004053184,0.25814421865697734,0.04018551131985906
2024-09-23,1.6983939409255981,1.7696800231933594,1.6683039665222168,1.6928280591964722,133127207,0.0032879191119787876,0.003282525724715886,1.68849458694458,1.589692199230194,1.5275352895259857,1.6042178316552165,1.5412877828658842,0.06293004878933228,0.03867787531353439,0.02425217347579789,62.00883883357679,1.5275352895259857,1.7743467515473235,1.280723827504648,0.32314993141392706,0.09469687938690186,124735729.35,1.067274049654643,0.2968153666978547,0.03826979093719815
2024-09-24,1.7344820499420166,1.747177004814148,1.6469990015029907,1.6983939409255981,147023525,0.021248373623348638,0.02102577465553077,1.7139153957366944,1.606500506401062,1.5468743443489075,1.6242584806224165,1.5555984693159681,0.06866001130644839,0.044674302512117195,0.023985708794331193,59.325752364762735,1.5468743443489075,1.7949647806936846,1.2987839080041303,0.32076352840307853,0.09450023514883858,125480748.2,1.171681928176453,0.8732759369793027,0.03819800469591281
2024-09-25,1.6834969520568848,1.763350009918213,1.6791050434112549,1.7344820499420166,127808752,-0.029394998862534383,-0.029835689399666233,1.7154989957809448,1.627327597141266,1.5632503926753998,1.6333720916123349,1.5650724310004804,0.06829966061185444,0.049399374132064654,0.018900286479789787,60.63184454412244,1.5632503926753998,1.8013203342947255,1.325180451056074,0.304583248767825,0.09492180177143641,126300427.85,1.0119423518643291,0.052132587932612745,0.03936126642821638
2024-09-26,1.748795986175537,1.7785719633102417,1.6621099710464478,1.6834969520568848,146361966,0.038787735278564384,0.038054394112349024,1.7115993976593018,1.656959092617035,1.5838289439678193,1.6511296138528275,1.5786815832356698,0.07244803061715777,0.05400910542908328,0.01843892518807449,65.2394105073934,1.5838289439678193,1.8105155103149513,1.3571423776206872,0.28625132431187333,0.09903158460344587,124882409.55,1.171998254417089,0.7443287376490397,0.03933030347215645
2024-09-27,1.9014860391616821,1.9357949495315552,1.747452974319458,1.748795986175537,198063239,0.0873115298715117,0.08370816309622874,1.7533309936523438,1.7019436955451965,1.6080926477909088,1.6896459869772666,1.6025930244153743,0.08705296256189232,0.06061787685564509,0.02643508570624723,71.06586703044967,1.6080926477909088,1.8615418343203383,1.3546434612614793,0.3152171448300584,0.10836007765361241,129013244.55,1.535216323648377,0.8178371098125742,0.041473449709364674
2024-09-28,1.8805309534072876,1.9209100008010864,1.8349430561065674,1.9014860391616821,101895330,-0.011020373183298848,-0.011081547352491962,1.7897583961486816,1.739126491546631,1.6312029480934143,1.7190129048895775,1.623181019155516,0.09583188573406143,0.06766067863132837,0.028171207102733062,68.73262785542964,1.6312029480934143,1.8958387291255498,1.3665671670612787,0.32446702152107765,0.11152914592197963,128174064.6,0.7949761936472132,0.5302955939606727,0.04179137049699204
2024-09-29,1.90066397190094,1.9192039966583252,1.837602972984314,1.8805309534072876,119448367,0.0107060287719134,0.01064912502767031,1.8229947805404663,1.7684550881385803,1.6497122943401337,1.7469592228913255,1.6437353119514735,0.10322391093985206,0.07477332509303311,0.02845058584681895,77.71863569116708,1.6497122943401337,1.9356140356819282,1.363810552998339,0.34660800228339456,0.10909664630889893,127936375.65,0.9336544543576806,0.7727965698148994,0.03897779509666348
2024-09-30,1.7517199516296387,1.9189000129699707,1.7412879467010498,1.9006489515304565,169085672,-0.07836420454812731,-0.0816051492437078,1.8366393804550172,1.7760691881179809,1.6566640913486481,1.74769164269722,1.6517341741498561,0.09595746854736387,0.07901015378389926,0.016947314763464602,66.74305164804,1.6566640913486481,1.9455210021523146,1.3678071805449816,0.348721158757676,0.11706078904015678,129520243.95,1.3054767875921685,0.058734772700893716,0.04249751821825151
2024-10-01,1.6650320291519165,1.8753130435943604,1.6162970066070557,1.7517249584197998,219993410,-0.04948731810531459,-0.050753774802119185,1.8198865890502929,1.7657429933547975,1.6625340938568116,1.7349747790748657,1.652719200446305,0.08225557862856081,0.07965923875283158,0.0025963398757292283,60.893260214298905,1.6625340938568116,1.9467967145122103,1.378271473201413,0.34196305712558966,0.1308954358100891,133815139.45,1.6440098699161054,0.18815445263609293,0.04305681691896419
2024-10-02,1.586804986000061,1.7070369720458984,1.574666976928711,1.6650320291519165,177035111,-0.04698230531439107,-0.048121808149194915,1.7569503784179688,1.7551406860351562,1.6650094449520112,1.7121794262941268,1.6478366660428794,0.06434276025124741,0.07659594305251476,-0.012253182801267345,53.90263251540313,1.6650094449520112,1.9455176831094283,1.384501206794594,0.33694492125298653,0.1333852240017482,136575181.9,1.2962465693776242,0.09169757952796245,0.04452766213620857
2024-10-03,1.5186920166015625,1.6167479753494263,1.4774839878082275,1.586804986000061,176204254,-0.04292460006077636,-0.04387310281749898,1.6845825910568237,1.7371704936027528,1.6634313464164734,1.6824121324952708,1.6382703957138929,0.044141736781377894,0.07010510179828738,-0.02596336501690949,45.428887705347734,1.6634313464164734,1.9469963607136989,1.379866332119248,0.34093984691115625,0.13324286256517684,139889867.5,1.2595926863680817,0.29589864947790484,0.04563624542718995
2024-10-04,1.6053149700164795,1.6218349933624268,1.5135940313339233,1.5186920166015625,138604572,0.057037867104060114,0.055470531321194616,1.6255127906799316,1.724253785610199,1.6653771460056306,1.6705510305754567,1.63582925306964,0.03472177750581662,0.06302843693979324,-0.028306659433976616,46.44590080188634,1.6653771460056306,1.946663595748835,1.3840906962624262,0.3378051036882109,0.13301421914781844,142377371.6,0.9735014099670316,0.8473772635597083,0.04735680399710933
2024-10-05,1.594972014427185,1.644752025604248,1.5725669860839844,1.6053149700164795,98322236,-0.006442944707098941,-0.006463790060560841,1.5941632032394408,1.715401291847229,1.6713644444942475,1.6589234896295688,1.6328027909479768,0.02612069868159206,0.055646889288153,-0.02952619060656094,40.43603769250868,1.6713644444942475,1.940441738686719,1.402287150301776,0.3219851841157168,0.12847586188997542,142747744.85,0.6887831124990274,0.31038322328657797,0.04524393431707886
2024-10-06,1.6809279918670654,1.6817669868469238,1.5795140266418457,1.594972014427185,94585558,0.05389184052282592,0.052489826753787494,1.5973423957824706,1.7086144924163817,1.6827867925167084,1.6623087976661066,1.6363676206456872,0.025941177020419426,0.04970574683460629,-0.023764569814186863,49.350865376274385,1.6827867925167084,1.931355078556953,1.4342185064764637,0.2954245744566321,0.12493657214300972,141965058.05,0.6662594253769616,0.9917948106722407,0.04625072550334988
2024-10-07,1.6607240438461304,1.7289609909057617,1.6401640176773071,1.6809279918670654,157206395,-0.01201952024042019,-0.012092338757808336,1.6121262073516847,1.6845382928848267,1.6932409942150115,1.6620649893861104,1.6381718001420165,0.023893189244093893,0.04454323531650382,-0.020650046072409924,47.97745125498664,1.6932409942150115,1.9172506457981207,1.4692313426319024,0.2645927571425948,0.12403806618281774,143663301.45,1.0942696806582404,0.2315396922430004,0.04643726083179923
2024-10-08,1.6345239877700806,1.700171947479248,1.594027042388916,1.6607240438461304,142682179,-0.015776285152933722,-0.015902055283687745,1.6352926015853881,1.659937596321106,1.6995320439338684,1.6578279122144135,1.6379015918181694,0.01992632039624409,0.039619852332451876,-0.019693531936207785,44.57551621964699,1.6995320439338684,1.9082667816569212,1.4907973062108155,0.24563789599388697,0.12446427345275879,144913917.55,0.9845995568422199,0.3815250626626873,0.04610065060056329
2024-10-09,1.529515027999878,1.6634650230407715,1.5192509889602661,1.633491039276123,150918198,-0.06424436750754725,-0.06640091298787261,1.620132613182068,1.6228227019309998,1.69563889503479,1.6380874684891003,1.6298729574612587,0.008214511027841542,0.03333878407152981,-0.02512427304368827,42.10659983471264,1.69563889503479,1.9142800058257914,1.4769977842437887,0.2578864066296561,0.12874777827944076,145291716.0,1.0387254150126495,0.0711722572170715,0.04627740660753387
2024-10-10,1.5525219440460205,1.5558220148086548,1.4854609966278076,1.5317529439926147,140991500,0.015041967960411906,0.014929959383204423,1.611642599105835,1.602902901172638,1.6894860446453095,1.6249235416517034,1.6241432527638338,0.000780288887869629,0.026827085034797776,-0.026046796146928147,39.482598307318106,1.6894860446453095,1.9172401141281599,1.4617319751624591,0.26961343682559397,0.12545485155923025,144701943.15,0.9743580281699901,0.9530978888746173,0.04530515188873188
2024-10-11,1.6919909715652466,1.7145769596099854,1.5472190380096436,1.5525219440460205,161663763,0.08983385262546206,0.0860252558386248,1.6138551950454711,1.605598795413971,1.685670894384384,1.6352416077922485,1.6291690097120866,0.006072598080161917,0.022676187643870603,-0.016603589563708686,38.6128000024882,1.685670894384384,1.9104028183570483,1.46093897041172,0.26663795966500026,0.12395599058696202,146184014.5,1.1058922109434886,0.8650437548506805,0.048200789954730754
2024-10-12,1.7156590223312378,1.752540946006775,1.6919909715652466,1.6919909715652466,111718794,0.013988284313418031,0.013891351170703836,1.6248421907424926,1.6184841990470886,1.6868124425411224,1.6476135177213236,1.6355756773135053,0.012037840407818301,0.020548518196660145,-0.008510677788841844,41.064663839671155,1.6868124425411224,1.9119290574741923,1.4616958276080525,0.26691362863548695,0.1221404927117484,145637001.4,0.7671044647037067,0.39088450615287745,0.04728553056300435
2024-10-13,1.7066149711608887,1.717947006225586,1.655419945716858,1.7156599760055542,106297488,-0.005271473557758588,-0.00528541679702472,1.6392603874206544,1.6372764945030212,1.687223494052887,1.6566906644043338,1.6408378472281262,0.015852817176207568,0.01960937799256963,-0.003756560816362064,39.355452721250224,1.687223494052887,1.9124591408450224,1.4619878472607515,0.26698969945125167,0.12077806677137103,144295515.45,0.736665222536547,0.8187657766068627,0.04730935868208516
2024-10-14,1.7781959772109985,1.8006139993667603,1.6904239654541016,1.7065989971160889,152185204,0.04194326620808808,0.04108749483169259,1.6889965772628783,1.6545645952224732,1.689409190416336,1.675383789451513,1.6510125235231539,0.02437126592835903,0.020561755579727514,0.003809510348631518,51.58704082558679,1.689409190416336,1.9174072444238455,1.4614111364088265,0.26991454207884585,0.1159622073173523,144553599.4,1.0527942896730111,0.7965512004557218,0.047990143699117964
2024-10-15,1.731948971748352,1.8105299472808838,1.6939469575881958,1.7781959772109985,177001388,-0.02600782256586942,-0.026352006753649793,1.7248819828033448,1.6682622909545899,1.6918317914009093,1.6840861251894883,1.6570078159842796,0.027078309205208706,0.021865066304823755,0.0052132429003849505,54.21555424918316,1.6918317914009093,1.9205937147696568,1.4630698680321619,0.2704310493885716,0.10578841822487968,147013231.2,1.2039827065579116,0.3259653144997925,0.047878135985793935
2024-10-16,1.7487579584121704,1.796339988708496,1.7038929462432861,1.731948971748352,161207861,0.009705243594359647,0.009658450234778024,1.7362353801727295,1.6750452876091004,1.691829890012741,1.694035637992978,1.66380412283079,0.030231515162187916,0.02353835607629659,0.006693159085891326,61.0582393878963,1.691829890012741,1.9205898204629233,1.463069959562559,0.27042899738396203,0.10293677874973842,147755525.95,1.0910445478333735,0.4853049499416767,0.04715418818726811
2024-10-17,1.6717569828033447,1.7587790489196777,1.6589770317077637,1.7487579584121704,126391163,-0.04403180854069744,-0.04503063901638903,1.7274549722671508,1.6761485815048218,1.6803434371948243,1.6906081525791883,1.6643932235694978,0.02621492900969047,0.024073670662975367,0.002141258346715101,60.32602856413097,1.6803434371948243,1.8867570236581372,1.4739298507315113,0.24568023642583578,0.10011806658336095,144171922.15,0.8766697503588773,0.12805302109189445,0.04351317274182404
2024-10-18,1.7183940410614014,1.7340580224990845,1.6602050065994263,1.6717569828033447,112596588,0.027897032127152555,0.027514998715859735,1.7298107862472534,1.6845355868339538,1.67223659157753,1.694882904653375,1.6683932841244538,0.026489620528921343,0.024556860636164565,0.0019327598927567774,58.06354156713787,1.67223659157753,1.8571630857108639,1.487310097444196,0.2211726439485225,0.09766178471701485,144706985.05,0.7781005731070616,0.7879031868109876,0.04412025407122431
2024-10-19,1.6933670043945312,1.7350399494171143,1.6777360439300537,1.7183940410614014,77365176,-0.014564201265160115,-0.014671300391873487,1.7128449916839599,1.700920784473419,1.6618717432022094,1.6946496892289378,1.6702431893296448,0.024406499899293,0.024526788488790256,-0.00012028858949725621,56.87251136999274,1.6618717432022094,1.8130484705476373,1.5106950158567816,0.18193549287278943,0.09659884657178607,142602825.5,0.5425220414023283,0.2727729917165446,0.044051528880913446
2024-10-20,1.8069430589675903,1.807803988456726,1.6699390411376953,1.6933670043945312,129146149,0.06707113949800192,0.06491764254134566,1.7278438091278077,1.7263628959655761,1.664632898569107,1.7119255922656536,1.6803691055991223,0.031556486666531214,0.025932728124338455,0.005623758542192759,58.47468755787265,1.664632898569107,1.824487385197763,1.504778411940451,0.19205974694608577,0.0991425599370684,140605849.35,0.9184976983320645,0.9937551970719909,0.043272521262098226
2024-10-21,1.7174160480499268,1.8295700550079346,1.7030709981918335,1.807911992073059,137276790,-0.04954611628371697,-0.05081563615148198,1.721575427055359,1.728905403614044,1.6672520995140077,1.7127702777709262,1.6831133235584412,0.02965695421248493,0.026677573341967752,0.0029793808705171794,53.48744162566536,1.6672520995140077,1.8288413237149364,1.505662875313079,0.19383898121709467,0.10183556590761457,136470018.35,1.0059117135012827,0.11340044017042024,0.04327623618177479
2024-10-22,1.6981929540634155,1.7464319467544556,1.6776829957962036,1.717411994934082,126051823,-0.011193032700689165,-0.011256146086594627,1.726862621307373,1.727158796787262,1.6728214979171754,1.7105276125851552,1.6842303332254762,0.02629727935967896,0.026601514545509995,-0.0003042351858310345,53.95054433949648,1.6728214979171754,1.830363707453062,1.5152792883812887,0.18835507522116615,0.09916442632675171,133920853.95,0.9412411829979971,0.2983311744837374,0.0418416756792809
2024-10-23,1.7115260362625122,1.7330729961395264,1.6590139865875244,1.6981929540634155,153432969,0.007851335248561409,0.007820673899754679,1.7254890203475952,1.7276499032974244,1.6824631989002228,1.7106812162278255,1.6862522371541455,0.024428979073680024,0.026167007451144,-0.0017380283774639758,62.74320327827094,1.6824631989002228,1.8229703617083575,1.541956036092088,0.16702554076663326,0.09415335314614433,132782289.7,1.155522843796841,0.7090567765093819,0.04034425117147369
2024-10-24,1.7079709768295288,1.7506760358810425,1.671159029006958,1.7223880290985107,133443941,-0.0020771284559285563,-0.002079288679132192,1.7284098148345948,1.7206274032592774,1.6875959992408753,1.7102642563203954,1.6878610326856556,0.02240322363473979,0.025414250687863158,-0.0030110270531233697,61.18825337256083,1.6875959992408753,1.8236669041553146,1.551525094326436,0.16126004680699355,0.09480735233851842,132524258.15,1.0069397321127354,0.46294427620269857,0.03859424823273236
2024-10-25,1.562391996383667,1.7369999885559082,1.5172200202941895,1.7068690061569214,196975945,-0.08523504346431987,-0.08908812480852872,1.6794996023178101,1.7036717057228088,1.6859669983386993,1.687514677868591,1.6785670299966196,0.008947647871971443,0.02212093012468482,-0.013173282252713376,40.75359610015584,1.6859669983386993,1.827381953194429,1.5445520434829696,0.16775530599955485,0.09855178424290248,137456943.6,1.4330010535750048,0.20553271706891232,0.04341543709336197
2024-10-26,1.5629420280456543,1.5960450172424316,1.54019296169281,1.562620997428894,133058463,0.0003520445978093534,0.00035198264464968696,1.6486047983169556,1.6850901126861573,1.6800677001476287,1.6683496548189083,1.6700022150372889,-0.001652560218380561,0.017366232056071743,-0.019018792274452304,38.73252357001593,1.6800677001476287,1.831832835361962,1.5283025649332955,0.1806654996117091,0.09821621860776629,139380588.85,0.954641274641164,0.40730931128469916,0.041517837801480155
2024-10-27,1.5923140048980713,1.606801986694336,1.557211995124817,1.5629420280456543,87836434,0.018792748755463773,0.018618346661110036,1.6274290084838867,1.67714581489563,1.6766471982002258,1.656651862523395,1.6642475328047541,-0.0075956702813591015,0.012373851588585573,-0.019969521869944676,41.81245531897598,1.6766471982002258,1.8332544203136296,1.520039976086822,0.1868099887460066,0.09729214225496564,135912090.8,0.6462738780853189,0.7078444981302475,0.04172941318211036
2024-10-28,1.617279052734375,1.6342589855194092,1.5397000312805176,1.5923140048980713,161285848,0.01567847030140368,0.015556832831506802,1.6085796117782594,1.6670343160629273,1.6757849514484406,1.650594507171238,1.6607683861328741,-0.01017387896163613,0.007864305478541233,-0.018038184440177362,37.64840508964377,1.6757849514484406,1.8335542680809405,1.5180156348159408,0.18829303425374977,0.09617563656398229,136842274.25,1.1786258952795796,0.8204301102311523,0.041746795748799685
2024-10-29,1.7010129690170288,1.7289609909057617,1.6155569553375244,1.617279052734375,159496247,0.05177456304840078,0.05047879767111925,1.6071880102157592,1.667798912525177,1.684359848499298,1.658351193609052,1.663749466346515,-0.005398272737463072,0.005211789835340371,-0.010610062572803444,47.754643080742866,1.684359848499298,1.8265265277043374,1.5421931692942588,0.16880796503396178,0.0959485684122358,137271176.7,1.1619063144521002,0.7535534843691616,0.04034321236687482
2024-10-30,1.7193269729614258,1.7918989658355713,1.6771329641342163,1.7010129690170288,170442705,0.010766528108824502,0.010708981726415228,1.638575005531311,1.6590373039245605,1.6927000999450683,1.6677320827401865,1.6678663186883602,-0.0001342359481737443,0.0041425846786375484,-0.004276820626811293,47.8685349185237,1.6927000999450683,1.8212173550395467,1.56418284485059,0.15184881846305684,0.09754277978624616,138743736.95,1.2284713439816284,0.3676524800479,0.04030464648794706
2024-10-31,1.6101560592651367,1.7259019613265991,1.600451946258545,1.7193269729614258,141648225,-0.06349630722552413,-0.065601813940284,1.6480178117752076,1.6483113050460816,1.688608354330063,1.658874232974794,1.6635914846570103,-0.004717251682216261,0.002370617406466786,-0.007087869088683047,45.73733357530563,1.688608354330063,1.8223263775344272,1.5548903311256987,0.15837659793814698,0.09937477963311332,137742960.05,1.028351829731134,0.07735441265418246,0.03801391891202776
2024-11-01,1.5206619501113892,1.6448390483856201,1.5097190141677856,1.6101560592651367,161060494,-0.05558101566539586,-0.05718537196667597,1.633687400817871,1.6305582046508789,1.6788585007190704,1.6376108048419626,1.653004111727705,-0.015393306885742364,-0.0011821674519750453,-0.014211139433767318,37.083430737955055,1.6788585007190704,1.8313849328428518,1.526332068595289,0.1817025461746215,0.10375099522726876,140210045.05,1.1487086673609195,0.08098677000106518,0.03964314692334656
2024-11-02,1.4555039405822754,1.5321320295333862,1.428110957145691,1.5206619501113892,154435993,-0.042848451310523616,-0.04379354197927396,1.6013323783874511,1.6049559950828551,1.6663029491901398,1.6095943641866262,1.6383744694206361,-0.02878010523400998,-0.006701755008382035,-0.022078350225627943,35.23600752591139,1.6663029491901398,1.847799351797116,1.4848065465831635,0.21784322316081547,0.10708793572017125,142616970.3,1.0828724847760982,0.2633406883278577,0.040524456384262865
2024-11-03,1.437000036239624,1.4687210321426392,1.3536880016326904,1.4555039405822754,167577551,-0.01271305685043278,-0.012794559257643768,1.5485297918319703,1.5778589010238648,1.6492431521415711,1.583041390656318,1.6234578447405612,-0.0404164540842431,-0.013444694823554251,-0.02697175926068885,23.965243892924263,1.6492431521415711,1.8496157143023706,1.4488705899807717,0.24298729014046494,0.10545708451952253,143386587.65,1.1687114795496005,0.7242443930683401,0.03884869920744199
2024-11-04,1.341096043586731,1.4358819723129272,1.3010319471359253,1.4328949451446533,172230912,-0.06673903287007354,-0.06907040971089778,1.4728836059570312,1.5557293057441712,1.62970050573349,1.5458190295686893,1.6025421557662034,-0.05672312619751407,-0.02210038109834622,-0.03462274509916785,23.75205477743549,1.62970050573349,1.8686387777704097,1.3907622336965701,0.2932296715823614,0.10613344396863665,143148063.85,1.203166199861948,0.29710111976031883,0.04075981851808027
2024-11-05,1.4159129858016968,1.4446769952774048,1.341096043586731,1.341096043586731,150803592,0.055787907639239354,0.05428732007340485,1.4340349912643433,1.5410264015197754,1.6130582571029664,1.5258334843737673,1.5887177728058695,-0.06288428843210214,-0.030257162565097407,-0.03262712586700474,31.728268552327393,1.6130582571029664,1.8631848577252548,1.362931656480678,0.31012717553241115,0.1086214440209525,142627850.4,1.0573221960302361,0.722303992874611,0.043270998027993224
2024-11-06,1.632004976272583,1.6328389644622803,1.4157429933547974,1.4159129858016968,287059603,0.15261671630798257,0.14203476304555848,1.456303596496582,1.5449954986572265,1.6110706567764281,1.542167560050508,1.5919242323219223,-0.049756672271414226,-0.034157064506360774,-0.015599607765053453,45.92287038491463,1.6110706567764281,1.8598614923145633,1.362279821238293,0.3088515509753468,0.118838369846344,150661272.4,1.9053310676805355,0.9961583895498998,0.05561684628889393
2024-11-07,1.592318058013916,1.694748044013977,1.5490549802780151,1.6007779836654663,268926715,-0.02431789046949473,-0.024618453071488695,1.4836664199829102,1.5424993991851808,1.604766857624054,1.5498830212756478,1.5919534045954031,-0.04207038331975532,-0.035739728269039685,-0.0063306550507156376,44.28219814819901,1.604766857624054,1.848444285794025,1.3610894294540827,0.303691999884331,0.12356523105076381,158477778.75,1.6969364230188644,0.2969467019022889,0.0554750901881612
2024-11-08,1.5768940448760986,1.6331640481948853,1.5220190286636353,1.6018129587173462,230815072,-0.00968651524121733,-0.009733734705436845,1.511645221710205,1.5300875067710877,1.5989432096481324,1.554038563368025,1.5908378964680472,-0.03679933310002226,-0.0359516492352362,-0.0008476838647860571,50.8228712370071,1.5989432096481324,1.8392488846870436,1.3586375346092212,0.30058062548924863,0.11580559185573033,166150273.55,1.3891946553463859,0.4937244287387093,0.05542941337689366
2024-11-09,1.649688959121704,1.678858995437622,1.5620449781417847,1.5788719654083252,272900521,0.046163478441777706,0.045129642572134566,1.5733638048171996,1.5231237053871154,1.591080504655838,1.568754008868591,1.5951972344423921,-0.026443225573801188,-0.0340499645029492,0.00760673892914801,54.54919982055415,1.591080504655838,1.8122601811240917,1.3699008281875844,0.2780244944501993,0.12016001769474574,173337992.15,1.574383766738468,0.7502864425516008,0.05423986014439121
2024-11-10,1.6442140340805054,1.7276489734649658,1.5586049556732178,1.6497130393981934,571156824,-0.003318762007180842,-0.0033242813127018897,1.6190240144729615,1.5265295028686523,1.587420403957367,1.5803632435165778,1.5988281084896598,-0.018464864973082085,-0.030932944596975775,0.01246807962389369,52.791724211871696,1.587420403957367,1.802125445093654,1.37271536282108,0.2705081030847746,0.12869244813919067,195031993.85,2.9285288671113077,0.5064306590751184,0.05313382827998542
2024-11-11,1.8182640075683594,1.8183790445327759,1.6124310493469238,1.6441960334777832,657354089,0.10585603204949412,0.10061972469013525,1.6562758207321167,1.5562897086143495,1.593423956632614,1.6169633610630056,1.6150826195325265,0.0018807415304791242,-0.024370207371484796,0.02625094890196392,59.31677650178358,1.593423956632614,1.82705167144085,1.359796241824378,0.29323986731310586,0.1366488082068307,221597107.15,2.9664380435933864,0.9994413785930449,0.058146815038680924
2024-11-12,1.6721149682998657,1.8575129508972168,1.5876179933547974,1.8182640075683594,754684271,-0.08037833816220386,-0.08379293065306045,1.6722352027893066,1.5779508113861085,1.5914534032344818,1.6254482237148304,1.6193072379597369,0.0061409857550935865,-0.01826796874616912,0.024408954501262705,48.73369200236865,1.5914534032344818,1.8215245962625135,1.3613822102064501,0.2891334330749908,0.14782673120498657,251659672.25,2.998828792283782,0.3130735475154347,0.06118513851357392
2024-11-13,1.6196039915084839,1.6950509548187256,1.5043690204620361,1.6721149682998657,611931198,-0.03140392723400631,-0.03190760356800304,1.6807771921157837,1.5962112069129943,1.5870350539684295,1.6245491110677002,1.6193292197040883,0.005219891363611895,-0.013570396724212916,0.018790288087824812,45.75730160696061,1.5870350539684295,1.810997576820301,1.363072531116558,0.28224017143395347,0.15324929782322474,275584035.1,2.2204885626917794,0.604330795111305,0.06160191173085786
2024-11-14,1.5093690156936646,1.7033189535140991,1.4909310340881348,1.6196039915084839,446153179,-0.06806291932643826,-0.07048997658235696,1.6527132034301757,1.6130385041236877,1.5843839049339294,1.6068290963947718,1.61118401940702,-0.0043549230122481575,-0.011727301981819965,0.007372378969571807,45.715910098581446,1.5843839049339294,1.8108163820030805,1.3579514278647784,0.28583031721543967,0.15945914813450404,288042896.8,1.5489122764578445,0.08681275652229109,0.06047387808087827
2024-11-15,1.5935920476913452,1.5980559587478638,1.4809149503707886,1.5093690156936646,325643905,0.055800159617675815,0.054298924589102376,1.6425888061523437,1.6308064103126525,1.585916405916214,1.6047926273634756,1.609880910391044,-0.005088283027568474,-0.010399498190969667,0.005311215163401193,53.11394651346834,1.585916405916214,1.8121526500755467,1.3596801617568814,0.28530664455625154,0.15817493200302124,297672168.9,1.0939682611356147,0.9618927586735736,0.06175022664849938
2024-11-16,1.7757450342178345,1.8134779930114746,1.5731220245361328,1.5829750299453735,429767420,0.11430339828212399,0.10822945476748981,1.6340850114822387,1.6451804161071777,1.595087957382202,1.6310929976487616,1.6221671417856212,0.00892585586314043,-0.0065344273801476475,0.015460283243288079,62.43154010163926,1.595087957382202,1.8367619931968888,1.3534139215675154,0.30302283293682813,0.16791313886642456,314768718.2,1.36534348920572,0.8430121479274493,0.06656312916831995
2024-11-17,1.6765609979629517,1.8144780397415161,1.6515840291976929,1.7757450342178345,451556821,-0.05585488588938703,-0.05747540207593878,1.634974217414856,1.6536047101020812,1.598052054643631,1.6380880746201754,1.6261963163172752,0.011891758302900124,-0.002849190243538092,0.014740948546438216,58.75141325458389,1.598052054643631,1.8423124020364088,1.3537917072508532,0.30569761064166134,0.1713317802974156,329282266.85,1.3713365900924768,0.15333263112957088,0.06800731166353496
2024-11-18,1.8276640176773071,1.8425190448760986,1.668902039527893,1.6765609979629517,461623107,0.0901267653833937,0.08629398799577906,1.6765862226486206,1.6786817073822022,1.604384607076645,1.6672536043212727,1.6411198497513515,0.026133754569921175,0.002947398719153763,0.023186355850767414,67.08577657369237,1.604384607076645,1.8658454772448625,1.3429237369084275,0.32593290787628076,0.17402098860059464,344388609.85,1.3404133986924305,0.9144378955657181,0.06994052750275803
2024-11-19,1.7619580030441284,1.843425989151001,1.6945149898529053,1.8277729749679565,313055998,-0.03595081699790825,-0.036612965961339235,1.7271040201187133,1.6899086117744446,1.6065161585807801,1.6818235118170966,1.6500708240693351,0.03175268774776141,0.008708456524875294,0.023044231222886118,62.22958163789091,1.6065161585807801,1.8725771899225487,1.3404551272390115,0.33122733303449725,0.17725884914398193,351519274.5,0.8905798933651361,0.45290817320439464,0.07054523512838928
2024-11-20,1.648926019668579,1.801967978477478,1.6276600360870361,1.7619580030441284,356358022,-0.06415134933991862,-0.06630151359181166,1.7381708145141601,1.690379810333252,1.608454656600952,1.6767623591788632,1.649986023743353,0.026776335435510168,0.012322032307002271,0.014454303128507897,50.644991140141705,1.608454656600952,1.8751914422323372,1.341717870969567,0.33166839305879287,0.174202561378479,362254764.35,0.9837221123631579,0.12200237160670749,0.07057812842825326
2024-11-21,2.0849781036376953,2.2022640705108643,1.6065330505371094,1.648926019668579,1103355382,0.26444611751396785,0.23463417452679403,1.8000174283981323,1.7170512199401855,1.6366704642772674,1.739564781403299,1.682207659291082,0.05735712211221711,0.021329050268045244,0.036028071844171866,64.42135590613233,1.6366704642772674,1.9742780957852557,1.299062832769279,0.412554193256089,0.2063481296811785,409369508.75,2.6952554071969583,0.8031225990052322,0.09006924080490974
2024-11-22,2.203094005584717,2.3361730575561523,2.014448881149292,2.0852339267730713,998760177,0.05665090762389435,0.055104385189261224,1.9053240299224854,1.7701491236686706,1.6740499675273894,1.8108769697389018,1.7207918330906105,0.09008513664829132,0.03508026754409447,0.05500486910419685,67.29085324539452,1.6740499675273894,2.084818082321353,1.2632818527334255,0.490747734848892,0.2213894980294364,451585717.95,2.2116735257570386,0.5863566757050075,0.08918873733905745
2024-11-23,2.206587076187134,2.3328421115875244,2.165761947631836,2.2030930519104004,851433156,0.001585529529635199,0.00158427390473555,1.9811086416244508,1.8288474321365356,1.712529319524765,1.8717554476540144,1.7567766659125752,0.11497878174143916,0.05105997038356342,0.06391881135787575,65.98920088906473,1.712529319524765,2.17119087372866,1.2538677653208703,0.5356539581245541,0.2249799370765686,485778498.2,1.7527189020405267,0.24434454183729262,0.08893202799194798
2024-11-24,2.2001090049743652,2.335969924926758,2.0557470321655273,2.206587076187134,654154321,-0.0029357877070331773,-0.0029401055847491915,2.068738842010498,1.8979214310646058,1.7554799675941468,1.9222713795494528,1.7896160984356708,0.132655281113782,0.06737903252960716,0.06527624858417484,65.95121100223884,1.7554799675941468,2.2283515110713545,1.2826084241169389,0.5387376127399159,0.23292128528867448,509874668.65,1.2829708185582362,0.5151683584258793,0.08657453912706221
2024-11-25,2.3041350841522217,2.4139280319213867,2.1139299869537354,2.20011305809021,941738545,0.04728223871756243,0.0461984645369161,2.1997806549072267,1.9689757347106933,1.799891072511673,1.9810196417960326,1.827728615896156,0.15329102589987653,0.08456143120366104,0.06872959469621549,64.5256301274546,1.799891072511673,2.30427300507276,1.2955091399505863,0.560458285797532,0.23963914598737443,549421416.3,1.7140550350985655,0.6340211013001269,0.08645353904254097
2024-11-26,2.2031490802764893,2.3557519912719727,2.1135709285736084,2.3041350841522217,640555309,-0.043828161191724946,-0.04481763437601866,2.2234148502349855,2.011716139316559,1.8284482777118682,2.015193401562257,1.8555375391835882,0.15965586237866858,0.09958031743866257,0.06007554494000601,66.31643482010938,1.8284482777118682,2.356907086769599,1.2999894686541373,0.5780407523685029,0.23765958206994192,567096201.6,1.1295355306432016,0.36988089409633657,0.08261717145231365
2024-11-27,2.498332977294922,2.5000460147857666,2.162062883377075,2.2031490802764893,655289447,0.13398271576855247,0.12573596336272921,2.282462644577026,2.0938933372497557,1.8737490236759187,2.08952256705959,1.903152016080724,0.186370550978866,0.11693836414670326,0.06943218683216275,73.49578983906817,1.8737490236759187,2.4681919321857597,1.2793061151660776,0.6344957633052303,0.24818109614508493,586414338.2,1.1174512700549106,0.9949315593561713,0.0858572151709748
2024-11-28,2.3624958992004395,2.5998940467834473,2.2924818992614746,2.498332977294922,607709204,-0.05437108637198573,-0.05590505577998919,2.3136444091796875,2.147376525402069,1.9130291163921356,2.1315184643120286,1.9371774889044067,0.19434097540762196,0.13241888639888702,0.06192208900873494,72.50313670880998,1.9130291163921356,2.528336208012099,1.2977220247721721,0.6432804251096792,0.2549685410090855,605259044.8,1.0040481166222137,0.22775286606535888,0.08740309276361732
2024-11-29,2.3828349113464355,2.4102890491485596,2.306025981903076,2.3624958992004395,341027634,0.008609120613872534,0.00857227346500367,2.3501895904541015,2.2094642162322997,1.9496864140033723,2.1701825330865527,1.9701891498260384,0.1999933832605143,0.1459337857712125,0.05405959748930181,71.54412569133757,1.9496864140033723,2.585934905333258,1.3134379226734865,0.65266751284731,0.2540486880711147,608665400.45,0.560287530304615,0.7366838911009284,0.08730063381206364
2024-11-30,2.4529941082000732,2.4953420162200928,2.3505520820617676,2.3828349113464355,442871784,0.02944358273397718,0.02901844533715863,2.379961395263672,2.289871025085449,1.9901254177093506,2.2136920061809406,2.0059524800759667,0.20773952610497393,0.15829493383796478,0.049444592267009146,69.69095965291753,1.9901254177093506,2.647097207161388,1.333153628257313,0.6602315448121023,0.24722254276275635,602251148.45,0.7353606300956154,0.7075216910525717,0.08710930701245927
2024-12-01,2.484787940979004,2.539979934692383,2.37992000579834,2.452989101409912,436300088,0.012961234873189342,0.0128779568869267,2.436289167404175,2.32985200881958,2.0234516143798826,2.2553990730729505,2.0414217734761917,0.21397729959675882,0.16943140698972362,0.044545892607035203,74.45755544462514,2.0234516143798826,2.710642484606979,1.3362607441527863,0.6792263925102023,0.2470201083592006,591198448.4,0.737992613446108,0.6551791529177385,0.08493971538445716
2024-12-02,2.5608160495758057,2.57019305229187,2.295501947402954,2.465593099594116,658045648,0.030597423362754617,0.030138656775691136,2.4487857818603516,2.365624213218689,2.0678866684436796,2.302386300227236,2.0798954235576446,0.22249087666959122,0.18004330092569715,0.04244757574389407,73.24175537215643,2.0678866684436796,2.77408959951842,1.3616837373689397,0.6830189892430016,0.2542396868978228,586366517.25,1.1222428782021319,0.9658634291107069,0.08167405879767843
2024-12-03,2.5587329864501953,2.5945379734039307,2.346919059753418,2.560849905014038,653166202,-0.0008134372345703911,-0.0008137682541589632,2.4880331993103026,2.4008388042449953,2.114843118190765,2.341824251953845,2.1153648726607965,0.22645937929304827,0.18932651659916738,0.037132862693880886,76.32039829065928,2.114843118190765,2.8204308672686067,1.4092553691129237,0.6672719531853193,0.2612902522087097,588428267.45,1.110018396686731,0.855402824526165,0.08085512466988219
2024-12-04,2.5478529930114746,2.7381739616394043,2.511802911758423,2.5587730407714844,884122985,-0.004252101917760043,-0.00426116781164983,2.5210368156433107,2.435613203048706,2.1667673170566557,2.373520981347326,2.1474010297238095,0.2261199516235166,0.19668520360403727,0.029434748019479345,81.84397388343015,2.1667673170566557,2.8366900234657457,1.4968446106475657,0.6183614651517961,0.2650090456008911,610326757.75,1.4486059701189629,0.1592521644418934,0.07816257759470588
2024-12-05,2.4982969760894775,2.626070022583008,2.4381439685821533,2.5478529930114746,713105523,-0.01945010840810857,-0.019641750813765724,2.5300973892211913,2.4550293922424316,2.2120025634765623,2.392717288230734,2.1733933220471924,0.21932396618354177,0.20121295611993817,0.018111010063603605,70.16269631641471,2.2120025634765623,2.8398209297183334,1.5841841972347912,0.5676470512358186,0.23588011945996964,629699838.65,1.132453081977616,0.32008868927862344,0.07862360169883532
2024-12-06,2.668416976928711,2.7293291091918945,2.4756031036376953,2.499983072280884,754515611,0.06809438688330727,0.06587611386452676,2.566823196411133,2.5015561819076537,2.256636160612106,2.4351326249535,2.210061740927305,0.22507088402619502,0.20598454170118957,0.019086342325005445,71.60347142156316,2.256636160612106,2.880780350230194,1.6324919709940184,0.5531633326736999,0.23102310725620814,645937248.2,1.1680942895034614,0.7599294572527903,0.07652510385932534
2024-12-07,2.6777870655059814,2.7718029022216797,2.655987024307251,2.668416976928711,367985326,0.0035114784002219235,0.0035053275547793005,2.590217399597168,2.5195015907287597,2.306697463989258,2.4724640773461894,2.2447080612664663,0.22775601607972318,0.2103388365768963,0.01741717950282687,71.75759099662201,2.306697463989258,2.894494253662929,1.7189006743155872,0.5096435911947645,0.22736137253897531,641758673.45,0.5734014065158872,0.1882301434742491,0.0744235156647926
2024-12-08,2.6768410205841064,2.7062530517578125,2.601485013961792,2.6899359226226807,296739821,-0.0003532935587230446,-0.0003533559815951942,2.6138390064239503,2.5509361028671265,2.3491563141345977,2.503906683998177,2.27671791010481,0.2271887738933671,0.21370882404019048,0.013479949853176632,72.12606939513239,2.3491563141345977,2.9134681342362505,1.7848444940329447,0.4804378633352365,0.21482888289860316,633514509.15,0.4684025649201661,0.7192651596317782,0.07306276239187048
2024-12-09,2.248176097869873,2.6746559143066406,2.069956064224243,2.674415111541748,774195919,-0.16013835689827238,-0.1745181113042386,2.5539036273956297,2.53747022151947,2.373467218875885,2.4645635169015145,2.274603701791111,0.1899598151104036,0.20895902225423313,-0.018999207143829522,48.00424067713424,2.373467218875885,2.8689631298894804,1.87797130786229,0.41752918015718005,0.23674937656947545,656571505.2,1.179149434400401,0.29472478068929153,0.08283118316876895
2024-12-10,2.2053329944610596,2.305727958679199,2.0430259704589844,2.248176097869873,674934615,-0.01905682719845969,-0.019240748921831384,2.495310831069946,2.512704110145569,2.401287567615509,2.4246818980645215,2.2694725382851813,0.15520935977934025,0.19820908975925455,-0.0429997299799143,50.081258635947826,2.401287567615509,2.7723547828883435,2.030220352342675,0.30905687455110253,0.23821515696389334,672500334.85,1.0036197456326068,0.6178370362680619,0.08115007672299969
2024-12-11,2.3367810249328613,2.3549489974975586,2.124756097793579,2.2053000926971436,374088121,0.05960461789759108,0.05789583655802784,2.4289836406707765,2.4979034185409548,2.413877713680267,2.4111586868134967,2.2744583521109356,0.13670033470256104,0.18590733874791587,-0.04920700404535483,43.154975607962385,2.413877713680267,2.755690482736629,2.0720649446239054,0.2832063671818935,0.23051585469927108,636036971.8,0.5881546790296193,0.9210749688682389,0.057971880265875825
2024-12-12,2.545664072036743,2.6727840900421143,2.3224101066589355,2.3367810249328613,711125557,0.08938922598016363,0.08561719605270092,2.4025590419769287,2.4963882207870483,2.4310062170028686,2.4318518230016886,2.2945476646980323,0.13730415830365628,0.17618670265906397,-0.038882544355407694,57.308517234680814,2.4310062170028686,2.7625229906695696,2.0994894433361675,0.2727403750331996,0.23358455726078578,621655240.8,1.1439227248930803,0.6371876040858172,0.05986823169454995
2024-12-13,2.551008939743042,2.674262046813965,2.4795351028442383,2.545664072036743,635450004,0.002099596629818734,0.0020973955571860956,2.377392625808716,2.495615816116333,2.448227310180664,2.450183687115743,2.313544796182848,0.13663889093289505,0.1682771403138302,-0.03163824938093515,56.791505882955555,2.448227310180664,2.7661635484099554,2.1302910719513726,0.25972771148103047,0.24004626274108887,610856083.2,1.0402613994955465,0.36704644858726376,0.05986499425828163
2024-12-14,2.4390039443969727,2.652420997619629,2.378300905227661,2.5671238899230957,418406755,-0.04390615556108224,-0.04489920710943519,2.415558195114136,2.484730911254883,2.4601720571517944,2.4484637266974705,2.322838066420931,0.12562566027653954,0.1597468443063721,-0.03412118402983255,49.453494759402275,2.4601720571517944,2.756043733637596,2.164300380665993,0.240529255363009,0.24928413118634904,599068704.9,0.6984286636536002,0.22144687178947384,0.060986083531365316
2024-12-15,2.537524938583374,2.5484249591827393,2.4083850383758545,2.4390039443969727,353843059,0.040393946230685485,0.03959943588135683,2.4819965839385985,2.4886537075042723,2.471841549873352,2.4621654516029943,2.338740797692223,0.12342465391077129,0.15248240622725195,-0.029057752316480667,51.95801815049498,2.471841549873352,2.760113213636361,2.183569886110343,0.23324445191705664,0.2478541306086949,569673930.6,0.6211326163851669,0.9221648387244893,0.060765494305366305
2024-12-16,2.5003209114074707,2.6255791187286377,2.4691290855407715,2.5375049114227295,475418126,-0.014661541492740238,-0.014770084133645613,2.5147045612335206,2.4718441009521483,2.486700141429901,2.468035522342144,2.3507096950044635,0.11732582733768071,0.1454510904493377,-0.028125263111657,47.68726343749755,2.486700141429901,2.745819093413343,2.227581189446459,0.20840385832321814,0.23940833977290563,561417071.45,0.8468180790657358,0.19937243372469943,0.05983374753386852
2024-12-17,2.335184097290039,2.5166690349578857,2.3118109703063965,2.5003058910369873,368256081,-0.06604624764925615,-0.06832835766366482,2.4726085662841797,2.437583804130554,2.478542697429657,2.447596841564897,2.349559650729321,0.09803719083557638,0.13596831052658545,-0.03793111969100907,42.40106731536342,2.478542697429657,2.746249689444562,2.2108357054147523,0.21601967340932007,0.23635399341583252,547065403.15,0.673148180966267,0.11409424316520424,0.05412742550126856
2024-12-18,2.1557509899139404,2.3818631172180176,2.1528499126434326,2.3352580070495605,542458207,-0.0768389556884741,-0.07995158048825811,2.3935569763183593,2.3854748010635376,2.468205451965332,2.402697479772442,2.3352034536318853,0.06749402614055677,0.12227345364937972,-0.05477942750882295,38.041850306429424,2.468205451965332,2.768734411480941,2.167676492449723,0.2435202136647985,0.23654271875108993,543802853.3,0.997527327611762,0.012667728698087815,0.055489403179702114
2024-12-19,1.9127479791641235,2.181857109069824,1.8458939790725708,2.1557509899139404,674695331,-0.11272313541162648,-0.11959820942603312,2.2883057832717895,2.3519319891929626,2.4447011053562164,2.3273206335250083,2.3039104555231624,0.02341017800184586,0.10250079851987297,-0.07909062051802711,34.02690731000848,2.4447011053562164,2.833817419276685,2.0555847914357477,0.3183344688378752,0.24711679560797556,560486238.15,1.2037678805941259,0.1989920682730233,0.060550485767520285
2024-12-20,1.8876609802246094,1.985213041305542,1.6188479661941528,1.9127180576324463,728430539,-0.01311568445649447,-0.01320245458067731,2.1583329916000364,2.3201647877693174,2.4164344489574434,2.2596806868634083,2.273077161056603,-0.013396474193194674,0.07932134397725944,-0.09271781817045412,26.871834886074254,2.4164344489574434,2.878341138597277,1.9545277593176096,0.3823043408763856,0.2551624434334891,574764175.9,1.2673554990781744,0.7337298911787049,0.05986836564758338
2024-12-21,1.7439359426498413,2.0074141025543213,1.7256159782409668,1.8876609802246094,388567683,-0.07613922154478525,-0.0791938913602361,2.0070559978485107,2.2608802795410154,2.379391849040985,2.1803353415997826,2.2338815152486946,-0.05354617364891201,0.05274784045202515,-0.10629401410093717,24.37635658384785,2.379391849040985,2.9287624859145542,1.830021212167416,0.4617739924552513,0.26701831817626953,572377555.65,0.678866037223869,0.06501094996073692,0.06127175165371426
2024-12-22,1.75764799118042,1.8203179836273193,1.7098209857940674,1.7439429759979248,302201881,0.00786270194634775,0.007831951985412386,1.8915487766265868,2.1820786714553835,2.3392334461212156,2.1153065184583424,2.198604957910304,-0.08329843945196158,0.025538584471227796,-0.10883702392318938,24.954018621743586,2.3392334461212156,2.9470743527434635,1.7313925394989675,0.5196923869484983,0.2674275296075003,554585367.3,0.5449149920259716,0.4328352986582857,0.06057473605252548
2024-12-23,1.9218950271606445,1.950577974319458,1.7100290060043335,1.75764799118042,419871139,0.0934470592544061,0.08933514592922341,1.8447775840759277,2.1191672801971437,2.307391548156738,2.0855509044125426,2.1781079260029217,-0.09255702159037904,0.0019194632589064238,-0.09447648484928546,39.61280719904001,2.307391548156738,2.933271707409074,1.6815113889044024,0.5425001749289762,0.24126067331859044,542920614.15,0.7733564135474078,0.8807604282515881,0.06536389951667704
2024-12-24,1.9512710571289062,1.975836992263794,1.8655519485473633,1.9218950271606445,326426883,0.015284929485280596,0.015169291804337287,1.8524821996688843,2.070393991470337,2.27756245136261,2.064892466368906,2.161305194975217,-0.09641272860631078,-0.017746975114137024,-0.07866575349217375,41.84195980438091,2.27756245136261,2.9119959695336037,1.6431289331916163,0.557116243105806,0.23037374871117727,515035809.05,0.6337945386789801,0.7772504586337453,0.06563301169275118
2024-12-25,1.916815996170044,1.9740409851074219,1.8835649490356445,1.9512710571289062,237333626,-0.01765775228048494,-0.01781551024773941,1.8583132028579712,2.008323097229004,2.2484884023666383,2.0421114709536967,2.1431948839526114,-0.10108341299891466,-0.03441426269109256,-0.0666691503078221,35.61894680190626,2.2484884023666383,2.893536134697007,1.6034406700362696,0.5737612270104894,0.22039397273744857,491247214.2,0.4831246247095766,0.36751216015806404,0.0656222861491376
2024-12-26,1.7767499685287476,1.9305180311203003,1.7572510242462158,1.916815996170044,250963167,-0.0730722343308694,-0.0758796391394342,1.8648760080337525,1.9359660029411316,2.20390505194664,2.0012866244267817,2.1160508161434364,-0.11476419171665464,-0.05048424849620498,-0.06427994322044966,22.367381945566038,2.20390505194664,2.8500034443572955,1.5578066595359847,0.5863214405175731,0.2077434744153704,466069592.0,0.5384671544930998,0.11253696539775883,0.06423912723687326
2024-12-27,1.8521679639816284,1.9019479751586914,1.7710429430007935,1.7767390012741089,300971073,0.04244716295975581,0.04157099039416756,1.8837800025939941,1.8876643896102905,2.1626240968704225,1.9783452920506042,2.0965039382055246,-0.11815864615492044,-0.0640191280279481,-0.05413951812697235,26.089840289856753,2.1626240968704225,2.786352673373175,1.5388955203676702,0.5768256974527961,0.2031847664288112,462718879.35,0.6504404432833738,0.6197241881865925,0.06550620642875254
2024-12-28,1.890712022781372,1.903607964515686,1.819530963897705,1.8521679639816284,196427860,0.02081023943254312,0.020596664350148428,1.8775434017181396,1.8611604928970338,2.1233176469802855,1.9648632506245685,2.0812600926185505,-0.11639684199398204,-0.07449467082115489,-0.04190217117282714,30.247828999004184,2.1233176469802855,2.7084932018869865,1.5381420920735844,0.5511898379772984,0.18961025987352645,457703281.3,0.42915982477139386,0.8466173851861951,0.06594443771099717
2024-12-29,1.8089569807052612,1.892704963684082,1.7906010150909424,1.890712022781372,165276134,-0.0432403460130556,-0.04420306433063589,1.8490805864334106,1.8507813930511474,2.101356691122055,1.9408776706369828,2.0610894917360847,-0.12021182109910189,-0.0836381008767443,-0.036573720222357595,23.43246819310106,2.101356691122055,2.6996229347724574,1.503090447471653,0.5694095116531099,0.18690054757254465,427257292.05,0.38683045807597,0.17977721791828924,0.05698448529519867
2024-12-30,1.8227200508117676,1.913027048110962,1.7667850255966187,1.8089540004730225,350099161,0.007608290442120191,0.007579493372473169,1.8302613973617554,1.8442873001098632,2.0822260439395905,1.9226995752792573,2.0434324961120613,-0.12073292083280407,-0.09105706486795626,-0.029675855964847814,24.86124017801592,2.0822260439395905,2.6908724349832744,1.4735796528959066,0.5846112556464997,0.1861714039530073,411015519.35,0.8517906125629122,0.38248254796146164,0.057055002410536466
2024-12-31,1.7517460584640503,1.8731520175933838,1.7384929656982422,1.8227200508117676,229566598,-0.038938504196576074,-0.03971688058842686,1.825260615348816,1.8450683116912843,2.05297429561615,1.8963990342307637,2.0218260933233196,-0.12542705909255591,-0.0979310637128762,-0.027495995379679714,26.728727412986274,2.05297429561615,2.666324891016744,1.4396237002155563,0.5975238917606727,0.18115718875612533,403789443.2,0.5685304602832173,0.09841961305306159,0.05513939354478092
2025-01-01,1.814620018005371,1.834596037864685,1.734483003616333,1.7517460584640503,187005992,0.035892165555348354,0.03526305111804489,1.8177510261535645,1.8507655143737793,2.0164220929145813,1.8838176471191648,2.0064774951516196,-0.12265984803245478,-0.10287682057679194,-0.019783027455662835,34.99862966905931,2.0164220929145813,2.59212181391156,1.4407223719176026,0.571011122145413,0.17195003373282297,377583464.95,0.49527060732059214,0.80046526394943,0.051065779219206665
2025-01-02,1.8763309717178345,1.8897600173950195,1.8127340078353882,1.8146209716796875,246334827,0.034007645181990176,0.033442169851930686,1.814874815940857,1.8462091088294983,1.982688194513321,1.8826658509035756,1.9968370119343022,-0.11417116103072655,-0.10513568866757889,-0.009035472363147667,48.09476149218903,1.982688194513321,2.5028857701365244,1.4624906188901174,0.5247396711825314,0.15345452513013566,358127706.1,0.6878407417358988,0.8256555933441599,0.05213267111177816
2025-01-03,2.0124270915985107,2.0212719440460205,1.8369100093841553,1.8763450384140015,302759601,0.07253310952708758,0.07002324269745236,1.8555688381195068,1.8523247122764588,1.9613593518733978,1.9026291187027966,1.9979918326501693,-0.09536271394737272,-0.10318109372353765,0.007818379776164924,55.84813862261135,1.9613593518733978,2.43574275374,1.4869759500067956,0.4837292069028489,0.14045430081231253,352345348.4,0.8592694706339424,0.9520244676105367,0.055030001197148765
2025-01-04,2.0638630390167236,2.11222505569458,1.9858920574188232,2.0124239921569824,296561191,0.02555916069354658,0.025237986474845868,1.903797435760498,1.8670294165611268,1.9376762568950654,1.9274343372126315,2.002871181269914,-0.07543684405728257,-0.09763224379028665,0.02219539973300408,66.41615964788247,1.9376762568950654,2.3313794846013347,1.543973029188796,0.4063663641491276,0.12934964895248413,349481255.0,0.848575386396618,0.6171861389361291,0.05443865460874765
2025-01-05,2.0943000316619873,2.1135380268096924,2.030493974685669,2.0638630390167236,237503156,0.014747583570160039,0.01463989542845213,1.9723082304000854,1.8987844228744506,1.9173752129077912,1.9531059825125323,2.009643688706364,-0.056537706193831694,-0.08941333627099567,0.03287563007716397,66.9828615166865,1.9173752129077912,2.220336023813297,1.6144144020022853,0.31601619637718315,0.1273887242589678,337585506.5,0.7035348124461025,0.7683397866668206,0.054670085580223286
2025-01-06,2.1083691120147705,2.1805338859558105,2.0636789798736572,2.0943000316619873,293117209,0.006717795989153563,0.006695332146565965,2.0310580492019654,1.924404537677765,1.9060344636440276,1.9769926178205688,2.0169566830255055,-0.03996406520493667,-0.07952348205778387,0.039559416852847196,61.08678814572725,1.9060344636440276,2.1553797559329397,1.6566891713551153,0.26163775844032183,0.11855343409946986,333828562.9,0.8780471223123132,0.3824411812481596,0.052954614296440626
2025-01-07,1.8924380540847778,2.1260809898376465,1.8858959674835205,2.1083669662475586,307788178,-0.10241615507431123,-0.10804874245311373,2.034279465675354,1.9245771408081054,1.8928688168525696,1.9639842233996778,2.007733080881748,-0.043748857482070136,-0.07236855714264112,0.028619699660570985,47.13716194400607,1.8928688168525696,2.1127644566879464,1.672973177017193,0.2323411299056799,0.12783200400216238,322095061.45,0.9555817981635807,0.02723769477696574,0.05507909551659949
2025-01-08,1.8046220541000366,1.9223740100860596,1.7188040018081665,1.8924380540847778,308249555,-0.04640363249681678,-0.047514791924129905,1.9927184581756592,1.924143648147583,1.8874625205993651,1.9394669665843483,1.9926878196386582,-0.0532208530543099,-0.06853901632497487,0.015318163270664972,44.81011429702669,1.8874625205993651,2.110593206048116,1.664331835150614,0.23643456017118233,0.1359101448740278,303772772.65,1.0147372732287567,0.42156528263764287,0.0500173949264691
2025-01-09,1.7498650550842285,1.8367550373077393,1.7127189636230469,1.804623007774353,275231892,-0.030342640937697785,-0.030812507968075876,1.9299188613891602,1.916858148574829,1.8805727243423462,1.910297441738176,1.9747009481901818,-0.06440350645200588,-0.06771191435038108,0.003308407898375207,48.64978810497368,1.8805727243423462,2.11203186045503,1.6491135882296626,0.24615813376068937,0.13239364964621408,281112840.3,0.9790797592393007,0.29947810635177236,0.05037135128673094
2025-01-10,1.7897800207138062,1.8246749639511108,1.7310400009155273,1.749858021736145,236597386,0.022810310722878313,0.02255404526292353,1.869014859199524,1.9206615447998048,1.8828649282455445,1.891756300042119,1.9610031017104503,-0.06924680166833141,-0.06801889181397115,-0.0012279098543602623,46.750892755149174,1.8828649282455445,2.109483990236487,1.656245866254602,0.24071727991885894,0.12973150185176305,273514325.45,0.865027400706481,0.6273299163118915,0.047544607642302436
2025-01-11,1.7910020351409912,1.821545958518982,1.76465904712677,1.7897800207138062,138187487,0.0006827735325247719,0.0006825405487204987,1.805541443824768,1.9182997465133667,1.884532630443573,1.8762556439034839,1.9484104301127125,-0.07215478620922866,-0.06884607069302266,-0.0033087155162059984,44.59716509229211,1.884532630443573,2.1077369652736735,1.6613282956134727,0.23688030785390385,0.12778935262135097,265313605.75,0.5208458367951603,0.4630763516379649,0.04752815699307063
2025-01-12,1.782047986984253,1.8127950429916382,1.7608369588851929,1.790982961654663,125394022,-0.004999462859925474,-0.005012001984419115,1.783463430404663,1.9088714480400086,1.8775402784347535,1.8617621582236021,1.936087286177271,-0.07432512795366897,-0.06994188214515193,-0.004383245808517039,48.417034586962224,1.8775402784347535,2.10454601700689,1.650534539862617,0.24181184412340187,0.12420750515801567,250589749.9,0.5003956548503662,0.40823337468086357,0.042380560277686434
2025-01-13,1.7268500328063965,1.8237110376358032,1.5946340560913086,1.782047986984253,278331052,-0.030974448825739853,-0.0314642988381286,1.7679090261459351,1.8803137421607972,1.866319227218628,1.841006446620955,1.920588230372021,-0.07958178375106595,-0.07186986246633474,-0.007711921284731207,44.62244310347732,1.866319227218628,2.1000659223171447,1.6325725321201112,0.250489510786286,0.13012428794588363,248184958.35,1.1214662397367645,0.5771682953563104,0.04259772246224091
2025-01-14,1.7872469425201416,1.7979530096054077,1.7183740139007568,1.7268500328063965,151899273,0.03497519099304225,0.034377456375014395,1.7753854036331176,1.852652132511139,1.8598407745361327,1.8327357536823683,1.9107110979385484,-0.07797534425618013,-0.07309095882430382,-0.0048843854318763175,52.01523387778386,1.8598407745361327,2.094873271070792,1.6248082780014736,0.2527447507900552,0.12618999821799143,243913240.7,0.6227594392336734,0.8654660611744687,0.04340646158512904
2025-01-15,1.8995649814605713,1.9005639553070068,1.7432279586791992,1.7872480154037476,199402524,0.06284416342716104,0.060948487885838225,1.7973423957824708,1.8331786274909974,1.865981525182724,1.8430171733405534,1.9098854596809205,-0.06686828634036712,-0.07184642432751648,0.004978137987149356,54.5656714203078,1.865981525182724,2.0982749230237396,1.6336881273417083,0.24897716800091962,0.13027735267366683,241335208.55,0.8262471323519611,0.9936506342836149,0.042417564336511164
2025-01-16,1.837797999382019,1.9117670059204102,1.8241959810256958,1.899603009223938,219971488,-0.032516382793633,-0.03305678734160119,1.8067015886306763,1.8061215162277222,1.8652630269527435,1.842214223500779,1.9045456478069278,-0.0623314243061488,-0.06994342432324295,0.007612000017094153,47.929032069576344,1.8652630269527435,2.097825063765952,1.632700990139535,0.249361117925703,0.13103056805474417,237285229.3,0.9270340536953093,0.15532554083295685,0.04217283860006572
2025-01-17,1.9648610353469849,1.989927053451538,1.8373520374298096,1.8377549648284912,216274001,0.06913873886449551,0.06685340740515984,1.8432641983032227,1.8133638143539428,1.868970477581024,1.8610829637848105,1.9090134542913764,-0.04793049050656584,-0.06554083755990753,0.01761034705334169,47.41848000137677,1.868970477581024,2.1055698225443273,1.6323711326177208,0.2531868189480763,0.12876007386616298,238277536.35,0.9076558550711237,0.8357134273011134,0.04470812634802187
2025-01-18,1.8271470069885254,1.9962270259857178,1.7805989980697632,1.9648610353469849,246389911,-0.07008843164022527,-0.07266578514115395,1.8633235931396483,1.8156163096427917,1.8698799788951874,1.8558620473546128,1.9029492730096838,-0.04708722565507095,-0.061850115178940214,0.014762889523869262,38.25298360981589,1.8698799788951874,2.105646355993762,1.6341136017966127,0.25217273810041707,0.13513829026903426,242333225.2,1.0167401139346535,0.215871782578225,0.046531827560728746
2025-01-19,1.7022299766540527,1.9116859436035156,1.6947640180587769,1.8271470069885254,553294260,-0.06836725772840735,-0.07081659531263204,1.8463201999664307,1.8108528017997743,1.8638554751873015,1.8322263441699111,1.8880811769833408,-0.05585483281342962,-0.060651058705838104,0.004796225892408482,32.21159327544419,1.8638554751873015,2.110598063512818,1.6171128868617852,0.26476579499890773,0.14470099551337107,252492980.15,2.191325317920923,0.03441772071841057,0.049043953457082325
2025-01-20,1.7044349908828735,1.846532940864563,1.6280280351638794,1.702247977256775,641614997,0.0012953679931986262,0.0012945297279096512,1.807294201850891,1.8023182988166808,1.8614899218082428,1.8125661359719054,1.8744777557907135,-0.061911619818808106,-0.060903170928432115,-0.0010084488903759903,31.47387059853081,1.8614899218082428,2.1136066453548987,1.6093731982615869,0.27087627023169797,0.1519617097718375,273095400.1,2.3494170782995916,0.3496807175892524,0.048279351291643915
2025-01-21,1.7472150325775146,1.784026026725769,1.6248970031738281,1.7043850421905518,267372222,0.02509925102657129,0.02478943817244918,1.7891776084899902,1.7979395985603333,1.85811967253685,1.802512120065076,1.8650508874045506,-0.06253876733947461,-0.061230290210640616,-0.0013084771288339944,42.08182283449162,1.85811967253685,2.1146381818555664,1.6016011632181337,0.27610547706918925,0.14617199557168142,277113711.6,0.9648465983738063,0.7686719806776241,0.04791309384902865
2025-01-22,1.7118380069732666,1.7683850526809692,1.7090320587158203,1.7472150325775146,163480178,-0.02024766553894597,-0.020455459194284077,1.7385730028152466,1.7909186005592346,1.8498950242996215,1.78856225651249,1.8537017851503814,-0.06513952863789152,-0.0620121378960908,-0.003127390741800719,44.63418027351907,1.8498950242996215,2.114379455917611,1.5854105926816324,0.2859453408369744,0.13587078026362828,272970979.15,0.5988921551626416,0.047275589607796334,0.04737239173293509
2025-01-23,1.723423957824707,1.7340530157089233,1.6603200435638428,1.7115880250930786,216437131,0.006768135071335335,0.006745334067528727,1.717828392982483,1.7905759930610656,1.8354448676109314,1.7785409797912926,1.84405157571885,-0.06551059592755748,-0.06271182950238414,-0.002798766425173335,48.39051147432876,1.8354448676109314,2.094054179279356,1.5768355559425067,0.2817946931906902,0.13227770158222743,268654855.65,0.8056326786885678,0.8558437815074122,0.04397797729375702
2025-01-24,1.7176380157470703,1.8104599714279175,1.6869230270385742,1.7233250141143799,213544816,-0.0033572366517056196,-0.003362884815698562,1.7209100008010865,1.7836151003837586,1.8181336164474486,1.7691712930152583,1.834687608313533,-0.06551631529827473,-0.06327272666156226,-0.0022435886367124652,45.41829864161035,1.8181336164474486,2.0580389448665795,1.578228288028318,0.26390285757753595,0.1344135573932103,264504036.9,0.807340479573603,0.24862996550565503,0.04332917654952732
2025-01-25,1.632341980934143,1.7182379961013794,1.6321840286254883,1.7176779508590698,146975164,-0.0496589118492633,-0.05093431866837431,1.7064913988113404,1.7568928003311157,1.7950357139110564,1.7481206296181635,1.819699043322467,-0.0715784137043034,-0.0649338640701105,-0.006644549634192906,40.89581736377727,1.7950357139110564,2.0107180203718262,1.5793534074502866,0.24030976630636197,0.13649691854204452,259977637.3,0.5653377172221882,0.0018355027075771958,0.04392079583134655
2025-01-26,1.5644789934158325,1.6738959550857544,1.5641859769821167,1.6323800086975098,142902232,-0.04157400122704347,-0.04246292472161463,1.6699441909790038,1.7295608997344971,1.7678412079811097,1.7198680702024203,1.800793854440494,-0.08092578423807373,-0.06813224810370315,-0.012793536134370578,38.30609926515109,1.7678412079811097,1.9520335172176306,1.5836488987445887,0.208381056403669,0.14062205382755824,252466888.45,0.5660236590918385,0.0026708273219300865,0.04419590121609517
2025-01-27,1.4541399478912354,1.564674973487854,1.3268439769744873,1.5644789934158325,375492942,-0.07052766191745818,-0.07313823226074125,1.6184045791625976,1.6784887909889221,1.7459263026714325,1.678986820616084,1.7751157872886971,-0.09612896667261306,-0.07373159181748513,-0.022397374855127924,36.1625810741136,1.7459263026714325,1.9680837514572174,1.5237688538856475,0.25448662803906785,0.1412473406110491,255852126.65,1.4676170447223444,0.5352370693078393,0.041314509608479585
2025-01-28,1.3735849857330322,1.4758470058441162,1.3596580028533936,1.4541399478912354,147829491,-0.05539698037662899,-0.05699052480347351,1.5484367847442626,1.6331325888633728,1.7243744492530824,1.6320019229417684,1.7453727649512403,-0.1133708420094719,-0.08165944185588249,-0.031711400153589406,29.431389517859472,1.7243744492530824,1.999801159187675,1.4489477393184897,0.31945116103279597,0.1438623411314828,247831123.45,0.5964928413433297,0.11986488671481098,0.04175217204551924
2025-01-29,1.4353770017623901,1.4933420419692993,1.3705660104751587,1.3735929727554321,201564151,0.04498594311321891,0.0440034337600035,1.4919845819473267,1.6064472913742065,1.7086500465869903,1.6017519350680178,1.7224101158261402,-0.1206581807581224,-0.08945918963633048,-0.03119899112179192,25.697984773556172,1.7086500465869903,2.0124016804061213,1.404898412767859,0.3555457531234927,0.14139377219336374,244147736.4,0.8255827146796353,0.5278797923316699,0.04344240713085941
2025-01-30,1.454501986503601,1.501721978187561,1.4228349924087524,1.4354369640350342,155708635,0.013324015027222025,0.013236031010919589,1.4564165830612184,1.5814539909362793,1.6918861448764801,1.5790980968273383,1.702565069209656,-0.12346697238231763,-0.09626074618552792,-0.02720622619678971,28.99513310468724,1.6918861448764801,2.013280346903294,1.3704919428496665,0.3799241491516297,0.14077348368508474,240103298.85,0.6485068541156365,0.40142223419991535,0.043127975984280774
2025-01-31,1.425704002380371,1.4990609884262085,1.3809000253677368,1.454501986503601,271201609,-0.019799205769705397,-0.019997836233304055,1.428661584854126,1.549302887916565,1.6736212432384492,1.5554990053739586,1.6820568420371163,-0.12655783666315767,-0.10232016428105388,-0.024237672382103795,16.88765833465483,1.6736212432384492,2.012350897232869,1.3348915892440296,0.40478651351124034,0.13831533704485213,246754004.95,1.0990768277700451,0.37917745472917813,0.04311838728942998
2025-02-01,1.3386850357055664,1.4572679996490479,1.3295120000839233,1.4257320165634155,162456288,-0.06103578760353967,-0.06297791296400607,1.4055706024169923,1.5119875907897948,1.6514530956745148,1.52214301004036,1.6566218934199644,-0.13447888337960445,-0.108751908100764,-0.02572697527884045,18.009060329640846,1.6514530956745148,2.01725482997473,1.2856513613742995,0.44300590220615177,0.1320387635912214,248607118.25,0.6534659552130503,0.07180120647840874,0.044542404752613084
2025-02-02,1.113590955734253,1.3669949769973755,1.0677820444107056,1.3386850357055664,351128555,-0.16814566082952853,-0.18409792660042884,1.3535717964172362,1.4510042905807494,1.6207901418209076,1.4592888478394204,1.616397379517319,-0.15710853167789862,-0.11842323281619094,-0.038685298861707684,15.920057179708607,1.6207901418209076,2.0561746580343936,1.1854056256074217,0.5372497092366874,0.13791669266564505,252246993.4,1.3920029343747176,0.15309802753695512,0.05639739209721424
2025-02-03,1.1873470544815063,1.2096869945526123,0.8395910263061523,1.1137750148773193,903588682,0.06623266682210249,0.06413156348725955,1.3039658069610596,1.3979751944541932,1.5907951474189759,1.4174516488612796,1.5846158739591107,-0.16716422509783113,-0.12817143127251898,-0.03899279382531215,22.353150683604383,1.5907951474189759,2.059293198919163,1.1222970959187888,0.5890111649640285,0.14874462570462907,289831463.85,3.117634883380519,0.9396374146594239,0.058401847922743604
2025-02-04,1.1150389909744263,1.1914730072021484,1.0462950468063354,1.1873470544815063,408983433,-0.06089884438939863,-0.06283207862115882,1.2360732078552246,1.3462448954582213,1.5515688478946685,1.3709266245709946,1.5498324011454303,-0.17890577657443574,-0.13831830033290235,-0.04058747624153339,17.234379589545355,1.5515688478946685,2.0420703257026025,1.0610673700867348,0.6322651791746112,0.14774812119347708,300310509.3,1.361868533849541,0.473514982890775,0.055822654454387576
2025-02-05,1.0886050462722778,1.1414430141448975,1.0764139890670776,1.1150389909744263,195730448,-0.023706744711274985,-0.023992271215709262,1.168653416633606,1.2986575007438659,1.5141092002391816,1.3274925356019611,1.515667411895567,-0.18817487629360596,-0.14828961552504308,-0.039885260768562886,17.39564381114576,1.5141092002391816,2.026514143747919,1.0017042567304442,0.6768401426103131,0.14815355198723928,299098457.3,0.6544013960047931,0.1874709841628626,0.05579280030399865
2025-02-06,1.0380380153656006,1.1302130222320557,1.029242992401123,1.0886050462722778,175348987,-0.04645121853865597,-0.04756469482939634,1.1085240125656128,1.2570473074913024,1.4677680492401124,1.2829610709502133,1.480287456597051,-0.1973263856468377,-0.158096969549402,-0.03922941609743569,15.549221048130619,1.4677680492401124,1.9761547513775646,0.9593813471026602,0.6927343900157145,0.1500990561076573,297052206.6,0.590296867365536,0.08710527379412943,0.05141993296232806
2025-02-07,1.0182230472564697,1.1122599840164185,0.9865599870681763,1.0379929542541504,185060322,-0.019088865548100298,-0.019273410215307662,1.089450430870056,1.2215111136436463,1.4273218512535095,1.242232144228099,1.4460604633125635,-0.20382831908446453,-0.16724323945641453,-0.036585079628049993,15.332975187488884,1.4273218512535095,1.9439690401914742,0.9106746623155448,0.7239392972008833,0.15025355986186437,293985727.15,0.629487437346157,0.251893861878074,0.05058916538466728
2025-02-08,1.0642969608306885,1.0701309442520142,1.0012799501419067,1.0182230472564697,127941595,0.0452493328434882,0.044255452979746895,1.0648404121398927,1.1844031095504761,1.3954252004623413,1.2148575006284974,1.4177816853509433,-0.2029241847224459,-0.17437942850962082,-0.028544756212825068,20.705407777100035,1.3954252004623413,1.9193286019139155,0.8715217990107671,0.7508871149496098,0.14902477605002268,272718093.9,0.4691349707325012,0.9152664002983039,0.05211786342748465
2025-02-09,1.0815860033035278,1.0879570245742798,1.0203039646148682,1.0642950534820557,125752183,0.016244566233981628,0.016114034986357814,1.058149814605713,1.1471115112304688,1.364282751083374,1.1943541933477329,1.3928783014955792,-0.19852410814784638,-0.17920836443726595,-0.019315743710580424,23.72626068935422,1.364282751083374,1.8848828349502877,0.8436826672164601,0.7631850266427637,0.14602071046829224,246924953.2,0.5092728838067063,0.9058279058943779,0.052572445009763165
2025-02-10,1.09626305103302,1.1129720211029053,1.0404030084609985,1.0815860033035278,171222627,0.013569931271913305,0.013478684304494159,1.0596814155578613,1.1141674160957336,1.3317351520061493,1.1792632483762386,1.3709068014613155,-0.19164355308507686,-0.18169540216682817,-0.009948150918248688,28.265787207659244,1.3317351520061493,1.8325506192449246,0.830919684767374,0.752124724626121,0.13421628304890224,242117473.45,0.7071882279300234,0.7697505152806585,0.05210029903358024
2025-02-11,1.0703129768371582,1.1402209997177124,1.0533790588378906,1.09626305103302,162003782,-0.0236713936234636,-0.02395606237414165,1.066136407852173,1.0873302102088929,1.299658900499344,1.1625016681394569,1.3486405922298965,-0.18613892409043964,-0.1825841065515505,-0.0035548175388891434,30.27366248634526,1.299658900499344,1.7797164152932412,0.8196013857054467,0.7387438574990001,0.13212006432669504,242043653.65,0.6693163797397503,0.19499697816210934,0.05210098462383229
2025-02-12,1.121593952178955,1.1505910158157349,1.0348880290985107,1.0703309774398804,198554893,0.04791213079872714,0.04679973772598751,1.08681058883667,1.0881305098533631,1.2695674002170563,1.1562081733763028,1.3318223225964934,-0.17561414922019059,-0.18119011508527855,0.005575965865087962,29.30701942647444,1.2695674002170563,1.7117349363146752,0.8273998641194373,0.6965640989553168,0.13161484684262956,241149541.75,0.8233683197534005,0.749383555659772,0.05406555464631875
2025-02-13,1.1235339641571045,1.1605119705200195,1.0899200439453125,1.121593952178955,175846220,0.0017296919035454383,0.0017281977092538962,1.098657989501953,1.0817492008209229,1.239862197637558,1.1511813719579647,1.3163935553046868,-0.16521218334672216,-0.1779945287375673,0.012782345390845135,27.66754124090228,1.239862197637558,1.632315513436838,0.8474088818382779,0.6330595715347452,0.13102234261376516,239264611.95,0.7349445392983867,0.47617223500050293,0.054158813386865824
2025-02-14,1.1565630435943604,1.1956249475479126,1.1131540536880493,1.1235339641571045,183733854,0.02939749085559229,0.028973670751122,1.1136533975601197,1.0859016060829163,1.216073250770569,1.152009321440487,1.304554258140959,-0.1525449367004721,-0.17290461033014828,0.020359673629676195,31.94250312326541,1.216073250770569,1.563446313703977,0.868700187837161,0.5713028597796947,0.1284730519567217,241102546.45,0.7620568787236051,0.5263552098334309,0.054726527034734074
2025-02-15,1.1285209655761719,1.1631309986114502,1.1164829730987549,1.1565630435943604,112600795,-0.024246043632035308,-0.024544818235331452,1.12010498046875,1.0898931980133058,1.1942753493785858,1.1483957282305923,1.291514754988012,-0.1431190267574196,-0.16694749361560257,0.02382846685818296,34.687642441828146,1.1942753493785858,1.5020514416337811,0.8864992571233905,0.5154189817538135,0.12267962523869105,239587474.6,0.4699778032553293,0.25806000928250966,0.05442974682201274
2025-02-16,1.116737961769104,1.148010015487671,1.1013619899749756,1.1285209655761719,102951020,-0.010441103148714603,-0.010495993880364792,1.1293899774551392,1.097763192653656,1.1774052500724792,1.1435253026211325,1.2785683258606855,-0.13504302323955297,-0.16056659954039265,0.02552357630083968,50.3327029382059,1.1774052500724792,1.4612656738850975,0.8935448262598609,0.48217964680409625,0.10463927473340716,225960378.5,0.455615363558085,0.3296167057226629,0.05282153603068626
2025-02-17,1.201807975769043,1.2032999992370605,1.1080820560455322,1.116698980331421,228273166,0.07617723845007784,0.07341516792392734,1.1454327821731567,1.1161216855049134,1.1688163995742797,1.152491867720811,1.2728823740020452,-0.12039050628123427,-0.152531380888561,0.03214087460732673,51.49309707081844,1.1688163995742797,1.437682695151838,0.8999501039967214,0.4600659191220931,0.08500513008662633,229982562.25,0.992567278869857,0.9843303345849455,0.05523284639154428
2025-02-18,1.0848900079727173,1.2105200290679932,1.0469080209732056,1.2018460035324097,221581329,-0.09728506562914874,-0.10234846270182901,1.1377039909362794,1.1181809902191162,1.151292049884796,1.1420915816057196,1.2589570135554284,-0.11686543194970889,-0.14539819110079058,0.028532759151081694,47.149674651683,1.151292049884796,1.3911254048325836,0.9114586949370086,0.41663339023627655,0.08632184777941022,230983421.15,0.9592953810139719,0.2321466811656042,0.05755121077196967
2025-02-19,1.1259069442749023,1.1483089923858643,1.0771909952163696,1.0848900079727173,157839848,0.03780746066491236,0.03711027684926229,1.1315727710723877,1.1226130843162536,1.1348622977733611,1.1396016374009785,1.249101452867982,-0.10949981546700349,-0.13821851597403317,0.028718700507029682,53.431939540322716,1.1348622977733611,1.3276422836447712,0.9420823119019509,0.3397416342928144,0.086756774357387,231089981.8,0.6830233261111451,0.6850016050425686,0.05837820347296072
2025-02-20,1.16360604763031,1.181198000907898,1.1252069473266602,1.1259069442749023,166022590,0.033483320754972734,0.032934961407592465,1.1385897874832154,1.1293473839759827,1.121757400035858,1.1432946235901065,1.2427684598874138,-0.09947383629730733,-0.130469580038688,0.03099574374138067,61.83299733107939,1.121757400035858,1.258895151103653,0.9846196489680633,0.24450518635029483,0.08354399033955165,225831030.85,0.7351628754255408,0.6858076601444871,0.05916705219248851
2025-02-21,1.088413953781128,1.2007709741592407,1.0757620334625244,1.1636090278625488,233217053,-0.0646198891818337,-0.06680229667226922,1.13292498588562,1.1311574816703795,1.1092438459396363,1.1348514436194943,1.2313347927684297,-0.09648334914893542,-0.12367233386073748,0.02718898471180206,55.989380314928596,1.1092438459396363,1.2013016409624424,1.0171860509168302,0.1659829718411902,0.08349462917872838,229369069.1,1.0167763853910152,0.10120811548365274,0.05934017337359116
2025-02-22,1.1440349817276,1.1529990434646606,1.0738149881362915,1.0883909463882446,152082082,0.05110282512755915,0.04983992262546343,1.1213703870773315,1.133401584625244,1.1107660472393035,1.136264295636126,1.2248681400987387,-0.08860384446261271,-0.11665863598111255,0.028054791518499836,56.69495286445546,1.1107660472393035,1.2041241157555003,1.0174079787231067,0.16809672702587333,0.08423270498003278,219416745.45,0.6931197602448077,0.8867944996270734,0.04734120142074563
2025-02-23,1.1799310445785522,1.1891789436340332,1.1402709484100342,1.1440349817276,161397068,0.031376717866393955,0.03089452904892779,1.1403785943984985,1.139041292667389,1.1103952467441558,1.142982257011884,1.2215394663565027,-0.07855720934461874,-0.10903835065381379,0.030481141309195048,58.00704794301703,1.1103952467441558,1.2025234284690245,1.018267065019287,0.16593763706212222,0.08289377178464617,182307164.75,0.885302934864495,0.8109121602256018,0.045473315305339684
2025-02-24,1.002032995223999,1.1963870525360107,0.9912959933280945,1.1799310445785522,246082599,-0.1507698692834163,-0.16342506848645816,1.1156038045883179,1.1235882878303527,1.1047449469566346,1.1212977551983632,1.205279727754095,-0.08398197255573181,-0.10402707503419738,0.020045102478465568,43.938914585407154,1.1047449469566346,1.2087676209150544,1.0007222729982148,0.18831980041181953,0.09235963225364685,174162123.05,1.412951304741229,0.052352361989100725,0.05526503976092204
2025-02-25,1.0781019926071167,1.0902349948883057,0.9435179829597473,1.0020689964294434,345054501,0.0759146632353287,0.07317114933360001,1.0985029935836792,1.1185463905334472,1.1042197942733765,1.1146522532612482,1.1958591547802448,-0.08120690151899668,-0.09946304033115726,0.01825613881216058,50.470660760482446,1.1042197942733765,1.208690630524697,0.999748958022056,0.1892210894843933,0.09663642304284233,181628325.7,1.8997835258908629,0.9173033086297447,0.05780843216424959
2025-02-26,1.1523820161819458,1.1742639541625977,1.0530539751052856,1.0780750513076782,266674556,0.0688988834861548,0.06662903775250309,1.1112966060638427,1.1221107959747314,1.1099369943141937,1.1204568321721247,1.1926386259951858,-0.07218179382306111,-0.09400679102953804,0.02182499720647693,51.81009482727323,1.1099369943141937,1.2116363277096458,1.0082376609187416,0.1832524439070345,0.09702977963856288,186194604.15,1.432235682754612,0.8194707536001397,0.05855663648140391
2025-02-27,1.1039179563522339,1.20346200466156,1.0751420259475708,1.1523669958114624,228557243,-0.04205555028555741,-0.04296548837680921,1.1032732009887696,1.1123217940330505,1.114221739768982,1.1179123897382954,1.1860667245401522,-0.06815433480185673,-0.08883629978400179,0.020681964982145057,48.90655083374743,1.114221739768982,1.2064293811043039,1.02201409843366,0.16551039715746316,0.1011532119342259,188369450.2,1.2133455969496694,0.22425134768988628,0.05931418103581478
2025-02-28,1.0800080299377441,1.111361026763916,1.0185439586639404,1.103937029838562,268461699,-0.02165915163976251,-0.02189715395904707,1.083288598060608,1.1118335962295531,1.1150072932243347,1.1120809497689799,1.1782105249399737,-0.06612957517099383,-0.0842949548614002,0.01816537969040638,45.688787073517595,1.1150072932243347,1.2056789807066322,1.0243356057420372,0.16263873435320164,0.1018922243799482,195395455.4,1.373940342933892,0.6622064875560857,0.05885650886268938
2025-03-01,1.0419319868087769,1.0975970029830933,1.0271960496902466,1.0800069570541382,153898810,-0.03525533336188447,-0.0358918068117544,1.0912683963775636,1.1034361004829407,1.1130245923995972,1.1012888016212563,1.1681158184117368,-0.06682701679048053,-0.08080136724721627,0.013974350456735743,45.1782145026437,1.1130245923995972,1.208386320972839,1.0176628638263554,0.17135601355878233,0.10358886207853045,196802786.75,0.7819950750773604,0.20931442453753424,0.05934545985321355
2025-03-02,1.1669549942016602,1.1741420030593872,1.0343329906463623,1.0419319868087769,217487288,0.11999152437560068,0.11332111775658422,1.1090389966964722,1.1037709951400756,1.1165591895580291,1.1113912927874723,1.1680298314332125,-0.0566385386457402,-0.07596880152692106,0.019330262881180865,52.48320531912222,1.1165591895580291,1.214510308399993,1.0186080707160652,0.17545172662227826,0.11024321828569685,199116019.8,1.0922641393618295,0.9485940268111231,0.06512795296880154
2025-03-03,0.9847300052642822,1.16736900806427,0.9646310210227966,1.1669540405273438,234720972,-0.1561542560277075,-0.16978556889559124,1.0755085945129395,1.0934026002883912,1.1122800409793854,1.0919049408608277,1.15445206653181,-0.06254712567098242,-0.07328446635573334,0.01073734068475092,40.20661082353913,1.1122800409793854,1.2250886841539717,0.999471397804799,0.20284216028052793,0.11792322141783577,202751879.3,1.1576759377539343,0.0991377271887224,0.07430825081588681
2025-03-04,0.9425389766693115,0.9858220219612122,0.8816149830818176,0.9848030209541321,297092776,-0.042845275729815335,-0.04379022424401588,1.043232798576355,1.0732529997825622,1.1033272922039032,1.0689255617544406,1.1387548006160695,-0.06982923886162884,-0.07259342085691244,0.002764181995283596,43.11356643450205,1.1033272922039032,1.2391055542725211,0.9675490301352854,0.2461250855082175,0.11368000933102199,207678773.45,1.4305399202077194,0.5846436900636648,0.07390622953643512
2025-03-05,0.9867299795150757,1.0032860040664673,0.9249510169029236,0.9425380229949951,178418541,0.046885066760765426,0.045819151995344067,1.0245771884918213,1.0539328932762146,1.0964870929718018,1.056280087563769,1.1274937027567367,-0.07121361519296765,-0.07231745972412348,0.0011038445311558343,43.287729796601425,1.0964870929718018,1.2414521380241668,0.9515220479194367,0.2644172393483761,0.11419550861631121,207807389.5,0.8585764992731406,0.7886508565663598,0.07483776857608966
2025-03-06,0.9556400179862976,1.0421090126037598,0.9556350111961365,0.9867299795150757,167976132,-0.031508074320450996,-0.032015133103706746,1.0073187947273254,1.0492935955524445,1.0864409416913987,1.0407969999364657,1.1147638001811486,-0.07396680024468294,-0.07264732782823538,-0.001319472416447559,39.90579917398089,1.0864409416913987,1.2413812568155782,0.9315006265672191,0.28522547186589736,0.11637286203248161,207019503.4,0.8114024487607769,5.789936282164226e-05,0.07465841733218126
2025-03-07,0.9564250111579895,0.9990720152854919,0.9150699973106384,0.9556400179862976,208283059,0.0008214318748873684,0.0008210946843648888,0.9652127981185913,1.0371258974075317,1.0778361439704895,1.0278166939705462,1.103035000994248,-0.0752183070237018,-0.07316152366732867,-0.002056783356373132,43.094784202398024,1.0778361439704895,1.2417895672969266,0.9138827206440525,0.3042269907974546,0.11344379612377711,211803616.6,0.9833781988404442,0.49230970780527983,0.0745597635793026
2025-03-08,0.9348769783973694,0.9608719944953918,0.9208409786224365,0.9564250111579895,102588382,-0.02252976711109933,-0.022787439873866187,0.9552421927452087,1.0153753936290741,1.0687430948019028,1.0135182761900574,1.090578851172257,-0.07706057498219954,-0.07394133393030285,-0.00311924105189669,38.65302062899022,1.0687430948019028,1.2434330424395774,0.8940531471642282,0.32690727731916586,0.11064715044839042,211785484.7,0.4843976070660333,0.3506280308548246,0.07465081439875994
2025-03-09,0.8473079800605774,0.9394000172615051,0.8436030149459839,0.9348769783973694,127848461,-0.09366900711033532,-0.09835070534218635,0.9361959934234619,0.9897143959999084,1.0510180950164796,0.9879474614009066,1.0725587866454658,-0.08461132524455917,-0.07607533219315411,-0.008535993051405052,32.91294910434037,1.0510180950164796,1.24019775327686,0.8618384367560992,0.35999315170194884,0.11399636524064201,206764249.45,0.6183296258423847,0.03867516350500233,0.07445759942517612
2025-03-10,0.805342972278595,0.9297440052032471,0.8037689924240112,0.8473079800605774,219323820,-0.049527454915486824,-0.050796002179385,0.8999185919761657,0.9622478902339935,1.0370407432317734,0.9598544630743971,1.05276502261829,-0.09291055954389293,-0.07944237766330188,-0.013468181880591054,38.25571444302078,1.0370407432317734,1.2548282359418068,0.81925325052174,0.42001723487031595,0.10834521906716484,206651374.0,1.061322824787993,0.012494380392707304,0.07240389160392509
2025-03-11,0.8512210249900818,0.8786749839782715,0.7486929893493652,0.8053209781646729,232978141,0.05696709885191131,0.055403579489656955,0.8790347933769226,0.9431767940521241,1.0233064472675324,0.9431416264460409,1.0378358376087933,-0.09469421116275234,-0.08249274436319198,-0.012201466799560357,35.946336887751855,1.0233064472675324,1.251875570842552,0.7947373236925128,0.44672663635678755,0.10714986068861825,210408288.65,1.107266935607957,0.7887863857264723,0.07322270678724548
2025-03-12,0.8786280155181885,0.8787580132484436,0.8120740056037903,0.8512210249900818,149087890,0.032197266894842036,0.03168979888442114,0.8634753942489624,0.9143440961837769,1.0090575456619262,0.9332164555340636,1.0260426656020818,-0.09282621006801817,-0.08455943750415723,-0.008266772563860936,31.997497979004223,1.0090575456619262,1.2363276177919658,0.7817874735318866,0.45046008150299083,0.10325514844485692,209561553.65,0.7114276803320503,0.998050391460396,0.07318190161417144
2025-03-13,0.8363760113716125,0.8824849724769592,0.8212350010871887,0.8786280155181885,143471926,-0.04808861474973225,-0.04928333124354399,0.8437752008438111,0.8995086967945098,0.9964556485414505,0.9183179256629173,1.011993283807232,-0.09367535814431482,-0.08638262163218875,-0.007292736512126072,32.26108051878825,0.9964556485414505,1.2329612726263726,0.7599500244565285,0.47469372958265466,0.09846443363598414,205074297.3,0.6996094970893263,0.24720024301840132,0.07263958450828464
2025-03-14,0.8669649958610535,0.8898599743843079,0.834945023059845,0.8363760113716125,96804007,0.036573244657360116,0.03592031576832489,0.8477066040039063,0.8919512987136841,0.9826021492481232,0.910417474924169,1.0012504476630706,-0.09083297273890156,-0.08727269185353133,-0.0035602808853702345,35.99854840866715,0.9826021492481232,1.215135385925135,0.7500689125711112,0.4733008916272856,0.09575713958059039,202310393.55,0.4784925050134677,0.5830828617363444,0.07206146414576896
2025-03-15,0.8874030113220215,0.8928959965705872,0.8610849976539612,0.8668850064277649,81603549,0.023574210675794793,0.023300630257494175,0.8641186118125915,0.8820186018943786,0.9679757475852966,0.9068767882161464,0.9928173042304003,-0.0859405160142539,-0.08700625668567585,0.0010657406714219553,39.60312499047562,0.9679757475852966,1.1844966373882573,0.7514548577823359,0.44736841877101097,0.09300071426800319,198320717.6,0.4114726388021097,0.8273240794417316,0.07183948555239082
2025-03-16,0.8309490084648132,0.889989972114563,0.8225489854812622,0.8873990178108215,122797773,-0.06361709633270807,-0.06573080104241916,0.8600642085075378,0.8695495009422303,0.9594215482473374,0.8951955913313259,0.9808270600996161,-0.0856314687682902,-0.08673129910219873,0.0010998303339085358,25.095247591607034,0.9594215482473374,1.1836578424437947,0.7351852540508801,0.46744060440604057,0.08783156956945147,192156476.3,0.6390509201900888,0.1245536602791438,0.06529977437786004
2025-03-17,0.8872770071029663,0.9124220013618469,0.8306739926338196,0.8309460282325745,131600541,0.06778755141933401,0.06558879885841001,0.8617940068244934,0.8626347005367279,0.9498802989721298,0.893977347603886,0.9738974265443087,-0.07992007894042263,-0.08536905506984352,0.005448976129420885,41.11940502800093,0.9498802989721298,1.169035700435362,0.7307248975088976,0.46143793423314783,0.07918942826134819,181483778.3,0.7251366608780813,0.6924083953332604,0.0647781844810773
2025-03-18,0.8726230263710022,0.8872770071029663,0.8396739959716797,0.8872770071029663,103023013,-0.016515677307823662,-0.016653581603227323,0.8690434098243713,0.8564093053340912,0.9358923494815826,0.8906920674142116,0.9663956191240638,-0.07570355170985221,-0.08343595439784526,0.007732402687993051,43.292121737815656,0.9358923494815826,1.1354638185598438,0.7363208804033214,0.4264838134189461,0.07514628342219762,173301201.15,0.5944737388797954,0.692162590026604,0.062230604632374995
2025-03-19,0.922789990901947,0.934689998626709,0.8698999881744385,0.8726400136947632,203180641,0.0574898472935963,0.05589803122421523,0.88020840883255,0.8639575064182281,0.9268359512090683,0.8956302094892479,0.9631655725890922,-0.06753536309984431,-0.08025583613824508,0.012720473038400765,43.93501433171489,0.9268359512090683,1.110073136458106,0.7435987659600305,0.3954037065782844,0.0741787850856781,172032371.05,1.1810605164591201,0.8163294649130655,0.06365891610009868
2025-03-20,0.8782659769058228,0.923114001750946,0.8700720071792603,0.9227190017700195,122381186,-0.0482493464765541,-0.04945219706523925,0.8783810019493103,0.8712498068809509,0.9167488485574722,0.8929587890917978,0.9568767136495908,-0.063917924557793,-0.07698825382215467,0.013070329264361677,42.843132898352515,0.9167488485574722,1.086173713245492,0.7473239838694524,0.369621112597227,0.07179078459739685,164728345.4,0.742927306790031,0.15448077033907012,0.06425704960626126
2025-03-21,0.8461250066757202,0.8866249918937683,0.8390960097312927,0.8782640099525452,121051350,-0.036595941406425525,-0.03728237201351766,0.8814162015914917,0.8707402050495148,0.9069584995508194,0.8857535917970167,0.9486728835033782,-0.06291929170636146,-0.07417446139899603,0.01125516969263457,40.35694167611157,0.9069584995508194,1.0683652221300375,0.7455517769716012,0.3559296762953464,0.06918556775365557,163085972.4,0.7422548255903829,0.14788861754945698,0.0642873583313465
2025-03-22,0.8593609929084778,0.8736039996147156,0.8461189866065979,0.8461250066757202,72292051,0.015643062346968772,0.015521970842531251,0.875832998752594,0.8688135027885437,0.8915787994861603,0.8816931919680107,0.942057187903756,-0.060363995935745374,-0.0714123683063459,0.011048372370600523,43.30059249094089,0.8915787994861603,0.997889426643856,0.7852681723284645,0.23847724333276057,0.06828942469188146,155826210.55,0.4639274146810085,0.48178989328001903,0.05716272985816145
2025-03-23,0.8565760254859924,0.8714290261268616,0.8416510224342346,0.8593609929084778,106158990,-0.0032407421857253427,-0.0032460047635303048,0.872623598575592,0.8708335041999817,0.8851711004972458,0.8778290125092386,0.9357252499468847,-0.05789623743764605,-0.06870914213260593,0.01081290469495988,50.967804739113724,0.8851711004972458,0.9829475746828357,0.7873946263116559,0.22092107193889146,0.06357378193310328,149398111.45,0.7105778578434635,0.5012088182178936,0.046277587611139814
2025-03-24,0.9031429886817932,0.9149870276451111,0.8473430275917053,0.8565760254859924,111379630,0.05436407488684991,0.05293781256847926,0.8686941981315612,0.8744513034820557,0.8832013010978699,0.8817234703819392,0.9333117491124335,-0.05158827873049432,-0.06528496945218361,0.01369669072168929,60.115431468576304,0.8832013010978699,0.977641979387119,0.7887606228086207,0.21385991658267262,0.059407281024115424,140112454.15,0.7949302628070483,0.8249061675384584,0.04728934825260668
2025-03-25,0.9037669897079468,0.9143750071525574,0.8863909840583801,0.9031069874763489,98691574,0.0006909216303216947,0.0006906830538575063,0.8737944006919861,0.8760877013206482,0.8790531516075134,0.8851147810474789,0.9311232484158048,-0.04600846736832598,-0.06142966903541208,0.015421201667086104,55.99612743655698,0.8790531516075134,0.9607793511804782,0.7973269520345486,0.18594142896481997,0.05212171162877764,136126105.8,0.725001082048143,0.6209257111399767,0.04593291934600038
2025-03-26,0.8857309818267822,0.9288840293884277,0.8762419819831848,0.9037669897079468,99297813,-0.01995648002920858,-0.02015830017007078,0.8817155957221985,0.8815658986568451,0.8755576997995377,0.8852095811673717,0.9277608582980994,-0.042551277130727705,-0.057653990654475205,0.0151027135237475,50.82824760244115,0.8755576997995377,0.9490577853088589,0.8020576142902165,0.16789318516906268,0.051118714468819756,132692189.85,0.7483320089317224,0.1802551099124091,0.04563214170403868
2025-03-27,0.9053570032119751,0.9241920113563538,0.8847249746322632,0.8857309818267822,106788469,0.022157993553206135,0.021916072351135015,0.890914797782898,0.8833738982677459,0.8730042994022369,0.8883091845588491,0.9261013134769049,-0.037792128918055834,-0.053681618307191335,0.0158894893891355,58.49166388211523,0.8730042994022369,0.9376959999561738,0.8083125988483,0.14820476966317941,0.04956279056412833,127617460.35,0.8367857243603266,0.5227659602692841,0.045969283788465994
2025-03-28,0.8325440287590027,0.9109609723091125,0.8213639855384827,0.9053549766540527,118473653,-0.08042459957193748,-0.08384323674661891,0.8861083984375,0.8793659985065461,0.8678876519203186,0.8797299298204112,0.9191711442385417,-0.03944121441813053,-0.05083353752937918,0.011392323111248645,46.16174012174216,0.8678876519203186,0.9279998803602443,0.8077754234803929,0.138525368593318,0.052040078810283115,128411723.9,0.922607760427395,0.1247814505338963,0.049066691647693256
2025-03-29,0.765496015548706,0.8376579880714417,0.7548969984054565,0.8325440287590027,98591366,-0.0805338947782005,-0.08396209780120187,0.8585790038108826,0.863636600971222,0.863797053694725,0.8621554814709181,0.907787801372628,-0.045632319901709906,-0.04979329400384533,0.004160974102135423,37.68623333337347,0.863797053694725,0.9390368730322103,0.7885572343572398,0.1742071682593995,0.05567936386380877,126948869.15,0.7766226407539448,0.1280677757159297,0.04788576520740579
2025-03-30,0.7430019974708557,0.7787089943885803,0.7359809875488281,0.765496015548706,102803446,-0.029384892436999377,-0.02982527695288619,0.8264260053634643,0.8501102030277252,0.860680004954338,0.8438241762401393,0.8955814455280523,-0.05175726928791302,-0.05018608906065888,-0.0015711802272541445,40.462165818402966,0.860680004954338,0.949969764587766,0.77139024532091,0.20748654347596962,0.05391415102141244,121122850.45,0.8487535227090587,0.164318647138698,0.04708214567686711
2025-03-31,0.733040988445282,0.75730299949646,0.7204599976539612,0.7430030107498169,125137890,-0.01340643640189465,-0.013497114024876746,0.7958880066871643,0.8388018012046814,0.8547710031270981,0.8267806088870844,0.8835414116700694,-0.05676080278298501,-0.0515010318051241,-0.005259770977860907,31.40282304124402,0.8547710031270981,0.9607740425717798,0.7487679636824164,0.24802675583724695,0.05070665052958897,115730837.9,1.0812838848374051,0.3414756330210904,0.04494930293364677
2025-04-01,0.7568780183792114,0.7716240286827087,0.73225998878479,0.733040988445282,108973542,0.032518004190305705,0.03200048317347086,0.7661922097206115,0.8285535037517547,0.8486835032701492,0.8160263641935654,0.8741589380929687,-0.058132573899403295,-0.052827340223979946,-0.005305233675423349,36.346282111263505,0.8486835032701492,0.9626057178194497,0.7347612887208487,0.26846807817127394,0.05011815258434841,113725120.5,0.9582187428853944,0.6253937198601869,0.04496388199417745
2025-04-02,0.7025250196456909,0.7569559812545776,0.6986550092697144,0.7568780183792114,192256656,-0.07181209840115677,-0.07452108652111236,0.7401884078979493,0.8131484031677246,0.8419909536838531,0.7985646188785078,0.8614453145042815,-0.0628806956257737,-0.05483801130433869,-0.008042684321435005,24.270814491263053,0.8419909536838531,0.973349691638876,0.7106322157288303,0.31201935693086985,0.04965464983667646,116164357.0,1.6550399878682236,0.06637984891886273,0.046409528782498675
2025-04-03,0.699770987033844,0.7266839742660522,0.6604530215263367,0.7025259733200073,136296919,-0.003920191501842751,-0.003927895593482689,0.7270434021949768,0.7928112030029297,0.8336312532424927,0.7833655985947134,0.8494694383953602,-0.06610383980064671,-0.0570911770036003,-0.009012662797046413,26.89534749689807,0.8336312532424927,0.97884756012605,0.6884149463589353,0.34839458410112123,0.05059671827725002,118139002.6,1.1536995911627919,0.5936493126640028,0.04524757796677715
2025-04-04,0.709434986114502,0.7191669940948486,0.6795480251312256,0.699770987033844,111995065,0.013810231146651697,0.013715738883914556,0.720329999923706,0.7733780026435852,0.8247328519821167,0.7719916582131424,0.8390965160041856,-0.06710485779104314,-0.05909391316108887,-0.008010944629954268,31.213473934213027,0.8247328519821167,0.9776804624691362,0.6717852414950971,0.37090219001082314,0.05003171733447483,119658578.4,0.9359551692618137,0.7543596974247537,0.04492149227136625
2025-04-05,0.6966170072555542,0.7140499949455261,0.6874420046806335,0.709434986114502,67702892,-0.01806786965659868,-0.018233086719390515,0.7130452036857605,0.7544666051864624,0.8180162519216537,0.7603955580658212,0.8285424783191018,-0.06814692025328062,-0.060904514579527225,-0.007242405673753394,27.606915765672298,0.8180162519216537,0.981265747525718,0.6547667563175894,0.39913509107078154,0.0499690728528159,116903834.35,0.5791332027425498,0.34482119977375514,0.04318990257390173
2025-04-06,0.598950982093811,0.6966500282287598,0.584276020526886,0.6966149806976318,137607415,-0.1402004604316448,-0.15105601043027,0.6814597964286804,0.723826003074646,0.8035999506711959,0.7355579309932042,0.8115357008209321,-0.07597776982772786,-0.06391916562916736,-0.012058604198560502,21.8910181580041,0.8035999506711959,0.9903310182088051,0.6168688831335868,0.4647363837731562,0.05586878742490496,117204178.05,1.1740828466140163,0.1305903434533902,0.048699505268703994
2025-04-07,0.6147410273551941,0.6297770142555237,0.5540680289268494,0.5989689826965332,240721749,0.026362833910354766,0.026021323521787508,0.663902997970581,0.7020457029342652,0.7907058507204056,0.716970715048895,0.7969583176012478,-0.07998760255235282,-0.06713285301380445,-0.012854749538548371,16.267526157997338,0.7907058507204056,0.9923849531469247,0.5890267482938865,0.5101242193737935,0.05644485780170986,124089114.85,1.9399102756997384,0.8013974847367339,0.04971459799136426
2025-04-08,0.5898709893226624,0.6330429911613464,0.5815520286560059,0.6147410273551941,142521130,-0.04045612205115112,-0.041297234565534253,0.6419229984283448,0.6844832003116608,0.7740599006414414,0.697416911091013,0.7816185155065378,-0.08420160441552482,-0.07054660329414852,-0.013655001121376298,15.256251834894158,0.7740599006414414,0.9845982357298102,0.5635215655530725,0.5439846061368163,0.058123924902507236,121056139.3,1.1773143503842105,0.16156153713728483,0.0468199033615129
2025-04-09,0.6625139713287354,0.6754350066184998,0.5699849724769592,0.5898709893226624,202356986,0.12315062669803023,0.11613779561137341,0.6325387954711914,0.6764343976974487,0.763272300362587,0.6920472280506627,0.7727959566785525,-0.08074872862788984,-0.0725870283608968,-0.008161700266993047,27.95767074188268,0.763272300362587,0.9734383984317875,0.5531062022933865,0.5506975635546125,0.06189592395509992,125054929.3,1.618144819502129,0.8774676161119374,0.05630274084316391
2025-04-10,0.6389390230178833,0.6631209850311279,0.6301360130310059,0.6625009775161743,107664400,-0.03558407721360235,-0.036232622248999105,0.6210031986236573,0.6670242011547088,0.7529130011796952,0.6838767349686966,0.7628806282592437,-0.07900389329054713,-0.07387040134682686,-0.0051334919437202725,23.895234068200878,0.7529130011796952,0.9662841322681823,0.539541870091208,0.5667882763457889,0.06143291933195932,124385581.8,0.8655697745829896,0.26687933274739584,0.05628036598260659
2025-04-11,0.6634399890899658,0.6709960103034973,0.6387689709663391,0.6388639807701111,88592373,0.03834632913225078,0.03762937951120112,0.6339010000228882,0.6576803982257843,0.7431169509887695,0.6807326202181228,0.7555146549874454,-0.07478203476932266,-0.07405272803132602,-0.000729306737996635,31.697670346922365,0.7431169509887695,0.953884660977933,0.532349240999606,0.5672531348093249,0.057335065943854194,125200597.9,0.7076034338970197,0.7655376036918374,0.05709907162339696
2025-04-12,0.6886420249938965,0.6944260001182556,0.6561220288276672,0.663407027721405,74195218,0.03798691112741048,0.03728317496035045,0.6486811995506286,0.6562920987606049,0.7347202509641647,0.6819494517220879,0.7505611268397752,-0.06861167511768729,-0.07296451744859828,0.004352842330910989,40.85350524502808,0.7347202509641647,0.9397588073009402,0.5296816946273892,0.5581404788222614,0.05415956463132586,123602409.3,0.6002732343179333,0.8489978083353882,0.05813927665274875
2025-04-13,0.6726130247116089,0.7091590166091919,0.6630240082740784,0.6886420249938965,96638764,-0.023276244696843307,-0.023551414818586868,0.665229606628418,0.6535763025283814,0.7231937527656556,0.6805130783358604,0.7447871933487998,-0.06427411501293945,-0.07122643696146651,0.00695232194852706,41.491992567846495,0.7231937527656556,0.913776090979357,0.5326114145519542,0.5270574793680717,0.05440292188099453,122865366.0,0.7865419454331826,0.20784681102494074,0.0562311458839024
2025-04-14,0.6592109799385071,0.699895977973938,0.6489830017089844,0.6726120114326477,108395333,-0.01992534233015797,-0.02012652892340982,0.6645690083503724,0.6485539019107819,0.7109659522771835,0.6772358324285752,0.7384482145776671,-0.06121238214909186,-0.06922362599899158,0.008011243849899721,41.149690919177125,0.7109659522771835,0.8832719533385593,0.5386599512158077,0.4847095715610277,0.05540792005402701,123350553.95,0.8787583803145134,0.20089134383702847,0.05615394200003336
2025-04-15,0.6362879872322083,0.6657500267028809,0.6354060173034668,0.6592109799385071,74875400,-0.03477337818074133,-0.03539236395056372,0.6640388011932373,0.6425209999084472,0.6984938025474549,0.6709361639368263,0.7308807903298553,-0.059944626393029,-0.06736782607779906,0.007423199684770065,35.51262575884233,0.6984938025474549,0.8526962279775876,0.5442913771173221,0.44152839973023644,0.05476363216127668,122129433.3,0.6130823502314573,0.02906569222528528,0.056332303357504096
2025-04-16,0.6333990097045898,0.6478760242462158,0.6190099716186523,0.6363310217857361,82962316,-0.004540361574615237,-0.004550700322534642,0.6580306053161621,0.6459658026695252,0.6848959028720856,0.6651612171318669,0.7236599176909467,-0.0584987005590798,-0.06559400097405521,0.007095300414975414,40.523571486469876,0.6848959028720856,0.8068917904602391,0.5629000152839321,0.35624651009465313,0.05266113792146955,120938125.65,0.6859897617406144,0.49847595328771194,0.05572164910478021
2025-04-17,0.6457210183143616,0.6536840200424194,0.6302469968795776,0.6333990097045898,62479731,0.019453785719555583,0.01926697966608486,0.6494464039802551,0.6490638017654419,0.6755547523498535,0.6621704173137891,0.7178866658852737,-0.055716248571484606,-0.06361845049354109,0.007902201922056484,42.77974499061407,0.6755547523498535,0.7767931832008983,0.5743163214988087,0.2997193950568668,0.04960442866597857,118138429.55,0.5288688129509675,0.6602380654270351,0.05411588870211557
2025-04-18,0.6626319885253906,0.6668040156364441,0.6398820281028748,0.6457210183143616,53773314,0.02618928257155817,0.025852215670331188,0.6474501967430115,0.6563399016857148,0.6704115509986878,0.6622414282694202,0.7137937268215786,-0.05155229855215837,-0.061205220105264545,0.009652921553106174,43.8665836821744,0.6704115509986878,0.762443937783133,0.5783791642142425,0.27455489586164783,0.04869750142097473,115897526.95,0.4639729200019828,0.8450324086891655,0.05214657115646689
2025-04-19,0.7028250098228455,0.7115849852561951,0.6625409722328186,0.6626319885253906,64490293,0.06065662689617457,0.05888817567425326,0.6561730027198791,0.6603710055351257,0.6684027016162872,0.6684850562007164,0.7129812292661168,-0.044496173065400435,-0.05786341069729173,0.013367237631891293,50.759080314141606,0.6684027016162872,0.7553786340513325,0.5814267691812419,0.26025009242100866,0.050300074475152154,113981869.3,0.5657943091831711,0.8213852597456324,0.0538685860584529
2025-04-20,0.7154269814491272,0.7226759791374207,0.6973599791526794,0.7028589844703674,66086974,0.017930454167329968,0.017771599652565064,0.6720008015632629,0.6680198013782501,0.6675220012664795,0.6757068908543181,0.713162396094488,-0.03745550524016983,-0.053781829605867346,0.016326324365697517,67.9829055267161,0.6675220012664795,0.7520647628122493,0.5829792397207098,0.2533032960273012,0.044081645352499824,111029323.5,0.5952209012603774,0.7136591551092502,0.05395586599021123
2025-04-21,0.700622022151947,0.7343980073928833,0.6974989771842957,0.7153970003128052,103146869,-0.020693878873833005,-0.020910997763162187,0.6854454040527344,0.6717380046844482,0.6647092014551162,0.6795399879770304,0.7122334795061516,-0.032693491529121155,-0.04956416199051811,0.016870670461396953,63.29975144033165,0.6647092014551162,0.7399679127875937,0.5894504901226388,0.22644100959555974,0.041309505701065063,110737989.85,0.9314497142283101,0.08463756645151246,0.05358868485911192
2025-04-22,0.7421770095825195,0.7422670125961304,0.6781479716300964,0.7006189823150635,151465843,0.05931156332045795,0.05761922856229939,0.7047366023063659,0.6770915031433106,0.6666918009519577,0.6891764528394133,0.7144515187710677,-0.025275065931654406,-0.04470634277874537,0.019431276847090964,72.42750452671574,0.6666918009519577,0.747991779490977,0.5853918224129384,0.24389074058787716,0.0422115113054003,108698449.2,1.393449898455405,0.9985961580489,0.05267161128824423
2025-04-23,0.77190101146698,0.7757890224456787,0.7400649785995483,0.7421770095825195,151070317,0.04004974756787516,0.0392685462091424,0.7265904068946838,0.6870203018188477,0.6702983021736145,0.7019033080128851,0.7187070367485427,-0.016803728735657608,-0.03912581997012782,0.02232209123447021,68.438117505788,0.6702983021736145,0.7633298410574867,0.5772667632897424,0.2775824989626066,0.03723108342715672,109437119.1,1.3804303169014982,0.8911651797568914,0.05323439692350956
2025-04-24,0.7918260097503662,0.7957379817962646,0.7426639795303345,0.7719020247459412,129919227,0.025812893087831634,0.025485364706514073,0.744390606880188,0.7002818048000335,0.6744178533554077,0.7157375698186516,0.7241232569709001,-0.008385687152248522,-0.03297779340655196,0.024592106254303435,76.09144902244724,0.6744178533554077,0.7810490514847941,0.5677866552260213,0.3162170087842956,0.03866601416042873,110333327.2,1.1775157180250428,0.9262919481893088,0.053391103543115506
2025-04-25,0.8077030181884766,0.8199880123138428,0.7768149971961975,0.7918260097503662,143707644,0.020051132752150647,0.019852756188873076,0.7628458142280579,0.7174233078956604,0.6799721539020538,0.7298861003370861,0.7303143503944242,-0.0004282500573380421,-0.026467884736709173,0.02603963467937113,75.36635733737575,0.6799721539020538,0.8019416380997194,0.5580026697043882,0.35874846785338993,0.03944786957332066,114133564.8,1.259118159078126,0.715447224467363,0.05313315459859736
2025-04-26,0.8437250256538391,0.8461909890174866,0.8076549768447876,0.8076980113983154,96006622,0.04459808451149905,0.043632203313133125,0.7914664149284363,0.7384559094905854,0.6922108560800553,0.7473997811550481,0.7387151411543809,0.008684640000667265,-0.019437379789233884,0.02812201978990115,76.26931912789279,0.6922108560800553,0.8282592164555613,0.5561624957045492,0.3930835790294853,0.03946444392204285,112053525.15,0.8567925183208749,0.9360086167535348,0.04040263139224623
2025-04-27,0.7747210264205933,0.8523190021514893,0.774541974067688,0.8437150120735168,110690296,-0.0817849383805721,-0.0853236438824388,0.797975218296051,0.7513559103012085,0.7002098560333252,0.7516030496574396,0.7413822437666928,0.010220805890746809,-0.013505742653237745,0.023726548543984552,64.66420272779536,0.7002098560333252,0.8358915008812398,0.5645282111854106,0.3875456584303122,0.041724588189806254,105551952.5,1.0486807053616558,0.0023021235742141863,0.0460688379239605
2025-04-28,0.7832109928131104,0.803072988986969,0.7575259804725647,0.7747319936752319,162613946,0.010958740118030441,0.010899128244150198,0.8002372145652771,0.7634138107299805,0.7098768562078476,0.7564658101429274,0.744480669621983,0.011985140520944348,-0.008407566018401326,0.020392706539345676,68.06306624668346,0.7098768562078476,0.8398895453928314,0.5798641670228637,0.36629645845762565,0.041341304779052734,106556593.3,1.5260805639889015,0.5639230223691314,0.044353484001148365
2025-04-29,0.7575470209121704,0.7964950203895569,0.7515419721603394,0.7832109928131104,117591010,-0.03276763494950574,-0.03331651761683477,0.793381416797638,0.7688860118389129,0.7146285086870193,0.7566321502612725,0.7454485474953303,0.011183602765942213,-0.004489332261532616,0.01567293502747483,67.52385036149597,0.7146285086870193,0.8442987865958166,0.5849582307782221,0.3629026167652878,0.04238480755261013,102318294.5,1.1492667130021406,0.13358487694454643,0.03756268521517772
2025-04-30,0.7295740246772766,0.7619919776916504,0.7241029739379883,0.7575460076332092,136839111,-0.03692575571244572,-0.03762477328401127,0.777755618095398,0.7703007161617279,0.719160258769989,0.7524693617098885,0.7442726569162151,0.008196704793673404,-0.0019521248504914116,0.010148829644164815,62.959256563642036,0.719160258769989,0.8439354626600284,0.5943850548799496,0.3470025001199255,0.04302930406161717,103777030.05,1.3185876579245968,0.14439675772134694,0.03764460034704015
2025-05-01,0.7301959991455078,0.7464659810066223,0.7255070209503174,0.7295839786529541,134286396,0.0008525172870652575,0.0008521541006033854,0.7550498127937317,0.773258113861084,0.7224980592727661,0.7490426905461376,0.7432299415257925,0.00581274902034512,-0.00039915007632410483,0.0062118990966692255,61.753307873797,0.7224980592727661,0.8445388337541266,0.6004572847914056,0.3378300409670339,0.04285229955400739,106061731.2,1.2661154450399918,0.22372178511605242,0.036945960614421805
2025-05-02,0.7123609781265259,0.7458999752998352,0.7010869979858398,0.7300829887390137,157354766,-0.024424977731804742,-0.02472821539924384,0.7425778031349182,0.7702765107154846,0.7236840069293976,0.7433993501738897,0.7409433516443653,0.0024559985295243836,0.000171879644845593,0.0022841188846787906,56.901227823880774,0.7236840069293976,0.8447969732839866,0.6025710405748086,0.33471229209133196,0.0441302273954664,110219708.6,1.427646361968335,0.25157841100151573,0.0366887351525557
2025-05-03,0.6792439818382263,0.7171170115470886,0.6639620065689087,0.7123609781265259,103055877,-0.046489065663584794,-0.04760438642858463,0.7217844009399415,0.7610108077526092,0.7240155547857284,0.7335292935068646,0.7363730279550217,-0.002843734448157109,-0.00043124317375494765,-0.0024124912744021617,46.661942820423086,0.7240155547857284,0.8445748981700949,0.603456211401362,0.33302970519755165,0.04442386967795236,110540564.25,0.9322901298651549,0.2874982779252505,0.03788919834556792
2025-05-04,0.6643880009651184,0.6861739754676819,0.6561239957809448,0.6792439818382263,94609353,-0.021871347071641956,-0.02211407063735125,0.703152596950531,0.7482670068740844,0.724274405837059,0.7228921715773652,0.7310408037335474,-0.008148632156182223,-0.0019747209702404033,-0.00617391118594182,42.82089306476532,0.724274405837059,0.8442688002177052,0.6042800114564129,0.33135064117574653,0.04476201108523777,109851265.25,0.8612495521529735,0.27500858636969866,0.037948693674187
2025-05-05,0.6423180103302002,0.6805130243301392,0.6398320198059082,0.6643880009651184,115507347,-0.03321852682898907,-0.033782793378405444,0.6857013940811157,0.7317285060882568,0.7245759069919586,0.7104961467701091,0.7244687449629291,-0.01397259819282004,-0.004374296414756332,-0.009598301778063707,41.96325298878594,0.7245759069919586,0.8436663481566786,0.6054854658272386,0.3287176402514352,0.045032152107783725,111882862.6,1.032395349169409,0.06110935416350676,0.037872895480686807
2025-05-06,0.6099749803543091,0.6423320174217224,0.5886499881744385,0.6423180103302002,155101798,-0.05035360904680897,-0.05166558372790055,0.661657190322876,0.7083535015583038,0.7234047055244446,0.695031351936909,0.7159877253622906,-0.02095637342538159,-0.007690711816881385,-0.013265661608500207,31.302146611918104,0.7234047055244446,0.8466586104435116,0.6001508006053775,0.3407605838828821,0.04428665127073016,115489836.7,1.3429908850152525,0.3972463132713341,0.03958252304183957
2025-05-07,0.5954909920692444,0.6207519769668579,0.5747630000114441,0.6099749803543091,176995580,-0.023745217019641607,-0.024031678500567366,0.6382831931114197,0.6904304981231689,0.7208932042121887,0.6797174504188067,0.7070620414146576,-0.027344590995850848,-0.011621487652675278,-0.01572310334317557,23.92559223276338,0.7208932042121887,0.8525712439223355,0.5892151645020419,0.36531913171257613,0.04501986077853611,121215629.15,1.4601712769314121,0.4507164308249716,0.03957864536034754
2025-05-08,0.6900529861450195,0.6955940127372742,0.5954880118370056,0.5954880118370056,257285366,0.15879668262854163,0.14738212414449872,0.6404449939727783,0.6811146974563599,0.7222642540931702,0.6813075328382241,0.7058021113946843,-0.0244945785564602,-0.014196105833432265,-0.010298472723027936,37.67639149319464,0.7222642540931702,0.8519439472773769,0.5925845609089635,0.35909209807710724,0.048379289252417426,131391231.75,1.958162371820523,0.944648312899263,0.05345317190153066
2025-05-09,0.7603679895401001,0.7668160200119019,0.6900389790534973,0.6900529861450195,343147708,0.10189797712186599,0.09703412670073047,0.6596409916877747,0.6813967943191528,0.7251414030790329,0.6934706800231282,0.7098440282943448,-0.016373348271216615,-0.014631554320989138,-0.0017417939502274767,44.93588020224085,0.7251414030790329,0.8555564160403955,0.5947263901176703,0.3596953984632669,0.05077957681247166,145324102.5,2.3612580576577105,0.9160160439700256,0.056489989741098985
2025-05-10,0.9127079844474792,0.9297299981117249,0.7530630230903625,0.7603679895401001,394785037,0.2003503527279209,0.18261347478835133,0.7137189865112304,0.6997101902961731,0.7350054532289505,0.7271994960884129,0.7248709880093918,0.0023285080790211854,-0.011239541840987074,0.01356804992000826,55.90936477527563,0.7350054532289505,0.8898766879462403,0.5801342185116607,0.42141519913063336,0.060646074158804755,161759005.65,2.4405753201413796,0.9036490962802851,0.07138343946998768
2025-05-11,0.8619779944419861,0.9487130045890808,0.8400200009346008,0.9127060174942017,447453035,-0.0555818409282387,-0.057186245798330246,0.7641195893287659,0.7128883898258209,0.7430732518434524,0.7479346496812704,0.7350270625599542,0.012907587121316233,-0.006410116048526412,0.019317703169842645,57.71638038244952,0.7430732518434524,0.9069520519099463,0.5791944517769585,0.4410838357051216,0.06285435812813896,178974313.95,2.5000963832441614,0.2020184441401788,0.07270333448461913
2025-05-12,0.8213250041007996,0.909080982208252,0.8129609823226929,0.8620039820671082,433068986,-0.04716244568111494,-0.04831084702542061,0.8092863917350769,0.7237847924232483,0.7470306515693664,0.7592254734381211,0.741419502674091,0.01780597076403012,-0.0015668986860151043,0.019372869450045224,53.189115830008376,0.7470306515693664,0.9145993670942945,0.5794619360444384,0.44862607758570194,0.06646671465465001,193054471.1,2.2432476364438885,0.08701644733562691,0.07301402555882057
2025-05-13,0.9031109809875488,0.9082559943199158,0.7723829746246338,0.8213250041007996,346760954,0.09957809208096613,0.09492655357552475,0.8518979907035827,0.7461714923381806,0.7535911500453949,0.7813617053688023,0.7533966492158286,0.027965056152973733,0.004339492281782665,0.023625563871191066,61.13409008637708,0.7535911500453949,0.9349650210426282,0.5722172790481616,0.48135881369176836,0.07296099833079747,202839002.95,1.7095378549335352,0.9621335938125063,0.0755810184543107
2025-05-14,0.8187569975852966,0.9168310165405273,0.8106989860534668,0.903095006942749,301034925,-0.09340378444962705,-0.09805811481636086,0.863575792312622,0.7616083920001984,0.7549376994371414,0.7871148272482631,0.7582381565024559,0.028876670745807242,0.009246927974587583,0.01962974277121966,56.27989919537955,0.7549376994371414,0.9378997055109488,0.571975693363334,0.4847075625186511,0.07783550024032593,211394787.85,1.4240413780381673,0.07592440034932009,0.07893073674759096
2025-05-15,0.7482470273971558,0.8421419858932495,0.7300130128860474,0.8187419772148132,319727045,-0.08611831153332561,-0.09005415959727285,0.8306836009025573,0.7722012937068939,0.7519648998975754,0.7811351657327081,0.7574980728650262,0.023637092867681897,0.012124960953206447,0.01151213191447545,51.157184089347325,0.7519648998975754,0.9332413911904935,0.5706884086046573,0.4821408321521647,0.08434764402253288,220195757.9,1.4520127365269282,0.16261642638761123,0.08136032657178988
2025-05-16,0.7095720171928406,0.7692919969558716,0.7040050029754639,0.7482929825782776,210989189,-0.05168748927590083,-0.053071178388064084,0.8002024054527282,0.7821609973907471,0.7452572494745254,0.7701254505727285,0.7539479946670865,0.016177455905642013,0.01293545994369356,0.0032419959619484524,49.82586296843591,0.7452572494745254,0.9221115899237653,0.5684029090252856,0.4746128684395579,0.08581007378441947,225944886.25,0.933808206513459,0.08526986808963298,0.08137881193358033
2025-05-17,0.6958820223808289,0.7123180031776428,0.686722993850708,0.7095909714698792,142903457,-0.01929331270160728,-0.01948185770388608,0.7751138091087342,0.7922001004219055,0.7413152992725373,0.7587033846970517,0.7496468115347712,0.009056573162280479,0.012159682587410946,-0.003103109425130467,51.06467392539791,0.7413152992725373,0.9189174233206889,0.5637131752243856,0.47915407714486685,0.08384150266647339,227555544.3,0.6279937385819169,0.35784417324047035,0.0794794541915537
2025-05-18,0.7310799956321716,0.750298023223877,0.6731770038604736,0.6958820223808289,214734746,0.050580374430308606,0.049342749018973044,0.7407076120376587,0.7963028013706207,0.7387087494134903,0.7544536325332241,0.7482714918382823,0.006182140694941718,0.0109641742089171,-0.004782033513975383,54.15935960554509,0.7387087494134903,0.9152489335824703,0.5621685652445103,0.4779696580259728,0.08720371978623527,230161584.3,0.9329738785604978,0.75080678058448,0.08032270331464136
2025-05-19,0.7134770154953003,0.7356989979743958,0.676522970199585,0.7307440042495728,206622426,-0.02407804924500756,-0.02437266425543189,0.7196516156196594,0.7916137039661407,0.7365052491426468,0.7481495376043127,0.7456941232202836,0.0024554143840290754,0.009262422243939496,-0.006807007859910421,54.46281848117112,0.7365052491426468,0.913155498672508,0.5598549996127856,0.4796985486131884,0.08852479287556239,234613155.1,0.8806941192702114,0.6244765057833156,0.08016259901167824
2025-05-20,0.7201709747314453,0.7384799718856812,0.6930549740791321,0.713467001914978,192982312,0.009382165214527616,0.009338426068236393,0.7140364050865173,0.7723600029945373,0.7360350966453553,0.7438451433161792,0.7438035196285179,4.162368766136293e-05,0.007418262532683869,-0.007376638845022506,57.140803430090976,0.7360350966453553,0.9128130253764151,0.5592571679142955,0.48035190043726117,0.0879350049155099,237420315.15,0.8128298198832544,0.5969399227798003,0.07971090398846982
2025-05-21,0.7435290217399597,0.7720630168914795,0.7097229957580566,0.7202349901199341,283631807,0.03243403001242129,0.031919150361337884,0.7208278059959412,0.7605151057243347,0.7367017477750778,0.7437965092275302,0.7437831864515876,1.3322775942570253e-05,0.005937274581335609,-0.005923951805393039,59.48392853624364,0.7367017477750778,0.9134875216667353,0.5599159738834203,0.47993852173032153,0.08910293664251055,244887585.7,1.1582122719257142,0.5422843936274261,0.07999510352737284
2025-05-22,0.8101099729537964,0.826977014541626,0.7430639863014221,0.7435290217399597,266969917,0.08954721237111651,0.08576220844356193,0.7436733961105346,0.7593936026096344,0.7415891975164414,0.7539985805700327,0.7486962817480476,0.005302298821985074,0.005810279429465503,-0.0005079806074804287,57.977348095794305,0.7415891975164414,0.9209279231592062,0.5622504718736765,0.48366056637115146,0.08794629573822021,250368343.25,1.0663085977024773,0.7989936731935854,0.08191658811274366
2025-05-23,0.7428249716758728,0.8401960134506226,0.7408379912376404,0.8101099729537964,296364326,-0.08305662629061483,-0.08670956031244549,0.746022391319275,0.7433650016784668,0.7447682470083237,0.7522795638170849,0.7482613698908493,0.0040181939262355915,0.005451862328819521,-0.0014336684025839297,48.82961784262656,0.7447682470083237,0.9216915262795705,0.5678449677370768,0.4751096196217654,0.08955922297069005,260033765.7,1.1397147797410065,0.0199981862963345,0.08362186828883732
2025-05-24,0.7445939779281616,0.7785620093345642,0.7386569976806641,0.7428249716758728,126062862,0.0023814577050336183,0.002378626528626865,0.7522457838058472,0.7359486997127533,0.7487785458564759,0.7510971659880198,0.7479897112269466,0.003107454761073214,0.00498298081527026,-0.001875526054197046,35.964436215201644,0.7487785458564759,0.9216193113526256,0.5759377803603261,0.46166057094611124,0.07979051130158561,261606441.15,0.48187980940315617,0.14877777285749957,0.08334663408524064
2025-05-25,0.7457659840583801,0.7508450150489807,0.7093830108642578,0.7445939779281616,132726411,0.0015740204258427593,0.0015727829540593324,0.7573647856712341,0.7357005953788758,0.7539509445428848,0.7502769841526906,0.7478249906959417,0.0024519934567489576,0.004476783343565999,-0.0020247898868170416,39.42234493378611,0.7539509445428848,0.9194112748324482,0.5884906142533214,0.4389153737047995,0.07498829705374581,262467394.35,0.5056872352800115,0.8775013445325575,0.08278327854426001
2025-05-26,0.7600370049476624,0.7818520069122314,0.7431219816207886,0.7457659840583801,142096069,0.019136057683431407,0.01895526611593151,0.7606663823127746,0.7407470941543579,0.7614540457725525,0.7517785258134555,0.7487295843442172,0.0030489414692382866,0.004191214968700457,-0.0011422734994621705,44.14012028846618,0.7614540457725525,0.912397294486653,0.610510797058452,0.3964605600353917,0.07088901315416608,261817107.9,0.5427302674746259,0.4367417483508215,0.08153918800739189
2025-05-27,0.7608370184898376,0.7888479828834534,0.7434149980545044,0.7600460052490234,173536617,0.0010525981458369138,0.0010520445528485163,0.7508117914199829,0.7472425937652588,0.7697213470935822,0.7531721400713605,0.7496264313179669,0.0035457087533935505,0.004062113725639076,-0.0005164049722455252,33.90420071486207,0.7697213470935822,0.8989400810166469,0.6405026131705175,0.3357545803062011,0.06442901066371373,261644159.75,0.6632543113739423,0.3834662562070924,0.08112126538660049
2025-05-28,0.7760369777679443,0.7951989769935608,0.745727002620697,0.760837972164154,198707499,0.019977943907456774,0.01978100344224545,0.7574541926383972,0.751738291978836,0.7740205466747284,0.7566898074092964,0.7515827680920393,0.005107039317257089,0.0042710988439626785,0.0008359404732944109,44.27047418358676,0.7740205466747284,0.897680703043998,0.6503603903054588,0.3195268055881109,0.06038186379841396,258715266.4,0.7680547876628899,0.6126694841833119,0.07380777192962244
2025-05-29,0.7306159734725952,0.8204259872436523,0.7295989990234375,0.7760369777679443,254969653,-0.05852943299943014,-0.06031219318923609,0.7546585917472839,0.7534521877765655,0.7725329458713531,0.7526784483421116,0.7500296721943027,0.0026487761478088956,0.003946634304731922,-0.0012978581569230265,47.46474034930015,0.7725329458713531,0.8975925260583344,0.6474733656843719,0.32376504032698417,0.058860293456486294,254306363.65,1.002608229461819,0.01119682989733963,0.07179911015039876
2025-05-30,0.6212319731712341,0.7336239814758301,0.6203200221061707,0.7306200265884399,298166560,-0.1497147670909278,-0.16218341765984656,0.7297517895698548,0.7435582876205444,0.7579591453075409,0.7324559137004382,0.7404891018962976,-0.008033188195859409,0.0015506698046136552,-0.009583858000473063,39.44376527594928,0.7579591453075409,0.8821699575975572,0.6337483330175246,0.3277506790675846,0.062290076698575704,249475439.8,1.1951740028558915,0.00804871241613958,0.06255189505355997
2025-05-31,0.6509870290756226,0.6605589985847473,0.6014549732208252,0.6212379932403564,209840823,0.04789685204464966,0.04678515743341045,0.7079417943954468,0.7343040883541108,0.7474095970392227,0.7199222391427742,0.7338593187243957,-0.013937079581621492,-0.0015468800726333753,-0.012390199508988117,44.83361041951978,0.7474095970392227,0.8702546438762513,0.6245645502021941,0.3287221553580931,0.06468357784407479,237594829.2,0.8831876674528235,0.8380486298408041,0.06347836819613682
2025-06-01,0.6473519802093506,0.6613759994506836,0.6330040097236633,0.6509870290756226,129499737,-0.005583903678439861,-0.0055995519480590466,0.6852447867393494,0.7180282890796661,0.7387109458446502,0.7087575839222475,0.7274513677232813,-0.018693783801033814,-0.0049762608183134644,-0.013717522982720349,39.61005388896556,0.7387109458446502,0.8641294116313359,0.6132924800579646,0.3395603286838557,0.06120150429861886,222416366.75,0.5822401421814432,0.5057088193900858,0.06294392933773962
2025-06-02,0.6713280081748962,0.673183023929596,0.6293860077857971,0.6473699808120728,150402989,0.03703708136922956,0.03636768691977387,0.6643029928207398,0.7108785927295684,0.7271217972040176,0.7029991876534243,0.7232940818308083,-0.02029489417738406,-0.008039987490127585,-0.012254906687256475,44.85110019276437,0.7271217972040176,0.8292501285699846,0.6249934658380506,0.28091120843489603,0.060103003467832296,212598468.5,0.7074509523101292,0.9576449380693315,0.05862430090709834
2025-06-03,0.6647350192070007,0.6884269714355469,0.6592289805412292,0.6713280081748962,173493170,-0.009820816184653913,-0.009869358478019789,0.6511268019676208,0.7028926968574524,0.7194206982851028,0.6971123925078206,0.7189563734883041,-0.021843980980483457,-0.01080078618819876,-0.011043194792284697,43.2263028279132,0.7194206982851028,0.8155044259723742,0.6233369705978314,0.26711415981304965,0.05894393154553005,206221380.75,0.8412957442580793,0.1885758783863536,0.055487927327609
2025-06-04,0.6283469796180725,0.6780520081520081,0.6255419850349426,0.6647350192070007,158370779,-0.05474066889440776,-0.05629596468553418,0.6525498032569885,0.6911507964134216,0.7134256958961487,0.6865330982170902,0.7122445665349536,-0.025711468317863417,-0.013782922614131693,-0.011928545703731724,36.36027660680371,0.7134256958961487,0.8166342806663087,0.6102171111259886,0.2893324010162477,0.05824178883007595,198153567.45,0.7992325398832986,0.05341825964718878,0.05359951778145643
2025-06-05,0.592553973197937,0.6509230136871338,0.5813369750976562,0.6283469796180725,225341770,-0.056963759803367764,-0.05865056633777699,0.6408631920814514,0.6744024932384491,0.7075747936964035,0.6720747712910667,0.7033785966581375,-0.03130382536707077,-0.01728710316471951,-0.01401672220235126,22.21096613377472,0.7075747936964035,0.8241103254238078,0.5910392619689993,0.3293942428859492,0.05721843242645264,198871196.5,1.1331041094229048,0.16119607777207431,0.05384205299082291
2025-06-06,0.5933539867401123,0.6140599846839905,0.5872169733047485,0.592553973197937,165306958,0.0013501108394526895,0.001349200259310554,0.6300635933876038,0.6576541900634766,0.7024483919143677,0.6599638813601506,0.6952286255530986,-0.035264744192948005,-0.020882631370365213,-0.014382112822582793,27.001434551806653,0.7024483919143677,0.8296792969420607,0.5752174868866747,0.3622498292891049,0.05203878879547119,199991371.55,0.8265704501090012,0.22862603090237826,0.05380271701180428
2025-06-07,0.6278359889984131,0.6385989785194397,0.5926330089569092,0.5933539867401123,134013082,0.05811371125648779,0.0564878052189257,0.6213651895523071,0.6428340911865235,0.6972861915826798,0.6550211286891141,0.6902365784008997,-0.035215449711785585,-0.02374919503864929,-0.011466254673136295,33.67798143886307,0.6972861915826798,0.8279572255931108,0.5666151575722488,0.37479885759343007,0.05247171436037336,195955288.35,0.6838962251461993,0.7658485770680683,0.054247941425272304
2025-06-08,0.6101809740066528,0.6281179785728455,0.6086959838867188,0.6278359889984131,126907571,-0.028120425240237168,-0.028523376477307662,0.6104543805122375,0.6307905912399292,0.6921213895082474,0.6481226433533508,0.6843065336309555,-0.03618389027760471,-0.026236134086440373,-0.00994775619116434,31.881083576579485,0.6921213895082474,0.8281535361772752,0.5560892428392197,0.3930875384899711,0.05089742796761649,191969545.6,0.6610817908817304,0.07645915774054066,0.05432580620930235
2025-06-09,0.6558719873428345,0.6577839851379395,0.5947890281677246,0.6101740002632141,185840453,0.07488108492822887,0.07221003678951465,0.6159593820571899,0.6342545926570893,0.6889064401388169,0.6493148501209637,0.6822002709429464,-0.03288542082198276,-0.02756599143354885,-0.005319429388433907,37.15829591753206,0.6889064401388169,0.8251863844811577,0.552626495796476,0.39564137131561716,0.05263063737324306,191612452.65,0.9698766986687282,0.969648245136647,0.057220139456285665
2025-06-10,0.7215160131454468,0.7215160131454468,0.637179970741272,0.6558719873428345,335262333,0.10008664353627772,0.09538894355354088,0.6417517900466919,0.6413074910640717,0.6878057897090912,0.6604227213554996,0.6851125481431316,-0.024689826787631985,-0.02699075850436548,0.0023009317167334946,45.82062420151512,0.6878057897090912,0.8225754485979186,0.5530361308202638,0.39188288585307923,0.0554094272000449,194193978.95,1.7264301128837858,0.999999881426748,0.061284046501184006
2025-06-11,0.6956250071525574,0.7478340268135071,0.6878420114517212,0.7215160131454468,331307934,-0.035884173769086036,-0.036543839897408364,0.6622059941291809,0.6461347937583923,0.6820815414190292,0.66583845763197,0.6858912488104965,-0.02005279117852643,-0.02560316503919767,0.00555037386067124,41.64304801356153,0.6820815414190292,0.8041005874718999,0.5600624953661585,0.3577843370428043,0.05616085869925363,197410879.8,1.678265829804584,0.12973383802097543,0.05800311111115892
2025-06-12,0.6311439871788025,0.7032920122146606,0.6304320096969604,0.6956239938735962,221372180,-0.0926950861610033,-0.0972767069290157,0.6628675937652588,0.642116391658783,0.6764974921941758,0.6605008467930212,0.6818358960970377,-0.021335049304016418,-0.024749541892161425,0.0034144925881450065,40.056147753583396,0.6764974921941758,0.7970246798639651,0.5559703045243864,0.3563270789929086,0.05487750257764544,193661272.5,1.1430895663457958,0.0097718550579315,0.05871320150201448
2025-06-13,0.5900290012359619,0.6311439871788025,0.5610820055007935,0.6311439871788025,469088784,-0.06514359128512581,-0.06736233505405724,0.6588371992111206,0.6346457898616791,0.6687692433595658,0.6496590243996275,0.6750353853665876,-0.025376360966960054,-0.024874905707121153,-0.0005014552598389017,46.38770245983096,0.6687692433595658,0.7907247711075069,0.5468137156116246,0.364716317201721,0.0517887898853847,210812568.6,2.2251461908329504,0.4131626155905343,0.060104932863060706
2025-06-14,0.6002600193023682,0.6054660081863403,0.5839120149612427,0.5900290012359619,191650321,0.017339856252785557,0.017191236515444797,0.6477148056030273,0.6318370938301087,0.6614939451217652,0.6420591774615876,0.6694964693618305,-0.02743729190024291,-0.025387382945745506,-0.0020499089544974043,43.84941088454332,0.6614939451217652,0.7814534843251977,0.5415344059183327,0.3626927807520621,0.04910664473261152,213758764.1,0.8965729279307711,0.7584671937920905,0.06036484434654546
2025-06-15,0.59266597032547,0.6022199988365173,0.5764369964599609,0.6002600193023682,133805847,-0.012651265672706469,-0.012731974368237297,0.6219447970390319,0.631848293542862,0.6531253933906556,0.6344602225175695,0.663805321285063,-0.02934509876749347,-0.0261789261100951,-0.00316617265739837,43.43243861175969,0.6531253933906556,0.767354880579438,0.5388959062018731,0.3497934342922051,0.048921717064721246,213344253.0,0.6271828048726488,0.6294444430498539,0.06000197998586051
2025-06-16,0.5839639902114868,0.6168109774589539,0.5839639902114868,0.59266597032547,254783322,-0.014682773349049105,-0.014791632145781466,0.5996125936508179,0.6309092938899994,0.6442817419767379,0.6266915713935568,0.6578911486129463,-0.031199577219389485,-0.02718305633195398,-0.004016520887435506,39.10836505206897,0.6442817419767379,0.7505060199855016,0.5380574639679743,0.32974480289587016,0.04813957214355469,217406588.25,1.1719208881886312,0.0,0.059944203921375595
2025-06-17,0.5604400038719177,0.5954750180244446,0.5476379990577698,0.5839059948921204,265381272,-0.04028328241789314,-0.041117123918623995,0.585471796989441,0.6241696953773499,0.6335018932819366,0.6164990225440738,0.650672545298796,-0.034173522754722185,-0.028581149616507623,-0.0055923731382145625,37.52425589585109,0.6335018932819366,0.7263435570407869,0.5406602295230863,0.2931061919258751,0.0494709312915802,220740276.9,1.202233120873647,0.26761705504466715,0.05979872453661633
2025-06-18,0.5632320046424866,0.5694079995155334,0.536005973815918,0.5604400038719177,234288050,0.0049818013547922035,0.004969433242400992,0.5801123976707458,0.6194747984409332,0.6251326948404312,0.6083040967130604,0.6441954682131434,-0.035891371500083036,-0.030043193993222705,-0.005848177506860331,41.53020275760263,0.6251326948404312,0.7110320509341347,0.5392333387467277,0.27481959207278317,0.04810607433319092,219706196.75,1.066369785949153,0.8151009438889386,0.059013430657997884
2025-06-19,0.5652610063552856,0.5744060277938843,0.55656898021698,0.5632320046424866,116408205,0.003602426169100559,0.003595952973430263,0.5731125950813294,0.6104137003421783,0.6223341464996338,0.6016820828118643,0.6383484710384872,-0.03666638822662294,-0.03136783283990276,-0.00529855538672018,46.108022725951415,0.6223341464996338,0.7123184586276139,0.5323498343716537,0.289183271186721,0.044409717832292826,210618279.0,0.5526975415082562,0.48730156870493235,0.0492233025328556
2025-06-20,0.5430570244789124,0.5790950059890747,0.5364890098571777,0.5652620196342468,190271108,-0.039280936818092416,-0.04007325075102358,0.5631908059120179,0.5925678014755249,0.6169376462697983,0.5926628430683332,0.6312898453674075,-0.03862700229907434,-0.03281966673173707,-0.005807335567337271,43.240293169519326,0.6169376462697983,0.7124617056693519,0.5214135868702447,0.309671682307353,0.04553564531462533,209639793.25,0.9076096911290958,0.15415701254423556,0.04827727868841934
2025-06-21,0.5045989751815796,0.5528380274772644,0.4977869987487793,0.5430570244789124,177247316,-0.07081769973279506,-0.07345032662373555,0.5473178029060364,0.5734651982784271,0.6097999960184097,0.5791145557011402,0.6219053364647535,-0.04279078076361331,-0.03481388953811232,-0.007976891225500993,33.61258445062313,0.6097999960184097,0.7164415919618333,0.5031584000749861,0.34975925431197974,0.046184578112193515,212027172.2,0.8359650990053623,0.12373928975976917,0.05027332129545713
2025-06-22,0.48571398854255676,0.5197319984436035,0.4612390100955963,0.5047500133514404,298891200,-0.03742573324138654,-0.03814405552820886,0.5323725998401642,0.5589221984148025,0.6005192950367928,0.5647452376767428,0.6118170884705167,-0.04707185079377396,-0.03726548178924465,-0.00980636900452931,33.502992666125294,0.6005192950367928,0.7165120853641291,0.48452650470945646,0.386308287796913,0.04897536337375641,219451582.75,1.3619915438955748,0.4184257798060763,0.04926125978116265
2025-06-23,0.5486170053482056,0.5508459806442261,0.4851590096950531,0.48571398854255676,224789106,0.12950629030552907,0.12178062601668092,0.529449599981308,0.5547809988260269,0.594713394343853,0.5622639711646601,0.607135600831827,-0.04487162966716696,-0.03878671136482911,-0.006084918302337844,36.40459667640047,0.594713394343853,0.7087808480485658,0.4806459406391402,0.3836047911130819,0.04916765008653913,222016379.55,1.0124888373354253,0.9660665589465097,0.05892264899382096
2025-06-24,0.5554940104484558,0.5742660164833069,0.5452669858932495,0.5486170053482056,171401484,0.012535165759007816,0.012457251009263499,0.527496200799942,0.5503043979406357,0.5910707458853721,0.5612224387467826,0.6033102978404662,-0.04208785909368362,-0.03944694091060002,-0.002640918183083603,25.271241671073142,0.5910707458853721,0.7052687624905188,0.47687272928022534,0.3864106535473622,0.04521500638553074,222667914.8,0.7697628288923106,0.3526676864859019,0.05802381790920472
2025-06-25,0.5396559834480286,0.5584480166435242,0.5372300148010254,0.5554940104484558,150787582,-0.02851160715061729,-0.028925957894911942,0.5268159925937652,0.5450033992528915,0.5884258463978768,0.5579045225469743,0.5985951634410264,-0.040690640894052055,-0.03969568090729043,-0.0009949599867616274,26.05141805643086,0.5884258463978768,0.7049067065386228,0.47194498625713077,0.3959066749151089,0.04244543399129595,218940205.4,0.6887158150076349,0.11433534230309275,0.0570117970837723
2025-06-26,0.5287230014801025,0.5567830204963684,0.5211920142173767,0.5396559834480286,158421019,-0.020259169365772323,-0.020467200829347068,0.5316407978534698,0.5394793003797531,0.5851942971348763,0.5534150577674556,0.5934194477402172,-0.04000438997276157,-0.039757422720384655,-0.00024696725237691175,31.178499527912322,0.5851942971348763,0.7046476935635272,0.46574090070622526,0.4082520865753386,0.039783362831388204,218595908.45,0.7247208793765508,0.21159798314529005,0.05712657450474041
2025-06-27,0.534538984298706,0.5395519733428955,0.52394700050354,0.5287230014801025,124077717,0.01100005636660839,0.01093999579165466,0.5414057970046997,0.536889198422432,0.5805294468998909,0.550511046464571,0.5890579319297349,-0.03854688546516383,-0.03951531526934049,0.0009684298041766626,38.282668501899636,0.5805294468998909,0.7002578425041572,0.46080105129562465,0.4124800085288793,0.03589357648577009,218099140.2,0.5689051175819354,0.6787565166975534,0.05536443082366203
2025-06-28,0.55178302526474,0.5551030039787292,0.5331460237503052,0.534538984298706,78642143,0.03225965078797288,0.031750235014248306,0.5420390009880066,0.5357443004846573,0.5776095494627953,0.5507067355107509,0.5862968277323278,-0.03559009222157694,-0.038730270659787784,0.003140178438210843,40.058003505881025,0.5776095494627953,0.6971413986143611,0.4580777003112296,0.4138846016750801,0.03592236127172198,215685868.8,0.3646142579369576,0.848795819488437,0.055773398513749545
2025-06-29,0.6092709898948669,0.6212339997291565,0.548708975315094,0.55178302526474,182429736,0.10418581579696973,0.09910824510242597,0.5527943968772888,0.5401452988386154,0.5752794995903969,0.5597166208006149,0.5879986175221456,-0.028281996721530644,-0.03664061587213636,0.008358619150605713,52.826934797216595,0.5752794995903969,0.6901122879088581,0.4604467112719357,0.3992243366927658,0.039261077131543844,215515332.95,0.8464814707282293,0.835049787553497,0.058271910940856396
2025-06-30,0.5663390159606934,0.6092709898948669,0.565201997756958,0.6092709898948669,178313297,-0.07046449715516856,-0.07307027691281498,0.5581310033798218,0.5424734979867936,0.5675206497311592,0.5607354508252423,0.5863942025916676,-0.025658751766425292,-0.034444243050994146,0.008785491284568854,47.31263524388659,0.5675206497311592,0.659432533591102,0.4756087658712165,0.323906747370276,0.04006264890943255,207667881.15,0.8586464888674962,0.025800861117235698,0.05491215916765225
2025-07-01,0.5275229811668396,0.5709900259971619,0.525160014629364,0.5663390159606934,119709465,-0.0685385143879047,-0.07100043642750063,0.5578909993171692,0.5447658985853195,0.5591155484318733,0.555625840108565,0.5820333713750137,-0.02640753126644868,-0.032836900694085056,0.006429369427636375,45.204606722977154,0.5591155484318733,0.630053914442099,0.48817718242164754,0.25375207757746476,0.03991929122379848,197087957.7,0.6073910674046221,0.051559359279197456,0.05617340487711492
2025-07-02,0.5638710260391235,0.5740650296211243,0.525505006313324,0.5275229811668396,177589225,0.06890324435133599,0.06663311751753317,0.5637574076652527,0.5525816023349762,0.5557519003748894,0.5568943302517279,0.580688012461244,-0.023793682209516165,-0.031028256997171277,0.007234574787655112,50.08480233880753,0.5557519003748894,0.6181790063834703,0.49332479436630844,0.22465818278433222,0.04100200533866882,194898809.95,0.9111868104559456,0.7900739993857614,0.05561515194678735
2025-07-03,0.5735909938812256,0.589368999004364,0.5621939897537231,0.5638710260391235,152130055,0.017237927457240287,0.017091040006422982,0.5681190013885498,0.5550790011882782,0.5549300000071525,0.559463047733189,0.5801623073812426,-0.020699259648053636,-0.02896245752734775,0.008263197879294113,51.083330245575205,0.5549300000071525,0.6158721384687238,0.4939878615455812,0.2196390119863255,0.04166900260107858,179050873.5,0.8496470976445697,0.4193926790772619,0.053886763534886306
2025-07-04,0.5307040214538574,0.5790420174598694,0.5266320109367371,0.5735909938812256,117664275,-0.07476925698775672,-0.07771212067253729,0.5524056077003479,0.5526000022888183,0.5514522001147271,0.5550385821517534,0.5764987306458808,-0.021460148494127362,-0.027461995720703673,0.006001847226576311,48.475483897354295,0.5514522001147271,0.6093657848986722,0.4935386153307819,0.21004027102220826,0.04236928905759539,175351571.2,0.6710192226666516,0.07769527253102637,0.05620680442681699
2025-07-05,0.5321469902992249,0.5376650094985962,0.5197910070419312,0.5307040214538574,77186888,0.002718971002734216,0.0027152812877162423,0.5455672025680542,0.551849102973938,0.5484262511134148,0.5515167987898258,0.5732134165461285,-0.021696617756302605,-0.026308920127823463,0.004612302371520858,53.74161538914892,0.5484262511134148,0.6035288532314922,0.4933236489953374,0.20094808374401515,0.03971378718103681,172520623.25,0.4474067305457639,0.6912820099712014,0.056197062908564625
2025-07-06,0.5439879894256592,0.5535650253295898,0.5217229723930359,0.5321469902992249,128008099,0.022251369156059964,0.022007419617119963,0.5488602042198181,0.5533756017684937,0.5464274510741234,0.5503585204261079,0.5710485700927603,-0.020690049666652444,-0.02518514603558926,0.004495096368936816,58.06926936080987,0.5464274510741234,0.5989416553591693,0.49391324678907744,0.1922092463759561,0.03781014893736158,166181862.1,0.7702892324252034,0.6992328693334615,0.056430620770829776
2025-07-07,0.5451229810714722,0.5529800057411194,0.5368480086326599,0.5439879894256592,129175165,0.002086427766560206,0.002084254198950466,0.5451105952262878,0.5544340014457703,0.5456615999341011,0.549553052833087,0.5691281560911834,-0.019575103258096416,-0.024063137480090695,0.004488034221994279,49.41633567130957,0.5456615999341011,0.5977604781768753,0.493562721691327,0.19095673307070193,0.03427050794873919,159371556.75,0.8105283504423069,0.5129536816576864,0.055710795753040915
2025-07-08,0.5485640168190002,0.5520380139350891,0.5308330059051514,0.545195996761322,137060564,0.006312402644930604,0.006292562878645016,0.5401051998138428,0.5541121006011963,0.5449282005429268,0.5494008934463044,0.5676048865154661,-0.01820399306916176,-0.022891308597904912,0.004687315528743151,48.82892606801346,0.5449282005429268,0.596394775697264,0.49346162538858956,0.18889305087554525,0.03371379205158779,154510182.45,0.8870649288395815,0.8361705181677194,0.05571777669657924
2025-07-09,0.5868489742279053,0.5944499969482422,0.5360320210456848,0.5485640168190002,237075461,0.06979122989311426,0.06746351718751768,0.5513341903686524,0.5518698990345001,0.5460075989365578,0.5551621366434737,0.5690303744941654,-0.01386823785069169,-0.02108669444846227,0.007218456597770581,57.41261447761359,0.5460075989365578,0.6001078294202707,0.4919073684528449,0.1981665844544372,0.036370933055877686,160543545.25,1.476705031216445,0.8698854025365471,0.057859617479036694
2025-07-10,0.6585580110549927,0.6596850156784058,0.5805910229682922,0.5868489742279053,289565922,0.12219334100640156,0.11528511044295472,0.576616394519806,0.5610917985439301,0.5517826482653618,0.5710691942452458,0.5756620512764489,-0.004592857031203046,-0.017787926965010425,0.013195069933807379,67.12388641714277,0.5517826482653618,0.6256165036303191,0.4779487929004046,0.2676193446715608,0.03947828922952924,165508285.95,1.7495554397045583,0.9857509471667063,0.06265268727916153
2025-07-11,0.6588829755783081,0.6993150115013123,0.6479880213737488,0.6585580110549927,405738895,0.0004934485920151666,0.0004933268862940509,0.5995953917503357,0.574227797985077,0.5594968482851982,0.5845790067580247,0.5818265641876977,0.0027524425703269184,-0.013679853057942955,0.016432295628269873,66.64070494218278,0.5594968482851982,0.6440368853983549,0.4749568111720415,0.30220022640793576,0.04202986189297268,176932864.9,2.2931799314351125,0.21226555570132666,0.05967945437343773
2025-07-12,0.648190975189209,0.6666859984397888,0.6253370046615601,0.6588829755783081,205657328,-0.016227464945067993,-0.016360572214359055,0.620208990573883,0.5826597929000854,0.5676206976175309,0.5943654634397453,0.586742446484106,0.007623016955639272,-0.009419279055226508,0.01704229601086578,63.13238264534057,0.5676206976175309,0.6535228869195381,0.4817185083155237,0.30267461938073664,0.04341500571795872,172271171.3,1.1938000214897244,0.5527090966985301,0.05888085351040334
2025-07-13,0.6542279720306396,0.6722229719161987,0.6435620188713074,0.648190975189209,154114746,0.009313608292167874,0.009270504072970105,0.6413417816162109,0.5907234907150268,0.5729012459516525,0.6035750801460367,0.5917413743023677,0.01183370584366894,-0.005168682075447417,0.017002387919116357,57.122215312234594,0.5729012459516525,0.6665221275066497,0.4792803643966552,0.3268307835479834,0.040281857763017924,168737453.3,0.9133404764975198,0.3721421761936718,0.05248727627008158
2025-07-14,0.6574249863624573,0.698589026927948,0.646282970905304,0.6542279720306396,283088743,0.00488669770858996,0.00487479655714766,0.6554569840431214,0.6033955872058868,0.5779977947473526,0.6118596811024091,0.5966068270475596,0.01525285405484944,-0.0010843748493880449,0.016337228904237486,66.50849931650704,0.5779977947473526,0.6784754797300296,0.4775201097646755,0.3476749769489922,0.040870219469070435,174321816.25,1.6239432854119313,0.2130157418516197,0.05249665878368015
2025-07-15,0.7036629915237427,0.7072020173072815,0.6351190209388733,0.6574249863624573,259727205,0.07033198634131788,0.06796886795948236,0.6644779801368713,0.6205471873283386,0.5861981451511383,0.6259832673210758,0.6045369133050547,0.02144635401602113,0.003421770923693792,0.018024583092327337,81.08741285151056,0.5861981451511383,0.699457620743816,0.4729386695584607,0.38642045025057586,0.042745432683399746,179768797.4,1.4447846831955276,0.9509033271246874,0.053351444316167444
2025-07-16,0.7060329914093018,0.7332170009613037,0.6891840100288391,0.7036629915237427,356531569,0.003368089432168375,0.003362430122770047,0.6739079833030701,0.6367516875267029,0.5950636446475983,0.6382986094884953,0.6120551413127767,0.026243468175718543,0.007986110374098744,0.0182573578016198,78.50995028800634,0.5950636446475983,0.7168198060315508,0.4733074832636458,0.4092206354029829,0.04242207322801862,189674324.9,1.8797039039836856,0.38264440359867113,0.05279563555466167
2025-07-17,0.7209050059318542,0.7299559712409973,0.6854580044746399,0.7060329914093018,333082805,0.02106419204698451,0.020845408946618835,0.6884507894515991,0.6543298900127411,0.6043819457292556,0.6510072858643966,0.6201180942475233,0.030889191616873313,0.012566726622653662,0.01832246499421965,78.94503846152946,0.6043819457292556,0.7348490195868664,0.4739148718716448,0.43173716481615754,0.04365942733628409,200124579.3,1.664377290211248,0.7965980485659736,0.052794770656226335
2025-07-18,0.7473490238189697,0.8172940015792847,0.7169150114059448,0.7209050059318542,554869850,0.03668169546545652,0.03602493465150854,0.7070749998092651,0.6742083907127381,0.6141602456569671,0.6658290917035617,0.6295426075491118,0.036286484154449905,0.017310678129012914,0.01897580602543699,95.50811025215202,0.6141602456569671,0.7567775166702391,0.4715429746436952,0.4644301614172837,0.047085783311298916,223935964.65,2.4778058802088,0.3031910296025047,0.052874018691628374
2025-07-19,0.7621560096740723,0.7891499996185303,0.7246410250663757,0.7473520040512085,228874112,0.01981267839146761,0.01961896179488801,0.7280212044715881,0.6917390942573547,0.6218044966459274,0.6806486175451787,0.6393658225213311,0.041282795023847574,0.022105101507979848,0.019177693515867726,95.7468984689432,0.6218044966459274,0.7789659344901506,0.4646430588017042,0.5055011299917159,0.05041685274669102,226258183.45,1.0115616969521817,0.5815466615718659,0.04872002039617014
2025-07-20,0.7861809730529785,0.8109909892082214,0.7539839744567871,0.7621560096740723,300355376,0.03152236953321452,0.03103573970528248,0.7445248007774353,0.7045013904571533,0.6327965945005417,0.6968843645463786,0.6502410188570088,0.046643345689369786,0.02701275034425784,0.019630595345111947,95.94349999366815,0.6327965945005417,0.8037692549702622,0.4618239340308212,0.5403716200611574,0.052214350019182475,232360287.4,1.2926278382628649,0.5647900190648226,0.04477068791904365
2025-07-21,0.8059800267219543,0.8202450275421143,0.7657150030136108,0.7861700057983398,309006459,0.025183837243084373,0.0248719499163591,0.7645142078399658,0.719211095571518,0.6467194467782974,0.7136683125733901,0.6617772416618196,0.051891070911570525,0.03198841445772038,0.019902656453850143,96.21174860127906,0.6467194467782974,0.8267097340625308,0.466729159494064,0.5566255605297611,0.054957066263471334,241825137.1,1.2778095060986943,0.7384008474686836,0.039938371873703575
2025-07-22,0.799140989780426,0.8117089867591858,0.7362229824066162,0.8059800267219543,373877284,-0.008485367769402119,-0.008521573460380058,0.7801614046096802,0.7343060970306396,0.6584829449653625,0.7268179552206265,0.6719523341150497,0.0548656211055768,0.03656385578729167,0.018301765318285132,93.8625207314844,0.6584829449653625,0.8462589929107092,0.47070689702001584,0.5703292678452714,0.05883428028651646,251639540.05,1.485765249474354,0.833505489903615,0.03890664999122519
2025-07-23,0.6902779936790466,0.8003020286560059,0.674019992351532,0.799140989780426,338119659,-0.13622501848051982,-0.14644298215411866,0.7687471985816956,0.7379110991954804,0.6643172949552536,0.7211964226757681,0.6733097903790495,0.047886632296718634,0.03882841108917706,0.009058221207541572,64.51769488671226,0.6643172949552536,0.8481981195370095,0.4804364703734977,0.553593368645149,0.06368171317236763,260939020.25,1.2957803653744653,0.12874356888639257,0.05204075976609896
2025-07-24,0.6923140287399292,0.7285810112953186,0.653348982334137,0.6902639865875244,320493048,0.0029495870932099155,0.0029452455961869787,0.7547788023948669,0.7414000034332275,0.6723977953195572,0.7167529774548699,0.6747175117391147,0.04203546571575523,0.0394698220144927,0.0025656437012625266,55.890196222000526,0.6723977953195572,0.8454406372045211,0.49935495343459335,0.5147037753231336,0.0634058586188725,271080458.9,1.1822801588152396,0.517931548098776,0.04808041971796612
2025-07-25,0.719560980796814,0.7226449847221375,0.6678879857063293,0.6923140287399292,262733007,0.03935634831273971,0.038601625705052205,0.741454803943634,0.7429898023605347,0.6817684948444367,0.717184977969015,0.6780392501878332,0.03914572778118186,0.039405003167830535,-0.00025927538664867467,59.67856023706012,0.6817684948444367,0.8427072193199121,0.5208297703689613,0.4721213306056267,0.06365085925374712,280357764.85,0.9371347611526657,0.9436781887697127,0.048305306865993575
2025-07-26,0.7224709987640381,0.7338100075721741,0.7157390117645264,0.719560980796814,124290783,0.004044157541730042,0.004036001917643537,0.7247529983520508,0.7446336030960083,0.6906926453113555,0.71799821193748,0.6813304908231076,0.03666772111437244,0.03885754675713892,-0.0021898256427664783,62.14980204846302,0.6906926453113555,0.8387406203527086,0.5426446702700025,0.42869422758835046,0.06198814511299133,280171899.05,0.4436233020564951,0.3725297347125372,0.04835943648120087
2025-07-27,0.7434179782867432,0.749983012676239,0.7173489928245544,0.7224709987640381,144786694,0.028993523004438915,0.028581162375774797,0.7136083960533142,0.7468849003314972,0.7006073951721191,0.721908945221982,0.6859295639685621,0.03597938125341993,0.038281913656395126,-0.002302532402975198,63.91011468249807,0.7006073951721191,0.833379342221175,0.5678354481230632,0.3790195420830169,0.06227193559919085,280952475.5,0.5153422967437068,0.798828265484443,0.04834316893333468
2025-07-28,0.75518399477005,0.8636749982833862,0.7304210066795349,0.7434179782867432,1215690979,0.01582691948131587,0.015702979803031494,0.7265895962715149,0.7476683974266052,0.7109383940696716,0.7270281836139926,0.6910595218057094,0.035968661808283175,0.037819263286772736,-0.0018506014784895608,64.84963168454523,0.7109383940696716,0.8246894405133545,0.5971873476259888,0.3200025414087716,0.06805393099784851,334883996.25,3.6301853555654944,0.18583297906604432,0.0482816387713817
2025-07-29,0.7253779768943787,0.7855830192565918,0.7126049995422363,0.75518399477005,388802523,-0.03946855081952205,-0.04026855479994254,0.7332023859024048,0.7439905941486359,0.7178648442029953,0.7267743056571289,0.6936016295900552,0.033172676067073636,0.036889945842832915,-0.0037172697757592785,53.471830313467926,0.7178648442029953,0.815535052880655,0.6201946355253357,0.2721130849807733,0.06811786123684474,342470349.35,1.135288131477476,0.17502496850267485,0.04820427368044053
2025-07-30,0.705253005027771,0.7256619930267334,0.6724900007247925,0.7253779768943787,280129325,-0.02774411756029649,-0.028136255628041028,0.7303407907485961,0.7358977973461152,0.7201995939016342,0.7234633363295354,0.6944646944372934,0.028998641892241994,0.03531168505271473,-0.006313043160472737,49.88199405695883,0.7201995939016342,0.814058634692245,0.6263405531110234,0.26064730273488657,0.0687706470489502,341998519.5,0.8190951393869996,0.6161702189985533,0.04129267617252917
2025-07-31,0.6679499745368958,0.7285810112953186,0.6642330288887024,0.705269992351532,200787379,-0.05289311810788577,-0.054343328498247925,0.7194365859031677,0.7220947921276093,0.7206529438495636,0.7149228191306678,0.692500641111338,0.022422178019329775,0.03273378364603774,-0.010311605626707965,42.49752489711983,0.7206529438495636,0.8133453069299567,0.6279605807691705,0.25724549901996274,0.07018850530896868,331750943.7,0.6052352911513361,0.0577631952323533,0.04323068958083355
2025-08-01,0.6488879919052124,0.6718980073928833,0.6293079853057861,0.6679559946060181,313920944,-0.028538039311850283,-0.028953166167307063,0.7005305886268616,0.7070694923400879,0.7206877946853638,0.7047636149421362,0.6892700745034768,0.01549354043865947,0.029285735004562084,-0.013792194565902614,35.75238101152365,0.7206877946853638,0.8132658976523703,0.6281096917183573,0.2569159729073088,0.06606072187423706,337164124.5,0.9310627115667521,0.459732140125767,0.04358429391132453
2025-08-02,0.6318759918212891,0.6537240147590637,0.6173909902572632,0.6488879919052124,169300371,-0.02621715965797744,-0.02656695672580113,0.6758689880371094,0.7012292921543122,0.7195701956748962,0.693550134462006,0.6850186609714628,0.008531473490543173,0.0251348827017583,-0.016603409211215128,31.267614083382043,0.7195701956748962,0.8159865048514227,0.6231538864983698,0.2679830536507868,0.06404815401349749,337923405.75,0.5010022038107965,0.3986730467918404,0.04395014696821097
2025-08-03,0.6563820242881775,0.6580250263214111,0.6261619925498962,0.6318759918212891,113294909,0.03878297764764471,0.03804981411813744,0.6620697975158691,0.697636091709137,0.7195180475711822,0.6878319636660323,0.6828974286245527,0.00493453504147956,0.021094813169702555,-0.016160278128222995,31.36256819157093,0.7195180475711822,0.8160769042137043,0.6229591909286601,0.2683987065188089,0.06225215537207467,329433714.05,0.34390805848974093,0.9484351826204854,0.044824917243651785
2025-08-04,0.704679012298584,0.7142379879951477,0.6562449932098389,0.6563799977302551,195363430,0.07358060736471694,0.07099942388726284,0.6619549989700317,0.6961478948593139,0.7195688486099243,0.6904238173018094,0.6845108792670735,0.005912938034735804,0.018058438142709205,-0.012145500107973401,36.5548327871301,0.7195688486099243,0.8160936458953028,0.6230440513245459,0.26828509175139176,0.062499510390417914,326215525.3,0.59887839433864,0.8351700221095413,0.045094765988115494
2025-08-05,0.6611840128898621,0.704804003238678,0.6483809947967529,0.704679012298584,204564326,-0.061723137271885165,-0.06371021070473858,0.660601806640625,0.6900191962718963,0.7173263996839523,0.6859253858538175,0.682782963239132,0.0031424226146854473,0.015075235037104453,-0.011932812422419005,33.313338952907756,0.7173263996839523,0.8172009751330068,0.6174518242348978,0.2784634038090844,0.06113786782537188,318617163.15,0.6420379993895505,0.22691125796977682,0.04721972558920389
2025-08-06,0.6683530211448669,0.6758360266685486,0.6422880291938782,0.6611840128898621,161747040,0.010842682392865122,0.010784321988698404,0.6644948124885559,0.6825127005577087,0.714698800444603,0.6832219451293635,0.6817140786395568,0.0015078664898067196,0.012361761327644907,-0.010853894837838187,46.48278684449068,0.714698800444603,0.8169146929446026,0.6124829079446034,0.2860390767031166,0.05451400790895734,310050374.9,0.5216798723503173,0.776946051734026,0.047009812937434406
2025-08-07,0.7162820100784302,0.7182220220565796,0.6651440262794495,0.6683530211448669,186550071,0.0717120854057971,0.06925744952850503,0.6813760161399841,0.6786225020885468,0.713145449757576,0.6883081089676815,0.6842746661535474,0.004033442814134092,0.010696097624942745,-0.006662654810808653,53.351471621724336,0.713145449757576,0.8142099239439251,0.6120809755712269,0.2834329917430016,0.05293157696723938,291634385.95,0.6396710401357937,0.9634496068617311,0.049157331155981455
2025-08-08,0.7576450109481812,0.7668669819831848,0.7094069719314575,0.7162820100784302,346731922,0.05774680961933121,0.056140994418105786,0.7016286134719849,0.681849205493927,0.7129198998212815,0.6989753246569892,0.6897095065087054,0.009265818148283755,0.010410041729610948,-0.0011442235813271927,55.12309001841588,0.7129198998212815,0.8135430019447663,0.6122967976977967,0.28228445341113223,0.05312464918409075,297527276.45,1.1653786037270064,0.8395061291885776,0.050707369603330416
2025-08-09,0.8102319836616516,0.8134520053863525,0.7574229836463928,0.7576450109481812,297067588,0.06940845904556103,0.06710565358682864,0.7227392077445984,0.6923471033573151,0.7141224503517151,0.7160917337346296,0.6986370974089238,0.017454636325705875,0.011818960648829934,0.00563567567687594,60.413841978735,0.7141224503517151,0.818920326474487,0.6093245742289431,0.29350113855448046,0.05583593675068447,297362887.05,0.9990069404661438,0.9425292277109901,0.052582113764724166
2025-08-10,0.7886030077934265,0.8141599893569946,0.7555050253868103,0.8102319836616516,263611679,-0.02669479396564678,-0.02705757071538303,0.7482230067253113,0.7044124066829681,0.7132535994052887,0.72724731435906,0.705301238918887,0.02194607544017302,0.013844383607098554,0.008101691833074465,55.353055096686006,0.7132535994052887,0.8150912065113081,0.6114159922992692,0.2855579199065569,0.05769457561629159,295093148.05,0.8933168416209181,0.5642826203186225,0.05270219835614384
2025-08-11,0.7502920031547546,0.8095390200614929,0.7431169748306274,0.7886030077934265,288818774,-0.048580850263136965,-0.04980056723102017,0.7646108031272888,0.7145528078079224,0.7108111500740051,0.7307926510968592,0.7086338881215438,0.022158762975315383,0.01550725948074192,0.006651503494573463,49.454741715494144,0.7108111500740051,0.8061086398540223,0.6155136602939879,0.2681372957362737,0.052920865161078315,290840222.55,0.9930496252125083,0.10802177528516242,0.05380358884069735
2025-08-12,0.7859650254249573,0.7970290184020996,0.7387509942054749,0.7502920031547546,255569686,0.04754551843843213,0.046449826226541,0.7785474061965942,0.7299617111682892,0.7155955016613007,0.7392807086857974,0.7143621205143893,0.02491858817140813,0.017389525218875164,0.007529062952532965,56.665814161810665,0.7155955016613007,0.8160223265206075,0.6151686768019939,0.2806804252574519,0.05187086548124041,286712723.9,0.89137894727385,0.8101514038751993,0.044518893401013795
2025-08-13,0.8735880255699158,0.8811920285224915,0.7757470011711121,0.7859650254249573,483403564,0.11148460467128585,0.10569660337817802,0.8017360091209411,0.751682311296463,0.7246592015027999,0.7599433728218157,0.7261566319999839,0.03378674082183175,0.020668968339466482,0.013117772482365269,66.1253104509651,0.7246592015027999,0.8466453495534089,0.602673053452191,0.3366717701165838,0.05560465369905744,294858249.7,1.6394439175157323,0.927886478647293,0.050195103039370054
2025-08-14,0.7529439926147461,0.8735880255699158,0.7411540150642395,0.8735880255699158,476066447,-0.13810174753307003,-0.14861805186659718,0.79027841091156,0.7565088093280792,0.7263283520936966,0.7588665450976511,0.7281408809344109,0.030725664163240185,0.022680307504221224,0.008045356659018961,57.020817510235354,0.7263283520936966,0.8489327761420171,0.6037239280453761,0.337600545799717,0.06046794142041888,305524921.7,1.5581918632073413,0.08902529354231348,0.059995150810436104
2025-08-15,0.7231990098953247,0.7711489796638489,0.7108740210533142,0.7529619932174683,292339297,-0.03950490741831414,-0.04030640601959625,0.7771976113319397,0.7627103090286255,0.7263647526502609,0.7533792319896009,0.7277748164129971,0.025604415576603756,0.023265129118697735,0.0023392864579060216,56.03190484668797,0.7263647526502609,0.8489647868993513,0.6037647184011705,0.3375715404740223,0.061731151172092984,313927347.4,0.931232335829306,0.20447939046883842,0.06077864194017932
2025-08-16,0.7407979965209961,0.7425950169563293,0.7160509824752808,0.7231990098953247,115030457,0.02433491526518905,0.0240435388316543,0.775298810005188,0.7699548065662384,0.7262337535619736,0.7514436573021233,0.728739496420997,0.022704160881126256,0.023152935471183442,-0.00044877459005718615,58.83289857011495,0.7262337535619736,0.8487626439886995,0.6037048631352477,0.3374365067053298,0.06103193759918213,312439535.55,0.36816869797705726,0.9323000518396409,0.06067787502867021
2025-08-17,0.7608609795570374,0.7829139828681946,0.7348160147666931,0.7407979965209961,183707511,0.02708293371507864,0.026722681060024144,0.770278000831604,0.7744127035140991,0.7265176028013229,0.7528924761105716,0.7311188655421851,0.02177361056838656,0.02287707049062407,-0.0011034599222375097,58.53409214174473,0.7265176028013229,0.8493547903858957,0.6036804152167502,0.3381533691983081,0.06219157576560974,260840362.15,0.7042909674169074,0.5414981215090037,0.06086877675552812
2025-08-18,0.7213929891586304,0.7627599835395813,0.7166860103607178,0.7608609795570374,209275538,-0.051872801285439474,-0.05326660986864967,0.7398389935493469,0.7707875013351441,0.7263183534145355,0.7480464011948884,0.7303984302545143,0.01764797094037407,0.02183125058057407,-0.004183279640200002,51.38521744456937,0.7263183534145355,0.8491762503750674,0.6034604564540037,0.33830315971765756,0.06134021707943508,251864012.9,0.8309068675209693,0.10216131693323896,0.061376270977001705
2025-08-19,0.6862689852714539,0.7352139949798584,0.6861010193824768,0.7213929891586304,205404253,-0.04868913950514275,-0.049914392357591354,0.7265039920806885,0.7583912014961243,0.7253691524267196,0.7385421833605138,0.7271295824779914,0.011412600882522383,0.019747520640963735,-0.008334919758441351,52.10823969579665,0.7253691524267196,0.8492017914811525,0.6015365133722868,0.3414334305233446,0.0608180718762534,248127759.3,0.8278164989659824,0.003419989376211038,0.062076797136941704
2025-08-20,0.7255250215530396,0.7304360270500183,0.6846969723701477,0.6862689852714539,165694881,0.057202113346354944,0.05562590274936168,0.7269691944122314,0.7520834028720855,0.7282479047775269,0.7365395430824409,0.7270107261131802,0.009528816969260667,0.017703779906623123,-0.008174962937362456,54.5590690247272,0.7282479047775269,0.8491012738317366,0.6073945357233171,0.3319017281378361,0.061688861676624844,246373134.4,0.6725363193658342,0.8926297349683222,0.06197560666954844
2025-08-21,0.7130659818649292,0.7314749956130981,0.7042819857597351,0.7255250215530396,160540322,-0.01717244659796968,-0.017321603113502036,0.7214227914810181,0.7483608007431031,0.7314568042755127,0.7329282259720544,0.7259777820947912,0.006950443877263179,0.015553112700751135,-0.008602668823487956,49.72816662505232,0.7314568042755127,0.846716560477056,0.6161970480739695,0.31515123115357385,0.05983993411064148,238704103.3,0.6725494860816663,0.3230239286611542,0.06169380841270255
2025-08-22,0.7886589765548706,0.802590012550354,0.6880859732627869,0.7130659818649292,317150271,0.10601122001674801,0.10076004772929012,0.7269823908805847,0.7486301958560944,0.7392959535121918,0.7415021876001799,0.7306208335362786,0.010881354063901338,0.014618760973381177,-0.003737406909479839,52.478048330724455,0.7392959535121918,0.8471257992367085,0.6314661077876751,0.2917095520738258,0.06391450762748718,246096598.3,1.288722693409127,0.8783357786719248,0.06499344893777406
2025-08-23,0.809211015701294,0.8258270025253296,0.7613589763641357,0.7886589765548706,231729643,0.026059475333941595,0.02572571323022528,0.7445459961891174,0.7421924948692322,0.7469374030828476,0.7519189303849668,0.736442328511465,0.01547660187350186,0.014790329153405316,0.0006862727200965448,49.91402217122703,0.7469374030828476,0.8516426238528451,0.6422321823128502,0.28035875653795295,0.06451729365757533,252018335.0,0.9194951748252761,0.7422599195903916,0.06479150083800247
2025-08-24,0.7757790088653564,0.8167089819908142,0.7656090259552002,0.8091859817504883,289006865,-0.04131432492545106,-0.04219202104216505,0.762448000907898,0.7444759964942932,0.7504924029111862,0.7555897116896422,0.7393561566858272,0.01623355500381496,0.015078974323487246,0.001154580680327713,48.94111421532425,0.7504924029111862,0.8539773894909283,0.6470074163314442,0.27577890509835984,0.06397765023367745,256700506.75,1.125852335310982,0.1990213242621003,0.06418462190241889
2025-08-25,0.6876360177993774,0.7831230163574219,0.680420994758606,0.7757920026779175,310788172,-0.11361868529401908,-0.12060804319101825,0.7548702001571655,0.7409196972846985,0.7518150031566619,0.7451352972449861,0.7355250352868309,0.009610261958155175,0.013985231850420832,-0.004374969892265657,45.21983059570711,0.7518150031566619,0.8510843102466827,0.6525456960666411,0.26407907975556916,0.06656907711710248,262011699.05,1.1861614314431506,0.07025199919078007,0.0680336879116622
2025-08-26,0.7058640122413635,0.7155879735946655,0.6846870183944702,0.6876199841499329,225461609,0.026508201970456113,0.026162947674307106,0.7534298062324524,0.7374262988567353,0.7536905527114868,0.7390935610905826,0.7333279224686481,0.005765638621934466,0.012341313204723559,-0.006575674582789093,43.72179326400112,0.7536905527114868,0.8475926464275536,0.6597884589954199,0.24917943678143095,0.06461357218878609,265197427.5,0.8501651434759864,0.6853181999233946,0.06820422798205714
2025-08-27,0.6965180039405823,0.7118800282478333,0.6948909759521484,0.7058640122413635,178487268,-0.013240522450074232,-0.013328959671599095,0.7350016117095948,0.7309920012950897,0.7527023524045944,0.7325434753751978,0.7306012618369394,0.0019422135382584083,0.010261493271430529,-0.00831927973317212,34.18034840124038,0.7527023524045944,0.848655614815154,0.6567490899940348,0.2549567225451756,0.058295288256236484,264794287.35,0.6740601158214526,0.09576914606093942,0.0664522120370947
2025-08-28,0.7363799810409546,0.7399089932441711,0.6936749815940857,0.6965180039405823,207147839,0.05723036141901772,0.05565262204449319,0.7204354047775269,0.7324907004833221,0.7516391009092331,0.7331337070160835,0.731029315111311,0.002104391904772518,0.008630072998098927,-0.006525681093326409,48.2705107450661,0.7516391009092331,0.8478327275204619,0.6554454742980044,0.2559569519330926,0.05213814548083714,257815083.2,0.8034744764692651,0.923670447058978,0.0664289861530046
2025-08-29,0.6936020255088806,0.7376769781112671,0.6763849854469299,0.7363749742507935,234355787,-0.0580922304156104,-0.05984791834527055,0.7040000081062316,0.7332240045070648,0.7458076030015945,0.7270519098611292,0.7282569232889087,-0.0012050134277794555,0.00666305571292325,-0.007868069140702705,46.9915833036766,0.7458076030015945,0.8411825576835718,0.6504326483196173,0.25576289192582363,0.052210790770394463,254679493.15,0.9201988903832558,0.2809019009582541,0.06560136220838664
2025-08-30,0.7066360116004944,0.7214890122413635,0.680512011051178,0.6936020255088806,105788530,0.01879173591232086,0.0186173525004747,0.7078000068664551,0.7313351035118103,0.7417092531919479,0.723911002436416,0.7266553742749521,-0.0027443718385360416,0.0047815702026313914,-0.007525942041167433,46.495041997021836,0.7417092531919479,0.8363830442477311,0.6470354621361647,0.2552854522128564,0.05324171696390424,246788335.7,0.42866098067373126,0.6375282088795533,0.06562261491992646
2025-08-31,0.6921349763870239,0.7190470099449158,0.6917070150375366,0.7066360116004944,117378551,-0.020521223056020554,-0.020734709066603723,0.7050541996955871,0.7292420029640198,0.7388014018535614,0.7190223830442019,0.7240983077647353,-0.00507592472053342,0.0028100712179984287,-0.00788599593853185,42.867432707305,0.7388014018535614,0.8359065377379384,0.6416962659691843,0.2628720942888097,0.05175900459289551,238216324.55,0.49273932515637914,0.015653301853351044,0.06490175009303231
2025-09-01,0.6714699864387512,0.7226719856262207,0.6548230051994324,0.6921349763870239,209927562,-0.029856878576119517,-0.030311670509152785,0.700044596195221,0.7175231039524078,0.7330766499042511,0.7117066297202864,0.7201999135924402,-0.008493283872153756,0.0005494001999679912,-0.009042684072121748,44.60843327348061,0.7330766499042511,0.8319581224252132,0.6341951773832891,0.2697711693146335,0.05331436225346157,235934218.35,0.8897715789940226,0.24535341107664058,0.06409497448074601
2025-09-02,0.7098559737205505,0.7121769785881042,0.6698470115661621,0.6714959740638733,151061211,0.0571670931792283,0.05559277687236559,0.6947397947311401,0.7075875997543335,0.7248900473117829,0.7114219134126347,0.7194336958241521,-0.008011782411517343,-0.0011628363223290762,-0.006848946089188267,52.529516911387006,0.7248900473117829,0.7987301099057299,0.6510499847178358,0.20372762150005808,0.052829861640930176,219317100.7,0.6887799014206101,0.9451685299439073,0.059872609044443345
2025-09-03,0.7187659740447998,0.7270249724388123,0.7026240229606628,0.7098559737205505,114613630,0.012551842421709258,0.012473721079571046,0.699772584438324,0.7018862962722778,0.7231811463832856,0.7125517688945062,0.7193842349516074,-0.006832466057101194,-0.0022967622692835004,-0.004535703787817693,49.22468249709696,0.7231811463832856,0.7958603392170126,0.6505019535495585,0.20099858298907342,0.05130571126937866,201244459.85,0.5695243987607344,0.6615293590644157,0.051629069780624995
2025-09-04,0.6906750202178955,0.7218859791755676,0.683193027973175,0.7187659740447998,135806773,-0.03908219760157072,-0.03986640707437477,0.6965803861618042,0.7021901965141296,0.721554946899414,0.7091861152519507,0.7172576264528139,-0.008071511200863135,-0.0034517120555994274,-0.004619799145263708,47.52049565533294,0.721554946899414,0.7956736518487872,0.6474362419500408,0.2054416098673231,0.0521271356514522,193417833.65,0.7021419402605329,0.19336830297335345,0.05161258154413649
2025-09-05,0.7204359769821167,0.7308210134506226,0.6894530057907104,0.6906750202178955,149786887,0.04308966719953489,0.0421871427927391,0.7022405862808228,0.703647392988205,0.7205368459224701,0.7109168632104379,0.7174930598253548,-0.006576196614916929,-0.004076608967462928,-0.002499587647454001,41.5917094822026,0.7205368459224701,0.7940999131061283,0.646973778738812,0.20418960556966026,0.046903133392333984,195155655.15,0.7675252192147403,0.7489595330895069,0.05226387651422902
2025-09-06,0.712710976600647,0.72297602891922,0.708778977394104,0.7204359769821167,86614664,-0.010722674364250229,-0.01078057651963147,0.710488784313202,0.7052666902542114,0.7181293457746506,0.7111928806550855,0.7171388314383395,-0.005945950783253995,-0.004450477330621142,-0.0014954734526328528,37.7183237831218,0.7181293457746506,0.7892467881417792,0.647011903407522,0.19806304473023242,0.04331234948975699,190301012.8,0.45514557555733615,0.2769586649735147,0.05191191653605698
2025-09-07,0.7214120030403137,0.7264000177383423,0.7115359902381897,0.712710976600647,80793547,0.012208351948173046,0.012134431046325148,0.7127999901771546,0.7037698924541473,0.7181302964687347,0.712765053329736,0.7174553626681153,-0.004690309338379217,-0.004498443732172757,-0.0001918656062064603,42.61580441471316,0.7181302964687347,0.7892479230416892,0.6470126698957802,0.1980632955402704,0.04072406888008118,183876913.25,0.43938929347890826,0.6644232969691203,0.050632114473110626
2025-09-08,0.7520549893379211,0.7576109766960144,0.7182919979095459,0.7214120030403137,186581976,0.04247640206770309,0.04159903852834346,0.7194577932357789,0.7096151888370514,0.7214195966720581,0.7188096588694568,0.7200182979769898,-0.0012086391075329939,-0.003840482807244804,0.0026318436997118102,60.36905540628159,0.7214195966720581,0.7924177531537074,0.6504214401904088,0.19682902102789301,0.03619670867919922,182935799.4,1.0199314547068363,0.8586942968379354,0.05000169447705523
2025-09-09,0.7633730173110962,0.788769006729126,0.7419790029525757,0.7520549893379211,339871846,0.01504946863412071,0.014937348876676127,0.733997392654419,0.7152888894081115,0.7233119964599609,0.7256655601681705,0.7232297586684051,0.002435801499765411,-0.002585225945842761,0.005021027445608172,59.46741015909637,0.7233119964599609,0.7967467050380158,0.649877287881906,0.20305126677688082,0.03733164072036743,191644647.65,1.7734481508750866,0.45723462405224863,0.04858870560091596
2025-09-10,0.7729529738426208,0.7890290021896362,0.7593550086021423,0.7633730173110962,163578554,0.012549508974353252,0.012471416555548683,0.7445007920265198,0.7233706891536713,0.7263063460588455,0.7329405468873167,0.7269129597924211,0.006027587094895592,-0.0008626633376950898,0.006890250432590683,62.573408927435466,0.7263063460588455,0.8028020167223759,0.649810675395315,0.21064299129043484,0.03823770795549665,191796559.25,0.8528753312345982,0.4582450494212845,0.048371526963125876
2025-09-11,0.7896649837493896,0.7947450280189514,0.7703279852867126,0.7729529738426208,176285136,0.021620991796806877,0.02139057348593849,0.7598915934562683,0.7351901888847351,0.7263566464185714,0.7416673833276356,0.7315612578633076,0.010106125464327986,0.0013310944227095261,0.00877503104161846,59.48790564629588,0.7263566464185714,0.803026076381449,0.6496872164556939,0.21110684493880397,0.036679353032793315,184753302.5,0.9541650060626116,0.7919464594981859,0.04242676306015906
2025-09-12,0.8016260266304016,0.8074569702148438,0.7699750065803528,0.7896649837493896,184549851,0.01514698400861092,0.015033413840673346,0.7759343981742859,0.7443671941757202,0.7259773969650268,0.7508917899895996,0.7367512407349442,0.014140549254655355,0.0038929853890986932,0.010247563865556662,71.60584077354342,0.7259773969650268,0.8009780475821764,0.6509767463478773,0.20661979541151645,0.03497863667351859,182394312.9,1.0118180115691535,0.8444331229378891,0.04215605707030097
2025-09-13,0.8210170269012451,0.8350380063056946,0.7972429990768433,0.8016260266304016,215868621,0.024189584203437864,0.023901650304538606,0.7897268056869506,0.7545922994613647,0.7282392978668213,0.7616802879760066,0.7429931508213369,0.018687137154669742,0.006851815742212905,0.011835321412456837,72.30997813174663,0.7282392978668213,0.8118036069989676,0.644674988734675,0.2294968408788847,0.03475135139056614,178737400.7,1.207741749374114,0.6290254527587208,0.041280320192788905
2025-09-14,0.7860479950904846,0.8215479850769043,0.7718600034713745,0.8210279941558838,156449738,-0.04259233446441868,-0.043525995438294954,0.7942618012428284,0.7641295969486237,0.7331598967313766,0.7654291659936187,0.7461823985449775,0.019246767448641178,0.009330806083498561,0.009915961365142617,66.96326196112057,0.7331598967313766,0.8182334792748692,0.648086314187884,0.23207374795804697,0.03634763615471976,171020479.0,0.9148011917333011,0.2855416602817797,0.03285393308424058
2025-09-15,0.7437689900398254,0.8059200048446655,0.7329829931259155,0.7860479950904846,205088970,-0.053786798407637004,-0.05528736366051941,0.7884250044822693,0.7664628982543945,0.7350551456212997,0.7620968312314966,0.7460036275445959,0.016093203686900703,0.01068328560417899,0.005409918082721713,62.11334883499835,0.7350551456212997,0.8192527100389633,0.6508575812036361,0.22909183050884224,0.03671106696128845,170001847.05,1.206392598426771,0.14788096168090648,0.035195878209456806
2025-09-16,0.7790660262107849,0.7867469787597656,0.7352870106697083,0.7437689900398254,154580795,0.047456988182674076,0.04636531057032488,0.7863052129745484,0.7730984032154083,0.7391825467348099,0.7647074766129256,0.7484526941124617,0.01625478250046386,0.011797584983435966,0.004457197517027894,61.71709098981827,0.7391825467348099,0.82351893998816,0.6548461534814598,0.22818826993653765,0.037363209894725254,168806523.4,0.9157276145881457,0.8507391018406835,0.03630235072911271
2025-09-17,0.8122860193252563,0.8185499906539917,0.7584609985351562,0.7790660262107849,199025154,0.042640792945428,0.0417567187570219,0.7884372115135193,0.7821858048439025,0.7429778486490249,0.7720272524148226,0.7531810885726687,0.018846163842153874,0.01320730075517955,0.005638863086974323,64.62859727858785,0.7429778486490249,0.8333957745918794,0.6525599227061705,0.24339332890546772,0.0399123557976314,168400389.15,1.1818568532090592,0.8957549450339124,0.0353581819577122
2025-09-18,0.8322340250015259,0.8390979766845703,0.8065850138664246,0.8122860193252563,198221090,0.024557859179750174,0.024261162631417477,0.7906806111335755,0.7902037084102631,0.7499094486236573,0.781289832812777,0.759036861641473,0.02225297117130398,0.015016434838404438,0.007236536332899543,72.7217811529168,0.7499094486236573,0.8454972785781816,0.654321618669133,0.2549316590955374,0.03947092805589948,166593654.3,1.1898477816150528,0.7888854482351856,0.03222384031924761
2025-09-19,0.7917640209197998,0.8537409901618958,0.7867010235786438,0.8322340250015259,221865342,-0.04862815369949802,-0.04985028728589673,0.7918238162994384,0.7930428087711334,0.7541658490896225,0.7829012463677035,0.7614610956620897,0.02144015070561378,0.016301178011846308,0.005138972693767473,61.06842283627237,0.7541658490896225,0.8492201646869733,0.6591115334922717,0.2520780162933494,0.041304639407566617,172397494.9,1.2869406375579533,0.07552206309124597,0.034651805207399244
2025-09-20,0.8092749714851379,0.8248609900474548,0.7872899770736694,0.7917640209197998,117491304,0.022116375716334735,0.021875355862680464,0.804925012588501,0.7966750085353851,0.7600228488445282,0.7869587425396166,0.7650028642415748,0.021955878298041798,0.017432118069085407,0.00452376022895639,64.54276695109925,0.7600228488445282,0.8534047823168208,0.6666409153722356,0.2457345423608311,0.04297420808247158,172403132.55,0.6814917006564565,0.5851582595131412,0.034225377414747175
2025-09-21,0.7801169753074646,0.8199179768562317,0.7782580256462097,0.8092749714851379,124919195,-0.03602977628748871,-0.036694873113673504,0.8051352024078369,0.7957202076911927,0.7654551982879638,0.7859061629654394,0.7661224280242334,0.019783734941206,0.017902441443509526,0.0018812934976964735,58.32796121522385,0.7654551982879638,0.8493007168750502,0.6816096797008775,0.21907361469258374,0.044888202633176534,168152714.2,0.742891338949318,0.0446219729270339,0.03461423355003292
2025-09-22,0.7034260034561157,0.7811830043792725,0.6885290145874023,0.7801169753074646,292403042,-0.09830701584351875,-0.10348118919138409,0.7833631992340088,0.785900205373764,0.7651336997747421,0.7732169076563127,0.761478248426595,0.01173865922971773,0.016669685000751167,-0.004931025771033437,43.89857317106915,0.7651336997747421,0.8499208850055955,0.6803465145438887,0.2216271097608562,0.0486978462764195,175219805.75,1.6687784851057,0.16078085028360006,0.04004649288320792
2025-09-23,0.683459997177124,0.7120199799537659,0.6809449791908264,0.7034339904785156,146458026,-0.02838394682723344,-0.028794559581425638,0.7536083936691285,0.7721445024013519,0.7633684009313584,0.759408152197976,0.755699118704412,0.0037090334935639957,0.014077554699313731,-0.010368521205749735,40.186365064367855,0.7633684009313584,0.853520809088493,0.6732159927742237,0.23619633206494514,0.04757534606116159,176812025.55,0.8283261590631101,0.08093377683708021,0.04043295638483162
2025-09-24,0.6822609901428223,0.709991991519928,0.6777939796447754,0.6834579706192017,142444464,-0.0017543192568021393,-0.001755859876919554,0.7317077875137329,0.7617658019065857,0.7629476994276047,0.7475393580356446,0.7502592573294794,-0.00271989929383476,0.010718063900684032,-0.013437963194518792,38.62859355020002,0.7629476994276047,0.8545945778005869,0.6713008210546224,0.24024419614015372,0.04775563308170864,177143910.1,0.8041171944301573,0.13873555696581766,0.03946761885014349
2025-09-25,0.6398000121116638,0.6831079721450806,0.6364229917526245,0.6822599768638611,225943913,-0.062235682011175575,-0.06425662168687583,0.6978127956390381,0.7513689041137696,0.758915901184082,0.73096407404734,0.7420770910170487,-0.011113016969708678,0.00635184772660549,-0.01746486469631417,32.34893428102599,0.758915901184082,0.8644760236418159,0.6533557787263482,0.27818661407156164,0.04934620005743844,180951761.4,1.248641689099358,0.07233631903210176,0.040450475159977343
2025-09-26,0.6699699759483337,0.6727290153503418,0.6373069882392883,0.6398109793663025,158193432,0.047155303634793366,0.04607725291770314,0.6757833957672119,0.7404592990875244,0.7567788511514664,0.7215803666474928,0.736735823234181,-0.015155456586688154,0.0020503868639467604,-0.017205843450634913,35.13133675544336,0.7567788511514664,0.8678635559649129,0.6456941463380198,0.2935724343893257,0.04919906173433576,184530699.8,0.8572743298077493,0.9221092396984957,0.042066714441387196
2025-09-27,0.673412024974823,0.6806430220603943,0.6615239977836609,0.6699709892272949,92634852,0.005137616833675418,0.005124464309496216,0.6697806000709534,0.726571899652481,0.7543788522481918,0.7141698525440051,0.7320451715112656,-0.017875318967260467,-0.0019347543022946866,-0.01594056466496578,32.7071727216444,0.7543788522481918,0.8706345768821709,0.6381231276142126,0.3082157573413281,0.047865062952041626,185122765.05,0.5003968689371086,0.6217901500197137,0.0419686051753995
2025-09-28,0.6829289793968201,0.6847749948501587,0.6532689929008484,0.673412024974823,94062867,0.014132439084901804,0.014033507177556316,0.6696743965148926,0.7116413950920105,0.7509225517511368,0.7093635643675151,0.7284069350583436,-0.01904337069082851,-0.005356477580001452,-0.013686893110827058,37.1528053155254,0.7509225517511368,0.8714991340131537,0.6303459694891198,0.32114252523335385,0.04656635011945452,180496809.6,0.521133128105994,0.9414072001144203,0.040830144123108085
2025-09-29,0.6745589971542358,0.6854919791221619,0.6612139940261841,0.6829280257225037,132483969,-0.012256006839798772,-0.012331731045295153,0.6681339979171753,0.6999208927154541,0.7464818507432938,0.7040090155654722,0.7244181989172985,-0.020409183351826288,-0.008367018734366422,-0.012042164617459866,40.58162157707555,0.7464818507432938,0.8715846419710552,0.6213790595155323,0.3351797263475139,0.04309070536068508,170127415.75,0.7787338002869769,0.5496748423951477,0.04061566371865429
2025-09-30,0.6704009771347046,0.677511990070343,0.6522169709205627,0.6745589971542358,132957757,-0.006164056868372847,-0.006183133098623464,0.6742541909217834,0.6860334932804107,0.741354250907898,0.698838548114585,0.720416923229699,-0.021578375115113957,-0.01100929001051593,-0.010569085104598027,33.84311229440945,0.741354250907898,0.8702382037215229,0.612470298094273,0.347698695072666,0.04122178043637957,168596375.9,0.7886157474634068,0.7188766657064636,0.04039623910274076
2025-10-01,0.7043229937553406,0.7056900262832642,0.6637719869613647,0.6704009771347046,160718667,0.05059959304596884,0.04936104218372642,0.6811247944831849,0.6784540951251984,0.7370871514081955,0.6996823089823936,0.7192247803056724,-0.0195424713232788,-0.012715926273068506,-0.006826545050210292,33.98093438999864,0.7370871514081955,0.8648828950791156,0.6092914077372753,0.3467588423614984,0.03992385523659842,167818052.45,0.9576959370797418,0.9673877351155891,0.041940566760686505
2025-10-02,0.7509559988975525,0.7540370225906372,0.702189028263092,0.7043120265007019,217556108,0.06620968725381515,0.06411001114072666,0.6966335892677307,0.683207094669342,0.734553650021553,0.7075705689693412,0.7215752409421079,-0.014004671972766669,-0.012973675413008139,-0.0010309965597585305,38.82524070551773,0.734553650021553,0.8589253580982779,0.6101819419448282,0.3386320606345787,0.04130492891584124,169468365.3,1.2837564557542822,0.9405756550701438,0.044686312938226794
2025-10-03,0.7446900010108948,0.7596309781074524,0.7259290218353271,0.7509549856185913,195313768,-0.008344028006776139,-0.008379034273318436,0.7089857935905457,0.6893300950527191,0.7307372987270355,0.7132812508218879,0.7232874453916477,-0.010006194569759819,-0.012380179244358476,0.0023739846745986573,42.85596691588783,0.7307372987270355,0.8484435054524475,0.6130310920016235,0.3221573797600299,0.038923642465046475,168440622.65,1.159540762360154,0.556673133670683,0.04426152202351577
2025-10-04,0.724390983581543,0.7479199767112732,0.7147120237350464,0.7446900010108948,124832398,-0.027258345622737656,-0.027636746565984124,0.718952190876007,0.6935430943965912,0.7276544481515884,0.7149904404772194,0.7233691889612696,-0.00837874848405018,-0.011579893092296819,0.0032011446082466383,37.225961530699216,0.7276544481515884,0.8424549533433168,0.6128539429598601,0.3155357752112925,0.038611995322363715,166859755.65,0.7481276567481298,0.29146502763284926,0.043685510293239874
2025-10-05,0.7192170023918152,0.7549260258674622,0.7140889763832092,0.7243899703025818,165595731,-0.007142525662241828,-0.007168155613300331,0.7287153959274292,0.7014847934246063,0.726426848769188,0.7156406807717726,0.7230616195857543,-0.007420938813981759,-0.010748102236633807,0.003327163422652048,40.12223412849259,0.726426848769188,0.8410267137356916,0.6118269838026843,0.3155166006341161,0.03855321662766593,164885093.7,1.0043098941453918,0.1255728515561548,0.04205496577190537
2025-10-06,0.7581390142440796,0.7649329900741577,0.7152910232543945,0.7192170023918152,214782065,0.05411720207228976,0.05270364134923626,0.739478600025177,0.7103016972541809,0.7253804981708527,0.7221788859213583,0.7256599451160006,-0.0034810591946423664,-0.009294693628235519,0.0058136344335931525,60.11334840532191,0.7253804981708527,0.838326917172361,0.6124340791693444,0.31141289098981373,0.035480929272515435,167895157.2,1.2792630149787312,0.8631403045300697,0.0424816109904363
2025-10-07,0.7122489809989929,0.7619119882583618,0.7047420144081116,0.7581390142440796,230441563,-0.06052984001996309,-0.06243922222958188,0.7317371964454651,0.7141853928565979,0.7203786462545395,0.7206512082409944,0.7246665403665926,-0.004015332125598237,-0.008238821327708062,0.004223489202109826,54.85606415085158,0.7203786462545395,0.8257249334963552,0.6150323590127238,0.2924747639024062,0.03734485592160906,169465977.65,1.3598101884257474,0.13130958040052845,0.043225835774607826
2025-10-08,0.7308189868927002,0.7438799738883972,0.7050979733467102,0.7122489809989929,163349446,0.026072351648241288,0.025738262437961897,0.7289629936218261,0.7189743936061859,0.7153078943490982,0.7222154818797184,0.7251222771463042,-0.002906795266585771,-0.007172416115483604,0.004265620848897833,57.737240696806396,0.7153078943490982,0.8068420301496089,0.6237737585485876,0.25592933203625007,0.03781514082636152,167722395.45,0.9739274565077172,0.6632202195485023,0.04328282994774036
2025-10-09,0.7077130079269409,0.7319880127906799,0.6853020191192627,0.7308189868927002,168030572,-0.031616555371667854,-0.03212714965675222,0.7256273984909057,0.7222897946834564,0.7111053436994552,0.7199843320408295,0.7238327016485736,-0.003848369607744151,-0.006507606813935713,0.002659237206191562,61.532608064144235,0.7111053436994552,0.7952815748112174,0.626929112587693,0.23674757012468414,0.037815213203430176,165030656.95,1.0181779258802133,0.4800365643932593,0.04255323053187455
2025-10-10,0.49873000383377075,0.7334579825401306,0.2543930113315582,0.7076969742774963,540853462,-0.2952934335703832,-0.3499737806428826,0.6815299987792969,0.7051226973533631,0.6955780953168869,0.6859452046243589,0.707158427736366,-0.021213223112007018,-0.009448730073549976,-0.011764493038457042,31.908164031269095,0.6955780953168869,0.8119268272590996,0.5792293633746741,0.3345382286347225,0.06950399492468153,186198764.85,2.904710256460114,0.5100289148369929,0.07714561187785611
2025-10-11,0.4561069905757904,0.5078809857368469,0.44024598598480225,0.49866798520088196,380940577,-0.08546310214010466,-0.08933746438736132,0.621123594045639,0.680301097035408,0.6793775960803032,0.6505854793861175,0.6885620249837308,-0.03797654559761321,-0.015154293178362626,-0.022822252419250583,28.796737821426618,0.6793775960803032,0.8310360381777259,0.5277191539828806,0.44646288889248686,0.07296942174434662,198999833.95,1.9142758535955051,0.2345087943231747,0.07844708632181016
2025-10-12,0.4883579909801483,0.4986110031604767,0.4470529854297638,0.4561069905757904,241333465,0.07070928766876428,0.06832131453389648,0.5763453960418701,0.6540412962436676,0.6686241954565049,0.6256274042467377,0.673732096539021,-0.04810469229228331,-0.021744373001146768,-0.026360319291136546,31.821472212831083,0.6686241954565049,0.8420411227356822,0.4952072681773275,0.5187276453876352,0.07440170858587537,196446355.1,1.2284955090011747,0.8011362607995827,0.07901675675113487
2025-10-13,0.5036739706993103,0.5110489726066589,0.47183799743652344,0.48833099007606506,315487518,0.0313621974085494,0.030880450235814535,0.5309163928031921,0.6299396932125092,0.6596348941326141,0.6068653375471335,0.661135198328672,-0.054269860781538504,-0.02824947055722512,-0.026020390224313385,34.238986545353626,0.6596348941326141,0.8478235567683294,0.47144623149689885,0.5705843165958456,0.0754683507340295,204897829.7,1.5397308915468713,0.8119146490365228,0.07959608485235217
2025-10-14,0.4853459894657135,0.5049110054969788,0.45324599742889404,0.5037599802017212,323811987,-0.036388581304191425,-0.037067158274470643,0.48644298911094663,0.6060351938009262,0.6497891440987587,0.588170053226915,0.6481137754499343,-0.05994372222301936,-0.034588320890383974,-0.025355401332635384,33.366831387158555,0.6497891440987587,0.8529986687054569,0.4465796194920604,0.6254629719569871,0.07735192137105125,213966205.85,1.5133791138354198,0.6213099934372953,0.07974657566808163
2025-10-15,0.4564630091190338,0.49242299795150757,0.4524939954280853,0.4853459894657135,161342458,-0.0595100834735961,-0.061354351695226295,0.47798959016799925,0.5797597944736481,0.6406222939491272,0.5679074310564717,0.6339174223883861,-0.06600999133191443,-0.04087265497869007,-0.025137336353224363,27.518123658847074,0.6406222939491272,0.8615016921481912,0.4197428957500632,0.6895776194033122,0.07720984731401716,210736133.1,0.7656136402742032,0.09940174925739209,0.07966093799194127
2025-10-16,0.42694199085235596,0.46349599957466125,0.42239999771118164,0.4564630091190338,192769552,-0.06467340765170204,-0.06685951405412001,0.47215659022331236,0.5466400921344757,0.6284708946943283,0.5462204402558385,0.6185859089412727,-0.07236546868543425,-0.04717121772003891,-0.02519425096539534,19.669107472530612,0.6284708946943283,0.86846496085892,0.38847682852973653,0.7637396359661764,0.0764418478522982,212464939.1,0.9073005306973022,0.11052150647276322,0.07912270150830626
2025-10-17,0.41943201422691345,0.4340279996395111,0.3967759907245636,0.42694199085235596,205206565,-0.01759015694485666,-0.017746702242930724,0.4583713948726654,0.5173583954572678,0.6157718941569328,0.5267145285590809,0.603833768592061,-0.0771192400329801,-0.05316082218262716,-0.023958417850352937,19.623405102036898,0.6157718941569328,0.8720771098607778,0.3594666784530877,0.8324680555768408,0.07669542304107121,218093524.75,0.9409108557222307,0.6081824331206661,0.07892354118690996
2025-10-18,0.4275220036506653,0.4298909902572632,0.4186510145664215,0.41943201422691345,81833126,0.019287963601593683,0.019104308628046053,0.4431410014629364,0.4870286971330643,0.6030015453696251,0.5114541401116323,0.5907736378556613,-0.07931949774402902,-0.058392557294907534,-0.020926940449121488,21.627701504508508,0.6030015453696251,0.8704278906058565,0.33557520013339387,0.8869839465247326,0.07512628180640084,217482037.7,0.37627533227770565,0.789234909033011,0.07904904273409931
2025-10-19,0.43837499618530273,0.44494399428367615,0.4211609959602356,0.4275220036506653,116496823,0.02538581041902499,0.02506894217831327,0.43374680280685424,0.46009489595890046,0.5911923453211785,0.5002111948921969,0.5794848495837829,-0.07927365469158598,-0.06256877677424323,-0.01670487791734275,23.447655429440175,0.5911923453211785,0.866069284590634,0.3163154060517229,0.9299069632578633,0.07390813529491425,216682680.4,0.5376379080457415,0.723794063011827,0.07968102908287399
2025-10-20,0.44735801219940186,0.45743000507354736,0.43119099736213684,0.43837499618530273,121967008,0.02049162496097745,0.020284496434456335,0.43192580342292786,0.45495769679546355,0.5800401970744133,0.4920799360163822,0.5696976764441991,-0.07761774042781688,-0.06557856950495797,-0.012039170922858916,18.853812362086288,0.5800401970744133,0.8594471726855015,0.3006332214633252,0.9634055605813232,0.07223649535860334,216133142.95,0.5643142293461939,0.6161440574901738,0.0801078883567859
2025-10-21,0.4331730008125305,0.46660900115966797,0.42702800035476685,0.4474729895591736,162163066,-0.03170841026660465,-0.0322220080025004,0.43317200541496276,0.4526642978191376,0.5664826974272728,0.483017330600405,0.5595847375085199,-0.07656740690811487,-0.06777633698558935,-0.008791069922525513,20.133260222689785,0.5664826974272728,0.8468102762755649,0.2861551185789806,0.9897127665908338,0.07098014014107841,216205362.9,0.7500418297903377,0.15525122610064235,0.07858013518115663
2025-10-22,0.4198800027370453,0.43811801075935364,0.40825900435447693,0.4331730008125305,155653801,-0.030687503723802467,-0.031168225504159913,0.43326160311698914,0.4458164989948273,0.5499288976192475,0.4733038955445035,0.5492362386365588,-0.07593234309205532,-0.06940753820688254,-0.0065248048851727775,16.34312666451565,0.5499288976192475,0.8234067923566073,0.27645100288188756,0.9945936499111085,0.07034278341702052,213110247.55,0.7303909726982061,0.38919561933963653,0.0758875338038849
2025-10-23,0.43352898955345154,0.43960198760032654,0.4186609983444214,0.4198800027370453,97814778,0.032506875124877155,0.03198970454746966,0.43446300029754636,0.4388020008802414,0.5343708470463753,0.4671846792381878,0.5406653312970694,-0.0734806520588816,-0.07022216097728236,-0.0032584910815992435,19.701277243475218,0.5343708470463753,0.7963588930867402,0.27238280100601026,0.9805476757890139,0.06850385453019824,208235298.05,0.4697319758752591,0.7099943525778755,0.07691467679274543
2025-10-24,0.44824299216270447,0.4498260021209717,0.43134599924087524,0.43352898955345154,92114282,0.033940066209664055,0.03337681135956851,0.4364365994930267,0.4350917011499405,0.5205634474754334,0.46427057353426726,0.5338192321019312,-0.0695486585676639,-0.07008746049535867,0.0005388019276947736,40.22323438698785,0.5205634474754334,0.7691496463187554,0.27197724863211137,0.9550659004157351,0.03560492822102138,206599392.25,0.4458594045065493,0.9143388065507153,0.07796314241942569
2025-10-25,0.44686299562454224,0.4507110118865967,0.4394280016422272,0.44824299216270447,61641353,-0.0030786795606194683,-0.003083428443902625,0.4363375961780548,0.4341316998004913,0.5069457471370697,0.46159248462507885,0.5273780293999024,-0.06578554477482357,-0.06922707735125165,0.003441532576428083,47.86961459143362,0.5069457471370697,0.739001277326682,0.2748902169474575,0.9155043966741011,0.031579786113330295,201401673.35,0.3060617718546875,0.658954235770808,0.07800462391738949
2025-10-26,0.46480199694633484,0.4683240056037903,0.4399240016937256,0.44686299562454224,95443709,0.04014429813486964,0.039359451735244556,0.4426633954048157,0.4379177004098892,0.49227889627218246,0.4620862557514259,0.5227427677366752,-0.06065651198524924,-0.06751296427805117,0.0068564522928019345,44.18783628806509,0.49227889627218246,0.6923641997327986,0.2921935928115663,0.8128940930670665,0.02992564226899828,195434755.55,0.4883660980944696,0.875985319281577,0.07736454881383971
2025-10-27,0.4520469903945923,0.4746749997138977,0.4497770071029663,0.46480199694633484,117566339,-0.027441806695196358,-0.027825366405975608,0.4490967929363251,0.4411791980266571,0.47926879674196243,0.46054175338883613,0.5175060434891134,-0.056964290100277315,-0.06540322944249641,0.008438939342219093,37.098606276447896,0.47926879674196243,0.650953100300313,0.3075844931836119,0.7164426506605439,0.028903286371912276,189790994.35,0.6194516204662057,0.09117130105164929,0.0768228387809463
2025-10-28,0.4358910024166107,0.4615890085697174,0.42941299080848694,0.4520469903945923,106084016,-0.035739620705977915,-0.03639391784074253,0.4495691955089569,0.44201609790325164,0.46452239751815794,0.45674933016233993,0.5114604848911503,-0.05471115472881033,-0.0632648144997592,0.008553659770948865,37.50574856304746,0.46452239751815794,0.5895601892737568,0.3394846057625591,0.5383498941004718,0.0275112156357084,186927722.85,0.5675135522039555,0.20133037105124776,0.07614699554560855
2025-10-29,0.440326988697052,0.455049991607666,0.4308350086212158,0.4358910024166107,125208734,0.010176824609473112,0.010125389400291914,0.4479859948158264,0.4422112971544266,0.4511530965566635,0.45422281609075715,0.5061913370249207,-0.05196852093416354,-0.06100555578664006,0.00903703485247652,45.348884156560835,0.4511530965566635,0.5016925343034085,0.4006136588099185,0.22404562057748134,0.026388785668781826,184786630.95,0.6775854581919364,0.39198772765069717,0.07644980601549682
2025-10-30,0.40035000443458557,0.44690701365470886,0.3879599869251251,0.440326988697052,147305069,-0.09078931178113836,-0.09517843144277359,0.43868339657783506,0.4375104963779449,0.44623409658670427,0.4459346912205769,0.4983512383145255,-0.05241654709394861,-0.05928775404810178,0.006871206954153171,42.77077109322805,0.44623409658670427,0.49642546929025444,0.3960427238831541,0.22495534557968444,0.02766385887350355,165109211.3,0.8921674801798293,0.2101889797497195,0.044870247976992975
2025-10-31,0.39883899688720703,0.4079110026359558,0.38921499252319336,0.40035000443458557,110377287,-0.0037742163872648282,-0.0037813567136871684,0.4254907965660095,0.4340770959854126,0.4433706969022751,0.4386891997846738,0.4909799611717611,-0.052290761387087326,-0.05788835551589889,0.005597594128811563,44.212875062583365,0.4433706969022751,0.4975651154935428,0.3891762783110074,0.24446549566722,0.02633843038763319,151581046.8,0.7281734051199334,0.514762195695545,0.04120311609960397
2025-11-01,0.41652899980545044,0.4182890057563782,0.39700400829315186,0.39883899688720703,98531066,0.04435374438384265,0.04339826768533082,0.4183871984481812,0.43374199569225313,0.4397792473435402,0.4352799382494087,0.485465075144627,-0.05018513689521831,-0.056347711791762775,0.006162574896544468,47.068860295987385,0.4397792473435402,0.4908510567609437,0.38870743792613666,0.23226111612087058,0.027055931942803518,144440926.85,0.6821547614570711,0.9173119410942899,0.03898691162419993
2025-11-02,0.42139700055122375,0.4293319880962372,0.4062969982624054,0.41652899980545044,99145796,0.01168706320099444,0.011619296959055373,0.41548839807510374,0.4325287967920303,0.43566539883613586,0.4331441016804572,0.480719291841412,-0.047575190160954794,-0.05459320746560119,0.007018017304646393,45.32379344633206,0.43566539883613586,0.47748320539375994,0.3938475922785118,0.1919721266335991,0.02700250276497432,133623840.75,0.7419768466728495,0.6555243063922579,0.038203372255669374
2025-11-03,0.3528290092945099,0.4213779866695404,0.344294011592865,0.4213779866695404,222058877,-0.16271589775679707,-0.17759183688237284,0.3979888021945953,0.4229873985052109,0.4290395498275757,0.42078793362108063,0.47124593757867844,-0.05045800395759781,-0.05376616676400052,0.003308162806402712,30.39801242837899,0.4290395498275757,0.478928123216964,0.3791509764381874,0.2325593219060468,0.03063564428261348,128536185.25,1.727598158978349,0.11072335833643186,0.05130947238713599
2025-11-04,0.34625500440597534,0.3672749996185303,0.32009100914001465,0.3528290092945099,219938886,-0.018632268649563244,-0.018808036088586985,0.3871698021888733,0.4129265993833542,0.4235291495919228,0.4093213291264491,0.461987349936256,-0.052666020809806924,-0.053546137573161796,0.0008801167633548726,31.388803023855914,0.4235291495919228,0.48390704021500924,0.3631512589688363,0.28511799332471705,0.031178714973585948,131466006.65,1.6729715278074888,0.554509897435975,0.0502242924231022
2025-11-05,0.37278300523757935,0.37714600563049316,0.33052700757980347,0.34623900055885315,125781759,0.0766140575415355,0.07382098440810382,0.38195860385894775,0.40372470021247864,0.4208212003111839,0.40370004852816144,0.45537962069931703,-0.0516795721711556,-0.05317282449276056,0.0014932523216049653,40.456340547917385,0.4208212003111839,0.4852750840399323,0.35636731658243553,0.3063243186469065,0.03237585723400116,128116617.0,0.9817755256525389,0.9064113421682023,0.05238124705100743
2025-11-06,0.3642520010471344,0.37278300523757935,0.3509640097618103,0.37278300523757935,94082161,-0.022884638169081817,-0.0231505562938791,0.37150320410728455,0.39494520127773286,0.418062199652195,0.39763111814646496,0.4486294266510072,-0.050998308504542234,-0.052737921295116896,0.0017396127905746628,35.664475651162306,0.418062199652195,0.4873120791981106,0.3488123201062794,0.3312898396627475,0.032438571963991435,122560396.8,0.767639167760919,0.6090099431929191,0.05245953065921477
2025-11-07,0.42294999957084656,0.4375849962234497,0.3642370104789734,0.3642520010471344,187557442,0.1611466741568197,0.1494080290659778,0.3718138039112091,0.3936511009931564,0.41783359944820403,0.4015263306732929,0.4467272468672916,-0.045200916193998686,-0.05123052027489325,0.006029604080894563,45.57212521419596,0.41783359944820403,0.48698210503258593,0.3486850938638221,0.3309858550183625,0.03635771359716143,127846612.6,1.4670505395932563,0.8004716215615847,0.06426882262041939
2025-11-08,0.42302000522613525,0.4361169934272766,0.4114139974117279,0.42294999957084656,130889379,0.00016551756793892203,0.00016550387141759624,0.3858520030975342,0.39192040264606476,0.41706584990024564,0.40483304983526863,0.44497115489387257,-0.040138105058603935,-0.04901203723163539,0.008873932173031458,45.80673444199406,0.41706584990024564,0.48559223545123387,0.3485394643492574,0.3286118274482481,0.037316284009388516,128566240.4,1.0180695849296997,0.4698216810983339,0.06402140265935025
2025-11-09,0.42834800481796265,0.4344959855079651,0.40397998690605164,0.42302000522613525,98848064,0.012595148045017934,0.012516488961131384,0.40227060317993163,0.39472020268440244,0.4161153495311737,0.4084507352172216,0.44373981044380517,-0.03528907522658359,-0.04626744483062504,0.01097836960404145,43.29125204315781,0.4161153495311737,0.4833884991105127,0.3488421999518347,0.32333894750642533,0.03746742648737771,127410293.2,0.7758247902689859,0.7985322795584432,0.06391386216264945
2025-11-10,0.4432680010795593,0.45264700055122375,0.4264509975910187,0.42834800481796265,134307850,0.03483148303197381,0.03423859513439437,0.41636760234832765,0.3991631031036377,0.41662009954452517,0.4138072376575812,0.44370486160200917,-0.029897623944427965,-0.04299348065338563,0.013095856708957666,48.397146254976576,0.41662009954452517,0.48458010585689393,0.3486600932321564,0.3262444917403977,0.03756014151232583,126017532.4,1.0657870174261561,0.641968054989426,0.06391956834083234
2025-11-11,0.4061410129070282,0.4514029920101166,0.4060100018978119,0.4432680010795593,129616368,-0.08375742909957407,-0.08747413397193597,0.4247454047203064,0.3981243044137955,0.4159331500530243,0.4126278184651884,0.4409223542912698,-0.02829453582608138,-0.04005369168792478,0.011759155861843403,44.9546525029825,0.4159331500530243,0.48403202240050963,0.34783427770553893,0.32745104514417245,0.03850421096597399,124715660.75,1.0392950429844072,0.002886150042785901,0.06644844743369598
2025-11-12,0.3989909887313843,0.4326539933681488,0.392877995967865,0.4061410129070282,111932609,-0.017604782448505607,-0.017761589728658902,0.41995360255241393,0.39588370323181155,0.4142062500119209,0.41052984465998776,0.43781632721275976,-0.027286482552771996,-0.03750024986089423,0.010213767308122235,43.053707280985385,0.4142062500119209,0.48217791215482786,0.34623458786901395,0.3282020111524185,0.039615711995533535,125421552.3,0.8924511533094779,0.1536854290578111,0.06612072032763727
2025-11-13,0.3914389908313751,0.4277400076389313,0.37505999207496643,0.3989909887313843,149897172,-0.018927740508679625,-0.01910916311690683,0.4136373996734619,0.39974470138549806,0.4113660499453545,0.4075927902248166,0.43438096896228684,-0.026788178737470247,-0.035357835636209436,0.008569656898739189,48.319406136659794,0.4113660499453545,0.47808495929009825,0.3446471406006107,0.3243773245439514,0.03916806834084647,128310696.8,1.1682359751630622,0.31091478375463344,0.06566185921622512
2025-11-14,0.37860599160194397,0.39377298951148987,0.3676620125770569,0.3914389908313751,158598286,-0.03278416184901567,-0.03333360455613144,0.4036889970302582,0.40297980010509493,0.40795319974422456,0.40313328274437465,0.430249489157817,-0.027116206413442367,-0.033709509791656024,0.006593303378213657,46.34039505645242,0.40795319974422456,0.4740065250040444,0.34189987448440473,0.32382795527150393,0.03969770882810865,133158543.45,1.1910485192379145,0.4191331048638028,0.0659589906277228
2025-11-15,0.38951098918914795,0.401529997587204,0.37860599160194397,0.37860599160194397,76521327,0.028803024328968307,0.02839601416346814,0.3929375946521759,0.40465259850025176,0.4041886493563652,0.40103754527433977,0.42723182249347114,-0.026194277219131368,-0.03220646327715109,0.006012186058019724,44.990207802370016,0.4041886493563652,0.4649718552074695,0.343405443505261,0.30076651557581413,0.03981478086539677,132212424.35,0.5787756133828129,0.4757018837456674,0.06558759463114575
2025-11-16,0.3832789957523346,0.39929500222206116,0.36791300773620605,0.38951098918914795,94913372,-0.01599953174565527,-0.016128906061760342,0.3883651912212372,0.4065552979707718,0.4007502496242523,0.39830546073249284,0.4239760575496832,-0.02567059681719036,-0.030899289985158944,0.005228693167968583,42.96757302897318,0.4007502496242523,0.4577999638480993,0.34370053540040535,0.28471455365199344,0.04041099548339844,131079776.0,0.7240886038743307,0.48964329295964804,0.06544720952414682
2025-11-17,0.3647330105304718,0.3928210139274597,0.3563379943370819,0.3832789957523346,127814183,-0.048387689978834025,-0.0495975645071547,0.3815135955810547,0.40073359906673434,0.39719235002994535,0.39314046839372035,0.41958768369640825,-0.0264472153026879,-0.03000887504866474,0.003561659745976841,52.69328612301439,0.39719235002994535,0.453888916354118,0.3404957837057727,0.28548669842154883,0.037509569099971225,132166284.35,0.9670710168527182,0.2301074304312718,0.0658081689860814
2025-11-18,0.3804129958152771,0.3886460065841675,0.3609989881515503,0.3647330105304718,123680288,0.04299031026009992,0.04209188571670782,0.3793083965778351,0.3964728981256485,0.3941966503858566,0.3911823956893445,0.4166858549644726,-0.025503459275128093,-0.029107791893957412,0.0036043326188293194,57.42242393801531,0.3941966503858566,0.44752846838813976,0.34086483238357346,0.2705848360207002,0.03611407109669277,132089862.05,0.9363344474777578,0.7022095597378091,0.0666571088228284
2025-11-19,0.3746280074119568,0.3842819929122925,0.35602501034736633,0.3804129958152771,102798111,-0.015207126115453273,-0.015323940242311712,0.37851279973983765,0.3911008983850479,0.3929105505347252,0.3886355667235925,0.4135704588494714,-0.024934892125878905,-0.028273211940341714,0.003338319814462809,50.440635492210944,0.3929105505347252,0.44685463526879887,0.3389664658006515,0.2745871021313089,0.03480249856199537,129864514.15,0.7915796834327123,0.6583502126720071,0.06361983622161231
2025-11-20,0.36028701066970825,0.3952850103378296,0.35305899381637573,0.3746280074119568,142924536,-0.03828063160926076,-0.03903258772361085,0.3726680040359497,0.3828027993440628,0.39098295122385024,0.3842742504076103,0.4096235367620815,-0.0253492863544712,-0.02768842682316761,0.002339140468696408,49.07862469969758,0.39098295122385024,0.4467591325477992,0.3352067698999013,0.2853126007124301,0.03626014292240143,131491876.6,1.0869457467306387,0.17117444971196064,0.06415399329032506
2025-11-21,0.30709201097488403,0.36726999282836914,0.2940349876880646,0.3602930009365082,208878458,-0.14764617685201686,-0.15975355297497384,0.3574306070804596,0.37289789915084837,0.38551110178232195,0.37240005972565243,0.4020286089259928,-0.02962854920034036,-0.02807645129860216,-0.0015520979017382003,22.370551892602222,0.38551110178232195,0.4513073309914194,0.3197148725732245,0.3413454445534964,0.036252072879246304,137009246.2,1.5245573842154312,0.17828935054911438,0.07070978549774065
2025-11-22,0.3023270070552826,0.30838799476623535,0.2880510091781616,0.30709201097488403,103201349,-0.015516534944932658,-0.015638176315642103,0.34494940638542176,0.3632315009832382,0.37955760210752487,0.36161959008405703,0.394643305083718,-0.03302371499966095,-0.029065904038813917,-0.0039578109608470295,21.84792260701242,0.37955760210752487,0.4528074925887724,0.30630771162627735,0.38597509350107323,0.03594021499156952,137212023.85,0.752130506527763,0.7019718234827604,0.07047725199348219
2025-11-23,0.3011089861392975,0.3083440065383911,0.3007799983024597,0.3023270070552826,62033158,-0.004028819415932583,-0.004036956972727355,0.3290886044502258,0.35419850051403046,0.37697160094976423,0.3523102664002478,0.3877148370137609,-0.0354045706135131,-0.030333637353753756,-0.005070933259759342,19.740870912437444,0.37697160094976423,0.45748621589964067,0.2964569859998878,0.4271654137713463,0.03430078710828509,129210737.9,0.48009290100958396,0.04349379213219977,0.06117995959048953
2025-11-24,0.3186759948730469,0.32447201013565063,0.2987470030784607,0.3011089861392975,88126806,0.05834103112958111,0.056702617158359066,0.31789820194244384,0.34820550084114077,0.37559265047311785,0.3471357630883708,0.3826008487070413,-0.03546508561867051,-0.03135992700673711,-0.004105158611933404,20.7387615550918,0.37559265047311785,0.4592073099707261,0.2919779909755096,0.44524119091405273,0.034267144543784,122620133.9,0.7186976819962516,0.7746930449173864,0.0627526647441947
2025-11-25,0.3243350088596344,0.3268370032310486,0.3107379972934723,0.3186759948730469,77345180,0.017757892271873077,0.01760206299812377,0.3107078015804291,0.3416879028081894,0.3731702506542206,0.34362795474548824,0.37828486057019634,-0.034656905824708095,-0.0320193227703313,-0.0026375830543767936,27.454969139483225,0.3731702506542206,0.45987761681195505,0.28646288449648616,0.46470674447239074,0.032174717102731974,120198304.95,0.6434797897705296,0.8445865026088755,0.06018587390189052
2025-11-26,0.32510799169540405,0.3276430070400238,0.310945987701416,0.3243350088596344,77059958,0.0023832852287128947,0.002380449708813686,0.3143109977245331,0.33587080240249634,0.3712130501866341,0.3407787296608599,0.3743458332461377,-0.03356710358527776,-0.03232887893332059,-0.001238224651957165,28.896719226059872,0.3712130501866341,0.4604969000615581,0.2819292003117101,0.48103831387412116,0.030526218669755117,119347194.8,0.6456788375222038,0.8481750679590574,0.06006061908619175
2025-11-27,0.33392301201820374,0.3424200117588043,0.32348498702049255,0.32510799169540405,80690637,0.027114129913664353,0.026753054191346808,0.3206301987171173,0.33278980255126955,0.36676170080900194,0.3397240038696821,0.3713515501922166,-0.031627546322534505,-0.03218861241116337,0.0005610660886288671,33.68933266352451,0.36676170080900194,0.4540394456900197,0.2794839559279842,0.47593707133815083,0.02811586218220847,114003854.55,0.7077886736242814,0.551254599844575,0.046648981070683035
2025-11-28,0.3312680125236511,0.33930298686027527,0.3269219994544983,0.33392301201820374,80171982,-0.007950932996519167,-0.007982710215381715,0.32666200399398804,0.3278753042221069,0.3621741011738777,0.3384230821241389,0.36838239925380434,-0.02995931712966543,-0.03174275335486378,0.0017834362251983524,35.75324431407533,0.3621741011738777,0.4465997847861702,0.27774841756158525,0.4662160178690424,0.027135148644447327,111467984.7,0.7192377454008101,0.35102285597160215,0.04658512755453024
2025-11-29,0.3271850049495697,0.33518800139427185,0.32329198718070984,0.33124300837516785,50582807,-0.01232539037794933,-0.01240197796721982,0.3283638060092926,0.32313100397586825,0.3571159511804581,0.33669414717420515,0.3653307404164536,-0.02863659324224843,-0.031121521332340713,0.0024849280900922817,30.439264072689582,0.3571159511804581,0.43683930172884833,0.27739260063206783,0.4464843997299039,0.0263474349464689,109054721.85,0.4638295907037793,0.32725368568278845,0.046251090492274494
2025-11-30,0.3197160065174103,0.32975900173187256,0.31930598616600037,0.3271850049495697,69716036,-0.02282805849647862,-0.023092653167227795,0.3274400055408478,0.3190739035606384,0.35093835145235064,0.3340821255346983,0.36195187123874667,-0.027869745704048376,-0.03047116620668225,0.002601420502633872,30.20473723074592,0.35093835145235064,0.421131221608513,0.28074548129618826,0.400029634069179,0.024852507880755832,105825131.15,0.6587852549049262,0.03922504052305935,0.04493633351333024
2025-12-01,0.2872979938983917,0.3197599947452545,0.27821099758148193,0.31973299384117126,104057120,-0.1013962765647557,-0.10691313875879713,0.31987800598144533,0.3170945018529892,0.3449962005019188,0.32688456682142036,0.3564219543987204,-0.02953738757730001,-0.030284410480805803,0.000747022903505791,27.80252623334391,0.3449962005019188,0.4156324271821067,0.27435997382173094,0.4094898817866547,0.025214363421712602,104547168.75,0.9953126540311021,0.21870549833096672,0.04649877364544072
2025-12-02,0.31660300493240356,0.3209710121154785,0.2846449911594391,0.2872979938983917,79567698,0.10200214291916043,0.09712865530157293,0.31641400456428526,0.31852210164070127,0.34087680131196973,0.32530278806926394,0.3534724025864006,-0.028169614517136676,-0.029861451288071984,0.0016918367709353073,33.033595431647626,0.34087680131196973,0.4077645483971955,0.27398905422674397,0.39244528714061855,0.02583429217338562,102928923.2,0.7730353677692025,0.8797551764363967,0.05346178865314434
2025-12-03,0.32809099555015564,0.33100301027297974,0.31349799036979675,0.31660300493240356,86958048,0.03628515977037172,0.03564235670635727,0.31577860116958617,0.32122030258178713,0.3377094015479088,0.32573174306632424,0.3515922983614935,-0.025860555295169285,-0.029061272089491445,0.0032007167943221594,37.990514684427055,0.3377094015479088,0.40038257933776733,0.27503622375805026,0.37116631934197114,0.025066294840403965,99781967.0,0.8714805952863206,0.8336464011241365,0.054398965936781674
2025-12-04,0.31891199946403503,0.3296400010585785,0.3168869912624359,0.3280160129070282,70530096,-0.02797698263778592,-0.028375794388274055,0.31412400007247926,0.3212439030408859,0.33472470194101334,0.3246825517428951,0.3491715354802003,-0.02448898373730518,-0.028146814419054193,0.003657830681749012,39.03037911352388,0.33472470194101334,0.3948303928529624,0.2746190110290643,0.3591350776528059,0.022961080074310303,95378557.5,0.7394753899481024,0.1587865645916764,0.05429110920558529
2025-12-05,0.30103200674057007,0.3257020115852356,0.29423001408576965,0.3189049959182739,76096345,-0.05606560039607844,-0.05769860719631179,0.3103872001171112,0.3189136028289795,0.33030075281858445,0.3210440063579221,0.34560564446244996,-0.024561638104527883,-0.027429779156148935,0.0028681410516210523,48.02314747121538,0.33030075281858445,0.3863130274182619,0.274288478218907,0.3391592306205964,0.019978008099964688,95357308.4,0.7980127194949223,0.2161283373777742,0.05465324288037708
2025-12-06,0.31417399644851685,0.31798601150512695,0.29994699358940125,0.30103200674057007,52508520,0.043656453179985455,0.04273036747048319,0.31576240062713623,0.3178202033042908,0.32684550285339353,0.3199870817564751,0.3432773742391957,-0.023290292482720576,-0.026601881821463266,0.0033115893387426903,53.66437142026461,0.32684550285339353,0.37735268588172766,0.2763383198250594,0.3090584547586026,0.01981386755193983,93237065.8,0.5631721628030899,0.7886790200437055,0.05599677434379522
2025-12-07,0.3046889901161194,0.32141101360321045,0.29830101132392883,0.31417399644851685,80608711,-0.030190297222614793,-0.030655409434779,0.3133795976638794,0.31489680111408236,0.32384330183267596,0.3176335291964204,0.34041897541526406,-0.022785446218843652,-0.02583859470093934,0.0030531484820956883,51.05345029196687,0.32384330183267596,0.37194914435396387,0.27573745931138804,0.2970933303177803,0.020924295697893416,90876792.2,0.8870109633997402,0.2764160708783978,0.05545728842700761
2025-12-08,0.3180930018424988,0.3274739980697632,0.3041650056838989,0.3046799898147583,76397775,0.043992438720122484,0.043052246828972525,0.311379998922348,0.3135793000459671,0.320727302134037,0.3177042172958171,0.3387651995950592,-0.02106098229924208,-0.02488307222059989,0.0038220899213578102,49.824140172921936,0.320727302134037,0.3608089661201316,0.2806456381479424,0.24994232620298615,0.02075172322137015,88512666.55,0.8631281598192909,0.5975372059272037,0.05550568655570614
2025-12-09,0.33892300724983215,0.3476479947566986,0.31387799978256226,0.3180840015411377,85767945,0.0654840102947225,0.06342916568158823,0.31538220047950744,0.31475310027599335,0.3189420521259308,0.32096864651951174,0.3387768890509683,-0.017808242531456575,-0.023468106282771233,0.005659863751314657,54.031481484531874,0.3189420521259308,0.3513640047145291,0.2865200995373325,0.20330936213953285,0.022013936723981584,87661158.25,0.9784030545820446,0.7416346987941304,0.057793348919264007
2025-12-10,0.32386499643325806,0.34408101439476013,0.32328200340270996,0.33892399072647095,88613257,-0.04442900155631602,-0.04544621304535264,0.319948798418045,0.3151679992675781,0.3171209514141083,0.3214142388139342,0.3376723044126194,-0.0162580655986852,-0.022026098145954028,0.005768032547268827,49.68162784747204,0.3171209514141083,0.34324462860947436,0.2909972742187422,0.1647552902378424,0.0223069361277989,84945594.3,1.0431766088662235,0.028029830383407374,0.05800484613464574
2025-12-11,0.3138920068740845,0.32387399673461914,0.3009220063686371,0.32387399673461914,91922065,-0.03079366300466746,-0.0312777516837864,0.3198924005031586,0.3178274005651474,0.3174609512090683,0.32025697236164963,0.3359108008912465,-0.015653828529596847,-0.020751644222682594,0.005097815693085747,44.89965246892155,0.3174609512090683,0.3432093507006018,0.2917125517175348,0.1622145929662798,0.022593862244061062,79097774.65,1.1621321257993191,0.5650923796895136,0.047710629633558654
2025-12-12,0.307108998298645,0.32161998748779297,0.29487499594688416,0.31389299035072327,86682430,-0.0216093701875002,-0.021846271706854208,0.3203764021396637,0.31687799990177157,0.3177000507712364,0.31823420712118744,0.33377733403253523,-0.015543126911347793,-0.019709940760415635,0.004166813849067842,43.97521896484374,0.3177000507712364,0.3429405305989437,0.29245957094352915,0.1588950317535956,0.023619862539427623,78271828.7,1.107453747276509,0.4574313571471622,0.047848795989711104
2025-12-13,0.31585898995399475,0.31767600774765015,0.3069539964199066,0.307108998298645,51507853,0.028491485771579006,0.02809315177965182,0.3199295997619629,0.31565479934215546,0.3184375509619713,0.3178687890954655,0.33245004928597666,-0.014581260190511147,-0.01868420464643474,0.004102944455923591,47.23976571149837,0.3184375509619713,0.3424699265059667,0.2944051754179759,0.15093933156686923,0.023536005190440586,77745563.45,0.662518228877792,0.8305330927710631,0.04818909855045823
