Date,Close,High,Low,Open,Volume,returns,log_returns,SMA_5,SMA_10,SMA_20,EMA_12,EMA_26,MACD,MACD_Signal,MACD_Hist,RSI,BB_Middle,BB_Upper,BB_Lower,BB_Width,ATR,Volume_SMA,Volume_Ratio,Price_Position,Volatility
2021-01-12,1034.85302734375,1133.73046875,1000.9818725585938,1095.7869873046875,22283,-0.05553520499108733,-0.05713686641560026,1177.658349609375,1133.1076232910157,913.1888916015625,1073.65574760598,994.1614077895449,79.49433981643506,73.38491638531869,6.109423431116369,69.00913946699819,913.1888916015625,1396.7556762973134,429.6221069058118,1.0590728580757593,147.7618451799665,75982.05,0.2932666333693287,0.2551526400608178,0.07443096145287971
2021-01-13,1138.37060546875,1148.287841796875,797.6719970703125,1034.7791748046875,56553,0.1000311883811249,0.09533853247613397,1159.6954345703125,1151.72470703125,939.5180480957031,1083.8707753051615,1007.2513392015588,76.61943610360265,74.03662912018737,2.5828069834152814,72.48099825945476,939.5180480957031,1411.1835112857343,467.85258490567173,1.0040583342620057,170.12330409458704,76133.4,0.7428145859767199,0.9717148084235144,0.07600438647643043
2021-01-14,1211.4788818359375,1229.1119384765625,1121.487060546875,1138.3865966796875,68022,0.06422185887089338,0.06224388315983847,1152.4165283203124,1173.7474731445313,968.7851806640625,1103.9330353866196,1025.4847305544743,78.44830483214537,74.92420357741379,3.524101254731576,74.22053297923313,968.7851806640625,1431.1242449046965,506.44611642342846,0.9544717930629771,174.56129673549108,77254.45,0.8804929683662236,0.8361618894424533,0.07624848664117162
2021-01-15,1170.951904296875,1238.0272216796875,1091.7869873046875,1211.7294921875,295924,-0.033452483693026336,-0.034024818265481135,1130.2715087890624,1180.5165405273438,995.9591522216797,1114.434185831796,1038.27748577881,76.15670005298603,75.1718724557381,0.9848275972479286,71.92430826167995,995.9591522216797,1437.2386851256224,554.679619317737,0.8861398219386474,182.91671316964286,91535.8,3.232877191219173,0.5413347245038846,0.07749031437422411
2021-01-16,1224.3394775390625,1286.3460693359375,1156.919189453125,1170.86669921875,83899,0.04559331006361478,0.044584485128002324,1155.998779296875,1184.8069946289063,1023.052767944336,1131.6063609803462,1054.4164304233266,77.18993055701958,75.57701465996723,1.6129158970523463,72.26243785652483,1023.052767944336,1449.582285585416,596.523250303256,0.8338367892755408,187.52545601981026,91226.85,0.9196744160299297,0.52091411105462,0.07653466751635364
2021-01-17,1197.7623291015625,1247.243408203125,1159.2322998046875,1223.4034423828125,15937,-0.021707336016739687,-0.021946406286253925,1188.5806396484375,1183.1194946289063,1046.5872009277343,1141.9181753713444,1066.6946870993174,75.223488272027,75.50609504098291,-0.2826067689559153,64.05755015009336,1046.5872009277343,1455.950687080874,637.2237147745946,0.7822826149417164,178.28196934291296,91908.5,0.17340071919354574,0.4377859794478078,0.07703070570910776
2021-01-18,1226.3419189453125,1226.7855224609375,1165.2279052734375,1198.0931396484375,95182,0.023860818752905244,0.023580598192850348,1206.17490234375,1182.9351684570313,1071.86064453125,1155.050815970267,1080.2126828559135,74.83813311435347,75.37217886621434,-0.534045751860873,63.62138843084164,1071.86064453125,1458.3277228584407,685.3935662040594,0.7211144103461357,167.205562046596,90823.15,1.0479927199177743,0.9927936858861551,0.07656223414767185
2021-01-19,1358.8095703125,1415.546875,1222.3787841796875,1224.8536376953125,26024,0.1080185300043508,0.10257331201589188,1235.6410400390625,1194.0287841796876,1103.7702941894531,1186.6926523788272,1103.5552083097423,83.13744406908495,76.92824177018294,6.209202298902014,64.46383440308975,1103.7702941894531,1473.1360632144535,734.4045251644527,0.6692801409304857,167.38331821986608,87365.35,0.29787553074531264,0.7062801394701334,0.07815058594482893
2021-01-20,1342.8603515625,1379.2049560546875,1228.92578125,1354.383056640625,8876,-0.011737640872173105,-0.011807070809343725,1270.0227294921874,1200.147119140625,1134.3618286132812,1210.9090599219178,1123.412779017879,87.49628090403871,79.04512531557828,8.451155588460438,59.82886848685475,1134.3618286132812,1473.8844739153697,794.8391833111928,0.5986143693095586,169.72848074776786,83749.9,0.10598221609816848,0.7581527543852644,0.07873024115535335
2021-01-21,1118.6336669921875,1342.215087890625,1092.5084228515625,1342.215087890625,12499,-0.16697691931213177,-0.18269392929054604,1248.8815673828126,1202.4401733398438,1154.1851531982422,1196.6176636643768,1123.0197084112935,73.59795525308323,77.9543409774729,-4.356385724389668,45.257693640769425,1154.1851531982422,1433.2976133046225,875.072693091862,0.4836528339200358,178.01365443638392,84120.2,0.14858500098668334,0.10462373575607962,0.09024527292132137
2021-01-22,1222.072509765625,1311.2344970703125,1040.8555908203125,1115.1116943359375,17611,0.09246891616588537,0.08844019556076882,1253.743603515625,1221.1621215820312,1177.1348724365234,1200.5559881009124,1131.100517035625,69.45547106528738,76.25288195163316,-6.797410886345773,49.72267957708843,1177.1348724365234,1387.9743369336654,966.2954079393814,0.3582248210194137,179.0464128766741,83302.05,0.21141136382598028,0.6702331977445455,0.09123661312810825
2021-01-23,1230.167724609375,1267.663818359375,1197.5167236328125,1222.1510009765625,13234,0.0066241690072077475,0.0066023256095334186,1254.5087646484376,1230.3418334960938,1191.033270263672,1205.1334674239956,1139.1222835786225,66.01118384537313,74.20291818175406,-8.191734336380932,49.188186574085215,1191.033270263672,1374.2825695303475,1007.7839709969965,0.3077148285305374,173.84219796316964,82209.55,0.16097886437767875,0.46546476513650886,0.07513142247658083
2021-01-24,1341.5460205078125,1343.7515869140625,1226.18505859375,1230.34912109375,8732,0.09053911403325454,0.08667217399728225,1251.0560546875,1243.3485473632813,1208.5480102539063,1226.205034781352,1155.4008317166727,70.80420306467931,73.52274404676386,-2.718540982084548,52.56271706416848,1208.5480102539063,1377.8265725234069,1039.2694479844058,0.280135436628515,172.68983677455358,68159.6,0.12811108046408723,0.9812398439626177,0.07680791556138455
2021-01-25,1330.399658203125,1483.993896484375,1308.1956787109375,1341.330322265625,2899,-0.008308594810984005,-0.008343303572581338,1248.563916015625,1259.2933227539063,1219.904931640625,1242.28989229476,1169.385200231718,72.90469206304192,73.39907094030443,-0.4943788772625055,61.81458084973024,1219.904931640625,1389.9174854507041,1049.8923778305457,0.27873082467407173,160.27965000697546,47050.4,0.06161477904544913,0.12630378039179077,0.07364875394780135
2021-01-26,1351.9599609375,1381.410888671875,1251.6517333984375,1330.3660888671875,57576,0.016205884150252148,0.01607597050736711,1295.2291748046875,1272.05537109375,1228.4311828613281,1259.211093546297,1183.8903025418488,75.32079100444821,73.78357092485678,1.5372200795914353,66.62056206411444,1228.4311828613281,1407.198851074677,1049.6635146479794,0.29105035871354795,160.06611851283483,48066.8,1.1978330157197898,0.773033912866924,0.07235604015803594
2021-01-27,1253.2640380859375,1365.593994140625,1215.3017578125,1354.597412109375,717095,-0.07300210487233882,-0.075803984047057,1301.46748046875,1277.6055419921875,1230.3625183105469,1258.293919978803,1189.372412587687,68.92150739111594,72.81084254970321,-3.889335158587272,56.05251423764288,1230.3625183105469,1409.3372153503315,1051.3878212707623,0.2909300216419806,145.75728934151786,82321.55,8.710902552247862,0.252589762441425,0.07447811776523898
2021-01-28,1333.482666015625,1356.33544921875,1226.1739501953125,1253.1871337890625,142652,0.06400776332192715,0.062042687248029055,1322.13046875,1288.3196166992188,1235.627392578125,1269.8853946666839,1200.7043358962005,69.18105877048333,72.08469727576801,-2.9036385052846754,56.37929341947693,1235.627392578125,1420.4324798854739,1050.822305270776,0.2991275337814498,147.36704799107142,86603.2,1.6471908659264323,0.8244274736936281,0.07566237270644469
2021-01-29,1363.721435546875,1426.264892578125,1292.47900390625,1369.27880859375,288,0.02267653738732256,0.022423246733595352,1326.5655517578125,1288.8108032226562,1241.4197937011718,1284.3470186230543,1213.4647916110914,70.88222701196287,71.84415326397031,-0.9619262520074443,60.189093062010976,1241.4197937011718,1434.899536696394,1047.9400507059495,0.3117071984463553,146.47745186941964,85759.85,0.003358214828967168,0.5325108076983365,0.07571895691312464
2021-01-30,1336.9901123046875,1380.4329833984375,1266.47802734375,1363.71435546875,2892,-0.01960174750165733,-0.019796409767199062,1327.883642578125,1288.223779296875,1244.18544921875,1292.4579675683758,1223.0934908180118,69.36447675036402,71.34813554616943,-1.983658795805411,56.12695257881555,1244.18544921875,1441.628855091772,1046.7420433457278,0.317385814143705,145.372314453125,84504.8,0.03422290804782687,0.6187715514620594,0.07579566813886374
2021-01-31,1326.3629150390625,1398.3580322265625,1274.9530029296875,1337.26416015625,19256,-0.007948598249022165,-0.007980356758453731,1322.7642333984375,1308.9967041015625,1255.718438720703,1297.6806576990016,1231.1121858117615,66.5684718872401,70.39207573223652,-3.823603844996427,57.117950735891476,1255.718438720703,1443.3459848574796,1068.0908925839265,0.29883696910260743,147.90045166015625,83371.7,0.2309656634085667,0.41659495077410846,0.06722598137229982
2021-02-01,1371.2005615234375,1373.233154296875,1262.876708984375,1326.3638916015625,303434,0.033804960901711034,0.03324613247375441,1346.3515380859376,1323.9095092773437,1272.5358154296875,1309.003417486707,1241.9510691186922,67.05234836801469,69.72405922369258,-2.671710855677887,57.87607344405533,1272.5358154296875,1435.4807941227496,1109.5908367366255,0.25609491963578507,151.3860822405134,97429.25,3.1144035287144263,0.9815815670983462,0.06546136885830552
2021-02-02,1515.1094970703125,1543.51171875,1363.7703857421875,1368.2044677734375,1641086,0.10495104770595232,0.09980103326981514,1382.676904296875,1352.4036865234375,1291.3727600097657,1340.740518508712,1263.0163491915719,77.7241693171402,71.32421736878237,6.399951948357824,58.393714905976495,1291.3727600097657,1474.8265498170763,1107.918970202455,0.28412213032265493,150.4270281110491,176655.9,9.289732185565272,0.841982802659682,0.06580107472433326
2021-02-03,1657.398681640625,1657.398681640625,1510.873046875,1516.787841796875,231308,0.0939134662184149,0.08976160235069199,1441.412353515625,1383.9889526367188,1313.66875,1389.494169789406,1293.3378275561938,96.15634223321217,76.2909803620418,19.86536187117038,64.87328919810588,1313.66875,1555.378607329133,1071.958892670867,0.36799209439842884,150.15891810825892,184820.2,1.2515298652420026,0.9999999999317525,0.06725306938482951
2021-02-04,1594.2725830078125,1685.8348388671875,1558.8565673828125,1657.637939453125,180439,-0.03808745556037563,-0.038831742594928956,1492.86884765625,1410.3762451171874,1334.834783935547,1421.0187908436135,1316.4099144518873,104.6088763917262,81.95486793935,22.654008452376203,76.53368162856167,1334.834783935547,1597.181583367478,1072.487984503616,0.39307755924436344,141.34651402064733,179045.95,1.0077804049742538,0.27891398432344305,0.06744739434368496
2021-02-05,1719.5589599609375,1759.0335693359375,1594.1859130859375,1594.1859130859375,170494,0.07858529230726363,0.07565026791782468,1571.508056640625,1447.1361450195313,1359.5957580566405,1466.9730249320648,1347.238604196937,119.73442073512774,89.51110761916132,30.22331311596642,77.09207255825208,1359.5957580566405,1667.5479474976225,1051.6435686156585,0.45300551670028494,133.8085675920759,183375.7,0.9297524153963692,0.7605388497441534,0.06855814207072443
2021-02-06,1677.891357421875,1738.8671875,1636.2734375,1720.281494140625,1176535,-0.02423156373772084,-0.024529978647152076,1632.8462158203124,1489.598876953125,1383.6022094726563,1499.4369295138695,1372.4630950050246,126.9738345088449,97.0039140832977,29.9699204255472,73.52199660613897,1383.6022094726563,1712.5750775966576,1054.629341348655,0.4755309956456132,136.12618582589286,241405.6,4.87368561458392,0.40565745883953386,0.06864010334306316
2021-02-07,1614.6512451171875,1689.664306640625,1502.4415283203125,1677.7039794921875,131391,-0.03769023067253752,-0.03841887461118436,1652.7545654296875,1517.7157348632813,1403.01767578125,1517.1691093408056,1390.8980964435627,126.27101289724283,102.85749702016369,23.413515877079135,65.11249132338713,1403.01767578125,1738.6784080296088,1067.3569435328914,0.4784839678679756,141.10163225446428,243216.05,0.5402233939742053,0.5993379534134793,0.06979443689488475
2021-02-08,1747.38818359375,1765.308349609375,1572.12353515625,1614.84912109375,229327,0.08220780733794242,0.07900322052124949,1670.7524658203124,1556.0824096679687,1422.4466064453125,1552.5990949127747,1417.9782275391462,134.62086737362847,109.21031276338181,25.410554610246663,70.33762904029362,1422.4466064453125,1790.7315725420253,1054.1616403485996,0.5178190371827809,142.3435320172991,253381.2,0.9050671478389083,0.9072382263822004,0.06822857391512
2021-02-09,1762.4141845703125,1814.2191162109375,1720.1627197265625,1747.089599609375,668181,0.008599120171260077,0.00856235833337735,1704.3807861328125,1598.6248168945312,1443.424298095703,1584.8873357291538,1444.0933532225658,140.793982506588,115.52715940833306,25.266823098254946,70.14735117452281,1443.424298095703,1839.378399229288,1047.470196962118,0.5486316139418794,139.7933349609375,286346.45,2.3334705214609786,0.44921415680938653,0.06796139460420403
2021-02-10,1711.0965576171875,1819.7181396484375,1672.862548828125,1762.941162109375,503252,-0.02911780182116308,-0.029550138154875682,1702.6883056640625,1637.0981811523438,1473.0474426269532,1604.3087178448989,1464.302246801757,140.0064710431418,120.42309161237422,19.58337943076758,73.5691824294602,1473.0474426269532,1855.0951687989677,1090.9997164549386,0.5187174765949035,139.54786028180803,310884.1,1.6187769011023723,0.26035106033682315,0.05398756761485526
2021-02-11,1781.585693359375,1790.525146484375,1690.5137939453125,1711.0894775390625,393422,0.04119529983763637,0.04036937994986339,1723.4271728515625,1678.1366943359376,1501.0231018066406,1631.5875404810151,1488.2780517477354,143.30948873327975,125.00042330044406,18.309065432835695,73.30173334436998,1501.0231018066406,1887.6051266582467,1114.4410769550345,0.5150913725262637,137.39427839006697,329674.65,1.1933644276258426,0.9106156160560415,0.051674450311444554
2021-02-12,1834.777587890625,1847.5142822265625,1722.891845703125,1781.8275146484375,1304647,0.029856489491084215,0.029419461942955506,1767.45244140625,1710.1035034179688,1531.253594970703,1662.852825268181,1514.422593651146,148.43023161703513,129.68642776753228,18.743803849502854,73.92420520313638,1531.253594970703,1923.1769659698687,1139.3302239715374,0.5118987113387501,136.73974609375,394245.3,3.309226514558322,0.8977977425235134,0.05161273450066987
2021-02-13,1812.8143310546875,1855.6019287109375,1763.1251220703125,1834.31591796875,684740,-0.011970528188753327,-0.01204275191069964,1780.5376708984375,1725.645068359375,1554.8170104980468,1685.9271218238018,1536.906231645407,149.0208901783949,133.55334850725976,15.467541671135137,74.28398129624479,1554.8170104980468,1955.290796948727,1154.3432240473667,0.5151394456668549,135.2055925641741,428045.7,1.5996890051693078,0.5373153635386606,0.04943217718173207
2021-02-14,1806.043212890625,1844.338134765625,1789.699462890625,1812.6737060546875,4674487,-0.0037351415685924483,-0.003742134628671701,1789.2634765625,1746.8221313476563,1578.599188232422,1704.4087540437924,1557.159711591647,147.24904245214543,136.2925033093538,10.956539142791627,74.57751446396185,1578.599188232422,1979.4511945137624,1177.7471819510815,0.507857864452825,130.29370989118303,661625.1,7.06515971053698,0.2991242179970861,0.04932279296557549
2021-02-15,1730.6304931640625,1833.630859375,1683.9171142578125,1805.0068359375,366716,-0.041755767075950634,-0.042652593081300205,1793.170263671875,1747.9292846679687,1597.53271484375,1708.443280332404,1570.1986047984249,138.24467553397903,136.68293958027323,1.5617359537058064,67.85673133486564,1597.53271484375,1988.9726159095662,1206.0928137779338,0.49005556810034007,133.10494559151786,677082.1,0.5416123096445764,0.31201797047134994,0.05101665123640745
2021-02-16,1776.184814453125,1839.3590087890625,1704.655517578125,1743.8209228515625,698271,0.026322384511887842,0.025981912317274376,1792.090087890625,1757.7586303710937,1623.6787536621093,1718.8659566782594,1585.6646441101052,133.2013125681542,135.98661157257703,-2.785299004422825,64.37524810359125,1623.6787536621093,1987.1540914705085,1260.20341585371,0.4477182903189471,129.88795689174108,676140.9,1.032730012339144,0.5310129398033145,0.04679935788483616
2021-02-17,1827.8228759765625,1834.355712890625,1731.0111083984375,1776.186279296875,515172,0.029072459748135326,0.028657872009379005,1790.6991455078125,1779.0757934570313,1648.3957641601562,1735.629787044717,1603.8282595887497,131.8015274559673,135.1495922439262,-3.3480647879589185,60.42450213288951,1648.3957641601562,1995.6513099555648,1301.1402183647476,0.42132545271654753,126.80359758649554,694766.9,0.7415033732896601,0.9367858926401502,0.04565323331740119
2021-02-18,1932.12255859375,1946.0836181640625,1812.009521484375,1828.04248046875,324347,0.05706224820140893,0.055493596546132055,1814.560791015625,1797.5492309570313,1676.8158203125,1765.8613171356224,1628.4297451545117,137.43157198111066,135.6059892842169,1.8255826968937754,69.67458668800043,1676.8158203125,2018.973954138617,1334.6576864863828,0.4081046107524806,127.31044224330357,710969.85,0.45620359288090767,0.8958705676561434,0.046523302460450264
2021-02-19,1950.086181640625,1959.1983642578125,1890.4031982421875,1931.2867431640625,3392486,0.009297351747680649,0.00925439740872485,1843.369384765625,1816.3164306640624,1707.4706237792968,1794.2050898097116,1652.5130181823579,141.6920716273537,136.82320808457223,4.868863542781469,65.34245869757692,1707.4706237792968,2030.7738819804863,1384.1673655781074,0.3786926154964746,120.44955008370536,880449.55,3.8531293473885015,0.8675461786981753,0.04571708527479155
2021-02-20,1913.7674560546875,2030.558349609375,1826.4825439453125,1950.08740234375,637944,-0.018624164371741858,-0.018799777976872566,1879.99677734375,1836.5835205078124,1736.8408508300781,1812.6001159452971,1672.0582243726205,140.5418915726766,137.566945921968,2.974945650708605,65.81101734149641,1736.8408508300781,2018.3992311396053,1455.282470520551,0.3242189751294295,127.69826834542411,911383.95,0.6999728270395809,0.42770828134708516,0.04612131746530919
2021-02-21,1925.00830078125,1959.8966064453125,1885.1097412109375,1913.9388427734375,281135,0.005873673256904466,0.0058564904892842344,1909.761474609375,1850.92578125,1764.5312377929688,1829.894331941004,1690.9681856070993,138.92614633390485,137.83878633763075,1.0873599962741025,72.36246894034346,1764.5312377929688,1999.8074896134426,1529.254985972495,0.26667281007136084,119.66713169642857,910269.0,0.3088482635352846,0.5334968839774097,0.04608768344534912
2021-02-22,1766.501953125,1925.117919921875,1564.33740234375,1924.5032958984375,795418,-0.08234060476098803,-0.08592898636139562,1897.4972900390626,1844.0982177734375,1777.1008605957031,1820.1413485378393,1696.611057429003,123.53029110883631,134.97708448512284,-11.446793376286536,51.32791064988073,1777.1008605957031,1981.0454430125021,1573.1562781789041,0.2295250505347621,131.63825334821428,867985.6,0.9163953872045804,0.5603532921698546,0.04653439571223795
2021-02-23,1552.86181640625,1767.2025146484375,1364.9442138671875,1767.2025146484375,112079,-0.12093965497225379,-0.1289017317446957,1821.6451416015625,1818.1029663085938,1771.8740173339843,1779.0203154928938,1685.8788272693491,93.14148822354468,126.6099586676447,-33.46847044410002,38.59029414012781,1771.8740173339843,1993.341256110799,1550.4067785571697,0.24998079616296984,153.65267508370536,862024.15,0.13001839913649751,0.46715655629585484,0.0504661693288405
2021-02-24,1607.3670654296875,1692.8294677734375,1501.1602783203125,1553.31787109375,369209,0.0350998707338801,0.03449791552482377,1753.101318359375,1798.2353515625,1772.528741455078,1752.6115226853774,1680.020616173505,72.59090651187239,115.80614145482426,-43.21523494295187,44.3716743446187,1772.528741455078,1991.852318449105,1553.205164461051,0.24746969892740148,156.85364641462053,871462.65,0.4236658909019222,0.5541150740338889,0.05036665931058303
2021-02-25,1462.032958984375,1652.652099609375,1452.0438232421875,1608.0650634765625,32905,-0.09041749676914101,-0.09476957240489635,1662.7544189453124,1771.3755981445313,1759.65244140625,1707.9062681376363,1663.764116841241,44.14215129639524,101.47333622566033,-57.33118492926509,33.96367172922187,1759.65244140625,2018.7091514718336,1500.5957313406666,0.29444077019954557,164.03914097377233,864583.2,0.03805880105003197,0.04979423542529091,0.05095124042654083
2021-02-26,1443.3668212890625,1538.5517578125,1401.781982421875,1461.6512451171875,130387,-0.012767248221462246,-0.012849449944409033,1566.426123046875,1738.093798828125,1747.9262145996095,1667.2072291166473,1647.336152409869,19.87107670677824,85.15287776539253,-65.28180105861429,29.652477928231903,1747.9262145996095,2041.4980227716715,1454.3544064275475,0.33590869651132194,164.90680803571428,812275.8,0.16052060150013087,0.30404991706228585,0.050809239251359474
2021-02-27,1423.6878662109375,1505.5843505859375,1397.04296875,1443.3333740234375,198672,-0.013634063626701498,-0.013727861007589905,1497.8633056640624,1697.6802978515625,1738.3780456542968,1629.7421956494295,1630.6735952710255,-0.9313996215960287,67.93601675470904,-68.86741637630507,29.723069994542314,1738.3780456542968,2061.168794103154,1415.5872972054394,0.3713700242082432,166.05427769252233,815639.85,0.24357809393447366,0.2454814652973277,0.050307763220176986
2021-02-28,1386.9700927734375,1429.5694580078125,1277.688232421875,1423.755615234375,67312,-0.025790606430623142,-0.02612901531438667,1464.6849609375,1643.1650512695312,1720.3571411132812,1592.3922060042285,1612.5246481487293,-20.13244214450083,50.32232044620808,-70.45476259070891,28.823496973090727,1720.3571411132812,2079.253747351,1361.460534875562,0.41723500040865835,173.00017438616072,807539.1,0.08335447782033092,0.7195218495424464,0.046067847211558356
2021-03-01,1531.6319580078125,1533.61328125,1378.06689453125,1387.0059814453125,453657,0.10430063776292653,0.09921222759765493,1449.537939453125,1601.31962890625,1708.8180297851563,1583.0443833467423,1606.502847005869,-23.458463659126664,35.5661605899751,-59.02462424910176,40.60197978065929,1708.8180297851563,2076.7475294340666,1340.8885301362461,0.4306245524518122,173.41679164341517,796812.9,0.5693394271101786,0.9872621711512808,0.05264921147604008
2021-03-02,1454.9478759765625,1562.6070556640625,1426.7445068359375,1531.5155029296875,349034,-0.050066911721398544,-0.05136373025904412,1448.1209228515625,1555.4376708984375,1696.010595703125,1563.337063898925,1595.224962948976,-31.887899050051146,22.075346442050236,-53.96324549210138,35.26240810331697,1696.010595703125,2081.0415063780224,1310.979685028228,0.4540430486111116,173.49958147321428,789102.0,0.4423179766367339,0.20758751680883175,0.0533444637532686
2021-03-03,1536.8929443359375,1617.01416015625,1447.2884521484375,1455.027099609375,448938,0.05632165228212971,0.054792733868579385,1466.8261474609376,1516.6261352539063,1683.7759582519532,1559.268709083249,1590.8856933378108,-31.616984254561885,11.336878889112029,-42.953863143673914,37.01394189337572,1683.7759582519532,2072.886526464131,1294.6653900397755,0.46218805572701116,178.2410888671875,791877.8,0.5669283821316875,0.5279370652446836,0.054160227788469906
2021-03-04,1490.3192138671875,1567.6214599609375,1455.7322998046875,1536.6265869140625,158451,-0.03030382216301586,-0.030772475272697216,1480.1524169921875,1489.007861328125,1666.5530395507812,1548.6610310516965,1583.4069942449005,-34.745963193204034,2.1203095020307736,-36.866272695234805,29.208014586347687,1666.5530395507812,2058.0077769009813,1275.0983022005812,0.4697777125121881,176.65645054408483,734568.0,0.2157063743588068,0.30911764831471783,0.05373634765947387
2021-03-05,1487.0384521484375,1496.2869873046875,1401.0194091796875,1490.3863525390625,45785,-0.002201381883977005,-0.0022038084869838966,1500.1660888671875,1482.4255249023438,1650.2642456054687,1539.180586364857,1576.2425673128848,-37.061980948027895,-5.716149248201302,-31.345831699826594,27.902836692939303,1650.2642456054687,2043.2022960744098,1257.3261951365275,0.4762122811729164,178.5473371233259,702620.25,0.06516322295009289,0.9029204337162402,0.05375184227488606
2021-03-06,1598.3372802734375,1610.7490234375,1468.7308349609375,1487.0906982421875,74771,0.07484596512228592,0.0721773630545442,1513.5071533203125,1481.5225463867187,1639.8789489746093,1548.2816551322016,1577.8847342468732,-29.603079114671573,-10.493535543490554,-19.10954357118102,35.952585046528185,1639.8789489746093,2026.4083691153285,1253.3495288338902,0.47141213731953807,174.1146501813616,472634.45,0.15820048665517294,0.9126045522314427,0.05689555034985952
2021-03-07,1635.33203125,1642.36181640625,1577.6116943359375,1596.5504150390625,61410,0.023145772443118773,0.02288197187484526,1549.583984375,1498.8524536132813,1635.1140258789062,1561.674069168364,1582.1533790717956,-20.479309903431613,-12.490690523165147,-7.988619380266465,37.38879632397051,1635.1140258789062,2019.2753014579298,1250.9527502998826,0.46988927927828067,173.39773995535714,457369.15,0.1342679102864721,0.8914320940193652,0.05651029000861515
2021-03-08,1782.5750732421875,1782.5750732421875,1570.1412353515625,1635.359130859375,621172,0.0900386216245268,0.08621312829638177,1598.72041015625,1532.7732788085937,1635.4335388183595,1595.6589431220955,1597.0423504488067,-1.3834073267112217,-10.269233788049796,8.885826461338574,50.70668193908144,1635.4335388183595,2020.0991374578016,1250.7679401789173,0.47041422290675583,162.80154854910714,453514.2,1.3696858885565215,0.9999999999529264,0.059846282418605345
2021-03-09,1828.2249755859375,1828.8026123046875,1760.7552490234375,1782.197265625,551131,0.025608964822289915,0.025286548197440497,1666.3015625,1573.2269897460938,1635.4536437988281,1631.43842546457,1614.212819678563,17.22560578600701,-4.770265683476022,21.99587146948303,64.2051912810217,1635.4536437988281,2020.1616208530775,1250.7456667445788,0.470460264664733,138.92933872767858,455312.15,1.210446503569035,0.9915112547964916,0.05976847255824779
2021-03-10,1749.0982666015625,1838.5445556640625,1704.831298828125,1829.87646484375,143179,-0.04328061920224846,-0.044245158535449934,1718.713525390625,1609.4398071289063,1626.3024291992188,1649.539979183206,1624.2290887024046,25.31089048080139,1.2459657154694712,24.06492476533192,57.130371105864576,1626.3024291992188,1989.3969773781478,1263.2078810202897,0.4465277080815953,134.78962925502233,446253.75,0.3208466035299423,0.33105893026329664,0.05908650412693138
2021-03-11,1769.477783203125,1786.5914306640625,1681.2772216796875,1749.3927001953125,871558,0.011651441768997461,0.011584086407866671,1752.9416259765626,1633.2243896484374,1617.2720092773438,1667.9919832729825,1635.0129285070711,32.979054765911314,7.59258366572663,25.386471100184686,67.6915886091083,1617.2720092773438,1954.524416963115,1280.0196015915726,0.41706330877075887,127.98291015625,320207.35,2.721855072970686,0.8374991595687571,0.05911524009534267
2021-03-12,1733.945556640625,1782.0794677734375,1673.2684326171875,1769.723388671875,58177,-0.02008062881590933,-0.020284985004183777,1772.6643310546874,1661.1241577148437,1608.2809143066406,1678.1387028000772,1642.3568319382139,35.781870861863354,13.230441204566292,22.551429657297064,66.40265813879293,1608.2809143066406,1920.9426641918133,1295.619164421468,0.38881484833135244,125.98585728236607,291219.0,0.19977061936206086,0.5576375955869757,0.05913616805714881
2021-03-13,1886.450439453125,1898.3023681640625,1696.0133056640625,1733.235107421875,53408,0.0879525209015013,0.08429750860425077,1793.439404296875,1696.0799072265625,1606.3530212402343,1710.186704864305,1660.4733826762904,49.71332218801467,20.527017504391438,29.186304683623234,72.7157711567696,1606.3530212402343,1911.168830572483,1301.5372119079855,0.37951285340367635,132.68212018694197,279832.65,0.1908569282390743,0.9414109266517975,0.06255184414687771
2021-03-14,1809.267333984375,1889.5975341796875,1794.9237060546875,1886.4912109375,121878,-0.040914462343959124,-0.041775013440181995,1789.6478759765625,1727.9747192382813,1608.4912902832032,1725.4298957115477,1671.5152151047473,53.9146806068004,27.204550200381572,26.71013040641883,69.93739026236983,1608.4912902832032,1918.591550040471,1298.3910305259353,0.3855790350007668,128.59587751116072,246155.65,0.4951257466566378,0.15150573513552476,0.06029712758403452
2021-03-15,1738.9271240234375,1838.59814453125,1670.633544921875,1808.404052734375,22265,-0.038877731687132155,-0.03965364781058462,1787.6136474609375,1753.1635864257812,1617.7945556640625,1727.5063943501846,1676.5171030596214,50.98929129056319,31.96149846145048,19.02779282911271,60.525409559284014,1617.7945556640625,1932.0047321071875,1303.5843792209375,0.3884426181841734,129.48289271763392,241664.95,0.09213168893544554,0.40659507572621106,0.05387454892717626
2021-03-16,1765.106689453125,1765.106689453125,1669.5533447265625,1738.8956298828125,37157,0.01505501010825272,0.014942808176126032,1786.7394287109375,1769.84052734375,1625.6815368652344,1733.2910597913512,1683.0895306460159,50.20152914533537,35.609504624628094,14.592024520707277,66.59966228642517,1625.6815368652344,1946.6361028961815,1304.7269708342874,0.3948553991082861,126.60366385323661,225062.35,0.16509647215538273,0.9999999998953465,0.05351012094542015
2021-03-17,1780.3599853515625,1805.4595947265625,1682.332763671875,1764.802490234375,29241,0.008641571633929646,0.008604446977383284,1796.022314453125,1784.3433227539062,1641.5978881835938,1740.5324378863634,1690.3051548150609,50.22728307130251,38.53306033088921,11.694222740413302,64.03202693948353,1641.5978881835938,1959.943668251832,1323.2521081153557,0.38784867154097463,123.27517264229911,224879.15,0.13002984047209357,0.7961483360859556,0.048459172211290265
2021-03-18,1735.6419677734375,1804.0400390625,1670.1376953125,1780.7109375,9109,-0.025117402068152384,-0.025438227612034413,1765.8606201171874,1779.6500122070313,1656.2116455078126,1739.7800574353994,1693.6679273409686,46.11213009443077,40.04887429061829,6.063255803812474,64.16928827966254,1656.2116455078126,1962.8613391754259,1349.5619518401993,0.3703025449668193,124.84754289899554,218815.25,0.041628725602991565,0.48919436823558626,0.048854809364645514
2021-03-19,1766.2603759765625,1791.6556396484375,1696.387451171875,1735.8779296875,582,0.017640970183731897,0.017487174373170204,1757.259228515625,1773.4535522460938,1673.3402709960938,1743.85395458214,1699.0518019867645,44.802152595375446,40.99952995509223,3.802622640283218,65.63353308801418,1673.3402709960938,1963.1087024583733,1383.5718395338142,0.3463353347610385,124.84758649553571,208910.75,0.002785878658709521,0.7334339606398942,0.048545773828351645
2021-03-20,1772.185791015625,1824.937744140625,1765.5975341796875,1767.46044921875,24670,0.0033547800311073406,0.0033491653105094587,1763.9109619140625,1775.7623046875,1692.601055908203,1748.2127004472986,1704.4753430898722,43.73735735742639,41.5470954371822,2.1902619202441898,61.03591194684909,1692.601055908203,1951.82267803128,1433.3794337851261,0.30629972871426075,118.9420166015625,206778.65,0.11930632103459424,0.11102516892279567,0.04778540696502108
2021-03-21,1743.5384521484375,1780.1629638671875,1714.6673583984375,1770.8045654296875,163037,-0.016164974921037967,-0.01629705342604256,1759.597314453125,1773.1683715820313,1703.1963806152344,1747.49358507333,1707.3719770136713,40.12160805965868,41.26199796100141,-1.1403899013427292,56.94252494384825,1703.1963806152344,1951.8214986588623,1454.5712625716064,0.29195120524365925,118.99526541573661,192247.65,0.8480571804128685,0.4408096320197728,0.043083509468969106
2021-03-22,1559.8944091796875,1759.4873046875,1547.943603515625,1743.828857421875,23787,-0.10532835839809473,-0.11129850891626744,1715.50419921875,1755.7632568359375,1708.4437072753906,1718.632164871143,1696.4369807301186,22.195184141024356,37.44863518977153,-15.253451048747174,36.35037732878635,1708.4437072753906,1938.7643444204928,1478.1230701302884,0.2696262524358093,118.93168422154018,175985.3,0.13516469841515172,0.05649331838903479,0.04840399296695818
2021-03-23,1621.1680908203125,1707.1409912109375,1549.4466552734375,1559.4560546875,469124,0.039280659819049824,0.03852880058606583,1692.609423828125,1729.2350219726563,1712.6574645996093,1703.6376881920646,1690.856436155669,12.7812520363957,32.51515855160878,-19.73390651521308,37.54659536996276,1712.6574645996093,1932.6136011109147,1492.7013280883039,0.2568594608761741,125.33503941127232,176994.6,2.650498941775625,0.45481300971236327,0.04758873297085041
2021-03-24,1535.059326171875,1677.9227294921875,1512.8323974609375,1620.1507568359375,240664,-0.053115260000501485,-0.054577903869191195,1646.3692138671875,1701.8142211914062,1714.8944702148438,1677.7025500879354,1679.3061908455456,-1.6036407576102647,25.69139868147978,-27.295039439090043,37.23387943337698,1714.8944702148438,1926.0641707923385,1503.724769637349,0.24627719576358442,127.57625906808036,181105.25,1.3288626365055678,0.13463495067284623,0.04870800127733045
2021-03-25,1535.490966796875,1562.494384765625,1502.796630859375,1534.397705078125,24010,0.0002811882365982843,0.0002811487105954081,1599.0302490234376,1681.47060546875,1717.3170959472657,1655.8238410505317,1668.6449051258185,-12.821064075286813,17.988906122644764,-30.809970197931577,35.70392943924605,1717.3170959472657,1918.3486050566178,1516.2855868379136,0.23412275995361692,124.31794084821429,180016.5,0.13337666269480852,0.5476644227413797,0.04869826551207872
2021-03-26,1639.5299072265625,1639.5299072265625,1534.9049072265625,1534.96484375,92242,0.0677561396839208,0.0655593808366235,1578.2285400390624,1668.9129272460937,1719.376727294922,1653.3170816210695,1666.4866817052027,-13.169600084133208,11.757204876446716,-24.926804960579922,44.67701377673922,1719.376727294922,1916.0729825375508,1522.680472052293,0.22879948544155201,124.01893833705357,180890.05,0.5099340732118766,0.9999999999044206,0.04816861072900153
2021-03-27,1667.6663818359375,1683.28271484375,1622.23486328125,1640.464599609375,315175,0.01716130610692601,0.01701571423055128,1599.7829345703126,1657.6435668945312,1720.9934448242188,1655.5246665523919,1666.574125307929,-11.049458755537216,7.195872147214359,-18.245330902751576,35.653483747655244,1720.9934448242188,1915.298090762965,1526.6887988854726,0.22580521328899358,113.93028041294643,193578.3,1.6281525356922755,0.7441952072749578,0.04805124576877773
2021-03-28,1640.24609375,1676.1385498046875,1621.84423828125,1666.971435546875,996171,-0.01644231027536247,-0.01657898529869281,1603.59853515625,1648.1039794921876,1713.8769958496093,1653.1741166356232,1664.6226938439445,-11.44857720832124,3.4669822742527767,-14.915559482574016,38.1427891731324,1713.8769958496093,1909.1084989887192,1518.6454927104994,0.22782440468235476,111.04602922712054,212328.25,4.691655490967405,0.33892787198189445,0.04347314386166243
2021-03-29,1769.181640625,1791.49267578125,1632.8271484375,1639.97509765625,116126,0.07860744028978117,0.07567080199638303,1650.422998046875,1648.3961059570313,1710.9248291015624,1671.0214296560168,1672.3722388557994,-1.3508091997825886,2.503423979062344,-3.8542331788449324,51.96118787474795,1710.9248291015624,1900.5819721832597,1521.267686019865,0.22170131598509762,110.38180977957589,190578.0,0.60933581000955,0.8593832224405821,0.046811714912079534
2021-03-30,1808.506591796875,1821.66015625,1718.4964599609375,1769.1229248046875,14188,0.02222776354268663,0.0219843275610585,1705.026123046875,1652.0281860351563,1713.895245361328,1692.1729947043177,1682.4616147838144,9.711379920503305,3.945015167809375,5.76636475269393,52.766168609216244,1713.895245361328,1907.8812585598446,1519.9092321628116,0.2263685761700329,110.92540631975446,184128.45,0.07705490379134783,0.8724981273936331,0.04595186216220416
2021-03-31,1912.586669921875,1938.3583984375,1756.9066162109375,1808.193115234375,915,0.057550289613038874,0.055955185997218666,1759.6374755859374,1668.9330078125,1721.0506896972656,1726.0827931190904,1699.5162883673747,26.566504751715684,8.469313085742655,18.09719166597303,57.5704878724838,1721.0506896972656,1933.3613257013515,1508.7400536931798,0.2467221183838943,115.09147426060268,140596.3,0.006507994876109827,0.85796927311507,0.04754220564272248
2021-04-01,1945.0728759765625,1956.4801025390625,1880.6839599609375,1907.922607421875,2260,0.016985481790487755,0.016842841438949187,1815.1187744140625,1707.4508544921875,1731.6070556640625,1759.7735769697604,1717.7139377838769,42.0596391858835,15.187378307139316,26.872260878744182,62.16105983923787,1731.6070556640625,1966.4198610019373,1496.7942503261877,0.27120795629678845,110.94103131975446,137800.45,0.01640052699392491,0.8495012254846968,0.04723560992510125
2021-04-02,2047.5413818359375,2071.850830078125,1909.8555908203125,1946.2327880859375,2230,0.052681062558094904,0.051340302712832055,1896.57783203125,1750.08818359375,1739.661602783203,1804.0455490313198,1742.1558884389874,61.88966059233235,24.527834765700067,37.361825826632284,65.07527122029242,1739.661602783203,2005.8002744841726,1473.5229310822335,0.3059660238234686,115.70724923270089,135241.55,0.016489015395046863,0.8499372675267399,0.044634112638599455
2021-04-03,1998.5963134765625,2107.0234375,1981.054931640625,2052.754638671875,26527,-0.023904312163638974,-0.024194656558787588,1942.4607666015625,1796.4418823242188,1749.1280517578125,1833.9764370601586,1761.158881738833,72.81755532132547,34.18577887808426,38.631776443241215,61.59959464224314,1749.1280517578125,2038.1742029415473,1460.0819005740777,0.33050313371082635,120.46641322544643,130474.0,0.20331253736376595,0.1392521227022198,0.043867372899972154
2021-04-04,2070.57958984375,2086.174072265625,1973.9818115234375,1992.6947021484375,115381,0.03601691641368654,0.035383472288620946,1994.8753662109375,1849.9507446289062,1765.710675048828,1870.3769233295002,1784.0872083821096,86.28971494739062,44.60656609303237,41.68314885435825,66.04279250067157,1765.710675048828,2088.3898648265254,1443.0314852711308,0.36549497529517294,123.80188860212054,135129.8,0.8538531101207877,0.8610021553418876,0.04303123572051994
2021-04-05,2099.6328125,2131.367919921875,2012.9736328125,2070.602294921875,395033,0.01403144452826477,0.013933915071083549,2032.2845947265625,1895.96103515625,1782.4369812011719,1905.6470611298964,1807.4687695674306,98.1782915624658,55.32091118781302,42.857380374652784,81.2100577778286,1782.4369812011719,2137.9905378836406,1426.8834245187031,0.3989521766350064,117.14835902622768,153023.6,2.581516837925653,0.7319540646426883,0.043025087806665516
2021-04-06,2106.240478515625,2145.542236328125,2052.25146484375,2102.24169921875,203177,0.00314705789330727,0.003142116271613965,2064.518115234375,1939.8184448242187,1798.731005859375,1936.5075876255648,1829.606856560591,106.9007310649738,65.63687516393377,41.26385590104003,79.94197738923569,1798.731005859375,2182.6228660712536,1414.8391456474965,0.4268474374004217,112.54810442243304,161720.4,1.256347374851905,0.578717624552288,0.043049113424701926
2021-04-07,1949.7640380859375,2116.7861328125,1923.3876953125,2105.561767578125,86371,-0.07429182091304432,-0.07719623537821373,2044.962646484375,1970.7702392578126,1809.437109375,1938.5470415841498,1838.5099390077294,100.03710257642047,72.5169206467985,27.52018192962197,73.55237508529021,1809.437109375,2197.837309561312,1421.0369091886882,0.42930500117848214,114.57011195591518,165583.5,0.5216159822687647,0.1363834326328188,0.046394544661505464
2021-04-08,2066.17041015625,2069.173095703125,1933.80908203125,1945.6512451171875,2457,0.05970279982422255,0.057988491286530844,2058.4774658203123,2000.4691162109375,1824.4326110839843,1958.181406318776,1855.3781519333431,102.80325438543287,78.57418739478415,24.229066990648718,76.63082749933045,1824.4326110839843,2228.6499457055406,1420.215276462428,0.443115664745097,119.97484479631696,165677.25,0.01483003852369592,0.9778176970732284,0.047839168801132204
2021-04-09,2064.527099609375,2094.60302734375,2045.640380859375,2066.326416015625,68709,-0.0007953412452319508,-0.0007956576968826267,2057.2669677734375,2026.0711669921875,1839.0496765136718,1974.5422824486025,1870.874472525324,103.66780992327836,83.5929119006545,20.074898022623856,73.77028451749267,1839.0496765136718,2256.2465417736653,1421.8528112536783,0.4537091853341157,115.99896240234375,167879.2,0.4092764321011775,0.38573729367692106,0.047873826690375064
2021-04-10,2131.2138671875,2192.07666015625,2055.615234375,2063.617431640625,552651,0.03230123140100338,0.0317905153599575,2063.5831787109373,2047.93388671875,1858.433447265625,1998.6456034755524,1890.1632586038186,108.48234487173386,88.57079849500649,19.911546376727372,74.85462127177179,1858.433447265625,2292.623734140715,1424.2431603905352,0.46726482190032526,121.38564627511161,187359.9,2.949675997905635,0.5539926933501778,0.047771794005396113
2021-04-11,2115.704833984375,2153.708251953125,2098.719482421875,2131.5068359375,44954,-0.0072770891002093,-0.007303696273526365,2065.4760498046876,2064.9970825195314,1886.2239685058594,2016.6547160498549,1906.8735605758427,109.78115547401217,92.81286989090042,16.96828558311175,75.82312684509722,1886.2239685058594,2311.00687839254,1461.4410586191789,0.45040559019421766,121.43525041852679,188418.25,0.23858623036781204,0.30888764568114924,0.03949951453926072
2021-04-12,2164.14404296875,2188.94921875,2050.23779296875,2115.4013671875,13151,0.02289506939072994,0.02263691024311478,2108.35205078125,2076.6573486328125,1913.3727661132812,2039.3453819304661,1925.9343495879248,113.41103234254138,96.9325023813007,16.47852996124068,73.50658555673186,1913.3727661132812,2336.22928720444,1490.5162450221223,0.442001191383241,120.00995744977679,165619.6,0.07940485304879374,0.8211742424983802,0.03916179037875768
2021-04-13,2207.60693359375,2251.7275390625,2115.2255859375,2127.112548828125,5453,0.020083178273742952,0.01988417129857615,2136.63935546875,2097.5584106445312,1947.000146484375,2065.2317746878675,1946.8027527263096,118.42902196155796,101.23180629741233,17.19721566414563,73.63643856057189,1947.000146484375,2349.6683395349546,1544.3319534337954,0.41362934027268816,122.39126150948661,153859.05,0.035441529113822035,0.6767767459333357,0.03570133532541805
2021-04-14,2367.091552734375,2381.98779296875,2206.12841796875,2211.653076171875,27553,0.07224321355115548,0.069752915228263,2197.15224609375,2127.209606933594,1988.58017578125,2111.6717408353925,1977.9404612094272,133.73127962596527,107.73170096319572,25.99957866276955,75.26002197571383,1988.58017578125,2384.0098442794633,1593.1505072830366,0.39770050341858765,121.99180385044643,154036.2,0.17887353751910265,0.9152945912407118,0.03731224570891786
2021-04-15,2491.379638671875,2510.81640625,2366.95849609375,2367.1240234375,73420,0.05250666616334598,0.05117462020122652,2269.185400390625,2166.3842895507814,2031.1726623535155,2170.088340815699,2015.9788801484365,154.10946066726274,117.00725290409224,37.1022077631705,77.55077416324437,2031.1726623535155,2451.052537309678,1611.292787397353,0.4134359256978661,126.85335867745536,153095.1,0.47957119463653636,0.8648891286849446,0.036486162239247256
2021-04-16,2417.515625,2522.079345703125,2348.958251953125,2490.7880859375,26034,-0.02964783549056016,-0.0300962171783631,2329.54755859375,2197.5118041992187,2068.6651245117187,2208.1540770167194,2045.7266057943662,162.42747122235323,126.09129656780955,36.33617465454368,69.2124553432593,2068.6651245117187,2485.780820705868,1651.5494283175694,0.4032703904094713,127.64806256975446,138638.05,0.18778394531659962,0.3960082018769877,0.03825585629385242
2021-04-17,2337.68115234375,2487.219482421875,2310.243408203125,2415.050048828125,2495,-0.0330233533263099,-0.03358093410620487,2364.25498046875,2236.303515625,2103.5368774414064,2228.081319451208,2067.3557385121185,160.72558093908947,133.01815344210524,27.707427496984224,67.06105472579614,2103.5368774414064,2484.9296486915064,1722.1441061913065,0.3626204753909512,131.29146030970983,88954.25,0.028048125862451766,0.1550364604944305,0.0392411706598781
2021-04-18,2210.599609375,2353.383056640625,1986.99072265625,2335.573974609375,99991,-0.05436222251325362,-0.05589568231745869,2364.853515625,2250.746435546875,2125.607775878906,2225.391825584595,2077.9676994289034,147.42412615569174,135.89934798483577,11.524778170855967,56.67500923525136,2125.607775878906,2475.3034725682473,1775.9120791895648,0.3290312546440958,149.4486083984375,88147.5,1.1343600215547804,0.6102990318628854,0.039799891919936915
2021-04-19,2133.568115234375,2251.4169921875,2066.95947265625,2212.233642578125,426,-0.034846425292911376,-0.0354680455311522,2318.148828125,2257.650537109375,2141.8608520507814,2211.2651008765097,2082.086717335147,129.17838354136256,134.55515509613622,-5.376771554773654,51.54699171385211,2141.8608520507814,2458.118770678471,1825.602933423092,0.295311358181723,154.16741071428572,87459.4,0.004870831494384824,0.3611055962575133,0.04105092924586215
2021-04-20,2304.709716796875,2322.84814453125,2023.0633544921875,2142.7822265625,37319,0.08021379788181737,0.07715898254611754,2280.81484375,2275.0001220703125,2161.467004394531,2225.6411956669167,2098.579047109014,127.06214855790267,133.0565537884851,-5.99440523058243,57.86733505094078,2161.467004394531,2466.2898746732685,1856.6441341157938,0.2820518376260147,168.91698346819197,89279.6,0.418001424737566,0.9394951700471312,0.042736934625148305
2021-04-21,2367.33642578125,2448.15234375,2219.059326171875,2307.37890625,39626,0.027173360934762192,0.026810719947846926,2270.77900390625,2300.16328125,2182.580181884766,2247.440461881243,2118.4889429465848,128.95151893465845,132.23554681771782,-3.284027883059366,67.88318389872359,2182.580181884766,2482.754215698922,1882.4061480706096,0.27506346507273893,171.46659633091517,91147.9,0.4347439710624162,0.647235350821364,0.04288212528212572
2021-04-22,2390.42333984375,2628.538818359375,2322.10009765625,2369.91552734375,71743,0.009752274248422843,0.009705027747457703,2281.32744140625,2322.7912109375,2199.7242797851563,2269.437827758251,2138.6340508673666,130.80377689088436,131.94919283235058,-1.1454159414662115,65.09303511669958,2199.7242797851563,2506.5178977701803,1892.9306618001324,0.2789382476743749,183.68621826171875,94623.55,0.7581939168420546,0.22295890685257538,0.04173137089142134
2021-04-23,2341.000732421875,2416.49365234375,2157.501953125,2387.617431640625,74445,-0.02067525303911466,-0.02089197852373082,2307.407666015625,2336.1305908203126,2216.8445007324217,2280.4475054143177,2153.6254289819462,126.82207643237143,130.92376955235318,-4.101693119981746,62.32101155292034,2216.8445007324217,2514.4580180772246,1919.2309833876188,0.26850193348832047,198.68829345703125,97019.45,0.7673203672047203,0.7085122026818428,0.041605069329517574
2021-04-24,2190.87451171875,2342.562744140625,2159.388671875,2338.456298828125,30301,-0.06412907891225317,-0.0662777168350724,2318.8689453125,2318.50888671875,2222.859246826172,2266.6670448293426,2156.3848339411684,110.28221088817418,126.79545781951241,-16.51324693133823,52.47472513406069,2222.859246826172,2512.7895650845944,1932.928928567749,0.26086250730664945,202.02491106305803,92765.45,0.3266410069697285,0.17189026510461997,0.04410307742544837
2021-04-25,2289.298583984375,2332.19140625,2158.19921875,2188.2890625,294985,0.044924559457497626,0.04394469090411237,2315.78671875,2298.30078125,2232.3425354003907,2270.1488200874746,2166.23100277225,103.91781731522451,122.21992971865042,-18.30211240342591,56.737242975848105,2232.3425354003907,2517.6729352150746,1947.0121355857068,0.25563317034901845,210.52515520368303,87763.05,3.3611525579386767,0.7534784584902136,0.04501371672503506
2021-04-26,2503.478271484375,2503.478271484375,2288.06396484375,2292.231201171875,355040,0.09355690384748083,0.08943559805004289,2343.015087890625,2306.8970458984377,2252.204425048828,2306.0456587945564,2191.2139402779803,114.83171851657607,120.74228747823442,-5.910568961658342,61.66854914252623,2252.204425048828,2555.3239225725943,1949.0849275250619,0.26917582982476784,216.0039324079241,95356.2,3.7233027322816974,0.9999999999535778,0.04913748664862205
2021-04-27,2630.025146484375,2650.432373046875,2457.2275390625,2501.878173828125,93794,0.05054842154670158,0.049312334049961465,2390.93544921875,2336.1314453125,2286.21748046875,2355.8886569366755,2223.720471988052,132.16818494862355,123.02746697231363,9.140717976309915,63.74040460785299,2286.21748046875,2598.9565991066265,1973.4783618308738,0.27358649936816554,220.05413818359375,95727.35,0.9798035775564663,0.8943751760730058,0.04569999506129328
2021-04-28,2712.071044921875,2723.325927734375,2534.697998046875,2631.883056640625,106821,0.031195860825579125,0.030719158695276486,2465.14951171875,2386.2785888671874,2318.5125122070312,2410.6859474294197,2259.8966472615766,150.78930016784307,128.57983361142226,22.209466556420807,61.816792698093906,2318.5125122070312,2666.9370887331474,1970.087935680915,0.30055872003420414,220.96617780412947,100945.55,1.0582041506534958,0.9403328932223912,0.044700707820980366
2021-04-29,2737.81787109375,2766.30078125,2643.62548828125,2712.930419921875,281990,0.009493418773112161,0.009448639455905796,2574.53818359375,2446.703564453125,2352.17705078125,2461.0139357114913,2295.300084938008,165.7138507734835,136.0066370438374,29.7072137296461,59.052514955678674,2352.17705078125,2726.4246123274556,1977.929489235044,0.31821376832318266,219.45313371930803,111609.6,2.526574774929755,0.767818690506948,0.044572840246494994
2021-04-30,2768.20166015625,2781.98486328125,2708.80419921875,2737.10302734375,263344,0.011097812379448735,0.011036683508334883,2670.318798828125,2493.0527587890624,2384.0264404296877,2508.2735856467452,2330.3315404537766,177.94204519296864,144.39371867366629,33.54832651930235,63.30696292826741,2384.0264404296877,2786.4545842523853,1981.59829660699,0.3376037589165039,212.31453159877233,97144.25,2.7108552487666535,0.8116551235262774,0.04439514226519845
2021-05-01,2939.2119140625,2942.757568359375,2754.08984375,2768.051513671875,74852,0.06177666041013685,0.05994359977133077,2757.46552734375,2550.2403076171877,2425.201794433594,2574.571790042942,2375.435828000837,199.13596204210535,155.34216734735688,43.79379469474847,71.34822173100237,2425.201794433594,2877.4665473728714,1972.9370414943164,0.3729708216259208,213.14964948381697,98639.15,0.7588467662180788,0.9812068846750119,0.045321784194982395
2021-05-02,2852.174560546875,3416.67626953125,2638.205810546875,2938.612060546875,30243,-0.029612479828078908,-0.030059781933838313,2801.89541015625,2596.4154296875,2459.6033203125,2617.2799085953866,2410.7512854355837,206.52862315980292,165.57945850984817,40.94916464995475,73.43549540393751,2459.6033203125,2932.459474207981,1986.7471664170184,0.3844978984947895,242.58380126953125,99493.75,0.3039688422639613,0.2748578928433636,0.04650066505733119
2021-05-03,3391.8017578125,3418.71630859375,2845.253173828125,2910.2978515625,88360,0.18919851706487312,0.17327956513873502,2937.841552734375,2701.4955322265623,2518.8130615234377,2736.4371161988315,2483.4245055393953,253.01261065943618,183.0660889397686,69.94652171966757,84.35157574433386,2518.8130615234377,3133.962569185085,1903.6635538617902,0.4884439556539305,270.3699166434152,103639.1,0.852573980283503,0.9530666416738703,0.060698771196129174
2021-05-04,3203.862060546875,3401.6396484375,3203.862060546875,3393.49072265625,327970,-0.05540998875678227,-0.0570042961650453,3031.050390625,2802.794287109375,2560.6515869140626,2808.348646114658,2536.7921642522438,271.55648186241433,200.76416752430003,70.7923143381143,74.32502836104094,2560.6515869140626,3242.553852697733,1878.7493211303922,0.5326005843734926,263.0836879185268,118659.95,2.763948577426503,0.0,0.06198693007316836
2021-05-05,3547.33935546875,3553.195068359375,3198.4140625,3205.4130859375,23580,0.10720726686443105,0.10184086914046597,3186.8779296875,2928.5983642578126,2613.449572753906,2922.0395244984006,2611.6499974801245,310.3895270182761,222.6892394230975,87.70028759517862,77.7118980694924,2613.449572753906,3424.12926535909,1802.7698801487222,0.6203905375154687,272.0614013671875,116167.95,0.20298197566540513,0.9834948523067749,0.06478047888216112
2021-05-06,3558.10546875,3644.06201171875,3445.902587890625,3547.471435546875,1168,0.003034982617226234,0.003030386354852167,3310.656640625,3034.061083984375,2670.4790649414062,3019.895823629744,2681.7599657896394,338.13585784010456,245.77856310650083,92.35729473360374,77.58216647432072,2670.4790649414062,3577.8343681090987,1763.1237617737138,0.679544966354268,264.32716587611606,114924.65,0.010163180831962508,0.566225308320601,0.06387545094677662
2021-05-07,3480.824462890625,3783.16015625,3294.127197265625,3554.914306640625,136175,-0.021719706326334576,-0.02195905116059571,3436.38662109375,3119.141015625,2727.63623046875,3090.8079219872066,2740.9516136534035,349.8563083338031,266.59411215196263,83.26219618184047,76.57436889888152,2727.63623046875,3689.127528435421,1766.144932502079,0.7049996529789727,280.75868443080356,121608.65,1.1197805419269107,0.38176826774398953,0.06341733568281556
2021-05-08,3918.58935546875,3983.559326171875,3407.064697265625,3480.2275390625,135514,0.12576471386166554,0.11846255038875941,3541.744140625,3239.7928466796875,2813.0357177734377,3218.1589117682383,2828.186338480894,389.9725732873444,291.26980437904024,98.70276890830417,85.5170802911502,2813.0357177734377,3878.907461916174,1747.1639736307018,0.7578088947881476,308.85300990513394,123384.8,1.0983038429368934,0.8873016894619438,0.0647893492650791
2021-05-09,3903.696533203125,4033.447021484375,3775.20166015625,3920.33837890625,21325,-0.003800557015457784,-0.003807797483300867,3681.71103515625,3356.380712890625,2901.542138671875,3323.6262381530955,2907.8557048352664,415.7705333178292,316.169950166799,99.60058315103015,84.36790885581846,2901.542138671875,4022.4054611700158,1780.678816173734,0.7725983417984716,314.87109375,124429.75,0.1713818439722012,0.49756894908417926,0.06348940474681797
2021-05-10,3924.97119140625,4214.3544921875,3722.330078125,3905.68212890625,243914,0.005449875015173911,0.00543507818258058,3757.23740234375,3472.057666015625,2982.555212402344,3416.1408463535035,2983.1992954535826,432.9415508999209,339.52427031342415,93.41728058649676,82.96911655371068,2982.555212402344,4154.824717570746,1810.2857072339423,0.786084026403776,334.6289585658482,134759.5,1.8099948426641534,0.4118517445180896,0.06272737676795587
2021-05-11,4119.52294921875,4145.23779296875,3843.677001953125,3924.787109375,22285,0.049567690646614704,0.048378356194465864,3869.5208984375,3590.08876953125,3070.1645385742186,3524.353477571078,3067.373179328775,456.980298242303,363.01547589920057,93.96482234310241,83.48992933446031,3070.1645385742186,4308.858130018638,1831.4709471297992,0.8069232615263463,342.36866978236606,133892.45,0.1664395565246584,0.9147274959966035,0.06289755808140937
2021-05-12,3955.263916015625,4354.4521484375,3955.263916015625,4116.8115234375,258179,-0.039873314271565374,-0.04069003892632473,3964.4087890625,3700.397705078125,3148.4065673828127,3590.6473911818384,3133.144137865842,457.5032533159965,381.9130313825602,75.59022193343634,76.95546459091108,3148.4065673828127,4403.890128935256,1892.9230058303692,0.7975358548410689,357.40869140625,143214.25,1.8027465842260808,0.0,0.06468601964825603
2021-05-13,3724.91943359375,3999.828857421875,3618.448486328125,3947.286865234375,94512,-0.05823744946302212,-0.06000210567428262,3925.6748046875,3733.70947265625,3217.602502441406,3611.304628477009,3176.980131382276,434.32449709473303,392.3953245249949,41.929172569738114,69.65859739815198,3217.602502441406,4437.769572737417,1997.4354321453955,0.7584324473704814,375.8876255580357,144217.6,0.6553430371882488,0.2791725933809552,0.0666695788434188
2021-05-14,4071.8671875,4171.30859375,3716.224609375,3725.072021484375,16163,0.09314235115456437,0.08905643964777558,3959.308935546875,3820.5099853515626,3311.652136230469,3682.1604067912276,3243.2691626103906,438.891244180837,401.6945084561634,37.1967357246736,73.05598066200776,3311.652136230469,4487.776690161083,2135.5275822998547,0.7102947444651317,403.1664341517857,143510.7,0.11262574846335499,0.7814877919855057,0.06478981662768724
2021-05-15,3651.614501953125,4111.1318359375,3651.614501953125,4072.18359375,304006,-0.10320883913821788,-0.1089322635821026,3904.63759765625,3830.9375,3379.767932128906,3677.4610368159674,3273.5174307675356,403.9436060484318,402.14432797461706,1.799278073814719,61.5784473664517,3379.767932128906,4460.518157082587,2299.017707175225,0.6395410848655041,422.51283482142856,143961.75,2.1117137017297996,0.0,0.0715167935433192
2021-05-16,3767.66162109375,3852.885498046875,3641.6640625,3643.598388671875,86101,0.03177967419029448,0.0312851502646298,3834.26533203125,3851.893115234375,3442.977099609375,3691.338049782199,3310.1212254176385,381.2168243645606,397.9588272526057,-16.742002888045135,64.74011792770452,3442.977099609375,4453.528793541439,2432.425405677311,0.5870220246580883,381.9950474330357,130514.8,0.6597029608902591,0.5965188062545053,0.06975593436300721
2021-05-17,3276.17529296875,3769.134521484375,3108.32568359375,3768.84619140625,87533,-0.13044863832074227,-0.13977787657096094,3698.447607421875,3831.4281982421876,3475.2846069335938,3627.4668564246513,3307.6066787446716,319.86017767997964,382.3390973380804,-62.47891965810078,48.10900127944247,3475.2846069335938,4415.253969596275,2535.3152442709124,0.5409452571379817,388.23402622767856,130201.75,0.6722874308525039,0.25400630219815834,0.07730811155571339
2021-05-18,3387.749755859375,3558.87060546875,3263.43017578125,3285.906982421875,104288,0.03405631656220698,0.033489239363441094,3631.013671875,3778.34423828125,3509.0685424804688,3590.587302490734,3313.543275459948,277.0440270307863,361.2800832766215,-84.23605624583519,53.08441135640487,3509.0685424804688,4379.539284566198,2638.59780039474,0.4961263831400775,395.20994349888394,130075.1,0.8017522185260668,0.42079406737058705,0.07734458699357578
2021-05-19,2503.09716796875,3438.189453125,2019.736572265625,3381.811279296875,9052,-0.2611328024924362,-0.3026370798560552,3317.25966796875,3638.2843017578125,3497.3325073242186,3423.2811279458283,3253.5095517580667,169.77157618776164,322.97838185884933,-153.2068056710877,35.17584024514879,3497.3325073242186,4416.549892269104,2578.1151223793336,0.5256677099016651,471.18650599888394,116428.2,0.0777474872925975,0.3407660573165261,0.09885056973053925
2021-05-20,2770.96044921875,2982.5078125,2190.7890625,2500.695556640625,42583,0.10701273793033361,0.10166516037243327,3141.128857421875,3522.8832275390623,3497.4704467773436,3322.9241004478004,3217.764799618953,105.15930082884734,279.4145656528488,-174.25526482400147,39.585805139082,3497.4704467773436,4416.227851065385,2578.7130424893016,0.5253839414909753,513.5836007254464,105390.15,0.4040510427207856,0.7327998569080523,0.10168140491313454
2021-05-21,2422.51953125,2928.12841796875,2127.795654296875,2775.35009765625,28816,-0.1257473444151792,-0.13438586548556342,2872.100439453125,3353.1828857421874,3471.6358276367187,3184.4003205694003,3158.8571717394107,25.543148829989605,228.64028228827684,-203.09713345828723,36.93564501307847,3471.6358276367187,4481.07187427582,2462.1997809976174,0.5815333731742622,535.8193010602679,103088.35,0.27952722106814204,0.3682516702143598,0.1047908537711919
2021-05-22,2282.2333984375,2436.6005859375,2282.2333984375,2422.687255859375,30152,-0.0579091854587086,-0.05965360295775373,2673.312060546875,3185.879833984375,3443.13876953125,3045.605409470646,3093.921494651948,-48.31608518130179,173.249008794361,-221.5650939756628,28.198629279695282,3443.13876953125,4553.356349814304,2332.9211892481962,0.6448869212635302,505.66734095982144,103083.8,0.2924998884402787,0.0,0.105342319109399
2021-05-23,2122.510498046875,2363.933349609375,1728.6689453125,2283.2216796875,257061,-0.06998534878158258,-0.07255493896063006,2420.264208984375,3025.6389404296874,3379.674206542969,2903.5908077118106,3021.9645265869754,-118.37371887516474,114.92446326045577,-233.2981821356205,27.15083047938127,3379.674206542969,4637.545268173953,2121.803144911985,0.7443741525119645,532.5972726004464,111518.85,2.305090126019054,0.6199647738237247,0.09561493533233012
2021-05-24,2627.021484375,2651.59521484375,2092.349365234375,2119.39453125,219275,0.23769540211573692,0.21325110369529038,2445.049072265625,2881.1543701171877,3350.832177734375,2861.041681044271,2992.709261326258,-131.66758028198683,65.60605455196718,-197.27363483395402,35.186403149473605,3350.832177734375,4651.405095499329,2050.2592599694212,0.7762686095752612,537.3988037109375,106084.1,2.066992131714366,0.9560591634332647,0.11090387281338226
2021-05-25,2682.633056640625,2732.260986328125,2392.25244140625,2632.160888671875,332222,0.02116905879772646,0.020948107059863972,2427.38359375,2784.2562255859375,3307.5968627929688,2833.5942003666023,2969.740489935554,-136.1462895689515,25.2555857277834,-161.4018752967349,33.0635335940531,3307.5968627929688,4637.817757696477,1977.3759678894598,0.8043428205336103,540.1450718470982,121516.2,2.7339729188371593,0.8540391691995753,0.10799921762978416
2021-05-26,2876.861328125,2897.1083984375,2638.692138671875,2692.146728515625,215118,0.07240210173492789,0.069901087220089,2518.251953125,2695.1761962890623,3273.5346557617186,2840.2506815602396,2962.8605066393984,-122.60982507915878,-4.317496433605058,-118.29232864555372,37.37815669882484,3273.5346557617186,4611.611838579256,1935.4574729441813,0.8175121533919918,530.0899309430804,132213.7,1.6270477265215328,0.9216493948945785,0.1094816602123646
2021-05-27,2730.59130859375,2879.34912109375,2634.231201171875,2879.28515625,367257,-0.050843611439061576,-0.052181700944934656,2607.92353515625,2640.6177978515625,3236.022998046875,2823.3800087960835,2945.655275769871,-122.27526697378744,-27.909050541641548,-94.36621643214589,38.12854524334167,3236.022998046875,4591.582002869876,1880.4639932238729,0.8377931835720323,520.3568987165179,143767.8,2.5545149887526972,0.3931173512269365,0.10991277143408522
2021-05-28,2417.099853515625,2753.95556640625,2334.2958984375,2728.564453125,203140,-0.1148071679901349,-0.12194976843194467,2666.84140625,2543.5528076171877,3160.948522949219,2760.8753695219125,2906.5028008430495,-145.627431321137,-51.45272669754065,-94.17470462359637,30.084345380543823,3160.948522949219,4523.634011784096,1798.2630341143415,0.8622003673526887,517.8265904017857,147149.1,1.3805045358755166,0.1973121588665935,0.10786032283527273
2021-05-29,2270.628173828125,2557.24267578125,2206.156494140625,2417.678955078125,71961,-0.06059810871051097,-0.06251189209609226,2595.562744140625,2520.305908203125,3079.2951049804688,2685.452724030301,2859.40072996659,-173.94800593628906,-75.95178254529036,-97.99622339099871,32.20680063017869,3079.2951049804688,4450.271006034653,1708.3192039262844,0.8904478812938456,510.08150809151783,149680.9,0.4807627426077743,0.18363491090531567,0.10820878670764697
2021-05-30,2381.085205078125,2462.161376953125,2182.598388671875,2276.34521484375,158895,0.04864602338822244,0.047499830511875556,2535.253173828125,2481.3183837890624,3002.1008056640626,2638.626951883676,2823.969778552132,-185.34282666845593,-97.82999136992348,-87.51283529853245,32.109003642010535,3002.1008056640626,4346.181841775941,1658.0197695521836,0.8954269847141718,514.9630475725446,145429.95,1.0925878747809512,0.709989607778357,0.10919167062433839
2021-05-31,2646.58740234375,2654.56982421875,2303.09619140625,2380.15869140625,557253,0.11150470243542321,0.10571468512429677,2489.198388671875,2503.7251708984377,2928.4540283203123,2639.8516365698442,2810.830284287522,-170.97864771767763,-112.45972263947432,-58.51892507820331,41.37334222005392,2928.4540283203123,4172.421473912345,1684.486582728279,0.8495728009126655,492.86767578125,172178.35,3.23648704962035,0.9772887035055877,0.11207496103270503
2021-06-01,2630.695068359375,2709.340087890625,2527.68994140625,2653.77294921875,160256,-0.0060048400329802964,-0.006022941585888968,2469.219140625,2538.571337890625,2862.2255859375,2638.4429337682304,2797.486879491572,-159.0439457233415,-121.77656725624776,-37.267378467093735,39.34746445348495,2862.2255859375,4013.6100156064767,1710.8411562685235,0.804537864049489,484.7397984095982,167282.2,0.9579979220741955,0.5670522647022179,0.11194738419954067
2021-06-02,2705.250732421875,2819.32666015625,2555.824462890625,2632.8876953125,76691,0.02834067123902595,0.027946504390549805,2526.84931640625,2596.845361328125,2811.242150878906,2648.72105663804,2790.6545460033485,-141.93348936530856,-125.80795167805994,-16.125537687248624,53.68449015825552,2811.242150878906,3889.78143743316,1732.7028643246522,0.7673044360245237,402.24332101004467,166391.15,0.4609079268939484,0.5670778880638675,0.11182369300251464
2021-06-03,2843.66064453125,2861.99853515625,2664.140869140625,2702.22265625,30045,0.051163432080642446,0.04989758130964988,2641.455810546875,2618.50927734375,2749.831823730469,2678.7117624678094,2794.580937665425,-115.86917519761573,-123.82019638197112,7.951021184355383,51.39067210120663,2749.831823730469,3651.5114406804714,1848.1522067804663,0.6558071000333167,359.82467215401783,167085.25,0.17981838612325146,0.9073177653241647,0.11017258994428214
2021-06-04,2651.596923828125,2848.738037109375,2556.943359375,2844.142822265625,56831,-0.06754101305037574,-0.06993011025485445,2695.558154296875,2615.4056640625,2699.830944824219,2674.54024883093,2783.9894942820615,-109.44924545113145,-120.9460061958032,11.496760744671747,54.6608306750781,2699.830944824219,3495.6503456800697,1904.0115439683682,0.5895327649173716,323.50052315848217,154726.5,0.3672997191819113,0.3243841360809387,0.10889713476422848
2021-06-05,2622.973388671875,2798.914306640625,2552.089111328125,2643.33203125,28284,-0.010794828919519994,-0.010853515810650232,2690.8353515625,2590.0168701171874,2642.596533203125,2666.606885729528,2772.0623389047137,-105.45545317518554,-117.84789559167966,12.39244241649412,57.262732369854305,2642.596533203125,3259.6250043506147,2025.5680620556354,0.4669865137525035,330.1046665736607,151835.65,0.18628036301092663,0.28718412336768584,0.10845136706708154
2021-06-06,2684.64306640625,2735.626708984375,2611.669921875,2624.786865234375,6139,0.02351136233433193,0.023239227507837558,2701.624951171875,2585.4220458984373,2613.019921875,2669.3816827567184,2765.5868189179178,-96.20513616119933,-113.5193437055836,17.31420754438426,62.5042943723113,2613.019921875,3154.2252015117015,2071.8146422382983,0.41423739260920295,293.5826939174107,147765.95,0.041545430459452935,0.5886982570867552,0.10502554189040415
2021-06-07,2593.937255859375,2847.24169921875,2573.1767578125,2685.788818359375,247877,-0.033786916287645186,-0.034370885541431626,2679.362255859375,2603.1057861328127,2573.329296875,2657.774847849426,2752.8720031615703,-95.09715531214442,-109.83490602689575,14.737750714751328,49.098007673454454,2573.329296875,2973.313744750436,2173.3448489995644,0.3108692294928355,273.21262904575894,154945.4,1.599769983490959,0.07575028728444308,0.10481031901740906
2021-06-08,2542.834228515625,2617.789306640625,2316.698974609375,2587.5205078125,9218,-0.01970094967729641,-0.0198976004768318,2619.19697265625,2630.3263916015626,2575.3161499023436,2640.0916756442143,2737.3136117465365,-97.22193610232216,-107.31231204198103,10.09037593965887,46.17919973352565,2575.3161499023436,2974.2250165927394,2176.4072832119477,0.30979409398377944,270.43275669642856,154953.7,0.05948873760355512,0.7510545170054447,0.08639252335008495
2021-06-09,2617.600830078125,2623.71630859375,2415.164794921875,2538.426513671875,135589,0.02940286107684842,0.028978887596214437,2612.39775390625,2653.9779541015623,2567.6481689453126,2636.6315455571216,2728.4459783740326,-91.814432816911,-104.21273619696703,12.398303380056035,42.41920683760587,2567.6481689453126,2956.4911740185785,2178.8051638720467,0.3028787275267445,266.87098911830356,159604.0,0.849533846269517,0.9706764126634267,0.08321536076157966
2021-06-10,2470.700439453125,2631.3212890625,2436.21630859375,2620.162109375,29777,-0.056120241458135434,-0.05775649537543841,2581.9431640625,2636.3892578125,2570.0572143554687,2611.103683079572,2709.3536765290596,-98.24999344948765,-103.02018764747116,4.770194197983514,42.403575107208546,2570.0572143554687,2955.6982154247253,2184.416213286212,0.3001030474459453,263.2986363002232,159652.05,0.1865118549996696,0.17674654319309324,0.07901473321623163
2021-06-11,2350.362060546875,2479.6572265625,2326.859619140625,2470.90869140625,264425,-0.0487061794237128,-0.049932304558417975,2515.086962890625,2608.35595703125,2573.4636474609374,2570.989587305295,2682.761653772557,-111.772066467262,-104.77056341142934,-7.001503055832657,47.80100316691325,2573.4636474609374,2949.4833834965616,2197.443911425313,0.29222851965025226,244.237060546875,171365.7,1.5430450784491878,0.15381419775652305,0.07866254038182255
2021-06-12,2371.88916015625,2446.947509765625,2266.040283203125,2352.9619140625,16892,0.009159056798409226,0.009117367003805242,2470.67734375,2575.0197998046874,2585.932580566406,2540.358752359278,2659.734020598086,-119.37526823880808,-107.69150437690509,-11.683763861902989,53.635901898104464,2585.932580566406,2912.2422636588044,2259.622897474008,0.25237292382999826,232.0814208984375,159357.25,0.10600082518994272,0.5851003243958595,0.07669781924082847
2021-06-13,2496.28369140625,2528.287109375,2312.0947265625,2372.71044921875,17310,0.052445339073856845,0.051116350854130806,2461.367236328125,2540.2821044921875,2579.3956909179688,2533.5779737511175,2647.626568819308,-114.04859506819048,-108.96292251516218,-5.085672553028303,54.095355340227826,2579.3956909179688,2907.4728804441957,2251.318501391742,0.2543829864346785,227.55494907924108,149259.0,0.11597290615641268,0.8519678743490897,0.05588704187583307
2021-06-14,2537.3505859375,2575.687744140625,2468.51806640625,2497.253173828125,23790,0.016451212926089864,0.01631735778058876,2445.3171875,2528.857470703125,2572.1315673828126,2534.158375625946,2639.4579650089872,-105.29958938304117,-108.23025588873797,2.9306665056968058,45.379222000254465,2572.1315673828126,2897.002080282974,2247.261054482651,0.25260800576443504,210.10466657366072,133837.4,0.17775300476548409,0.6422760708064442,0.055798172668046396
2021-06-15,2572.41845703125,2606.84619140625,2520.2646484375,2584.819091796875,18711,0.013820664471083877,0.013726030031533998,2465.660791015625,2523.8019775390626,2556.909423828125,2540.0445419959938,2634.4920685010143,-94.4475265050205,-105.47371001199448,11.026183506973979,47.574219724163406,2556.909423828125,2848.483958979947,2265.334888676303,0.22806794205113912,203.31405203683036,124017.05,0.15087441605811458,0.6023663566096332,0.05320321064939059
2021-06-16,2339.842041015625,2549.676513671875,2334.305908203125,2543.513671875,3942,-0.09041157957015844,-0.09476306702499429,2463.556787109375,2489.321875,2537.371960449219,2509.244157229778,2612.6661119374025,-103.42195470762454,-105.0633589511205,1.6414042434959697,36.55808698588554,2537.371960449219,2832.2914757633894,2242.4524451350485,0.23246060878039937,201.50050571986608,105851.3,0.03724092193482744,0.025705145789016386,0.055704939443092495
2021-06-17,2360.03515625,2449.5556640625,2313.982177734375,2340.114990234375,29024,0.008630118991113545,0.008593092391018494,2461.185986328125,2465.9316650390624,2534.5187255859373,2486.2889263098086,2593.952685105993,-107.66375879618454,-105.58343892013333,-2.080319876051206,30.514640209446,2534.5187255859373,2835.381822926374,2233.655628245501,0.2374124083623664,197.0516357421875,97145.5,0.29876834233186306,0.3396901544655071,0.049535032626324284
2021-06-18,2189.133056640625,2362.653564453125,2170.275390625,2362.040771484375,565266,-0.07241506515561047,-0.07517091473697049,2399.755859375,2430.5615478515624,2530.4439697265625,2440.57263866839,2563.966012270504,-123.39337360211402,-109.14542585652947,-14.247947745584554,31.044006079521324,2530.4439697265625,2848.094665060976,2212.793274392149,0.25106321193805237,189.95045689174108,121810.75,4.640526390322693,0.09802393712029216,0.050359132490187905
2021-06-19,2176.220458984375,2263.25,2167.87841796875,2188.948486328125,111901,-0.0058984983197253316,-0.005915963172406527,2327.529833984375,2386.4235107421873,2520.200732421875,2399.903072563153,2535.2440895558234,-135.34101699267057,-114.38454408375769,-20.956472908912886,31.449055918236752,2520.200732421875,2869.742419400751,2170.659045442999,0.27739194142918266,179.13234165736608,119461.05,0.9367153561767622,0.08746883334720096,0.04900952371063265
2021-06-20,2231.875244140625,2252.302001953125,2050.458740234375,2171.5029296875,158881,0.02557405658350609,0.02525251102140803,2259.42119140625,2362.5409912109376,2499.465124511719,2374.052637421223,2512.77230158357,-138.71966416234682,-119.25156809947552,-19.468096062871297,31.104908305870026,2499.465124511719,2866.2178147674954,2132.7124342559423,0.29346493908565596,184.69566127232142,99542.45,1.596113015100593,0.8987989113555309,0.04162043600735123
2021-06-21,1880.712646484375,2241.0556640625,1876.49267578125,2231.322509765625,330913,-0.15733970730584623,-0.17119137646176558,2167.5953125,2315.5760498046875,2461.9660034179688,2298.154177277087,2465.953026115936,-167.79884883884915,-128.96102424735028,-38.83782459149887,25.550492376664792,2461.9660034179688,2915.3556799757202,2008.5763268602173,0.3683151399558781,191.15980747767858,108075.3,3.061874452349427,0.011575422735326215,0.05339719034102078
2021-06-22,1799.7762451171875,1948.038330078125,1726.9820556640625,1880.572265625,32969,-0.04303496417620323,-0.04398842338595414,2055.5435302734377,2258.3647583007814,2416.692279052734,2221.480649252482,2416.6065571433405,-195.12590789085834,-142.1940009760519,-52.93190691480643,25.038360215898166,2416.692279052734,2942.7969431678316,1890.5876149376368,0.4353923490179011,185.4430890764509,105889.2,0.3113537546794196,0.32930162078765757,0.0527140582144561
2021-06-23,1995.7080078125,2041.1729736328125,1789.4490966796875,1799.8292236328125,46264,0.10886451203413627,0.10333652960997211,2016.8585205078125,2208.3071899414062,2374.294647216797,2186.7463967232525,2385.42886298306,-198.68246625980737,-153.49169403280303,-45.190772227004345,30.681337973157895,2374.294647216797,2892.1258829691287,1856.4634114644648,0.4361979557670702,188.5268293108259,106700.15,0.4335888937363256,0.8193855649340223,0.05805223903172057
2021-06-24,1987.9144287109375,2030.73779296875,1914.7894287109375,1981.8431396484375,166745,-0.0039051700304119086,-0.003912815116961132,1979.197314453125,2153.36357421875,2341.1105224609373,2156.156863182895,2355.983328486039,-199.82646530314423,-162.75864828687128,-37.067817016272954,33.5838232680361,2341.1105224609373,2869.0814236420133,1813.1396212798613,0.45104312343706143,182.87278529575892,112195.85,1.4861957906642713,0.630668664122756,0.05680302864546273
2021-06-25,1813.10498046875,2016.2427978515625,1794.4046630859375,1987.433349609375,28006,-0.08793610314280109,-0.09204522901863715,1895.44326171875,2077.4322265625,2300.6171020507813,2103.37965045764,2315.7700911600436,-212.3904407024038,-172.6850067699778,-39.70543393242599,32.384195923542805,2300.6171020507813,2860.810091247942,1740.4241128536205,0.4869936754775943,187.80425153459822,112181.95,0.2496480048706588,0.08429712682955375,0.059233007102504454
2021-06-26,1823.7054443359375,1850.131103515625,1719.7200927734375,1812.1646728515625,360281,0.00584658030361096,0.005829555379149321,1884.0418212890625,2025.8185668945312,2257.5702209472656,2060.352849515838,2279.3208359376313,-218.96798642179328,-181.94160270034092,-37.02638372145236,31.896209126570668,2257.5702209472656,2825.7686644050355,1689.371777489496,0.5033716676324304,184.19737897600447,129889.05,2.77375960483197,0.7973663493805545,0.05873348612129649
2021-06-27,1930.9322509765625,1933.0244140625,1814.916748046875,1828.4420166015625,258071,0.05879612136578838,0.057132528128161046,1910.2730224609375,1982.9082763671875,2224.419970703125,2040.4419882021027,2253.5142595846523,-213.07227138254962,-188.1677364367827,-24.904534945766926,31.11510282398463,2224.419970703125,2787.3270467735492,1661.5128946327004,0.5061158265833166,177.19132777622767,130398.75,1.9790910572378952,0.9822859669796238,0.060983770573429914
2021-06-28,2078.0400390625,2135.940185546875,1923.671875,1932.7071533203125,29012,0.076184852167412,0.07342224267902304,1926.7394287109375,1971.798974609375,2201.1802612304687,2046.2263037190871,2240.5161624114457,-194.28985869235862,-189.3921608878979,-4.8976978044607336,35.672297060078336,2201.1802612304687,2746.850983275143,1655.5095391857944,0.49579830571408273,184.69837297712053,131388.45,0.2208108855839307,0.7272313217998628,0.06410392235610551
2021-06-29,2168.1494140625,2242.25244140625,2073.801025390625,2076.721923828125,36999,0.04336267507177216,0.04244883856049208,1962.78642578125,1970.9918701171875,2178.7076904296873,2064.983705310382,2235.155659950798,-170.17195464041606,-185.54811963840154,15.376164997985484,37.80792448167963,2178.7076904296873,2687.9751040423857,1669.440276816989,0.46749494285051163,190.54622105189733,126458.95,0.29257715646065385,0.5600925827629886,0.06460698085433353
2021-06-30,2272.306396484375,2279.435302734375,2131.51416015625,2167.391357421875,138089,0.04803957778293255,0.04692135024581864,2054.626708984375,1975.0349853515625,2168.78798828125,2096.8795039525353,2237.907567588472,-141.02806363593663,-176.64410843790859,35.61604480197195,47.79222812839246,2168.78798828125,2661.5698041358332,1676.0061724266666,0.4544306022693437,184.1039777483259,131874.55,1.0471239522713065,0.9518060357345272,0.06466527305416546
2021-07-01,2109.50048828125,2274.017822265625,2080.142333984375,2274.017822265625,24314,-0.07164786775894838,-0.07434416532400025,2111.7857177734377,1997.91376953125,2156.744909667969,2098.8211938492605,2228.395928154907,-129.57473430564642,-167.23023361145616,37.65549930580974,42.50843010586271,2156.744909667969,2642.5662456304767,1670.9235737054612,0.4505134879741527,188.2684064592634,119869.0,0.20283809825726418,0.1514278806239375,0.06572979903667449
2021-07-02,2138.09130859375,2141.1396484375,2011.1697998046875,2109.794921875,53717,0.01355336036721888,0.013462335121626852,2153.217529296875,2031.7452758789063,2145.0550170898437,2104.8627499637973,2221.7066945176266,-116.84394455382926,-157.1529757999308,40.30903124610154,48.33175020084397,2145.0550170898437,2620.2135161433007,1669.8965180363864,0.44302686436275734,183.8106689453125,121710.25,0.4413514884736495,0.9765457920773029,0.06578085943301469
2021-07-03,2224.846435546875,2229.327392578125,2119.99169921875,2138.01904296875,115144,0.040575969138654244,0.0397743763330074,2182.57880859375,2054.6591186523438,2131.483154296875,2123.3217785150405,2221.939268009572,-98.61748949453158,-145.44587853885096,46.82838904431938,51.51611086642541,2131.483154296875,2579.10970821311,1683.8566003806402,0.4200141605753353,184.80810546875,126601.95,0.9094962597337561,0.9590165214747235,0.06530565088508597
2021-07-04,2321.341064453125,2383.68359375,2191.80859375,2224.285400390625,318631,0.043371365935434225,0.04245716819281831,2213.217138671875,2088.0017822265627,2120.6826782226562,2153.7862840439766,2229.302366457066,-75.5160824130894,-131.45991931369866,55.943836900609256,52.720182927128,2120.6826782226562,2536.359659144807,1705.0056973005053,0.39202185710360943,184.09608677455358,141344.0,2.2542944872085124,0.675087795160256,0.06601520954939703
2021-07-05,2204.333740234375,2322.12939453125,2162.335205078125,2321.939697265625,99989,-0.0504050550823798,-0.05171975908161865,2199.622607421875,2127.124658203125,2102.2784423828125,2161.5628157655765,2227.4528380271163,-65.8900222615398,-118.34593990326688,52.45591764172708,61.47326924019037,2102.2784423828125,2462.6577433272014,1741.8991414384236,0.34284640291123336,169.46974400111608,145407.9,0.6876448941219838,0.26282892574101896,0.06674788454897829
2021-07-06,2324.837158203125,2345.933349609375,2197.84228515625,2198.5107421875,125822,0.054666594159166415,0.053224692488085285,2242.68994140625,2177.237829589844,2101.5281982421875,2186.6819453713533,2234.666493401634,-47.98454803028062,-104.27366152866963,56.289113498389014,68.10687948762398,2101.5281982421875,2459.881905859718,1743.1744906246572,0.34104106518035154,164.25794328962053,151501.9,0.8304978353406789,0.8575458182252245,0.0648929511422619
2021-07-07,2307.621337890625,2401.537841796875,2298.14990234375,2324.22021484375,14121,-0.0074051725523029965,-0.0074327269569251985,2276.595947265625,2214.90673828125,2098.907507324219,2205.2880057589337,2240.070557363201,-34.782551604267155,-90.37543954378914,55.59288793952199,62.26867736702195,2098.907507324219,2449.9941597948145,1747.8208548536234,0.334542280920398,153.66251918247767,150756.75,0.09366744772622121,0.0916106423636883,0.06490245499472139
2021-07-08,2126.74853515625,2318.098388671875,2121.968505859375,2310.318359375,69627,-0.07838062500310783,-0.08162296604438109,2256.9763671875,2219.777587890625,2095.78828125,2193.2050102815974,2231.6763314726413,-38.4713211910439,-79.9946158732401,41.523294682196195,54.80642066996406,2095.78828125,2444.600886642863,1746.9756758571373,0.332870079018496,159.3897705078125,125974.8,0.5527057792510883,0.02437175420739422,0.0652700019213659
2021-07-09,2148.81201171875,2181.435791015625,2062.109130859375,2125.796630859375,11191,0.010374276129866411,0.010320832634516055,2222.470556640625,2217.84384765625,2094.417858886719,2186.3753181950055,2225.538232343138,-39.162914148132586,-71.8282755282186,32.66536138008601,62.99667979073079,2094.417858886719,2442.113500024103,1746.722217749335,0.3320212723187917,152.06752232142858,120939.3,0.09253402326621701,0.7266010859482498,0.06528557494604452
2021-07-10,2110.356689453125,2182.508056640625,2081.91015625,2147.45947265625,70029,-0.017896084932467415,-0.01805815640182256,2203.675146484375,2201.648876953125,2088.341931152344,2174.6801445424085,2217.006264439951,-42.32611989754241,-65.92784440208337,23.601724504540954,60.86322263479828,2088.341931152344,2430.120377461003,1746.5634848436848,0.3273203886875616,149.9380144391741,116496.7,0.6011243236932892,0.2827746214368135,0.0651639280453092
2021-07-11,2139.958251953125,2172.4052734375,2083.5927734375,2111.173583984375,127024,0.01402680534903844,0.013929340075048185,2166.699365234375,2204.6946533203127,2101.3042114257814,2169.338314913288,2211.2990031636655,-41.96068825037764,-61.13441317174222,19.173724921364574,58.41665489454391,2101.3042114257814,2429.313619422773,1773.29480342879,0.3121960220832851,147.84550258091517,106302.25,1.194932374432338,0.6346570416245284,0.053753024588732115
2021-07-12,2018.3221435546875,2224.189697265625,1954.614990234375,2140.754150390625,50015787,-0.05684041185729727,-0.05851977615746477,2108.8395263671873,2192.717736816406,2112.2315063476562,2146.1050577811952,2197.0044184377707,-50.89936065657548,-59.087402668708876,8.188042012133394,47.54503685538456,2112.2315063476562,2411.223535593579,1813.2394771017334,0.2831053588088191,151.9388166155134,2605443.15,19.196652592477406,0.2363246686587852,0.05452400581165558
2021-07-13,1940.881103515625,2024.58544921875,1925.5712890625,2017.52294921875,47074037,-0.038369018685328715,-0.039124497214925016,2071.6660400390624,2164.3212036132813,2109.4901611328123,2114.5321417403384,2178.032317923747,-63.50017618340871,-59.96995737164884,-3.530218811759873,40.55881330975769,2109.4901611328123,2413.9361790746034,1805.0441431910215,0.28864416962087286,146.97901262555803,4956831.8,9.496799346711745,0.15462247447656996,0.049805070203706184
2021-07-14,1999.4930419921875,2017.7462158203125,1874.466064453125,1940.0870361328125,45632143,0.03019862389839112,0.029751622386847355,2041.80224609375,2132.1364013671873,2110.069091796875,2096.8338187021614,2164.807184364381,-67.97336566221975,-61.57063902976302,-6.4027266324567265,38.22105667154608,2110.069091796875,2413.584303948011,1806.5538796457388,0.2876827240691642,146.64751325334822,7230101.7,6.311410944606768,0.8726050073043738,0.05025330926453816
2021-07-15,1900.77685546875,2040.1865234375,1877.9368896484375,1999.78076171875,45236117,-0.04937060767417423,-0.050630995518161845,1999.886279296875,2101.780712890625,2114.452685546875,2066.671208973944,2145.2493794732195,-78.57817049927553,-64.97214532366553,-13.60602517561,40.460228486215776,2114.452685546875,2402.0226451524904,1826.8827259412592,0.2720041565094085,144.3885236467634,9490507.25,4.766459348102811,0.14077052308542387,0.04729342611068186
2021-07-16,1867.0482177734375,1952.5755615234375,1860.19580078125,1904.42919921875,42994616,-0.017744659294578136,-0.01790398334234354,1945.3042724609375,2056.001818847656,2116.61982421875,2035.9599795584813,2124.641883330291,-88.68190377180963,-69.71409701329435,-18.96780675851528,37.66980920949971,2116.61982421875,2395.485711820661,1837.7539366168394,0.2635011582250874,141.7035173688616,11622224.0,3.6993449790676896,0.07417660466310787,0.047523726632850954
2021-07-17,1899.574462890625,1916.793701171875,1858.729736328125,1867.737060546875,42689321,0.017421213232498678,0.017271203624091177,1921.554736328125,2015.1971313476563,2115.051934814453,2014.977592378811,2107.9702205466792,-92.99262816786813,-74.36980324420911,-18.622824923659024,34.43487859029125,2115.051934814453,2398.626493467231,1831.4773761616755,0.2681490264943823,138.04125104631697,13743786.5,3.106081500902244,0.7034436360895889,0.04580224674663249
2021-07-18,1979.566162109375,1980.251708984375,1867.7724609375,1900.75341796875,44077555,0.0421103256447366,0.041247816464168294,1929.291748046875,2000.4788940429687,2110.128240966797,2009.5296800296671,2098.458807748633,-88.92912771896567,-77.28166813916043,-11.647459579805243,33.382713587404226,2110.128240966797,2399.7634663444896,1820.493015589104,0.2745190740113413,132.37012590680803,15946213.65,2.7641392475636373,0.9939051256401239,0.04339708087440402
2021-07-19,1824.297119140625,1980.518798828125,1822.6524658203125,1979.494384765625,40548919,-0.0784358946625453,-0.0816829380005577,1894.2525634765625,1968.0274047851562,2092.935626220703,1981.0323629698144,2078.1505324189475,-97.11816944913312,-81.24896840115497,-15.869201047978152,32.18522613088331,2092.935626220703,2407.7929645399026,1778.0782879015035,0.300876275767497,132.232421875,17971809.65,2.2562513063340845,0.010418011800698056,0.045272964235244115
2021-07-20,1776.9940185546875,1832.60986328125,1747.666259765625,1823.0916748046875,41378167,-0.02592949366067121,-0.026271589520782627,1869.49599609375,1934.6911376953126,2068.1700073242187,1949.6418484444102,2055.842640367722,-106.20079192331195,-86.23933310558637,-19.961458817725585,22.42676915284615,2068.1700073242187,2401.0269989767826,1735.3130156716547,0.32188552244136986,127.72188895089286,20033813.55,2.0654163969695123,0.3452615332032055,0.0434733176720051
2021-07-21,1960.8992919921875,1978.6048583984375,1758.284423828125,1776.225341796875,52640463,0.10349234241490524,0.09848000732936699,1888.2662109375,1916.7852416992187,2060.7399475097654,1951.3737628363758,2048.8097991239815,-97.4360362876057,-88.47867374199025,-8.957362545615453,35.05666147887517,2060.7399475097654,2396.3352934946065,1725.1446015249244,0.3257037321864706,136.07421003069197,22664621.0,2.3225829807610725,0.9196372027407387,0.0480748225693606
2021-07-22,1987.197509765625,1993.3289794921875,1943.8814697265625,1961.7061767578125,54734548,0.013411304640086774,0.0133221691583843,1905.7908203125,1913.6727783203125,2053.1952575683595,1956.8851085177987,2044.245925463638,-87.36081694583936,-88.25510238276009,0.8942854369207254,43.060945574406055,2053.1952575683595,2388.252811880677,1718.1377032560417,0.32637670779459443,125.59689767020089,25398662.55,2.1550169380867654,0.8760004343113555,0.04807232870479106
2021-07-23,2113.1728515625,2210.546630859375,1986.6571044921875,1987.247802734375,55599084,0.06339346802610124,0.0614651795321858,1932.512158203125,1930.901953125,2047.6115783691407,1980.929376678522,2049.351624081151,-68.42224740262895,-84.28853138673387,15.86628398410491,48.393850645648314,2047.6115783691407,2374.2407960473865,1720.982360690895,0.3190343531251136,133.065673828125,28172859.55,1.973498071834884,0.5650811322775812,0.049402205006287406
2021-07-24,2182.6484375,2186.587158203125,2077.162353515625,2113.489990234375,54701039,0.03287737956983938,0.03234847986794024,2004.182421875,1949.2174926757812,2040.6769470214845,2011.963078343365,2059.225462806885,-47.26238446351999,-76.8833020020911,29.620917538571106,53.169356292302574,2040.6769470214845,2348.1648696867687,1733.1890243562004,0.3013587457966681,133.6961669921875,30891979.95,1.770719749544574,0.9640052296733504,0.048955194677761264
2021-07-25,2164.71533203125,2188.13037109375,2106.30078125,2181.16357421875,54191507,-0.008216213459136146,-0.00825015256943308,2081.7266845703125,1975.6113403320312,2038.696026611328,2035.4634250645781,2067.0395277029356,-31.576102638357497,-67.82186212934438,36.245759490986885,51.09659936863215,2038.696026611328,2342.229741501534,1735.162311721122,0.2977724103330231,133.1973876953125,33596555.85,1.6130078107396237,0.7138560866020648,0.047648474208843494
2021-07-26,2258.857666015625,2424.138916015625,2157.05908203125,2164.04638671875,56261450,0.04348947530945657,0.04257036153260804,2141.318359375,2014.79228515625,2035.3970520019532,2069.8317698262777,2081.2482795461474,-11.416509719869737,-56.54079164744945,45.124281927579716,60.92035076499156,2035.3970520019532,2327.0374711787085,1743.7566328251978,0.2865685777523426,133.01918247767858,36403337.25,1.5455025349358595,0.38115413830352685,0.04703727460705752
2021-07-27,2275.703125,2299.61767578125,2230.2001953125,2258.670654296875,55888033,0.007457512369112074,0.007429842603670324,2199.019482421875,2052.4051513671875,2033.8011413574218,2101.50428600685,2095.6523429768663,5.851943029983886,-44.062244711962784,49.91418774194667,66.08604254764124,2033.8011413574218,2319.4572265331035,1748.1450561817398,0.2809085700335738,130.90513392857142,39197032.85,1.4258230518078614,0.655496704485397,0.04703801051386225
2021-07-28,2282.5595703125,2338.41845703125,2246.163330078125,2276.339111328125,57051980,0.0030128909334339316,0.0030083612735124147,2232.896826171875,2082.7044921875,2041.5916931152344,2129.358945130796,2109.497323495507,19.86162163528934,-31.277471442512358,51.1390930778017,64.31122683563709,2041.5916931152344,2345.816274034414,1737.3671121960547,0.2980268600671743,127.26048932756696,42046150.5,1.3568894969350405,0.39451726351124994,0.04323478206734016
2021-07-29,2342.563232421875,2361.586669921875,2211.009033203125,2281.248779296875,60452440,0.026287884395131078,0.025948296469899334,2264.87978515625,2134.531103515625,2051.2792541503904,2162.1596047140392,2126.7614657241497,35.3981389898895,-17.942349356031983,53.340488345921486,73.24569573158496,2051.2792541503904,2381.1390403892556,1721.419467911525,0.3216137301359178,126.42677525111607,45068212.95,1.3413542726237606,0.8736635935901375,0.0434957163154585
2021-07-30,2460.114501953125,2461.150146484375,2305.84228515625,2343.1650390625,79974120,0.05018061749808944,0.04896216604110902,2323.959619140625,2202.843151855469,2068.7671447753905,2207.9988196738987,2151.4542843174168,56.5445353564819,-3.044972413529201,59.5895077700111,78.67612417052358,2068.7671447753905,2445.5611310267354,1691.9731585240459,0.36426911284136226,130.92163957868303,49063417.5,1.6300152756379027,0.9933316669721227,0.04424882332402929
2021-07-31,2542.3076171875,2552.90283203125,2275.916015625,2461.741455078125,107168113,0.03341028036260929,0.03286428491766154,2380.649609375,2260.983984375,2088.8846130371094,2259.430942368299,2180.406384237119,79.02455813118013,13.36893369541267,65.65562443576746,79.6533757271322,2088.8846130371094,2520.6382630793933,1657.1309629948255,0.4133820004682218,146.5589861188616,54415471.95,1.9694419465565252,0.9617483063243424,0.044584422379879626
2021-08-01,2587.739990234375,2677.483154296875,2368.3740234375,2541.443359375,122928322,0.01787052547839818,0.01771272485139513,2443.056982421875,2321.038232421875,2117.355505371094,2309.9400266553876,2210.5792450875647,99.36078156782287,30.567303269894715,68.79347829792815,78.98317354511119,2117.355505371094,2601.4431570898532,1633.2678536523342,0.45725684750697254,160.6039777483259,58061098.7,2.1172234896064754,0.7096715848538807,0.04176617137952185
2021-08-02,2602.395751953125,2679.916259765625,2546.615966796875,2586.432373046875,114789672,0.0056635372077789015,0.005647559678761045,2507.02421875,2369.9605224609377,2150.4312377929687,2354.933215162732,2239.6026910621003,115.33052410063146,47.519947436042074,67.81057666458939,92.81991139610916,2150.4312377929687,2672.645108859022,1628.2173667269155,0.4856829289756895,158.84926060267858,61446880.45,1.8681122810360666,0.41845208221066776,0.040021783768155954
2021-08-03,2506.599609375,2618.199462890625,2455.181884765625,2603.264404296875,112484088,-0.03681075121115951,-0.03750536646159449,2539.831494140625,2402.3556396484373,2175.7865661621095,2378.266506580004,2259.380241211302,118.88626536870197,61.79321102257406,57.09305434612791,88.11686180665485,2175.7865661621095,2716.074115394763,1635.4990169294563,0.4966365337806747,164.42597307477678,64789477.7,1.736147473218479,0.3154121487855399,0.04150641209184965
2021-08-04,2756.00439453125,2820.14208984375,2451.70458984375,2507.841552734375,141949208,0.09949925158507344,0.0948548503258382,2599.00947265625,2461.4845458984373,2218.5479431152344,2436.3800278032722,2296.1672166413646,140.21281116190767,77.47713105044079,62.73568011146688,88.8780269316321,2218.5479431152344,2800.925502059401,1636.1703841710678,0.5250078644921284,175.0057634626116,69625132.25,2.038763926369418,0.8259197412837749,0.043201702557729364
2021-08-05,2796.525634765625,2810.7060546875,2546.8798828125,2756.13232421875,161709871,0.014702893912209136,0.014595854286818985,2649.853076171875,2515.2513427734375,2265.0218139648437,2491.787044259019,2333.2308042046557,158.55624005436312,93.69295285122527,64.86328720313784,89.03060227311795,2265.0218139648437,2876.893307561785,1653.1503203679022,0.5402786761915386,190.31852504185267,75560895.0,2.1401264635629316,0.9462508975870061,0.042324958378596
2021-08-06,2799.04150390625,2917.489501953125,2704.033935546875,2796.7314453125,157896738,0.0008996410078807582,0.0008992365734549145,2692.11337890625,2567.5851806640626,2309.995166015625,2539.0569611278233,2367.735301371502,171.32165975632142,109.21869423224452,62.10296552407691,87.5478082260622,2309.995166015625,2940.702397647896,1679.2879343833538,0.5460680099345324,189.5732421875,81321265.85,1.9416414187556577,0.44509295285420225,0.042564060194883555
2021-08-07,3087.427490234375,3129.63134765625,2758.34228515625,2799.28173828125,162019283,0.10303026444076058,0.09806117819118938,2789.1197265625,2648.07197265625,2365.388232421875,2623.421657913447,2421.04583515688,202.37582275656678,127.85011993710899,74.52570281945779,89.95535449565457,2365.388232421875,3064.765400924469,1666.0110639192806,0.5913423926917194,208.27783203125,87218352.25,1.8576283410582317,0.8863315360097948,0.04622081439087835
2021-08-08,2998.357421875,3165.181640625,2953.601806640625,3086.558837890625,141898428,-0.02884928266043696,-0.02927360405466389,2887.4712890625,2713.6513916015624,2424.0912475585938,2681.1040831383007,2463.8096573437574,217.29442579454326,145.73898110859588,71.55544468594738,84.63768268837104,2424.0912475585938,3129.3063376082105,1718.876157508977,0.5818387329766312,217.54570661272322,92285827.7,1.5375971753894775,0.2115306283658624,0.04156227102810784
2021-08-09,3146.107177734375,3164.492919921875,2899.784423828125,3000.51318359375,160619156,0.049276899005249675,0.048101259314916614,2965.491845703125,2782.2506591796873,2492.546905517578,2752.643020768466,2514.3502154476787,238.29280532078747,164.2497459510342,74.04305936975325,85.29285059738592,2492.546905517578,3199.081543230876,1786.0122678042803,0.5669178270220642,217.37632533482142,98247877.15,1.634835893245557,0.9305434375242195,0.03999463024231897
2021-08-10,3129.475830078125,3187.4404296875,3065.96435546875,3145.259033203125,159660396,-0.005286325835926142,-0.005300347894960919,3032.081884765625,2840.96748046875,2550.975732421875,2810.617299123798,2559.915076657123,250.70222246667527,181.54024125416245,69.16198121251281,83.96700209665597,2550.975732421875,3265.6208613719764,1836.3306034717734,0.5602915934222733,221.09479631696428,103598873.8,1.541140266719772,0.5228311419562125,0.03669203351608837
2021-08-11,3194.392333984375,3280.36572265625,3101.92333984375,3128.85205078125,163104686,0.020743570946393675,0.02053135283513059,3111.15205078125,2901.63271484375,2611.3354736328124,2869.659612179272,2606.913392842203,262.74621933706885,197.78143687074376,64.96478246632509,84.67498586491406,2611.3354736328124,3329.4004110600445,1893.2705362055801,0.5499599302178372,227.25102887834822,109017380.7,1.4961346984554729,0.5182008482402168,0.03661442761514038
2021-08-12,3087.542724609375,3263.00732421875,3033.314208984375,3192.90087890625,146549514,-0.03344911901968106,-0.03402133714589613,3111.17509765625,2950.147412109375,2660.0539672851564,2903.1800910146726,2642.5155661461163,260.6645248685563,210.3580544703063,50.30647039825001,77.35528423915304,2660.0539672851564,3367.952186790713,1952.1557477796,0.5322435019828078,232.90213448660714,113564902.2,1.2904472346738831,0.2360911669786237,0.03760857108847604
2021-08-13,3299.6513671875,3319.9775390625,3066.6640625,3089.313232421875,163009620,0.06869820484992983,0.06644127679613807,3171.43388671875,3029.452587890625,2715.9041137695312,2964.1756719643386,2691.192292883971,272.98337908036774,222.8831193923186,50.100259688049135,78.82567220640422,2715.9041137695312,3441.250272937947,1990.5579546011154,0.5341471044511021,239.90253557477678,118980331.25,1.370055187167753,0.9197588215201707,0.03908849384570431
2021-08-14,3272.424560546875,3357.092041015625,3227.323486328125,3300.4326171875,164342434,-0.008251419198820442,-0.008285650593329882,3196.69736328125,3081.0946044921875,2771.2895751953124,3011.5985779001135,2734.2465355348486,277.3520423652649,233.77690398690788,43.575138378356996,76.05206721535944,2771.2895751953124,3488.5443472646257,2054.034803125999,0.5176324975124718,229.38694545200892,124487877.6,1.3201480912708565,0.3475501004375359,0.03908990708725917
2021-08-15,3271.191162109375,3309.353515625,3179.976318359375,3273.1142578125,158757016,-0.00037690660691469535,-0.0003769776540625171,3225.0404296875,3128.5611572265625,2821.90625,3051.535898547692,2774.0202120921476,277.51568645554426,242.52466048063516,34.99102597490909,75.18120759004789,2821.90625,3529.7171997755,2114.0953002245,0.5016544754280905,216.5489501953125,129612655.9,1.224857363639595,0.7050302964569253,0.03902641527247662
2021-08-16,3164.4453125,3482.154296875,3063.343505859375,3272.246826171875,144622969,-0.032632103817663016,-0.033176404814432806,3219.051025390625,3165.1015380859376,2866.343359375,3068.906577617278,2802.9405902466933,265.96598737058457,247.21292585862506,18.753061511959515,69.39230691086188,2866.343359375,3540.565662202324,2192.1210565476763,0.47044071019763417,236.94255719866072,134049402.7,1.078878130652051,0.24140210521566782,0.04066639419681213
2021-08-17,3077.9169921875,3272.140380859375,3076.180908203125,3159.587646484375,125917769,-0.027343913946213938,-0.027724716570012714,3217.12587890625,3164.15048828125,2906.11123046875,3070.292795243466,2823.309212838679,246.98358240478728,247.16705716785754,-0.1834747630702509,69.83894962546937,2906.11123046875,3527.072261205391,2285.150199732109,0.42734842646506777,239.29554966517858,137492692.15,0.9158142664239046,0.008859403226359084,0.041782114652098065
2021-08-18,3044.8828125,3100.700439453125,2953.835693359375,3079.791748046875,178828819,-0.0107326415141632,-0.010790651753203949,3166.17216796875,3168.80302734375,2941.2272094726563,3066.3835671290867,2839.72207224147,226.66149488761675,243.0659447118094,-16.404449824192653,61.80524183442655,2941.2272094726563,3504.7823577184186,2377.672061226894,0.3832108899514799,223.46892438616072,143411511.1,1.2469627969773203,0.6199385594981819,0.04211468979492669
2021-08-19,3147.75439453125,3155.843994140625,2945.577880859375,3041.5615234375,211073727,0.033785071007966794,0.03322689278557843,3141.238134765625,3168.9677490234376,2975.6092041015627,3078.902155960189,2862.539281517023,216.36287444316577,237.7253306580807,-21.362456214914943,63.65726426190663,2975.6092041015627,3497.97528546015,2453.243122742975,0.3510985788312263,219.64320591517858,149966491.45,1.4074725957723273,0.9615268504622535,0.04152910511759717
2021-08-20,3275.537353515625,3313.255859375,3102.815673828125,3149.086669921875,220202878,0.04059495849052852,0.03979262505215171,3142.107373046875,3183.5739013671873,3012.2706909179688,3109.153724814871,2893.131731564154,216.02199325071706,233.384663176608,-17.36266992589094,66.88342526802293,3012.2706909179688,3508.878207512854,2515.6631743230837,0.3297230345812961,219.42782156808036,155618229.7,1.4150198111397743,0.820763768243395,0.041743717865697846
2021-08-21,3183.946044921875,3321.015380859375,3183.946044921875,3275.09423828125,210068441,-0.027962223815107823,-0.028360610889149575,3146.00751953125,3182.5292724609376,3042.0809936523438,3120.660235600564,2914.673532729299,205.98670287126515,227.9050711155394,-21.918368244274262,53.974114675333716,3042.0809936523438,3501.5803550115525,2582.581632293135,0.3020954158143768,202.69784109933036,159975235.65,1.3131309989728401,0.0,0.04274030248389206
2021-08-22,3241.204833984375,3253.638427734375,3182.358154296875,3182.97900390625,188888211,0.017983592766536605,0.01782380087323912,3178.665087890625,3197.8954833984376,3074.021447753906,3139.205558428843,2938.8610367086208,200.34452172022202,222.39296123647594,-22.04843951625392,60.26813724144181,3074.021447753906,3491.7437779740053,2656.299117533807,0.2717758072412384,192.67644391741072,163680162.6,1.1540079628439959,0.8255675356077625,0.042744179827993244
2021-08-23,3288.2841796875,3498.330810546875,3229.745361328125,3240.855224609375,201549911,0.01452526085654715,0.014420779783049401,3227.345361328125,3196.7587646484376,3113.105676269531,3162.1407309301744,2964.74423266581,197.39649826436425,217.39366864205363,-19.997170377689372,56.57096021409553,3113.105676269531,3444.681237804563,2781.5301147344994,0.2130191493739219,192.953369140625,168133453.75,1.1987496033935483,0.21795230727305115,0.041179379452947674
2021-08-24,3195.638671875,3386.535400390625,3093.7333984375,3288.5068359375,192703351,-0.02817442251031499,-0.02857893765131517,3236.922216796875,3189.08017578125,3135.0873901367186,3167.2942603063016,2981.847524569812,185.4467357364897,211.00428206094082,-25.557546324451124,52.857085926909605,3135.0873901367186,3422.307324878923,2847.8674553945143,0.18322930049466904,205.19093540736608,170671160.9,1.1290914644502192,0.34803475643699244,0.03698198687694769
2021-08-25,3226.817626953125,3288.71630859375,3071.823486328125,3196.3681640625,210798426,0.009756721043756578,0.009709431585563014,3227.178271484375,3184.642822265625,3156.6019897460938,3176.4517013288896,2999.993458188463,176.45824314042648,204.09507427683798,-27.6368311364115,51.442232723156565,3156.6019897460938,3397.820582927359,2915.3833965648287,0.1528343414626485,207.93739536830358,173125588.65,1.2176040967933484,0.7146116639490963,0.036951745490795634
2021-08-26,3123.72705078125,3246.330322265625,2978.139892578125,3226.817626953125,210746405,-0.03194806403398032,-0.03246954028736476,3215.13447265625,3180.57099609375,3172.8362670898437,3168.3402166292526,3009.158909542505,159.18130708674744,195.1123208388199,-35.93101375207246,51.61482926463605,3172.8362670898437,3347.159422189245,2998.513111990442,0.10988474691087186,210.68720354352678,175768072.0,1.1990027688305076,0.5428499382596803,0.0379905238101572
2021-08-27,3190.413330078125,3268.204345703125,3092.052001953125,3120.08642578125,210585839,0.02134830547380795,0.02112362250925705,3204.976171875,3191.8206298828127,3177.985559082031,3171.736080236771,3022.585162984516,149.1509172522551,185.92004012150696,-36.769122869251845,44.397784250105985,3177.985559082031,3347.7095835186246,3008.2615346454377,0.10681233207719086,205.17569405691964,178196399.8,1.1817625902451032,0.5583878478450056,0.03072552004785894
2021-08-28,3239.1640625,3284.233154296875,3127.377685546875,3190.425537109375,212994098,0.015280381373244056,0.015164812153264528,3195.1521484375,3211.2487548828126,3190.0258911132814,3182.1096159695753,3038.62804450645,143.48157146312542,177.43234638983066,-33.950774926705236,48.3310968589806,3190.0258911132814,3338.9920200310703,3041.0597621954926,0.09339493408675842,207.1104736328125,181751183.3,1.171899374368475,0.7126712115097886,0.02996215486162563
2021-08-29,3220.921630859375,3271.125,3146.541259765625,3235.444091796875,206638956,-0.005631833179374546,-0.005647751747134526,3200.208740234375,3218.565478515625,3193.7666137695314,3188.0806951833906,3052.1312731846824,135.9494219987082,169.13576151160618,-33.18633951289797,47.51997113153124,3193.7666137695314,3341.843865416202,3045.689362122861,0.09272891200518761,206.76808384486608,184052173.3,1.1227194566357233,0.5970311290048808,0.02807973020232807
2021-08-30,3232.549560546875,3356.122314453125,3150.40771484375,3220.828857421875,180369044,0.0036101249953099934,0.00360362413531594,3201.355126953125,3214.26669921875,3198.920300292969,3194.9220590854648,3065.4955908215907,129.42646826387409,161.19390286205976,-31.767434598185673,53.70789169295618,3198.920300292969,3344.7336247579674,3053.1069758279705,0.09116408711504587,191.54692731584822,185087605.7,0.9745063334621763,0.39930002953173266,0.028036226564672105
2021-08-31,3435.947021484375,3525.760498046875,3203.365966796875,3233.962158203125,184620000,0.06292168368273665,0.06102142184111404,3263.79912109375,3239.466796875,3210.9980346679686,3232.0028225314513,3092.9364376410126,139.0663848904387,156.76839926773556,-17.702014377296848,67.29215969964638,3210.9980346679686,3391.194405498289,3030.801663837648,0.11223698606153377,200.5780029296875,186163371.4,0.9917095861103427,0.7214174935862403,0.03095539633966363
2021-09-01,3722.66943359375,3869.017822265625,3370.231689453125,3435.55859375,189817290,0.08344785595253645,0.08014841527324797,3370.250341796875,3287.6132568359376,3242.7543701171876,3307.489993464113,3139.5833263932636,167.90666707084938,158.99605282835833,8.91061424249105,76.29268396167625,3242.7543701171876,3525.8325952593314,2959.676144975044,0.17459122266600402,225.71524483816964,188326760.2,1.0079145937540532,0.7065909032921027,0.03434298831904347
2021-09-02,3696.786376953125,3815.108642578125,3691.798828125,3722.71240234375,179010059,-0.006952821651864505,-0.006977105140964942,3461.7748046875,3328.4634765625,3262.611120605469,3367.3817447701153,3180.8576265684087,186.52411820170664,164.501665903028,22.022452298678644,72.65099775447578,3262.611120605469,3610.735439451632,2914.4868017593058,0.21340227564819853,219.50408063616072,189126782.15,0.9465082468226196,0.04044729813145972,0.03158681365681568
2021-09-03,3944.618408203125,4025.32275390625,3666.70556640625,3696.254150390625,189614190,0.0670398573190647,0.06488832618527411,3606.51416015625,3403.3614501953125,3296.220812988281,3456.187385298271,3237.432499451746,218.75488584652476,175.35230989172737,43.402575954797385,75.11590379297843,3296.220812988281,3759.186193030548,2833.255432946014,0.28090677555218324,230.08815220424108,190390369.95,0.9959232184369208,0.774956838311397,0.03416036478589409
2021-09-04,3913.29931640625,4070.221435546875,3863.222900390625,3945.541748046875,176351046,-0.007939701272940525,-0.007971388537481538,3742.664111328125,3472.009619140625,3328.326220703125,3526.5122977764217,3287.496708254053,239.01558952236883,188.08496581785568,50.93062370451315,78.67598090437926,3328.326220703125,3866.8709911971505,2789.781450209099,0.32361297227665115,235.08309500558036,191270071.45,0.9220002097719717,0.241916765137523,0.0343219032474736
2021-09-05,3996.598388671875,4024.271240234375,3828.341796875,3914.86376953125,169577272,0.021286148983390873,0.02106276336698553,3854.794384765625,3559.2967529296875,3369.933874511719,3598.8332348372605,3340.022758790415,258.81047604684545,202.23006786365366,56.58040818319179,79.10386100996237,3369.933874511719,3979.1182356778786,2760.749513345559,0.36154083958364114,243.98660714285714,192517786.6,0.8808395057664765,0.8587611382107083,0.032923392062243415
2021-09-06,3953.047607421875,4084.634033203125,3692.106201171875,3995.935302734375,162825743,-0.010896962119947395,-0.010956768883205396,3900.87001953125,3635.5601806640625,3413.6904052734376,3653.327753696432,3385.4320069452874,267.89574675114454,215.3632036411519,52.532543109992645,75.68188493404546,3413.6904052734376,4059.194144792924,2768.1866657539513,0.378185285064116,252.83963448660714,194363185.3,0.8377396303146509,0.6647717306898588,0.03207704348320139
2021-09-07,3341.993408203125,3970.01953125,3290.6640625,3953.347412109375,152115760,-0.1545780015579603,-0.16791936984657294,3829.91142578125,3645.843115234375,3428.545935058594,3605.430162082077,3382.214332957294,223.21582912478289,216.9337287378781,6.282100386904773,54.037071322677605,3428.545935058594,4051.5968838636027,2805.494986253585,0.3634490892678449,280.45059640066967,193027532.35,0.7880521402728278,0.07555594686948554,0.04923288666998398
2021-09-08,3352.73193359375,3380.70556640625,3326.355712890625,3341.429443359375,171935408,0.003213209626406366,0.0032080583002655236,3711.534130859375,3659.0241455078126,3438.794812011719,3566.5535115454113,3380.0304515185007,186.52306002691057,210.85159499568462,-24.32853496877405,53.512852567468876,3438.794812011719,4049.009163797055,2828.580460226383,0.35490012352807776,268.8403843470982,191070616.4,0.899852689228044,0.4853043567208341,0.048793352739144036
2021-09-09,3259.594970703125,3508.675537109375,3256.6494140625,3317.710205078125,185603171,-0.027779424283048137,-0.028172570516408462,3580.79326171875,3661.7286865234373,3437.997692871094,3519.329120646598,3371.109304774577,148.21981587202072,198.32523917095187,-50.10542329893116,53.81171576832461,3437.997692871094,4049.150919283815,2826.844466458373,0.35552858437339024,267.685791015625,189340631.05,0.9802606549409194,0.011687505266905499,0.04851443901887156
2021-09-10,3164.2568359375,3438.12353515625,3111.034912109375,3257.373779296875,226649000,-0.02924846050583385,-0.029684724490426882,3414.324951171875,3634.55966796875,3437.013232421875,3464.7026153067363,3355.786899648724,108.91571565801223,180.44333446836396,-71.52761881035173,49.27780115369002,3437.013232421875,4049.9503714528,2824.0760933909496,0.35666847788015177,278.46695382254467,190169659.0,1.19182524274285,0.16271407831531529,0.04855558657376198
2021-09-11,3204.056640625,3288.83056640625,3161.836669921875,3161.836669921875,317408485,0.012577931170276946,0.012499486093654916,3264.5267578125,3582.698388671875,3435.1558227539062,3424.603234586469,3344.5476211843134,80.05561340215581,160.36579025512233,-80.31017685296652,49.02584478496371,3435.1558227539062,4050.81046676101,2819.5011787468025,0.3584435034528034,276.333984375,196595672.7,1.6145242702485996,0.33245669176703363,0.048470240726261486
2021-09-12,3347.9013671875,3392.5546875,3169.669677734375,3204.07080078125,203564404,0.044894564202972775,0.04391598482693344,3265.708349609375,3547.8098876953127,3438.136682128906,3412.80294729432,3344.7960468145516,68.00690047976832,141.89401230005154,-73.88711182028322,53.2938216675632,3438.136682128906,4051.3696838316732,2824.903680426139,0.35672403886110254,283.35550362723217,196696397.35,1.0349167892372686,0.7996575886038643,0.04939653363488015
2021-09-13,3224.4677734375,3362.263427734375,3141.73828125,3346.172119140625,194780929,-0.036868945710217815,-0.03756578683818815,3240.055517578125,3475.79482421875,3439.5781372070314,3383.8283051625012,3335.882841366834,47.945463795667365,123.1043025991747,-75.15883880350734,49.80185383357733,3439.5781372070314,4050.542423354587,2828.613851059476,0.35525536084705084,284.4133998325893,196800276.25,0.9897391035801455,0.37514765777339687,0.049714336039292505
2021-09-14,3398.00537109375,3398.494873046875,3187.83837890625,3223.068115234375,203380023,0.053818989628557246,0.05242069877545619,3267.73759765625,3424.2654296875,3448.1375244140627,3386.009392228847,3340.484510241413,45.52488198743413,107.5884184768266,-62.063536489392476,49.05593830835157,3448.1375244140627,4051.29822622161,2844.9768226065153,0.3498472421920246,276.43211146763394,196429356.1,1.0353850719566657,0.9976763025270182,0.05104964183790843
2021-09-15,3545.408203125,3546.323974609375,3343.7939453125,3400.35546875,193402520,0.043379222789104555,0.04246469842064029,3343.96787109375,3379.1464111328123,3469.22158203125,3410.5322862128705,3355.664043065681,54.86824314718933,97.04438341089914,-42.17614026370981,45.26082678064776,3469.22158203125,4053.829796820526,2884.6133672419737,0.3370255839622585,255.27096121651786,195562161.85,0.9889567499685523,0.9954783421623495,0.05104596484312923
2021-09-16,3557.751708984375,3718.65185546875,3493.68359375,3559.046630859375,210684725,0.0034815471596458814,0.003475500604513829,3414.706884765625,3339.6168212890625,3487.5885009765625,3433.1814281777174,3370.6334998169054,62.547928360811966,90.14509240088172,-27.597164040069757,46.25572667645001,3487.5885009765625,4058.2296548019494,2916.9473471511756,0.32724110293723085,262.5322788783482,195567106.15,1.0773014396316976,0.284787350633591,0.050949795849298825
2021-09-17,3359.64404296875,3564.52490234375,3332.63671875,3558.599609375,199427987,-0.05568338721202626,-0.05729377416641913,3417.055419921875,3341.381884765625,3493.6125,3421.8679842994143,3369.8194659754704,52.04851832394388,82.52577758549415,-30.477259261550273,33.81282132940166,3493.6125,4055.6909946127016,2931.5340053872987,0.3217749504919057,253.48020717075892,194888800.6,1.0232911608364632,0.11646701353657611,0.052763380820561104
2021-09-18,3430.318603515625,3568.554931640625,3346.990478515625,3360.861328125,209339521,0.021036323980448746,0.02081811541594415,3458.2255859375,3349.1405517578123,3504.0823486328127,3423.1680795634466,3374.300883575274,48.867195988172625,75.79406126602986,-26.92686527785723,36.92003836404559,3504.0823486328127,4052.406410444037,2955.758286821588,0.31296299987080156,254.5206298828125,195023828.85,1.0734048358829562,0.37608977352169337,0.052865192073890316
2021-09-19,3309.40576171875,3431.892333984375,3266.81396484375,3430.56884765625,208389719,-0.0352482832565334,-0.03588449909621595,3440.5056640625,3354.121630859375,3507.925158691406,3405.6661845104163,3369.49383750762,36.172347002796414,67.86971841338317,-31.697371410586754,31.761200722361792,3507.925158691406,4049.2695163242524,2966.5808010585597,0.3086407680572006,252.31698172433036,196424862.6,1.0609131463381256,0.25800955687984356,0.05360991157601938
2021-09-20,2947.7509765625,3316.31494140625,2892.79296875,3309.180908203125,189132358,-0.10928088339594344,-0.11572614632480621,3320.97421875,3332.471044921875,3483.5153564453126,3335.2176909799678,3338.2536255604396,-3.035934580471803,53.68858781461217,-56.72452239508397,27.172890960937252,3483.5153564453126,4079.767269383829,2887.263443506796,0.34232770746097724,254.53084891183036,196650480.5,0.9617691119752947,0.1297642421395898,0.05712436629846156
2021-09-21,2736.11474609375,3070.494140625,2660.020263671875,2943.962158203125,170677738,-0.07179583083899044,-0.07450356052278155,3156.646826171875,3285.67685546875,3434.1876220703125,3243.048007151319,3293.6507455664723,-50.60273841515345,32.83032256865904,-83.4330609838125,33.193955596777755,3434.1876220703125,4105.627727900859,2762.7475162397654,0.39103286117242875,235.32502092633928,195693502.9,0.872168648783485,0.1853820345032845,0.05482946640032767
2021-09-22,3041.496826171875,3053.641357421875,2730.543701171875,2740.105712890625,198086515,0.11161157642021702,0.10581083302793334,3093.0173828125,3255.0364013671874,3401.42314453125,3212.0401331544813,3274.9726774501905,-62.93254429570925,13.677749195785378,-76.61029349149463,42.579765459357944,3401.42314453125,4082.78847045428,2720.05781860822,0.4006354381509502,254.52129255022322,196647325.7,1.0073186314376612,0.9624121963601395,0.061598037122735226
2021-09-23,3141.210205078125,3154.076416015625,2995.032958984375,3042.921630859375,187702826,0.032784311345724015,0.032258370026055055,3035.195703125,3246.71064453125,3361.252734375,3201.143221142734,3265.064346156996,-63.92112501426209,-1.8420256462241205,-62.079099368037966,47.18638194564522,3361.252734375,4001.2536064713277,2721.251862278672,0.3808109194236662,247.87967354910714,196551757.5,0.9549791280802972,0.9191025447581727,0.05985776849982612
2021-09-24,2904.748046875,3145.534423828125,2765.334716796875,3140.764404296875,172225222,-0.0752774067207782,-0.07826148560605524,2954.26416015625,3197.384912109375,3310.8251708984376,3155.5439635630823,3238.374249897986,-82.83028633490358,-18.039677783960016,-64.79060855094356,44.22005160555572,3310.8251708984376,3926.136409243924,2695.5139325529512,0.37169660527771886,251.67332240513392,196345466.3,0.8771540552754794,0.3666844752802486,0.06162931958176807
2021-09-25,2898.17431640625,2935.75390625,2806.04541015625,2904.60986328125,180009548,-0.0022630983350938605,-0.0022656630122727356,2944.348828125,3132.6615234375,3255.9039672851563,3115.948633231262,3213.174254810624,-97.22562157936181,-33.87686654304038,-63.348755036321435,43.084841219378646,3255.9039672851563,3806.130077655656,2705.677856914657,0.337986694877423,251.86722237723214,196867080.1,0.9143709954379519,0.7102765741444477,0.061164428512548094
2021-09-26,2996.144287109375,3087.49609375,2715.666015625,2897.007568359375,194559443,0.03380402971226659,0.033245231733383604,2996.354736328125,3076.50078125,3208.058801269531,3097.5171953663566,3197.097960898617,-99.58076553226056,-47.01764634088442,-52.56311919137614,41.879299124790876,3208.058801269531,3660.82557236164,2755.2920301774225,0.28226837420369877,262.5061558314732,198453765.1,0.980376678174699,0.754318405039148,0.0620974770755283
2021-09-27,2926.130126953125,3119.58642578125,2926.130126953125,2996.774658203125,171109399,-0.023368086930085186,-0.02364545015971453,2973.281396484375,3033.1493896484376,3187.2656372070314,3071.1499540720133,3177.0262694857556,-105.8763154137423,-58.789380155456,-47.0869352582863,42.93837117419572,3187.2656372070314,3652.168002238732,2722.363272175331,0.2917248939684171,260.57266671316967,199403447.05,0.8581065248941994,0.0,0.052401263344650964
2021-09-28,2805.6591796875,2971.0947265625,2780.7734375,2924.911376953125,172661733,-0.04117074157295497,-0.04204226121473857,2906.17119140625,2970.683447265625,3159.911999511719,3030.305219551319,3149.5175961553214,-119.2123766040022,-70.87397944516525,-48.338397158836955,35.61790972582001,3159.911999511719,3647.6387254307715,2672.1852735926664,0.3086963978708381,259.12015206473217,199439763.3,0.8657337440793081,0.1307564818879519,0.05295815270476297
2021-09-29,2830.3955078125,2981.8134765625,2773.969482421875,2806.25439453125,171355612,0.008816583391199728,0.008777944263830753,2891.30068359375,2922.782421875,3138.4520263671875,2999.5498792838084,3125.8789229351582,-126.32904365134982,-81.96499228640216,-44.364051364947656,31.539983218464528,3138.4520263671875,3645.1131859919765,2631.7908667423985,0.32287328617302974,259.49972098214283,198727385.35,0.8622647135331014,0.2714825877996404,0.05285379366416586
2021-09-30,2995.40966796875,3037.502685546875,2823.342041015625,2832.72705078125,183754549,0.05830074267033547,0.05666454887514817,2910.74775390625,2927.548291015625,3130.00966796875,2998.9129236968765,3116.214533674759,-117.30160997788244,-89.03231582469823,-28.269294153184205,36.54248190583004,3130.00966796875,3640.473034453971,2619.5463014835286,0.32617366758262534,258.72774832589283,196582662.8,0.9347444295581084,0.8034512004841423,0.05440359358373665
2021-10-01,3263.27392578125,3284.58349609375,2966.892578125,2994.87890625,202323638,0.08942491595620194,0.08564995697099549,2964.173681640625,2980.264208984375,3132.9705322265627,3039.5838470944723,3127.10782198273,-87.52397488825773,-88.73064763741014,1.2066727491524176,47.76825927027373,3132.9705322265627,3645.923203562144,2620.0178608909814,0.32745451389294256,264.8565150669643,190828420.45,1.060238498662268,0.9329235772363962,0.058029880656355115
2021-10-02,3329.40771484375,3493.955322265625,3213.269287109375,3263.577880859375,191930686,0.020266085706141634,0.020063461615305422,3044.82919921875,3009.0552978515625,3132.045849609375,3084.172134440515,3142.0929992365172,-57.920864796002206,-82.56869106912856,24.647826273126356,47.658178914856684,3132.045849609375,3643.4314403605563,2620.660258858194,0.3265505138214758,269.07948521205356,190246734.55,1.0088514079044937,0.41376631960185106,0.05734055981642781
2021-10-03,3417.35595703125,3520.586669921875,3281.4326171875,3328.92724609375,179098658,0.026415581905272045,0.026072715327666304,3167.1685546875,3036.669873046875,3141.6902587890627,3135.431184069859,3162.4828479681296,-27.051663898270817,-71.46528563495701,44.413621736686196,52.54410603123049,3141.6902587890627,3667.4873097621894,2615.893207815936,0.33472239951228716,274.37060546875,189462621.0,0.9452981123912563,0.5683505601681549,0.05686827067864793
2021-10-04,3376.08837890625,3436.566162109375,3253.375732421875,3416.76220703125,162050125,-0.012075879318363514,-0.01214938511312936,3276.30712890625,3083.80390625,3140.5944091796873,3172.4553678908424,3178.305479893838,-5.850112002995502,-58.34225090856471,52.492138905569206,61.890420027374525,3140.5944091796873,3664.229091708513,2616.9597266508617,0.3334621503485369,257.20406668526783,187396126.1,0.864746397764516,0.6698638498037742,0.05575559862065162
2021-10-05,3479.1416015625,3482.844482421875,3342.62109375,3377.929931640625,165522056,0.03052444459100223,0.030067842164563523,3373.053515625,3141.900634765625,3137.2810791015627,3219.6378653787897,3200.589637060173,19.048228318616566,-42.86415506312845,61.912383381745016,71.94922302422678,3137.2810791015627,3650.8728715688385,2623.689286634287,0.327412035783772,237.90046037946428,186002102.9,0.8898934658227458,0.973592986846326,0.05531562046481504
2021-10-06,3488.428955078125,3568.639404296875,3262.12060546875,3480.0361328125,158871227,0.0026694382060947763,0.002665881583976003,3418.084521484375,3191.1291015625,3133.81494140625,3260.9903407171487,3221.91106802951,39.07927268763888,-26.475469512974982,65.55474220061386,66.00176010847359,3133.81494140625,3636.273635623659,2631.356247188841,0.32066902711998607,236.71625627790178,183411428.0,0.8662013525133232,0.7383180100770597,0.055313626337425516
2021-10-07,3532.018310546875,3704.85400390625,3393.380615234375,3490.529052734375,176265158,0.012495411553472113,0.012417988189248634,3458.606640625,3251.717919921875,3142.4336547851562,3302.686951460183,3244.8819748876795,57.80497657250362,-9.61938029587926,67.42435686838289,64.57820071989855,3142.4336547851562,3666.6451444082136,2618.222165162099,0.3336340856869399,247.60410853794642,182253286.55,0.9671439200721508,0.4451028574197019,0.05374928226060011
2021-10-08,3451.4443359375,3706.94970703125,3444.399169921875,3527.69677734375,157253500,-0.02281244532871618,-0.02307667538239002,3465.42431640625,3316.296435546875,3143.48994140625,3325.5727029182317,3260.1828905241027,65.38981239412897,5.38245824212239,60.00735415200658,73.0771482160892,3143.48994140625,3670.222980817076,2616.7569019954244,0.3351262763546112,239.20059640066964,179648985.5,0.8753375342606652,0.02683356161797431,0.05390685757124881
2021-10-09,3548.89111328125,3648.13671875,3426.608154296875,3450.294677734375,149177050,0.028233622755871934,0.027842400703594977,3499.98486328125,3388.14599609375,3155.464208984375,3359.9293814356192,3281.568684806426,78.36069662919317,19.978105919536553,58.38259070965662,75.51090025184172,3155.464208984375,3708.3191798554544,2602.6092381132958,0.3504111815288328,245.75917271205358,176688352.05,0.8442947611950404,0.5519963499096744,0.05348464421529677
2021-10-10,3379.8203125,3595.724853515625,3377.27978515625,3544.867431640625,145270038,-0.04764045877556655,-0.04881264613649441,3480.12060546875,3426.587060546875,3177.06767578125,3362.989524676293,3288.8465831553635,74.14294152092953,30.811073039815152,43.33186848111437,64.24746765497552,3177.06767578125,3729.514409215208,2624.6209423472915,0.34777146086326927,234.8031005859375,174495236.05,0.8325157825992121,0.011630051265126982,0.04806195834425621
2021-10-11,3460.059814453125,3552.205322265625,3353.358154296875,3376.718994140625,145628455,0.023740759725114913,0.023463330234874697,3474.44677734375,3446.2656494140624,3213.264929199219,3377.92341541119,3301.5290447350176,76.39437067617246,39.92773256708662,36.466638109085835,69.6775686572031,3213.264929199219,3738.2467051914496,2688.283153206988,0.32675909864865205,235.18816266741072,173242771.9,0.8406033533339003,0.5366013569157433,0.04432132670161576
2021-10-12,3468.69775390625,3518.183837890625,3311.862060546875,3457.806396484375,137193478,0.002496471135280176,0.0024933601278333294,3461.782666015625,3460.1946533203127,3234.6249755859376,3391.8886982565837,3313.911912082881,77.97678617370275,47.53754328840985,30.4392428852929,76.63097965075231,3234.6249755859376,3764.9167471957585,2704.3332039761167,0.3278845465006409,236.3310546875,170198120.05,0.8060810422564946,0.7601509417518811,0.03773436071188741
2021-10-13,3580.6220703125,3583.820068359375,3393.8759765625,3467.578857421875,150856858,0.03226695559744486,0.03175731151251131,3487.618212890625,3476.5212646484374,3256.595568847656,3420.9246016498014,3333.668220102617,87.25638154718445,55.481310940164775,31.77507060701967,78.1605738330179,3256.595568847656,3806.6344201588777,2706.5567175364345,0.3377999138565754,235.052490234375,168355821.65,0.8960596462985454,0.9831634770713134,0.03771612112618714
2021-10-14,3761.2373046875,3794.49169921875,3566.62109375,3582.431396484375,178402691,0.050442417777768034,0.04921142569087735,3530.087451171875,3515.0361572265624,3299.420031738281,3473.28040211714,3365.3400041499895,107.9403979671506,65.97312834556195,41.967269621588656,78.41339757506543,3299.420031738281,3867.1979563877812,2731.642107088781,0.3441683200003908,236.03177315848214,168664695.1,1.0577358284389418,0.8540645711131393,0.03347746523113064
2021-10-15,3837.466796875,3868.023193359375,3709.6474609375,3759.722412109375,159970487,0.020267131800617344,0.020064486930126798,3621.616748046875,3550.8686767578124,3346.384655761719,3529.309078233734,3400.3123591707954,128.9967190629386,78.57784648903728,50.418872573901325,74.83495415463581,3346.384655761719,3929.596920970115,2763.1723905533227,0.34856259826809594,224.65211704799108,167662742.05,0.9541206653550611,0.8070638978258946,0.03329669987296124
2021-10-16,3805.178466796875,3933.2470703125,3778.76171875,3835.888916015625,160325954,-0.008413969888786732,-0.0084495671502597,3690.640478515625,3582.5436279296873,3386.8363647460938,3571.7505226280637,3430.302441220458,141.4480814076055,91.15189347275094,50.29618793485457,71.1986532118387,3386.8363647460938,3979.909578455031,2793.7631510371566,0.35022253798990316,215.63778250558036,165951067.6,0.9661037817873008,0.17099840067669855,0.03335699684906759
2021-10-17,3820.0703125,3886.48095703125,3633.9931640625,3803.026611328125,145018890,0.003913573524360947,0.0039059354172059427,3760.914990234375,3611.348828125,3431.5333740234373,3609.953567223746,3459.1741353922425,150.77943183150364,103.0774011445015,47.70203068700215,69.19303784949099,3431.5333740234373,4013.043239635323,2850.0235084115516,0.3389212939112823,216.59019252232142,164646542.15,0.8807891626893787,0.736974830514522,0.03235387403853208
2021-10-18,3722.723388671875,3859.63623046875,3659.943359375,3818.82763671875,137335755,-0.025483018862136442,-0.025813334698541076,3789.33525390625,3638.4767333984373,3477.386584472656,3627.3027705234585,3478.696302303679,148.60646821977934,112.18321455955709,36.42325366022226,65.68207367592551,3477.386584472656,3991.861885377236,2962.911283568076,0.2958976739611479,217.76893833705358,162880243.25,0.8431701246246758,0.31438292689105446,0.031114701632607884
2021-10-19,3851.221435546875,3855.914306640625,3710.82763671875,3722.72021484375,178114939,0.03451721588179657,0.033934859806696076,3807.332080078125,3668.709765625,3528.427880859375,3661.7517959116767,3506.2907566203903,155.4610392912864,120.83877950590295,34.62225978538345,66.45439173103762,3528.427880859375,3970.02873213076,3086.8270295879897,0.2503102606500377,218.11631556919642,163218209.6,1.0912687955376275,0.9676547052465018,0.03138876729913521
2021-10-20,4124.60791015625,4141.0458984375,3807.69140625,3851.842041015625,174213975,0.07098695288876677,0.06858060921472005,3864.760302734375,3743.188525390625,3584.88779296875,3732.96042887238,3552.092027256365,180.86840161601503,132.84470392792537,48.02369768808967,72.80637986182381,3584.88779296875,4028.288884961922,3141.486700975578,0.2473723684533951,220.03315080915178,162741180.9,1.0704971786277606,0.9506891652100158,0.03240092335595225
2021-10-21,4033.923583984375,4339.04296875,4007.63818359375,4135.32421875,158970163,-0.021986168903128434,-0.022231466821480004,3910.509326171875,3800.57490234375,3623.420275878906,3779.2624527357634,3587.7832536833234,191.47919905243998,144.5716029528283,46.90759609961168,67.40509929980128,3623.420275878906,4082.7960828329683,3164.044468924844,0.25355921862673514,221.45682198660714,160573507.15,0.9900148898877681,0.07931509008670128,0.02857492448025355
2021-10-22,3946.125244140625,4137.53564453125,3884.68212890625,4029.52685546875,157719990,-0.02176499827421874,-0.022005349748701566,3935.7203125,3848.3176513671874,3654.25615234375,3804.9336514134343,3614.3271048301417,190.60654658329258,153.77859167892117,36.82795490437141,67.06904723113728,3654.25615234375,4113.328950610923,3195.1833540765765,0.2512537595224327,220.76417759486608,158862972.35,0.9928052312436795,0.24299885678896227,0.02939460916611311
2021-10-23,4142.1748046875,4143.1884765625,3920.728515625,3947.287841796875,188932212,0.049681535282737777,0.048486818434040374,4019.610595703125,3904.4729248046874,3690.4970947265624,3856.816905763291,3653.426934451705,203.38997131158567,163.70086760545408,39.68910370613159,69.16710573225097,3690.4970947265624,4183.976044885429,3197.0181445676967,0.2674322387973206,220.83070591517858,159354650.05,1.1856084020185138,0.9954433513308076,0.03055990287878644
2021-10-24,4062.309326171875,4158.064453125,3941.899169921875,4144.091796875,157928645,-0.019281049758026914,-0.019469353591218416,4061.828173828125,3934.580126953125,3724.808142089844,3888.4311242876884,3683.7145190253623,204.71660526232608,171.9040151368285,32.81259012549759,73.39765828818506,3724.808142089844,4221.655791752409,3227.9604924272794,0.26677757925207013,220.66786411830358,159148576.05,0.9923346404958299,0.5570281890792027,0.030875956287624982
2021-10-25,4188.11376953125,4208.3037109375,4046.143798828125,4058.4326171875,19829899,0.030968701115118513,0.03049884678072623,4074.529345703125,3969.64482421875,3760.2567504882813,3934.536146632852,3721.0774264722913,213.45872016056046,180.2149561415749,33.24376401898556,74.20358742167195,3760.2567504882813,4283.7554091441325,3236.75809183243,0.27843772029017605,218.04734584263392,151863968.2,0.13057672096309678,0.8754936337077744,0.030891849727112026
2021-10-26,4105.76953125,4261.90869140625,4080.767822265625,4189.20263671875,15031920,-0.019661413899571878,-0.019857270966681197,4088.89853515625,3999.7039306640627,3791.123779296875,3960.8797442662594,3749.573137938753,211.30660632750642,186.43328617876122,24.873320148745194,70.18954346470413,3791.123779296875,4319.910827993975,3262.336730599775,0.27896058239236493,216.24870954241072,144672002.85,0.10390344851716415,0.13802356752293818,0.03155817552636729
2021-10-27,3910.20849609375,4272.62353515625,3910.161376953125,4105.33935546875,14585358,-0.04763078727819181,-0.04880249088750708,4081.715185546875,4008.7177490234376,3810.0332885742187,3953.084167624335,3761.472053358201,191.61211426613409,187.46905179623582,4.143062469898268,59.91915292200703,3810.0332885742187,4326.716824752233,3293.3497523962037,0.27122258365956,228.57142857142858,136588012.85,0.10678358734172037,0.00012999740678389468,0.033945959517975285
2021-10-28,4260.59033203125,4266.69580078125,3891.11083984375,3900.767333984375,22117245,0.08960694456255403,0.08581702989000473,4105.398291015625,4062.504443359375,3850.490588378906,4000.392808302322,3798.4437777059616,201.94903059636044,190.36504755626078,11.583983040099668,63.63510308240593,3850.490588378906,4375.596826041675,3325.3843507161373,0.27274770609624766,239.12245396205358,129831200.1,0.17035385163939495,0.9837441074727871,0.038046214376687
2021-10-29,4385.4951171875,4427.0693359375,4247.54248046875,4260.8642578125,13700208,0.029316309577386956,0.028894804734650614,4170.03544921875,4115.931811523437,3892.3207885742186,4059.63931736158,3841.9290621137534,217.7102552478268,195.834089094574,21.876166153252797,64.57672808390578,3892.3207885742186,4448.628343316828,3336.013233831609,0.28584876990387453,240.63324846540178,123057358.0,0.11133188801274281,0.7684234002253718,0.03807239325416289
2021-10-30,4290.88134765625,4398.07763671875,4223.17431640625,4385.57080078125,15812415,-0.02157425034186966,-0.02181037682575779,4190.58896484375,4132.559155273438,3937.8738403320312,4095.215014329991,3875.1847869699936,220.0302273599973,200.6733167476587,19.356910612338595,62.504379338247574,3937.8738403320312,4465.971344136827,3409.7763365272353,0.26821453668524226,242.0916748046875,116584476.85,0.13563053527567467,0.3871111830533385,0.03635534231908859
2021-10-31,4260.0380859375,4364.00537109375,4152.056640625,4295.6826171875,12224851,-0.007188094757175523,-0.00721405358142161,4221.44267578125,4155.17060546875,3977.87275390625,4120.572409961916,3903.692438746349,216.87997121556646,203.9146476412403,12.965323574326163,61.23465862773814,3977.87275390625,4473.792615921464,3481.952891891036,0.249339228625764,239.19602748325892,109914296.65,0.11122166426563763,0.5094696489504391,0.03651488219068852
2021-11-01,4297.76025390625,4349.86767578125,4135.24609375,4260.85009765625,18204029,0.00885488984083782,0.00881591521217482,4298.95302734375,4190.3341064453125,4019.32587890625,4147.832078261044,3932.882647277646,214.94943098339854,206.12160430967194,8.827826673726605,65.14484220397338,4019.32587890625,4472.826884744301,3565.824873068199,0.22566023233799554,240.26236397879464,103964824.2,0.17509796356679647,0.7572125720563134,0.03646391474346454
2021-11-02,4555.1044921875,4569.732421875,4261.5283203125,4295.12353515625,6410506,0.059878686357003996,0.05815445474142216,4357.855859375,4231.6270751953125,4068.05,4210.4893727112685,3978.9731543093703,231.5162184018982,211.2005271281172,20.315691273781,67.36007703426742,4068.05,4532.35863423155,3603.7413657684506,0.22827085912491232,251.91360909598214,96742506.6,0.06626359214058239,0.9525381731687986,0.03779432023099513
2021-11-03,4576.33935546875,4634.341796875,4435.64111328125,4559.96728515625,7451377,0.004661773032357486,0.0046509406209046126,4396.02470703125,4283.030078125,4108.805102539062,4266.773985443188,4023.222502544612,243.55148289857652,217.6707182822091,25.88076461636743,62.72373739929892,4108.805102539062,4601.920095719713,3615.6901093584124,0.24002841744716807,242.29547991071428,88194940.9,0.08448757858400016,0.7080913846682139,0.03676509556408912
2021-11-04,4510.12744140625,4576.23291015625,4400.43212890625,4573.9833984375,53952788,-0.014468313846388248,-0.014574000543364881,4439.87392578125,4315.2314453125,4142.438134765625,4304.212978668274,4059.289535053797,244.9234436144775,223.12126334866278,21.802180265814712,63.60054024768557,4142.438134765625,4649.199349123091,3635.6769204081597,0.2446680905645621,231.18851143973214,82894055.95,0.6508643759999295,0.6239751138407427,0.037097537623175074
2021-11-05,4454.97802734375,4541.83056640625,4421.85595703125,4508.5751953125,8380487,-0.012227905924827809,-0.012303281856595117,4478.8619140625,4350.152294921875,4174.928112792969,4327.407601541424,4088.599793742631,238.80780779879296,226.25857223868883,12.549235560104137,64.80918509234331,4174.928112792969,4673.907710975419,3675.9485146105194,0.2390362586859678,221.69716099330358,75296782.6,0.11129940364809161,0.27607566702893666,0.03720005450655049
2021-11-06,4491.8828125,4500.22607421875,4309.68359375,4452.73828125,4444066,0.00828394324949211,0.00824981971371245,4517.68642578125,4408.3197265625,4208.518737792969,4352.711480150436,4118.472609947531,234.23887020290476,227.85463183153206,6.384238371372703,61.216598138381926,4208.518737792969,4697.260981482306,3719.7764941036316,0.23226330884564078,219.41734095982142,68268041.4,0.06509731213703751,0.9562131147459242,0.037184181470971626
2021-11-07,4588.470703125,4609.40478515625,4480.99951171875,4493.8828125,5605993,0.021502762796085317,0.021274839918074332,4524.35966796875,4441.107763671875,4251.806103515625,4388.982129838831,4153.287283516935,235.69484632189597,229.42267472960484,6.27217159229113,66.69708335986851,4251.806103515625,4711.9017715419195,3791.7104354893313,0.21642363589716,213.14876883370536,61681553.3,0.09088605425894812,0.8369686736440062,0.03638149262699413
2021-11-08,4777.9169921875,4788.20068359375,4588.3857421875,4589.171875,12290721,0.04128745748196172,0.04045788742399406,4564.6751953125,4480.349951171875,4298.140881347656,4448.818262507856,4199.556150826729,249.26211168112695,233.39056211990928,15.871549561217677,67.99002735923102,4298.140881347656,4774.730624590709,3821.5511381046035,0.22176552905060712,215.83841378348214,53390342.4,0.23020494807690164,0.9485339217209625,0.03664118270599307
2021-11-09,4703.685546875,4802.4541015625,4684.55224609375,4775.900390625,7272012,-0.015536361438233004,-0.015658315498929043,4603.38681640625,4521.63037109375,4327.094763183593,4488.028613948955,4236.899069053173,251.1295448957826,236.93835867508395,14.191186220698654,68.3281895005942,4327.094763183593,4828.98397493855,3825.205551428636,0.23197514231728988,211.32134137834822,45043244.25,0.1614451205965254,0.16228159178290866,0.03427473119712157
2021-11-10,4593.1953125,4823.69287109375,4459.46337890625,4701.67578125,10263447,-0.023490140502357093,-0.023770431944595754,4631.0302734375,4554.94609375,4355.058349609375,4504.208106033731,4263.29138338299,240.91672265074158,237.73403147021548,3.182691180526092,72.08788050575663,4355.058349609375,4850.450087822925,3859.6666113958254,0.22750176849317463,211.44757952008928,37607908.45,0.2729066152042284,0.36716393498754657,0.034343569066487466
2021-11-11,4690.4189453125,4743.18505859375,4544.3662109375,4593.73681640625,18034984,0.0211668840965491,0.020945977438451856,4670.7375,4594.211962890625,4392.273034667969,4532.855927461234,4294.930462044904,237.92546541633055,237.77231825943855,0.15314715689200398,66.622543267682,4392.273034667969,4869.822352396788,3914.7237169391506,0.2174497413797131,198.82142857142858,30623658.15,0.5889232407069566,0.7346020565423125,0.033784156824340585
2021-11-12,4635.12939453125,4775.85595703125,4483.9189453125,4692.9462890625,7323511,-0.0117877638278997,-0.011857790364107073,4680.06923828125,4602.214453125,4416.920764160156,4548.590307010468,4320.130382970164,228.45992404030403,235.90983941561166,-7.449915375307626,60.203368452144545,4416.920764160156,4890.99233150988,3942.8491968104313,0.21466156748676277,206.85072544642858,21543223.1,0.3399450010801773,0.5179557340925497,0.03268651361782652
2021-11-13,4619.34375,4664.22509765625,4554.53662109375,4631.25,4060859,-0.0034056534753645895,-0.0034114659136810087,4648.35458984375,4606.514892578125,4444.772485351563,4559.4754520857805,4342.294336083766,217.18111600201428,232.1640947328922,-14.982978730877932,64.35003722484016,4444.772485351563,4896.026811560886,3993.5181591422397,0.20304945987516876,202.19252232142858,13849833.8,0.2932063343604888,0.5908289633634842,0.032226362611822955
2021-11-14,4593.0576171875,4658.69970703125,4485.45556640625,4619.76953125,8245269,-0.0056904474390978566,-0.005706699719617983,4626.22900390625,4614.80791015625,4465.019677734375,4564.641939024506,4360.869393943521,203.77254508098576,226.48578480251092,-22.713239721525156,64.60729602335715,4465.019677734375,4903.956317643967,4026.083037824784,0.19661129024735463,199.42790876116072,13270602.3,0.6213183707569927,0.6211006639927392,0.03182707982236743
2021-11-15,4533.25732421875,4729.30078125,4518.095703125,4592.1728515625,16536273,-0.013019713217829798,-0.013105212613191577,4614.24140625,4622.63583984375,4486.394067382813,4559.8135367466975,4373.6388702603435,186.174666486354,218.4235611392795,-32.248894652925514,60.13338387089725,4486.394067382813,4892.043369847691,4080.7447649179344,0.18083534186800412,199.18387276785714,13345819.95,1.2390600998629537,0.07178625262058735,0.03158893491389602
2021-11-16,4193.00634765625,4982.42724609375,4119.98486328125,4527.986328125,10391055,-0.07505662093010301,-0.07802275515955913,4514.75888671875,4592.748193359375,4500.533959960938,4503.381661502013,4360.258683400646,143.12297810136715,203.36344453169704,-60.24046643032989,35.456656708011366,4500.533959960938,4835.105722095881,4165.962197825995,0.14868091880273115,238.77232142857142,13136104.8,0.7910301537789193,0.08466824663234183,0.034476713423285135
2021-11-17,4253.1171875,4353.97314453125,4082.296142578125,4187.09033203125,7020766,0.014335976351991464,0.014234187914040849,4438.3564453125,4559.212841796875,4500.160302734375,4464.879434732473,4352.322276296821,112.55715843565213,185.2021873124881,-72.64502887683597,37.4112025936811,4500.160302734375,4835.875117923305,4164.445487545446,0.14920126955697266,243.98491559709822,12381280.85,0.5670468253694447,0.6287652016458158,0.028179515893639
2021-11-18,3968.6064453125,4309.36865234375,3931.490234375,4254.26025390625,9661593,-0.06689463977707522,-0.06923715822653666,4308.208984375,4478.281787109375,4479.315869140625,4388.529744052477,4323.898881408847,64.63086264363028,161.08792237871654,-96.45705973508626,31.974150219342803,4479.315869140625,4888.694773986038,4069.9369642952124,0.18278635256144762,258.4114292689732,12179350.1,0.793276564075451,0.09822262709797634,0.031031780619041993
2021-11-19,4273.412109375,4282.4755859375,3956.953369140625,3967.197998046875,89909858,0.07680420527022025,0.07399758524080101,4244.2798828125,4435.254443359375,4478.442407226563,4370.819338717481,4320.159120517421,50.66021820005972,139.00238154298518,-88.34216334292546,44.81750819714171,4478.442407226563,4889.584896910923,4067.299917542203,0.1836095911475503,273.09340122767856,15884222.25,5.66032485474698,0.9721571183023825,0.03564075153422514
2021-11-20,4380.9111328125,4404.42138671875,4182.658203125,4269.11865234375,4263025,0.025155313994095874,0.024844126959388174,4213.81064453125,4414.026025390625,4484.486059570312,4372.371922424407,4324.659269576349,47.71265284805759,120.74443580399965,-73.03178295594206,46.955206012259026,4484.486059570312,4885.540612801734,4083.431506338891,0.178863106230661,275.32345145089283,15486130.95,0.27528018546168886,0.8939848646912533,0.03601016412302544
2021-11-21,4230.55517578125,4391.05810546875,4230.55517578125,4379.59912109375,10829337,-0.03432070463723902,-0.034923492269383155,4221.32041015625,4368.0396484375,4481.125805664063,4350.553961402383,4317.688595961849,32.865365440533424,103.1686217313064,-70.30325629077298,40.46111302695704,4481.125805664063,4889.821066163818,4072.4305451643077,0.18240740306070924,277.6161411830357,15117396.35,0.7163493467577173,0.0,0.036862785260258775
2021-11-22,4066.8388671875,4274.23291015625,4009.448974609375,4243.8740234375,15233474,-0.038698539976734114,-0.039467225110660815,4184.06474609375,4311.210595703125,4456.7125244140625,4306.905485369324,4299.107134571039,7.798350798285355,84.0945675447022,-76.29621674641685,30.785374439574298,4456.7125244140625,4903.37070788462,4010.054340943505,0.2004428964281384,282.2567836216518,15558544.75,0.9791066095689959,0.21674235054111798,0.034956265173378256
2021-11-23,4315.48193359375,4356.9248046875,4045.44970703125,4063.8642578125,16244897,0.061139148740900096,0.05934299970452423,4253.43984375,4280.8244140625,4443.669653320312,4308.224938942312,4300.320082646803,7.904856295509489,68.85662529486366,-60.95176899935417,40.41362762179792,4443.669653320312,4890.853814709799,3996.485491930825,0.20126795926666183,296.0834437779018,15998220.75,1.0154189802637896,0.8669464383693471,0.037937843736095586
2021-11-24,4216.8583984375,4342.0654296875,4151.8701171875,4315.158203125,16500402,-0.02285342325002404,-0.02311861081262688,4242.1291015625,4243.2044921875,4429.006201171875,4294.1685480954175,4294.137735668302,0.030812427115051833,55.09146272131394,-55.06065029419889,40.651878919722435,4429.006201171875,4886.13714489179,3971.875257451959,0.20642596689025305,283.65243094308033,14125601.45,1.1681203139141378,0.34169233927141646,0.03812588860778515
2021-11-25,4253.85498046875,4518.31640625,4220.1220703125,4245.35302734375,10929949,0.008773494041193874,0.008735230582301114,4216.71787109375,4215.2642578125,4418.950048828125,4287.966460768238,4291.153827875728,-3.1873671074899903,43.43569675555315,-46.62306386304314,38.82138303413513,4418.950048828125,4882.4793504545,3955.4207472017497,0.20979160049537096,290.98379952566967,14253074.55,0.7668485112919022,0.1131239131322367,0.03813786236154297
2021-11-26,4005.93115234375,4518.1669921875,3910.695068359375,4489.0048828125,10459816,-0.058282153308780726,-0.06004957507808718,4171.79306640625,4196.55673828125,4394.6524658203125,4244.576413318317,4270.026222280668,-25.4498089623512,29.65859561197228,-55.10840457432348,35.335484041303786,4394.6524658203125,4891.810744969346,3897.494186671279,0.2262560159264987,313.52200753348217,14553862.05,0.7186969317192339,0.15677446190871674,0.04008348340099708
2021-11-27,4056.08544921875,4156.751953125,4003.51953125,4003.51953125,10735401,0.01252000969753464,0.012442282467510021,4169.6423828125,4176.853564453125,4368.033203125,4215.577803456845,4254.178757609347,-38.6009541525018,16.006685659077462,-54.60763981157926,37.079318697511795,4368.033203125,4878.333547440462,3857.732858809538,0.2336522277121797,316.63228934151783,14810332.45,0.7248588805310714,0.3430469695780205,0.03982102144298781
2021-11-28,4263.228515625,4267.32861328125,3961.781982421875,4068.2578125,11542956,0.051069699837351434,0.04980840733371924,4159.19169921875,4206.315771484375,4342.298779296875,4222.908682251946,4254.849110054954,-31.94042780300788,6.417262966660391,-38.35769076966827,43.0136766414845,4342.298779296875,4816.177441821299,3868.420116772451,0.2182616566062995,326.0824672154018,14772944.2,0.7813578555316009,0.986581106606923,0.04047919659679567
2021-11-29,4411.44287109375,4429.45166015625,4250.0859375,4264.72900390625,11351337,0.03476575438673657,0.034175076838108547,4198.10859375,4220.11884765625,4327.6866455078125,4251.913942073762,4266.448647909722,-14.534705835960267,2.2268692061362585,-16.761575042096524,47.512923078027356,4327.6866455078125,4771.729058809956,3883.6442322056696,0.20521005778598325,323.8082275390625,14976910.45,0.7579224725884637,0.8995973767741042,0.041337395988874745
2021-11-30,4603.83984375,4718.2138671875,4327.91064453125,4416.79833984375,11306551,0.04361316201484611,0.04268888632705026,4268.10556640625,4242.41171875,4328.2188720703125,4306.056388485491,4291.4405883424215,14.615800143069464,4.7046553935229,9.911144749546564,58.92691592675955,4328.2188720703125,4773.624654936915,3882.8130892037098,0.2058148148379346,290.08400181361606,15029065.65,0.7523123035928717,0.7069611091956016,0.04224773568999247
2021-12-01,4555.1181640625,4744.919921875,4500.38916015625,4592.5048828125,14478284,-0.010582835489736375,-0.010639231935671623,4377.94296875,4274.868017578125,4321.453833007812,4344.373584728108,4310.972260618045,33.40132411006289,10.4439891368309,22.957334973231987,56.59475710316814,4321.453833007812,4747.3804537652695,3895.5272122503548,0.19712191184558117,288.14498465401783,14851230.65,0.9748878285719709,0.22381234785895404,0.04204477206958217
2021-12-02,4483.97119140625,4599.619140625,4414.123046875,4554.52587890625,4493615,-0.015619127779727515,-0.015742391555814195,4463.5201171875,4316.58125,4313.895922851562,4365.850139601668,4323.786996232024,42.06314336964442,16.767819983393608,25.295323386250814,62.410405359675494,4313.895922851562,4721.350448192032,3906.441397511093,0.18890327102334667,274.4033900669643,14709735.85,0.30548577118058856,0.3765477920069922,0.04210701229256162
2021-12-03,4195.86083984375,4615.75390625,4075.438720703125,4483.130859375,12085612,-0.06425339041309575,-0.06641055540811203,4450.04658203125,4304.619140625,4292.72177734375,4339.6979396389115,4314.310984647681,25.386954991230596,18.491646984961005,6.895308006269591,48.11736410824164,4292.72177734375,4676.678510240149,3908.76504444735,0.17888731336974006,289.74574497767856,15110973.5,0.7997904304444714,0.22287383801088642,0.044437967795119375
2021-12-04,4090.425048828125,4213.7919921875,3519.179931640625,4192.71142578125,8274211,-0.02512852428622281,-0.02544963645402211,4385.843017578125,4291.975805664062,4267.590148925781,4301.3482641295595,4297.726841253598,3.621422875961798,15.517602163161163,-11.896179287199365,42.94108385059598,4267.590148925781,4634.181430078872,3900.99886777269,0.17180247791384917,323.52066476004467,15112420.6,0.5475106350600115,0.8223944696979909,0.04469206848620837
2021-12-05,4170.84619140625,4213.70263671875,4016.487060546875,4090.278076171875,3743827,0.01966082781572176,0.019470050249271665,4299.244287109375,4283.6749267578125,4249.469592285156,4281.271022172127,4288.328274598217,-7.05725242608969,11.002631245310992,-18.059883671400684,48.49799899427691,4249.469592285156,4596.050424828941,3902.888759741372,0.16311721969866377,326.1429966517857,14472798.3,0.25868024430354974,0.7826923909753599,0.04497329489728492
2021-12-06,4327.1796875,4342.6513671875,3904.991943359375,4168.19921875,21178028,0.037482440953076734,0.03679704859692069,4253.656591796875,4315.799780273437,4256.178259277343,4288.333893761031,4291.206157035393,-2.8722632743620125,8.227652341376391,-11.099915615738404,56.57338291436768,4256.178259277343,4603.351031587757,3909.0054869669307,0.1631382668494526,338.49124581473217,15012146.95,1.410726132014049,0.9646490424864644,0.042479791723334846
2021-12-07,4281.0517578125,4395.4658203125,4235.115234375,4327.36328125,7530356,-0.010660044883449293,-0.010717270208268376,4213.072705078125,4338.296411132813,4257.574987792968,4287.213565153564,4290.453979315177,-3.240414161613444,5.934039040778424,-9.174453202391867,49.03163617546759,4257.574987792968,4604.920633775117,3910.22934181082,0.1631659557273961,327.69663783482144,15037626.45,0.5007675928803246,0.2864755570805333,0.04247890810467662
2021-12-08,4403.2607421875,4419.6162109375,4204.869140625,4280.3974609375,11042795,0.028546486071321375,0.02814662701978674,4254.552685546875,4352.299633789063,4279.307702636719,4305.066977004938,4298.810035824254,6.256941180684407,5.998619468759621,0.25832171192478626,55.174004204237576,4279.307702636719,4604.190853151102,3954.424552122337,0.1518391165534574,329.45033482142856,15106686.55,0.7309872329349416,0.9238384545342672,0.03969830117183138
2021-12-09,4093.11328125,4447.26611328125,4049.55126953125,4401.400390625,4643573,-0.07043586085329612,-0.07303947027800327,4255.09033203125,4320.4666748046875,4270.292761230468,4272.458716119563,4283.573239189098,-11.114523069534698,2.5759909611007568,-13.690514030635455,46.12574696107941,4270.292761230468,4605.700215948859,3934.8853065120775,0.15708874003371354,336.32582310267856,10843372.3,0.4282406682651669,0.10953076658370182,0.03952053915654358
2021-12-10,3886.373046875,4194.126953125,3868.704833984375,4090.54638671875,11170985,-0.0505092872269256,-0.05182952995396278,4198.195703125,4248.719995117188,4245.565856933594,4213.060920851169,4254.15100272134,-41.09008187017116,-6.15722360515363,-34.93285826501753,47.06000234378527,4245.565856933594,4617.557874462652,3873.573839404535,0.17523789763927186,316.17940848214283,11188770.3,0.9984104330035267,0.05429321441560364,0.040454684775598444
2021-12-11,4056.70068359375,4062.003662109375,3816.307861328125,3879.3916015625,10243307,0.043826888120199525,0.04289365973463762,4144.09990234375,4198.878247070313,4236.873132324219,4189.005499734643,4239.5250531563115,-50.519553421668206,-15.029689568456549,-35.48986385321166,50.014284680994734,4236.873132324219,4618.346523595955,3855.399741052484,0.1800730771763613,322.783935546875,11159468.8,0.9179027410336951,0.9784164869381281,0.041258837595833014
2021-12-12,4101.74853515625,4140.32275390625,3961.473876953125,4051.68798828125,12152974,0.011104553940763706,0.011043351052026135,4108.2392578125,4160.655981445312,4238.618615722657,4175.581351337967,4229.319385156293,-53.738033818325675,-22.771358418430378,-30.966675399895298,45.94552745376314,4238.618615722657,4617.12407709549,3860.1131543498236,0.17859849903400687,313.73409598214283,11005443.8,1.1042693253315237,0.7843194801387922,0.040375135933165676
2021-12-13,3753.822998046875,4113.48681640625,3653.6474609375,4104.04541015625,9372548,-0.08482371216257933,-0.08863856796080709,3978.351708984375,4116.452197265625,4210.535668945313,4110.695450831645,4194.097430555551,-83.40197972390615,-34.89748267952554,-48.504497044380614,34.993330705951266,4210.535668945313,4644.334338876675,3776.7369990139505,0.20605391049449231,333.76792689732144,10661826.35,0.879075281506531,0.2178489855551398,0.042126123648530696
2021-12-14,3718.76953125,3840.6640625,3674.733642578125,3755.296630859375,6222797,-0.00933807129827735,-0.009381944426601625,3903.482958984375,4079.2866455078124,4185.6312255859375,4050.3991555113917,4158.887956532876,-108.4888010214845,-49.61574634791734,-58.87305467356717,28.2404191767002,4185.6312255859375,4671.916920248147,3699.345530923728,0.23235955030612404,317.74129813058033,10147946.1,0.6132075336899947,0.2653876768946558,0.041951086640050234
2021-12-15,3992.439697265625,4054.84716796875,3642.16943359375,3833.83837890625,15122638,0.07359159090551004,0.07100965459051248,3924.6962890625,4061.44599609375,4172.560461425781,4041.482315781274,4146.5584558464,-105.07614006512586,-60.70782509135905,-44.36831497376681,37.54418008602382,4172.560461425781,4665.137365029264,3679.9835578222974,0.2361029435797165,329.75179617745533,10357580.55,1.4600550704865143,0.8487743207029844,0.045461633353574685
2021-12-16,3930.18798828125,4081.2265625,3929.578857421875,3990.287841796875,15164101,-0.01559239805851309,-0.015715238083953847,3899.39375,4021.746826171875,4168.773303222656,4024.3601115505007,4130.531013804521,-106.1709022540199,-69.80044052389123,-36.37046173012867,37.69262222322539,4168.773303222656,4667.866009741197,3669.6805967041155,0.23944343825686978,327.3340541294643,10592794.8,1.4315486409686704,0.004016749604097364,0.04365482342084455
2021-12-17,3860.490478515625,3965.82763671875,3689.52880859375,3935.87939453125,10322273,-0.017733887023583583,-0.017893016528034163,3851.142138671875,3979.6906982421874,4158.9935546875,3999.1493987759045,4110.5280111905095,-111.37861241460496,-78.11607490203397,-33.26253751257099,41.74529410188174,4158.9935546875,4674.770157494758,3643.216951880243,0.24802952734847986,308.47574288504467,10572138.4,0.9763656707331791,0.6187564061558122,0.04372088437736183
2021-12-18,3931.89501953125,3965.780517578125,3750.708984375,3852.706787109375,3871006,0.018496235494687818,0.018327260550929404,3886.75654296875,3932.5541259765623,4142.4268798828125,3988.802571199804,4097.295937734257,-108.49336653445289,-84.19153322851777,-24.30183330593512,46.03150622459336,4142.4268798828125,4665.34196151108,3619.5117982545453,0.2524679840060618,274.2228480747768,10188540.9,0.37993722928471535,0.8424454526797083,0.04223911559945552
2021-12-19,3890.69287109375,3987.667236328125,3871.8857421875,3933.25146484375,20105321,-0.010478954354791514,-0.010534245196310906,3921.1412109375,3912.3120849609377,4116.389379882812,3973.708771183488,4081.992006871985,-108.28323568849692,-89.00987372051361,-19.273361967983305,42.846438193158164,4116.389379882812,4634.743505300179,3598.0352544654456,0.251848927582319,268.4061279296875,10626240.1,1.892044675331588,0.16243639835726267,0.041301079370636845
2021-12-20,3913.554443359375,3956.71875,3740.249755859375,3898.14501953125,10212313,0.00587596426216952,0.005858768113917367,3905.36416015625,3915.030224609375,4081.875109863281,3964.4542592105477,4069.515150315486,-105.06089110493849,-92.2200771973986,-12.840813907539896,38.665731849846836,4081.875109863281,4553.376989505058,3610.373230221504,0.23102219786316278,252.6068115234375,10571528.2,0.9660205040175743,0.8005982019734886,0.03977589164305425
2021-12-21,3997.678955078125,4037.181640625,3898.085693359375,3917.000732421875,26853929,0.021495679422959046,0.02126790562680918,3918.862353515625,3909.1280517578125,4054.0031494140626,3969.565750882483,4064.19395066827,-94.62819978578727,-92.70170171507634,-1.9264980707109345,42.39334349480941,4054.0031494140626,4470.399895305931,3637.6064035221943,0.20542497405412788,251.088623046875,11190310.45,2.399748346570671,0.7160040509404734,0.04028131614475238
2021-12-22,3958.04052734375,4051.330810546875,3925.33935546875,3998.330078125,7178436,-0.009915360432839027,-0.009964844995665157,3938.37236328125,3894.7572509765623,4027.7066162109377,3967.792639568832,4056.3307341257077,-88.53809455687588,-91.86898028343626,3.330885726560382,37.49446597707392,4027.7066162109377,4393.073293451414,3662.339938970461,0.18142665891797016,244.74893624441964,11324551.5,0.633882586873308,0.2595507120076286,0.040227732420973335
2021-12-23,4083.565185546875,4115.97607421875,3876.53857421875,3959.08154296875,6645614,0.031713838536000294,0.03122134036756883,3968.706396484375,3927.7314697265624,4022.091833496094,3985.603800488531,4058.348100897647,-72.74430040911602,-88.04404430857223,15.299743899456203,49.70077482251461,4022.091833496094,4379.95233649259,3664.2313304995973,0.1779474551109072,233.44341169084822,11052551.6,0.6012741890297983,0.8646373743439462,0.03853087537116475
2021-12-24,4024.217529296875,4108.4072265625,3999.53564453125,4082.769287109375,4166993,-0.014533294695539989,-0.014639937531905206,3995.411328125,3958.27626953125,4018.781457519531,3991.5443741513527,4055.8199104086993,-64.27553625734663,-83.29034269832711,19.01480644098048,54.75956889902341,4018.781457519531,4375.202433216942,3662.36048182212,0.17737763521851266,217.97551618303572,10847190.7,0.3841541201999888,0.2267064031114507,0.03824827793318725
2021-12-25,4074.885498046875,4108.30126953125,3998.5703125,4022.190673828125,5737549,0.012590762895178909,0.012512158346529195,4027.6775390625,3966.520849609375,4013.9834228515624,4004.3660855198946,4057.2321761596763,-52.86609063978176,-77.20549228661804,24.33940164683628,50.684453922747544,4013.9834228515624,4364.316839664191,3663.6500060389335,0.17455648412406724,208.26374162946428,10946876.8,0.5241265709686255,0.6954754392435185,0.038088256476088336
2021-12-26,4043.62060546875,4080.951416015625,3991.822998046875,4072.935546875,6890386,-0.007672581865946992,-0.0077021675517464925,4036.865869140625,3977.864111328125,3999.80546875,4010.405242435103,4056.2239116640517,-45.81866922894869,-70.92812767508417,25.109458446135477,47.789198520858186,3999.80546875,4318.27229382479,3681.3386436752103,0.15924115688271986,201.85513741629464,10232494.7,0.6733828066385414,0.5811570383109974,0.03704449573585133
2021-12-27,4020.43359375,4100.748046875,4010.888671875,4043.76708984375,4870015,-0.005734220388379452,-0.005750724151159979,4049.344482421875,3993.8584228515624,3986.774560546875,4011.948065714318,4053.5727770037506,-41.624711289432526,-65.06744439795384,23.44273310852131,63.46659300574777,3986.774560546875,4276.849057967396,3696.7000631263536,0.14551838485732244,175.42799595424108,10099477.65,0.48220464154401094,0.10622065726517455,0.03700529975667359
2021-12-28,3778.363525390625,4014.916748046875,3748.980224609375,4014.916748046875,6005607,-0.06020994072273378,-0.0620987698568438,3988.304150390625,3978.5052734375,3955.5296997070313,3976.011982587596,4033.1869065138812,-57.17492392628537,-63.48894030362014,6.314016377334767,52.48948762431018,3955.5296997070313,4185.005009813268,3726.054389600795,0.11602760061350709,182.96534946986608,9847618.25,0.6098537582932807,0.11048990338121314,0.0383853934237169
2021-12-29,3611.35791015625,3804.021728515625,3591.31298828125,3778.303466796875,9061326,-0.0442005154115257,-0.0452071320844327,3905.7322265625,3950.57177734375,3931.441931152344,3919.9113560596966,4001.9403141910825,-82.02895813138593,-67.19694386917331,-14.832014262212624,32.52316512441507,3931.441931152344,4198.216200876743,3664.667661427945,0.1357131934776942,168.68184988839286,10068505.9,0.8999672930618235,0.09423647496558421,0.036502471645235963
2021-12-30,3695.751708984375,3743.688720703125,3573.793212890625,3609.703857421875,908830,0.023368993306031483,0.023100119202715843,3829.90546875,3928.79150390625,3921.9108642578126,3885.425256509647,3979.259676768356,-93.83442025870863,-72.52443914708037,-21.30998111162826,39.4624997064537,3921.9108642578126,4208.36000696934,3635.461721546285,0.1460763146465521,169.98526436941964,9555398.15,0.09511168302285761,0.7178441481876456,0.03544156187239804
2021-12-31,3663.1484375,3781.56396484375,3622.551025390625,3695.98095703125,8974769,-0.008821824097413389,-0.00886096676413416,3753.81103515625,3895.3384521484377,3902.233251953125,3851.2288228158554,3955.844029415137,-104.61520659928146,-78.94259263752059,-25.672613961760874,40.82382828313331,3902.233251953125,4203.388154757751,3601.0783491484985,0.15435002643878035,161.60770089285714,9491971.25,0.9455116080340004,0.2553088588038429,0.03378216915079317
2022-01-01,3742.669921875,3742.778564453125,3647.5,3663.1484375,7943536,0.021708507239545982,0.021476233133913905,3698.25830078125,3873.8013916015625,3884.2793212890624,3834.5274534403393,3940.0533547825294,-105.52590134219008,-84.2592543784545,-21.26664696373558,41.267176845454586,3884.2793212890624,4178.076617716628,3590.482024861497,0.15127506140833558,153.05106026785714,9281499.35,0.8558462054948052,0.998859737352917,0.0341221429482031
2022-01-02,3795.19189453125,3809.18359375,3705.496337890625,3741.933837890625,9486002,0.014033290071687077,0.013935735075534908,3701.623974609375,3844.9640625,3886.347766113281,3828.4758289927872,3929.3228762453946,-100.84704725260735,-87.57681295328508,-13.270234299322269,45.63816088488336,3886.347766113281,4176.84178893297,3595.853743293592,0.14949461051974305,152.18718610491072,9287172.05,1.0214090951400001,0.8650586408962668,0.028495882827095493
2022-01-03,3739.325439453125,3828.300537109375,3685.112060546875,3794.8779296875,5392357,-0.014720324197210366,-0.014829743286744947,3727.21748046875,3816.474853515625,3887.3755615234377,3814.760384448224,3915.2489920385565,-100.48860759033232,-90.15917188069454,-10.329435709637778,42.27528752727195,3887.3755615234377,4175.508997210853,3599.2421258360228,0.14824059632380734,146.95286342075892,9245650.05,0.5832317869309794,0.37861551574508423,0.02862310985024086
2022-01-04,3782.863037109375,3870.02587890625,3712.4208984375,3742.596435546875,3260075,0.011643168898029188,0.011575908784178352,3744.63974609375,3787.272607421875,3876.896728515625,3809.8531002422474,3905.442625006763,-95.58952476451577,-91.2452424574588,-4.344282307056972,40.12023436043808,3876.896728515625,4164.184385909263,3589.6090711219867,0.14820495747568396,148.27493722098214,8652521.9,0.3767774341027672,0.44695376033102435,0.023143124464972995
2022-01-05,3517.22900390625,3830.0,3434.35107421875,3782.968994140625,11938142,-0.07022036764146389,-0.07280767536616443,3715.455859375,3734.633447265625,3856.248779296875,3764.8340084982474,3876.686060480793,-111.85205198254562,-95.36660436247618,-16.485447620069436,33.21544745073483,3856.248779296875,4183.930138820169,3528.5674197735807,0.16994824674306502,167.53618512834822,8491223.95,1.4059388929436964,0.2094734100990017,0.027576763630794615
2022-01-06,3402.59375,3522.30859375,3307.657958984375,3521.152099609375,26374866,-0.03259249078718951,-0.033135456360810146,3647.440625,3672.849462890625,3833.3539428710938,3709.1047379600554,3841.568111556283,-132.46337359622748,-102.78595820922645,-29.677415387001034,23.854185707094715,3833.3539428710938,4218.699453302345,3448.0084324398426,0.20104875061061356,165.76569475446428,9293853.6,2.8378826625803533,0.44228050438733474,0.028127818542136748
2022-01-07,3173.448974609375,3403.5283203125,3066.865966796875,3402.614990234375,107624105,-0.06734414750236495,-0.0697190073837838,3523.092041015625,3612.3580078125,3795.431640625,3626.6961589830275,3792.077805115762,-165.38164613273466,-115.3050957939281,-50.076550338806555,21.10267559648888,3795.431640625,4277.168678445754,3313.694602804246,0.2538509889965641,182.03646414620536,14481508.55,7.431829676335757,0.3165872474196538,0.030644480024143057
2022-01-08,3056.94970703125,3226.14208984375,2987.0673828125,3174.067138671875,27363742,-0.036710616275928976,-0.037401410016263875,3386.61689453125,3556.9171875,3753.744482421875,3539.042858682754,3737.6238719243074,-198.5810132415536,-131.9602792834532,-66.6207339581004,16.90469504041718,3753.744482421875,4334.825092043635,3172.6638728001158,0.30960051348346046,191.27530343191964,14844429.6,1.84336769666111,0.2923032933245108,0.031213098357970998
2022-01-09,3146.07373046875,3201.115966796875,3050.16943359375,3067.2529296875,2981041,0.02915455993028182,0.02873764958629845,3259.259033203125,3501.9493896484373,3715.3704467773437,3478.586069726753,3693.8053429275924,-215.21927320083932,-148.61207806693042,-66.6071951339089,21.876863667866658,3715.3704467773437,4350.83677245833,3079.904121096357,0.34207427484501884,195.69088309151786,14482866.0,0.20583225723416898,0.6353527625546089,0.032310368690001784
2022-01-10,3075.015869140625,3162.6455078125,2931.717529296875,3144.514892578125,20905612,-0.022586203444614705,-0.02284517867850218,3170.81640625,3443.1361328125,3669.2372924804686,3416.4983465596565,3647.969085610033,-231.47073905037632,-165.18381026361962,-66.2869287867567,21.23969270892981,3669.2372924804686,4350.709912363328,2987.764672597609,0.37145192069176425,205.7672119140625,14185450.15,1.4737362423426512,0.6205326039687687,0.03151758182061703
2022-01-11,3222.81298828125,3251.634765625,3028.528076171875,3075.119384765625,12131641,0.04806385574261429,0.04694451509474214,3134.86025390625,3391.150439453125,3632.4759155273437,3386.7005991322094,3616.476041363452,-229.77544223124278,-178.10213665714426,-51.67330557409852,32.07141007865137,3632.4759155273437,4327.5386237229495,2937.4132073317382,0.38269363616397173,202.31387765066964,14433110.4,0.8405423823266813,0.8708161668163982,0.03431518212742881
2022-01-12,3356.176025390625,3393.850341796875,3171.716064453125,3222.9560546875,9113643,0.04138094192691533,0.04054766114413398,3171.4056640625,3347.2488525390627,3596.1064575195314,3382.004510864273,3597.194558698796,-215.19004783452283,-185.51971889262,-29.670328941902824,41.58204483122372,3596.1064575195314,4267.505334929056,2924.7075801100073,0.3734032267068265,202.98713030133928,14556511.85,0.6260870113604861,0.830398455992213,0.034989988982228
2022-01-13,3234.802001953125,3400.070556640625,3234.802001953125,3356.3447265625,22070190,-0.03616437949596918,-0.036834517060809584,3206.976123046875,3296.7965087890625,3556.6356811523438,3359.3579710317886,3570.350665606521,-210.99269457473247,-190.61431402904253,-20.378380545689936,35.15632149424084,3556.6356811523438,4214.749593205547,2898.5217690991403,0.37007665167435744,202.65663364955358,15451671.7,1.4283367151788502,0.0,0.03549515783157616
2022-01-14,3301.742431640625,3326.797119140625,3194.384765625,3237.553466796875,9197809,0.020693825973608915,0.020482617593119586,3238.10986328125,3248.6844482421875,3517.9785278320314,3350.4940418946867,3550.453759386823,-199.9597174921364,-192.48339472166134,-7.476322770475065,38.613671756438,3517.9785278320314,4137.62041282167,2898.3366428423933,0.3522715560015058,200.756591796875,15624684.7,0.5886716549230591,0.8107828549006848,0.03581442113687236
2022-01-15,3329.97314453125,3361.288330078125,3266.01220703125,3301.3427734375,3787431,0.00855024686968009,0.00851390054201285,3289.101318359375,3229.9588623046875,3482.2961547851564,3347.33698076185,3534.1218619901124,-186.7848812282623,-191.34369202298154,4.55881079471925,36.56346815178076,3482.2961547851564,4054.893764428102,2909.698545142211,0.3288620979902109,200.75641741071428,15469536.95,0.2448315687949535,0.6713217902644777,0.036049190510783244
2022-01-16,3352.603515625,3378.17236328125,3279.436279296875,3330.38818359375,22583532,0.006795962042791759,0.006772973586427655,3315.059423828125,3224.9598388671875,3448.904650878906,3348.1472168946425,3520.676058555658,-172.52884166101558,-187.58072195058838,15.051880289572807,35.304220237033675,3448.904650878906,3964.411868445639,2933.3974333121732,0.29893967491119994,200.40276227678572,16355212.8,1.3808155403517586,0.7410384670744421,0.03621806913523418
2022-01-17,3204.314453125,3353.40185546875,3143.03955078125,3352.4462890625,18669346,-0.044231016822863345,-0.04523904452895622,3284.687109375,3228.04638671875,3420.202197265625,3326.0190993916203,3497.2418655607926,-171.22276616917225,-184.3091307943052,13.086364625132944,33.26267940413014,3420.202197265625,3922.2204674197224,2918.1839271115273,0.29356057987182743,205.20089285714286,16988399.75,1.0989467092096181,0.2912827107112323,0.03517649572051567
2022-01-18,3155.6015625,3233.959228515625,3082.94482421875,3204.2421875,2811547,-0.015202281591774724,-0.015319020921821946,3268.847021484375,3237.911572265625,3397.4143798828127,3299.801016792909,3471.9351764451762,-172.13415965226704,-181.87413656589757,9.739976913630528,30.440045550463097,3397.4143798828127,3904.250474820734,2890.5782849448915,0.29836577954050075,204.73013741629464,16675910.8,0.16859930673171986,0.481124556394004,0.03417221013423324
2022-01-19,3083.717041015625,3165.553466796875,3045.262451171875,3155.880615234375,9416066,-0.022779973979802803,-0.023043446541858328,3225.241943359375,3231.6759033203125,3366.812646484375,3266.5573282117884,3443.1782775244665,-176.62094931267802,-180.82349911525367,4.202549802575646,34.62378224830593,3366.812646484375,3871.7076257911694,2861.9176671775804,0.2999246066358969,185.06171526227678,17101272.6,0.5506061578130741,0.31967965056037995,0.033627082843138915
2022-01-20,2991.595703125,3260.8232421875,2988.668701171875,3084.913330078125,64222394,-0.029873473040926246,-0.03032877582729345,3157.566455078125,3223.33388671875,3333.235009765625,3224.255539736898,3409.727716457837,-185.47217672093893,-181.75323463639074,-3.718942084548189,35.18573013066528,3333.235009765625,3844.4335324157637,2822.036487115486,0.3067281611722202,189.16913713727678,19863653.85,3.233161153782389,0.0107549260140745,0.03396652097296933
2022-01-21,2545.7275390625,3023.71630859375,2469.5009765625,2993.6884765625,22568175,-0.14904024751631684,-0.161390445905928,2996.191259765625,3155.625341796875,3273.387890625,3119.8666165562213,3345.7277033174373,-225.86108676121603,-190.57480506135582,-35.28628169986021,30.431316019602576,3273.387890625,3857.7789243072634,2688.996856942737,0.35705578025504536,204.70863560267858,20594885.8,1.0958145249827023,0.13753961338320841,0.045279060857827264
2022-01-22,2398.1025390625,2611.888671875,2316.025146484375,2551.787353515625,162557249,-0.05798931650571093,-0.059738663181031715,2834.948876953125,3059.8179931640625,3203.5334228515626,3008.825989249495,3275.5332467059566,-266.7072574564618,-205.80129554037703,-60.90596191608475,29.85199721190091,3203.5334228515626,3855.403328501639,2551.6635172014862,0.4069693176916051,208.76497977120536,28248448.15,5.754555016148737,0.2774163948292884,0.04545619315744408
2022-01-23,2533.00439453125,2541.5234375,2377.50390625,2398.75146484375,24394669,0.05625358101721867,0.05472828999565914,2710.429443359375,2989.638232421875,3143.2173706054687,2935.6226669851494,3220.5311095078273,-284.9084425226779,-221.62272493683722,-63.28571758584067,31.762534094497497,3143.2173706054687,3809.4264172319786,2477.0083239789587,0.42390262465251016,209.69876534598214,29198563.75,0.8354749640725051,0.9480608015807226,0.04868229437063325
2022-01-24,2433.41064453125,2536.35302734375,2159.159912109375,2536.35302734375,38698733,-0.03931842764071891,-0.04011227522300279,2580.3681640625,2902.8050537109375,3075.7447509765625,2858.359278915319,3162.2258898799296,-303.8666109646106,-238.0715021423919,-65.79510882221868,31.232284856297113,3075.7447509765625,3742.526774428634,2408.962727524491,0.4335743551153685,220.14627511160714,30970496.65,1.2495354348797634,0.7270830811537853,0.04837574987398033
2022-01-25,2451.541015625,2493.437744140625,2350.558349609375,2432.230224609375,514997,0.007450600717349376,0.007422982090560237,2472.3572265625,2814.9618408203123,3022.4603515625,2795.7718537937317,3109.5825658610433,-313.81071206731167,-253.21934412737588,-60.59136793993579,25.58749117121127,3022.4603515625,3710.673779369843,2334.246923755157,0.4553994744391352,214.41575404575892,30399339.4,0.01694105892314226,0.7067685745719673,0.0472930818800329
2022-01-26,2460.5859375,2703.66796875,2372.026123046875,2453.538330078125,899689,0.0036894842131345307,0.0036826947608486964,2455.32890625,2725.7600830078127,2975.3599609375,2744.2047897485418,3061.508741538001,-317.303951789459,-266.03626565979255,-51.26768612966646,19.231055058099145,2975.3599609375,3682.706626657239,2268.013295217761,0.47546964065273145,222.23772321428572,29125580.55,0.030889993710357132,0.2670345000121924,0.04735021779839241
2022-01-27,2418.656494140625,2556.57373046875,2311.4453125,2459.8984375,1540749,-0.017040430378942983,-0.01718728926264911,2459.439697265625,2647.194287109375,2937.6203369140626,2694.120436578093,3013.8900565456006,-319.7696199675074,-276.78293652133556,-42.98668344617187,20.341455486081756,2937.6203369140626,3680.1346443183747,2195.1060295097504,0.5055209470562932,227.94199916294642,23821412.75,0.06467916139860344,0.43736741143541774,0.045729502632343724
2022-01-28,2539.661376953125,2550.725341796875,2353.44775390625,2418.514404296875,1089990,0.050029792616538726,0.04881853768741301,2460.77109375,2585.6002685546873,2911.7559204101562,2670.3575043280985,2978.762006205416,-308.40450187731767,-283.107249592532,-25.297252284785657,23.353199664136767,2911.7559204101562,3672.5806922333845,2150.931148586928,0.5225882887299543,232.57523018973214,22507725.15,0.048427372945772804,0.9439167673759106,0.04739013563662615
2022-01-29,2577.12548828125,2623.344970703125,2508.7060546875,2539.388671875,522530,0.014751616758085895,0.014643869993138048,2489.5140625,2534.94111328125,2883.3085083007813,2656.0141172439676,2949.0111530258473,-292.99703578187973,-285.08520683040155,-7.911828951478185,23.84493820659864,2883.3085083007813,3649.769365766146,2116.8476508354165,0.5316537271393569,233.95828683035714,22384799.6,0.023343072501752483,0.596825545510709,0.04690099395688065
2022-01-30,2591.95947265625,2622.610107421875,2531.74072265625,2577.1015625,382863,0.005756019426470749,0.00573951684249845,2517.59775390625,2494.977490234375,2859.1556884765623,2646.159556538165,2922.562880405876,-276.40332386771115,-283.34883023786347,6.945506370152316,23.43014672271957,2859.1556884765623,3630.608322747597,2087.7030542055277,0.5396366748269564,233.39637974330358,21358662.15,0.017925420483323674,0.662695693920371,0.04689159917384178
2022-01-31,2679.250732421875,2696.375,2462.654052734375,2592.122314453125,694651,0.033677710121049254,0.033123035160673164,2561.330712890625,2508.3298095703126,2831.977575683594,2651.25050667412,2904.5397583329864,-253.2892516588663,-277.33691452206403,24.04766286319773,30.842774645767065,2831.977575683594,3587.623999280422,2076.3311520867655,0.533652829799987,235.06485421316964,20786812.65,0.03341786986279496,0.9267319947666885,0.04609948544162657
2022-02-01,2791.440673828125,2801.897705078125,2671.458984375,2678.902587890625,586800,0.04187362535675687,0.04102065512841632,2635.887548828125,2547.663623046875,2803.7408081054687,2672.818224697813,2896.1620483696634,-223.34382367185026,-266.5382963520213,43.19447268017103,37.3015877069809,2803.7408081054687,3517.982420324703,2089.4991958862342,0.5094918975066448,233.59516252790178,20360470.5,0.028820552059442832,0.9198318474542675,0.046127458499176724
2022-02-02,2669.827880859375,2803.92626953125,2615.73876953125,2790.411865234375,397658,-0.04356631832048674,-0.04454382687094851,2661.920849609375,2561.3459716796874,2775.4921020507813,2672.3581717995917,2879.3965544800117,-207.03838268042,-254.63831361770104,47.599930937281044,36.051298743399975,2775.4921020507813,3462.105340971122,2088.8788631304405,0.49476864907164364,238.44491141183036,19276843.9,0.02062879183246382,0.2874213820006684,0.04639335839762185
2022-02-03,2670.87060546875,2708.830322265625,2571.6826171875,2670.38037109375,282335,0.00039055873858040435,0.00039048249036855457,2680.669873046875,2585.0919677734373,2743.9485107421874,2672.129315441001,2863.9501878865844,-191.82087244558352,-242.07482538327758,50.253952937694066,38.48411309200718,2743.9485107421874,3385.2359574894153,2102.6610639949595,0.4674194462736267,228.80156598772322,18831070.2,0.014993040597342152,0.7232201823392977,0.04594141483090263
2022-02-04,2983.829833984375,2983.829833984375,2655.6650390625,2673.69873046875,711572,0.11717498701540396,0.1108031658438005,2759.0439453125,2638.320849609375,2726.6413452148436,2720.083241370751,2872.830161671606,-152.74692030085544,-224.20924436679314,71.46232406593771,67.39019746595596,2726.6413452148436,3318.0825764814035,2135.2001139482836,0.4338240027824105,212.65509905133928,18677277.25,0.03809827259484516,0.9999999999695275,0.053915383098496056
2022-02-05,2998.308837890625,3046.355712890625,2949.01904296875,2983.854248046875,309611,0.0048524898240982495,0.004840754443915038,2822.85556640625,2692.0931396484375,2708.926611328125,2762.8871792968853,2882.124878428571,-119.23769913168553,-203.21493531977163,83.9772361880861,76.64082894547204,2708.926611328125,3239.5193919560206,2178.3338307002296,0.3917365486455596,198.474609375,17563581.2,0.017628010852365348,0.506384643694637,0.05389653555112232
2022-02-06,3045.918701171875,3051.4931640625,2947.9365234375,2998.569091796875,214953,0.01587890569496664,0.015754154744814813,2873.751171875,2754.8193603515624,2701.0068237304686,2806.4304903545762,2894.257754187334,-87.82726383275758,-180.13740102236883,92.31013718961125,74.67865082801461,2701.0068237304686,3204.502271609091,2197.511375851846,0.37282056709743877,194.15583147321428,16640861.55,0.012917179759842422,0.9461699137163693,0.05321592115764006
2022-02-07,3137.825927734375,3176.16650390625,2985.235595703125,3045.910888671875,742154,0.03017389352090727,0.029727616652664865,2967.35078125,2814.6358154296877,2700.1180419921875,2857.414403797622,2912.299841116744,-54.88543731912205,-155.08700828171948,100.20157096259743,84.14519873619622,2700.1180419921875,3200.2864700684067,2199.9496139159683,0.37047893484477995,180.85138811383928,16537391.9,0.044877330384847446,0.7991913591115501,0.05355157964199026
2022-02-08,3115.101318359375,3219.316650390625,3026.051025390625,3140.689453125,592989,-0.007242151062027857,-0.007268502743685358,3056.196923828125,2868.4333984375,2701.687255859375,2897.0585444994304,2927.3221727643468,-30.263628264916406,-130.12233227835887,99.85870401344246,82.02220582722114,2701.687255859375,3207.092532960845,2196.281978757905,0.3741404753680169,184.45040457589286,16096238.05,0.036840223048266854,0.4607663311266157,0.053298757226247946
2022-02-09,3237.894287109375,3260.42138671875,3054.230224609375,3114.588134765625,365439,0.03941861153160531,0.038661529465764115,3107.009814453125,2933.0268798828124,2714.0021850585936,2949.4948125932683,2950.3275145676826,-0.832701974414249,-104.26440621756994,103.43170424315569,83.80065791135968,2714.0021850585936,3259.558737199212,2168.445632917975,0.4020310338319349,175.48964146205358,12903390.3,0.028321161454753482,0.8907465315786286,0.05337712268418401
2022-02-10,3061.7587890625,3259.55908203125,3057.744873046875,3237.9482421875,1301500,-0.05439816202403558,-0.05593368861818594,3119.6998046875,2971.277685546875,2739.803747558594,2966.766193588535,2958.58168304878,8.184510539754683,-81.77462286610502,89.9591334058597,75.04198624155593,2739.803747558594,3300.452930788235,2179.154564328953,0.409262293862638,172.39576939174108,11840056.55,0.10992346147198089,0.019889164571840808,0.04193805539680647
2022-02-11,2914.333251953125,3119.640380859375,2869.914794921875,3061.656005859375,423613,-0.048150604690357146,-0.049348454909584186,3093.38271484375,2983.566943359375,2765.615283203125,2958.6995871830873,2955.304021486139,3.3955656969483243,-64.74058515349435,68.13615085044268,64.29533802313102,2765.615283203125,3307.2369770052687,2223.993589400981,0.39168260104119745,176.14205496651786,3733374.75,0.11346650908805767,0.17786906721119128,0.04114769751815094
2022-02-12,2914.830322265625,2961.09033203125,2851.21826171875,2913.69970703125,227891,0.00017056056035014144,0.00017054601655147676,3048.78359375,3008.0671875,2784.706579589844,2951.9504695034775,2952.305969692027,-0.35550018854928567,-51.86356816050533,51.508067971956045,63.25890776596196,2784.706579589844,3318.6688356155787,2250.744323564109,0.38349624333087295,175.80156598772322,2525035.85,0.0902525799782209,0.5789647938749025,0.03975904744566115
2022-02-13,2880.9833984375,2940.334716796875,2835.2216796875,2913.99560546875,256502,-0.011611970538928928,-0.011679915967861398,3001.960009765625,3029.078466796875,2807.0852172851564,2941.03245857025,2947.022816265766,-5.9903576955157405,-42.68892606750742,36.698568371991676,61.180682792672656,2807.0852172851564,3315.983688173059,2298.186746397254,0.362581419156258,176.8189697265625,602924.3,0.4254298591050319,0.4353572116656589,0.03849424764664615
2022-02-14,2930.185791015625,2955.47412109375,2830.09619140625,2875.67578125,304794,0.017078332559920195,0.016934137266387702,2940.418310546875,3023.7140625,2831.0174560546875,2939.3637404849233,2945.7756292102,-6.41188872527664,-35.433518599061266,29.021629873784626,60.00198905126536,2831.0174560546875,3313.8666502977103,2348.1682618116647,0.3411135407945683,169.08018275669642,592414.15,0.5144948006390462,0.7983031770492759,0.03853187467220727
2022-02-15,3180.049072265625,3187.430419921875,2907.47119140625,2930.380126953125,729708,0.08527216329289322,0.08183079728149463,2964.0763671875,3041.8880859375,2866.990612792969,2976.39225306657,2963.129217584676,13.263035481893894,-25.694207782870233,38.95724326476413,63.957641110073276,2866.990612792969,3340.7556189149036,2393.2256066710343,0.33049637763578277,179.76021902901786,583915.1,1.2496816746133128,0.9736342048621756,0.04202790941430098
2022-02-16,3120.791748046875,3183.86962890625,3045.434326171875,3181.560546875,409180,-0.018634091132603836,-0.018809893175053785,3005.36806640625,3049.375390625,2902.097375488281,2998.6075599866167,2974.807923544839,23.799636441777693,-15.795438937940649,39.59507537971834,66.95679713878123,2902.097375488281,3338.5700606990363,2465.624690277526,0.3007980978841677,176.20649065290178,527336.65,0.7759369655039148,0.5443511906363203,0.04209077199600133
2022-02-17,2875.560791015625,3150.30908203125,2853.102294921875,3120.23681640625,549933,-0.07857972489985143,-0.08183902205544696,2997.51416015625,3023.148876953125,2918.8923461914064,2979.677287837233,2967.4562840982308,12.221003739002299,-10.192150402552059,22.413154141554358,56.502510925920895,2918.8923461914064,3321.153806047029,2516.630886335784,0.27562610205922555,187.6392822265625,500333.8,1.099132219330375,0.07556521946024537,0.0458920375889183
2022-02-18,2774.795166015625,2934.822021484375,2747.125,2877.129638671875,363674,-0.03504207781481483,-0.03567078254700712,2976.276513671875,2989.11826171875,2928.775830078125,2948.1569614031396,2953.185090166186,-5.028128763046425,-9.159346074650932,4.131217311604507,42.324712066665704,2928.775830078125,3304.520308483791,2553.0313516724596,0.25658807652454757,177.60586983816964,492391.0,0.7385878295907115,0.14741931329184269,0.04680324164306936
2022-02-19,2759.7958984375,2819.23974609375,2694.062744140625,2774.313720703125,252733,-0.005405540474420878,-0.00542020327243463,2942.19853515625,2941.3084228515627,2937.1676513671873,2919.1783363315026,2938.85996485295,-19.681628521447237,-11.263802564010193,-8.417825957437044,41.24568018522491,2937.1676513671873,3287.90344708153,2586.4318556528447,0.2388258603836133,179.59446498325892,485884.5,0.5201503649529878,0.5251216538660901,0.0468568103693678
2022-02-20,2624.238525390625,2760.787109375,2577.741455078125,2760.787109375,1281449,-0.049118622548726454,-0.050365958757994184,2831.03642578125,2897.556396484375,2934.417041015625,2873.8029808021365,2915.5546730409255,-41.75169223878902,-17.361380498965964,-24.390311739823055,35.46137031981583,2934.417041015625,3294.410104117829,2574.4239779134205,0.24535916883689302,185.27225167410714,515224.4,2.487166756853907,0.25401897951943686,0.04776107968548314
2022-02-21,2562.47119140625,2746.170654296875,2557.328857421875,2620.94921875,803571,-0.02353724076022423,-0.023818666371872795,2719.372314453125,2862.3701904296877,2922.9685668945312,2825.9057824335387,2889.4003410679866,-63.49455863444791,-26.588016126062357,-36.906542508385556,29.741974293877632,2922.9685668945312,3315.22422957858,2530.7129042104825,0.268395402623707,185.12302943638392,526062.95,1.5275187123518204,0.027230910048513014,0.04697785852993887
2022-02-22,2632.842041015625,2639.52880859375,2500.321044921875,2560.5712890625,1170697,0.02746210370886404,0.027091784672924817,2670.828564453125,2834.1713623046876,2921.119274902344,2796.2036683692445,2870.3960225455894,-74.1923541763449,-36.10888373611888,-38.08347044022603,33.57105668066703,2921.119274902344,3318.712347696588,2523.5262021081,0.2722196770328976,181.26175362723214,564714.9,2.0730761663983013,0.9519655555748603,0.04645097011170092
2022-02-23,2584.96142578125,2734.511474609375,2577.002197265625,2632.865234375,846701,-0.01818590499865491,-0.01835330117548976,2632.86181640625,2804.5691650390627,2916.8238159179687,2763.7048618172457,2849.252719081564,-85.54785726431828,-45.99667844175876,-39.55117882255952,26.560423663199543,2916.8238159179687,3327.443342308098,2506.204289527839,0.28155250526223596,177.78447614397322,592933.2,1.427987166176561,0.05053180770901115,0.046634586915000345
2022-02-24,2587.441162109375,2697.671875,2306.436279296875,2576.40234375,1180847,0.0009592933586526353,0.0009588335308283466,2598.390869140625,2770.2947021484374,2897.0043823242186,2736.5873695544965,2829.8592704169573,-93.27190086246083,-55.45172292589918,-37.82017793656164,30.547108657755942,2897.0043823242186,3331.5729658798587,2462.4357987685785,0.30001237568511574,191.3145751953125,616396.95,1.9157249236875686,0.7182497857852073,0.037537462443144
2022-02-25,2754.189453125,2827.78759765625,2569.760986328125,2587.619140625,342346,0.06444524940605256,0.062453770873244344,2624.3810546875,2727.708740234375,2884.7984130859377,2739.2953824114966,2824.254098765701,-84.95871635420463,-61.353121611560276,-23.60559474264435,43.53459585421036,2884.7984130859377,3321.0963806066966,2448.500445565179,0.30248073178467993,191.90750558035714,618033.7,0.5539277227115609,0.7147652943253786,0.04071133231724345
2022-02-26,2774.241943359375,2848.93701171875,2736.768310546875,2757.64306640625,188945,0.0072807229043820865,0.007254346390724593,2666.735205078125,2693.053759765625,2871.2145751953126,2744.6717764034784,2820.5494946615286,-75.87771825805021,-64.25804094085827,-11.619677317191943,44.41232635856593,2871.2145751953126,3303.2874676632787,2439.1416827273465,0.30096872327180535,192.07155064174108,616733.3,0.30636419340418297,0.334082791524337,0.04054149530596371
2022-02-27,2618.24169921875,2828.785888671875,2564.17578125,2774.06201171875,494043,-0.056231665199222625,-0.05787455100414332,2663.81513671875,2667.3218505859377,2845.2353637695314,2725.2209952981357,2805.5637320361375,-80.3427367380018,-67.47498010028697,-12.867756637714834,40.48158565060497,2845.2353637695314,3272.2638849611662,2418.2068425778966,0.3001709641524228,203.46419852120536,604327.75,0.8175083801794639,0.20432295082556323,0.041317758982358684
2022-02-28,2915.361328125,2942.714111328125,2578.206298828125,2618.34521484375,1912150,0.11348059615539197,0.10749078156919128,2729.8951171875,2681.378466796875,2835.2483642578127,2754.473354194576,2813.696887301979,-59.223533107403,-65.82469070171018,6.601157594307182,49.5447292405726,2835.2483642578127,3244.68280456553,2425.813923950095,0.2888173364063616,220.54490443638392,670285.8,2.852738339377024,0.9249596791224479,0.04947787924233435
2022-03-01,2945.645751953125,3032.963134765625,2869.579833984375,2917.34619140625,574583,0.0103878800668602,0.01033429679896735,2801.53603515625,2699.9634521484377,2820.6359375,2783.8844923112765,2823.470877276138,-39.58638496486128,-60.5770295543404,20.990644589479118,41.679057018266086,2820.6359375,3188.293400515968,2452.978474484032,0.2606911853656888,212.21805245535714,680743.0,0.8440527482471358,0.4655672740137449,0.04861194775704639
2022-03-02,2941.421875,3025.9619140625,2900.103759765625,2945.637939453125,377739,-0.0014339392136085705,-0.0014349682883140922,2838.98251953125,2731.681787109375,2814.619091796875,2808.121012724926,2832.2079882186463,-24.086975493720274,-53.27901874221638,29.192043248496105,43.373755852649154,2814.619091796875,3169.3738662647047,2459.8643173290457,0.2520801308438161,211.31968470982142,634554.95,0.5952817797733672,0.3282911263232946,0.04711977223957611
2022-03-03,2827.549560546875,2961.514404296875,2787.705810546875,2941.40576171875,481777,-0.03871335676835719,-0.03948263849181956,2849.64404296875,2758.1896240234373,2810.2799072265625,2811.110020082149,2831.8629195022186,-20.752899420069753,-46.77379487778706,26.02089545771731,48.03574325204383,2810.2799072265625,3162.0093862204994,2458.5504282326256,0.2503163318995191,202.50552804129464,637463.15,0.7557723140545457,0.22923924035089666,0.046667513219607396
2022-03-04,2603.296630859375,2830.967529296875,2573.57177734375,2828.733642578125,588802,-0.07930999081909196,-0.08263188007673612,2846.655029296875,2755.2350830078126,2794.70322265625,2779.1387294324913,2814.932083306452,-35.79335387396077,-44.57770667702181,8.78435280306104,43.627476950498725,2794.70322265625,3154.439485913298,2434.966959399202,0.25744147739246065,207.4840087890625,655508.7,0.8982367434635117,0.11548307728048067,0.04988108281374121
2022-03-05,2637.910888671875,2673.825927734375,2581.311767578125,2605.86767578125,150593,0.013296317216479947,0.013208697020133917,2791.16494140625,2760.530029296875,2782.549597167969,2757.411369315473,2801.8194022224093,-44.408032906936114,-44.54377192300468,0.13573901606856253,45.53608136254218,2782.549597167969,3146.4129913576644,2418.6862029782733,0.26153236913371064,205.15094866071428,650213.25,0.23160555402400673,0.6117887358220636,0.05000422786747925
2022-03-06,2549.6435546875,2683.868896484375,2546.7158203125,2637.917236328125,255332,-0.03346107496027495,-0.03403370691843003,2711.964501953125,2756.7502685546874,2763.5224853515624,2725.4470901419386,2783.1397098124157,-57.69261967047714,-47.173541472499174,-10.519078197977969,47.17000425507557,2763.5224853515624,3134.606775664785,2392.43819503834,0.268558907901207,201.87290736607142,647740.15,0.3941889351771694,0.021346472543697162,0.050200737857514215
2022-03-07,2491.440673828125,2636.551025390625,2444.4130859375,2549.9013671875,1466840,-0.02282785009393551,-0.023092439896142087,2621.96826171875,2730.475390625,2729.0920654296874,2689.4461030167363,2761.5323738135794,-72.08627079684311,-52.156087337367964,-19.930183459475145,47.29792507289188,2729.0920654296874,3063.4152318712477,2394.768898988127,0.24500688025628925,202.10834612165178,684596.75,2.1426336014595453,0.24475950987103462,0.04548207328123068
2022-03-08,2572.36328125,2618.143310546875,2483.991455078125,2491.421875,1178254,0.03248024657859361,0.031963914027029944,2570.931005859375,2710.2875244140623,2701.6706420898436,2671.433361206469,2747.5198484384996,-76.08648723203078,-56.942167316300534,-19.144319915730243,47.71764765715248,2701.6706420898436,2987.111569506413,2416.229714673274,0.2113069764830922,201.74720982142858,723050.45,1.6295598737266537,0.6587447177417037,0.04646536754290604
2022-03-09,2725.346435546875,2763.739501953125,2567.35693359375,2572.184326171875,489820,0.059471830985915464,0.057770511290108045,2595.340966796875,2720.997998046875,2694.1599243164064,2679.727680335762,2745.8773734094902,-66.14969307372803,-58.78367246778604,-7.366020605941991,54.90848381161609,2694.1599243164064,2968.0050692370896,2420.3147793957232,0.20328796553542855,204.52387346540178,720044.8,0.6802632280658092,0.8044986032363286,0.04577176294764967
2022-03-10,2602.5673828125,2730.79248046875,2546.911865234375,2725.252685546875,465070,-0.04505080570050091,-0.04609713960294869,2588.272265625,2689.718603515625,2685.54853515625,2667.856865332183,2735.261818550454,-67.40495321827075,-60.50792861788299,-6.897024600387759,50.487840790535614,2685.54853515625,2959.5489412734637,2411.5481290390367,0.20405544903046904,189.71280343191964,725114.6,0.6413744806682972,0.30267202175802776,0.046208120628106385
2022-03-11,2551.156982421875,2669.924072265625,2518.091796875,2602.16357421875,527401,-0.019753725006369516,-0.019951437874421513,2588.574951171875,2650.2697265625,2675.116589355469,2649.9030371921353,2721.6244232816703,-71.72138608953492,-62.75062011221338,-8.970765977321534,42.92562687350037,2675.116589355469,2953.0730288628574,2397.1601498480804,0.207808841389121,182.12749372209822,738848.0,0.7138152908311317,0.21777441890816113,0.04637159135935078
2022-03-12,2567.956298828125,2607.400634765625,2547.40234375,2551.2353515625,158134,0.006584979490482867,0.006563393224630365,2603.878076171875,2612.9231689453127,2672.3024780273436,2637.2958466745954,2710.241599248074,-72.94575257347879,-64.78964660446647,-8.156105969012316,42.79594282494847,2672.3024780273436,2953.547953040849,2391.0570030138383,0.2104892521157386,178.40103585379464,682682.25,0.23163631396597759,0.34257567551959933,0.04510620764363928
2022-03-13,2504.942626953125,2601.28271484375,2491.08544921875,2567.747802734375,389014,-0.02453845180455605,-0.024844537230005105,2590.3939453125,2580.6624755859375,2669.4260498046874,2616.933812871292,2695.034267966967,-78.10045509567499,-67.45180830270817,-10.648646792966815,45.76846224028691,2669.4260498046874,2956.5171826741557,2382.334916935219,0.21509577528133716,167.37154715401786,661954.4,0.5876749214145264,0.12574883464235243,0.0451340968261622
2022-03-14,2584.330810546875,2600.270751953125,2491.818359375,2504.24609375,773775,0.03169261552721214,0.031200769520998966,2562.1908203125,2578.7658935546874,2667.00048828125,2611.9179663598434,2686.834011861775,-74.91604550193142,-68.94465574255283,-5.971389759378596,35.235224618467115,2667.00048828125,2956.2049893343396,2377.7959872281604,0.21687622655027533,149.08187430245536,642108.3,1.2050537269180293,0.8530236075400761,0.04528015391681942
2022-03-15,2620.900146484375,2661.02734375,2508.156005859375,2584.34619140625,392202,0.014150408217190158,0.014051225744089308,2565.857373046875,2577.0648193359375,2668.7974243164062,2613.299840225156,2681.9500218338194,-68.65018160866339,-68.88576091577494,0.23557930711154995,35.596300789748724,2668.7974243164062,2956.2972313443,2381.2976172885124,0.21545270121169646,148.33101981026786,619383.35,0.6332136632345703,0.7375100013731158,0.045172725076507325
2022-03-16,2760.1767578125,2784.9580078125,2601.985107421875,2620.940673828125,672877,0.05314075452853406,0.05177689423639889,2607.661328125,2598.1181396484376,2677.4342041015625,2635.8962890847474,2687.744594869277,-51.84830578452966,-65.47826988952588,13.629964104996219,42.82113428360454,2677.4342041015625,2965.021672657281,2389.846735545844,0.2148231826688128,152.41064453125,593984.85,1.132818454881467,0.8645632770987361,0.04661492622716321
2022-03-17,2811.27197265625,2823.25146484375,2743.195068359375,2760.298583984375,529877,0.01851157347047727,0.01834231987050809,2656.324462890625,2630.10126953125,2680.288330078125,2662.8771634803634,2696.8947710016455,-34.017607521282116,-59.18613741587712,25.168529894595004,49.321526851043224,2680.288330078125,2972.1839068178783,2388.3927533383717,0.21780908677929076,145.71405901227678,603361.4,0.8782083176020209,0.8503618358797638,0.04458045459307521
2022-03-18,2939.5732421875,2955.33642578125,2757.13134765625,2811.318359375,2269220,0.04563815624356815,0.044627374861331975,2743.2505859375,2666.822265625,2688.554895019531,2705.445790973769,2714.8709540524496,-9.425163078680725,-49.23394254843784,39.80877946975711,65.23511754715966,2688.554895019531,3000.3405987367055,2376.769191302357,0.23193553108753567,141.48615373883928,707375.15,3.2079441863345073,0.9204703343018613,0.04563412446278009
2022-03-19,2943.87109375,2969.367919921875,2894.596435546875,2939.531494140625,1571458,0.0014620665002724742,0.001460998721695681,2815.158642578125,2688.6747314453123,2704.8363647460938,2742.1266067854963,2731.833927363379,10.29267942211709,-37.328618154326854,47.62129757644394,64.25315580384714,2704.8363647460938,3034.649624398722,2375.0231050934653,0.2438692883246476,140.21881975446428,761245.9,2.064323761875105,0.6590033434324871,0.04340354827684483
2022-03-20,2864.4091796875,2954.833984375,2816.660400390625,2944.0361328125,528907,-0.02699232117574779,-0.027363304921566634,2863.86044921875,2714.8589111328124,2702.2887573242188,2760.9393103088814,2741.654316424425,19.284993884456526,-26.005895746570175,45.2908896310267,64.78464968792701,2702.2887573242188,3025.9853832090776,2378.59213143936,0.23957219598203133,140.29171316964286,692083.75,0.7642239830078369,0.3455709688967671,0.03595092355964703
2022-03-21,2884.333251953125,2949.927490234375,2831.02685546875,2864.3310546875,603009,0.00695573537709393,0.006931655845856302,2888.691748046875,2748.1765380859374,2699.2231323242186,2779.9229936387655,2752.223126463588,27.699867175177587,-15.264743162220622,42.96461033739821,69.14265757689951,2699.2231323242186,3014.2610621044337,2384.1852025440035,0.23342859358866383,135.06047712053572,693505.05,0.8695091693997037,0.4483272657456239,0.03590556876313372
2022-03-22,2963.833740234375,3040.2880859375,2873.71923828125,2884.389892578125,723437,0.02756286508412864,0.02718984808030476,2919.2041015625,2787.7642822265625,2700.3437255859376,2808.2169546534747,2767.8979867429057,40.31896791056897,-4.1480009476627,44.466968858231674,69.09983673938073,2700.3437255859376,3019.145987342643,2381.5414638292323,0.2361197641144959,137.3759765625,710789.95,1.0177929499425253,0.5410045348556728,0.03644449286583688
2022-03-23,3018.418212890625,3032.90380859375,2917.80810546875,2963.898681640625,324330,0.01841684704349622,0.01824931078280982,2934.973095703125,2839.1118408203124,2709.887158203125,2840.5556097668828,2786.455040531626,54.1005692352569,7.501713088921224,46.59885614633568,65.81774559353934,2709.887158203125,3055.0596407571193,2364.714675649131,0.2547504470871558,131.56977190290178,702917.6,0.4614054335814042,0.8741430364595427,0.035390386175387756
2022-03-24,3100.26416015625,3113.1669921875,2997.626708984375,3018.82080078125,343401,0.027115509347276356,0.026754397209270062,2966.251708984375,2890.70517578125,2734.7355346679688,2880.510771365247,2809.7001605038204,70.81061086142654,20.16349264342229,50.64711821800425,78.10357662784543,2734.7355346679688,3117.142875976062,2352.3281933598755,0.27966678054265476,126.68831961495536,690647.55,0.49721598230530173,0.8883261172430269,0.029781583465037398
2022-03-25,3100.82421875,3180.962890625,3073.4580078125,3100.473876953125,853686,0.00018064866889333508,0.00018063235388737512,3013.534716796875,2938.6975830078127,2757.881201171875,2914.4051478859783,2831.264905559093,83.14024232688507,32.75884258011486,50.381399746770214,82.92925431105216,2757.881201171875,3170.459615981521,2345.302786362229,0.2991995555387474,123.52207728794643,725802.2,1.176196489897661,0.25455784164412343,0.029830830145482247
2022-03-26,3135.32470703125,3140.6083984375,3086.442138671875,3100.81005859375,190910,0.011126231558897581,0.011064790363790294,3063.7330078125,2976.2123779296876,2787.1652587890626,2948.3927723698657,2853.78785381629,94.60491855357577,45.12805777480705,49.476860778768724,83.2837835399205,2787.1652587890626,3220.1473458949063,2354.183171683219,0.3106971039772224,123.10550362723214,722581.1,0.26420563726341584,0.902454194952045,0.028145444151916325
2022-03-27,3285.610595703125,3286.026611328125,3125.163818359375,3136.09375,664443,0.047933117847362094,0.046819765014404165,3128.08837890625,3023.646240234375,2826.8737548828126,3000.27243749806,2885.774723585685,114.49771391237482,59.00198900232061,55.49572491005421,91.5429323322337,2826.8737548828126,3290.261394664033,2363.486115101592,0.3278445943904065,126.72446986607143,682461.25,0.973598134692629,0.997413847992463,0.028147725811556015
2022-03-28,3326.812255859375,3418.791259765625,3269.240478515625,3286.57080078125,650689,0.0125400314359021,0.012462056437625895,3189.7671875,3062.3701416015624,2864.5962036132814,3050.5093326305696,2918.4441704207734,132.0651622097962,73.61462364381573,58.450538565980466,91.18466283656487,2864.5962036132814,3362.309238274398,2366.883168952165,0.3474926302236401,129.66006905691964,656083.0,0.9917784792472903,0.3849647381223584,0.02782129670002592
2022-03-29,3386.364013671875,3470.3779296875,3320.18994140625,3321.487548828125,371274,0.01790054659910978,0.017742218463054654,3246.987158203125,3106.61943359375,2897.647082519531,3102.1792835600013,2953.104899550485,149.0743840095165,88.7065757169559,60.36780829256061,91.40383256230635,2897.647082519531,3442.0280822106406,2353.2660828284215,0.3757400291948357,129.46840122767858,650155.7,0.5710539798389832,0.44060828711080297,0.025659717001846268
2022-03-30,3381.1865234375,3437.226318359375,3343.475830078125,3385.32373046875,261309,-0.0015289231203354792,-0.001530093115997107,3303.059619140625,3158.29716796875,2936.5780395507813,3145.1034743103855,2984.814649468042,160.28882484234373,103.02302554203347,57.26579930031026,89.2900635213477,2936.5780395507813,3503.0243336286258,2370.131745472937,0.3857866444880829,123.09537179129464,639967.65,0.40831595159536577,0.40224530076281906,0.022255283009781402
2022-03-31,3256.975830078125,3436.451171875,3245.932861328125,3382.400146484375,231288,-0.036735830010672044,-0.03742758498004405,3327.38984375,3195.56142578125,2971.8689819335937,3162.314605966961,3004.9747369206407,157.33986904632047,113.8863942428909,43.45347480342957,75.81085043615118,2971.8689819335937,3525.001308342897,2418.73665552429,0.372245431929787,130.98550851004464,625162.0,0.36996490509659896,0.0579627686059255,0.023853538571169827
2022-04-01,3436.34228515625,3463.499755859375,3212.926513671875,3257.2431640625,396927,0.05507147256718281,0.053608511142516725,3357.536181640625,3242.8122802734374,3015.28828125,3204.4727104576214,3036.927888641797,167.54482181582443,124.6180797574776,42.92674205834683,77.16160490550946,3015.28828125,3571.2461162160525,2459.330446283948,0.36875932455491633,134.72609165736608,637101.65,0.6230198901541064,0.8916186322411884,0.025613747071114495
2022-04-02,3444.961669921875,3529.56591796875,3386.261962890625,3435.899658203125,2420085,0.002508302156877029,0.002505161617540074,3381.166064453125,3285.4666259765627,3062.2892333984373,3241.4710119136603,3067.1526131810624,174.31839873259787,134.5581435525017,39.76025518009618,77.26902531695686,3062.2892333984373,3595.0394042846365,2529.539062512238,0.34794242495178607,139.62126813616072,738655.2,3.2763392175402,0.4096167966554204,0.0240858850898674
2022-04-03,3519.40869140625,3571.939208984375,3412.12451171875,3444.962158203125,317685,0.02161040633176725,0.021380211991837123,3407.775,3327.3810791015626,3109.0431274414063,3284.23065491252,3100.6530634199653,183.5775914925548,144.36203314051232,39.21555835204248,85.84027149538878,3109.0431274414063,3629.1551496873326,2588.93110519548,0.33458012702059464,141.16706194196428,715850.7,0.44378667227677504,0.671303587945181,0.023851853901349838
2022-04-04,3503.969970703125,3524.384033203125,3401.7646484375,3516.696044921875,311574,-0.004386737107521355,-0.004396387070320672,3432.331689453125,3367.695654296875,3153.1966186523437,3318.0367034956903,3130.5283898853845,187.50831361030578,152.99128923447103,34.51702437583475,84.07253788072023,3153.1966186523437,3648.149349080385,2658.2438882243023,0.313937118605424,141.43268694196428,711819.3,0.43771502121395134,0.8335168411800903,0.02427686990593023
2022-04-05,3397.0224609375,3539.519287109375,3392.14013671875,3506.339599609375,244524,-0.030521811162715018,-0.0309973018838196,3460.341015625,3393.8654296875,3185.0389038085937,3330.188358486738,3150.2686914448004,179.91966704193737,158.3769647959643,21.54270224597306,73.12220329189599,3185.0389038085937,3654.8326510106904,2715.245156606497,0.2950003195504636,140.06199428013392,690401.65,0.35417644207542087,0.03312764529771163,0.024547516750985224
2022-04-06,3162.530029296875,3395.369873046875,3162.46826171875,3395.369873046875,353318,-0.06902881400905148,-0.07152695171038753,3405.578564453125,3381.557373046875,3202.601806640625,3304.394769380605,3151.1769386931023,153.21783068750256,157.34513797427198,-4.1273072867694225,56.452890169619,3202.601806640625,3638.610039980171,2766.593573301079,0.272283761556294,148.59474400111608,681573.7,0.518385612590392,0.0002652088913001389,0.030231343640725952
2022-04-07,3229.681640625,3255.90283203125,3143.240966796875,3162.58984375,1027497,0.021233509470597767,0.021011219664493475,3362.52255859375,3371.8443115234377,3217.1072265625,3292.9004418797426,3156.9921017991687,135.9083400805739,153.05777839553238,-17.149438314958473,55.87219668946596,3217.1072265625,3635.2059936303954,2799.0084594946043,0.25992218326812616,148.38914271763392,619487.55,1.6586241321556825,0.7672576132183363,0.029030390557372807
2022-04-08,3190.042724609375,3303.7724609375,3173.467529296875,3225.562255859375,715490,-0.012273319920149794,-0.012349259101353885,3296.649365234375,3352.2121826171874,3229.415808105469,3277.0761776843015,3159.440296081406,117.63588160289555,145.973399037005,-28.337517434109458,53.9095599400812,3229.415808105469,3627.6687638911617,2831.162852319776,0.24664086599571533,150.01771763392858,576689.15,1.2406857316458961,0.12720313116729606,0.02928287930797269
2022-04-09,3254.50048828125,3255.11083984375,3178.862060546875,3190.04541015625,231560,0.020205924884522553,0.02000449406140195,3246.75546875,3339.5435791015625,3248.920373535156,3273.6029946992167,3166.4817917999126,107.12120289930408,138.20295980946483,-31.08175691016075,55.08868801450432,3248.920373535156,3608.208139949313,2889.632607120999,0.22117363622748026,151.59504045758928,561821.8,0.41215915793940355,0.9919952610645275,0.028508516159078963
2022-04-10,3203.265625,3295.97802734375,3193.547607421875,3253.173828125,171183,-0.015742773266046672,-0.01586800680886393,3208.0041015625,3334.17255859375,3264.8669921875,3262.781860899337,3169.2065201851046,93.57534071423242,129.27743599041835,-35.70209527618593,46.15905477342653,3264.8669921875,3581.839932959265,2947.894051415735,0.19417203918582263,147.42129952566964,540230.5,0.31687029888168106,0.09487433112729904,0.028950144279427346
2022-04-11,2977.5908203125,3202.27294921875,2955.724609375,3199.306884765625,316815,-0.070451480178919,-0.0730562732679113,3171.016259765625,3288.297412109375,3265.5548461914063,3218.90631619367,3155.012764638986,63.89355155468411,116.2006591032715,-52.307107548587396,36.10240304936428,3265.5548461914063,3579.8253906842538,2951.284301698559,0.19247604728450907,154.42060198102678,519899.4,0.6093775064945256,0.08868934566937589,0.03305247990474548
2022-04-12,3016.851806640625,3081.967529296875,2946.646484375,2977.9365234375,181607,0.013185487428391651,0.013099315541410778,3128.45029296875,3245.48642578125,3265.476525878906,3187.821007031663,3144.77861960207,43.042387429592964,101.5690047685358,-58.52661733894284,35.0535300017262,3265.476525878906,3580.007068476273,2950.945983281539,0.19263990422513344,153.35867745535714,512763.25,0.3541731978647066,0.5188056469780339,0.032925840168316775
2022-04-13,3103.36474609375,3118.01220703125,2974.763427734375,3016.2431640625,179924,0.028676562522128135,0.028273085306426138,3111.114697265625,3203.88203125,3265.631555175781,3174.827736118138,3141.7109252681207,33.11681085001737,87.87856598483212,-54.76175513481475,39.456111715229646,3265.631555175781,3579.822100194865,2951.4410101566973,0.19242253126879263,156.89426967075892,504589.4,0.356575068758876,0.8977480923860338,0.0329940414801113
2022-04-14,3019.63330078125,3127.19873046875,2978.697509765625,3103.186279296875,824553,-0.02698085857226229,-0.027351524402031813,3064.141259765625,3155.4483642578125,3261.5720092773436,3150.9516691432323,3132.6681382690936,18.283530874138705,73.95955896269344,-55.67602808855473,40.7068440446008,3261.5720092773436,3586.638367853222,2936.505650701465,0.19933109411734398,153.89304896763392,503132.75,1.6388378613795265,0.27565962635892977,0.033565190363831036
2022-04-15,3033.466796875,3041.94384765625,2954.887939453125,3020.0693359375,198529,0.004581184109398562,0.004570722424577792,3030.181494140625,3119.0927978515624,3256.479113769531,3132.8770734096584,3125.31989075842,7.557182651238236,60.679083700402394,-53.12190104916416,31.875998634586182,3256.479113769531,3592.868145422214,2920.090082116848,0.20659676902597826,142.21323939732142,503513.7,0.3942871862275048,0.9026252098766577,0.03347475211639652
2022-04-16,3057.580078125,3068.593017578125,2986.529541015625,3033.260009765625,218285,0.007949083627630582,0.00791765609921298,3046.179345703125,3108.597802734375,3245.077587890625,3121.292920288942,3120.302126859648,0.990793429293717,48.74142564618066,-47.75063221688694,32.81261475209,3245.077587890625,3592.5832244130056,2897.5719513682448,0.2141740079307423,137.83891950334822,481205.8,0.45362088320631216,0.8657997452326374,0.03152902505094511
2022-04-17,2987.467529296875,3074.181884765625,2987.330322265625,3057.22998046875,295309,-0.022930731832580542,-0.023197730611801467,3040.302490234375,3084.3763916015623,3228.1103515625,3100.7043985978544,3110.4625270401834,-9.758128442329053,37.04151482847872,-46.79964327080777,26.30765466734084,3228.1103515625,3591.5834923609095,2864.6372107640905,0.22519251277917304,132.62726702008928,463436.8,0.637215257830194,0.0015797877123304735,0.03159995053556487
2022-04-18,3054.893310546875,3059.591064453125,2886.27099609375,2987.462646484375,506145,0.022569544468277192,0.02231862077186668,3030.608203125,3070.8614501953125,3211.53681640625,3093.6565388977033,3106.34628878142,-12.689749883716559,27.095261886039662,-39.785011769756224,30.883658129905044,3211.53681640625,3574.8553571603447,2848.2182756521556,0.2262583688270792,136.24874441964286,470180.35,1.0764911804587325,0.9728954992895671,0.03179377816303497
2022-04-19,3097.314208984375,3104.8974609375,3020.50439453125,3054.87548828125,297473,0.013886212749572469,0.013790682648978656,3046.144384765625,3055.142822265625,3197.3432006835938,3094.219257372576,3105.6772458334904,-11.457988460914294,19.38461181664887,-30.842600277563164,36.50037949658365,3197.3432006835938,3554.889907582975,2839.7964937842125,0.22365237915212702,131.74973842075892,471988.55,0.6302546957971756,0.9101436612609585,0.03205915198035309
2022-04-20,3048.782470703125,3152.465087890625,3037.067626953125,3097.30078125,310944,-0.015668974797737323,-0.015793030776398702,3049.20751953125,3039.6945068359373,3186.9335327148438,3087.2289825003527,3101.462818046056,-14.233835545703187,12.660922344178458,-26.894757889881646,43.84550230666521,3186.9335327148438,3549.2609050203873,2824.6061604093,0.22738307441064753,123.23854282924107,475971.35,0.6532830179799688,0.10151734408896276,0.03125887297917886
2022-04-21,2964.113525390625,3156.323486328125,2951.573486328125,3048.825927734375,431199,-0.027771396000244364,-0.028164312874205656,3030.514208984375,3038.34677734375,3163.3220947265627,3068.28814294501,3091.288796367876,-23.00065342286598,5.528607190769569,-28.52926061363555,35.89831544706341,3163.3220947265627,3518.69569272134,2807.9484967317853,0.2246837896066324,129.81626674107142,477684.95,0.9026849181662516,0.061245612023870785,0.028554965507926418
2022-04-22,2956.539306640625,3015.05908203125,2930.367431640625,2964.02587890625,341243,-0.0025553065647179185,-0.0025585769329212853,3024.328564453125,3032.31552734375,3138.9009765625,3051.0960142827967,3081.307352684376,-30.21133840157927,-1.6193819277002006,-28.59195647387907,37.16384666673109,3138.9009765625,3479.6091625842373,2798.192790540763,0.21708756572171733,126.55817522321429,373742.85,0.9130422160584477,0.3090254455568723,0.02848889841202192
2022-04-23,2936.017822265625,2967.168701171875,2918.802001953125,2956.519775390625,339453,-0.00694104905992865,-0.006965250193475089,3000.553466796875,3015.5808349609374,3109.7314331054686,3033.3916770493856,3070.5451652459496,-37.15348819656401,-8.726203181472966,-28.427285015091044,31.60372848476507,3109.7314331054686,3410.8689365949967,2808.5939296159404,0.1936742834340543,124.56659807477679,374831.25,0.9056155269871442,0.35594366758578844,0.02767177426852704
2022-04-24,2916.73095703125,2960.3779296875,2913.049560546875,2935.39990234375,881185,-0.006569055912437172,-0.006590727118607379,2964.43681640625,3005.2906005859377,3080.369482421875,3015.4438739696725,3059.1515201930088,-43.70764622333627,-15.722491789845629,-27.985154433490642,32.8148510415233,3080.369482421875,3329.7184061228068,2831.0205587209434,0.16189546424468948,120.6307373046875,403311.8,2.184872845277525,0.07778413983923181,0.027658385042627204
2022-04-25,3002.082763671875,3013.476806640625,2798.380615234375,2916.731201171875,871485,0.02926283153914855,0.02884284847299197,2955.096875,3002.152197265625,3060.6224975585938,3013.3883185392424,3054.924204895147,-41.535886355904495,-20.885170703057405,-20.65071565284709,51.766212538473425,3060.6224975585938,3262.3996234972815,2858.845371619906,0.13185365140564828,118.31324986049107,434659.85,2.004981596528872,0.9470281509694402,0.02840299984972084
2022-04-26,2799.362060546875,3016.447265625,2773.680908203125,3000.30810546875,732428,-0.06752668699814601,-0.06991474663845895,2922.14658203125,2976.3303955078127,3042.4640991210936,2980.461201925032,3035.993675684164,-55.53247375913179,-27.814631314272287,-27.717842444859503,37.30811248852394,3042.4640991210936,3269.4205581350016,2815.5076401071856,0.149192530540933,125.9879150390625,453615.35,1.6146455361354064,0.10578546638595356,0.028228363986558824
2022-04-27,2883.18994140625,2903.0595703125,2795.25537109375,2803.580810546875,427442,0.029945351493046557,0.02950574403111503,2907.476708984375,2965.90263671875,3025.139514160156,2965.49639261445,3024.674880552466,-59.17848793801613,-34.08740263902106,-25.091085298995075,37.11103107635316,3025.139514160156,3244.700745258262,2805.57828306205,0.14515775558143862,123.45615931919643,423612.6,1.0090398633090707,0.8156878019743129,0.028728522077994294
2022-04-28,2928.583740234375,2969.98095703125,2843.34619140625,2883.27099609375,377861,0.015744297028861265,0.015621641327836826,2905.989892578125,2953.2716796875,3012.0665649414063,2959.8175230175157,3017.5570183066816,-57.739495289165916,-38.817821169050035,-18.92167412011588,44.419501838872904,3012.0665649414063,3221.172831601093,2802.9602982817196,0.13884571416419178,121.89426967075893,406731.15,0.9290190829986835,0.6730975368470741,0.029049716459403702
2022-04-29,2804.656005859375,2937.212890625,2761.61376953125,2928.445068359375,311825,-0.04231660944927673,-0.04323804566570235,2883.57490234375,2924.005859375,2989.5743408203125,2935.9465203778013,3001.7865729402147,-65.84005256241335,-44.2222674477227,-21.617785114690648,37.64357352016338,2989.5743408203125,3185.223180921877,2793.925500718748,0.13088742262076022,128.21878487723214,410744.4,0.7591704232607919,0.24511646788194438,0.02968124465502513
2022-04-30,2720.02294921875,2837.44091796875,2714.7470703125,2804.5966796875,352315,-0.030175913361144113,-0.03064057791189109,2827.162939453125,2891.1299072265624,2965.41220703125,2902.727509430255,2980.9151934052916,-78.18768397503663,-51.015350753185494,-27.17233322185114,32.88939589395201,2965.41220703125,3169.1357243168727,2761.6886897456275,0.13739979676523653,131.12095424107142,419801.0,0.8392428793642702,0.043000354187288745,0.030078248265971778
2022-05-01,2828.919921875,2839.095947265625,2715.516845703125,2720.637939453125,497275,0.04003531392539439,0.039254668274294253,2833.07451171875,2877.610546875,2957.978662109375,2891.372495960216,2969.656284403048,-78.28378844283225,-56.469038291114856,-21.81475015171739,42.26734251853651,2957.978662109375,3170.4910583228802,2745.4662658958696,0.14368757891036296,133.74434988839286,428824.0,1.15962492770927,0.9176557745513707,0.028023328203832
2022-05-02,2851.124755859375,2862.941650390625,2764.857666015625,2828.922607421875,775924,0.007849226771204476,0.007818581845610665,2826.661474609375,2867.069091796875,2949.6923095703123,2885.180535944702,2960.8761711775905,-75.69563523288843,-60.31435767946957,-15.381277553418862,39.60323075696576,2949.6923095703123,3165.4385788930754,2733.9460402475493,0.14628391484953984,128.37034388950892,458539.85,1.6921626331931674,0.8795226905254355,0.027894438768303817
2022-05-03,2773.48779296875,2853.268798828125,2747.480712890625,2851.35498046875,678136,-0.027230293143459483,-0.027607908410793577,2795.64228515625,2850.8160888671873,2933.1984619140626,2867.997037025325,2946.995550569528,-78.99851354420298,-64.05118885241626,-14.947324691786719,34.050741132206156,2933.1984619140626,3149.914392480158,2716.4825313479673,0.147767655942842,129.8985595703125,483450.45,1.4027001112523527,0.24584129531402685,0.0274083814830424
2022-05-04,2913.2177734375,2952.3349609375,2771.975830078125,2773.46533203125,712462,0.05038060049263193,0.04915257515028794,2817.354638671875,2850.4647705078123,2927.877685546875,2874.9540733964286,2944.4934930041923,-69.53941960776365,-65.14883500348574,-4.390584604277905,43.87347565920437,2927.877685546875,3140.8513965434586,2714.9039745502914,0.14547992359646944,134.53867885044642,477845.9,1.4909869478842446,0.7831150143524997,0.029553923695567197
2022-05-05,2730.36376953125,2938.60791015625,2697.744873046875,2913.202392578125,280330,-0.06276702194168216,-0.06482338511192169,2819.422802734375,2823.29287109375,2912.7225341796875,2852.7094112633245,2928.6320320061964,-75.92262074287191,-67.30359215136298,-8.619028591508936,40.297299548691804,2912.7225341796875,3136.902289035322,2688.542779324053,0.15393141792599246,137.11818150111608,481935.95,0.5816748055421057,0.13542508171649695,0.03252698282723452
2022-05-06,2687.427490234375,2768.33544921875,2631.228515625,2730.377685546875,921228,-0.015725479430986677,-0.015850436520669055,2791.12431640625,2812.0994140625,2894.2149047851562,2827.281423412717,2910.7650289119874,-83.48360549927065,-70.53959482094452,-12.944010678326137,39.148037636239984,2894.2149047851562,3128.9116514207008,2659.5181581496117,0.1621833584282274,140.86213030133928,517083.1,1.781585977186259,0.40989155786821496,0.03247157372518291
2022-05-07,2625.694091796875,2689.976806640625,2585.107666015625,2687.234375,232064,-0.022971186631761453,-0.0232391356974202,2746.03818359375,2786.3498291015626,2876.1262329101564,2796.267987779511,2889.648663199757,-93.380675420246,-75.10781094080481,-18.272864479441196,37.88871174721193,2876.1262329101564,3135.073717003481,2617.178748816832,0.18006684208106755,144.89801897321428,513920.85,0.45155591566288855,0.38701972320448585,0.03247269003535253
2022-05-08,2497.317626953125,2626.191650390625,2476.59130859375,2625.747314453125,672916,-0.048892392013532904,-0.05012807038115023,2690.804150390625,2743.2232177734377,2848.247448730469,2750.2756245754517,2860.587104959265,-110.31148038381343,-82.14854482940655,-28.162935554406886,34.91561909448248,2848.247448730469,3143.6505836122137,2552.844313848724,0.20742799928665814,152.20315987723214,522259.4,1.288470825034456,0.13854459227193092,0.03309764487469399
2022-05-09,2228.75439453125,2503.832763671875,2212.268310546875,2497.50732421875,1527322,-0.10754067865589767,-0.11377434469300214,2553.911474609375,2685.633056640625,2804.8194580078125,2670.041589184036,2813.7846819645974,-143.74309278056126,-94.4674544196375,-49.27563836092375,25.42547927465762,2804.8194580078125,3188.298516116833,2421.340399898792,0.2734429533524382,157.66517857142858,583751.85,2.616389138638276,0.05654353199476488,0.03916320211976578
2022-05-10,2322.286865234375,2424.285888671875,2191.582763671875,2224.137451171875,1133705,0.04196625295843637,0.041109556010585246,2472.29609375,2645.8594482421877,2768.494677734375,2616.5408624225497,2777.377436280877,-160.83657385832748,-107.74127830737551,-53.095295550951974,33.709197546467266,2768.494677734375,3190.3818792532693,2346.6074762154803,0.30477732531828455,156.94637625558036,624889.9,1.8142475978568384,0.5616774658994511,0.0412220493092542
2022-05-11,2065.02294921875,2424.396240234375,2004.159423828125,2322.31689453125,4331414,-0.11078042074257732,-0.11741107817654402,2347.815185546875,2569.4697509765624,2723.540148925781,2531.6919526988886,2724.610437239238,-192.91848454034925,-124.77671955397027,-68.14176498637899,25.02059496567506,2723.540148925781,3238.911123616561,2208.1691742350013,0.37845667514323406,179.26299176897322,819900.65,5.282852257770499,0.14483149265612866,0.04664290635136808
2022-05-12,1911.8447265625,2151.451904296875,1696.1072998046875,2066.537109375,5588714,-0.07417749169044396,-0.0770727383997149,2205.0453125,2475.541748046875,2671.305419921875,2436.330840985598,2664.4055697817016,-228.0747287961035,-145.43632140239694,-82.63840739370656,20.874880322710823,2671.305419921875,3288.8772201861066,2053.7336196576434,0.462374534681469,202.74226597377233,1082274.2,5.163861431788728,0.4737893556324682,0.04821150948552537
2022-05-13,1950.679931640625,2075.9169921875,1893.5714111328125,1910.8828125,7208684,0.020312949340792308,0.020109393317880066,2095.7177734375,2393.2609619140626,2622.038525390625,2361.6153164709867,2611.5370039934737,-249.921687522487,-166.33339462641496,-83.58829289607203,24.283638508808252,2622.038525390625,3304.4969005637195,1939.5801502175307,0.5205555666436468,203.22415597098214,1425735.75,5.056115061995184,0.3131883985033513,0.0489914483289509
2022-05-14,2016.4405517578125,2016.5504150390625,1913.175048828125,1953.415283203125,2690794,0.03371164025965001,0.03315585930054557,2053.2550048828125,2303.5832397460936,2577.024005126953,2308.511506515114,2567.45578530935,-258.9442787942362,-184.85557145997922,-74.08870733425698,28.56895221744857,2577.024005126953,3295.456355012385,1858.591655241521,0.557567448697506,201.8442644391741,1516216.2,1.7746769886774723,0.9989372391579713,0.050341297658405545
2022-05-15,2111.29638671875,2121.84375,1956.7657470703125,2015.3330078125,1641472,0.04704122562812363,0.04596830611620813,2011.0569091796874,2241.6765014648436,2532.484686279297,2278.170718854135,2533.666200228565,-255.4954813744298,-198.98355344286935,-56.51192793156045,27.9526714492861,2532.484686279297,3250.411701237633,1814.5576713209607,0.5669744175338789,204.8084716796875,1554715.55,1.0558021369246613,0.9361067913142639,0.05134890795272238
2022-05-16,1985.292236328125,2111.527587890625,1952.67236328125,2111.527587890625,3459829,-0.05968093877451908,-0.06153603447472597,1995.1107666015625,2171.4629760742187,2491.7811950683595,2233.11249077321,2493.04590660631,-259.93341583309984,-211.17352592091547,-48.75988991218438,24.99416181420355,2491.7811950683595,3237.760135759626,1745.802254377093,0.5987515614674997,209.14927455357142,1691085.6,2.0459218622640982,0.20534340702380946,0.05096432680628469
2022-05-17,2031.4000244140625,2072.043212890625,1976.05859375,1982.81201171875,1485618,0.023224685636818787,0.022959096907048053,2019.021826171875,2112.0335693359375,2449.19169921875,2202.0798036410333,2458.8499153328103,-256.77011169177695,-220.29284307508777,-36.47726861668917,28.170442239378758,2449.19169921875,3198.3349947987685,1700.048403638731,0.6117473743022913,208.44902692522322,1743994.4,0.8518479187777209,0.5765656118009627,0.05066837985357645
2022-05-18,1879.1427001953125,2047.3358154296875,1878.455078125,2031.4007568359375,1256450,-0.07495191611148433,-0.07790956023858035,2004.7143798828124,2050.2160766601564,2396.719647216797,2152.3971723416917,2415.90864013744,-263.51146779574856,-228.93656801921998,-34.57489977652858,19.803775979239774,2396.719647216797,3151.472625238766,1641.9666691948282,0.6298216638716418,207.62914167131697,1787923.85,0.7027424574038765,0.0040716429904685035,0.0517161680318763
2022-05-19,1989.5418701171875,1994.832275390625,1873.5767822265625,1877.7755126953125,2680288,0.05874975323076881,0.057088733908084645,1999.3346435546875,2026.29482421875,2355.9639404296877,2127.3425104609987,2384.325916432236,-256.9834059712375,-234.54593560962348,-22.437470361614032,27.41126791493511,2355.9639404296877,3105.9826618035727,1605.9452190558027,0.6366979634137306,199.08574567522322,1906347.0,1.4059811776135194,0.9563697681238812,0.054356371966289896
2022-05-20,1932.6578369140625,2017.89404296875,1893.260009765625,1989.503662109375,1878081,-0.028591523534900243,-0.029008223079019443,1963.60693359375,1987.3319213867187,2316.5956848144533,2097.3910222230083,2350.869021653112,-253.47799943010386,-238.33234837371955,-15.14565105638431,27.180081099624402,2316.5956848144533,3068.8079023285663,1564.3834673003405,0.649411740205638,198.19482421875,1982635.3,0.9472649861525213,0.31610809770608134,0.054335132249924784
2022-05-21,1925.22412109375,1948.336181640625,1905.703369140625,1932.429931640625,677567,-0.0038463693253546483,-0.003853785627180204,1951.593310546875,1973.3520385742188,2271.4108947753907,2070.903806664661,2319.339769759826,-248.43596309516533,-240.35307131800872,-8.082891777156618,28.102815661368425,2271.4108947753907,3002.3112145447667,1540.5105750060147,0.6435650383209519,193.74937220982142,1991649.9,0.34020386815976045,0.4578809326395295,0.052839885172138085
2022-05-22,1994.964599609375,1995.082763671875,1911.5384521484375,1925.2274169921875,1108431,0.03622460250290471,0.035583918122774616,1944.3062255859375,1981.6640258789062,2228.602886962891,2059.2208517330782,2295.311979378311,-236.09112764523297,-239.5006825834536,3.409554938220623,33.69847618108999,2228.602886962891,2915.506917730958,1541.6988561948237,0.6164436336203175,189.03108433314733,2008275.25,0.551931813131691,0.9985856119904382,0.05393154956702875
2022-05-23,1929.0291748046875,2030.3358154296875,1924.104736328125,1994.9647216796875,744777,-0.033050924721971464,-0.033609447502919616,1954.2835205078125,1979.4989501953125,2186.3799560546877,2039.1913629748642,2268.179919780265,-228.988556805401,-237.3982574278431,8.409700622442102,38.80108249633133,2186.3799560546877,2835.008595390158,1537.7513167192176,0.5933356986183843,175.79298618861608,2011607.3,0.37023975802831893,0.046355911262003835,0.05400941552331129
2022-05-24,1930.146728515625,1946.4019775390625,1876.037841796875,1928.9149169921875,859034,0.0005793347895066692,0.0005791670398931672,1942.4044921875,1970.8695678710938,2137.2264038085937,2022.4152653657504,2243.1404241310324,-220.725158765282,-234.0636376953309,13.338478930048893,34.26117763813896,2137.2264038085937,2696.823364230427,1577.6294433867602,0.5236665235134818,164.19734409877233,2018935.9,0.4254884961924745,0.7689838884586577,0.05186582230386358
2022-05-25,1898.4359130859375,1972.097412109375,1892.9312744140625,1930.1466064453125,714305,-0.01642922528178703,-0.01656568164942724,1935.560107421875,1949.5835205078124,2095.630010986328,2003.3415188611639,2217.6067566462107,-214.2652377850468,-230.1039577132741,15.838719928227306,41.83573243419647,2095.630010986328,2589.393296902734,1601.8667250699223,0.47123135603885685,139.83515276227678,2040634.65,0.35004061114026463,0.06953274255168833,0.05083528952723706
2022-05-26,1761.2691650390625,1918.562744140625,1708.0653076171875,1898.43603515625,1434877,-0.0722525038118923,-0.07499567784527912,1902.7691162109375,1927.1812133789062,2049.3220947265627,1966.0996182731483,2183.8039720827182,-217.70435380956997,-227.62403693253327,9.919683122963306,42.50277670434703,2049.3220947265627,2478.9473472571526,1619.6968421959727,0.4192852393834304,122.3460693359375,2066317.1,0.6944127791421751,0.2527529945165084,0.05232539451547348
2022-05-27,1674.001708984375,1769.3687744140625,1671.0439453125,1760.091796875,1664202,-0.049548051931490034,-0.050817672704519694,1838.5765380859375,1891.4413818359376,2001.7374755859375,1921.1614783825678,2146.0408414828407,-224.87936310027294,-227.07510216608125,2.1957390658083114,36.857903459907625,2001.7374755859375,2368.8369507116663,1634.6380004602088,0.3667808387493704,116.34458705357143,2137924.0,0.7784196257678009,0.030081554156773837,0.052752106273711866
2022-05-28,1754.226806640625,1757.92138671875,1674.6031494140625,1717.51220703125,912879,0.04792414322260341,0.04681120085793661,1803.616064453125,1878.9497924804687,1964.5829345703125,1895.4792211914996,2117.0175796426765,-221.53835845117692,-225.96775342310036,4.429394971923443,37.71378636880644,1964.5829345703125,2264.818723831989,1664.3471453086363,0.305648373482734,114.95489501953125,2149922.15,0.42461025856215306,0.9556570061105493,0.0544623326072312
2022-05-29,1769.7288818359375,1777.78857421875,1723.81787109375,1754.2296142578125,2312392,0.008836984554465577,0.008798166926026738,1771.5324951171874,1856.9684936523438,1941.631658935547,1876.1330151367977,2091.2924909162516,-215.15947577945394,-223.8060978943711,8.646622114917164,32.70985210333154,1941.631658935547,2226.631597632996,1656.6317202380978,0.2935674615582788,107.01865931919643,2189175.65,1.0562843598228402,0.8506654180018309,0.050225670278574316
2022-05-30,1954.132080078125,1963.8851318359375,1756.86083984375,1769.6998291015625,776173,0.10419855839776182,0.09911978530434111,1782.671728515625,1859.11591796875,1923.2239196777343,1888.132871281617,2081.132460483798,-192.9995892021807,-217.64479615593302,24.645206953752336,48.510723602193124,1923.2239196777343,2145.318997079056,1701.1288422764128,0.23096122622948342,110.45930698939732,2171299.05,0.3574694144503034,0.9528893364470028,0.05530128095422431
2022-05-31,1901.566650390625,1960.8648681640625,1888.8455810546875,1954.1710205078125,684642,-0.026899629878343934,-0.027268046801110113,1810.7312255859374,1856.7501708984375,1915.0511047363282,1890.1996065291569,2067.831289365785,-177.631682836628,-209.642173492072,32.010490655444016,43.83277963773267,1915.0511047363282,2126.9725080571116,1703.1297014155448,0.22132193004840103,108.74749755859375,1988960.45,0.3442210225949943,0.1766342023748693,0.04994799308381216
2022-06-01,1784.909912109375,1924.2020263671875,1736.59619140625,1901.813232421875,645595,-0.06134769888675007,-0.06331015470116094,1832.9128662109374,1835.7447021484375,1908.704364013672,1874.0011920030365,2046.8741503097544,-172.87295830671792,-202.28833045500122,29.415372148283296,45.36715570829095,1908.704364013672,2128.4873011571635,1688.9214268701803,0.23029542058711122,110.08500453404018,1741804.5,0.3706472224638299,0.2575278146898224,0.04905928863558517
2022-06-02,1792.1787109375,1801.4136962890625,1751.5765380859375,1784.6748046875,575764,0.004072361735912411,0.004064092114515547,1840.5032470703125,1822.0596557617187,1900.7793029785157,1861.413117992954,2028.0078214673651,-166.59470347441106,-195.1496050588832,28.554901584472134,39.201881790987365,1900.7793029785157,2125.563040043018,1675.995565914013,0.23651745019768167,104.98369489397321,1410158.5,0.40829736515434256,0.8146967906542794,0.048799195957519095
2022-06-03,1735.8084716796875,1795.5809326171875,1702.369384765625,1792.3946533203125,702573,-0.031453469965796454,-0.03195875388778779,1833.7191650390625,1802.625830078125,1886.7476989746094,1842.0893262524517,2006.3634251867963,-164.2740989343447,-188.97450383397552,24.700404899630826,39.223934000830766,1886.7476989746094,2116.1206853265485,1657.3747126226706,0.24314113272971927,102.73923165457589,1310747.45,0.5360094349220363,0.3587440363475793,0.04838558698561255
2022-06-04,1760.19775390625,1770.736083984375,1711.1396484375,1735.78857421875,176132,0.014050675880710406,0.013952880133940406,1794.9322998046875,1788.8020141601562,1869.1927673339844,1829.4906228145744,1988.128931017867,-158.63830820329258,-182.90726470783895,24.268956504546367,41.130660150087074,1869.1927673339844,2079.1231345132364,1659.2624001547324,0.2246214203778181,103.95091901506696,1237480.45,0.14233113743332268,0.8231718056683458,0.04701210343362801
2022-06-05,1766.1185302734375,1777.9461669921875,1738.7288818359375,1760.2550048828125,370740,0.0033636995354913157,0.003358054952454611,1767.84267578125,1789.2869506835937,1858.23408203125,1819.7410701159379,1971.6837161479093,-151.94264603197144,-176.71434097266547,24.771694940694033,36.79479711172925,1858.23408203125,2065.5119080612453,1650.9562560012546,0.22309118967769484,100.78470284598214,1083026.0,0.3423186516297854,0.6984075598652416,0.045452871799697085
2022-06-06,1813.786376953125,1866.5240478515625,1764.099853515625,1766.2386474609375,848898,0.026990174137580425,0.026632363361781902,1773.61796875,1803.2654174804688,1847.3533996582032,1818.8249634755052,1959.9876169482957,-141.16265347279045,-169.6040034726905,28.44134999990004,43.20688265186221,1847.3533996582032,2038.5825713124707,1656.1242280039357,0.20703041625890167,100.51278250558036,1051190.0,0.807559052121881,0.48510533819464446,0.045582927599302187
2022-06-07,1774.346923828125,1816.3138427734375,1681.8704833984375,1813.913330078125,1175565,-0.021744265822115194,-0.021984156239605042,1770.051611328125,1805.2774291992187,1842.1136108398437,1811.9821881451392,1946.2364544949496,-134.25426634981045,-162.5340560481145,28.279789698304057,41.21317976220801,1842.1136108398437,2035.407011812104,1648.8202098675833,0.20986045576649892,105.08986990792411,1047145.75,1.1226374169975861,0.6878468438509221,0.04272839043951441
2022-06-08,1743.5789794921875,1787.7603759765625,1729.25048828125,1774.3675537109375,1786201,-0.01734043321672185,-0.017492539485901536,1771.605712890625,1802.6624389648437,1829.8154663085938,1801.4586175831466,1931.2247896799302,-129.76617209678352,-155.98047925784832,26.214307161064795,41.25705761850638,1829.8154663085938,2014.7309259937927,1644.900006623395,0.2021137793290608,103.61442347935268,1002441.4,1.7818507894825573,0.2448900822217186,0.0403553837643265
2022-06-09,1733.3184814453125,1776.37255859375,1730.0440673828125,1743.4337158203125,11789040,-0.005884733738797054,-0.005902117015236503,1766.2298583984375,1780.5810791015624,1819.8484985351563,1790.9755197157874,1916.5650631440326,-125.58954342824518,-149.9022920919277,24.312748663682527,48.15800016411088,1819.8484985351563,2002.9035723930458,1636.7934246772668,0.20117616824173587,91.88807024274554,1497989.35,7.869909088472491,0.07067819340121691,0.039998654687908544
2022-06-10,1574.4781494140625,1746.1634521484375,1567.7191162109375,1733.31787109375,7970368,-0.09163943829803411,-0.09611388481652865,1727.9017822265625,1747.8722290039063,1802.3111999511718,1757.6682319770605,1891.2252917566273,-133.55705977956677,-146.63324562945553,13.076185849888759,44.00661017534754,1802.3111999511718,2008.5915201467842,1596.0308797555595,0.22890643991026735,97.61089215959821,1862629.4,4.279094918183939,0.037877544093714306,0.04447009787454298
2022-06-11,1470.4757080078125,1597.4793701171875,1441.7662353515625,1574.4786376953125,6957730,-0.06605518243930808,-0.06833792433949608,1659.2396484375,1716.42880859375,1776.0867553710937,1713.4847667510223,1860.0586559233816,-146.57388917235926,-146.62137433803628,0.047485165677016994,33.38800892285039,1776.0867553710937,2010.6591508026045,1541.5143599395828,0.2641451998019089,102.73899623325893,2155094.35,3.2285036615682277,0.18437412295127795,0.04486668427748978
2022-06-12,1391.47021484375,1479.074951171875,1378.107177734375,1470.82177734375,9928512,-0.05372784652872531,-0.05522506264585314,1582.664306640625,1676.357958984375,1749.208807373047,1663.9440664575957,1825.348401028594,-161.40433457099834,-149.5779663846287,-11.826368186369649,29.38776226981234,1749.208807373047,2028.853321987419,1469.564292758675,0.31973828788838615,106.09592982700893,2614281.1,3.797798178627386,0.13234952750862977,0.04555728040296972
2022-06-13,1151.9013671875,1393.5919189453125,1099.630859375,1390.6905517578125,12229567,-0.17216958372562186,-0.1889469568363966,1464.3287841796875,1617.9672485351562,1710.2965393066406,1585.1682665698886,1775.4634355588832,-190.29516898899465,-157.7214069055019,-32.57376208349274,8.763708255297445,1710.2965393066406,2084.521173169982,1336.0719054432993,0.43761374155040167,112.30569893973214,3182807.75,3.842383191381886,0.17781439448859818,0.05727445832272509
2022-06-14,1151.9921875,1187.3636474609375,1032.5050048828125,1152.08251953125,6269785,7.884382733380768e-05,7.884071932261728e-05,1348.063525390625,1557.1466918945312,1672.9743530273438,1518.5257928668289,1729.2803801471139,-210.75458728028502,-168.32804298045855,-42.426544299826475,9.273302873551927,1672.9743530273438,2111.5504647223183,1234.3982413323693,0.5243070354322477,118.22279575892857,3460581.75,1.8117719657973692,0.7715887251768414,0.05750555824990694
2022-06-15,1155.190185546875,1162.2095947265625,959.7634887695312,1151.9884033203125,7480099,0.0027760587975993456,0.002772212662795474,1264.2059326171875,1496.053857421875,1642.6704040527343,1462.6280071252975,1686.755180547096,-224.1271734217985,-179.48786906872655,-44.639304353071935,10.973789685031392,1642.6704040527343,2135.9079706218104,1149.4328374836582,0.600531385178888,119.28281511579242,3762842.85,1.987885037505619,0.9653270229320655,0.05656488320072262
2022-06-16,1006.15234375,1171.951416015625,995.4224853515625,1155.845947265625,5813939,-0.12901584835255453,-0.1381314978779021,1171.341259765625,1415.2904541015625,1609.2779357910156,1392.4009819906362,1636.340155599163,-243.93917360852674,-192.3781299766866,-51.561043631840136,8.567379979054394,1609.2779357910156,2178.2045544606863,1040.3513171213451,0.7070582476979324,128.3322274344308,3970329.7,1.4643466511106118,0.060782435816420226,0.06138867722481574
2022-06-17,1023.4297485351562,1042.9345703125,984.610595703125,1005.9472045898438,3418782,0.01717175822575956,0.017025989950901006,1097.7331665039062,1340.1987365722657,1572.7380828857422,1335.6361768436393,1590.9393847055328,-255.3032078618935,-204.963145553728,-50.3400623081655,10.83537177128575,1572.7380828857422,2193.937740448328,951.5384253231564,0.7899594526544129,125.8402579171317,4095624.85,0.8347400275198545,0.6655779734726048,0.0598787105941192
2022-06-18,931.3876953125,1027.4737548828125,828.6690673828125,1023.4290771484375,6295063,-0.08993490110522662,-0.09423914478290443,1053.6304321289062,1258.9796081542968,1530.8210235595702,1273.4441027619255,1542.0837040097526,-268.63960124782716,-217.69843669254786,-50.9411645552793,7.589125705144511,1530.8210235595702,2206.777572561543,854.8644745575974,0.8831294300233636,135.78370448521204,4294758.4,1.4657548606226602,0.5166811166085844,0.061021838971863536
2022-06-19,1056.4874267578125,1079.3984375,881.74169921875,931.385009765625,2948479,0.13431542211145375,0.12602931663911834,1034.5294799804688,1191.2965026855468,1485.9387908935546,1240.0661526074466,1506.1136093984978,-266.0474567910512,-227.36824071224854,-38.67921607880268,17.635139054874244,1485.9387908935546,2162.7531214872806,809.1244602998285,0.9109585599911965,147.1008082798549,4403373.7,0.6695954513240608,0.8840868722703104,0.06475787046208448
2022-06-20,1065.31689453125,1093.1829833984375,994.7965698242188,1056.48388671875,2171190,0.008357380835599448,0.008322651292895842,1016.5548217773437,1140.3803771972657,1444.126303100586,1213.1816513649549,1473.4620008898128,-260.2803495248579,-233.95066247477044,-26.329687050087472,14.610044310588549,1444.126303100586,2116.1349747804516,772.1176314207203,0.9306785289306638,146.81239536830358,4477701.1,0.484889444719747,0.7167689332091151,0.06527353034042388
2022-06-21,1062.247314453125,1122.0888671875,1045.8133544921875,1064.488037109375,2153402,-0.0028813774510499934,-0.002885536610384312,1027.7738159179687,1099.5575378417968,1407.9931732177733,1189.9609841477502,1443.0016537463546,-253.04066959860438,-237.76866389953724,-15.272005699067137,15.130434501928491,1407.9931732177733,2080.563324935124,735.4230215004225,0.9553599612706714,142.65754917689733,4553091.45,0.4729538212987134,0.21545525396111687,0.06493703739595649
2022-06-22,995.9393920898438,1063.7169189453125,990.0042724609375,1062.4727783203125,2533742,-0.062422301719273765,-0.06445564640566866,1022.2757446289063,1060.0044555664062,1368.1812072753905,1160.111508446534,1409.885930660687,-249.77442221415322,-240.16981556246046,-9.604606651692762,14.621519281060529,1368.1812072753905,2039.2612999406383,697.1011146101426,0.9809813043721647,143.74346051897322,4650990.35,0.5447747273868242,0.08051697925890042,0.06515113251086466
2022-06-23,1090.6710205078125,1095.2587890625,996.1878662109375,996.8389892578125,2142381,0.09511786477205941,0.09086199653703754,1054.1324096679687,1053.8814208984375,1335.924334716797,1149.4283564559612,1386.2403817604743,-236.8120253045131,-239.498257510871,2.6862322063579143,21.840917493376054,1335.924334716797,1994.504516119221,677.3441533143728,0.9859543153572943,147.52852521623885,4722980.75,0.4536078195957077,0.9536920780368803,0.07060072213050746
2022-06-24,1177.9437255859375,1193.3265380859375,1088.5211181640625,1090.2554931640625,2098116,0.08001744195742089,0.07697719096629402,1078.4236694335937,1056.4765747070312,1306.8116333007813,1153.8153363221113,1370.8109998216198,-216.9956634995085,-234.99773870859852,18.00207520909001,31.46227947291038,1306.8116333007813,1937.3012114611706,676.3220551403921,0.964928015781251,142.2686026436942,4819079.95,0.4353768814314857,0.8532250286292538,0.07377102633938212
2022-06-25,1200.8028564453125,1205.0130615234375,1140.431640625,1177.947265625,1597382,0.01940596173047604,0.019220067180664394,1105.5208618164063,1061.037841796875,1278.545849609375,1161.0441855718345,1358.2178040159674,-197.1736184441329,-227.43291465570542,30.25929621157252,36.35798212055583,1278.545849609375,1871.9308242141826,685.1608750045673,0.9282185301154439,135.75919451032365,4880412.05,0.32730474059049997,0.9348077972131621,0.07409325258115768
2022-06-26,1157.1759033203125,1231.773193359375,1156.9857177734375,1200.50146484375,1422461,-0.03633148679721421,-0.037007909479265605,1124.5065795898438,1076.1401977539062,1245.7153259277343,1160.4490652254465,1343.3258113718448,-182.87674614639832,-218.52168095384403,35.64493480744571,37.70769462314632,1245.7153259277343,1784.5627478354515,706.867904020017,0.8651212852445497,133.88917323521204,4909090.2,0.28976061592838526,0.0025430133235481342,0.07349069487999968
2022-06-27,1150.995849609375,1193.692626953125,1138.0391845703125,1157.0855712890625,1261678,-0.005340634637486796,-0.005354946806773928,1155.51787109375,1088.8968078613282,1214.5477722167968,1158.9947243614354,1329.079147537588,-170.08442317615254,-208.83422939830572,38.74980622215318,49.9370839167221,1214.5477722167968,1693.4248950710678,735.6706493625259,0.7885686076888071,116.86720057896206,4913395.85,0.25678329988413207,0.23280976848856738,0.07355695502329017
2022-06-28,1097.703857421875,1186.8216552734375,1094.870361328125,1150.974853515625,1256076,-0.046300768335164944,-0.047406928033712034,1156.9244384765625,1105.5284240722656,1182.2540161132813,1149.5653602168877,1311.9402371586461,-162.37487694175843,-199.5423589069963,37.16748196523787,46.48766746622717,1182.2540161132813,1593.2109014829452,771.2971307436175,0.695209117107853,112.37381853376117,4886889.6,0.2570297475105638,0.03081518455985028,0.07381183513434854
2022-06-29,1057.350830078125,1108.940185546875,1044.74267578125,1097.5926513671875,1132487,-0.03676130594869664,-0.037454032839013385,1132.805859375,1105.614764404297,1148.455633544922,1135.378509426309,1293.081762560089,-157.70325313377998,-191.17453775235305,33.471284618573065,43.960380700225095,1148.455633544922,1470.0596939411241,826.8515731487198,0.5600635340235328,102.49891880580357,4354061.95,0.26009896345181766,0.19639631413962044,0.07381905482601402
2022-06-30,1028.6116943359375,1062.4937744140625,968.5172729492188,1057.732421875,1552586,-0.02718032172922591,-0.027556539489245628,1098.367626953125,1101.9442443847656,1121.1623107910157,1118.9528455662519,1273.4913871360777,-154.53854156982584,-183.8473385158476,29.308796946021772,51.62824244473097,1121.1623107910157,1376.3227110346988,866.0019105473324,0.4551712054317264,96.60231672014508,4033172.85,0.3849539947190709,0.6394622106974819,0.07199239777804324
2022-07-01,1021.7372436523438,1061.5452880859375,1002.893798828125,1028.9764404296875,1606213,-0.006683232089862434,-0.00670566489038531,1071.2798950195313,1097.8932373046875,1098.7253875732422,1103.9965991179583,1254.8429320632088,-150.84633294525042,-177.2471374017282,26.400804456477772,49.87541880486874,1098.7253875732422,1297.1691358431653,900.2816393033189,0.3612253808173605,96.62571062360492,3765597.0,0.42654936255791576,0.32127819872017965,0.07114933156478266
2022-07-02,1029.7310791015625,1035.000732421875,995.7649536132812,1021.7788696289062,815421,0.007823768291585154,0.007793321320036294,1047.0269409179687,1101.2724060058595,1080.6384307861329,1092.5711345000514,1238.167979991976,-145.59684549192457,-170.9170790197675,25.32023352784293,58.260961940854216,1080.6384307861329,1225.4232412875635,935.8536202847022,0.26796161671967184,85.22793143136161,3309942.45,0.24635503858987035,0.8656926537720407,0.0707422331572332
2022-07-03,1040.700439453125,1047.9532470703125,1007.6778564453125,1029.6536865234375,711187,0.010652645699626095,0.01059630602728813,1035.6262573242188,1096.2753479003907,1075.078384399414,1084.591027569755,1223.540754766876,-138.9497271971211,-164.52360865523823,25.573881458117143,48.35927955312705,1075.078384399414,1216.849809886774,933.3069589120541,0.2637415606984967,73.98640659877232,2734023.45,0.26012468912803216,0.8199196205713598,0.06002389734136182
2022-07-04,1117.432861328125,1119.9625244140625,1014.6600341796875,1040.6978759765625,1169934,0.07373151674205292,0.07113998042386525,1047.6426635742187,1090.2242614746094,1073.3504180908203,1089.643617378735,1215.68091080845,-126.03729342971519,-156.82634561013364,30.78905218041845,54.746426066821336,1073.3504180908203,1211.9823445493737,934.7184916322669,0.2583162481179994,74.48041207449776,2479030.9,0.47193199568428135,0.9759771768923325,0.062455903929315534
2022-07-05,1099.6480712890625,1132.4853515625,1063.93408203125,1116.5069580078125,1614146,-0.01591575713812854,-0.01604377292993512,1061.8499389648437,1080.1087829589844,1070.5733123779296,1091.18276413417,1207.085885658866,-115.90312152469596,-148.6417007930461,32.73857926835015,53.31733208487793,1070.5733123779296,1204.4459345649275,936.7006901909317,0.25009519785178186,73.92868041992188,2185733.25,0.7384917624325841,0.520982171399787,0.06255708006343617
2022-07-06,1154.8475341796875,1166.2608642578125,1080.111572265625,1099.8653564453125,1087663,0.05019738981210353,0.04897813679871177,1088.4719970703125,1079.8759460449219,1078.008071899414,1100.9773441411726,1203.2163781418897,-102.23903400071708,-139.36116743458032,37.12213343386324,64.37799213492019,1078.008071899414,1213.3248506402604,942.6912931585678,0.251049657731083,74.81701224190849,1949419.45,0.5579420067856613,0.8675168440405153,0.05564992739750569
2022-07-07,1206.6256103515625,1218.0574951171875,1132.9344482421875,1154.9632568359375,1851857,0.04483542168071053,0.04385938179909965,1123.8509033203125,1085.4389221191407,1087.1678649902344,1117.2309235581556,1203.4689138611247,-86.23799030296914,-128.73653200825808,42.49854170528894,61.37578360454858,1087.1678649902344,1231.4345311030477,942.9011988774212,0.2653990625709106,73.80298723493304,1871073.2,0.989729851296037,0.8657016496241106,0.05622153762602086
2022-07-08,1187.2481689453125,1237.4232177734375,1158.1990966796875,1206.6256103515625,2572813,-0.01605919950646839,-0.01618954583976486,1153.16044921875,1094.3933532714843,1099.960888671875,1128.0028074638722,1202.2673772006942,-74.26456973682207,-117.84213955397088,43.57756981714881,51.053110352071165,1099.960888671875,1230.8175912496388,969.1041860941111,0.2379297371850449,71.97575160435268,1684960.7,1.5269276013381203,0.36666954282248254,0.05156228476911411
2022-07-09,1182.884521484375,1196.2208251953125,1172.450439453125,1186.7406005859375,888957,-0.003675429935439678,-0.003682200923999068,1166.25078125,1106.9467224121095,1106.280743408203,1136.4461480824111,1200.8316101105966,-64.38546202818543,-107.1508040488138,42.76534202062837,47.883317798086395,1106.280743408203,1240.463721076375,972.0977657400314,0.24258395252327014,69.06067766462054,1581984.6,0.5619251919392894,0.4389529955478232,0.043067666479254946
2022-07-10,1135.2864990234375,1183.3077392578125,1126.12939453125,1182.8084716796875,923946,-0.04023894268327044,-0.04107092412906621,1173.378466796875,1117.6142028808595,1109.7792236328125,1136.2677405348768,1195.976416696733,-59.70867616185615,-97.66237847142227,37.953702309566125,47.438252071836025,1109.7792236328125,1243.1111002429977,976.4473470226275,0.2402854077115072,67.80288260323661,1519622.4,0.6080102530733951,0.16014987027653532,0.04431199682780264
2022-07-11,1065.7841796875,1135.272705078125,1063.6937255859375,1135.272705078125,1260511,-0.06122007034851795,-0.06317419396038179,1155.5657958984375,1122.018896484375,1109.9560668945312,1125.4241157891265,1186.3325472886415,-60.90843149951502,-90.31158907704084,29.403157577525818,41.31482181458405,1109.9560668945312,1243.0316333201088,976.8805004689536,0.2397852859129829,68.94140625,1474977.85,0.8545965622466805,0.029204860366842958,0.04665396636194584
2022-07-12,997.48828125,1066.8677978515625,997.3735961914062,1065.8975830078125,1379612,-0.06408042053835439,-0.06622572557440999,1113.738330078125,1118.7946166992188,1110.033511352539,1105.741679706184,1172.344083137631,-66.6024034314471,-85.5697519479221,18.967348516475,40.0886935681046,1110.033511352539,1242.8312095126425,977.2358131924357,0.23926790822430907,67.3373282296317,1417271.35,0.9734282711634578,0.0016502824097193798,0.04677426188380717
2022-07-13,1073.3934326171875,1073.3934326171875,979.3497924804688,997.392822265625,2947677,0.07609628383008893,0.07333994084968325,1090.9673828125,1122.063916015625,1109.1696319580078,1100.7650263078767,1165.0144053213019,-64.24937901342514,-81.30567736102272,17.056298347597576,51.48236805310225,1109.1696319580078,1242.7203316466585,975.6189322693572,0.24081203783571808,69.46919468470982,1457536.15,2.0223697367643334,0.9999999998936665,0.044918512190980316
2022-07-14,1151.8929443359375,1165.54443359375,1036.2947998046875,1073.116943359375,1595886,0.0731320961479609,0.0705815652492176,1084.7690673828124,1125.5099243164063,1107.8670928955078,1108.6308598506553,1164.0424452483119,-55.41158539765661,-76.1268589683495,20.715273570692887,60.43210301205902,1107.8670928955078,1239.0812391930535,976.652946597962,0.2368770534642492,71.98870413643974,1432424.65,1.1141151473482394,0.8943788940320269,0.04429623424576994
2022-07-15,1194.76806640625,1239.1339111328125,1142.663330078125,1152.0772705078125,2550101,0.0372214469071428,0.0365454521654127,1096.665380859375,1135.021923828125,1107.5653533935547,1121.8827377822854,1166.3184171859368,-44.43567940365142,-69.78862305540989,25.352943651758466,63.801061288686554,1107.5653533935547,1237.9044859523158,977.2262208347936,0.23536152003925548,74.69006783621651,1480060.6,1.7229706675523961,0.5401101118400711,0.044886357360932196
2022-07-16,1316.7406005859375,1336.887939453125,1158.9859619140625,1194.8270263671875,3833987,0.10208888035195773,0.09720736115530246,1146.8566650390626,1151.21123046875,1115.5435882568358,1151.860870521309,1177.4608011414925,-25.599930620183613,-60.95088456836463,35.350953948181015,69.37018728062964,1115.5435882568358,1274.9598971069313,956.1272794067404,0.2858091974679387,84.59479631696429,1600636.9,2.3952884005110717,0.8867503377154354,0.04932844983192858
2022-07-17,1306.272705078125,1340.0882568359375,1293.6375732421875,1316.8856201171875,4553805,-0.007949853982746724,-0.007981622554275493,1208.6135498046874,1161.1759399414063,1123.3074310302734,1175.6165373762037,1187.0024236553172,-11.385886279113492,-51.0378849105144,39.65199863140091,67.93553335665857,1123.3074310302734,1303.733590780961,942.8812712795856,0.321240926155371,85.035888671875,1765243.25,2.579703958647059,0.2720117521568069,0.049367955300140494
2022-07-18,1539.231201171875,1539.231201171875,1306.2794189453125,1306.2794189453125,8075717,0.1783383325611303,0.1641052532975625,1301.781103515625,1196.3742431640626,1145.3837982177733,1231.5572548832301,1213.0934442120993,18.463810671130886,-37.13754579418534,55.60135646531623,73.522669872576,1145.3837982177733,1403.80789504706,886.9597013884867,0.4512445474283758,94.1541748046875,2106225.3,3.8342132724357647,0.9999999999570727,0.060732893838962375
2022-07-19,1508.9453125,1569.525634765625,1464.0675048828125,1540.243896484375,4883691,-0.019675984120395396,-0.019872133514484244,1373.1915771484375,1228.980322265625,1167.9635223388673,1274.2323406704254,1235.0083974186105,39.223943251814944,-21.86524798498528,61.089191236800225,72.51163158559771,1167.9635223388673,1469.3461635512353,866.5808811264991,0.5160822841604575,96.79037911551339,2293785.5,2.129096639594243,0.4255509524282409,0.06002752186325436
2022-07-20,1487.754150390625,1580.3941650390625,1466.711669921875,1508.944091796875,3218537,-0.01404369126821814,-0.01414323699234384,1431.7887939453126,1264.2270874023438,1190.9206451416017,1307.0818498581486,1253.730305046167,53.35154481198174,-6.821889425591873,60.173434237573616,69.02168810767762,1190.9206451416017,1516.5798574250375,865.2614328581658,0.5469032947106475,98.75703648158482,2377083.05,1.3539859282577444,0.18509868599565626,0.05955906960754042
2022-07-21,1523.65576171875,1541.1202392578125,1438.037109375,1488.44189453125,2081965,0.024131413996525408,0.02384485236419702,1473.171826171875,1310.0142456054687,1216.0165710449219,1340.4009132213182,1273.7247833182103,66.67612990310795,7.877714440148097,58.79841546295985,68.44926130098602,1216.0165710449219,1563.4127976142288,868.620344475615,0.5713675863327909,100.03989955357143,2400870.65,0.8671708323811614,0.8305787031571282,0.05922387096336855
2022-07-22,1495.5970458984375,1573.8365478515625,1485.46435546875,1523.65869140625,1599982,-0.018415390487324435,-0.018587064688918735,1511.0366943359375,1359.8251220703125,1239.3098693847655,1364.2772413254906,1290.1597657315606,74.11747559393007,21.125666670904497,52.99180892302557,67.76457035799281,1239.3098693847655,1596.4508732574322,882.1688655120988,0.5763546513995944,100.69333321707589,2440098.7,0.6557038041125139,0.11465926277632571,0.059836526364921934
2022-07-23,1522.9322509765625,1553.74951171875,1464.162841796875,1495.213134765625,1073612,0.018277118929252767,0.018112100070943313,1507.776904296875,1404.77900390625,1263.4214599609375,1388.6857043487325,1307.4021720460053,81.28353230272728,33.157239797269064,48.12629250545822,69.08563005707319,1263.4214599609375,1629.1160788220475,897.7268410998274,0.5788956899187332,105.39449637276786,2458219.95,0.436743668930032,0.6560061806558712,0.059795044505460485
2022-07-24,1571.5701904296875,1626.156494140625,1520.1134033203125,1522.9317626953125,1800542,0.03193703424557226,0.03143765187004833,1520.3018798828125,1446.746728515625,1286.1283264160156,1416.821779130418,1326.9701734077594,89.85160572265863,44.49611298234698,45.355492740311654,74.45844993294867,1286.1283264160156,1669.619372418241,902.6372804137902,0.5963495836700513,108.88483537946429,2489750.35,0.7231817439045646,0.48524412770762093,0.05856696054166112
2022-07-25,1415.8909912109375,1573.1810302734375,1415.8909912109375,1571.56640625,1276582,-0.09905965394786809,-0.10431623216487286,1505.929248046875,1468.8590209960937,1301.9404724121093,1416.6785809889595,1333.556900652439,83.12168033652051,52.2212264531817,30.900453883338812,67.89794394944875,1301.9404724121093,1679.0830674274698,924.7978773967487,0.5793545910998945,115.00606863839286,2472872.15,0.5162345331925066,0.0,0.06386798979735114
2022-07-26,1416.864013671875,1417.2667236328125,1334.3863525390625,1416.0797119140625,1662689,0.0006872156592403478,0.0006869796346861847,1484.5708984375,1478.8713623046874,1315.0412963867188,1416.7071090940235,1339.727797913138,76.97931118088559,57.172843398722485,19.806467782163104,73.02386314378872,1315.0412963867188,1688.858591109954,941.2240016634836,0.5685255599962625,115.96222359793526,2501623.45,0.6646439934835117,0.9951410694043179,0.06337287429710547
2022-07-27,1603.8997802734375,1603.9014892578125,1395.8936767578125,1417.60888671875,2016553,0.13200685796010148,0.12399203803128084,1506.2314453125,1508.6340698242188,1334.9050048828126,1445.505981583164,1359.29609290279,86.20988868037398,62.98025245505279,23.229636225321187,75.95757155267074,1334.9050048828126,1726.2739736505293,943.5360361150958,0.5863622764708623,124.10252162388393,2509858.25,0.8034529440059015,0.999991783989484,0.06852950169185627
2022-07-28,1684.330322265625,1733.2520751953125,1563.652099609375,1603.7540283203125,3623957,0.05014686265402157,0.048930023582954514,1538.5110595703125,1523.1439819335938,1359.7591125488282,1482.2481878420042,1383.3727024852221,98.87548535678206,70.15929903539866,28.716186321383404,76.00291880464934,1359.7591125488282,1774.1062614379266,945.4119636597297,0.6094419887540478,126.98468889508929,2562415.45,1.4142737860872638,0.7115462265381403,0.06847424811973563
2022-07-29,1681.36669921875,1716.458251953125,1618.7418212890625,1685.003173828125,3177155,-0.0017595260310273586,-0.0017610758151447622,1560.470361328125,1540.3861206054687,1384.6832214355468,1512.8818049768884,1405.446331872891,107.43547310399731,77.6145338491184,29.82093925487891,74.72826437585917,1384.6832214355468,1813.9345902597743,955.4318526113193,0.619999379178161,127.07367815290179,2676825.35,1.1869115779256947,0.640883805289364,0.06844103146189723
2022-07-30,1653.0469970703125,1695.34228515625,1634.66357421875,1681.58984375,2039321,-0.0168432633771064,-0.016986724319597298,1607.9015625,1556.9154052734375,1410.5712463378907,1534.445680683569,1423.7871218875148,110.6585587960542,84.22333883850557,26.435219957548625,68.8885503527023,1410.5712463378907,1838.9429732623519,982.1995194134295,0.6073734000130728,118.70058768136161,2732594.1,0.7462948851422903,0.30296330565539,0.06755357213767103
2022-07-31,1640.5396728515625,1705.7982177734375,1630.955078125,1652.9005126953125,1591511,-0.007566224215595052,-0.007594993297453697,1652.6366943359376,1568.6037963867188,1439.3090209960938,1550.7678333247989,1439.8428664033702,110.92496692142868,89.5636644550902,21.361302466338472,68.73109577438699,1439.3090209960938,1846.9017640883176,1031.71627790387,0.5663728040975434,120.72862025669643,2749144.1,0.5789114510221562,0.128062435251966,0.06513658521555311
2022-08-01,1595.3214111328125,1660.5245361328125,1572.48046875,1640.35693359375,1740732,-0.027563040667070382,-0.027950028898698652,1650.9210205078125,1578.5762329101562,1469.2006774902343,1557.622229910647,1451.359795642588,106.262434268059,92.90341841768398,13.359015850375016,53.98063786747984,1469.2006774902343,1824.7255932797666,1113.675761700702,0.4839705306927283,110.37758963448661,2767200.1,0.629058953850139,0.2594262516394958,0.06302301005306768
2022-08-02,1594.1744384765625,1633.8704833984375,1529.464599609375,1594.679931640625,2317811,-0.0007189602347501545,-0.0007192188106043301,1632.88984375,1585.7004516601562,1495.239727783203,1563.2456466130957,1461.9386580747343,101.30698853836134,94.58413244181946,6.722856096541875,56.309538505249265,1495.239727783203,1801.5882600610898,1188.8911955053163,0.4097651053347409,110.30242919921875,2735706.8,0.8472439371061257,0.6197911124599719,0.062115187691405206
2022-08-03,1577.0400390625,1633.7340087890625,1555.5220947265625,1594.6204833984375,1992802,-0.01074813332876956,-0.01080631176237616,1612.02451171875,1586.2474365234375,1516.4970825195312,1565.367860836081,1470.4646862960503,94.9031745400307,94.64794086146172,0.2552336785689846,56.649803732465195,1516.4970825195312,1778.2931200236064,1254.701045015456,0.3452641492314952,107.76881626674107,2755552.6,0.7231950498785615,0.2751236124459381,0.0612873207801973
2022-08-04,1564.4259033203125,1613.447265625,1541.50048828125,1577.1572265625,1981669,-0.007998614765473033,-0.008030775292466081,1594.30029296875,1601.100927734375,1534.9799743652343,1565.2229442951937,1477.4247764459956,87.79816784919808,93.277986259009,-5.4798184098109175,53.1455781979764,1534.9799743652343,1748.9680710265643,1320.9918777039043,0.2788154897588436,105.54479108537946,2727131.0,0.726649728230877,0.3186440850066454,0.06135650849953158
2022-08-05,1679.930419921875,1681.3673095703125,1562.603759765625,1562.7294921875,2341792,0.07383188705608723,0.07123345409167864,1602.1784423828126,1627.407568359375,1553.1394653320312,1582.87024823776,1492.4251944812459,90.4450537565142,92.71139975851005,-2.2663460019958563,62.53115030967329,1553.1394653320312,1750.113236677912,1356.1656939861505,0.2536459548451067,107.71560232979911,2652521.25,0.8828551326403135,0.9879012570718917,0.0595507266625263
2022-08-06,1630.94775390625,1689.96435546875,1630.94775390625,1680.34033203125,1635889,-0.029157556428975773,-0.029591085884500642,1609.3037109375,1630.1123657226562,1569.3732177734375,1590.266787571374,1502.686124809024,87.5806627623499,91.68525235927804,-4.104589596928136,57.13305012755223,1569.3732177734375,1731.0316650123523,1407.7147705345228,0.20601657452555372,105.53202601841518,2506625.45,0.6526260235648688,0.0,0.060145197266186924
2022-08-07,1637.9302978515625,1664.846435546875,1614.7103271484375,1631.2322998046875,1425523,0.004281279966564577,0.0042721413614884495,1618.0548828125,1625.47236328125,1574.308172607422,1597.5996353067876,1512.704211701064,84.89542360572364,90.32728660856716,-5.431863002843528,54.6373715390878,1574.308172607422,1738.1041695428416,1410.5121756720023,0.20808631980120545,101.53867013113839,2174115.75,0.655679441170508,0.46313867270993186,0.045815948554804586
2022-08-08,1714.865234375,1741.94189453125,1634.7225341796875,1638.123779296875,1815270,0.04697082447546852,0.04590106566964226,1645.619921875,1628.822216796875,1584.6041687011718,1615.640496701897,1527.6791022695038,87.96139443239326,89.85410817333239,-1.8927137409391293,73.4766382624429,1584.6041687011718,1756.7743380883767,1412.433999313967,0.21730369361368643,97.96219308035714,2020694.7,0.8983395660908102,0.7474648228179804,0.04641637111293702
2022-08-09,1641.6224365234375,1725.7625732421875,1614.1302490234375,1716.1177978515625,2096504,-0.04271052697517452,-0.043649453617163735,1661.059228515625,1627.6797607421875,1592.2975830078126,1619.6377182129033,1536.1193492512766,83.51836896162672,88.58696033099126,-5.06859136936454,65.84997581899073,1592.2975830078126,1759.9372835388958,1424.6578824767294,0.21056327952770712,100.01590401785714,1964593.05,1.0671441599571982,0.24627443430869292,0.04754299480869693
2022-08-10,1785.7333984375,1802.4505615234375,1604.6219482421875,1640.809814453125,3735955,0.08778569219561527,0.08414415494689556,1682.21982421875,1642.1991333007813,1605.40146484375,1645.1908997859182,1554.6092788206265,90.58162096529168,88.98589245785135,1.5957285074403273,63.649258691754646,1605.40146484375,1790.5108546080835,1420.2920750794167,0.23060822332356556,99.288818359375,2047292.55,1.8248271357212724,0.9154967382229692,0.050838065852638975
2022-08-11,1824.74169921875,1866.84619140625,1785.3677978515625,1785.8663330078125,4734840,0.021844414633999554,0.021609244022155884,1720.97861328125,1665.141162109375,1621.8586975097655,1672.8140996986615,1574.619087739006,98.1950119596554,90.82771635821217,7.367295601443232,61.23882370919386,1621.8586975097655,1823.6388682559414,1420.0785267635897,0.24882583304697647,92.99441964285714,2204035.45,2.1482594574420295,0.4832434666980479,0.050484171132444494
2022-08-12,1898.72998046875,1898.72998046875,1806.8271484375,1824.5826416015625,3880296,0.04054726281625376,0.03974678899751325,1773.1385498046875,1695.5967163085938,1640.648583984375,1707.5703890479058,1598.6273020152835,108.94308703262232,94.45079049309422,14.492296539528098,65.62200612724024,1640.648583984375,1871.5313047411723,1409.7658632275775,0.28145298513114897,92.57916259765625,2344369.65,1.6551553634044018,0.9999999998911895,0.05089284456637459
2022-08-13,1931.2481689453125,1957.32373046875,1893.58740234375,1898.9588623046875,4000929,0.01712628378498282,0.016981282204203904,1816.41513671875,1731.017529296875,1658.6324829101563,1741.9823551859683,1623.2658847508412,118.71647043512712,99.30392648150081,19.41254395362631,69.87451369434628,1658.6324829101563,1920.7756049060042,1396.4893609143085,0.3160954879358256,92.79756382533482,2454389.0,1.6301120156584796,0.5908838444818029,0.05069939026733181
2022-08-14,1887.37744140625,1966.9053955078125,1869.4503173828125,1931.6220703125,3726477,-0.022716255862145873,-0.022978245216946736,1865.5661376953126,1763.3126831054688,1682.206805419922,1764.3508299890887,1642.8297037623531,121.52112622673553,103.74736643054777,17.77375979618776,66.87761864149732,1682.206805419922,1937.1376230962624,1427.2759877435815,0.30309093609058746,94.41270228794643,2576883.75,1.446117621720421,0.18395269252777047,0.044417643105404477
2022-08-15,1849.75634765625,1953.6497802734375,1830.95166015625,1887.387451171875,3957700,-0.019932999581667832,-0.020134341880680848,1878.3707275390625,1780.2952758789063,1703.8514221191406,1777.490140399421,1658.1576033100491,119.33253708937195,106.86440056231262,12.468136527059329,67.57971649871033,1703.8514221191406,1936.4556452265688,1471.2471990117124,0.27303345830252035,96.88799176897321,2691634.3,1.4703706220417834,0.15325978491363415,0.04501179211737044
2022-08-16,1825.4736328125,1859.0452880859375,1807.9273681640625,1848.8546142578125,4221905,-0.013127520754026678,-0.013214448254430427,1878.5171142578124,1799.7478637695312,1714.9301147460938,1784.8722161552796,1670.5513832731936,114.32083288208605,108.35568702626733,5.965145855818719,65.48609743280011,1714.9301147460938,1948.5939870093544,1481.2662424828331,0.2725054161147039,93.08170863560268,2801901.9,1.5067997205755135,0.3432507557393074,0.03580012068833607
2022-08-17,1783.437744140625,1897.9693603515625,1775.532958984375,1825.4912109375,3506628,-0.023027387477030037,-0.02329665955030935,1855.4586669921875,1814.2986083984374,1719.8854858398438,1784.6515281530249,1678.9133359300401,105.73819222298471,107.8321880656108,-2.093995842626086,63.372962667920326,1719.8854858398438,1955.0159797931371,1484.7549918865504,0.27342575524843843,96.2406005859375,2796035.45,1.2541428972225654,0.06456237742481404,0.03489531195073962
2022-08-18,1797.949951171875,1825.5223388671875,1776.80419921875,1783.645263671875,4173481,0.008137209767444364,0.008104281186617348,1828.7990234375,1822.607080078125,1725.7146484375,1786.6974393866942,1687.7308629849908,98.96657640170338,106.05906573282931,-7.0924893311259325,65.09341443205201,1725.7146484375,1962.598337298527,1488.830959576473,0.27453401879100536,94.58141217912946,2845851.75,1.4665138477434743,0.4340426810501736,0.03488807971309684
2022-08-19,1567.68115234375,1798.119384765625,1565.8350830078125,1798.119384765625,4650377,-0.1280729748222632,-0.1370495452978655,1764.859765625,1815.2129516601562,1721.446356201172,1753.0026259954718,1678.8382918263803,74.16433416909149,99.68011942008175,-25.515785250990263,43.68222038335977,1721.446356201172,1966.7691603807527,1476.1235520215912,0.28501940045456964,102.69003731863839,2976404.55,1.5624142894150597,0.007947456293377932,0.045594882979731195
2022-08-20,1533.139404296875,1605.7303466796875,1493.1259765625,1567.3389892578125,2883463,-0.02203365652207634,-0.022280023161236933,1701.536376953125,1789.9535522460938,1716.0763427734375,1719.1775149649186,1668.0457816390094,51.13173332590918,89.97044220124725,-38.83870887533807,44.40403925272651,1716.0763427734375,1973.2706979257853,1458.8819876210898,0.29974698530798805,106.51773507254464,3041002.15,0.9481949889446807,0.3553452471620731,0.04580810505975086
2022-08-21,1573.7421875,1596.5147705078125,1524.31884765625,1532.7994384765625,3766811,0.026483425505423153,0.026138810737066278,1651.190087890625,1764.8536010742187,1714.997381591797,1696.8028492010849,1661.0603302213049,35.742518979780016,79.12485755695381,-43.3823385771738,46.463618641741284,1714.997381591797,1974.4954487696075,1455.4993144139864,0.3026221147194453,108.09343610491071,3142306.1,1.1987409501575927,0.6845724506980886,0.04583747809391341
2022-08-22,1581.649169921875,1581.655517578125,1495.2362060546875,1573.208740234375,3320360,0.005024318776403858,0.005011739005743862,1610.832373046875,1733.1455200195312,1714.3711181640624,1679.0868985427448,1655.1780220509768,23.90887649176807,68.08166134391666,-44.172784852148595,42.05639585819714,1714.3711181640624,1975.1542062832937,1453.5880300448312,0.30423177963766274,106.60771833147321,3192433.55,1.0400717659416905,0.9999265480580977,0.045848495697634974
2022-08-23,1615.9952392578125,1621.8885498046875,1529.2142333984375,1581.9468994140625,3062685,0.021715352550423006,0.021482932978240627,1574.4414306640624,1701.6202270507813,1716.3188781738281,1669.380489421986,1652.2755936959277,17.10489572605843,57.886308220345015,-40.781412494286585,48.397528472879095,1716.3188781738281,1973.3379245149724,1459.2998318326838,0.29950034298359973,105.25357491629464,3245927.7,0.9435468941591028,0.9364083730555403,0.045999053122498856
2022-08-24,1618.96728515625,1645.499755859375,1563.6522216796875,1615.6959228515625,3828942,0.0018391427315109787,0.0018374535792618277,1584.6986572265625,1674.7792114257813,1719.045947265625,1661.624611842642,1649.8083115818777,11.816300260764365,48.672306628428885,-36.85600636766452,37.33696016895077,1719.045947265625,1970.3735263758208,1467.7183681554293,0.292403561998987,96.96921212332589,3338291.35,1.1469765812980943,0.6758305430236408,0.0459362656657583
2022-08-25,1652.8992919921875,1676.11669921875,1613.7174072265625,1619.0123291015625,4783756,0.02095904416787686,0.020742424928282703,1608.650634765625,1655.093505859375,1717.6943908691405,1660.282254942572,1650.0372730937524,10.244981848819634,40.98684167250704,-30.741859823687406,36.8501278525829,1717.6943908691405,1970.195644032153,1465.193137706128,0.29400020691136886,95.60641915457589,3460389.55,1.382432795752721,0.6279219444389116,0.04306104191902822
2022-08-26,1465.2559814453125,1652.9205322265625,1459.366943359375,1652.8441162109375,6382563,-0.11352374065132209,-0.1205009340310076,1586.9533935546874,1619.0717407226562,1709.4098022460937,1630.2782128660708,1636.3497700086828,-6.071557142611937,31.575161909483246,-37.64671905209518,21.74425271945192,1709.4098022460937,1983.8173657782008,1435.0022387139866,0.3210553293558361,102.8671875,3697723.25,1.7260791488384102,0.030425879055511484,0.049698424859882157
2022-08-27,1447.4049072265625,1473.4853515625,1410.373779296875,1465.457275390625,4169358,-0.012182904860857047,-0.012257724749657877,1560.104541015625,1585.46845703125,1699.8835327148438,1602.1438581523003,1622.3538542470442,-20.20999609474393,21.21813030863781,-41.42812640338174,17.84613692286176,1699.8835327148438,1997.0260383561586,1402.741027073529,0.349603369787053,102.82256208147321,3834915.0,1.08721001638889,0.5867565423336742,0.049688270335573805
2022-08-28,1386.7164306640625,1461.1640625,1386.7164306640625,1447.288330078125,4823965,-0.041929163193724306,-0.04283356135837094,1514.248779296875,1544.3451049804687,1683.476092529297,1569.0011770002636,1604.8992302779345,-35.8980532776709,9.794893591376066,-45.69294686904696,17.455952545883576,1683.476092529297,2011.7442841309335,1355.2079009276604,0.38998853985320114,101.17917306082589,3985349.75,1.2104245054025684,0.0,0.04876745008082421
2022-08-29,1512.5731201171875,1516.83447265625,1385.3695068359375,1386.6785888671875,6873093,0.09075877855781633,0.08687358117422075,1492.9699462890626,1538.8343017578125,1677.0236267089845,1560.3199374797903,1598.0602591549164,-37.7403216751261,0.287850538075631,-38.02817221320173,30.33781287571246,1677.0236267089845,2013.7207224517556,1340.3265309662133,0.4015412667781078,101.80537632533482,4224179.2,1.6270836710715302,0.967585641374883,0.05292286848344559
2022-08-30,1482.1678466796875,1557.394287109375,1440.24560546875,1512.60498046875,5360814,-0.020101688330375955,-0.020306476303758918,1458.8236572265625,1533.7371459960937,1661.8453491210937,1548.296538895159,1589.4756360086033,-41.179097113444186,-8.005538992228335,-33.17355812121585,30.122721491888043,1661.8453491210937,2005.211594026943,1318.4791042152444,0.4132348958793869,106.52185930524554,4305422.15,1.2451308636482952,0.357854997770808,0.04852857564331125
2022-08-31,1510.6875,1570.6473388671875,1482.7587890625,1482.7587890625,7586135,0.01924185130867695,0.019059067893682176,1467.9099609375,1527.4316772460938,1646.1426391601562,1542.5105329112885,1583.6394777857438,-41.12894487445533,-14.630220168673736,-26.49872470578159,33.95675733738335,1646.1426391601562,1986.8566784309226,1305.42859988939,0.41395445469366476,104.09636579241071,4447986.9,1.7055209852349158,0.3177741696317385,0.04844744584758041
2022-09-01,1540.619140625,1548.9075927734375,1479.5419921875,1510.80126953125,5599864,0.019813257622771197,0.01961952977286217,1486.5528076171875,1523.3286743164062,1628.2370971679688,1542.2195494826287,1580.4527861442073,-38.23323666157853,-19.3508234672547,-18.88241319432383,35.13340522901446,1628.2370971679688,1950.1823176521946,1306.291876683743,0.3954525063262502,105.57118443080357,4533965.3,1.2350919403816347,0.8805106264887884,0.047562261734468085
2022-09-02,1527.073486328125,1589.07421875,1504.055908203125,1540.537109375,5357834,-0.00879234454492095,-0.008831225275844342,1514.62421875,1514.4364990234376,1608.0283630371093,1539.8893859203974,1576.4987639356086,-36.60937801521118,-22.802534376845998,-13.80684363836518,46.87028295762579,1608.0283630371093,1899.1539288384918,1316.902797235727,0.3620900880772138,95.05218505859375,4601810.55,1.1642882604108942,0.27073671511740816,0.047156343472160266
2022-09-03,1508.0450439453125,1530.2755126953125,1493.077392578125,1526.727294921875,4405881,-0.01246072474780946,-0.012539010590479778,1513.718603515625,1503.3442749023438,1589.0617431640626,1534.990256385769,1571.4281180104015,-36.43786162463243,-25.529599826403288,-10.908261798229145,48.018543318539216,1589.0617431640626,1851.5791329330468,1326.5443533950784,0.33040552501915044,89.66602434430804,4635780.75,0.9504075446191022,0.40237655333146494,0.04707303864380356
2022-09-04,1525.94677734375,1528.9324951171875,1495.3646240234375,1508.0106201171875,4546040,0.011870821412338861,0.01180091589197228,1522.4743896484374,1490.6490234375,1572.8712646484375,1533.598951917766,1568.0591298128718,-34.460177895105744,-27.315715440143787,-7.144462454961957,46.08573826731186,1572.8712646484375,1805.9862102645795,1339.7563190322956,0.296419612787887,86.90687779017857,4665197.75,0.9744581566772813,0.9110543002798901,0.04725880564030457
2022-09-05,1563.2852783203125,1567.436767578125,1511.512939453125,1525.9498291015625,5316269,0.02446907161569456,0.024174499481434655,1532.9939453125,1500.451953125,1559.7618469238282,1538.1660790566195,1567.7055111837933,-29.539432127173768,-27.760458777549786,-1.778973349623982,48.56523257639355,1559.7618469238282,1760.273845751513,1359.2498480961435,0.2571059155256755,84.72862897600446,4719915.95,1.1263482350782115,0.925765288138165,0.04780836071232316
2022-09-06,1496.8912353515625,1622.3551025390625,1496.4862060546875,1563.3826904296875,7493711,-0.04247084258356715,-0.04339910678112531,1524.2483642578125,1505.4005859375,1545.434521484375,1531.8161031019954,1562.4600092702947,-30.64390616829928,-28.337148255699685,-2.306757912599597,41.1382076309687,1545.434521484375,1717.5974826392458,1373.2715603295042,0.22280201297627278,87.09967041015625,4919270.1,1.523337984633127,0.0032178664321022353,0.048354757317257815
2022-09-07,1566.211181640625,1587.174072265625,1438.182373046875,1497.0205078125,13066428,0.04630927394853912,0.0452689949310418,1532.0759033203126,1523.3500610351562,1533.8475830078125,1537.1076536464,1562.737873890319,-25.630220243918984,-27.795762653343544,2.1655424094245603,46.427463737159044,1533.8475830078125,1659.313358740901,1408.381807274724,0.1635961449142884,91.89568219866071,5363917.45,2.435986034796266,0.8593016205364887,0.04974054915645345
2022-09-08,1577.7147216796875,1591.958251953125,1541.6204833984375,1566.2822265625,12772424,0.0073448205286164026,0.007317978686527534,1546.0098388671875,1529.8642211914062,1534.3492614746094,1543.3548948822904,1563.8472700228647,-20.492375140574268,-26.335085150789688,5.84271001021542,44.749152668374236,1534.3492614746094,1660.4632207979712,1408.2353021512477,0.16438755176531067,91.03414481026786,5770019.8,2.2135840851014064,0.7170408881924596,0.040570949863376185
2022-09-09,1667.0340576171875,1677.965087890625,1574.889404296875,1577.576416015625,19110278,0.05661310927136931,0.05506861270439716,1574.227294921875,1548.3508422851562,1541.043994140625,1562.382458379967,1571.4907357705922,-9.10827739062529,-22.88972359875681,13.78144620813152,66.33555440829883,1541.043994140625,1680.4071120136575,1401.6808762675926,0.18086844814673755,84.57143729073661,6581360.55,2.9036971694249454,0.8939514160734626,0.041995415474245665
2022-09-10,1726.4720458984375,1735.1068115234375,1657.6329345703125,1666.9530029296875,14812750,0.03565493338882897,0.03503401247569167,1606.8646484375,1569.929296875,1548.680487060547,1587.6270103058855,1582.9708328170993,4.65617748878617,-17.380543381248213,22.036720870034383,71.16739862950483,1548.680487060547,1710.5140230477357,1386.8469510733582,0.20899538328187345,85.59731619698661,7133657.5,2.0764593758531302,0.8885461012992824,0.042290826081424426
2022-09-11,1715.5582275390625,1737.4637451171875,1688.228271484375,1726.248291015625,15252017,-0.006321456744870502,-0.006341521757327391,1650.598046875,1587.4232055664063,1555.3759399414062,1607.3087360340667,1592.7921213150228,14.5166147190439,-11.001111761189788,25.51772648023369,76.9800642504574,1555.3759399414062,1733.2390498943105,1377.5128299885018,0.228707549583935,83.79644775390625,7730240.35,1.9730327013700164,0.5550866891818189,0.04237366520196353
2022-09-12,1668.0062255859375,1728.242919921875,1655.251220703125,1715.7042236328125,19544510,-0.027718092682483597,-0.028109488467277653,1670.9570556640624,1601.5164794921875,1557.9764892578125,1616.646811349739,1598.3635364462016,18.283274903537404,-5.144234428244349,23.427509331781753,64.63281103118322,1557.9764892578125,1741.0170269593839,1374.9359515562412,0.23497214362813398,79.61978585379464,8554331.6,2.28475010250947,0.17474596450809238,0.04278342671199621
2022-09-13,1532.4267578125,1699.4205322265625,1514.309814453125,1667.998046875,17096949,-0.08128235116497307,-0.08477644122740464,1661.899462890625,1603.9546508789062,1553.649462890625,1603.6898800363176,1593.4793306214829,10.210549414834759,-2.073277659628527,12.283827074463286,53.949397721188085,1553.649462890625,1734.7000118360484,1372.5989139452017,0.23306486214537964,84.47421700613839,9217731.95,1.8547891273839874,0.09787085035546216,0.046705339725099874
2022-09-14,1588.06494140625,1595.714111328125,1514.309814453125,1527.1143798828125,13777778,0.03630723837866956,0.035663662013004534,1646.1056396484375,1610.1664672851562,1550.4077453613281,1601.2860433239994,1593.078264753688,8.207778570311348,-0.01706641364055131,8.224844983951899,55.83184656556646,1550.4077453613281,1726.2218834568625,1374.5936072657937,0.22679729074052105,83.96884591238839,9667433.05,1.4251743900103864,0.9060348135838457,0.04722027871155013
2022-09-15,1454.5216064453125,1611.777099609375,1449.6422119140625,1588.68017578125,18124214,-0.08409186014942394,-0.08783920334270524,1591.7155517578126,1599.2901000976562,1549.871026611328,1578.7068991888166,1582.8148085826972,-4.107909393880618,-0.835235009688565,-3.272674384192053,44.38750070622649,1549.871026611328,1726.8414198417925,1372.9006333808636,0.2283678966725333,90.59522356305804,10254515.6,1.7674373619364332,0.03009466130521224,0.043865814704787315
2022-09-16,1416.3189697265625,1463.8914794921875,1399.511962890625,1454.59716796875,11934461,-0.02626474336954876,-0.02661582272777026,1531.8677001953124,1591.2328735351562,1548.3167297363282,1553.7241408100083,1570.4817834822427,-16.757642672234397,-4.019716542197733,-12.737926130036664,43.005033625605876,1548.3167297363282,1729.570549953959,1367.0629095186973,0.23413015791477962,89.12102399553571,10642770.75,1.1213678543249652,0.26106140152221924,0.04419277010353948
2022-09-17,1457.79443359375,1459.0135498046875,1400.894775390625,1416.6689453125,7909072,0.029283985284187075,0.028863400587586976,1489.825341796875,1580.3911987304687,1551.8706298828124,1538.9657243151994,1562.1345723793916,-23.16884806419216,-7.84954284659662,-15.319305217595542,46.91380812085758,1551.8706298828124,1722.2439198546683,1381.4973399109565,0.21957151155663207,90.6153564453125,10797026.1,0.7325231898809618,0.9790237107884925,0.04351325866023126
2022-09-18,1324.1917724609375,1457.9158935546875,1321.0084228515625,1457.9158935546875,8537375,-0.09164711982296136,-0.0961223413234826,1448.1783447265625,1555.0389038085937,1542.4515625,1505.9235778760822,1544.5091797928394,-38.58560191675724,-13.996754660628746,-24.588847256128496,39.150867660405346,1542.4515625,1740.5464448330665,1344.3566801669333,0.25685718391311446,97.99675641741071,10880240.2,0.78466787893157,0.023251832736325757,0.043356810309320995
2022-09-19,1363.9561767578125,1373.51025390625,1277.9105224609375,1324.089111328125,12035242,0.030029188463371215,0.029587140153974605,1403.356591796875,1524.7311157226563,1536.5409790039062,1484.0824392425022,1531.1348832717263,-47.052444029224034,-20.607892534347805,-26.44455149487623,39.30920996636622,1536.5409790039062,1748.7599785124721,1324.3219794953402,0.2762295342700736,100.83074951171875,11213961.6,1.0732373116027079,0.900061673678409,0.04392647896455648
2022-09-20,1316.2587890625,1368.3187255859375,1310.02587890625,1363.9857177734375,12245864,-0.03496988283647895,-0.03559596863428057,1375.7040283203125,1483.7097900390625,1526.8195434570312,1458.2634161378867,1515.2181355525242,-56.954719414637566,-27.87725791040576,-29.077461504231806,40.11370956718129,1526.8195434570312,1760.7295610058,1292.9095259082624,0.30640165506284883,96.00388881138393,11446948.05,1.069792921791062,0.10692409978586026,0.044140512243773626
2022-09-21,1243.19384765625,1368.543701171875,1221.4180908203125,1316.092041015625,14204141,-0.05550955633754229,-0.057109709971634275,1341.07900390625,1436.4733520507812,1511.9482788085938,1425.1757902176348,1495.0681883009483,-69.89239808331354,-36.28028594498732,-33.61211213832622,32.392944716615204,1511.9482788085938,1777.8018291793535,1246.0947284378342,0.3516701650406331,95.87059674944196,11877161.9,1.1959204664878735,0.14800792861571402,0.045033983313430344
2022-09-22,1319.7672119140625,1327.0723876953125,1232.6148681640625,1242.3385009765625,10733805,0.061594066285136195,0.05977161461287008,1313.4735595703125,1401.6494506835938,1501.5829650878907,1408.9590858632391,1482.0829307908086,-73.12384492756951,-43.64899774150376,-29.474847186065745,36.87109616436538,1501.5829650878907,1780.7837114532558,1222.3822187225255,0.3718752181622185,99.02200753348214,12145960.45,0.8837345588425657,0.9226617867298559,0.04777411388171077
2022-09-23,1321.1693115234375,1346.350341796875,1265.7069091796875,1319.543701171875,12532425,0.001062384030090735,0.0010618200995489,1312.8690673828125,1380.5237060546874,1492.2391784667968,1395.452966734039,1470.16340343767,-74.7104367036311,-49.861285533929234,-24.84915116970187,30.666017406646574,1492.2391784667968,1782.806036657016,1201.6723202765777,0.3894373802579858,97.41970389229911,12552287.65,0.998417607168204,0.6877485312430989,0.04777598739793179
2022-09-24,1310.54150390625,1339.380615234375,1305.6441650390625,1321.0396728515625,8159518,-0.008044243477720925,-0.008076772971846929,1302.1861328125,1352.7713623046875,1481.4689147949218,1382.3896647605327,1458.3395590279351,-75.94989426740244,-55.079007280623884,-20.870886986778558,25.407281135965647,1481.4689147949218,1782.5533029480957,1180.384526641748,0.4064673718717246,94.29560198102679,12732961.55,0.6408185533239122,0.14516461682789356,0.04760239680669725
2022-09-25,1288.98583984375,1326.8680419921875,1270.1986083984375,1310.311279296875,7957584,-0.016447906455652417,-0.016584675047518788,1296.73154296875,1336.2177856445312,1467.7539428710938,1368.0198455425661,1445.7948390883657,-77.77499354579959,-59.61820453365903,-18.156789012140557,25.091519295142817,1467.7539428710938,1777.99659814025,1157.5112876019377,0.4227447751389257,94.82659912109375,12865027.3,0.6185438875827337,0.3315231907323896,0.04707852708439002
2022-09-26,1325.4923095703125,1330.8863525390625,1278.8299560546875,1289.17626953125,11808675,0.02832185474666482,0.027928206306032866,1313.1912353515625,1327.1351196289063,1459.1839965820313,1361.477147700681,1436.8835406055468,-75.40639290486592,-62.77584220790042,-12.630550696965507,29.738512534957337,1459.1839965820313,1775.448512908253,1142.9194802558097,0.4334813389771741,93.33122035435268,13080775.5,0.9027503759238128,0.8963807842647568,0.04705352248065103
2022-09-27,1324.5924072265625,1394.8128662109375,1304.943603515625,1325.737548828125,11073594,-0.0006789193247312975,-0.0006791498948209437,1314.1562744140624,1313.8149169921876,1447.1030578613281,1355.8025722431244,1428.5656788737701,-72.76310663064578,-64.7732950924495,-7.989811538196278,35.37519621238164,1447.1030578613281,1764.6102915426118,1129.5958241800445,0.4388177220087244,86.52825927734375,12981133.8,0.8530529128357031,0.21863764227561633,0.04550496332594358
2022-09-28,1329.9173583984375,1350.335205078125,1261.468017578125,1324.2962646484375,13759506,0.004020067715037268,0.004012008833766102,1315.9058837890625,1314.3874755859374,1434.7131896972655,1351.820231651634,1421.2583958755974,-69.43816422396344,-65.70626891875229,-3.731895305211154,30.45050608326038,1434.7131896972655,1750.0924638253725,1119.3339155691585,0.4396408653560287,87.06132289341518,13030487.9,1.0559471069383364,0.7702431317814584,0.04545454544445022
2022-09-29,1330.45703125,1344.959228515625,1286.682861328125,1330.1165771484375,12597563,0.0004057942759785327,0.00040571196374845924,1319.8889892578125,1311.0375610351562,1417.8843383789062,1348.533585435998,1414.532368866294,-65.99878343029604,-65.76477182106103,-0.23401160923501152,38.23446810687988,1417.8843383789062,1716.5432944791323,1119.2253822786802,0.42127407436023795,79.64285714285714,12704852.15,0.9915552618217599,0.7511478842447967,0.042950242975290154
2022-09-30,1323.5107421875,1368.1988525390625,1314.689453125,1330.4945068359375,8845799,-0.005220979632821199,-0.00523465657243627,1326.7939697265624,1311.7627563476562,1397.7362731933595,1344.6839172439213,1407.7900261493462,-63.10610890542489,-65.23303923793381,2.1269303325089197,40.643974997274235,1397.7362731933595,1661.014264794062,1134.458281592657,0.3767205540129548,78.86642020089286,12406504.6,0.7129968742364389,0.16485494431718808,0.041598918338945905
2022-10-01,1308.2105712890625,1330.30908203125,1301.7772216796875,1323.5059814453125,2162082,-0.01156029219162158,-0.011627631849883063,1323.3376220703126,1318.2644287109374,1377.3688903808593,1339.0726332508661,1400.4137702337696,-61.341136982903436,-64.45465878692774,3.113521804024302,34.08024478200012,1377.3688903808593,1596.43635419095,1158.3014265707686,0.3180955593523182,76.75306919642857,11752007.85,0.1839755408264129,0.22547950003434997,0.04157538984855793
2022-10-02,1271.5908203125,1314.685302734375,1270.4439697265625,1308.3958740234375,3050168,-0.02799224511729692,-0.028391496279138353,1312.7373046875,1313.4467895507812,1357.5481201171874,1328.6908158757328,1390.8713294988609,-62.180513623128036,-63.9998297541678,1.8193161310397628,42.94558414492995,1357.5481201171874,1533.357113894222,1181.7391263401528,0.2590095940935903,70.13405936104911,10927290.75,0.2791330504315537,0.025922604670970326,0.04158067442542308
2022-10-03,1316.459228515625,1319.0679931640625,1268.343017578125,1271.685546875,3299380,0.03528525645702474,0.03467699884725048,1310.0456787109374,1312.97578125,1346.7497436523438,1326.809033204947,1385.3593220186212,-58.55028881367434,-62.909921566069116,4.3596327523947735,43.71611933809586,1346.7497436523438,1502.746013038631,1190.7534742660566,0.2316633362977001,66.92871965680804,10237412.3,0.32228652156561083,0.9485704107732201,0.039572997336484436
2022-10-04,1354.869873046875,1359.7454833984375,1311.37255859375,1316.26611328125,3188536,0.029177238230583047,0.028759685198168614,1314.9282470703124,1317.4086181640625,1335.089990234375,1331.1260854883205,1383.1008443170106,-51.97475882869003,-60.72288901859331,8.748130189903279,55.23696148879102,1335.089990234375,1442.4059390521195,1227.7740414166303,0.16076212031056467,66.22015380859375,9707950.2,0.32844585461511744,0.8992078651385967,0.03919446926518175
2022-10-05,1344.7974853515625,1355.966796875,1311.346435546875,1354.7158203125,3222700,-0.0074342103959116335,-0.007461981862912435,1319.185595703125,1322.9897827148438,1329.6037841796874,1333.229377774973,1380.263558467718,-47.03418069274494,-57.98514735342364,10.950966660678702,66.62104386618287,1329.6037841796874,1421.292894488499,1237.9146738708757,0.1379194484849939,58.898350306919646,8962874.5,0.3595609868240373,0.74968128454186,0.03477448672454329
2022-10-06,1345.549072265625,1374.41748046875,1341.205810546875,1344.865966796875,3425731,0.0005588848300575044,0.0005587287120961355,1326.6532958984376,1324.995458984375,1326.0652893066406,1335.1247153889192,1377.6921150453406,-42.56739965642146,-54.90159781402321,12.334198157601755,55.60900032027908,1326.0652893066406,1408.6766831903356,1243.4538954229456,0.12459626920314003,54.523646763392854,8537438.0,0.40125983931010684,0.1307751681158779,0.034358139398465534
2022-10-07,1321.872314453125,1353.220458984375,1312.8858642578125,1345.8260498046875,3286917,-0.01759635400932147,-0.017753010286416154,1336.7095947265625,1324.7234497070312,1319.2691833496094,1333.0858844757201,1373.5573150014727,-40.47143052575257,-52.01556435636908,11.544133830616516,50.139429122601264,1319.2691833496094,1373.8649685293317,1264.6733981698872,0.08276671034049957,51.644444056919646,8306330.25,0.39571229424690885,0.22279758242287392,0.03370531533111114
2022-10-08,1307.0872802734375,1327.1728515625,1294.691650390625,1321.7510986328125,2394353,-0.01118491855683068,-0.011247940126448006,1334.835205078125,1322.4404418945312,1318.4139587402344,1329.0860992138305,1368.633608725322,-39.5475095114914,-49.52195338739355,9.974443875902153,49.326025371761425,1318.4139587402344,1373.2205325938241,1263.6073848866447,0.08314016017542515,51.554783412388396,7999179.15,0.2993248375991179,0.3816247377492138,0.026837030112722496
2022-10-09,1312.2176513671875,1318.634521484375,1300.3681640625,1307.553955078125,2301905,0.00392504094499091,0.003917358068954393,1326.3047607421875,1320.61650390625,1315.8270324707032,1326.49095339127,1364.4546489210156,-37.963695529745564,-47.21030181586396,9.246606286118393,54.843343053188086,1315.8270324707032,1366.294988757883,1265.3590761835235,0.0767091039198625,48.81170654296875,7512512.3,0.30640948168564064,0.6487055423546026,0.025902382696188348
2022-10-10,1283.6375732421875,1325.3497314453125,1283.63720703125,1312.1368408203125,3274585,-0.021779982989272195,-0.022020667979798365,1314.0727783203124,1316.6291870117188,1314.1959716796875,1319.8981256760264,1358.468198870732,-38.57007319470563,-45.482256091632294,6.912182896926666,40.97592661021785,1314.1959716796875,1366.6737105022466,1261.7182328571284,0.07986288187367788,48.07285853794643,7063948.35,0.4635629874049122,8.77940001369818e-06,0.025165871000594402
2022-10-11,1272.07275390625,1287.9920654296875,1263.153076171875,1283.5615234375,3371028,-0.009009411672741274,-0.009050241844312107,1299.3775146484375,1313.0154052734374,1315.6399169921874,1312.540376172984,1352.0685362807706,-39.52816010778656,-44.29143689486315,4.763276787076592,39.17437162234587,1315.6399169921874,1360.9980274840248,1270.28180650035,0.06895216526347869,43.42783900669643,6522292.7,0.5168470896744637,0.3590998666734611,0.021780793574759216
2022-10-12,1287.026123046875,1300.140869140625,1270.29150390625,1272.2120361328125,2608202,0.011755120998155677,0.011686566286262601,1292.4082763671875,1314.558935546875,1314.002862548828,1308.615106461275,1347.2505797449264,-38.635473283651436,-43.160244172620814,4.524770888969378,41.496560773701276,1314.002862548828,1361.0651216165838,1266.9406034810722,0.07163189732550065,39.2122802734375,6116012.55,0.4264546514051872,0.5606356786356982,0.016812242659198538
2022-10-13,1282.0252685546875,1292.3380126953125,1197.741455078125,1286.9613037109375,3438133,-0.0038855889578593983,-0.0038931574704147314,1287.3958740234375,1311.1155395507812,1312.0456604003907,1304.5243621679538,1342.419075212316,-37.894713044362334,-42.107137946969125,4.2124249026067915,40.56501517433723,1312.0456604003907,1361.0680243782908,1263.0232964224906,0.07472661273532233,41.80657958984375,5661297.95,0.6073047259418664,0.8909818241878491,0.01681481396954089
2022-10-14,1289.80224609375,1331.267822265625,1278.0960693359375,1281.9661865234375,5362641,0.006066165566167125,0.00604784045525797,1282.91279296875,1304.6087768554687,1311.0086975097656,1302.2594212334611,1338.5215323146447,-36.26211108118355,-40.93813257381201,4.676021492628465,43.45443753768901,1311.0086975097656,1361.032195061974,1260.9851999575571,0.07631299113000105,41.782461983816965,5521454.1,0.9712370877084716,0.22015781144343252,0.016816028089623767
2022-10-15,1269.7265625,1294.298828125,1259.1629638671875,1289.760009765625,2241242,-0.015564931488180056,-0.015687336849642936,1280.1305908203126,1297.1016845703125,1310.0457336425782,1297.254366043698,1333.425608624671,-36.17124258097306,-39.984754575244224,3.813511994271167,42.663192597216,1310.0457336425782,1362.534983435046,1257.5564838501105,0.0801334616716342,42.254176548549104,5235637.0,0.4280743680281884,0.30065002961915677,0.016773512766512764
2022-10-16,1300.30322265625,1306.4837646484375,1268.911376953125,1269.93896484375,2329898,0.024081295185356177,0.023795913295559707,1285.7766845703125,1292.577099609375,1308.786279296875,1297.7234209071673,1330.9720985529361,-33.248677645768794,-38.63753918934914,5.388861543580347,55.602996497353004,1308.786279296875,1360.92258181327,1256.6499767804798,0.0796712241580107,41.777823311941965,4761698.15,0.4892998099848055,0.8355030813941694,0.01641131029883539
2022-10-17,1324.39599609375,1329.463134765625,1287.2977294921875,1300.1177978515625,2758632,0.018528580886143953,0.01835901803488222,1293.2506591796875,1292.8294677734375,1308.7764587402344,1301.8268940127953,1330.4849798522557,-28.658085839460455,-36.64164851937141,7.983562679910953,51.68546083295746,1308.7764587402344,1360.900297795573,1256.6526196848959,0.07965277600654651,41.16642543247768,4345950.05,0.634759251317212,0.8798271083175059,0.016973105291499223
2022-10-18,1304.210205078125,1331.53857421875,1281.7301025390625,1324.4017333984375,2789468,-0.015241507128655019,-0.01535885277496819,1297.687646484375,1292.5417602539062,1307.4911010742187,1302.1935572536152,1328.5387002393572,-26.345142985742086,-34.58234741264555,8.23720442690346,38.33925637204325,1307.4911010742187,1358.6793388008964,1256.302863347541,0.07829994052674175,41.26896449497768,3797448.15,0.7345638149134439,0.4513309036887564,0.01728429602682315
2022-10-19,1277.637451171875,1305.05029296875,1274.679931640625,1304.366943359375,2654899,-0.020374594373503085,-0.02058501954616293,1295.2546875,1289.083740234375,1304.8501220703124,1298.4156947795016,1324.7682373454695,-26.35254256596795,-32.93638644331003,6.583843877342076,35.632589129261916,1304.8501220703124,1356.4975717940608,1253.202672346564,0.07916227136002886,40.251107352120535,3300314.95,0.8044380734026612,0.09738176962475978,0.01782204838693447
2022-10-20,1277.8388671875,1303.2366943359375,1264.729248046875,1277.3355712890625,2773325,0.00015764723822098148,0.0001576348132009517,1296.8771484375,1288.5038696289062,1302.5665283203125,1295.2500289961165,1321.2919877041384,-26.041958708021866,-31.557500896252396,5.51554218823053,35.48071466414261,1302.5665283203125,1354.7756698630253,1250.3573867775997,0.08016349323828799,40.62937709263393,2996691.25,0.9254623745439241,0.340443742719552,0.017809451723007713
2022-10-21,1293.19287109375,1297.7469482421875,1256.431640625,1277.944580078125,2677562,0.012015602514927393,0.01194398825129426,1295.455078125,1290.6158813476563,1301.8156433105469,1294.9335431649831,1319.2105716589244,-24.277028493941316,-30.101406415790184,5.824377921848868,43.622555342740625,1301.8156433105469,1354.1148983133683,1249.5163883077255,0.08034817413904043,40.699428013392854,3022465.25,0.885886777358317,0.8897726431197939,0.017895824686404885
2022-10-22,1309.5107421875,1313.1966552734375,1289.9837646484375,1293.166748046875,2395562,0.012618281045694957,0.012539333961412085,1292.47802734375,1292.8643432617187,1303.7116394042969,1297.1761891684473,1318.4920657721523,-21.315876603704965,-28.34430045337314,7.028423849668176,50.53525604559208,1303.7116394042969,1354.1122157345471,1253.3110630740466,0.07731859531955966,40.037405831473215,2989734.95,0.8012623326358745,0.8412126626582239,0.01687838255205316
2022-10-23,1361.773193359375,1364.178955078125,1295.1966552734375,1309.4820556640625,1811738,0.039909906416324636,0.03913408095497907,1303.990625,1300.8391357421874,1305.9773376464843,1307.1141898132055,1321.6980752230577,-14.5838854098522,-25.592217444668954,11.008332034816753,59.05900057974533,1305.9773376464843,1362.4937743754047,1249.460900917564,0.08655040956647717,43.65997314453125,2915352.85,0.6214472460854953,0.9651249416848557,0.01738806921331993
2022-10-24,1338.2828369140625,1366.1456298828125,1325.5791015625,1361.70068359375,1198908,-0.017249830265320343,-0.017400341966186172,1316.1197021484375,1305.6871948242188,1305.1479858398438,1311.9093662902606,1322.9265760890582,-11.017209798797694,-22.677215915494703,11.660006116697009,60.178840388841195,1305.1479858398438,1359.0707765965346,1251.225195083153,0.08263092207431522,43.578116280691965,2815871.45,0.42576801579489715,0.31315806095415605,0.016628315348516203
2022-10-25,1453.5311279296875,1504.135498046875,1330.213134765625,1338.066650390625,1684550,0.08611654265952873,0.08260852943684965,1351.258154296875,1324.0676513671874,1310.58466796875,1333.6973296194033,1332.6009873365124,1.0963422828908733,-17.922504275817587,19.01884655870846,74.38240551595814,1310.58466796875,1394.7721076716489,1226.397228265851,0.12847310328050673,54.2269287109375,2738963.95,0.6150318261764635,0.7090404639773349,0.025409809538678798
2022-10-26,1564.7039794921875,1577.0447998046875,1452.9217529296875,1452.9217529296875,414726428,0.07648467200069331,0.0737007989849064,1405.5603759765625,1350.5077270507813,1321.542413330078,1369.2368142152163,1349.7938015702662,19.44301264495016,-10.449400891664036,29.892413536614193,79.64561380553201,1321.542413330078,1462.679461337329,1180.405365322827,0.21359442812222415,60.960763113839285,23303998.8,17.79636325762255,0.9005759153339689,0.03008082049313934
2022-10-27,1509.83984375,1569.6629638671875,1505.9241943359375,1564.856689453125,2523603,-0.03506358804046328,-0.03569307415672768,1445.6261962890626,1369.0521118164063,1330.9407897949218,1390.8680495282601,1361.64906395395,29.21898557431018,-2.51572359846919,31.73470917277937,71.98167550798829,1330.9407897949218,1495.2944770130705,1166.587102576773,0.24697370232897162,58.75663539341518,23265833.1,0.10846819837283196,0.061432773839921684,0.031099081741678757
2022-10-28,1551.7755126953125,1563.6051025390625,1488.958251953125,1509.84033203125,2864688,0.027774912100051896,0.027396185957250796,1483.62666015625,1393.808642578125,1343.1752014160156,1415.6230438616526,1375.7325046014582,39.89053926019437,5.965528973263526,33.92501028693085,73.7143958361557,1343.1752014160156,1534.30095624399,1152.0494465880413,0.2845879742664752,60.29057094029018,23289349.85,0.12300420657728235,0.8415259349951223,0.031112646614012723
2022-10-29,1614.005126953125,1647.861083984375,1545.0623779296875,1551.70068359375,3001442,0.04010220147740595,0.03931897897638903,1538.7711181640625,1427.44541015625,1358.2645751953125,1446.1433643372638,1393.3823284793596,52.76103585790429,15.324630350191683,37.43640550771261,78.95507806484439,1358.2645751953125,1583.6763396543574,1132.8528107362677,0.33191142370275195,65.12363106863839,23324326.7,0.12868289998699084,0.6706577510815587,0.03184131476298375
2022-10-30,1587.7884521484375,1634.8985595703125,1574.917236328125,1614.035888671875,970498,-0.016243241342224657,-0.016376608973971647,1565.6225830078124,1458.4403686523438,1373.472119140625,1467.9349163082136,1407.7827820844766,60.152134223736994,24.290131124900746,35.86200309883625,74.35718326640072,1373.472119140625,1617.9205141715515,1129.0237241096984,0.35595683614440865,66.72426932198661,23209122.35,0.041815368343732305,0.21458706014531098,0.03156536068528756
2022-10-31,1570.4429931640625,1627.0142822265625,1545.08056640625,1587.64990234375,1478093,-0.010924288409394078,-0.010984396608410444,1566.7703857421875,1486.165380859375,1388.3906311035157,1483.7053896706518,1419.8316866088903,63.87370306176149,32.2068455122729,31.66685754948859,71.08742881378878,1388.3906311035157,1642.9907463172704,1133.790515889761,0.36675573791706484,69.56486293247768,23114475.6,0.0639466378376328,0.3095481085019865,0.0316325554594714
2022-11-01,1577.31005859375,1602.62744140625,1564.418212890625,1570.4443359375,1426024,0.004372693220689339,0.0043631607758904435,1580.2644287109374,1512.9453125,1402.9048278808593,1498.1061079665133,1431.4967512003614,66.6093567661519,39.087347763048705,27.5220090031032,73.95282397490067,1402.9048278808593,1666.1251026940288,1139.6845530676899,0.3752503656442235,68.73634556361607,23055366.7,0.061852150024575406,0.3374013608905788,0.03166698739671456
2022-11-02,1520.44287109375,1608.990478515625,1506.0804443359375,1577.155517578125,3360665,-0.036053271321112246,-0.036719246605068506,1573.997900390625,1528.8122802734374,1414.8257080078124,1501.5425330630114,1438.0853526739456,63.4571803890658,43.961314288252126,19.49586610081367,70.22121255989929,1414.8257080078124,1676.5867533887313,1153.0646626268936,0.37002585392585113,73.91775076729911,23051493.3,0.14578947039409373,0.13956293835583763,0.03322453780612229
2022-11-03,1528.98583984375,1553.466552734375,1516.8580322265625,1520.359619140625,3041296,0.005618737088000314,0.0056030108649435684,1556.99404296875,1547.8825805664062,1426.7848876953126,1505.764580260048,1444.8187220939312,60.94585816611675,47.35822306382506,13.587635102291692,70.62928774974482,1426.7848876953126,1686.3414906979183,1167.228284692707,0.36383424753239124,73.78211321149554,22935426.05,0.1326025508909175,0.33128374066049754,0.033226821432774126
2022-11-04,1643.239501953125,1663.1116943359375,1527.2408447265625,1528.97998046875,2369858,0.07472512768401485,0.07206493370638005,1568.0842529296874,1566.85341796875,1445.4605346679687,1526.914568212829,1459.5165576390568,67.39801057377213,51.36618056581448,16.031830007957645,74.7342833326663,1445.4605346679687,1711.113822756866,1179.8072465790713,0.36756906427738567,80.53608049665179,22941856.85,0.1032984389840267,0.8537420465943804,0.03574436290376873
2022-11-05,1627.4814453125,1660.6201171875,1624.150390625,1643.0791015625,1058397,-0.009589628670619965,-0.009635905247406302,1579.491943359375,1573.1311645507812,1461.8194458007813,1542.3863954589322,1471.958401170423,70.42799428850913,55.17854331035341,15.249450978155714,72.48558835259203,1461.8194458007813,1730.1178331888698,1193.5210584126928,0.36707459072158566,81.48299734933036,22878281.8,0.046262084244455805,0.09133752842588576,0.036015037843016365
2022-11-06,1571.965087890625,1632.141357421875,1568.30419921875,1627.426025390625,1583774,-0.03411182203138119,-0.034707209266530724,1578.42294921875,1579.3436889648438,1474.197900390625,1546.9369635253465,1479.366303890438,67.57065963490845,57.65696657526442,9.913693059644032,64.79582033963436,1474.197900390625,1738.6164093326483,1209.7793914486015,0.3587286467738955,81.11548723493304,22819538.9,0.06940429458020293,0.05734730013596245,0.03740075761703217
2022-11-07,1560.860107421875,1604.31787109375,1547.43505859375,1571.7099609375,4826660,-0.007064393830559901,-0.007089464804585973,1586.506396484375,1580.2521484375,1487.0303955078125,1549.078985663274,1485.4028819298037,63.6761037334702,58.86079400690557,4.815309726564628,65.94569020627438,1487.0303955078125,1741.4347629558656,1232.6260280597594,0.34216431381172335,82.28093610491071,22921398.5,0.21057441150460343,0.23601239523388326,0.037162844043904596
2022-11-08,1316.6998291015625,1564.4200439453125,1246.213134765625,1560.8314208984375,11290409,-0.15642675289049457,-0.1701085436476783,1544.0491943359375,1550.5216186523437,1488.9835144042968,1513.3283461922413,1472.906359498082,40.42198669415916,55.17303254435629,-14.75104585019713,41.72559789483382,1488.9835144042968,1737.1423424009458,1240.8246864076477,0.3333264950162069,92.58697509765625,23353174.0,0.4834635754437491,0.22151214288662543,0.05231382048704376
2022-11-09,1073.9111328125,1317.0433349609375,1067.7796630859375,1316.8826904296875,3423548,-0.18439183397990344,-0.20382122804640712,1430.1835205078125,1499.13388671875,1478.787127685547,1445.7256979799733,1443.3511575213722,2.374540458601132,44.613334127205256,-42.238793668604124,24.396555160718876,1478.787127685547,1775.4854548781757,1182.0888004929182,0.4012725315738878,101.52559116908482,23385685.15,0.14639502661738352,0.024598328670177447,0.06702334188029416
2022-11-10,1271.8834228515625,1302.2047119140625,1076.0650634765625,1076.0650634765625,1515879,0.18434699482124417,0.16919156347557993,1359.063916015625,1469.2779296875,1477.7216552734376,1418.9807325756024,1430.649843842127,-11.669111266524624,33.35684504845928,-45.0259563149839,39.199106468759716,1477.7216552734376,1777.3646789637305,1178.0786315831447,0.4055473134889493,113.27950613839286,23327601.0,0.06498220712879992,0.8659178552692439,0.07943886426991945
2022-11-11,1272.462158203125,1287.5062255859375,1214.4974365234375,1271.0511474609375,1386827,0.0004550223245027851,0.00045491883323758777,1299.163330078125,1438.7931396484375,1475.8692260742187,1396.439413441375,1418.9322374984972,-22.492824057122107,22.186911227342996,-44.6797352844651,36.82735235617014,1475.8692260742187,1780.3104373371284,1171.428014811309,0.41255851925677317,113.16250174386161,23277164.25,0.05957886386439878,0.7939416940901011,0.07940184086802986
2022-11-12,1192.884033203125,1278.703857421875,1185.15966796875,1272.609375,1286758,-0.06253869672036005,-0.06457979849118681,1225.568115234375,1406.037255859375,1467.4247680664062,1365.1232010970286,1402.1879260692103,-37.06472497218169,10.336583987438056,-47.40130895961975,30.459334423437127,1467.4247680664062,1793.7722354848124,1141.077300648,0.4447893677689893,112.50146484375,23250915.25,0.05534225152706623,0.08257450600306859,0.0801044734224609
2022-11-13,1188.202880859375,1243.6190185546875,1157.069580078125,1193.2325439453125,355328,-0.00392423086691851,-0.003931950864186564,1199.8687255859375,1371.9589599609376,1459.9207702636718,1337.9046902912357,1386.3371819795927,-48.432491688357004,-1.4172311477209594,-47.01526054063604,31.080497637522214,1459.9207702636718,1805.1281692002542,1114.7133713270894,0.4729125113744845,114.39918736049107,23208736.25,0.015310096860616441,0.35971695860376607,0.08003933166837635
2022-11-14,1212.649169921875,1238.21533203125,1148.0526123046875,1189.557373046875,495558,0.02057417083925861,0.020365381507829287,1227.6163330078125,1328.8999267578124,1447.8766723632812,1318.634610234411,1373.4714033086507,-54.83679307423972,-12.101143533024715,-42.73564954121501,33.17239720313765,1447.8766723632812,1810.3970646040523,1085.35628012251,0.5007614241744099,114.98697335379464,23149286.65,0.02140705273093156,0.7164442000632387,0.07750817043228159
2022-11-15,1235.1871337890625,1257.5648193359375,1207.2874755859375,1211.041748046875,341611,0.01858572489571686,0.018415120934386395,1220.2770751953126,1289.6704956054687,1431.400830078125,1305.7965369351268,1363.2281240849775,-57.43158714985066,-21.16723225638991,-36.26435489346075,34.143162354718655,1431.400830078125,1801.4389697346573,1061.3626904215926,0.51702937693048,115.84898158482143,2430045.8,0.14057800885892768,0.5549151191499819,0.07531165655743156
2022-11-16,1188.6947021484375,1250.0643310546875,1171.3892822265625,1238.1031494140625,349647,-0.03763999022399522,-0.038366667786825,1203.523583984375,1251.34345703125,1415.343572998047,1287.780870044867,1350.2997224600488,-62.518852415181755,-29.437556288148283,-33.08129612703347,34.47470765550737,1415.343572998047,1798.6823522225432,1032.0047937735508,0.5416900695178769,114.11791120256696,2321348.0,0.15062239698657848,0.21996071406935053,0.07536079214104445
2022-11-17,1171.6785888671875,1197.5733642578125,1160.8629150390625,1188.278076171875,374196,-0.014314956776113497,-0.014418404186760722,1199.2824951171874,1212.4253051757812,1396.3387268066406,1269.9189806329164,1337.0685273790962,-67.1495467461798,-36.97995437975459,-30.169592366425206,33.41015023731437,1396.3387268066406,1788.7781180692104,1003.8993355440706,0.5620976969679269,114.12519182477679,2196823.4,0.17033503922072207,0.2946211243760712,0.07486236693675616
2022-11-18,1179.2781982421875,1194.60791015625,1171.3369140625,1171.6685791015625,989671,0.006486087095222581,0.006465142947249383,1197.49755859375,1198.6831420898438,1374.6023803710937,1255.9742448804966,1325.3803548504363,-69.40610996993973,-43.46518549779162,-25.94092447214811,26.090164822355135,1374.6023803710937,1764.4278328899213,984.776927852266,0.5671828567815933,106.08234514508929,2096234.85,0.47211837929323613,0.3412524390568654,0.07402204438135525
2022-11-19,1205.022705078125,1209.866943359375,1170.3243408203125,1179.186767578125,231555,0.021830732455083046,0.021595854243514987,1195.972265625,1211.7942993164063,1355.464093017578,1248.1355464493624,1316.4649733858205,-68.32942693645805,-48.438033785524915,-19.891393150933133,28.450765895942965,1355.464093017578,1738.7495934548142,972.178592580342,0.5655413557786744,106.30183628627232,2059287.7,0.11244422039717908,0.8774931850972755,0.07442013949736505
2022-11-20,1130.0537109375,1207.8846435546875,1130.0179443359375,1205.2144775390625,330902,-0.06221376064093709,-0.06423324575584204,1174.9455810546874,1197.611328125,1333.44462890625,1229.9691102167683,1302.656731722982,-72.68762150621365,-53.287951329662675,-19.39967017655097,27.897140878253552,1333.44462890625,1715.3260399178612,951.563217894639,0.5727743060840059,107.30394635881696,2001928.15,0.165291646455943,0.000459331163600861,0.07529596978607257
2022-11-21,1102.2249755859375,1133.7789306640625,1078.735595703125,1130.4774169921875,480652,-0.02462602890660448,-0.024934321428868974,1157.6516357421874,1180.5876098632812,1309.6903747558595,1210.3161664274096,1287.8099349720896,-77.49376854468005,-58.12911477266616,-19.364653772013888,27.438121066754874,1309.6903747558595,1686.774923656221,932.6058258554979,0.5758377035803661,107.17255510602679,1954659.55,0.24590062243831667,0.42674339945453393,0.0752115587216524
2022-11-22,1113.0321044921875,1114.54345703125,1052.0419921875,1103.8638916015625,618432,0.009804830361882289,0.009757074914979071,1145.9223388671876,1172.6024169921875,1289.3198364257812,1195.3493876681446,1274.8634290106156,-79.51404134247105,-62.40610008662715,-17.107941255843897,36.99507535071952,1289.3198364257812,1662.464165707119,916.1755071444434,0.5788235296460789,88.90788051060268,1817547.9,0.34025623203658073,0.9758189259627917,0.0752353971537599
2022-11-23,1154.8187255859375,1155.1590576171875,1103.2586669921875,1113.08544921875,395433,0.03754305102709932,0.03685546722770289,1141.0304443359375,1169.2640014648437,1270.6114807128906,1189.1139011939588,1265.971228756936,-76.85732756297716,-65.29634558189716,-11.560981981080005,56.95036200249955,1270.6114807128906,1630.443308072223,910.7796533535582,0.5663915883357906,74.81050327845982,1685254.75,0.23464286334158085,0.9934425919133547,0.07597994488465844
2022-11-24,1169.781982421875,1186.5445556640625,1152.8807373046875,1155.433837890625,453942,0.01295723432986895,0.012874007524322812,1133.9822998046875,1164.9772827148438,1246.9386047363282,1186.1397598444073,1258.8460993987833,-72.70633955437597,-66.77834437639292,-5.92799517798305,37.20628441002664,1246.9386047363282,1563.2102495644158,930.6669599082408,0.5072770120786577,60.908377511160715,1589458.95,0.2855952964371933,0.5020596573965322,0.07352231813123726
2022-11-25,1179.559326171875,1190.120849609375,1147.992919921875,1170.7547607421875,345547,0.00835826153669883,0.008323524694262775,1143.8834228515625,1159.414501953125,1224.542498779297,1185.1273854332485,1252.973005085679,-67.84561965243051,-66.99179943160044,-0.8538202208300731,38.62121531986964,1224.542498779297,1486.0471452937393,963.0378522648546,0.42710587305075504,58.702601841517854,1553816.45,0.22238598387859776,0.7492987781897397,0.07369105880406587
2022-11-26,1176.294189453125,1200.497802734375,1173.6910400390625,1186.7376708984375,312211,-0.0027680987690095193,-0.0027719370391839646,1158.697265625,1158.1744506835937,1204.7589538574218,1183.7684322055372,1247.2930928166006,-63.52466061106338,-66.29837166749303,2.773711056429647,47.500891855611336,1204.7589538574218,1409.2479970026002,1000.2699107122435,0.33946880824656445,53.935642787388396,1490238.3,0.20950407730092563,0.0971079366307299,0.0735586808854193
2022-11-27,1168.3388671875,1197.9730224609375,1165.7633056640625,1176.4857177734375,241689,-0.006763037968693486,-0.006786010946644595,1169.7586181640625,1157.840478515625,1185.1328918457032,1181.394652971993,1241.4446316588894,-60.04997868689634,-65.04869307137369,4.998714384477353,47.03689756842271,1185.1328918457032,1302.5073682085417,1067.7584154828646,0.19807816856731028,50.054234095982146,1260989.75,0.19166610989502492,0.0799622529710587,0.07355972170080882
2022-11-28,1153.941650390625,1181.585205078125,1138.532470703125,1168.3250732421875,264669,-0.012322809076388053,-0.01239936445649169,1169.583203125,1155.3068237304688,1176.9949829101563,1177.1711141133212,1234.9629293427217,-57.79181522940053,-63.59731750297906,5.805502273578533,40.971973494021135,1176.9949829101563,1277.287365902289,1076.7025999180237,0.17042108836208736,46.689235142299104,709702.75,0.37292937078234517,0.3579140769481232,0.06522651420616571
2022-11-29,1184.9248046875,1196.2406005859375,1148.684814453125,1153.7794189453125,298560,0.026849844865541428,0.026495712725939802,1172.611767578125,1153.2970336914063,1182.5456665039062,1178.3639895862718,1231.2564015904832,-52.89241200421134,-61.45633640322552,8.563924399014184,42.4663514510931,1182.5456665039062,1270.323580120813,1094.7677528869995,0.1484558543543008,46.494838169642854,553453.35,0.5394492598156647,0.7620521743777807,0.04986186770490025
2022-11-30,1247.53955078125,1267.186279296875,1181.539306640625,1185.23828125,10230859,0.05284280137106534,0.05149393556027625,1186.2078125,1165.0456176757812,1181.3284729003906,1189.0063836162685,1232.462560789799,-43.45617717353048,-57.85630455728651,14.400127383756029,58.41342889765349,1181.3284729003906,1264.4414703560494,1098.2154754447317,0.1407110712427007,46.992832728794646,989202.35,10.342534062924537,0.7706080213461302,0.02970804234546552
2022-12-01,1245.3760986328125,1264.072021484375,1239.2557373046875,1247.5911865234375,19741593,-0.0017341751987604015,-0.0017356806212664008,1200.0241943359374,1179.3607299804687,1179.974169921875,1197.6786474649675,1233.4191191485409,-35.74047168357333,-53.43313798254387,17.692666298970536,61.00438403665297,1179.974169921875,1257.5315865854502,1102.4167532582999,0.13145612614335478,46.14324951171875,1906940.65,10.352494714505143,0.24662682299021782,0.02970821165471458
2022-12-02,1266.714599609375,1268.401611328125,1235.8701171875,1244.6429443359375,14945404,0.017134182196035574,0.016989047592348518,1219.6993408203125,1194.7289794921876,1183.6656982421875,1208.2995631794918,1235.8854510345284,-27.585887855036617,-48.26368795704242,20.677800102005804,62.54129047236685,1183.6656982421875,1270.3067194290002,1097.024677055375,0.1463944107115372,46.804713657924104,2589872.95,5.770709331513733,0.9481421996500093,0.026094727105791922
2022-12-03,1234.787353515625,1268.9599609375,1229.798583984375,1266.7158203125,5828663,-0.02520476680666317,-0.02552784727860142,1235.8684814453125,1202.7258422851562,1185.994921875,1212.3746078465892,1235.8041104775727,-23.429502630983507,-43.296850891830644,19.867348260847137,54.19484078212675,1185.994921875,1275.6034248556502,1096.3864188943498,0.15111110735446243,46.77748325892857,2863539.7,2.035474835568021,0.1273900439187189,0.026829730356845695
2022-12-04,1245.364501953125,1255.35595703125,1221.00390625,1235.0733642578125,8321340,0.008565967579263978,0.008529487853712193,1247.9564208984375,1210.2840942382813,1187.6306884765625,1217.4499761706718,1236.51228762391,-19.06231145323818,-38.44994300411216,19.387631550873976,69.854811222641,1187.6306884765625,1280.425631093713,1094.8357458594119,0.15626902119914673,43.66929408482143,3254828.8,2.556613730344281,0.7091453098727375,0.02653122888688134
2022-12-05,1243.45263671875,1275.34521484375,1232.0399169921875,1244.651123046875,18948978,-0.0015351852661422694,-0.0015363648704716595,1247.1390380859375,1216.6734252929687,1188.043963623047,1221.4503854857608,1237.0263875568612,-15.576002071100447,-33.87515481750982,18.29915274640937,76.70031659022314,1188.043963623047,1281.799345246133,1094.2885819999608,0.1578315020214751,42.830862862723215,4185197.15,4.527618967722942,0.2635409589617984,0.026235819998069634
2022-12-06,1249.2392578125,1256.5313720703125,1225.3729248046875,1242.24658203125,15504228,0.004653672301520029,0.004642877446099171,1247.911669921875,1223.9679321289063,1191.07119140625,1225.7255966129514,1237.9310446128343,-12.205447999882836,-29.54121345398442,17.335765454101583,76.24945010221629,1191.07119140625,1288.7430355740482,1093.3993472384516,0.16400672751136078,40.592075892857146,4942926.2,3.1366497035703262,0.7659666990685681,0.024642130160599917
2022-12-07,1202.6607666015625,1264.4718017578125,1192.467041015625,1250.1256103515625,8393026,-0.037285484681693015,-0.03799836459472687,1235.1009033203125,1227.4001220703126,1192.6203002929688,1222.1771612265838,1235.318431426814,-13.14127020023011,-26.26122480323356,13.11995460300345,59.05277989513316,1192.6203002929688,1289.9793740279358,1095.2612265580017,0.1632691875378118,42.028102329799104,5343867.7,1.5705901551417525,0.14157016118726312,0.02597969983498972
2022-12-08,1246.16845703125,1250.710205078125,1198.20458984375,1203.552734375,10722950,0.03617619501518288,0.035537201785096485,1237.3771240234375,1236.622802734375,1195.9648132324219,1225.868129811917,1236.1221370271426,-10.254007215225556,-23.059781285631963,12.805774070406407,63.04485412881293,1195.9648132324219,1295.9542094596043,1095.9754170052395,0.16721126762405947,43.37394496372768,5830531.65,1.839103300296809,0.913499765011104,0.027096138168487528
2022-12-09,1233.8612060546875,1255.41064453125,1226.0233154296875,1245.967041015625,12025545,-0.009876073260498108,-0.009925165162929812,1235.07646484375,1241.5164428710937,1197.40673828125,1227.0978338492664,1235.9546606588126,-8.856826809546192,-20.21919039041481,11.362363580868617,59.19392727628967,1197.40673828125,1298.7684513657186,1096.0450251967814,0.1693020589310573,42.463902064732146,6420231.15,1.8730704111798218,0.2667098665293869,0.026869979991980725
2022-12-10,1240.4971923828125,1252.87353515625,1226.7962646484375,1233.889404296875,3696066,0.005378227547443437,0.005363816529066304,1234.4853759765624,1240.81220703125,1202.9289123535157,1229.159273623658,1236.2911444902197,-7.131870866561712,-17.60172648564419,10.469855619082477,60.74762191820012,1202.9289123535157,1300.814886823128,1105.0429378839033,0.16274606664511818,42.411795479910715,6588489.35,0.5609883849929879,0.5253973081659892,0.02229151582275884
2022-12-11,1245.4107666015625,1267.458984375,1233.783935546875,1239.8662109375,8792153,0.003960971656301604,0.003953147661679311,1233.719677734375,1240.815673828125,1210.088201904297,1231.6595033125664,1236.9666720540229,-5.307168741456508,-15.142814936806653,9.835646195350146,63.034625194113566,1210.088201904297,1297.328005123615,1122.848398684979,0.14418751142607633,42.51646205357143,7004064.4,1.2552929981626095,0.34526545486473814,0.021187299585471303
2022-12-12,1239.33837890625,1252.02490234375,1222.3302001953125,1246.07421875,17788480,-0.004875811144529174,-0.004887736691957546,1241.0552001953124,1238.0780517578125,1216.403515625,1232.8408687885178,1237.1423540430765,-4.301485254558656,-12.974549000357054,8.673063745798398,64.86100666607186,1216.403515625,1291.5023888021262,1141.3046424478737,0.12347690912178882,41.56231689453125,7862566.8,2.2624265653297853,0.5727681193833685,0.021314747043125224
2022-12-13,1279.22705078125,1316.16650390625,1233.85009765625,1239.200439453125,11963766,0.032185456816243185,0.03167835713143287,1247.6669189453125,1242.522021484375,1222.6239318847656,1239.9772044797073,1240.2597389866448,-0.2825345069375089,-10.436146101673145,10.153611594735636,65.91740760154681,1222.6239318847656,1296.849026535724,1148.3988372338072,0.12141933871118481,44.045218331473215,8440983.45,1.4173426675774374,0.5512504151563042,0.020922252888129392
2022-12-14,1283.0943603515625,1309.884521484375,1267.646484375,1279.9683837890625,40383925,0.0030231611878053233,0.0030186006252534976,1257.5135498046875,1246.2950073242187,1228.28955078125,1246.6106130753774,1243.4326739025646,3.177939172812785,-7.713329046775959,10.891268219588744,57.48597335773271,1228.28955078125,1302.8294003243327,1153.7497012381673,0.12137178810268613,40.944580078125,10437482.6,3.8691250129605006,0.3657337563510121,0.020849563790461535
2022-12-15,1243.3145751953125,1287.912841796875,1232.3770751953125,1283.373291015625,8489828,-0.031003008340984795,-0.031493771679249695,1258.0770263671875,1246.281201171875,1231.477313232422,1246.1035303245983,1243.4239258501755,2.679604474422831,-5.6347423425362,8.31434681695903,49.62530363096934,1231.477313232422,1302.6180611034197,1160.3365653614242,0.11553724474917884,43.138828822544646,10844696.65,0.7828552770076791,0.1969451520585082,0.022306613419766058
2022-12-16,1163.4176025390625,1253.9415283203125,1160.602783203125,1243.3883056640625,11375421,-0.06426126923164155,-0.0664189752641226,1241.6783935546875,1237.6990356445312,1230.8334838867188,1233.3826183575927,1237.4975315308336,-4.114913173240893,-5.33077650867714,1.2158633354362465,34.520202731600875,1230.8334838867188,1304.2729473657355,1157.394020407702,0.11933289830093018,47.482203892299104,11397857.15,0.9980315466578733,0.030157029989013703,0.026891474070906866
2022-12-17,1176.43115234375,1179.18994140625,1155.29736328125,1163.3099365234375,7446622,0.011185622235976522,0.011123525792734717,1229.0969482421874,1235.07607421875,1231.2380981445312,1224.620854355463,1232.974096035494,-8.353241680031033,-5.935269542947919,-2.4179721370831135,40.72937965999671,1231.2380981445312,1303.3041461960588,1159.1720500930037,0.11706273248063179,46.391575404575896,11758103.8,0.6333182736488514,0.884533638148548,0.026960488601950054
2022-12-18,1160.5067138671875,1176.076416015625,1148.322509765625,1176.076416015625,4427878,-0.013536226446262511,-0.013628676389650618,1205.352880859375,1226.5098999023437,1231.5663513183595,1214.75714043419,1227.6061418008046,-12.84900136661463,-7.3180159076812625,-5.530985458933367,36.744474822596715,1231.5663513183595,1302.1954499465246,1160.9372526901943,0.11469799991297025,45.94561767578125,11966264.25,0.3700301035889292,0.4390086205314761,0.026992666301058843
2022-12-19,1151.421875,1172.093017578125,1133.1644287109375,1160.9818115234375,20390064,-0.00782833805149985,-0.00785914034899889,1179.0183837890625,1218.265966796875,1229.8912048339844,1205.0132534443146,1221.9628627785228,-16.949609334208162,-9.244334592986645,-7.705274741221517,35.93909345166202,1229.8912048339844,1306.513053262994,1153.2693564049748,0.1245993924143108,45.63299560546875,12970839.45,1.5719926284339292,0.4689984100544041,0.026325456946259446
2022-12-20,1192.3203125,1192.3203125,1136.72119140625,1152.5562744140625,22806986,0.035519941376830344,0.0349036593955781,1168.81953125,1213.4482788085938,1227.1302429199218,1203.0604932990354,1219.7671183134469,-16.70662501441143,-10.736792677271604,-5.969832337139826,42.14628115599304,1227.1302429199218,1305.0430970604011,1149.2173887794424,0.12698383825190046,47.378758021763396,13599645.8,1.677027941418886,0.999999999820141,0.024691459380791543
2022-12-21,1173.1126708984375,1193.191162109375,1168.274169921875,1192.1939697265625,5369418,-0.016109464378149196,-0.016240632404725213,1170.758544921875,1206.2184692382812,1223.517071533203,1198.4531360066358,1216.3112333197425,-17.858097313106782,-12.16105360443864,-5.697043708668142,45.58981717795525,1223.517071533203,1304.5087509999391,1142.525392066467,0.13239158055268402,44.015345982142854,12881037.05,0.41684671654600974,0.19418479318093465,0.024892710254610848
2022-12-22,1190.63134765625,1192.840576171875,1158.2236328125,1173.3111572265625,11308077,0.01493349888071327,0.014823092003205335,1173.598583984375,1201.3477661132813,1219.712908935547,1197.2497839527302,1214.4090195668912,-17.159235614160934,-13.1606900063831,-3.998545607777835,41.01368962544926,1219.712908935547,1299.2965081717973,1140.1293096992965,0.13049562508230503,42.737583705357146,12699170.7,0.8904579099799014,0.9361807164182073,0.024805194415030946
2022-12-23,1189.712890625,1198.46630859375,1180.7431640625,1190.24365234375,29113481,-0.0007714033676822218,-0.000771701052359878,1179.4398193359375,1192.3963500976563,1217.4591857910157,1196.0902619023102,1212.5796766823066,-16.489414779996423,-13.826434961105766,-2.6629798188906566,42.58312487259593,1217.4591857910157,1297.794713592752,1137.1236579892793,0.13197243692328006,41.904427664620535,13863411.6,2.1000228399768495,0.5061024324223771,0.024238707603522185
2022-12-24,1197.515625,1205.1849365234375,1180.5247802734375,1189.7149658203125,6182189,0.00655850200202579,0.006537088603323419,1188.6585693359375,1183.8384765625,1215.0667419433594,1196.309548532724,1211.4638210021358,-15.154272469411808,-14.092002462766976,-1.062270006644832,42.80733449443899,1215.0667419433594,1294.7504576075628,1135.383026279156,0.13115940534551787,41.80320521763393,13756454.05,0.4494028023159064,0.6889998809181309,0.024198626761151504
2022-12-25,1190.2822265625,1204.6080322265625,1173.045166015625,1197.515625,3684767,-0.0060403374173092494,-0.006058654051715729,1188.2509521484376,1178.5352416992187,1212.408221435547,1195.3822682296127,1209.8948140066072,-14.512545776994557,-14.176111125612493,-0.3364346513820635,40.84569851431342,1212.408221435547,1291.6510296822444,1133.1654131888495,0.1307196814499828,41.652335030691965,12993243.5,0.283591006356496,0.5461183539611699,0.024218213945798987
2022-12-26,1196.5601806640625,1196.9515380859375,1183.644287109375,1190.5994873046875,5757542,0.005274340792009502,0.005260480172340907,1192.9404541015624,1181.8494995117187,1209.774267578125,1195.5634855272203,1208.9070633886408,-13.3435778614205,-14.009604472774093,0.666026611353594,42.90136548430027,1209.774267578125,1287.3468326234677,1132.2017025327825,0.12824304025020614,40.481802804129465,12505909.2,0.4603857190966971,0.9705906627694789,0.024227450597516305
2022-12-27,1174.5302734375,1197.5465087890625,1172.093017578125,1196.5240478515625,10121120,-0.018411031540709,-0.018582623974491494,1189.7202392578124,1181.6594116210938,1208.367742919922,1192.3276067441864,1206.360634503371,-14.033027759184733,-14.01428913005622,-0.01873862912851365,31.53196994387733,1208.367742919922,1287.488050408546,1129.2474354312978,0.1309540211615321,36.420166015625,12592313.9,0.8037537882533249,0.0957533030820607,0.023117478875059865
2022-12-28,1162.3255615234375,1180.78857421875,1161.727294921875,1174.4805908203125,14185770,-0.010391142902041128,-0.010445507764082434,1184.2427734375,1181.8412963867188,1204.1755981445312,1187.711907479456,1203.0987772455983,-15.386869766142354,-14.288805257273445,-1.0980645088689087,29.305634809208343,1204.1755981445312,1283.7463100868165,1124.604886202246,0.13215798769696505,34.764683314732146,12765454.9,1.1112623961406969,0.03138648733543912,0.021470350089010434
2022-12-29,1176.5572509765625,1185.45703125,1158.5465087890625,1162.3255615234375,5745963,0.012244150799257891,0.012169797498281903,1180.0510986328125,1184.354833984375,1201.310400390625,1185.9958064790108,1201.1327382627069,-15.136931783696127,-14.45843056255798,-0.6785012211381467,37.463102904726405,1201.310400390625,1280.5063161082453,1122.1144846730049,0.13184921347866196,32.720023018973215,12451475.8,0.46146843091483175,0.6692825160474317,0.021680002950628
2022-12-30,1175.7313232421875,1183.5611572265625,1155.81689453125,1176.5299072265625,14575421,-0.0007019868635287363,-0.0007022333716774257,1177.14091796875,1182.6959350585937,1198.0721069335937,1184.4166552118072,1199.2511519648906,-14.834496753083386,-14.533643800663063,-0.30085295242032295,53.28940674981543,1198.0721069335937,1275.8043338018583,1120.339880065329,0.12976218446019322,28.034702845982142,12995443.55,1.121579340014139,0.717785472350082,0.021611429607958553
2022-12-31,1177.536865234375,1184.40869140625,1169.3408203125,1176.0545654296875,120171839,0.0015356756739359767,0.0015344977298540612,1173.3362548828125,1183.1383544921875,1194.6784118652345,1183.35822598451,1197.6426862811486,-14.2844602966386,-14.48380709985817,0.1993468032195711,50.314186611168914,1194.6784118652345,1269.5837202628386,1119.7731034676303,0.12539827899067085,27.404366629464285,18564427.85,6.4732314925611885,0.5439417994380916,0.02158033228888096
2023-01-01,1180.9114990234375,1184.810302734375,1170.0313720703125,1177.7342529296875,3574524,0.002865841307134742,0.002861742612873481,1174.6125,1182.1663696289063,1191.7570678710938,1182.9818064520373,1196.4033390768736,-13.421532624836345,-14.271352204853805,0.8498195800174599,56.24325834471261,1191.7570678710938,1263.8325473756586,1119.681588366529,0.1209566638162549,26.452244349888392,17853730.05,0.20021160788190587,0.7361917579206169,0.021606277078725096
2023-01-02,1186.0303955078125,1194.8743896484375,1171.5289306640625,1180.911376953125,7061169,0.004334699500011752,0.004325331751295023,1179.353466796875,1181.7981201171874,1187.097235107422,1183.4508201529256,1195.6349728865728,-12.184152733647124,-13.853912310612468,1.669759576965344,60.85256273335768,1187.097235107422,1246.254778704258,1127.939691510586,0.09966756192719577,25.339163643973215,17608600.2,0.4010068330133363,0.6211685470499455,0.020120832212750076
2023-01-03,1185.2254638671875,1194.3857421875,1173.2947998046875,1185.8756103515625,6609925,-0.0006786770757931659,-0.0006789074813329728,1181.087109375,1180.5691040039062,1182.203790283203,1183.723842262812,1194.8638981443962,-11.140055881584203,-13.311141024806817,2.171085143222614,47.02784025069624,1182.203790283203,1220.4063267336742,1144.001253832732,0.06462935876955618,22.874293736049108,15919900.2,0.415198896787054,0.5656771442591301,0.020073874752081326
2023-01-04,1236.879638671875,1244.989013671875,1180.407470703125,1185.2286376953125,8131571,0.043581728860388136,0.04265876632762158,1193.3167724609375,1185.2288452148437,1181.8820434570312,1191.9016570949757,1197.9761752205059,-6.074518125530176,-11.86381644495149,5.789298319421315,71.00338624866211,1181.8820434570312,1217.9672072037458,1145.7968797103165,0.06106390049072032,25.707475934709823,15901987.35,0.5113556451168979,0.8744320027679067,0.021615982623529883
2023-01-05,1236.9334716796875,1243.707763671875,1220.0362548828125,1236.62939453125,3888033,4.352323874479147e-05,4.352229163611678e-05,1205.19609375,1189.2661743164062,1185.5578369140626,1198.8296285695467,1200.861900884149,-2.0322723146023236,-9.897507618881658,7.865235304279334,67.23359748911165,1185.5578369140626,1228.1196321686582,1142.996041659467,0.07180045364194372,24.9256591796875,15527617.95,0.2503946846528382,0.7138208612010488,0.015468089495712989
2023-01-06,1229.8447265625,1245.445556640625,1209.1829833984375,1236.81982421875,7388899,-0.0057309024935361386,-0.005747387126618449,1214.9827392578125,1194.7976196289062,1188.228515625,1203.6011821069242,1203.0087768603232,0.5924052466009471,-7.799525045785137,8.391930292386084,64.28107249655528,1188.228515625,1234.8852400810438,1141.5717911689562,0.07853156836840035,26.249904087611608,15524731.8,0.4759437454500824,0.5697814940040445,0.015469826147336342
2023-01-07,1236.379150390625,1244.0531005859375,1223.856201171875,1230.0809326171875,33713569,0.005313210429733761,0.005299145126478798,1225.052490234375,1202.202978515625,1192.0221374511718,1208.6439464582627,1205.4806563810864,3.1632900771762706,-5.606962021192855,8.770252098369125,63.95571273771659,1192.0221374511718,1241.4444661041175,1142.5998087982261,0.08292183022476819,25.931100027901785,16989016.35,1.9844332541359875,0.6200431539422437,0.015019667957164305
2023-01-08,1259.1114501953125,1259.190673828125,1231.438720703125,1236.620361328125,4039248,0.018386188247759838,0.01821920596147219,1239.8296875,1210.4583984375,1197.4066162109375,1216.4081778024242,1209.4533077747328,6.954870027691413,-3.094595611416001,10.049465639107414,72.24061640361279,1197.4066162109375,1251.4532501644942,1143.3599822573808,0.09027281663864756,25.658891950334823,16171475.55,0.24977609417960625,0.9971452948761078,0.015142850072600677
2023-01-09,1291.0877685546875,1306.8839111328125,1253.5714111328125,1257.4532470703125,23673443,0.02539593961631814,0.025078820554979203,1250.6713134765625,1221.99404296875,1202.344989013672,1227.8973456104648,1215.5003048695442,12.397040740920602,0.0037316590513203365,12.393309081869281,76.19420998936496,1202.344989013672,1270.612991610806,1134.076986416538,0.11355809392633102,28.516409737723215,16214798.4,1.459989968176231,0.7037065869137245,0.014193900007676268
2023-01-10,1315.6378173828125,1325.8150634765625,1287.6287841796875,1291.18115234375,7347965,0.019015011547671712,0.01883648577846842,1266.4121826171875,1235.8041381835938,1209.4712463378905,1241.3958797292876,1222.9178983890456,18.477981340241968,3.698581595289451,14.779399744952517,88.56320853602637,1209.4712463378905,1292.9515138037748,1125.9909788720063,0.13804423663423301,29.425894601004465,16313725.75,0.4504161166249837,0.7334842176698345,0.013729547793040687
2023-01-11,1347.8834228515625,1349.3043212890625,1299.4405517578125,1315.6544189453125,22577230,0.02450948508982198,0.024213946916353292,1290.019921875,1252.5013305664063,1217.3338500976563,1257.778578671176,1232.1746039047875,25.603974766388546,8.079660229509273,17.524314536879274,95.70456633745292,1217.3338500976563,1320.6159008988673,1114.0517992964453,0.16968566312836128,31.626072474888392,16877183.4,1.3377368406152417,0.9715043916540534,0.014221598632700611
2023-01-12,1393.51220703125,1410.385986328125,1357.3353271484375,1366.1304931640625,28452937,0.03385217401305818,0.03329180069461957,1321.446533203125,1273.24951171875,1227.5238159179687,1278.660675341957,1244.125537469711,34.53513787224597,13.370755758056614,21.164382114189355,96.27993960910489,1227.5238159179687,1356.3797555236067,1098.6678763123307,0.20994450443191895,34.168361118861604,16844156.2,1.68918743463089,0.6819308267868783,0.01537401961156641
2023-01-13,1422.3819580078125,1429.4652099609375,1380.4638671875,1393.483154296875,9639279,0.02071725732354146,0.020505573625959114,1354.100634765625,1296.9651611328125,1238.7671325683593,1300.7716419059348,1257.3297167688295,43.44192513710527,19.38498963386635,24.056935503238922,96.99217449062557,1238.7671325683593,1393.2845566894762,1084.2497084472425,0.24946968652736684,35.68672398158482,17017010.7,0.566449605629031,0.8554477987587078,0.015625758369574194
2023-01-14,1502.7335205078125,1530.069580078125,1420.1827392578125,1422.4305419921875,45778065,0.05649084765708112,0.05495289514679783,1396.42978515625,1323.5505493164062,1254.389697265625,1331.8427001523776,1275.5077763050504,56.33492384732722,26.774976476558525,29.559947370768693,97.68503022008412,1254.389697265625,1446.8012301801057,1061.9781643511444,0.3067811116974381,42.459507533482146,19121675.6,2.3940404574168173,0.7512344574313052,0.018500823781964323
2023-01-15,1518.438232421875,1536.1754150390625,1481.786376953125,1502.960205078125,20348930,0.010450763026005783,0.010396531316681874,1436.9898681640625,1351.701025390625,1270.4835998535157,1360.5497051169154,1293.5026249062967,67.04708021061879,34.829397223370584,32.2176829872482,97.7658188421645,1270.4835998535157,1493.8796571200025,1047.0875425870288,0.3516709027841745,45.28880092075893,19851245.0,1.0250707197457893,0.6738831343937235,0.01843962176370515
2023-01-16,1542.8001708984375,1557.827880859375,1506.6285400390625,1518.6416015625,26321258,0.016044076048918887,0.015916730153233385,1475.9732177734375,1382.9965698242188,1288.8970947265625,1388.588238314073,1311.9691097946036,76.61912851946931,43.187343482590336,33.43178503687898,97.88121709521793,1288.8970947265625,1538.199566079223,1039.594623373902,0.3868461995494676,47.27836390904018,20661251.9,1.2739430373045304,0.706486260814507,0.016987322704176584
2023-01-17,1534.0797119140625,1583.0716552734375,1529.01904296875,1542.8994140625,23207676,-0.005652358062221863,-0.005668393090415102,1504.08671875,1412.7666259765624,1307.4848022460938,1410.9715419448405,1328.4217469886378,82.54979495620273,51.059833777312825,31.489961178889907,95.84485143889694,1307.4848022460938,1572.022049009284,1042.9475554829035,0.4046505876148598,49.63276890345982,21112347.2,1.0992466057966308,0.0936248726675766,0.01666112399671539
2023-01-18,1507.7830810546875,1569.904541015625,1497.0089111328125,1533.306396484375,20515221,-0.01714163263821855,-0.01729025124855946,1521.166943359375,1437.6337890625,1324.04609375,1425.8656248848167,1341.707771734271,84.15785315054563,57.67943765195939,26.478415498586244,88.14304615546442,1324.04609375,1595.4543646477837,1052.6378228522162,0.40996800969231173,50.226632254464285,21850810.1,0.9388769069024127,0.14780268635743463,0.01806965491353516
2023-01-19,1537.323974609375,1539.1507568359375,1499.6829833984375,1507.41650390625,68204240,0.01959227021835508,0.019402812300771205,1528.0850341796875,1462.2574096679687,1342.1257263183593,1443.0130633039796,1356.1978608361305,86.81520246784908,63.50659061513734,23.308611852711735,89.05210684361154,1342.1257263183593,1620.0311840089937,1064.2202686277249,0.4141273090010254,51.35493687220982,24532251.05,2.7801867778456475,0.9537145859268579,0.017849977144947207
2023-01-20,1629.5802001953125,1629.9588623046875,1522.5069580078125,1538.004638671875,14189961,0.060010919695296705,0.05827920967025118,1550.313427734375,1493.6516479492188,1364.7278930664063,1471.7156997488,1376.4484044923663,95.26729525643373,69.85873154339663,25.408563713037097,92.54590210409492,1364.7278930664063,1659.3008323825693,1070.1549537502433,0.43169475880541613,56.439889090401785,19233157.15,0.7377863597396958,0.9964759850296039,0.020372659909615794
2023-01-21,1614.9197998046875,1650.492919921875,1610.2139892578125,1629.7850341796875,11355536,-0.008996427662086193,-0.009037139877703982,1564.737353515625,1520.3552856445312,1386.4283081054687,1493.7470997573982,1394.112952293279,99.63414746411922,75.81381472754116,23.820332736578067,89.60494988276902,1386.4283081054687,1687.8502512048262,1085.006365006111,0.43481792940486863,57.874319893973215,19622207.75,0.5787083769918805,0.11683057291054881,0.020956927236039386
2023-01-22,1603.1761474609375,1634.4881591796875,1591.3892822265625,1614.784912109375,12707719,-0.007271972481339484,-0.007298542160905579,1578.556640625,1541.3216796875,1407.285595703125,1510.582337865635,1409.5991148982907,100.98322296734432,80.8476963755018,20.13552659184252,86.84510086794381,1407.285595703125,1708.0502057211547,1106.5209856850952,0.42743933560658404,58.970528738839285,19904535.25,0.6384333439787296,0.2734842776636554,0.02145116460327858
2023-01-23,1612.5760498046875,1622.1322021484375,1583.6005859375,1603.049560546875,727614276,0.00586329977441169,0.00584617752826405,1599.515234375,1560.3410888671874,1428.653125,1526.273678163951,1424.6344434098758,101.63923475407523,85.0060040512165,16.63323070285874,86.1767010370455,1428.653125,1723.658551449948,1133.6476985500522,0.4129839795085989,57.91475132533482,55954752.8,13.003618809660795,0.7519919149262851,0.02124199735058137
2023-01-24,1557.0418701171875,1623.138916015625,1552.69482421875,1612.7818603515625,26807553,-0.03443817716021902,-0.03504514722175307,1603.4588134765625,1565.771923828125,1444.6612365722656,1531.0072461567565,1434.4424009437507,96.56484521300581,87.31777228357437,9.24707292943144,75.39412878700327,1444.6612365722656,1730.4529770363122,1158.869496108219,0.3956522584383063,60.218880789620535,56888551.9,0.4712293089675218,0.0617091623575059,0.022951907120615334
2023-01-25,1597.9990234375,1605.5828857421875,1525.350341796875,1557.56005859375,20653772,0.026304464964214347,0.02596445220495194,1597.142578125,1573.7280029296876,1462.7145141601563,1541.3136734307172,1446.5577063136582,94.75596711705907,88.80541125027132,5.950555866787752,75.83698746804339,1462.7145141601563,1738.7040642285906,1186.724964091722,0.3773662562265591,62.38807896205357,57726838.85,0.35778456626852,0.9054764819757988,0.022993709382688077
2023-01-26,1574.068603515625,1610.6881103515625,1569.043212890625,1597.864013671875,30512184,-0.014975240642136067,-0.015088501722039504,1588.9723388671875,1576.8548461914063,1479.9257080078125,1546.35289344378,1456.0029579582483,90.34993548553166,89.1143160973234,1.2356193882082636,69.52687734825302,1479.9257080078125,1737.0578641435548,1222.7935518720703,0.3474933298940771,60.898245675223215,58883003.1,0.5181832174588935,0.12067242159755687,0.023480682498376374
2023-01-27,1577.7843017578125,1596.871826171875,1541.5037841796875,1573.84228515625,9195507,0.0023605694401682698,0.0023577876729703596,1583.8939697265625,1581.2253051757812,1496.9959655761718,1551.1884947228618,1465.0237982396975,86.16469648316433,88.5243921744916,-2.3596956913272606,67.773518650065,1496.9959655761718,1730.2742033050017,1263.7177278473418,0.3116618121800276,61.35300990513393,57657100.0,0.15948611706103846,0.6552609820786441,0.023538605870454823
2023-01-28,1558.851806640625,1590.650146484375,1548.7998046875,1576.8863525390625,34998603,-0.011999419119644417,-0.012071993298859498,1573.14912109375,1586.332177734375,1511.9829833984375,1552.367465787133,1471.9740210842106,80.39344470292235,86.89820268017776,-6.504757977255409,57.467408532891,1511.9829833984375,1717.8106503493113,1306.1553164475636,0.27226188285299535,56.493259974888396,59205067.75,0.591142014190162,0.24018924384205861,0.024114022734256755
2023-01-29,1631.4501953125,1632.534423828125,1556.245361328125,1558.8389892578125,10425066,0.04657170640763275,0.04551978077403265,1588.0307861328124,1595.7447998046875,1529.0011047363282,1564.5340395602664,1483.787071027047,80.74696853321939,85.6679558507861,-4.920987317566713,63.06048434424602,1529.0011047363282,1713.0601770592775,1344.942032413379,0.2407572783993374,58.057547433035715,58542648.9,0.1780764313860762,0.9857878902957699,0.025218663845225787
2023-01-30,1554.2767333984375,1631.572509765625,1541.0738525390625,1631.572509765625,18104502,-0.04730359660123129,-0.04845899544314136,1579.286328125,1588.214453125,1540.9330505371095,1562.9559924584464,1489.0085274990017,73.94746495944469,83.32385767251782,-9.37639271307313,51.1820297679995,1540.9330505371095,1695.2988589942274,1386.5672420799915,0.20035368623356092,60.86464146205357,59080475.75,0.30643798598727434,0.1458903508906526,0.0284143304717346
2023-01-31,1569.1392822265625,1582.0087890625,1548.46044921875,1554.474365234375,97114987,0.009562356888420886,0.009516926935792702,1578.3004638671875,1583.6364013671875,1551.9958435058593,1563.9072678073874,1494.9441389603026,68.96312884708482,80.45171190743122,-11.4885830603464,53.5658486632413,1551.9958435058593,1677.0360798840165,1426.955607127702,0.16113475677318745,59.400050571986604,62807363.6,1.5462356869250917,0.6163891595816489,0.02817354175031053
2023-02-01,1606.29638671875,1612.6463623046875,1550.7032470703125,1568.3707275390625,12596347,0.023679927532922695,0.023403906988261336,1584.002880859375,1583.9484252929688,1562.6350524902343,1570.4286707168278,1503.1924536090764,67.23621710775137,77.80861294749525,-10.572395839743876,59.80305006616583,1562.6350524902343,1665.0626073723797,1460.207497608089,0.13109593915599882,58.617728097098215,62014534.1,0.2031192716805398,0.8974869834866089,0.027771259982374428
2023-02-02,1630.4093017578125,1677.6434326171875,1607.0634765625,1607.5751953125,13820961,0.015011498026412884,0.01489994053442844,1598.3143798828125,1585.7317504882812,1573.0364196777343,1579.6564601077487,1512.615923842316,67.04053626543259,75.65499761108272,-8.614461345650128,59.36407015534271,1573.0364196777343,1655.8714727212125,1490.2013666342561,0.10531867159242057,60.89481898716518,62223618.2,0.22211760421222176,0.3307713194651996,0.027657338688042328
2023-02-03,1651.2503662109375,1655.4051513671875,1623.11865234375,1630.3668212890625,14253759,0.012782719302849577,0.012701709962497915,1602.2744140625,1595.1526000976562,1580.4622619628906,1590.670907200547,1522.8851417955473,67.78576540499967,74.08115116986612,-6.295385764866452,52.545721223148476,1580.4622619628906,1663.3888365722858,1497.5356873534954,0.10493964532427703,55.52586146763393,60647402.9,0.23502670054153302,0.8713150917370416,0.025173518478297224
2023-02-04,1649.313232421875,1667.9920654296875,1628.1583251953125,1651.017822265625,11429666,-0.0011731314818766991,-0.0011738201392567055,1621.2817138671876,1600.2840209960937,1587.0060119628906,1599.6928033884437,1532.2501855456455,67.4426178427982,72.75344450445253,-5.310826661654332,54.16490142485688,1587.0060119628906,1669.979618799508,1504.0324051262733,0.10456621614683279,55.49406215122768,60201439.7,0.18985702097752322,0.5310801119046266,0.025175787619491838
2023-02-05,1614.50830078125,1675.07421875,1601.613525390625,1649.5623779296875,13826912,-0.021102681380611332,-0.02132852589575531,1630.355517578125,1604.3279907226563,1590.5914184570313,1601.9721106796446,1538.3433792668013,63.62873141284331,70.92850188613069,-7.299770473287381,51.29968586223242,1590.5914184570313,1671.6983122012725,1509.48452471279,0.10198331614654349,57.66276332310268,59576722.4,0.2320858120922745,0.1755329932129486,0.02564071966750609
2023-02-06,1607.0457763671875,1633.6905517578125,1601.13818359375,1614.6041259765625,6745975,-0.004622165405065659,-0.004632880642731605,1630.5053955078124,1607.2541381835938,1594.2397216796876,1602.7526746315743,1543.4324457186817,59.32022891289262,68.60684729148308,-9.286618378590461,49.362901111857376,1594.2397216796876,1671.0964299110149,1517.3830134483603,0.09641800688587938,57.23567417689732,58753637.35,0.11481799773201616,0.18147966199720697,0.02562433180876723
2023-02-07,1641.229248046875,1643.484375,1602.9666748046875,1606.175048828125,49323381,0.021271000603953594,0.021047930607529453,1632.669384765625,1615.4918823242188,1600.9120300292968,1608.6721474646977,1550.676653298548,57.99549416614968,66.4845766664164,-8.489082500266719,60.200343904771564,1600.9120300292968,1668.8142825406487,1533.009777517945,0.08482946125416932,55.098074776785715,60194045.35,0.8194063169073915,0.9443421775743007,0.025503220961330016
2023-02-08,1631.0474853515625,1654.9482421875,1622.36767578125,1640.7225341796875,18781129,-0.006203741925406958,-0.00622306509108696,1628.62880859375,1615.451611328125,1605.5982055664062,1612.1145071396002,1556.630048265438,55.4844588741621,64.28455310796554,-8.800094233803435,54.326916468886594,1605.5982055664062,1667.7125323461037,1543.4838787867088,0.07737219257514724,51.694362095424104,57722889.8,0.3253670955330445,0.266410640607627,0.02535464522326795
2023-02-09,1540.133056640625,1634.916748046875,1533.653076171875,1632.101318359375,32791577,-0.05573990305459531,-0.05735362436185429,1606.7927734375,1614.0372436523437,1601.1258483886718,1601.0404378320654,1555.4080488858224,45.632388946243054,60.55412027562104,-14.921731329377984,46.21995818566695,1601.1258483886718,1668.6176188681177,1533.6340779092259,0.08430539116880505,55.952845982142854,58652970.6,0.5590778551291313,0.06399116630995748,0.02492751442665038
2023-02-10,1506.987548828125,1544.501708984375,1498.9185791015625,1540.0321044921875,40449022,-0.021521197580680274,-0.021756155723204714,1585.288623046875,1607.8220703125,1595.7292358398438,1586.57076260069,1551.821345177845,34.749417422845,55.39317970506583,-20.643762282220834,42.59924656043174,1595.7292358398438,1674.8376736758812,1516.6207980038064,0.09915020175011341,55.25392368861607,60107644.9,0.6729430518745878,0.1770165792813364,0.025253944711326765
2023-02-11,1523.6121826171875,1525.612548828125,1502.546630859375,1507.1849365234375,43907922,0.011031699500098968,0.010971294146293603,1568.601904296875,1599.5536499023438,1591.7510375976562,1576.8848272186126,1549.7317775807592,27.153049637853428,49.74515369162335,-22.592104053769923,46.298357871780496,1591.7510375976562,1677.043204323587,1506.4588708717256,0.10716772247833117,53.912179129464285,61667655.05,0.7120089447928506,0.9132761062108873,0.025427656296772485
2023-02-12,1507.97509765625,1533.7442626953125,1502.018798828125,1523.8095703125,32088775,-0.010263166138562152,-0.010316195573451118,1541.95107421875,1587.3102294921875,1586.5209899902343,1566.2833303628645,1546.6386901789438,19.64464018392073,43.72505099008283,-24.0804108061621,35.26685784399976,1586.5209899902343,1678.9647015897988,1494.0772783906698,0.11653638644911156,50.72906494140625,26891380.0,1.1932736438219236,0.18774505082675666,0.02541312443450319
2023-02-13,1474.7559814453125,1519.0093994140625,1460.977294921875,1508.17138671875,23267158,-0.022028955426762642,-0.02227521616143988,1510.6927734375,1569.660791015625,1582.4066955566407,1552.2021997601641,1541.3140450875635,10.888154672600649,37.15767172658639,-26.269517053985744,39.39961401898661,1582.4066955566407,1686.9121367353262,1477.9012543779552,0.13208417465893466,48.410025460379465,26714360.25,0.8709607036163256,0.23743213591225382,0.024748955149182395
2023-02-14,1526.7977294921875,1536.651123046875,1471.356689453125,1474.70361328125,5829446,0.035288379027879735,0.034680014988093276,1508.0257080078125,1557.4092407226562,1578.846630859375,1548.293819718937,1540.238762450869,8.055057268067912,31.337148834882697,-23.282091566814785,44.864745465409555,1578.846630859375,1685.934734848378,1471.758526870372,0.13565358648004253,50.677603585379465,25973143.95,0.22444129256057968,0.8490929008667962,0.02537140730451649
2023-02-15,1642.2694091796875,1647.2099609375,1519.6072998046875,1526.2666015625,18368387,0.0756299786520549,0.07290651658613775,1535.082080078125,1560.1853515625,1582.2566711425782,1562.7516027128984,1547.7965881344853,14.955014578413056,28.060721983588767,-13.10570740517571,53.666391709994116,1582.2566711425782,1692.9857348362034,1471.527607448953,0.13996346574246468,55.36757114955357,25365954.1,0.7241354662862849,0.9612817497412296,0.030497947681544218
2023-02-16,1628.8590087890625,1692.530029296875,1628.14404296875,1642.3739013671875,12946033,-0.00816577372486249,-0.008199296271538386,1556.1314453125,1562.3666748046876,1584.8104064941406,1572.9219728784622,1553.8012118866761,19.120760991786028,26.27272978522822,-7.15196879344219,49.83846924810614,1584.8104064941406,1697.444645326142,1472.176167662139,0.14214222517779507,54.870352608816965,25553480.4,0.5066250388342404,0.011104370080747617,0.03059228252566451
2023-02-17,1671.5596923828125,1689.7386474609375,1624.3460693359375,1629.3505859375,7784284,0.026215088821895494,0.025877363005523388,1588.8483642578126,1565.3997192382812,1590.44580078125,1588.0970066483624,1562.5240622937974,25.572944354564925,26.13277269909556,-0.5598283445306365,52.02390921737895,1590.44580078125,1708.7470906860603,1472.1445108764397,0.14876494357330383,57.235072544642854,24192764.45,0.3217608312637459,0.7220027775844016,0.030861780527068266
2023-02-18,1673.977783203125,1685.825927734375,1641.7999267578125,1671.862060546875,5093573,0.0014466075195109784,0.0014455621908519888,1628.692724609375,1569.6927490234375,1592.5721801757813,1601.3094338106334,1570.7798934722662,30.52954033836727,27.012126226949906,3.517414111417363,52.45557166795409,1592.5721801757813,1715.4182362547872,1469.7261240967755,0.15427376869718598,57.534519740513396,23926189.8,0.2128869261080592,0.7308830174045047,0.029185453322342864
2023-02-19,1667.244384765625,1692.28955078125,1659.1629638671875,1674.209716796875,8216871,-0.004022394147081054,-0.004030505733724324,1656.7820556640625,1582.4038818359375,1598.2205627441406,1611.4532724190938,1577.9254113458483,33.527861073245504,28.315273196209027,5.212587877036476,55.56118235143886,1598.2205627441406,1724.0059200033704,1472.4352054849107,0.15740675622800987,54.653512137276785,23431808.25,0.3506716559102945,0.24395573612708393,0.026874602301374076
2023-02-20,1674.0089111328125,1698.509521484375,1647.9708251953125,1668.1378173828125,14488623,0.0040573094316573854,0.004049100747701515,1663.1299560546875,1599.1060180664062,1603.464044189453,1621.077216836589,1585.042707626364,36.034509210224996,29.859120399012227,6.17538881121277,57.071879300982815,1603.464044189453,1732.8370767658375,1474.0910116130685,0.16136692686711568,55.93824986049107,19300490.05,0.750686794089977,0.5152108749188888,0.02684122842648094
2023-02-21,1642.1993408203125,1691.2818603515625,1594.8944091796875,1674.6298828125,31267868,-0.019002031650461326,-0.019184890418369384,1665.7980224609375,1610.9647338867187,1605.2591918945313,1624.3267743725464,1589.2765323073972,35.05024206514918,30.897344732239617,4.152897332909561,50.10296636950195,1605.2591918945313,1735.7888919516577,1474.729491837405,0.16262756907571393,59.928946358816965,20234066.1,1.5453081869689058,0.4907789453978255,0.026855666413071008
2023-02-22,1619.0992431640625,1648.4005126953125,1592.65771484375,1642.0386962890625,19731054,-0.01406656127672723,-0.014166433024008017,1655.3059326171874,1622.0771484375,1604.6936889648437,1623.5225388020103,1591.4856220004835,32.036916801526786,31.12525914609705,0.9116576554297353,48.76565442258403,1604.6936889648437,1734.8621106002522,1474.525267329435,0.16223460281616442,61.58339146205357,20529570.75,0.9611040698452012,0.47434878288635884,0.026869626716155857
2023-02-23,1645.5224609375,1654.5416259765625,1614.02783203125,1618.718505859375,17404640,0.01631970238081326,0.01618796735644426,1649.6148681640625,1639.1537963867188,1604.407293701172,1626.90714220747,1595.488350810633,31.41879139683715,31.18396559624507,0.23482580059208047,62.561318907203805,1604.407293701172,1734.168985750917,1474.645601651427,0.1617565471799878,57.244114467075896,20687114.8,0.8413275687917582,0.777380389034638,0.026969706240038815
2023-02-24,1596.73193359375,1651.6329345703125,1591.655517578125,1644.0877685546875,13156751,-0.029650477888920834,-0.03009894031544171,1635.5123779296875,1646.147216796875,1601.7782287597656,1622.264802420744,1595.5804680538267,26.684334366917255,30.28403935037951,-3.599704983462253,60.312014511154636,1601.7782287597656,1729.8284554253232,1473.728002094208,0.15988508816817307,58.27227783203125,20773469.05,0.633343952728011,0.08463879022065676,0.027783653914252998
2023-02-25,1593.8157958984375,1610.638427734375,1567.16455078125,1596.7772216796875,7595580,-0.001826316386589144,-0.0018279861356642133,1619.4737548828125,1641.30185546875,1600.743603515625,1617.8880321865431,1595.449751597872,22.438280588671205,28.71488759803785,-6.276607009366646,58.32908991584419,1600.743603515625,1728.6950945077074,1472.7921125235425,0.15986506609936735,59.729989188058035,20461902.45,0.37120595304177106,0.6130404504708279,0.02739051944495661
2023-02-26,1625.8291015625,1633.1185302734375,1583.033447265625,1592.6546630859375,22659380,0.020085950802122943,0.01988688923831995,1616.19970703125,1640.9988647460937,1601.6827697753906,1619.1097351674596,1597.700073817474,21.409661349985527,27.253842348427387,-5.8441809984418605,63.45941514989294,1601.6827697753906,1730.1039095239785,1473.2616300268028,0.16035777142885388,61.041390555245535,21257572.7,1.0659439024287096,0.8544590867834829,0.027739946941050975
2023-02-27,1625.0008544921875,1657.41943359375,1608.916015625,1627.2454833984375,27135538,-0.0005094305849959735,-0.000509560388842343,1617.380029296875,1636.3429809570312,1600.8713500976562,1620.0160612174177,1599.722353867453,20.293707349964734,25.861815348734858,-5.568107998770124,68.5294594085175,1600.8713500976562,1728.442663059519,1473.3000371357934,0.15937734528646624,60.360770089285715,20148180.55,1.3467984333702032,0.3316227914955289,0.027324310167532433
2023-02-28,1605.5072021484375,1641.1416015625,1598.879150390625,1625.3695068359375,7495237,-0.011996087441961234,-0.012068621163123724,1609.3769775390624,1629.4959228515625,1599.5943359375,1617.7839290529591,1600.1508611475258,17.633067905433336,24.216065860074558,-6.582997954641222,60.554446110430895,1599.5943359375,1726.4028249140365,1472.7858469609637,0.15855081019928183,58.715628487723215,19583885.95,0.3827247063803494,0.15683074626431173,0.027422415280786417
2023-03-01,1654.1082763671875,1654.1082763671875,1603.7503662109375,1606.5428466796875,8079148,0.03027147692250365,0.029822337340792926,1620.85224609375,1628.1823120117188,1605.2930969238282,1623.372290178225,1604.1477067193528,19.224583458872303,23.21776937983411,-3.993185920961807,51.93443690222023,1605.2930969238282,1731.0903227265594,1479.495871121097,0.1567280467894522,53.198146275111604,18348264.5,0.44032218960000274,0.9999999998014214,0.02492335312246661
2023-03-02,1634.48291015625,1656.544921875,1618.1588134765625,1654.072021484375,12284118,-0.01186462004412403,-0.011935566374395837,1628.9856689453125,1624.2297119140626,1611.6678649902344,1625.0816163286904,1606.3947588257897,18.686857502900693,22.31158700444743,-3.624729501546735,50.900637254959456,1611.6678649902344,1729.1356976715724,1494.2000323088964,0.1457717625734875,51.341012137276785,16940019.3,0.7251537192758688,0.42526052669875136,0.024495544726393714
2023-03-03,1564.19970703125,1637.80908203125,1554.24755859375,1634.4329833984375,11607034,-0.043000267967489014,-0.043952167537047504,1616.6597900390625,1616.4297485351562,1613.6972412109376,1615.7151687444687,1603.2691994336017,12.445969310866985,20.33846346573134,-7.892494154864355,34.20249349324358,1613.6972412109376,1726.0508569543856,1501.3436254674896,0.13924993223528911,52.6387939453125,15324974.9,0.7573933448987248,0.11909965288931972,0.02660803647379312
2023-03-04,1560.4222412109375,1576.0328369140625,1552.5396728515625,1563.8502197265625,5734705,-0.0024149511109945454,-0.0024178718086042754,1603.7440673828125,1610.5620483398438,1616.319598388672,1607.2085645085408,1600.0953506763674,7.113213832173415,17.693413539019755,-10.58019970684634,33.35742585912814,1616.319598388672,1720.4292166857506,1512.2099800915933,0.12882305999490049,51.17216273716518,14007271.4,0.4094091444533587,0.3355260421733472,0.0264807269575968
2023-03-05,1556.1292724609375,1574.2608642578125,1554.479248046875,1559.845458984375,3717447,-0.0027511583958637065,-0.00275494978753255,1593.8684814453125,1601.6227294921875,1620.3882629394532,1599.3502118858326,1596.8386041418912,2.5116077439413402,14.657052380004071,-12.14544463606273,33.5977618478378,1620.3882629394532,1705.9032933486938,1534.8732325302126,0.10554881489219464,50.21895054408482,13029785.85,0.28530376805847507,0.08341201222557644,0.025903131645940762
2023-03-06,1561.5426025390625,1570.2877197265625,1545.0264892578125,1556.087158203125,6610194,0.0034787148946591184,0.00347267816199684,1575.3553466796875,1598.1037963867188,1622.125506591797,1593.533656601714,1594.2240855046448,-0.690428902930762,11.587556123417105,-12.277985026347867,33.33181364248186,1622.125506591797,1700.7708270064766,1543.4801861771173,0.0969657650965851,48.413417271205354,13068823.25,0.5057987145093572,0.6538126990743194,0.024768093515263243
2023-03-07,1552.755126953125,1571.5462646484375,1536.58349609375,1561.6898193359375,5876664,-0.005627432496333462,-0.0056433261496042515,1559.0097900390624,1593.9977294921875,1617.6497924804687,1587.2600366557774,1591.1523107971248,-3.892274141347343,8.491590070464216,-12.38386421181156,35.77297084449947,1617.6497924804687,1701.485462484001,1533.8141224769365,0.10365119866269745,44.02593994140625,12444237.1,0.47223979684540085,0.46253862389228506,0.017572069635151746
2023-03-08,1522.3289794921875,1558.046630859375,1522.3289794921875,1552.410400390625,7854399,-0.019594942520422265,-0.019789468753584425,1550.63564453125,1583.6477172851562,1612.323291015625,1577.2706432459945,1586.0542862560183,-8.783643010023752,5.036543454366622,-13.820186464390375,34.95824507103613,1612.323291015625,1706.1068845026493,1518.5396975286008,0.1163334847416968,42.595572335379465,12189655.4,0.644349552326147,0.0,0.017942782050485148
2023-03-09,1437.46728515625,1535.6734619140625,1422.9351806640625,1522.7823486328125,4990651,-0.055744648810564845,-0.05735865027358218,1526.0446533203126,1564.8943603515625,1600.618670654297,1555.7624343091106,1575.0478417301094,-19.28540742099881,0.17215327929353427,-19.457560700292344,22.632284112418446,1600.618670654297,1718.5871590577772,1482.6501822508167,0.1474036140728727,47.754464285714285,12049973.75,0.414162810935584,0.12890124214926763,0.020095881681919232
2023-03-10,1432.9056396484375,1437.939208984375,1369.75537109375,1437.939208984375,18509854,-0.003173390834641965,-0.003178436717202767,1501.3999267578124,1547.6342041015625,1588.5650634765625,1536.8613889766996,1564.5187897240598,-27.65740074736027,-5.393757526037229,-22.263643221323044,25.612501785361886,1588.5650634765625,1723.07704116454,1454.053085788585,0.16935029075057104,48.34063720703125,12720787.8,1.455087081949437,0.9261765030992578,0.020016194958450504
2023-03-11,1478.0694580078125,1486.640625,1410.056396484375,1433.408447265625,137862816,0.0315190457136143,0.031032517453343515,1484.7052978515626,1530.030322265625,1579.1063171386718,1527.8164765199479,1558.1151355228565,-30.298659002908607,-10.374737821411507,-19.9239211814971,34.694876996522495,1579.1063171386718,1716.8883557327954,1441.3242785445482,0.17450634843103355,50.705662318638396,19203085.05,7.179201448154811,0.8880818261514564,0.021840585039876133
2023-03-12,1569.0272216796875,1576.93994140625,1460.7803955078125,1477.51611328125,80692781,0.06153822012834942,0.0597190072862734,1487.959716796875,1523.4847534179687,1573.8572326660155,1534.1565911599077,1558.9234382011405,-24.766847041232722,-13.253159665375753,-11.51368737585697,43.50202722573801,1573.8572326660155,1704.2150449556032,1443.499420376428,0.16565392283869315,55.425266810825896,22513292.95,3.584228268126365,0.9318805899706282,0.026489667972424403
2023-03-13,1659.4888916015625,1675.794921875,1566.2174072265625,1569.4345703125,312366630,0.05765462107472752,0.05605383503235099,1515.39169921875,1533.013671875,1574.7217102050781,1553.438483535547,1566.3727310456163,-12.934247510069326,-13.189377234314469,0.25512972424514224,53.27392830142677,1574.7217102050781,1707.199869004875,1442.2435514052813,0.168255962867933,59.78770228794643,36568231.05,8.542021887055432,0.8511918222067293,0.029420895582673644
2023-03-14,1692.8199462890625,1756.611083984375,1650.069580078125,1659.7764892578125,35834411,0.020085132751525903,0.01988608729518524,1566.4622314453125,1546.2534423828124,1578.4077453613281,1574.8817854976264,1575.7391914340196,-0.8574059363932065,-10.722982974730217,9.86557703833701,58.07636701804053,1578.4077453613281,1719.88178090837,1436.9337098142862,0.1792617097360426,64.37906319754464,37373398.9,0.9588213021749007,0.40125551676596055,0.029495527006589785
2023-03-15,1638.4892578125,1707.0863037109375,1620.346923828125,1692.9080810546875,31631709,-0.032094782788721354,-0.03262111260370568,1607.578955078125,1554.4894409179688,1578.056085205078,1584.6675504691455,1580.3873444990925,4.280205970052975,-7.722345185773578,12.002551155826552,48.570405125808946,1578.056085205078,1718.861077476455,1437.251092933701,0.17845372365593515,66.97773960658482,38084752.35,0.8305609738328783,0.20915913863800095,0.03028974531284674
2023-03-16,1662.728515625,1672.21435546875,1624.6898193359375,1638.7265625,28645155,0.014793662940983276,0.014685304085123058,1644.5107666015624,1564.6080322265625,1581.3559143066407,1596.6769297238923,1586.486690508419,10.190239215473184,-4.139828305524224,14.330067520997408,52.56364234248848,1581.3559143066407,1727.013460409075,1435.6983682042064,0.18421854913831853,67.63048444475446,38859172.55,0.7371529839741789,0.8004012111713242,0.02960561386148197
2023-03-17,1770.7264404296875,1782.53271484375,1651.50537109375,1663.2340087890625,46717012,0.06495222989791105,0.0629299435994407,1684.8506103515624,1586.4051635742187,1590.2014465332031,1623.4537775247838,1600.134079391476,23.31969813330784,1.3520769822421903,21.967621151065647,67.54380852932545,1590.2014465332031,1758.7354675910717,1421.6674254753345,0.21196562413559547,71.02090018136161,40815244.15,1.144597146799133,0.9098945755499112,0.032702624628952695
2023-03-18,1762.066650390625,1818.0009765625,1753.9329833984375,1770.1905517578125,36199339,-0.004890529582288861,-0.0049025273550451455,1705.366162109375,1610.3789306640624,1597.0133239746094,1644.7788348887595,1612.1290846506722,32.649750238087336,7.611611633411222,25.038138604676114,66.98815734236751,1597.0133239746094,1781.8363899848214,1412.1902579643975,0.23146089420247118,73.91910226004464,41492242.1,0.8724363198488133,0.12695367201669056,0.03260432533258907
2023-03-19,1783.2049560546875,1819.771728515625,1762.0302734375,1762.0302734375,23706005,0.011996314475037906,0.011924929035557275,1723.4431640625,1644.9526977539062,1604.9235290527345,1666.0751612219794,1624.8013714213398,41.27378980063963,14.344047266856906,26.92974253378273,68.60267993218967,1604.9235290527345,1807.4811399969774,1402.3659181084915,0.2524202646138504,76.63051932198661,41320765.45,0.5737068212999428,0.36671543148454955,0.03262247392180986
2023-03-20,1733.601318359375,1796.4322509765625,1729.5252685546875,1783.244140625,76084653,-0.027817126419982463,-0.028211350674870617,1742.465576171875,1675.022265625,1611.3282348632813,1676.4638007815786,1632.8606267500832,43.60317403149543,20.195872619784613,23.407301411710815,63.14386772438913,1611.3282348632813,1821.9052666370085,1400.751203089554,0.2613707464656874,79.60521589006696,44750236.25,1.700206733545457,0.06092114240599258,0.03324615867250542
2023-03-21,1791.4869384765625,1809.280517578125,1719.4044189453125,1733.46923828125,22181777,0.03339038768842695,0.03284503519078612,1768.2172607421876,1706.364013671875,1618.19716796875,1694.1596681192684,1644.6107239150076,49.548944204260806,26.06648693667986,23.482457267580948,66.96456500094465,1618.19716796875,1843.123420992599,1393.2709149449008,0.27799610267046615,83.52759660993304,45455367.7,0.48799026654887223,0.8020210113672366,0.033381109227031476
2023-03-22,1728.4443359375,1807.00341796875,1714.563720703125,1791.4405517578125,20282117,-0.035190098897775024,-0.0358241907254048,1759.76083984375,1722.3057250976562,1622.8952392578126,1699.4342323989965,1650.8206211018587,48.61361129713782,30.575911808771455,18.037699488366368,63.997923478766644,1622.8952392578126,1853.1166049687974,1392.6738735468277,0.2837168538571478,87.57917131696429,45855267.65,0.4423072427536033,0.15015859683083488,0.03437638672156204
2023-03-23,1800.8173828125,1822.1773681640625,1721.4959716796875,1728.473388671875,22117603,0.04187178341253617,0.04101888721165168,1767.510986328125,1736.43857421875,1634.726123046875,1715.03164015492,1661.9314923396842,53.100147815235914,35.08075901006435,18.019388805171566,75.10201665257195,1634.726123046875,1876.287118626539,1393.165127467211,0.29553696142009633,86.71796526227679,46380796.1,0.4768698439826909,0.7878457579523556,0.03358216586129441
2023-03-24,1746.689208984375,1806.1915283203125,1737.23876953125,1800.602294921875,17278739,-0.030057558498012837,-0.03051854790306154,1760.2078369140625,1741.8255004882812,1644.0394714355468,1719.9020353594515,1668.2098417207726,51.69219363867887,38.403045935787254,13.289147702891619,70.28825491717973,1644.0394714355468,1887.890392620654,1400.1885502504397,0.29664849953046535,86.77288818359375,46957997.8,0.3679615786344281,0.13705672721036205,0.03457030199025242
2023-03-25,1739.100341796875,1764.7156982421875,1719.0570068359375,1747.641845703125,25132073,-0.004344715218062567,-0.004354180920362543,1761.3076416015624,1751.8866088867187,1653.1880249023438,1722.855620965209,1673.460989874558,49.394631090651046,40.601362966760014,8.793268123891032,67.73938145753006,1653.1880249023438,1896.8810959883551,1409.4949538163326,0.29481591617554403,84.56392124720982,48028729.1,0.52327166408407,0.4389818091414693,0.03459388792867643
2023-03-26,1771.5787353515625,1788.5614013671875,1738.80908203125,1738.80908203125,13424926,0.018675399443099483,0.018503155351152326,1757.3260009765625,1762.771630859375,1663.6898315429687,1730.3514847169556,1680.7289710210027,49.622513695952875,42.40559311259859,7.2169205833542875,64.9537698090123,1663.6898315429687,1908.8521641348618,1418.5274989510756,0.2947212009639084,79.82054792131696,48369465.7,0.27754960295126846,0.6586557923553022,0.03469915451098002
2023-03-27,1713.898681640625,1785.8748779296875,1689.3582763671875,1771.3123779296875,19813790,-0.03255856065549978,-0.03310038371938405,1754.4168701171875,1757.0888549804688,1671.7470092773438,1727.820284243674,1683.1859866224563,44.634297621217684,42.85133401432241,1.7829636068952723,54.22123325073174,1671.7470092773438,1912.103219477668,1431.3907990770194,0.2875509378709456,78.88762555803571,49066322.0,0.40381649148269155,0.2542609755587341,0.0357183536471291
2023-03-28,1758.3394775390625,1770.5296630859375,1702.0526123046875,1713.5882568359375,15215346,0.02592965172007533,0.02559917882287599,1745.9212890625,1756.7161376953125,1683.5475341796875,1732.5155447506568,1688.7529118755383,43.76263287511847,43.033593786481624,0.7290390886368456,54.99701149040046,1683.5475341796875,1916.0624899586378,1451.0325784007373,0.27622024452341193,76.16873604910714,49434369.35,0.3077888157584031,0.8219814461046757,0.035481355408679645
2023-03-29,1786.8228759765625,1811.7532958984375,1756.923095703125,1757.911376953125,16689864,0.01619903255392119,0.016069228153739963,1753.9480224609374,1757.0779296875,1701.015313720703,1740.8705187854116,1696.0173536607995,44.85316512461213,43.39750805410773,1.455657070504401,61.77737234554586,1701.015313720703,1906.625093828647,1495.405533612759,0.24174947568015134,73.88950892857143,50019330.0,0.3336682838414669,0.5453159054950981,0.03219151774927753
2023-03-30,1772.4207763671875,1803.77734375,1758.063232421875,1786.952392578125,7639728,-0.008060171941499106,-0.008092830736078395,1760.612109375,1760.9598754882813,1717.9910705566406,1745.7244045672235,1701.6768664538654,44.04753811335809,43.52751406595781,0.5200240474002769,58.84753841043054,1717.9910705566406,1882.3145508423572,1553.667590270924,0.19129724607063847,73.76019287109375,49475823.7,0.15441335643695406,0.3140724718264071,0.03232640843561945
2023-03-31,1807.97607421875,1820.6214599609375,1769.60302734375,1776.580078125,20552058,0.020060303019262538,0.01986174615574563,1767.8915771484376,1762.6087890625,1734.4864013671875,1755.3015845136122,1709.5508818438568,45.750702669755356,43.972151786717326,1.7785508830380294,53.402041075251404,1734.4864013671875,1858.7556178354826,1610.2171848988924,0.14329223494671556,68.04527064732143,43610285.8,0.47126629929125574,0.7521408420248327,0.03204728873356777
2023-04-01,1796.33349609375,1819.3924560546875,1794.0946044921875,1807.1251220703125,11878855,-0.00643956426803427,-0.006460387706065002,1784.3785400390625,1769.397705078125,1745.8517150878906,1761.6141862951717,1715.9792236401452,45.634962655026584,44.30471396037918,1.330248694647402,53.112661413439284,1745.8517150878906,1845.554850372669,1646.1485798031122,0.11421718628578847,65.27597481863839,40169589.5,0.29571760995964375,0.08850125454907343,0.029893712189685347
2023-04-02,1789.7750244140625,1815.0250244140625,1772.5439453125,1804.824951171875,7795370,-0.003651032335559856,-0.0036577136214689743,1790.6656494140625,1768.2934692382812,1752.3660217285155,1765.9466229288473,1721.445579253028,44.501043675819346,44.34397990346722,0.15706377235212443,50.613036158905096,1752.3660217285155,1845.0913014623316,1659.6407419946995,0.10582866659598064,64.18594796316964,24941026.5,0.3125520916310321,0.4056177352818833,0.027495603719946943
2023-04-03,1790.9892578125,1815.65966796875,1757.9361572265625,1789.4228515625,34289685,0.0006784279486942157,0.0006781979204859282,1791.49892578125,1772.7234741210937,1757.2744873046875,1769.7993359878708,1726.5969628500259,43.202373137844916,44.115658550342765,-0.9132854124978493,55.88626087548806,1757.2744873046875,1847.0749113011718,1667.474063308203,0.1022042084435204,63.52998570033482,24863790.2,1.3791012844051427,0.5726107119131681,0.027244658607474024
2023-04-04,1852.092041015625,1861.8797607421875,1781.6883544921875,1790.786376953125,33608780,0.03411677816412784,0.03354770797237161,1807.4331787109375,1784.0226440429688,1767.9546264648438,1782.4597521459868,1735.8928945659961,46.56685757999071,44.605898356272355,1.9609592237183548,56.17548801053999,1767.9546264648438,1848.6146433112128,1687.2946096184749,0.09124670468229681,62.838221958705354,24962643.75,1.346363002917109,0.8779455281675903,0.026752050198113497
2023-04-05,1903.861083984375,1912.2235107421875,1844.8626708984375,1849.9447021484375,25742916,0.02795165781305431,0.027568140453558532,1826.6101806640625,1797.25087890625,1780.0112548828124,1801.1368801211236,1748.3349826710614,52.80189745006214,46.24509817503032,6.556799275031821,68.29478946047065,1780.0112548828124,1866.3331335825815,1693.6893761830434,0.09699026167725225,61.046875,24817531.8,1.0372875194623503,0.8758562573452392,0.02712636918901026
2023-04-06,1866.384765625,1907.506591796875,1856.723388671875,1904.9337158203125,20258883,-0.019684376488722122,-0.01988069436183035,1840.6204345703125,1812.4994873046876,1784.794171142578,1811.1750163524891,1757.0794110380198,54.09560531446937,47.815199602918135,6.280405711551232,57.375068378190164,1784.794171142578,1879.1742725748848,1690.4140697102714,0.10576020804896177,57.482718331473215,23494625.35,0.8622773378252656,0.19024749044367265,0.024061533404712277
2023-04-07,1858.6597900390625,1875.61474609375,1847.482421875,1866.251953125,6157929,-0.004139004844132765,-0.004147594233892839,1854.3973876953125,1822.5315185546874,1789.623828125,1818.4803661504234,1764.6038835566155,53.87648259380785,49.027456201096086,4.849026392711764,64.0625110191186,1789.623828125,1888.8674884759869,1690.3801677740132,0.11091007930416866,54.56697300502232,21992554.85,0.28000062030082873,0.3973140673759092,0.02404929605874979
2023-04-08,1845.058349609375,1869.4639892578125,1844.7403564453125,1857.2664794921875,23274971,-0.007317875225245851,-0.007344782222548784,1865.2112060546874,1828.3550659179687,1792.7164978027345,1822.5692866825698,1770.5634736345978,52.00581304797197,49.62312757047127,2.3826854775007007,63.10940025952749,1792.7164978027345,1894.9285443769043,1690.5044512285647,0.11403035192619387,53.07161167689732,21971003.15,1.0593494908310548,0.012861910963711894,0.024054549587196532
2023-04-09,1838.280517578125,1852.8564453125,1814.3897705078125,1846.3310546875,39655707,-0.003673505519586895,-0.0036802694108636026,1862.4489013671875,1834.9410400390625,1797.950457763672,1824.98639912804,1775.579550963748,49.40684816429189,49.5798716892354,-0.1730235249435097,58.812977546157484,1797.950457763672,1898.1169249209956,1697.7839906063482,0.11142294463654227,52.265494210379465,20149555.85,1.9680685418185035,0.6210764820563704,0.023065948040348564
2023-04-10,1886.6768798828125,1891.218017578125,1831.420654296875,1837.799072265625,8643411,0.02632697340906831,0.025986383511697103,1859.012060546875,1842.8111206054687,1802.7099548339843,1834.4772423210818,1783.8089827355304,50.66825958555137,49.7975492684986,0.8707103170527688,73.40244394834593,1802.7099548339843,1910.3505068494733,1695.0694028184953,0.11942082166557055,49.642691476004465,19472637.55,0.44387469226016585,0.924057893937658,0.022629106024041452
2023-04-11,1880.17333984375,1917.6954345703125,1876.80126953125,1886.96484375,31376054,-0.0034470873674279368,-0.003453042261719473,1861.769775390625,1851.1951049804688,1810.296405029297,1841.5074111707231,1790.9470832620652,50.56032790865788,49.95010499653046,0.6102229121274192,68.39232819277481,1810.296405029297,1917.2837918089629,1703.309018249631,0.11819875074870351,47.6724853515625,20027334.4,1.5666615123778032,0.08245847074892912,0.02086630169302043
2023-04-12,1902.6732177734375,1910.1678466796875,1850.51953125,1879.607177734375,46880261,0.011966916801169791,0.011895879422979436,1870.5724609375,1862.4849243164062,1815.3891967773438,1850.9175352634484,1799.2230932258706,51.6944420375778,50.298972404739935,1.395469632837866,67.81080697624316,1815.3891967773438,1929.9086251745662,1700.8697683801215,0.12616515356653635,48.016636439732146,21265467.3,2.2045253150867743,0.8743530498555641,0.01903233055150848
2023-04-13,1996.6129150390625,2013.1407470703125,1884.665283203125,1898.625244140625,94703229,0.04937248098522984,0.048192348356237744,1900.8833740234375,1883.0472900390625,1827.8853820800782,1873.3322090750812,1813.8445615083292,59.487647566752,52.13670743714235,7.350940129609654,77.69428562639521,1827.8853820800782,1963.4497597387933,1692.321004421363,0.14832918845759022,53.92816162109375,25136691.8,3.767529544201994,0.8713541750115857,0.02004754031694771
2023-04-14,2087.344970703125,2119.5830078125,1996.1522216796875,1996.638427734375,43559006,0.04544298746173703,0.04444070703833969,1950.6962646484376,1906.5725830078125,1845.2976135253907,1906.2572493255495,1834.103851078314,72.1533982472356,56.140045599161006,16.013352648074594,80.37019795521127,1845.2976135253907,2017.3850184895884,1673.210208561193,0.18651452611530717,59.100472586495535,26058038.45,1.6716149254127761,0.7388168857478168,0.021608406776789477
2023-04-15,2077.510498046875,2091.804443359375,2064.620361328125,2087.464111328125,16113986,-0.004711474525908033,-0.004722608507424306,1988.86298828125,1923.9375244140624,1860.5942016601562,1932.6039029749843,1852.1339730759853,80.469929898999,61.00602245912861,19.46390743987039,80.68739491767941,1860.5942016601562,2057.6651183998842,1663.5232849204278,0.2118365375576118,59.235203334263396,26192491.45,0.6152139452163494,0.47417958418423295,0.021711880093422075
2023-04-16,2113.27783203125,2121.024169921875,2070.818115234375,2078.248779296875,31465395,0.017216439588632948,0.01706991604418898,2035.48388671875,1948.6268310546875,1880.5631591796875,1960.3998920605636,1871.4779626282273,88.92192943233636,66.58920385377016,22.332725578566198,83.1906708156649,1880.5631591796875,2095.201043088677,1665.925275270698,0.22826979552509777,59.7869873046875,26775071.7,1.1751750042932658,0.8457090893260185,0.019535477530174695
2023-04-17,2072.880859375,2115.847900390625,2059.38916015625,2113.759521484375,21950321,-0.01911578877322584,-0.01930085775226562,2069.5254150390624,1970.0489379882813,1896.2902282714845,1977.7046562627847,1886.396695720581,91.30796054220377,71.53295519145688,19.775005350746895,76.7691781231612,1896.2902282714845,2119.1569130631738,1673.423543479795,0.23505545877841486,59.696646554129465,27111820.45,0.8096218046472051,0.23896564394375025,0.02027088497903973
2023-04-18,2092.86279296875,2104.595947265625,2059.04931640625,2072.806884765625,19583719,0.009639692268553546,0.009593526878034997,2088.775390625,1994.8293823242188,1911.5922241210938,1995.4212926790872,1901.6904807019268,93.73081197716033,75.97252654859757,17.758285428562758,74.80117754397682,1911.5922241210938,2144.606818914169,1678.5776293280187,0.2437911096862824,57.222019740513396,27256513.2,0.718496854542642,0.7423924869322391,0.020191900168757954
2023-04-19,1927.9859619140625,2091.84130859375,1927.0614013671875,2091.84130859375,28516258,-0.07878052570317229,-0.08205697111920882,2056.9035888671874,2003.7999267578125,1919.3704833984375,1985.046626407545,1903.6382941250479,81.40833228249721,77.0596876953775,4.348644587119708,52.015412632819434,1919.3704833984375,2143.0220418113345,1695.7189249855408,0.23304678314829497,64.25348772321429,28300339.7,1.007629530326804,0.005610881583685296,0.02789766807409175
2023-04-20,1935.3062744140625,1965.978759765625,1917.3741455078125,1927.65576171875,43312939,0.003796870228625737,0.0037896803105696513,2028.462744140625,2008.6628662109374,1925.736993408203,1977.394264562394,1905.9840704427527,71.41019411964135,75.92978898023027,-4.519594860588924,56.0632592296357,1925.736993408203,2143.200688649101,1708.2732981673055,0.22584983929298322,64.09787423270089,29438383.75,1.471308322081371,0.3689388173609109,0.02765902519079158
2023-04-21,1843.7744140625,1945.6202392578125,1832.3243408203125,1934.54248046875,39092496,-0.04729580096012187,-0.048450812763762036,1974.562060546875,2005.0229736328124,1928.1090393066406,1956.8373644854873,1901.375947747919,55.46141673756824,71.83611453169787,-16.37469779412963,48.85876440968917,1928.1090393066406,2140.60783004652,1715.6102485667611,0.22042196411909912,70.18098667689732,30799065.8,1.2692753817227793,0.10106344006348413,0.029873452175208533
2023-04-22,1868.3927001953125,1878.9189453125,1842.2562255859375,1844.1556396484375,29895408,0.013352113981541569,0.013263760112692834,1933.6644287109375,2001.594921875,1932.0399230957032,1943.2304930562295,1898.9327442255037,44.29774883072582,66.32844139150346,-22.030692560777638,51.75928429603502,1932.0399230957032,2136.521527388055,1727.5583188033513,0.21167430532668433,71.03377859933036,31904067.7,0.9370406394918727,0.7128896818669448,0.02995395125367012
2023-04-23,1859.0528564453125,1872.5159912109375,1837.2830810546875,1868.62451171875,11838140,-0.00499886546817685,-0.005011401591206256,1886.90244140625,1987.838916015625,1935.4431030273438,1930.2800874237807,1895.978678464008,34.30140895977274,59.923034905157316,-25.621625945384572,51.56009539880637,1935.4431030273438,2132.1585747624467,1738.7276312922406,0.20327693583697548,70.80279541015625,30781490.45,0.3845863155726431,0.6178818408102579,0.02999983403966644
2023-04-24,1834.958251953125,1881.9234619140625,1821.6910400390625,1859.490478515625,12026143,-0.012960688238987883,-0.013045410796732344,1868.2968994140624,1962.600244140625,1934.5864135742188,1915.6151896590643,1891.4586468706093,24.156542788455,52.76973648181686,-28.613193693361858,45.96853800352716,1934.5864135742188,2132.972410170102,1736.2004169783354,0.20509396241376268,70.83387102399554,29702358.6,0.40488848585916676,0.22026695090217688,0.029208565108176772
2023-04-25,1857.711181640625,1864.1099853515625,1804.1778564453125,1834.6368408203125,47411431,0.012399698828723604,0.012323452206294211,1852.777880859375,1940.6203125,1932.2789184570313,1906.7068807331505,1888.9588346313512,17.74804610179922,45.765398405813336,-28.017352304014118,48.29233679524672,1932.2789184570313,2133.2266896485553,1731.3311472655073,0.20799043996400413,72.1937255859375,30785784.35,1.540042977660889,0.8932324975493648,0.02862496397368395
2023-04-26,1857.3076171875,1952.135986328125,1808.8826904296875,1857.6678466796875,17235110,-0.00021723745709956166,-0.00021726105657380026,1855.484521484375,1915.023291015625,1931.8250610351563,1899.1069940338195,1886.6143000058808,12.492694027938796,39.110857530238434,-26.618163502299637,46.431225259321586,1931.8250610351563,2133.4393718017145,1730.210750268598,0.20872936668346612,78.16550990513393,30634595.7,0.5626028222725982,0.3380370863422508,0.028279007687535093
2023-04-27,1894.5413818359375,1918.916748046875,1854.3128662109375,1857.0499267578125,41422851,0.02004717167144343,0.0198488729635416,1860.7142578125,1897.1893432617187,1933.619140625,1898.4045921572222,1887.2014912525517,11.203100904670464,33.52930620512484,-22.326205300454376,41.18377790673743,1933.619140625,2133.1196275660272,1734.1186536839728,0.20634930917837635,73.60325404575893,32397841.8,1.2785682224054813,0.6226950219637568,0.028601567926799364
2023-04-28,1887.2452392578125,1907.576416015625,1874.1234130859375,1895.509765625,12074726,-0.0038511391981602694,-0.003858573928982803,1866.352734375,1876.627587890625,1935.7284851074219,1896.687768634236,1887.2047318455338,9.483036788702066,28.720052321840285,-19.23701553313822,29.806217087813707,1935.7284851074219,2132.1547930870433,1739.3021771278004,0.20294820217900644,67.17626953125,31837829.55,0.37925719719797923,0.3922465853224708,0.028556728594540493
2023-04-29,1899.4759521484375,1908.890380859375,1884.092529296875,1887.1590576171875,23284089,0.006480722608914746,0.006459813017036935,1879.2562744140625,1873.7765869140626,1938.7882568359375,1897.1167199441131,1888.1137111272305,9.003008816882584,24.776643620848745,-15.77363480396616,32.119483702588326,1938.7882568359375,2130.6772293534295,1746.8992843184453,0.1979473228609822,67.00582449776786,31019248.65,0.7506335586242512,0.6203530498030002,0.028549696419734736
2023-04-30,1876.0672607421875,1927.0748291015625,1876.0672607421875,1899.4605712890625,10310337,-0.012323762972504704,-0.01240033025441236,1882.927490234375,1867.852685546875,1938.2577758789062,1893.8783416053552,1887.2213814690792,6.656960136275984,21.152706923934193,-14.49574678765821,25.569805172355274,1938.2577758789062,2130.810841137765,1745.7047106200478,0.1986867460614675,67.06307547433036,31102594.95,0.33149443049927896,0.0,0.02812365276223884
2023-05-01,1833.38232421875,1883.2724609375,1810.8043212890625,1874.9490966796875,25204687,-0.022752348711927883,-0.023015177700989282,1878.142431640625,1866.8134765625,1935.9182250976562,1884.571262007416,1883.23330315424,1.3379588531759055,17.189757309782536,-15.85179845660663,25.449866961906466,1935.9182250976562,2132.5369224266974,1739.299527768615,0.20312706888135515,68.20660400390625,30794026.6,0.8184927332627555,0.3115576450023957,0.02857943221578829
2023-05-02,1861.82861328125,1870.71044921875,1818.942626953125,1828.683837890625,6656470,0.015515743054096198,0.01539660467943187,1871.5998779296874,1866.1570678710937,1933.875994873047,1881.0723929726214,1881.6477705710556,-0.5753775984342155,13.636730328139185,-14.2121079265734,26.721470200148175,1933.875994873047,2132.783780248087,1734.9682094980067,0.20570893470147028,68.65097481863839,28782837.05,0.2312652497888494,0.8284294073602159,0.02867415236878887
2023-05-03,1890.870849609375,1903.0216064453125,1840.318359375,1861.3544921875,14504714,0.015598770005441853,0.015478359746276264,1872.325,1869.3388671875,1928.5888916015624,1882.5798478398142,1882.3309616109311,0.248886228883066,10.959161508287961,-10.710275279404895,44.85090422096232,1928.5888916015624,2126.091675480931,1731.086107722194,0.20481584721288718,61.28682163783482,24772911.3,0.5855070413141147,0.8062180602804446,0.02648153500008064
2023-05-04,1873.929931640625,1903.337890625,1866.5732421875,1890.6783447265625,17265323,-0.008959320501582546,-0.00899969655576644,1867.2157958984376,1873.23603515625,1917.9181396484375,1881.2490915014776,1881.7086630946121,-0.4595715931345694,8.675414888003456,-9.134986481138025,41.70645507470038,1917.9181396484375,2101.904249592056,1733.932029704819,0.19186023234270477,60.441109793526785,23458227.15,0.7360028909942583,0.20010226573036238,0.023987804179627988
2023-05-05,1977.8858642578125,1982.2314453125,1871.6102294921875,1874.263427734375,8644831,0.05547482371775447,0.05399073555161147,1887.5795166015625,1885.2535034179687,1912.9369079589844,1896.1162873101446,1888.832900217812,7.283387092332532,8.39700932886927,-1.113622236536738,67.53325304873475,1912.9369079589844,2083.6455701205123,1742.2282457974568,0.17847808932043244,60.25006103515625,23084769.4,0.3744820167014534,0.9607165675040726,0.027549415807791373
2023-05-06,1900.4588623046875,1996.00830078125,1878.24365234375,1978.6405029296875,11847772,-0.039146344767562624,-0.039933165445419375,1900.99482421875,1889.5686279296874,1902.2959594726562,1896.7843757708436,1889.6940825946176,7.090293176225941,8.135666098340604,-1.0453729221146624,53.68358466806708,1902.2959594726562,2044.5903133363738,1760.0016056089387,0.149602750460726,66.04305594308036,22103888.25,0.5360039765854318,0.18864073602564305,0.028342275487327533
2023-05-07,1877.368408203125,1928.5277099609375,1877.368408203125,1900.308837890625,5133311,-0.012149936291470542,-0.012224350130616487,1904.102783203125,1887.8513305664062,1892.5203369140625,1893.7973038373484,1888.7810696767292,5.016234160619206,7.511779710796324,-2.495545550177118,52.03955658562777,1892.5203369140625,2010.2062827114103,1774.8343911167146,0.12436954414899037,67.18065534319196,21263037.75,0.24141945569371903,0.0,0.028200896598151868
2023-05-08,1839.699951171875,1880.82958984375,1816.993896484375,1876.6651611328125,26378551,-0.020064499256863155,-0.020268525051686703,1893.868603515625,1883.0968017578125,1879.8621948242187,1885.4746341965063,1885.1454312689623,0.3292029275439745,6.075264354145854,-5.746061426601879,50.512525227788984,1879.8621948242187,1952.7510589799963,1806.9733306684411,0.07754702909230349,67.43803187779018,21602779.35,1.221072093207303,0.3556952778144831,0.02819608870338807
2023-05-09,1836.8428955078125,1846.84326171875,1826.8480224609375,1839.67822265625,28490376,-0.0015530008913913207,-0.0015542080472469454,1886.4511962890624,1876.83349609375,1875.3050415039063,1877.9928282443996,1881.5674656570254,-3.5746374126258615,4.145284000791511,-7.719921413417373,47.64299314625595,1875.3050415039063,1946.9109015804397,1803.6991814273729,0.07636715999985676,64.58539690290179,21601485.25,1.3189081986850881,0.49986263795124114,0.02240345410428994
2023-05-10,1837.393310546875,1871.1776123046875,1802.8187255859375,1837.3133544921875,32635913,0.0002996527576792918,0.00029960787075846855,1858.352685546875,1872.9661010742188,1870.4093933105469,1871.7467485986265,1878.2953060192365,-6.5485574206099955,2.006515716511209,-8.555073137121205,47.751488000070566,1870.4093933105469,1938.019654375332,1802.7991322457617,0.07229461240580899,59.23579624720982,21067633.95,1.5491019578873972,0.5057803983574284,0.022367965904113267
2023-05-11,1795.1351318359375,1838.04638671875,1779.9288330078125,1838.00830078125,20061214,-0.02299898365166031,-0.0232675866652386,1837.287939453125,1869.1413818359374,1867.9774291992187,1859.9603460197511,1872.13529311677,-12.174947097018958,-0.8297768461948255,-11.345170250824133,38.90202047073087,1867.9774291992187,1942.742258375224,1793.2126000232133,0.08004896419766296,58.772487095424104,20116069.85,0.9972730334300365,0.2616472623940942,0.020369202888672104
2023-05-12,1804.8233642578125,1806.2403564453125,1748.3253173828125,1795.1015625,35544096,0.005396937673414426,0.005382426392859279,1822.7789306640625,1863.4408569335938,1864.7989624023437,1851.4777334409912,1867.149224312403,-15.671490871411834,-3.798119651238228,-11.873371220173606,40.847088907951424,1864.7989624023437,1944.7168991719839,1784.8810256327035,0.08571212058879009,60.519775390625,20398504.25,1.7424854079680867,0.975533260096291,0.020147775290205106
2023-05-13,1794.0601806640625,1808.58984375,1789.1378173828125,1804.5921630859375,8856738,-0.00596356618985594,-0.005981419264755361,1813.6509765625,1853.7597900390624,1861.5493286132812,1842.644263783002,1861.7352210791926,-19.09095729619048,-6.856687180228681,-12.2342701159618,38.25534718266837,1861.5493286132812,1947.5082160275094,1775.590441199053,0.09235198454640076,60.137930733816965,20249434.15,0.43738199963478985,0.253051439773017,0.020157648928513846
2023-05-14,1796.76806640625,1822.2340087890625,1789.6160888671875,1793.8294677734375,21220490,0.001509361710032131,0.001508223768545906,1805.6360107421874,1846.043603515625,1859.6398193359375,1835.5863872635018,1856.9228392515672,-21.33645198806539,-9.752640141796025,-11.583811846269366,40.73783214009417,1859.6398193359375,1949.685446492596,1769.5941921792792,0.09684200802799862,58.82438441685268,20709151.5,1.024691426879561,0.2192652858919253,0.019986870144019925
2023-05-15,1810.42919921875,1839.1085205078125,1786.1561279296875,1796.428955078125,9781768,0.007603169862554271,0.007574411444678696,1800.2431884765624,1829.2979370117187,1857.2757202148437,1831.7160506412322,1853.478865915803,-21.762815274570812,-12.154675168350984,-9.608140106219828,47.12408208063558,1857.2757202148437,1949.9780818534612,1764.5733585762262,0.0998261708045093,57.43040248325893,18827668.35,0.5195421874955641,0.4583942311703198,0.019847646576135622
2023-05-16,1808.7391357421875,1818.194091796875,1790.591064453125,1810.8167724609375,11032990,-0.0009335153660202655,-0.0009339513628505094,1802.9639892578125,1820.1259643554688,1854.8472961425782,1828.1811406567638,1850.1648118288686,-21.983671172104778,-14.120474369101744,-7.863196803003033,42.87008945565596,1854.8472961425782,1950.0568284482956,1759.6377638368608,0.10266023785755228,55.704345703125,18517562.35,0.5958122236321239,0.657466699448711,0.01984661095250921
2023-05-17,1809.235595703125,1817.617919921875,1776.343505859375,1808.964599609375,15603948,0.0002744784757111596,0.0002744408133858527,1803.846435546875,1813.3126831054688,1850.5820068359376,1825.266441433127,1847.1330180417765,-21.86657660864944,-15.669694817011285,-6.196881791638154,38.12596678176903,1850.5820068359376,1945.9472486221266,1755.2167650497486,0.10306513457270805,54.173714773995535,17226617.2,0.9058045360176693,0.7969123386215454,0.019218257610234105
2023-05-18,1791.0877685546875,1816.6904296875,1773.87158203125,1809.292724609375,12626265,-0.010030660015499349,-0.010081306045698497,1803.251953125,1808.45146484375,1845.7741333007812,1820.0081840672133,1842.98151807977,-22.973334012556734,-17.130422656120377,-5.842911356436357,37.99257660572746,1845.7741333007812,1943.0334970095337,1748.5147695920286,0.10538598624179923,54.60615757533482,17254194.15,0.7317794670810518,0.4020702905792435,0.019296947186171278
2023-05-19,1799.904296875,1811.2193603515625,1788.8275146484375,1790.893310546875,8596146,0.004922443486634398,0.00491036787316521,1803.87919921875,1804.7576049804688,1840.7955505371094,1816.9152783453344,1839.7906128053428,-22.87533446000839,-18.27940501689798,-4.5959294431104105,14.378448793554412,1840.7955505371094,1936.6644346910564,1744.9266663831625,0.10416027366643105,48.30405970982143,16519797.0,0.520354215006395,0.4946792849715749,0.01926216392867707
2023-05-20,1803.927001953125,1812.0472412109375,1796.951171875,1800.214599609375,9450080,0.00223495498350057,0.0022324611866027613,1802.578759765625,1801.4109741210937,1837.1885375976562,1814.9170819773021,1837.1340490385116,-22.216967061209516,-19.066917425760288,-3.1500496354492284,22.641243103995862,1837.1885375976562,1932.8980646979549,1741.4790104973576,0.10419129571257858,40.970589773995535,16476784.15,0.5735391028958766,0.4620957891931163,0.019146680827802964
2023-05-21,1798.0728759765625,1809.7445068359375,1791.5511474609375,1803.5322265625,8926366,-0.003245212234322281,-0.0032504893555569893,1800.4455078125,1801.7047485351563,1835.4230651855469,1812.325665669496,1834.2406288117006,-21.91496314220467,-19.636526569049167,-2.2784365731555027,25.092847431137997,1835.4230651855469,1932.717733575616,1738.1283967954778,0.106018792327025,38.615879603794646,15662868.1,0.5699062229860699,0.3584675252994789,0.018508648106993073
2023-05-22,1805.3072509765625,1811.4769287109375,1789.5084228515625,1798.1156005859375,12289593,0.004023404777779627,0.0040153325294809365,1799.6598388671875,1801.7531372070312,1832.5969970703125,1811.245909562891,1832.0974156387274,-20.85150607583637,-19.87952247040661,-0.9719836054297595,36.64342162026349,1832.5969970703125,1929.945719589738,1735.248274550887,0.10624127691473077,35.6253662109375,15944524.25,0.7707720097073452,0.719158062862355,0.01815002155436757
2023-05-23,1840.130859375,1851.475341796875,1804.3236083984375,1805.24072265625,7084092,0.0192895743257,0.01910588887120713,1809.46845703125,1806.360205078125,1830.0599975585938,1815.689747995523,1832.692485545118,-17.00273754959494,-19.304165486244276,2.301427936649336,51.02291931716765,1830.0599975585938,1923.5838366786259,1736.5361584385616,0.10220849507097945,37.565115792410715,15573493.15,0.4548813764367309,0.7594047639011087,0.018349463556105807
2023-05-24,1796.37109375,1840.92431640625,1782.663818359375,1839.99755859375,12313559,-0.02378079004656386,-0.024068117425802664,1808.76181640625,1806.3205078125,1826.1820556640625,1812.7176473423656,1830.0020120788129,-17.284364736447287,-18.90020533628488,1.6158405998375933,39.94179148613687,1826.1820556640625,1918.4704682965037,1733.8936430316214,0.10107252159903837,36.843802315848215,15325904.95,0.8034474336212036,0.23527563010607458,0.018968159752375455
2023-05-25,1791.9241943359375,1798.6402587890625,1762.2086181640625,1796.37060546875,7066601,-0.0024754904092669783,-0.0024785595017023368,1806.3612548828125,1804.4700073242188,1816.8839721679688,1809.5186545721458,1827.181432986748,-17.662778414602144,-18.652719951948335,0.9899415373461906,49.03350685922063,1816.8839721679688,1876.5090042503907,1757.2589400855468,0.06563438612018281,35.294808523995535,15246993.45,0.4634750466164856,0.8156529778493463,0.013321381532201844
2023-05-26,1817.9615478515625,1824.7550048828125,1784.484375,1792.98486328125,6959740,0.014530387835560266,0.014425833344805019,1810.3389892578125,1805.3922485351563,1812.7591064453125,1810.8175612305174,1826.4984785322897,-15.680917301772297,-18.058359421913128,2.377442120140831,53.60025369164155,1812.7591064453125,1857.6286124537137,1767.8896004369112,0.04950410217095755,34.034493582589285,15002591.85,0.46390250895214485,0.8313049222390609,0.011299482209956265
2023-05-27,1816.2911376953125,1825.5496826171875,1807.49462890625,1817.773193359375,2416683,-0.0009188369018168219,-0.0009192592912006818,1812.5357666015625,1806.097802734375,1809.7052429199218,1811.6596499174088,1825.7423792110324,-14.082729293623515,-17.263233396255206,3.1805041026316907,56.4114515856475,1809.7052429199218,1842.8385825527434,1776.5719032871002,0.0366173881215724,33.93470982142857,14866760.45,0.16255612701420774,0.48720479733946453,0.011053036763702664
2023-05-28,1909.9722900390625,1912.9808349609375,1811.78857421875,1816.3292236328125,18262715,0.05157826870345339,0.05029214867666237,1826.504052734375,1817.9862548828125,1813.2188598632813,1826.7846714745865,1831.9816318649605,-5.196960390373988,-14.849978795078963,9.653018404704975,71.41242202122103,1813.2188598632813,1867.7436481646037,1758.694071561959,0.060141430809332735,38.832877022879465,14460968.65,1.2628970743256538,0.9702690214695103,0.015476162779378539
2023-05-29,1885.660400390625,1921.4072265625,1880.3955078125,1908.7298583984375,17256470,-0.012728922704915435,-0.012810629542050426,1844.3619140625,1826.561865234375,1815.659735107422,1835.8424759232078,1835.9578369409355,-0.11536101772776419,-11.903055239608722,11.787694221880958,63.67874023857127,1815.659735107422,1878.3906539616196,1752.9288162532243,0.06909986231587187,37.979971749441965,13899273.35,1.24153756570303,0.1283753214278845,0.015808937546136995
2023-05-30,1897.069580078125,1906.5511474609375,1883.491455078125,1885.267333984375,8482494,0.006050495457791127,0.006032264709895034,1865.3909912109375,1835.876123046875,1818.6435485839843,1845.2620304085797,1840.4846327288756,4.777397679704109,-8.566964655746157,13.344362335450265,65.51222944284402,1818.6435485839843,1890.7096009700108,1746.5774961979578,0.07925253130789475,37.655447823660715,12691602.4,0.6683548485571845,0.5888250705474363,0.01583957897088421
2023-05-31,1864.18115234375,1900.7730712890625,1836.6522216796875,1897.494140625,26246652,-0.01733643725024603,-0.017488473013151297,1874.634912109375,1842.4869506835937,1822.095849609375,1848.172664552452,1842.2399304781254,5.932734074326618,-5.667024909731601,11.59975898405822,58.66364247389439,1822.095849609375,1896.0116774232308,1748.180021795519,0.08113275471178111,39.28733607700893,13000874.3,2.0188374561855427,0.42932885056071146,0.015419578796351169
2023-06-01,1850.21728515625,1873.295654296875,1834.6324462890625,1864.1282958984375,29695913,-0.007490617084044526,-0.007518812645876153,1881.4201416015626,1846.9779541015625,1824.365545654297,1848.4872215684209,1842.830845639468,5.656375928952912,-3.402344741994698,9.05872067094761,59.4480158131076,1824.365545654297,1898.8339163204748,1749.897174988119,0.08163755431970764,38.990504673549104,12708465.15,2.3367033429682103,0.4030922333192688,0.0155389714285437
2023-06-02,1903.46337890625,1905.0140380859375,1844.3944091796875,1850.09326171875,13302454,0.02877829224555284,0.028371974206245126,1880.118359375,1853.3112060546875,1829.8357055664062,1856.9450919280869,1847.3221443999703,9.622947528116583,-0.7972862879724409,10.420233816089024,64.48987330097253,1829.8357055664062,1910.7266727020206,1748.9447384307919,0.08841336617221097,41.721060616629465,12930750.95,1.028745666159474,0.974419850180379,0.01658441776696623
2023-06-03,1889.25732421875,1906.204345703125,1879.8458251953125,1904.1734619140625,24214739,-0.007463266614387343,-0.007491256137808851,1880.837744140625,1862.5998291015626,1834.4601684570312,1861.9162045881887,1850.4284540161761,11.487750572012601,1.6597210840245682,9.828029487988033,61.60851884130367,1834.4601684570312,1917.925449663614,1750.9948872504483,0.09099710382568373,42.525521414620535,13080463.4,1.8512141549969858,0.3570571806971267,0.016750038056038506
2023-06-04,1881.4677734375,1902.7137451171875,1879.229736328125,1888.95263671875,6337881,-0.004123075602986526,-0.004131598915442352,1877.7173828125,1871.5541870117188,1838.0120971679687,1864.9241382573134,1852.7276628622003,12.196475395113112,3.767071946242278,8.429403448870833,61.285788718820285,1838.0120971679687,1923.1998848210983,1752.8243095148391,0.09269556798280922,42.90342494419643,12908269.05,0.490993871870063,0.09530047141969833,0.01677253150126246
2023-06-05,1804.966552734375,1883.783935546875,1789.3553466796875,1881.93212890625,24811167,-0.040660393860137645,-0.041510141510069404,1865.874462890625,1870.2546875,1837.823468017578,1855.6998943307074,1849.1898028527319,6.510091477975493,4.315675852588922,2.194415625386571,49.961172703979635,1837.823468017578,1923.3003915294576,1752.3465445056986,0.0930197323076755,48.07914515904018,13597177.9,1.8247291594235888,0.16532287774617935,0.01930642276565976
2023-06-06,1872.4144287109375,1885.406982421875,1797.7890625,1805.7857666015625,23756562,0.037367936748957886,0.0366866751401494,1870.3138916015625,1875.8670166015625,1840.9824096679688,1858.271361158435,1850.910145508895,7.361215649539872,4.924783811979112,2.43643183756076,53.424514920705796,1840.9824096679688,1926.6803320443405,1755.284487291597,0.09310020772205835,50.96958705357143,14004808.6,1.6963146500981099,0.8517135109913644,0.02103157176072307
2023-06-07,1824.88525390625,1882.29150390625,1820.7623291015625,1871.880126953125,35240574,-0.025383896895843194,-0.025711625926389953,1854.5982666015625,1867.3583129882813,1842.6722839355468,1853.1350369657912,1848.982375760551,4.1526612052402925,4.770359290631348,-0.6176980853910559,53.00067467264503,1842.6722839355468,1925.5128609929498,1759.831706878144,0.08991352155194247,51.20306396484375,15135524.05,2.3283352385806553,0.0670076401496502,0.0217586026735266
2023-06-08,1831.9979248046875,1842.607177734375,1822.91357421875,1824.856201171875,14678141,0.0038975989768192942,0.00389002301691574,1843.14638671875,1861.9920654296875,1844.2769653320313,1849.8831735563908,1847.7242682823387,2.158905274052131,4.248068487315505,-2.089163213263374,54.19361201156026,1844.2769653320313,1924.841430415233,1763.7125002488297,0.08736699161527223,50.00748988560268,15439623.8,0.9506799641063792,0.4612843238220516,0.02175047703296129
2023-06-09,1830.4989013671875,1840.2261962890625,1820.5765380859375,1831.8739013671875,13970768,-0.000818245161309239,-0.0008185801066052845,1832.9526123046876,1855.3349975585938,1845.6055603027344,1846.9009778349748,1846.4483151775125,0.45266265746226964,3.488987321344858,-3.0363246638825885,51.383030466906426,1845.6055603027344,1924.2211060028376,1766.9900146026312,0.08519214223347693,48.53456333705357,15665658.2,0.891808554842592,0.5049636575674559,0.02175285966739182
2023-06-10,1741.974609375,1833.3240966796875,1720.7073974609375,1830.3668212890625,97005941,-0.04836074576503124,-0.04956925063177363,1820.3542236328126,1843.1143432617187,1842.8006469726563,1830.7584596103632,1838.7095221551042,-7.951062544741035,1.2009773481276789,-9.152039892868714,43.12024743563521,1842.8006469726563,1931.865479960935,1753.7358139843775,0.096662472020068,55.288966587611604,20069636.95,4.833467652736987,0.18884598873621736,0.024390615082039126
2023-06-11,1746.110595703125,1765.044921875,1736.698486328125,1741.8935546875,11069566,0.002374309192491042,0.002371494974089756,1795.09345703125,1832.7036743164062,1839.8408142089843,1817.735711316942,1831.8503424179207,-14.11463110097884,-1.8621443416936259,-12.252486759285215,31.815988540871103,1839.8408142089843,1937.6565220517894,1742.0251063661792,0.10633062065737428,50.085693359375,20008635.6,0.553239422282247,0.3320385505301119,0.024374449336065772
2023-06-12,1733.901123046875,1749.804931640625,1723.46435546875,1745.888916015625,23892373,-0.006992382204366265,-0.007016943470283756,1776.896630859375,1815.7474487304687,1834.5293273925781,1804.8380823523162,1824.5948446867324,-19.75676233441618,-5.441067940238138,-14.315694394178042,32.694170865015835,1834.5293273925781,1943.2118505816725,1725.8468042034838,0.11848545735004971,49.037754603794646,20849049.65,1.1459694039339583,0.39622396663086507,0.02390518353021387
2023-06-13,1736.1080322265625,1751.091552734375,1728.3172607421875,1734.009765625,16485401,0.001272799902112931,0.001271990578982332,1757.71865234375,1800.43251953125,1831.5161743164062,1794.2642284868155,1818.0402659859792,-23.77603749916375,-9.108061852023262,-14.667975647140487,31.251302785750497,1831.5161743164062,1947.7333940209226,1715.29895461189,0.1269082100767067,49.017368861607146,21057641.75,0.7828702375943878,0.3420862208856673,0.02339319153739978
2023-06-14,1649.781982421875,1744.10107421875,1637.504150390625,1736.0882568359375,30838771,-0.049723892869716235,-0.05100269753039828,1721.5752685546875,1777.2639404296874,1824.4090637207032,1772.0361906306707,1805.576689425675,-33.540498795004396,-13.994549240619492,-19.545949554384904,27.791594086788336,1824.4090637207032,1965.536234027761,1683.2818934136453,0.15471000787426795,52.05137416294643,22246250.25,1.3862458011322605,0.1151799844608533,0.02576793734936195
2023-06-15,1669.4190673828125,1675.908203125,1624.986328125,1649.95263671875,72301176,0.011902836356662228,0.011832554750599711,1707.06416015625,1763.7091918945312,1816.9819396972657,1756.248940900231,1795.4909396447224,-39.24199874449141,-19.044039141393878,-20.197959603097534,31.48968228119854,1816.9819396972657,1974.2495671242332,1659.7143122702983,0.17310863029620474,52.926993233816965,25513322.05,2.8338597325078645,0.8725668339802262,0.025676055282451933
2023-06-16,1714.5858154296875,1723.3148193359375,1656.64501953125,1669.5260009765625,13867665,0.027055368498746013,0.026695842344924413,1700.7592041015625,1747.9263305664062,1811.8966735839845,1749.8392292893782,1789.4979674806457,-39.6587381912675,-23.166978951368606,-16.491759239898897,30.33722000949028,1811.8966735839845,1975.6998590501926,1648.0934881177764,0.18080852827242144,53.35914829799107,26085871.15,0.5316159433686385,0.8690710945508647,0.0265947492475124
2023-06-17,1720.5367431640625,1751.691650390625,1709.6912841796875,1714.6031494140625,18885928,0.003470766922729851,0.0034647577115806075,1698.086328125,1737.4914794921874,1802.4248962402344,1745.3311545008683,1784.3897286423803,-39.058574141512054,-26.3452979893973,-12.713276152114755,32.12845755815924,1802.4248962402344,1964.2455025492022,1640.6042899312665,0.1795587784506498,54.47642299107143,26117031.8,0.7231268907058573,0.25822296232665837,0.02342955813097375
2023-06-18,1720.9605712890625,1735.6746826171875,1716.4287109375,1720.456298828125,2656501,0.00024633482933977824,0.00024630449389738705,1695.0568359375,1726.387744140625,1794.1899047851562,1741.5818340067444,1779.6912725421346,-38.109438535390154,-28.69812609859588,-9.411312436794276,32.72895115755925,1794.1899047851562,1954.9349146137217,1633.4448949565906,0.17918394190030162,54.1737060546875,25387033.35,0.10464007209412673,0.23547059221700872,0.023382288859768813
2023-06-19,1731.9881591796875,1738.577880859375,1707.7698974609375,1720.966064453125,28388573,0.006407809728240954,0.006387366997762313,1711.4980712890624,1716.536669921875,1785.9358337402343,1740.1058840333512,1776.1577085893607,-36.05182455600948,-30.1688657900786,-5.88295876593088,40.85936542019866,1785.9358337402343,1941.3011331033579,1630.5705343771108,0.17398754919178305,49.62937709263393,26382337.3,1.0760446535569084,0.7861034394129559,0.023390746015682626
2023-06-20,1779.1839599609375,1780.0843505859375,1717.880859375,1732.5933837890625,14718350,0.027249493901623012,0.02688483610822398,1733.4510498046875,1720.2576049804688,1781.6859741210938,1746.1178957145185,1776.3818753576256,-30.263979643107177,-30.187888560684314,-0.07609108242286311,37.69869878189183,1781.6859741210938,1932.6264077887338,1630.7455404534537,0.16943550755861903,47.814060756138396,25805922.2,0.5703477630417719,0.985525078780515,0.024191736384548433
2023-06-21,1877.3709716796875,1884.153564453125,1774.8736572265625,1779.173095703125,18679499,0.0551865427793683,0.05371756909795412,1766.0080810546874,1733.383642578125,1783.0436584472657,1766.310676632237,1783.8625491592597,-17.55187252702285,-27.66068535395202,10.108812826929167,56.108624671135914,1783.0436584472657,1937.037185981061,1629.0501309134704,0.1727310790223701,51.224827357700896,25255101.5,0.739632703515367,0.9379337615216404,0.02730868206218129
2023-06-22,1873.829833984375,1912.115234375,1869.2303466796875,1876.97607421875,7964569,-0.0018862216092242479,-0.0018880027653262992,1796.66669921875,1747.376513671875,1781.5619812011719,1782.8520854556427,1790.5267924796387,-7.674707023996007,-23.663489687960816,15.988782663964809,54.90948131733243,1781.5619812011719,1931.1852584677338,1631.93870393461,0.16796864644100937,52.88134765625,24988207.25,0.31873310959512713,0.10725193770573227,0.026521454898026136
2023-06-23,1887.929443359375,1918.146484375,1864.3665771484375,1873.9525146484375,10243654,0.0075244876131679295,0.007496319866575014,1830.0604736328125,1762.5586547851562,1781.495587158203,1799.0178328254478,1797.7418036559154,1.2760291695324213,-18.67558591646217,19.95161508599459,56.54654511745129,1781.495587158203,1930.9186926496475,1632.0724816667587,0.16775018312540463,55.319222586495535,24289653.0,0.4217291206259719,0.4381351218642152,0.02652457573619391
2023-06-24,1868.1788330078125,1896.55078125,1866.376953125,1888.3575439453125,4225095,-0.010461519322681023,-0.010516625683730262,1857.2986083984374,1784.39833984375,1780.8311401367187,1809.6579866996576,1802.9593613856857,6.698625313971888,-13.600743670375357,20.299368984347247,67.06113734424729,1780.8311401367187,1928.4902236219255,1633.1720566515119,0.1658316503538574,49.430446079799104,24184013.7,0.17470611174852255,0.05971664830696166,0.02661791230990967
2023-06-25,1893.6300048828125,1913.18115234375,1862.0440673828125,1868.056640625,3483650,0.013623520096319064,0.013531554270487856,1880.1878173828125,1806.81943359375,1785.2643127441406,1822.5767587278353,1809.675705348436,12.9010533793994,-8.300384260420405,21.201437639819805,68.85598582242392,1785.2643127441406,1941.0733921390274,1629.4552333492538,0.17455015291869214,51.058349609375,23117637.85,0.1506922992134337,0.6176718426158059,0.02497213629147426
2023-06-26,1848.2568359375,1896.2874755859375,1835.186767578125,1893.6143798828125,22190582,-0.02396094740171828,-0.024252680461464084,1874.364990234375,1820.1865356445312,1784.0564331054688,1826.5275398370145,1812.5335668735518,13.993972963462738,-3.8415128156437746,17.835485779106513,63.47461318104329,1784.0564331054688,1937.3754775535526,1630.737388657385,0.17187689985927698,53.54121616908482,23039338.85,0.9631605379162171,0.21391026034534205,0.024245600855568015
2023-06-27,1884.01123046875,1900.5579833984375,1847.232177734375,1848.3427734375,5044124,0.019344927520916766,0.01916019305881921,1876.40126953125,1836.533984375,1787.0127319335938,1835.3711845495893,1817.8282086213444,17.542975928244914,0.43538493313396437,17.10759099511095,66.15068801744604,1787.0127319335938,1945.828175606251,1628.1972882609366,0.17774405390029296,55.72346714564732,21529516.35,0.23428877444337015,0.6897045861655722,0.02387685134282482
2023-06-28,1818.458251953125,1884.14111328125,1818.458251953125,1884.14111328125,4312073,-0.03479436717546269,-0.03541410933393234,1862.50703125,1846.2837524414062,1786.3357482910155,1832.769194919364,1817.8748784977724,14.894316421591611,3.3271712308254946,11.567145190766116,69.2943966497078,1786.3357482910155,1944.4577042031876,1628.2137923788434,0.17703497907764215,52.801034109933035,21011212.95,0.20522722844518124,0.0,0.025232712015822934
2023-06-29,1841.457275390625,1865.297119140625,1818.456298828125,1818.456298828125,4737555,0.012647539976679667,0.012568227878134558,1857.1627197265625,1857.2306640625,1786.8836669921875,1834.1058226841735,1819.6217227120578,14.4840999721157,5.558556979083537,8.925542993032163,69.52875860882068,1786.8836669921875,1945.7242827938433,1628.0430511905317,0.1777850665220169,52.509530203683035,20549552.3,0.23054297878791255,0.49104555394499516,0.02539077015008643
2023-06-30,1920.2119140625,1926.74462890625,1829.82470703125,1841.327880859375,38471118,0.042767562258629654,0.04187829620543047,1862.4791015625,1871.3334594726562,1795.7955322265625,1847.3529136654545,1827.0728479972759,20.280065668178622,8.502858716902557,11.777206951276066,71.68768499671046,1795.7955322265625,1963.7650106607193,1627.8260537924057,0.1870697141404463,54.670253208705354,17622811.15,2.183029578683308,0.9325967796228585,0.024293933596562775
2023-07-01,1917.2305908203125,1929.3948974609375,1895.39208984375,1920.2608642578125,16476653,-0.0015526011584211519,-0.0015538076926056793,1876.2738525390625,1875.3194213867187,1804.3515319824219,1858.1033255354328,1833.7511993175008,24.352126217931982,11.672712217108444,12.679414000823538,70.87636051936315,1804.3515319824219,1978.9663380754128,1629.736725889431,0.19354854416993061,54.0989990234375,17893165.5,0.9208349970272169,0.6422558165197267,0.024333492705704295
2023-07-02,1923.4073486328125,1943.1451416015625,1893.2086181640625,1916.971923828125,11067776,0.0032217083547874115,0.003216529772033616,1884.153076171875,1880.2771728515625,1813.8268432617188,1868.150098319645,1840.3923955630794,27.75770275656555,14.889710324999868,12.867992431565682,71.22772453636624,1813.8268432617188,1992.8560774460946,1634.797609077343,0.19740498918015353,56.29118129185268,17251935.65,0.6415382148727178,0.6047423485637516,0.0241759705763281
2023-07-03,1938.415283203125,1955.0113525390625,1919.8311767578125,1923.4754638671875,33067070,0.0078027852919353435,0.00777250099534543,1908.144482421875,1885.3257568359375,1823.942205810547,1878.9601267632572,1847.653350203083,31.306776560174285,18.17312357203475,13.133652988139534,71.46590578185966,1823.942205810547,2007.2912381467727,1640.5931734743212,0.2010469758878645,56.603480747767854,18081019.1,1.8288277788501421,0.5282550762561775,0.02416029153352979
2023-07-04,1934.6029052734375,1961.41552734375,1930.3902587890625,1937.0643310546875,13998075,-0.0019667498305047104,-0.001968686422563942,1926.7736083984375,1891.9681640625,1838.183251953125,1887.5205542263618,1854.0940579860724,33.42649624028945,21.22379810568569,12.20269813460376,67.76451461493512,1838.183251953125,2008.346010244074,1668.0204936621758,0.18514232257327562,54.37646484375,17238984.3,0.8120011455663313,0.13578114483011347,0.020460117875971025
2023-07-05,1906.6142578125,1941.482421875,1895.1905517578125,1934.735595703125,20198271,-0.014467386244817804,-0.014573059324379294,1924.0540771484375,1893.2665893554688,1850.0430114746093,1890.4580470857677,1857.9844431584002,32.47360392736755,23.473759270022065,8.999844657345484,53.98145430504167,1850.0430114746093,2002.8596233573176,1697.226399591901,0.16520330709598266,49.8773193359375,14633839.05,1.3802441677120947,0.24677564382905082,0.021049555337061043
2023-07-06,1838.7760009765625,1948.2822265625,1837.22705078125,1906.591796875,15857083,-0.03558048334001751,-0.03622889577911853,1908.3631591796875,1892.318505859375,1856.2525207519532,1882.5069630689668,1856.561595589375,25.945367479591823,23.96808091193602,1.9772865676558027,45.93852708615085,1856.2525207519532,1995.3726797782456,1717.1323617256608,0.14989357048246424,54.74662562779018,14733309.95,1.076274309969295,0.013947573215534375,0.02249841357176012
2023-07-07,1859.21044921875,1867.468017578125,1823.976806640625,1839.7608642578125,9201473,0.01111307099469161,0.011051774531104678,1895.523779296875,1889.838427734375,1863.1862060546875,1878.9228840150874,1856.7578069693286,22.165077045758835,23.607480138700588,-1.4424030929417526,46.72064560625668,1863.1862060546875,1986.78312799951,1739.589284109865,0.13267264596869255,54.01171875,14249087.2,0.6457587683230684,0.8101324798855786,0.02255839832868374
2023-07-08,1842.6043701171875,1861.9124755859375,1827.002685546875,1859.384765625,10699522,-0.008931790969946674,-0.008971918534289445,1876.3615966796874,1892.2530395507813,1869.2683959960937,1873.3354203384874,1855.7094042395404,17.626016098947048,22.411187330749883,-4.785171231802835,47.05858898306751,1869.2683959960937,1973.9157395025213,1764.621052489666,0.11196609725021676,54.350001743861604,14651238.25,0.7302810736833114,0.44691430536779986,0.0227340893551547
2023-07-09,1855.8740234375,1868.1170654296875,1840.431884765625,1842.63330078125,10422459,0.007201574866268601,0.007175767355066845,1860.6158203125,1893.6947143554687,1875.4626892089843,1870.6490515844894,1855.721598254204,14.927453330285289,20.914440530656965,-5.986987200371676,45.53236187382043,1875.4626892089843,1958.2861874214966,1792.639190996472,0.08832326944072112,52.67486572265625,13752932.55,0.7578353898056455,0.5577763372280363,0.022739822954913155
2023-07-10,1875.2928466796875,1888.9088134765625,1838.32421875,1848.3758544921875,11348590,0.010463438249014079,0.010409075365311417,1854.3515380859376,1889.2028076171875,1880.268133544922,1871.3634815991354,1857.1713203597953,14.192161239340066,19.569984672393588,-5.377823433053521,53.40851344251255,1880.268133544922,1949.6296055627854,1810.9066615270585,0.0737782774492852,51.923714773995535,13584444.55,0.8354106756613762,0.7308277969254265,0.02212655522483902
2023-07-11,1873.6663818359375,1880.095458984375,1861.4173583984375,1875.375732421875,21060796,-0.0008673124555611533,-0.0008676887886235752,1861.3296142578124,1884.84638671875,1880.0829040527344,1871.7177739432586,1858.3931767654356,13.32459717782308,18.320907173479487,-4.996309995656407,48.57299602301257,1880.0829040527344,1949.4967187429274,1810.6690893625414,0.0738412274698776,49.448878696986604,13703509.4,1.5368906887457603,0.6557959881725967,0.01838386240591606
2023-07-12,1870.12109375,1894.716796875,1862.19970703125,1873.6387939453125,20716306,-0.0018921661403048518,-0.0018939585480351338,1863.5117431640624,1879.5177612304688,1879.8974670410157,1871.4721308366036,1859.2619113568849,12.210219479718717,17.098769634727333,-4.888550155008616,58.59729922327683,1879.8974670410157,1949.4013752587064,1810.393558823325,0.07394436072845052,47.07989501953125,14341096.25,1.4445413125234412,0.24360687731828112,0.018383895611257136
2023-07-13,1994.9781494140625,1995.36181640625,1861.2000732421875,1870.2015380859375,20440738,0.06676415558400928,0.06462991282123272,1893.9864990234375,1885.1740478515626,1885.24990234375,1890.4730567715974,1869.314966027787,21.158090743810362,17.91063385654394,3.2474568872664236,69.07955520183798,1885.24990234375,1971.7640904247605,1798.7357142627393,0.09178007432696943,53.317103794642854,14850950.45,1.376392579641258,0.9971402652268037,0.02366369032822674
2023-07-14,1934.216064453125,2010.236328125,1901.7177734375,1994.9525146484375,20663651,-0.030457519035375746,-0.030930987864207417,1909.6549072265625,1885.1353637695313,1888.5517639160157,1897.202750261063,1874.1224548000343,23.080295461028754,18.9445661774409,4.135729283587853,51.821914170789405,1888.5517639160157,1977.3336555480325,1799.769872283999,0.09402113654319191,54.145577566964285,15672878.25,1.3184337088817748,0.2994722064463109,0.024664683215892717
2023-07-15,1925.2215576171875,1939.387939453125,1921.4368896484375,1934.6986083984375,8601940,-0.004650207906571446,-0.004661053760069903,1919.6406494140624,1886.99609375,1890.1313415527343,1901.513336008159,1877.9075735272309,23.605762480928206,19.876805438138362,3.728957042789844,51.02359481269381,1890.1313415527343,1980.4052513663419,1799.8574317391267,0.09552130884137182,52.9990234375,15928792.75,0.5400246041872822,0.21083268153227422,0.024550574214676588
2023-07-16,1919.410888671875,1934.284423828125,1915.2569580078125,1925.2109375,3439056,-0.003018181944993481,-0.0030227458415468915,1928.78955078125,1895.0595825195312,1893.6890441894532,1904.2668056487307,1880.9818931675748,23.28491248115597,20.558426846741884,2.726485634414086,49.48759693149773,1893.6890441894532,1982.6126920594095,1804.7653963194969,0.09391578637771322,50.791233607700896,14991216.45,0.22940473252922716,0.2183123439089249,0.023861918291396757
2023-07-17,1905.494140625,1932.788330078125,1876.8778076171875,1919.440185546875,23933746,-0.0072505309462449485,-0.007276943794636121,1935.86416015625,1899.6879516601562,1894.7631896972657,1904.4556264143107,1882.797615201458,21.65801121285267,20.77834371996404,0.879667492888629,45.76719692979345,1894.7631896972657,1983.7136151770046,1805.8127642175268,0.09389081016921264,52.27197265625,15935697.55,1.5018950958943118,0.5118237452115991,0.023593223692581634
2023-07-18,1894.9251708984375,1920.3043212890625,1879.0601806640625,1904.88720703125,21425451,-0.005546576870131936,-0.005562016244537779,1915.853564453125,1904.9200317382813,1898.5865356445313,1902.989402488792,1883.6959526604935,19.293449828298435,20.481364941630922,-1.1879151133324868,44.9855973223608,1898.5865356445313,1979.9797587505072,1817.1933125385553,0.08574086203381255,53.00189208984375,16791366.45,1.2759801927853227,0.3846604630407036,0.022130113121465282
2023-07-19,1888.843017578125,1913.2340087890625,1885.7703857421875,1895.881591796875,24199028,-0.0032097063323237585,-0.0032148684886571565,1906.778955078125,1908.2169311523437,1900.9558227539062,1900.8130355794588,1884.0772167284663,16.735818850992473,19.732255723503233,-2.9964368725107597,47.62245697192912,1900.9558227539062,1977.9889434297365,1823.9227020780759,0.08104672371000479,51.657017299107146,17764440.1,1.3622173208825195,0.11188006147529485,0.022023303772710282
2023-07-20,1888.98095703125,1922.4254150390625,1880.92626953125,1888.8544921875,22774469,7.302854278590232e-05,7.302587633168899e-05,1899.5308349609375,1909.5857421875,1899.3942749023438,1898.9927158028113,1884.4404567508948,14.552259051916508,18.696256389185887,-4.143997337269379,58.202596325097076,1899.3942749023438,1976.0490920445604,1822.7394577601272,0.08071501336515063,46.688729422433035,16979607.65,1.341283583781749,0.19409285178035102,0.019765909857776726
2023-07-21,1889.8779296875,1897.3695068359375,1883.822265625,1889.084716796875,26155122,0.0004748447319764537,0.00047473202889294306,1893.6242431640626,1911.2068969726563,1898.0266418457031,1897.5904410158403,1884.8432325239767,12.747208491863603,17.50644680972143,-4.759238317857829,55.35221397607282,1898.0266418457031,1974.3167156498166,1821.7365680415896,0.08038883345697037,44.549874441964285,17463531.1,1.4976995116411478,0.4470034868162578,0.019766169031801974
2023-07-22,1860.3143310546875,1892.876708984375,1856.4647216796875,1889.53125,29943016,-0.015643126028621834,-0.015766770881036087,1884.58828125,1910.226220703125,1894.8719909667968,1891.8556548679705,1883.0262768595849,8.829378008385675,15.77103304945428,-6.941655041068605,52.957072310894524,1894.8719909667968,1971.956817284103,1817.7871646494907,0.08136151326821407,44.657174246651785,18407293.1,1.626693063305435,0.10572368219647224,0.02002581302049888
2023-07-23,1884.691650390625,1894.830078125,1857.74169921875,1860.6087646484375,8884938,0.013103871173274717,0.013018758186840852,1882.5415771484375,1899.1975708007812,1892.185809326172,1890.7535003329942,1883.149637861884,7.603862471110233,14.13759893378547,-6.533736462675238,54.63964410148044,1892.185809326172,1966.5789955295681,1817.7926231227757,0.07863200943240184,45.328831263950896,17198186.5,0.5166206332278116,0.7266413890111297,0.02018954752944173
2023-07-24,1846.3585205078125,1886.7947998046875,1836.921875,1884.4444580078125,19781749,-0.0203392050232023,-0.02054889480819077,1874.044677734375,1890.41181640625,1887.7735900878906,1883.9235034368126,1880.4243699097306,3.4991335270819945,12.009905852444776,-8.510772325362781,45.608997562838965,1887.7735900878906,1962.0415558800482,1813.505624295733,0.07868312829686304,45.27799769810268,17487370.2,1.1312020488935495,0.1892137977244403,0.0206385612424205
2023-07-25,1856.066650390625,1861.7127685546875,1844.4705810546875,1846.34765625,4383058,0.005257987424967858,0.0052442124736697725,1867.46181640625,1883.4963256835938,1885.2462097167968,1879.637833737399,1878.6200943897968,1.0177393476021734,9.811472551476257,-8.793733203874083,47.39305385739502,1885.2462097167968,1960.2512302682676,1810.241189165326,0.07957053053854236,45.17543247767857,16696609.55,0.26251185828322854,0.6725404957585628,0.020488879523182933
2023-07-26,1869.1949462890625,1882.4022216796875,1848.896484375,1856.2457275390625,16787809,0.007073181286714414,0.007048283674565093,1863.3252197265624,1878.4747314453125,1886.767156982422,1878.0312356684242,1877.921935271224,0.10930039720028617,7.871038120621063,-7.761737723420777,49.8666022447113,1886.767156982422,1958.9864493578284,1814.5478646070155,0.07655347625502394,45.24605015345982,16743145.85,1.002667548285139,0.6058204815318154,0.018872156208984414
2023-07-27,1857.0523681640625,1881.774658203125,1853.0130615234375,1869.3228759765625,15455161,-0.006496153945369287,-0.006517345780213903,1862.6728271484376,1873.6305541992188,1886.6592529296875,1874.80371759083,1876.3760414114342,-1.572323820604197,5.982365732376011,-7.554689552980208,20.581870178723747,1886.6592529296875,1959.058130609672,1814.260375249703,0.07674822845467227,37.71746826171875,17055830.25,0.9061511971837314,0.14044097357339336,0.0187853891690825
2023-07-28,1872.7401123046875,1874.6917724609375,1854.1610107421875,1857.1090087890625,12435217,0.008447658455714047,0.008412176674294747,1860.28251953125,1871.4120483398438,1888.1660400390624,1874.4862398545004,1876.106713329453,-1.6204734749526324,4.461797890910282,-6.082271365862915,33.766475732442814,1888.1660400390624,1957.9100678196514,1818.4220122584734,0.07387488843846186,31.432625906808035,17142615.0,0.7253979045787355,0.9049397098833885,0.018747271356155535
2023-07-29,1874.4306640625,1880.6663818359375,1867.335205078125,1872.5545654296875,9018514,0.0009027156233289979,0.0009023084206211016,1865.8969482421876,1869.9708129882813,1889.0938720703125,1874.4776897326542,1875.982561531901,-1.5048717992467573,3.268463952878874,-4.773335752125631,36.049891672494866,1889.0938720703125,1957.5101804893022,1820.6775636513228,0.07243293669044654,31.102634974888392,17072417.75,0.5282505461184606,0.5322455105018674,0.01868997451052008
2023-07-30,1858.942626953125,1877.3275146484375,1852.771484375,1874.4901123046875,77787447,-0.008262795421734803,-0.008297121533024376,1866.4721435546876,1866.9669799804688,1888.2763610839843,1872.087680074265,1874.7203441556953,-2.632664081430221,2.088238346017055,-4.720902427447276,34.23023733786327,1888.2763610839843,1957.7692933562203,1818.7834288117483,0.07360462028168678,31.497532435825892,20394360.6,3.8141645391912897,0.25130864015456517,0.018641979678050674
2023-07-31,1852.285400390625,1867.9212646484375,1847.577392578125,1858.6160888671875,119944903,-0.0035811899011705117,-0.0035876177124550953,1863.090234375,1863.2077270507812,1887.2073120117188,1869.0411755075513,1873.0584964693937,-4.017320961842415,0.8671264844451606,-4.8844474462875755,35.57736722082589,1887.2073120117188,1958.2863069245595,1816.1283170988781,0.07532717201807802,28.957057407924108,25338565.95,4.733689477008465,0.2314214223287468,0.018656375713487928
2023-08-01,1864.349609375,1864.349609375,1814.04443359375,1852.19873046875,72776173,0.0065131480180271595,0.0064920291202137615,1864.5496826171875,1863.6112548828125,1886.9187377929688,1868.3193961025434,1872.413393721661,-4.093997619117545,-0.12509833626738076,-3.968899282850164,41.77890160414398,1886.9187377929688,1958.3358696362018,1815.501605949736,0.07569709326938569,29.604274204799108,27941559.3,2.6045852423132305,0.9999999998012132,0.01871586632517239
2023-08-02,1834.350341796875,1869.5760498046875,1824.2276611328125,1864.1923828125,44252893,-0.016091009662174804,-0.016221875701380718,1856.871728515625,1858.5771240234376,1878.8873474121094,1863.093387747825,1869.593908393899,-6.500520646073937,-1.4001827982286925,-5.100337847845244,37.017825900833834,1878.8873474121094,1933.2225005425137,1824.5521942817052,0.057837584786807915,30.881757463727677,29132167.05,1.519038831682108,0.22322029422201647,0.010550370766412952
2023-08-03,1825.91455078125,1848.6502685546875,1823.259033203125,1834.420654296875,12962358,-0.004598789458812758,-0.0046093964230126076,1847.168505859375,1856.5327270507812,1873.4722717285156,1857.3735666760442,1866.3584004225916,-8.984833746547338,-2.9171129878924225,-6.067720758654915,35.54668791319956,1873.4722717285156,1926.1517523485873,1820.792791108444,0.05623726746856859,29.731192452566965,28747102.4,0.4509100715486372,0.10458402438130081,0.008549551973042397
2023-08-04,1821.09619140625,1842.5240478515625,1816.6622314453125,1825.8427734375,15343980,-0.0026388745152057247,-0.002642362482115176,1839.59921875,1853.0356811523438,1868.2660034179687,1851.7924320191528,1863.0056441991587,-11.21321218000594,-4.576332826315126,-6.636879353690813,34.5151907556134,1868.2660034179687,1919.9838962351987,1816.5481106007387,0.05536459232530354,30.610804966517858,29084204.4,0.5275709037445769,0.1714481260547294,0.008538986503701286
2023-08-05,1831.7174072265625,1832.67333984375,1819.640869140625,1821.2080078125,4140414,0.0058323200446159795,0.005815377908785884,1835.4856201171874,1849.2879272460937,1863.881329345703,1848.7039666664466,1860.6879970160035,-11.98403034955686,-6.057872330963474,-5.926158018593386,42.96168775762819,1863.881329345703,1912.0925102708436,1815.6701484205626,0.051732028392670874,28.940839494977677,29119272.3,0.1421880999409453,0.9266499309125796,0.008750604569820759
2023-08-06,1822.669677734375,1832.1927490234375,1820.6719970703125,1831.9141845703125,17924814,-0.0049394789046017795,-0.00495171845181731,1827.1496337890626,1845.849658203125,1859.7401062011718,1844.698691446128,1857.8718252173644,-13.173133771236508,-7.480924619018083,-5.692209152218425,33.489185254510474,1859.7401062011718,1907.122736646789,1812.3574757555546,0.05095618499340117,27.114580426897323,28818825.7,0.6219828034145055,0.17339846135534973,0.008696871077488965
2023-08-07,1822.1748046875,1839.7078857421875,1805.05126953125,1823.0411376953125,35863048,-0.000271510001466746,-0.000271546866980249,1824.7145263671875,1840.7931274414063,1856.102587890625,1841.2334780986469,1855.2276014744114,-13.994123375764502,-8.783564370367367,-5.210559005397135,41.93790190848796,1856.102587890625,1903.2815801683273,1808.9235956129228,0.050836621408215384,26.027701241629465,29540705.55,1.214021376006031,0.4940913748499475,0.008669453002662211
2023-08-08,1853.017578125,1864.3375244140625,1821.4853515625,1822.0513916015625,41856653,0.016926352706753356,0.016784698226693703,1830.1351318359375,1838.6518188476562,1854.3113159179688,1843.0464165642397,1855.0638960411216,-12.017479476881817,-9.430347391670258,-2.587132085211559,49.109076589879905,1854.3113159179688,1898.9059360257402,1809.7166958101975,0.04809830984145719,27.856985909598215,30423586.8,1.3757961306521558,0.7358372856463422,0.009627984403675993
2023-08-09,1848.99755859375,1862.358154296875,1840.669677734375,1852.873291015625,17334591,-0.00216944489826032,-0.0021718015528820905,1835.7154052734375,1837.6573120117187,1852.3121459960937,1843.9619768764721,1854.6145377116866,-10.652560835214445,-9.674790080379097,-0.9777707548353476,43.76663760775594,1852.3121459960937,1893.8422215193334,1810.782070472854,0.044841335854769356,27.012895856584823,30151592.9,0.5749146009463401,0.38397721626674197,0.009628956395816474
2023-08-10,1848.3572998046875,1855.764892578125,1841.0133056640625,1848.7657470703125,12101707,-0.00034627346374083157,-0.0003463334302402816,1839.0433837890625,1837.264501953125,1850.2361145019531,1844.6381804038897,1854.1510386074644,-9.512858203574751,-9.642403705018229,0.1295455014434772,47.111427602797164,1850.2361145019531,1887.823356571409,1812.6488724324972,0.04062967074834515,26.012180873325892,29448922.15,0.41093887709571064,0.49784434572565345,0.00962397414659014
2023-08-11,1845.3572998046875,1851.0947265625,1839.69970703125,1848.4227294921875,24535357,-0.001623062813838505,-0.001624381407253776,1843.580908203125,1835.3652709960938,1849.488262939453,1844.7488141578585,1853.4996505479994,-8.750836390140876,-9.464090242042758,0.7132538519018823,40.06575590952894,1849.488262939453,1886.8255601807903,1812.150965698116,0.040375814207110214,25.359627859933035,29178539.2,0.8408699569168289,0.49649697861043585,0.008996452986803698
2023-08-12,1845.4747314453125,1848.498046875,1843.6749267578125,1845.05908203125,2248048,6.3636262005895e-05,6.363423730486977e-05,1848.2408935546875,1836.4777099609375,1847.5274169921875,1844.8604937405437,1852.9052120959484,-8.044718355404711,-9.18021586471515,1.1354975093104382,39.37375071339808,1847.5274169921875,1880.999422563398,1814.055411420977,0.03623438035436964,24.751909528459823,28846694.7,0.077930869494036,0.3731619035061268,0.008423205075336318
2023-08-13,1838.93798828125,1855.2752685546875,1836.3388671875,1843.4298095703125,3664439,-0.003542038832979877,-0.003548326704842213,1845.4249755859375,1837.7800537109374,1847.1563903808594,1843.9493390544985,1851.8706029244893,-7.921263869990753,-8.928425465770271,1.0071615957795181,42.142465343572354,1847.1563903808594,1880.8467474182844,1813.4660333434344,0.03647807756058864,24.350507463727677,28040829.2,0.13068226242039946,0.1372552810842474,0.007133979437069626
2023-08-14,1841.2667236328125,1851.1815185546875,1836.16845703125,1838.8050537109375,4977946,0.001266347949959501,0.0012655468076729194,1843.87880859375,1839.7971069335938,1846.4163940429687,1843.536628989624,1851.085130384365,-7.548501394740924,-8.652440651564403,1.1039392568234785,45.51967590179769,1846.4163940429687,1879.9324052884297,1812.9003827975077,0.036303849287292446,23.969735281808035,28070573.6,0.17733681081600697,0.3395887367947904,0.007028983790823658
2023-08-15,1816.7620849609375,1843.481201171875,1813.5784912109375,1841.0740966796875,18400119,-0.013308576295523067,-0.013397929054554156,1837.559765625,1838.3015747070312,1843.7947509765625,1839.417468369826,1848.542682575222,-9.125214205395878,-8.746995362330699,-0.37821884306517894,32.42807598932983,1843.7947509765625,1878.004136127512,1809.5853658256128,0.03710758492270432,22.512416294642858,28151189.1,0.6536178253301562,0.10646505795274544,0.007361653738797095
2023-08-16,1803.01220703125,1822.982421875,1798.041748046875,1816.69873046875,17897650,-0.007568342626427693,-0.007597127861134693,1829.0907470703125,1836.3358276367187,1841.0927429199219,1833.8166589331222,1845.1700547571502,-11.353395824027984,-9.268275454670157,-2.0851203693578277,36.850225273678326,1841.0927429199219,1879.206904344793,1802.9785814950508,0.04140384733082278,21.054722377232142,28273313.55,0.6330227254173397,0.19929128686078318,0.007404529385684093
2023-08-17,1686.0723876953125,1805.5902099609375,1574.837646484375,1803.00341796875,26970832,-0.064858029734854,-0.06705692136418305,1797.2102783203125,1822.7255859375,1831.7593566894532,1811.0867710503824,1833.3850423821993,-22.298271331816977,-11.874274630099523,-10.423996701717455,19.287392942990678,1831.7593566894532,1908.7935756816678,1754.7251376972386,0.08410954060192591,35.723388671875,29000094.3,0.930025665468267,0.4820520280695173,0.01572079006046425
2023-08-18,1664.88720703125,1695.945556640625,1645.0791015625,1685.9127197265625,23836711,-0.01256481086972816,-0.012644415621169747,1762.4001220703126,1803.912548828125,1821.2821838378907,1788.5945304320542,1820.9037212450921,-32.30919081303796,-15.961257866687214,-16.347932946350745,17.993805175159878,1821.2821838378907,1925.9298006479883,1716.634567027793,0.11491642287916005,37.509434291294646,29741004.15,0.8014763348197173,0.38941391599695513,0.01573789677562293
2023-08-19,1667.64892578125,1689.4617919921875,1654.085693359375,1664.9971923828125,24641620,0.0016588023130554852,0.001657428020075602,1727.6765625,1785.777685546875,1811.7174987792969,1769.9875143319305,1809.5515141736964,-39.56399984176596,-20.681806261702967,-18.882193580062996,15.264720218038633,1811.7174987792969,1935.1534336598427,1688.281563898751,0.13626399807223227,39.10540771484375,27083712.8,0.9098316830475325,0.38340102335254805,0.01581198288797001
2023-08-20,1684.1070556640625,1688.668212890625,1663.46533203125,1668.0394287109375,4992694,0.0098690615442949,0.009820680413561461,1701.145556640625,1769.3526611328125,1803.3085815429688,1756.7751360753352,1800.2593320618716,-43.484195986536406,-25.24228420666966,-18.241911779866747,21.557084286980768,1803.3085815429688,1937.5491475064118,1669.0680155795258,0.14888252331010646,40.08270263671875,21336102.35,0.23400215831829282,0.8190223863611981,0.01617054472297867
2023-08-21,1670.20361328125,1686.8057861328125,1657.9141845703125,1683.7479248046875,9091262,-0.00825567610803113,-0.008289942929542047,1674.583837890625,1751.8372924804687,1793.6012817382812,1743.4564402608607,1790.6255751151589,-47.169134854298136,-29.62765433619536,-17.541480518102777,20.432328291339942,1793.6012817382812,1937.0210245402561,1650.1815389363062,0.15992377376423228,39.67091587611607,18151856.8,0.5008447400268164,0.42536335966348754,0.01597139381256503
2023-08-22,1632.51611328125,1670.938232421875,1598.3486328125,1670.3485107421875,50012113,-0.02256461409873245,-0.022823090687186142,1663.8725830078124,1730.5414306640625,1783.5095703125,1726.388697648613,1778.913763127462,-52.525065478849,-34.20713656472609,-18.31792891412291,8.212003383111451,1783.5095703125,1942.4235823353672,1624.595558289633,0.1782037110067459,41.795017787388396,18439817.8,2.7121804316309457,0.4706938824281696,0.016263291035401372
2023-08-23,1678.3489990234375,1694.2379150390625,1627.1751708984375,1632.2276611328125,10870865,0.028074997465149965,0.027688119104542434,1666.56494140625,1714.4825317382813,1776.1312927246095,1718.9979747832012,1771.4645213419788,-52.46654655877751,-37.859018563536374,-14.607527995241135,22.08398649282806,1776.1312927246095,1940.3690434101854,1611.8935420390335,0.18493875014569788,45.036036900111604,18335243.15,0.5928945098281939,0.7630738761608383,0.01793314766770791
2023-08-24,1660.955322265625,1684.205322265625,1646.2550048828125,1678.5975341796875,6347042,-0.010363563697379452,-0.010417639359134933,1665.226220703125,1696.4513916015626,1768.124249267578,1710.0683359343434,1763.2786547437304,-53.21031880938699,-40.9292786127065,-12.281040196680493,20.936398067622605,1768.124249267578,1938.6269680129844,1597.6215305221717,0.19286282490162648,46.693089076450896,17885396.25,0.35487287568482023,0.38735690220068164,0.01798431435809217
2023-08-25,1651.3486328125,1665.794677734375,1635.3837890625,1660.996826171875,21857377,-0.005783833751783929,-0.005800624894305342,1658.6745361328126,1679.9100463867187,1759.105810546875,1701.03453545406,1754.987542008084,-53.95300655402389,-43.53402420096998,-10.418982353053906,20.515979951180256,1759.105810546875,1934.4574280370891,1583.754193056661,0.199364491253315,48.051365443638396,18771244.4,1.1644074593158034,0.524971299490998,0.017822146384285316
2023-08-26,1642.0223388671875,1652.916259765625,1641.552978515625,1651.2506103515625,5362146,-0.005647683208740983,-0.005663691673833513,1653.03828125,1663.8110595703124,1750.0734436035157,1691.9557359791565,1746.6197491828323,-54.66401320367572,-45.76002200151113,-8.90399120216459,19.92265380811793,1750.0734436035157,1930.1847556301605,1569.962131576871,0.20583286111214147,48.518519810267854,18143111.0,0.29554721899678615,0.04130500168245417,0.017822691975706798
2023-08-27,1655.961669921875,1656.7967529296875,1641.4183349609375,1642.0020751953125,4537184,0.008489123883846927,0.008453293905634665,1657.727392578125,1660.7999877929688,1741.7627868652344,1686.4181873549592,1739.904335904243,-53.486148549283826,-47.30524731106568,-6.180901238218148,23.529104277819883,1741.7627868652344,1923.2000207777762,1560.3255529526925,0.2083374788814801,48.264378138950896,16576817.8,0.2737065735258307,0.9456977291834294,0.01805249996932356
2023-08-28,1651.6827392578125,1655.9840087890625,1632.4022216796875,1655.777587890625,11849269,-0.0025839551372371927,-0.0025872993113522586,1652.394140625,1659.479541015625,1731.696044921875,1681.0742722630903,1733.3694028193222,-52.295130556231925,-48.30322396009893,-3.991906596132992,22.72707477106205,1731.696044921875,1909.446598888486,1553.945490955264,0.20529070847953598,48.876429966517854,15076448.6,0.7859456370912179,0.817602053674887,0.017340441304017355
2023-08-29,1724.9681396484375,1738.188232421875,1640.1201171875,1651.716064453125,17571344,0.04437014364123937,0.04341397034233692,1665.1967041015625,1665.2114624023438,1725.4945739746095,1687.827174937759,1732.7470870288862,-44.91991209112712,-47.626561586304575,2.7066494951774587,38.42005734718454,1725.4945739746095,1894.4504617583634,1556.5386861908555,0.19583473669763057,53.745387486049104,15088286.25,1.1645685738497968,0.865194790880864,0.02063332832113798
2023-08-30,1698.771484375,1725.6163330078125,1693.9248046875,1725.141357421875,20652276,-0.015186747320896421,-0.015303246973456853,1674.6812744140625,1666.6779052734375,1718.015283203125,1689.5109148511808,1730.230375721191,-40.71946087001015,-46.245141443045696,5.525680573035544,37.250265314641965,1718.015283203125,1877.0214170737156,1559.0091493325342,0.18510444630519743,54.227591378348215,15515814.7,1.331046831849571,0.15293297429471772,0.020789254311815532
2023-08-31,1646.8275146484375,1713.5693359375,1642.959716796875,1698.6273193359375,17681113,-0.03057737323962284,-0.03105461484843961,1675.6423095703126,1664.3402954101562,1708.0887939453125,1682.9442378969127,1724.0523860120982,-41.108148115185486,-45.21774277747366,4.109594662288174,44.29248177110703,1708.0887939453125,1858.1589675730784,1558.0186203175467,0.1757170636090135,42.788809640066965,15173102.5,1.165293189049504,0.054777208800853086,0.021606879778990958
2023-09-01,1621.645263671875,1650.125,1608.3017578125,1646.7867431640625,13140728,-0.015291371289687494,-0.015409489985913946,1668.7790283203126,1663.2532104492188,1696.8973205566406,1673.513626477676,1716.4666732461558,-42.95304676847968,-44.76480357567487,1.811756807195188,43.783448548901575,1696.8973205566406,1836.8729781256097,1556.9216629876714,0.16497834709651416,42.14286586216518,15717736.5,0.836044553870718,0.3190452284010782,0.021673329777320352
2023-09-02,1631.856689453125,1636.7899169921875,1621.5654296875,1621.75439453125,9547555,0.006296954093479412,0.006277211115124915,1664.813818359375,1658.6039794921876,1686.5432556152343,1667.1048669354373,1710.1992670392647,-43.09440010382741,-44.43072288130538,1.3363227774779673,44.962339099299705,1686.5432556152343,1812.18118700777,1560.9053242226987,0.14898868555458916,40.703465053013396,16011892.3,0.5962789919589954,0.6759675746648445,0.021848235236646564
2023-09-03,1632.09228515625,1637.9283447265625,1624.3538818359375,1631.9166259765625,3123318,0.00014437278999301917,0.0001443623692447436,1646.2386474609375,1655.71767578125,1676.0845336914062,1661.7183158924852,1704.4135646775599,-42.69524878507468,-44.08362806205924,1.3883792769845584,42.32874912009391,1676.0845336914062,1780.5290149542564,1571.6400524285561,0.12462913315335203,39.87286376953125,15919160.9,0.19619865768176262,0.5700706817620169,0.021830768551428875
2023-09-04,1625.146484375,1635.799560546875,1618.107666015625,1632.0465087890625,6091834,-0.004255764728760436,-0.004264846270569203,1631.5136474609376,1653.0974609375,1666.5037536621094,1656.0918802744106,1698.5419290995924,-42.45004882518174,-43.756912214683744,1.3068633895020056,43.21564481407851,1666.5037536621094,1749.5823726511276,1583.4251346730912,0.09970408864241026,39.072884695870535,15303746.65,0.39806160800499135,0.39785554582430155,0.021760247552167638
2023-09-05,1629.7603759765625,1637.11328125,1610.4251708984375,1625.218017578125,21530864,0.0028390619835951814,0.0028350394587881365,1628.1002197265625,1651.8712646484375,1657.841162109375,1652.040879613203,1693.446999238627,-41.406119625424026,-43.2867536968318,1.8806340714077763,49.53916326338141,1657.841162109375,1712.1298224483353,1603.552501770415,0.06549319872102263,35.79420689174107,15485407.35,1.3903970049583487,0.7244876020136851,0.02182823501167838
2023-09-06,1627.883544921875,1640.09423828125,1612.3900146484375,1629.7359619140625,49339072,-0.0011515993899182675,-0.0011522629900122617,1629.3478759765626,1649.0634521484376,1654.9317199707032,1648.324366583768,1688.5904470670157,-40.266080483247606,-42.682619054114966,2.4165385708673597,40.106238521659094,1654.9317199707032,1709.0867376318909,1600.7767023095155,0.06544683023194017,32.982883998325896,16603819.35,2.971549554952247,0.5592479498142188,0.016634775953434516
2023-09-07,1640.446533203125,1646.1463623046875,1623.5455322265625,1627.8590087890625,21931911,0.007717375312527697,0.007687748700500454,1631.0658447265625,1647.9398315429687,1653.7096862792969,1647.1123922175154,1685.024231225246,-37.91183900773058,-41.728463044838094,3.816624037107516,45.90162014901781,1653.7096862792969,1708.021611481714,1599.3977610768798,0.06568495746628204,31.886492047991073,16508579.35,1.3285159513135212,0.7478044350876598,0.016550720007167844
2023-09-08,1633.2724609375,1648.0819091796875,1619.3414306640625,1640.4364013671875,14064228,-0.0043732435775379885,-0.004382834178803139,1631.3018798828125,1638.770263671875,1651.9908630371094,1644.9831720205898,1681.1907667594871,-36.20759473889734,-40.624289383649945,4.416694644752603,46.352278101844554,1651.9908630371094,1706.6202757938336,1597.3614502803853,0.06613766937704545,31.767177036830358,15979709.75,0.8801303790890195,0.4847181045025607,0.016562154387358405
2023-09-09,1631.4508056640625,1633.6834716796875,1626.78662109375,1633.0185546875,9257401,-0.0011153407144279814,-0.0011159631697588378,1632.562744140625,1632.0381958007813,1649.3580505371094,1642.9012695042009,1677.5063251968631,-34.60505569266229,-39.42044264545242,4.815386952790128,47.80006117009656,1649.3580505371094,1702.5262654206153,1596.1898356536035,0.06447140433357308,31.448146275111608,16192945.1,0.5716934716217867,0.6762774552576037,0.016366811136347345
2023-09-10,1613.64404296875,1631.4764404296875,1605.01416015625,1631.3785400390625,12295120,-0.010914679519291148,-0.010974681635820023,1629.3394775390625,1628.7198486328125,1646.5300720214843,1638.4001577295162,1672.7757857725583,-34.37562804304207,-38.41147972497035,4.035851681928278,41.33319399749196,1646.5300720214843,1701.0298725074417,1592.030271535527,0.06619958106085082,32.23985072544643,16353138.0,0.7518508068604325,0.3261201498912913,0.016435566188148492
2023-09-11,1551.2147216796875,1613.918212890625,1543.177978515625,1613.3492431640625,40084986,-0.038688409355886355,-0.03945668672297606,1614.005712890625,1621.6767944335938,1642.4650024414063,1624.9870137218502,1663.7712625064196,-38.7842487845694,-38.48603353689016,-0.2982152476792379,33.381994013726754,1642.4650024414063,1711.5442298152293,1573.3857750675834,0.08411652884066527,35.608311244419646,15856781.65,2.5279395835030622,0.11360922442415089,0.017852704699774062
2023-09-12,1591.501953125,1610.3721923828125,1550.856689453125,1551.0821533203125,10019727,0.02597140865301273,0.025639879550361917,1604.216796875,1617.6413208007812,1638.1226501464844,1619.8354659377194,1658.4179803300183,-38.58251439229889,-38.50532970797191,-0.07718468432697989,25.218731910221663,1638.1226501464844,1708.6084293393808,1567.636870953588,0.08605677869919377,32.85455322265625,15814224.75,0.6335895156668998,0.6829357337879605,0.01766896181078582
2023-09-13,1603.9122314453125,1610.99951171875,1582.2529296875,1591.824462890625,10111200,0.0077978404587844,0.007767594434901084,1598.3447509765624,1614.8233154296875,1635.2704956054688,1617.385737554272,1654.3805174496697,-36.99477989539764,-38.20321974545706,1.2084398500594205,31.43669618785394,1635.2704956054688,1706.4788484510113,1564.0621427599262,0.08709061043650423,32.644199916294646,16002432.65,0.6318539325331889,0.7534565927431796,0.01771048008648428
2023-09-14,1622.6370849609375,1631.853271484375,1603.5081787109375,1603.90771484375,4387061,0.01167448763624157,0.011606866590644124,1596.5820068359376,1614.5723754882813,1633.8349182128907,1618.1936371552977,1652.029152080134,-33.83551492483639,-37.32967878133293,3.4941638564965416,44.558640527814724,1633.8349182128907,1704.8358360951643,1562.834000330617,0.08691320902840699,29.62530517578125,15128916.85,0.2899785254619864,0.6748577750705875,0.017922245286580728
2023-09-15,1640.1866455078125,1644.06982421875,1615.4005126953125,1622.6270751953125,6722721,0.010815456339269724,0.01075738760936351,1601.89052734375,1615.6150024414062,1633.7431335449219,1621.5771769018386,1651.1519293710733,-29.57475246923468,-35.77869351891328,6.203941049678598,54.31897475851833,1633.7431335449219,1704.7042217845874,1562.7820453052564,0.08686933310708767,28.685738699776785,15196945.6,0.44237317004016913,0.8645527739161617,0.01806174232824905
2023-09-16,1635.1014404296875,1644.7900390625,1632.072509765625,1639.8748779296875,5323423,-0.0031003819547320566,-0.003105198096025889,1618.66787109375,1616.3367919921875,1632.7001220703125,1623.6578328292,1649.963004264304,-26.30517143510383,-33.88398910215139,7.578817667047559,50.77431469319007,1632.7001220703125,1702.8952416935665,1562.5050024470586,0.0859865429963274,28.506670270647323,15236257.55,0.34939177042199576,0.2381697412267871,0.01796403951452501
2023-09-17,1621.7926025390625,1635.6488037109375,1617.6607666015625,1635.04345703125,6366584,-0.008139457015662321,-0.00817276324880774,1624.7260009765625,1614.4713989257812,1631.205615234375,1623.3708743230252,1647.876307840212,-24.505433517186702,-32.00827798515845,7.502844467971748,47.686476188596,1631.205615234375,1700.9704813781318,1561.4407490906183,0.08553779547127516,28.821925571986608,14962123.3,0.42551340290050943,0.229699100022958,0.018041062134945704
2023-09-18,1635.220458984375,1660.47607421875,1614.227294921875,1621.677001953125,5864543,0.008279638484162577,0.008245550306718759,1630.987646484375,1614.6661987304688,1626.7182312011719,1625.1938873478482,1646.9388375545943,-21.744950206746125,-29.955612429475984,8.210662222729859,52.19879591904159,1626.7182312011719,1680.8931414551487,1572.543320947195,0.06660638482421623,30.861703055245535,14376783.25,0.4079176056298964,0.45391823042947455,0.014804152406883035
2023-09-19,1648.7420654296875,1654.77880859375,1631.4188232421875,1635.3302001953125,3643914,0.008268980718178387,0.00823498000270248,1636.208642578125,1616.3953247070312,1624.2167602539062,1628.8166839758233,1647.0724099897866,-18.25572601396334,-27.61563514637346,9.35990913241012,53.987966700690926,1624.2167602539062,1668.0083843582759,1580.4251361495365,0.05392337423919202,30.623979840959823,13526365.15,0.2693934371570621,0.7415776131437304,0.01468001625393568
2023-09-20,1624.2265625,1654.303466796875,1615.51953125,1648.730712890625,3716281,-0.014869216625038595,-0.014980871623907498,1633.0166259765624,1617.4535766601562,1623.0867126464843,1628.1105114410814,1645.3801249905432,-17.269613549461837,-25.546430826991138,8.2768172775293,49.29842261009833,1623.0867126464843,1665.568458207212,1580.6049670857567,0.05234685889512343,31.415387834821427,12828123.55,0.28969794261141174,0.22450097250268752,0.01340072090230652
2023-09-21,1591.66552734375,1628.22021484375,1585.0057373046875,1627.2005615234375,6646824,-0.02004710174554236,-0.020250771478238186,1624.329443359375,1621.4986572265625,1621.5877258300782,1622.503590810723,1641.4012659055954,-18.89767509487251,-24.216679680567417,5.3190045856949055,41.30846894343743,1621.5877258300782,1666.338715784731,1576.8367358754253,0.05519404129893144,32.887791224888396,12503428.35,0.5316001190985351,0.15411015976072995,0.013713583297304613
2023-09-22,1597.583740234375,1606.7835693359375,1589.0556640625,1591.6373291015625,4379815,0.003718251598061384,0.0037113559883767424,1619.4876708984375,1622.1068359375,1619.8740783691405,1618.669767645131,1638.155523263283,-19.48575561815187,-23.27049486808431,3.7847392499324393,43.61259504793798,1619.8740783691405,1665.5839199728127,1574.1642367654683,0.056436289973467606,32.10117885044643,12245041.35,0.35768070313621275,0.4810537982647309,0.01365492244714677
2023-09-23,1594.6361083984375,1600.291748046875,1588.016845703125,1597.7020263671875,6415993,-0.0018450562319225483,-0.001846760444740305,1611.37080078125,1621.1792236328124,1618.00126953125,1614.972281607178,1634.931862902924,-19.95958129574592,-22.608312153616634,2.6487308578707136,43.43752257588326,1618.00126953125,1664.6626995284878,1571.3398395340123,0.0576778657420411,32.485325404575896,12409675.1,0.5170153890652625,0.539251759773902,0.013653612602384098
2023-09-24,1581.4781494140625,1600.5518798828125,1579.544921875,1594.7432861328125,14175307,-0.008251386579719466,-0.008285617702836192,1597.918017578125,1617.063330078125,1615.817852783203,1609.8193381928525,1630.9723285704156,-21.15299037756313,-22.317247798405933,1.1642574208428051,44.16957299633628,1615.817852783203,1665.0854593472388,1566.5502462191673,0.06098163413552292,32.09565952845982,12813848.75,1.1062489714497372,0.09202796223152594,0.013731675788648093
2023-09-25,1587.6290283203125,1592.5738525390625,1569.9205322265625,1581.3580322265625,6491777,0.003889322725406652,0.0038817788637904947,1590.5985107421875,1611.807568359375,1613.7112854003906,1606.4054443663078,1627.7617137370746,-21.356269370766768,-22.1250521128781,0.768782742111334,58.2923127387154,1613.7112854003906,1664.0598062430147,1563.3627645577665,0.06240090318279177,28.660879952566965,12061894.4,0.5382054248460341,0.7817174631200247,0.013750215217270307
2023-09-26,1591.2493896484375,1593.394775390625,1582.6468505859375,1587.4696044921875,9273941,0.00228035722674802,0.002277761158100761,1590.515283203125,1607.42236328125,1611.8795776367188,1604.0737436404816,1625.0570971379163,-20.98335349743479,-21.896712389789442,0.9133588923546512,49.9309557736524,1611.8795776367188,1662.7203095906143,1561.0388456828232,0.06308254370768374,25.177481515066965,10058637.85,0.9219877619910534,0.8003906996766725,0.013772486297430598
2023-09-27,1597.8560791015625,1623.4307861328125,1586.9764404296875,1591.151123046875,3205179,0.004151888130234926,0.004143292825660617,1590.5697509765625,1605.0287109375,1609.7500549316405,1603.1171798652633,1623.0422069130013,-19.925027047738013,-21.50237532137916,1.577348273641146,48.290151726115475,1609.7500549316405,1659.0986438699058,1560.4014659933753,0.0613121133769564,25.728036063058035,9122301.25,0.35135640801162976,0.29844558883299066,0.013675810145626403
2023-09-28,1647.44677734375,1655.860107421875,1597.7440185546875,1597.9744873046875,14021617,0.0310357728025612,0.0305639016225704,1601.131884765625,1606.2513427734375,1610.4587707519531,1609.9371179388768,1624.8499528708346,-14.912834931957832,-20.184467243494893,5.271632311537061,55.964957076821484,1610.4587707519531,1661.6041550216935,1559.3133864822128,0.06351653975700307,27.854535784040177,9120170.7,1.537429228161267,0.8552323418407547,0.015426689260293277
2023-09-29,1666.048583984375,1676.79833984375,1644.93896484375,1647.3955078125,8694293,0.011291294442068445,0.011228023604617436,1618.0459716796875,1607.9819946289062,1612.1886596679688,1618.5696511766457,1627.9017033236894,-9.332052147043669,-18.01398422420465,8.68193207716098,56.18664385061718,1612.1886596679688,1668.4118999829511,1555.9654193529864,0.06974771839241393,28.0823974609375,9092015.3,0.9562558699169809,0.6625873587915371,0.01560480125009247
2023-09-30,1674.5517578125,1685.235595703125,1665.5146484375,1666.49658203125,9726325,0.005103797038012781,0.005090816812800094,1635.430517578125,1613.0145141601563,1615.2340454101563,1627.1822829667772,1631.3572629154532,-4.174979948676082,-15.246183369098935,11.071203420422853,59.285387976980246,1615.2340454101563,1678.00606558167,1552.4620252386426,0.07772498400449956,28.5826416015625,8963575.55,1.0850943293494077,0.4582492538869989,0.015361301433483526
2023-10-01,1733.534423828125,1735.146240234375,1673.5821533203125,1674.2362060546875,5447431,0.035222957869439186,0.03461682174949903,1663.8875244140625,1627.2014038085938,1624.350030517578,1643.5441507915998,1638.925941501577,4.618209290022833,-11.273304837274582,15.891514127297414,71.64649156618529,1624.350030517578,1699.675336234384,1549.024724800772,0.09274516489873136,31.695216587611608,7231697.8,0.7532713825514114,0.9738188853797486,0.013885608874235756
2023-10-02,1664.80810546875,1734.6224365234375,1650.427978515625,1733.4193115234375,5969440,-0.039645199665321984,-0.04045247911752511,1677.2779296875,1633.9238403320312,1628.0153381347657,1646.8155284342383,1640.8431388324786,5.972389601759687,-7.824165949467728,13.796555551227415,54.720360207368515,1628.0153381347657,1703.7436656276275,1552.2870106419039,0.0930314668652011,34.40562220982143,7029183.45,0.8492366207912813,0.17079659744448603,0.016364988199169747
2023-10-03,1656.0640869140625,1668.864990234375,1649.1351318359375,1664.97412109375,2719561,-0.005252268129860793,-0.005266109778086296,1679.0013916015625,1640.0666381835938,1630.6229309082032,1648.2383835849805,1641.9706164681515,6.2677671168289635,-5.0057793362083896,11.273546453037353,51.186225216274195,1630.6229309082032,1706.4481937205605,1554.797668095846,0.09300159022064672,34.146327427455354,6659601.5,0.4083669270601251,0.35119132305388584,0.016397800353458544
2023-10-04,1645.83056640625,1656.18798828125,1634.5828857421875,1656.1572265625,6845490,-0.006179422999795792,-0.006198594654750105,1674.9577880859374,1646.5018798828125,1631.7826049804687,1647.867950172868,1642.2565386857884,5.611411487079522,-2.8823411715508067,8.493752658630328,53.669844240015856,1631.7826049804687,1707.8028049906534,1555.762404970284,0.09317442136980568,32.91926792689732,6782522.95,1.0092837208903214,0.5206029750851873,0.01631364525960649
2023-10-05,1613.3587646484375,1652.012451171875,1613.3353271484375,1645.8817138671875,5519764,-0.019729735502917678,-0.019926965238797365,1662.719189453125,1649.074853515625,1630.4412109375,1642.5588447075709,1640.1159628311698,2.4428818764010884,-1.8172965619604275,4.260178438361516,53.68611968340743,1630.4412109375,1706.7831144221311,1554.099307452869,0.09364569905680273,32.59517124720982,6722375.1,0.821103243703256,0.0006059783550539487,0.01675410402190873
2023-10-06,1644.4603271484375,1651.02880859375,1613.109130859375,1613.109130859375,6352621,0.019277524120171252,0.019094066640250814,1644.9043701171875,1654.395947265625,1630.9091552734376,1642.8513804677043,1640.437767595412,2.413612872292333,-0.9711146751098753,3.3847275474022083,57.3373279655463,1630.9091552734376,1707.4857052414338,1554.3326053054413,0.09390657930932694,34.037440708705354,6773835.0,0.9378174992452577,0.8267790802550565,0.01732231833778648
2023-10-07,1637.6317138671875,1648.419677734375,1635.49365234375,1644.43359375,1816446,-0.004152494997000655,-0.004161140546384873,1639.469091796875,1658.3735107421876,1631.7011108398438,1642.0483548368557,1640.2299117636917,1.8184430731639623,-0.4132031254551076,2.23164619861907,56.64907775241464,1631.7011108398438,1708.2082627747545,1555.193958904933,0.09377593902051365,34.083949497767854,6546328.1,0.2774755515233036,0.16540749821937686,0.017241284580415815
2023-10-08,1633.6475830078125,1642.00048828125,1622.9190673828125,1637.7431640625,43550177,-0.0024328613238483454,-0.002435825539618789,1634.985791015625,1656.9935913085938,1631.6224670410156,1640.7559284016181,1639.7423318558488,1.01359654576936,-0.12784319121021404,1.1414397369795741,58.30336749451911,1631.6224670410156,1708.1176194945929,1555.1273145874384,0.0937657503482444,33.9464111328125,8430609.8,5.165720871104721,0.5622493039947576,0.017157239448489743
2023-10-09,1578.0491943359375,1635.0870361328125,1562.681884765625,1633.651123046875,20562886,-0.03403328187191346,-0.03462589864670136,1621.4295166015625,1648.19365234375,1628.087823486328,1631.1087385453595,1635.1724698173368,-4.0637312719773035,-0.9150208073636322,-3.1487104646136714,48.68261844649764,1628.087823486328,1707.7209367461878,1548.4547102264683,0.09782410028635474,37.500113351004465,9276558.4,2.2166503042766377,0.2122405557894357,0.01863955157528018
2023-10-10,1572.8089599609375,1592.4476318359375,1558.358642578125,1578.12890625,11162182,-0.0033207040653794317,-0.003326229839489228,1613.3195556640626,1638.0193725585937,1625.516943359375,1622.1395418400639,1630.5529505687146,-8.413408728650666,-2.4146983916210396,-5.998710337029626,47.47539131568304,1625.516943359375,1708.9062780038557,1542.1276087148944,0.10260038812286268,39.167332240513396,9648853.45,1.1568402461330782,0.42389984840227507,0.01839797335052564
2023-10-11,1564.7640380859375,1577.47265625,1555.0643310546875,1572.758056640625,3382488,-0.005115002571704497,-0.005128128977556865,1597.3802978515625,1621.142333984375,1624.1718688964843,1613.3125412625059,1625.6796977922124,-12.367156529706563,-4.4051900192381455,-7.961966510468417,45.48726666426955,1624.1718688964843,1710.670147560001,1537.6735902329676,0.10651370131448765,38.16404506138393,9485636.65,0.35659050887216936,0.43286175751101746,0.01789962185887907
2023-10-12,1535.459716796875,1565.98681640625,1524.0584716796875,1564.5966796875,7838687,-0.01872762958235441,-0.018905212267531155,1576.9458984375,1608.2074951171876,1621.0656677246093,1601.3351836524087,1618.9967362370023,-17.661552584593665,-7.056462532309251,-10.605090052284414,33.833974877230276,1621.0656677246093,1715.6664584588207,1526.464876990398,0.11671432270476338,37.007777622767854,9658580.25,0.8115775607910903,0.27192213737084037,0.018307098509376948
2023-10-13,1550.1580810546875,1561.37841796875,1527.2703857421875,1535.5787353515625,3491809,0.009572614701006232,0.0095270875369707,1560.247998046875,1597.61689453125,1618.8417663574219,1593.4617832527592,1613.897576593868,-20.43579334110882,-9.732328694069166,-10.703464647039654,33.079802912118524,1618.8417663574219,1718.0381904559188,1519.645342258925,0.12255234101316786,37.16839599609375,9512371.05,0.3670808236606792,0.6710353489101394,0.018483501642316075
2023-10-14,1553.911376953125,1557.3968505859375,1546.8597412109375,1550.2996826171875,2219967,0.0024212342884952776,0.0024183078235749736,1555.4204345703124,1588.4249755859375,1617.463427734375,1587.3771053605076,1609.4541543982575,-22.07704903774993,-12.20127276280532,-9.87577627494461,32.13857897487763,1617.463427734375,1719.5692442407603,1515.3576112279898,0.12625425064405651,36.51240757533482,8914604.05,0.24902586671810734,0.6692191837949207,0.0184247196113011
2023-10-15,1558.4019775390625,1563.3135986328125,1550.3763427734375,1553.90869140625,17406173,0.002889869173068549,0.002885701528517504,1552.5390380859376,1582.929296875,1616.0020751953125,1582.9193933879776,1605.6725116679468,-22.753118279969158,-14.31164186623809,-8.441476413731067,19.081917074795953,1616.0020751953125,1720.7092275845766,1511.2949228060484,0.12958789347669503,33.0390625,9460323.85,1.8399130173540519,0.6203506250984212,0.01841291984838918
2023-10-16,1597.4044189453125,1613.2869873046875,1557.3790283203125,1558.498779296875,27110550,0.025027202203529164,0.024719150973375903,1559.0671142578126,1578.2237060546875,1616.3098266601562,1585.1478588583366,1605.060060355159,-19.91220149682249,-15.43175379235497,-4.480447704467521,36.705188812124966,1616.3098266601562,1720.7464859063527,1511.8731674139597,0.1292285148844242,31.018598284040177,10352154.3,2.6188317150566425,0.7159157898972314,0.019292571790283968
2023-10-17,1566.6939697265625,1597.4825439453125,1558.8875732421875,1597.3291015625,16374881,-0.019225218645023245,-0.01941242645235543,1565.31396484375,1571.129931640625,1614.7517211914062,1582.3087989919097,1602.218127716004,-19.909328724094166,-16.32726877870281,-3.5820599453913573,33.778178579183646,1614.7517211914062,1721.2569359203399,1508.2465064624726,0.1319152824935233,32.36610630580357,11010639.4,1.487187111040981,0.202264604432522,0.01975404241511003
2023-10-18,1564.764404296875,1580.411865234375,1559.8603515625,1566.7105712890625,10498016,-0.0012316160443409663,-0.0012323751066942296,1568.2352294921875,1564.2416137695313,1610.6176025390625,1579.6096613465197,1599.4437778331055,-19.8341164865858,-17.02863832027941,-2.80547816630639,34.828088189333286,1610.6176025390625,1718.1927024206573,1503.0425026574678,0.13358242168967688,32.29084995814732,10834459.35,0.9689469184265296,0.23862245916708472,0.018279876883006887
2023-10-19,1567.143798828125,1570.6175537109375,1548.5665283203125,1565.1243896484375,6327909,0.0015206088052079902,0.0015194538503135635,1570.8817138671875,1563.15107421875,1605.67236328125,1577.6918363436898,1597.0511867956996,-19.35935045200972,-17.494780746625473,-1.8645697053842483,40.252733327257275,1605.67236328125,1711.5990311851458,1499.7456953773542,0.13194057558222003,31.103271484375,10716140.15,0.5905026354101948,0.8424674213692556,0.018023138535932407
2023-10-20,1601.8211669921875,1621.2396240234375,1563.4029541015625,1567.1884765625,21236128,0.022127751256772576,0.02188648519922874,1579.5655517578125,1566.052294921875,1602.0358337402345,1581.4040410588432,1597.4045186621063,-16.000477603263107,-17.195920117953,1.1954425146898942,41.14054399545487,1602.0358337402345,1702.877715079932,1501.193952400537,0.1258921669738989,32.525913783482146,11291630.3,1.8806963596744748,0.664253542534127,0.0188060602430062
2023-10-21,1630.875732421875,1633.880615234375,1595.65771484375,1601.7279052734375,8996256,0.018138457668307906,0.017975918377233398,1586.259814453125,1572.6634643554687,1596.902899169922,1589.0150704993096,1599.8838678294967,-10.868797330187135,-15.930495560399828,5.061698230212693,48.71494811729277,1596.902899169922,1678.0993135546075,1515.7064847852364,0.10169236266887845,34.332833426339285,11469071.55,0.7843927000350782,0.9213852745080835,0.01735605618514232
2023-10-22,1659.4005126953125,1661.4158935546875,1623.765625,1630.8218994140625,8975860,0.017490468284225402,0.017339270511104024,1604.801123046875,1585.0575439453125,1596.63251953125,1599.8436000679255,1604.2925081899275,-4.448908122001967,-13.634178072720257,9.18526995071829,54.48019326790268,1596.63251953125,1676.9076342022074,1516.3574048602925,0.10055553007842427,35.6591796875,11619392.55,0.7724896083315473,0.9464710094720216,0.015603911874077945
2023-10-23,1759.348388671875,1770.492919921875,1667.700927734375,1670.4139404296875,24822770,0.0602313155937384,0.05848710657520597,1643.717919921875,1605.9765747070312,1601.7967346191406,1624.382798314687,1615.778128966368,8.604669348319021,-9.1864085885124,17.79107793683142,77.32399771429665,1601.7967346191406,1707.4480052543388,1496.1454639839424,0.13191595207030926,38.422555106026785,12724553.0,1.9507773671892443,0.8915817173911039,0.020542765144237852
2023-10-24,1786.2142333984375,1837.860595703125,1754.4952392578125,1757.9825439453125,38239142,0.015270338097642666,0.015154919984105524,1687.5320068359374,1629.2068603515625,1608.81591796875,1649.2799421737257,1628.4030255909659,20.876916582759804,-3.1737435542579573,24.05066013701776,80.19454769043705,1608.81591796875,1741.8816824800997,1475.7501534574003,0.16542074581081365,41.942295619419646,14294235.6,2.6751442378632686,0.38048171913746665,0.0205856821842608
2023-10-25,1785.6199951171875,1806.59033203125,1759.9053955078125,1786.652587890625,11311289,-0.00033268029676336575,-0.0003327356471296176,1724.2917724609374,1651.928662109375,1617.4289794921874,1670.2553349342581,1640.0487270373528,30.206607896905325,3.502326735974701,26.704281160930623,81.92177238023856,1617.4289794921874,1772.2539820072045,1462.6039769771703,0.19144581243205672,43.676339285714285,14583811.85,0.775605796093701,0.5508114933594745,0.019837311217624522
2023-10-26,1801.263427734375,1852.628662109375,1773.4630126953125,1785.6275634765625,16690187,0.008760784859020765,0.008722631854927613,1758.3693115234375,1672.3145629882813,1625.2691345214844,1690.4104261342761,1651.9905567186136,38.41986941566256,10.485835271912276,27.934034143750285,89.99788388867785,1625.2691345214844,1800.4059301712148,1450.132338871754,0.21551728502036013,46.336146763392854,15100690.15,1.1052598811187446,0.35116764962219243,0.019584230834143197
2023-10-27,1772.94189453125,1801.33642578125,1753.14404296875,1801.33642578125,10662152,-0.015723148967026868,-0.01584806882633968,1781.077587890625,1692.93935546875,1632.0346435546876,1703.107575118426,1660.9499150751053,42.157660043320675,16.820200226193958,25.337459817126717,82.20392966482271,1632.0346435546876,1819.2217045593484,1444.8475825500268,0.22939103865706434,47.342171805245535,15542975.45,0.6859788226713053,0.410808729574932,0.020026773441115087
2023-10-28,1774.29345703125,1789.9102783203125,1771.5367431640625,1772.947998046875,3858507,0.0007623275777783878,0.0007620371536999505,1784.0666015625,1713.8922607421875,1639.0669372558593,1714.0592492588605,1669.3457329977828,44.71351626107776,22.39886343317072,22.314652827907036,82.07949820533779,1639.0669372558593,1836.78078440291,1441.3530901088086,0.24125170565402904,47.90191650390625,13558391.95,0.2845844119442203,0.15003720526528044,0.019984065576461284
2023-10-29,1792.4066162109375,1805.378662109375,1766.1055908203125,1774.359130859375,4882618,0.010208660302447603,0.010156903874351317,1785.305078125,1736.4185424804687,1649.7848083496094,1726.112690328411,1678.4613539765348,47.651336351876125,27.44935801691181,20.201978334964316,82.76309384801756,1649.7848083496094,1856.602079543991,1442.9675371552278,0.25072030018420993,49.783046177455354,12774378.55,0.3822196109884343,0.6696961689179842,0.017849178859208784
2023-10-30,1806.0228271484375,1820.602783203125,1781.644775390625,1792.155029296875,6093749,0.0075966082775815735,0.007567899350896336,1789.38564453125,1756.8387084960937,1661.4455017089845,1738.406557531492,1687.9103519892683,50.496205542223606,32.05872752197418,18.43747802024943,81.4440087550027,1661.4455017089845,1876.1370426381118,1446.7539607798572,0.2584394621530382,48.572335379464285,12520956.9,0.4866839690183743,0.6257520114704911,0.01769813168627007
2023-10-31,1806.41943359375,1813.0814208984375,1786.2110595703125,1805.8538818359375,14012474,0.00021960212204996665,0.00021957801303349177,1790.416845703125,1774.3930786132812,1673.528271484375,1748.8700769256855,1696.6888024784892,52.1812744471963,36.0832369070186,16.0980375401777,89.76652771483569,1673.528271484375,1892.4680340747768,1454.588508893973,0.2616505096698583,47.73486328125,13052456.2,1.073550739055535,0.7520693067407641,0.01754414571843676
2023-11-01,1838.17333984375,1842.0810546875,1784.392578125,1806.3421630859375,12686803,0.01757836837861504,0.01742565588820846,1803.463134765625,1792.270361328125,1688.6639526367187,1762.6090404515414,1707.1691385796196,55.43990187192185,39.95456989999926,15.48533197192259,91.27045957246708,1688.6639526367187,1909.26253504739,1468.0653702260474,0.26126996086607235,50.387503487723215,13294862.0,0.9542636095056872,0.932261777638746,0.016554254195809907
2023-11-02,1800.443603515625,1861.202392578125,1794.21728515625,1838.1177978515625,38240529,-0.020525668341665804,-0.020739247496467852,1808.6931640625,1796.3798828125,1701.1782287597657,1768.4297424614006,1714.0783582045087,54.35138425689183,42.833932771377775,11.517451485514059,81.82019185431645,1701.1782287597657,1917.039495570226,1485.3169619493053,0.25377854378942155,53.597080775669646,15032298.0,2.5438910936970514,0.09295078560122148,0.017833894828182827
2023-11-03,1826.4090576171875,1827.66357421875,1781.8822021484375,1800.3248291015625,15972391,0.014421698103101566,0.01431869455792491,1815.49365234375,1800.399365234375,1714.8031127929687,1777.3496371007525,1722.3991507535961,54.95048634715636,45.2572434865335,9.69324286062286,81.37763733804861,1714.8031127929687,1925.8725184269547,1503.7337071589827,0.2461733409035032,52.735988071986604,15719919.2,1.0160606296246104,0.9725976624431056,0.017850220860823853
2023-11-04,1849.9713134765625,1857.0135498046875,1820.76513671875,1826.361083984375,4963914,0.012900864546803836,0.012818357246437193,1824.283349609375,1806.8344970703124,1729.3815795898438,1788.522202697031,1731.8489405849268,56.67326211210411,47.540447211647624,9.132814900456488,81.08738855550756,1729.3815795898438,1935.1777945614992,1523.5853646181884,0.237999776799362,52.59495326450893,15097806.25,0.3287837926784893,0.8057229065590666,0.017832052592159843
2023-11-05,1887.8291015625,1899.260986328125,1845.10205078125,1850.0572509765625,6168662,0.020463986554901226,0.02025741264495894,1840.565283203125,1815.491064453125,1743.902813720703,1803.8001871378724,1743.4030265832655,60.3971605546069,50.111789880239485,10.285370674367414,81.57536749879438,1743.902813720703,1951.4664812811634,1536.3391461602428,0.23804499416755107,53.774143763950896,14050711.85,0.43902843257012636,0.7889196924186258,0.01764114182313892
2023-11-06,1892.40869140625,1903.5340576171875,1870.42041015625,1887.742431640625,9315578,0.002425849797505375,0.002422912173748852,1851.412353515625,1827.437744140625,1760.1885498046875,1817.4322647176227,1754.44048323682,62.99178148080273,52.68778820035214,10.303993280450591,74.97834505831939,1760.1885498046875,1960.1828806477274,1560.1942189616475,0.22724194049010438,48.204232352120535,13697746.7,0.6800810530391835,0.664024742949209,0.016473810172287256
2023-11-07,1876.697509765625,1895.3055419921875,1851.141357421875,1892.25439453125,11223412,-0.008302213846286044,-0.008336869167547938,1866.663134765625,1837.6781494140625,1775.785205078125,1826.5499947250078,1763.4965592759906,63.053435449017115,54.76091765008513,8.292517798931982,67.72814699907346,1775.785205078125,1959.608837224637,1591.961572931613,0.20703363404632566,45.404148646763396,13734016.5,0.8171980862262689,0.5786623841605447,0.016791638036311632
2023-11-08,1884.7200927734375,1894.4857177734375,1866.743408203125,1876.7012939453125,5481757,0.0042748407594010995,0.0042657295842948185,1878.325341796875,1846.9094970703125,1791.6640197753907,1835.4992405786122,1772.4760802758015,63.023160302810766,56.413366180630256,6.60979412218051,68.86722468467397,1791.6640197753907,1953.1053534087214,1630.22268614206,0.18021384796639447,44.05110386439732,13691708.9,0.4003705483396598,0.6479880313595002,0.016736012288774756
2023-11-09,2108.234619140625,2111.492431640625,1880.661865234375,1884.242919921875,34725693,0.11859295564588446,0.11207160591179033,1929.9780029296876,1877.1306762695312,1816.9846923828125,1877.4585295881527,1797.3470831546772,80.11144643347552,61.15298223119931,18.95846420227621,82.6220765149817,1816.9846923828125,2009.0124323629796,1624.9569524026454,0.21136968383408883,54.884312220982146,14366187.15,2.417182279293918,0.9858865636359212,0.029573931348277852
2023-11-10,2076.2099609375,2115.5458984375,2060.44677734375,2107.50341796875,31040279,-0.015190272426215623,-0.015306826445624418,1967.6541748046875,1904.1097290039063,1839.2514038085938,1908.0356728726679,1818.0035926200717,90.03208025259619,66.9288018354787,23.103278417117494,81.97686272086989,1839.2514038085938,2043.315205753047,1635.1876018641406,0.22189875894278735,55.377650669642854,15468388.3,2.0066912207007372,0.28608775018513266,0.03027242841393818
2023-11-11,2048.6640625,2080.63671875,2037.0142822265625,2075.894775390625,18252087,-0.013267395377036806,-0.013356193555339482,1998.9052490234376,1925.1588012695313,1858.714581298828,1929.6708097384112,1835.0895533519183,94.5812563864929,72.45929274568154,22.12196364081136,77.41548156431558,1858.714581298828,2064.796159693488,1652.6330029041685,0.2217463406895474,57.181143624441965,15932199.65,1.1456099848711097,0.26705936667493807,0.030785496749616906
2023-11-12,2043.1392822265625,2060.954345703125,2026.878662109375,2049.078857421875,9810980,-0.0026967721914814557,-0.0027004150323564216,2032.193603515625,1949.428369140625,1872.9041259765625,1947.1274978135116,1850.50064437967,96.62685343384169,77.29280488331358,19.33404855052811,75.70008258051601,1872.9041259765625,2089.014549525874,1656.793702427251,0.23077574612809185,56.809901646205354,15181610.15,0.6462410708129005,0.4771913105625277,0.028631395769730873
2023-11-13,2050.70166015625,2100.02294921875,2033.5726318359375,2043.692138671875,21428699,0.0037013521278128625,0.003694518980092521,2065.3899169921874,1971.8576293945312,1886.1284973144532,1963.061984327779,1865.330349252009,97.7316350757701,81.38057092180489,16.35106415396521,75.39472247230273,1886.1284973144532,2112.0496725672747,1660.2073220616317,0.2395607463377997,58.77363804408482,14341088.0,1.4942171054246371,0.2577719564386195,0.02859089384922988
2023-11-14,1980.23681640625,2053.3701171875,1959.680908203125,2049.72021484375,21927552,-0.034361333546992445,-0.03496556603513556,2039.7903564453125,1984.8841796875,1895.8593383789062,1965.7042661860055,1873.8419394115824,91.86232677442308,83.47692209232854,8.385404682094546,65.74947583301515,1895.8593383789062,2120.313025611329,1671.4056511464833,0.23678305946932401,63.546412876674104,14871901.15,1.474428304682485,0.21940529142859083,0.03004418957907716
2023-11-15,2051.96826171875,2052.4365234375,1972.171142578125,1980.4749755859375,24821728,0.03622367017833694,0.03558301839024082,2034.9420166015625,2001.298095703125,1908.394580078125,1978.97565011412,1887.0364818047058,91.9391683094143,85.1693713357457,6.769796973668605,68.06319386831936,1908.394580078125,2138.5347607367835,1678.2543994194664,0.24118720841183397,65.15904889787946,15278478.2,1.6246204415829844,0.994166081021754,0.03081434878797942
2023-11-16,1958.5146484375,2072.163330078125,1947.8177490234375,2051.6513671875,13806907,-0.0455434009505451,-0.04661310667782441,2016.9121337890624,2007.90869140625,1917.6732177734375,1975.8278037023324,1892.3311608145425,83.4966428877899,84.83482564615454,-1.3381827583646384,62.20586250295033,1917.6732177734375,2139.6377085136764,1695.7087270331986,0.2314935502910724,69.2562255859375,15435715.95,0.8944779137374578,0.08602556940481641,0.032637472244924054
2023-11-17,1949.7022705078125,1983.196533203125,1909.66015625,1958.3951416015625,8807105,-0.004499521071602897,-0.004509674384684766,1998.2247314453125,2015.2091674804688,1926.4436584472655,1971.8084909031754,1896.5808726436737,75.2276182595017,82.91338416882398,-7.685765909322285,59.7794644202314,1926.4436584472655,2138.1802419639653,1714.7070749305658,0.21982120534722693,71.23872593470982,15683145.85,0.5615649490373132,0.5445211732132482,0.0326986046464497
2023-11-18,1957.197021484375,1962.1463623046875,1921.952880859375,1950.3629150390625,5932842,0.003844048955541579,0.0038366794790700605,1979.5238037109375,2022.4568603515625,1934.6831787109375,1969.5605725310522,1901.0709577429848,68.48961478806746,80.02863029267269,-11.539015504605231,58.72746504664124,1934.6831787109375,2137.077195452079,1732.2891619697957,0.20922703930882897,71.52051653180804,15735657.05,0.3770317299842271,0.8768621017361926,0.032678371971453304
2023-11-19,2000.017822265625,2001.2025146484375,1941.28662109375,1957.375,9698055,0.02187863577922977,0.02164273304624503,1983.4800048828124,2011.6351806640625,1944.3829284667968,1974.2463032594478,1908.400355115032,65.84594814441584,77.19209386302133,-11.346145718605484,59.05823884300551,1944.3829284667968,2139.2698226482953,1749.4960342852983,0.2004614331140755,71.93172781808036,15915872.35,0.6093322933693923,0.9802274100855484,0.03289588944990039
2023-11-20,2020.8978271484375,2049.462890625,1987.2548828125,2000.00146484375,13265921,0.010439909409986958,0.01038578989838848,1977.26591796875,2006.1039672851562,1955.1068481445313,1981.423460780831,1916.7335011915804,64.68995958925052,74.69166700826717,-10.001707419016654,60.10827922349185,1955.1068481445313,2141.445440342044,1768.7682559470188,0.1906172978467697,74.00989641462054,15878544.7,0.8354620181281475,0.5408137234024908,0.03288717735647457
2023-11-21,1944.662109375,2032.153564453125,1944.662109375,2020.6800537109375,16995990,-0.03772368733802289,-0.0384536422589418,1974.49541015625,1995.7037719726563,1960.4312866210937,1975.7678682568571,1918.8022869829447,56.96558127391245,71.14644986139623,-14.180868587483786,54.8818944310036,1960.4312866210937,2138.6083075731085,1782.2542656690787,0.18177328852888527,77.10470145089286,16094004.05,1.0560448442288046,0.0,0.03417262500403157
2023-11-22,2061.87939453125,2076.3115234375,1941.55908203125,1943.8072509765625,18646292,0.06027642776149045,0.058529655033611946,1996.9308349609375,1997.577783203125,1973.503076171875,1989.0157953759945,1929.4005912457822,59.615204130212305,68.84020071515945,-9.22499658494715,60.999815215649704,1973.503076171875,2140.2532627825135,1806.7528895612363,0.16898903135645896,84.74828229631696,15114292.2,1.2336860868681632,0.8928989429462788,0.03593213955418987
2023-11-23,2054.021240234375,2079.74853515625,2038.68310546875,2061.7333984375,12025947,-0.003811160981441186,-0.0038184419606643273,2016.2956787109374,1997.9097412109375,1984.8836853027344,1999.0166330465145,1938.6317504301223,60.38488261639213,67.14913709540599,-6.764254479013857,45.40273718268021,1984.8836853027344,2140.0290342367953,1829.7383363686736,0.15632689218300275,71.19362967354911,14916970.0,0.8061923433512301,0.3735047917094792,0.03597569539469129
2023-11-24,2079.364501953125,2114.404541015625,2053.134765625,2053.968505859375,13210298,0.01233836399659527,0.012262866757466812,2032.1650146484376,2007.822509765625,1996.3533447265625,2011.3778436475316,1949.0563986910856,62.32144495644593,66.18359866761398,-3.862153711168048,50.27056920674913,1996.3533447265625,2143.1988357080586,1849.507853745066,0.14711372750659976,71.63439069475446,15329289.2,0.8617684634718745,0.4281023744026559,0.0359706321271694
2023-11-25,2076.108154296875,2087.117431640625,2061.976806640625,2079.283203125,12290690,-0.0015660302237493484,-0.0015672577307896643,2043.207080078125,2010.2364990234375,2005.7672973632812,2021.3363529781998,1958.46763984707,62.86871313112988,65.52062156031715,-2.651908429187273,52.4562614115391,2005.7672973632812,2147.3656617330535,1864.1689329935086,0.14119121849868943,70.31426130022321,15635390.6,0.7860814171153486,0.5620921377503176,0.03585613181975531
2023-11-26,2058.10986328125,2085.27978515625,2039.896728515625,2076.291015625,3763615,-0.00866924537547542,-0.008707041886531057,2065.896630859375,2020.1960205078126,2014.0523559570313,2026.9938161017458,1965.848545286639,61.14527081510687,64.6455514112751,-3.500280596168224,51.31061230587786,2014.0523559570313,2146.8400269979575,1881.2646849161054,0.13186119084558595,71.12193080357143,15357792.45,0.2450622387464287,0.4013201425773549,0.03598936476022473
2023-11-27,2021.337646484375,2067.173095703125,1997.87646484375,2057.88232421875,20010356,-0.01786698438840817,-0.01802852602108095,2057.78828125,2027.3595581054688,2021.2843627929688,2026.1236361606118,1969.9588490790636,56.164787081548184,62.949398545329714,-6.7846114637815305,47.554381089138666,2021.2843627929688,2137.265640533957,1905.3030850519806,0.11475998120395861,71.32523890904018,15797139.65,1.2667075460081787,0.3385616493368865,0.036235301841676185
2023-11-28,2044.8040771484375,2061.105712890625,1997.309326171875,2021.3096923828125,13447064,0.011609357152614574,0.011542485625198032,2055.9448486328124,2036.120263671875,2029.2885620117188,2028.9975501587387,1975.5029400471656,53.49461011157314,61.05844085857841,-7.5638307470052695,55.83431337576471,2029.2885620117188,2126.0980904143166,1932.479033609121,0.09541228410278575,69.19003731863839,16195405.0,0.8303011872812073,0.7444739962860447,0.03627193100602599
2023-11-29,2027.640869140625,2069.84716796875,2020.79931640625,2044.627197265625,3914119,-0.008393570904723147,-0.008428995284962807,2045.6001220703124,2038.882568359375,2025.2588745117187,2028.7888300021057,1979.3650088689033,49.42382113320241,58.73151691350322,-9.307695780300811,47.56127347805061,2025.2588745117187,2114.657885549373,1935.8598634740642,0.0882840333774201,66.96021379743304,14654826.3,0.26708736902599794,0.1394873070895301,0.024481214705895933
2023-11-30,2045.652099609375,2046.0321044921875,2023.683837890625,2027.7259521484375,8881258,0.00888285038187453,0.00884362995476115,2039.5089111328125,2041.3579956054687,2023.7309814453124,2031.383179172455,1984.275163738568,47.108015433886976,56.40681661757998,-9.298801183693001,60.29190408083232,2023.7309814453124,2110.4683968606046,1936.9935660300202,0.08572030196755287,59.674691336495535,13546875.25,0.655594580750273,0.9829962251919845,0.024372722118992912
2023-12-01,2080.591796875,2096.754150390625,2041.7969970703125,2045.52685546875,23736427,0.01707998015512846,0.01693575719458893,2044.0052978515625,2054.950964355469,2025.3273681640626,2038.9537357420772,1991.4097291560815,47.5440065859957,54.63425461126312,-7.090248025267414,64.56083792441788,2025.3273681640626,2115.118442794624,1935.5362935335008,0.08866820845062325,58.347603934151785,13821092.25,1.717406017603276,0.7059099217078554,0.024477862253353726
2023-12-02,2158.363037109375,2165.03759765625,2080.4287109375,2080.4287109375,8048591,0.037379384245956215,0.03669771021597055,2071.4103759765626,2064.599328613281,2031.088555908203,2057.3243974908924,2003.7766408563255,53.547756634566895,54.41695501592387,-0.8691983813569735,69.35279003020439,2031.088555908203,2138.7077435834426,1923.4693682329632,0.10597193053172187,61.520132882254465,13732972.8,0.586077837422062,0.921112771779244,0.025761106309592868
2023-12-03,2197.2197265625,2203.177978515625,2145.209228515625,2158.65869140625,12955875,0.018002851598665437,0.017842719301878668,2101.893505859375,2078.9191772460936,2038.4144592285156,2078.8467558096013,2018.105758316042,60.740997493559234,55.681763511450946,5.059233982108289,69.11724122914352,2038.4144592285156,2169.1254624346466,1907.7034560223847,0.12824771980434393,61.381051199776785,13309331.6,0.9734429488555233,0.8972161386592403,0.025977400063228198
2023-12-04,2236.026611328125,2255.5234375,2196.618896484375,2197.330078125,9262528,0.017661813380101643,0.017507656039621795,2143.570654296875,2094.5853881835938,2051.2039489746094,2103.0282720432206,2034.2480437243446,68.78022831887597,58.30145647293595,10.478771845940017,70.1545936304835,2051.2039489746094,2205.817214409275,1896.5906835399437,0.15075367372606352,61.145089285714285,12676080.4,0.7307091551738659,0.66900979377136,0.02452143782252732
2023-12-05,2282.87744140625,2292.5244140625,2193.390380859375,2236.25439453125,72374292,0.020952715786462406,0.02073622644161096,2191.01572265625,2115.262316894531,2062.749407958984,2130.697375022148,2052.6650361452266,78.03233887692159,62.24763295373309,15.784705923188497,83.53236566890695,2062.749407958984,2248.87673519724,1876.6220807207283,0.18046528242363882,61.97670200892857,15053708.6,4.807738340305059,0.9026875801016763,0.02376938615997808
2023-12-06,2227.767333984375,2297.239501953125,2226.37548828125,2282.530029296875,40807756,-0.024140633405149936,-0.024436794554874252,2220.450830078125,2132.228063964844,2076.212042236328,2145.6312148624907,2065.6355767259042,79.99563813658642,65.79723399030377,14.198404146282655,68.75692193875015,2076.212042236328,2269.410737133079,1883.0133473395779,0.1861069013824353,57.413242885044646,16403751.05,2.4877088097481215,0.019641079171345253,0.02174016511847159
2023-12-07,2347.46533203125,2368.09228515625,2228.35009765625,2228.544189453125,21110739,0.053730026570052214,0.05233627553511957,2258.2712890625,2164.8408325195314,2096.1001953125,2176.682617503838,2086.5118548966707,90.17076260716749,70.67193971367651,19.49882289349098,76.4819998184515,2096.1001953125,2314.6890171231694,1877.511373501831,0.20856714989054284,64.50320870535714,17018932.75,1.2404267241728186,0.8523927991786737,0.023950398792866447
2023-12-08,2348.760009765625,2375.262939453125,2338.857666015625,2347.96142578125,21594855,0.0005515215567655218,0.0005513695246484915,2288.579345703125,2195.23642578125,2115.6783447265625,2203.15606246719,2105.9376441462227,97.21841832096743,75.98123543513469,21.237182885832738,75.41486957030452,2115.6783447265625,2351.35738977149,1879.9992996816352,0.22279288875113706,62.7271728515625,17802033.4,1.213055526566982,0.2720030042977196,0.024003268566441315
2023-12-09,2331.83251953125,2383.6572265625,2327.136962890625,2349.028076171875,118814742,-0.0072069901411784265,-0.007233085951718203,2307.74052734375,2225.6555908203127,2132.269079589844,2222.9524404770455,2122.670597878447,100.28184259859836,80.84135686782743,19.44048573077093,73.51847444383571,2132.269079589844,2380.070837988777,1884.4673211909108,0.2324301006574643,64.96857561383929,23257867.75,5.1085827504544135,0.08307740153255473,0.024090334152739198
2023-12-10,2341.3037109375,2362.07568359375,2326.212646484375,2331.801513671875,27459629,0.004061694537202065,0.004053468123873963,2319.42578125,2255.220751953125,2148.289373779297,2241.1603282401925,2138.865643290229,102.29468494996354,85.13202248425466,17.162662465708877,76.45979598828978,2148.289373779297,2406.964562985079,1889.614184573515,0.24081968878402754,64.28857421875,23967553.15,1.1457001400245148,0.42079716792786787,0.02409822121534598
2023-12-11,2215.947509765625,2343.662353515625,2171.425537109375,2341.50341796875,42881238,-0.05354119612345387,-0.055027833974602335,2317.06181640625,2268.7563232421876,2161.853643798828,2237.281433090259,2144.5754111772953,92.70602191296348,86.64682236999643,6.05919954296705,65.60064240541136,2161.853643798828,2403.457855294316,1920.2494323033407,0.2235157890438305,71.64144461495536,25261815.55,1.697472531818878,0.25849277513729924,0.02586104317910317
2023-12-12,2193.415771484375,2230.530029296875,2168.75146484375,2215.78955078125,64130600,-0.01016799278049374,-0.010220039929690053,2286.251904296875,2272.2615966796875,2168.4304626464846,2230.5328697662767,2148.1932156444864,82.33965412179032,85.78538872035521,-3.445734598564897,61.93113962299062,2168.4304626464846,2405.698267268413,1931.1626580245559,0.21883828760858903,71.497314453125,27536030.95,2.3289703631016585,0.3992372897454889,0.022822563344596262
2023-12-13,2245.416748046875,2259.791259765625,2142.948974609375,2193.239501953125,52553761,0.02370776085343307,0.02343109609433047,2265.583251953125,2277.081298828125,2178.0002380371093,2232.8226971940608,2155.394958785404,77.42773840865675,84.11385865801553,-6.68612024935878,66.55770630076773,2178.0002380371093,2411.243665752624,1944.7568103215945,0.21418126925984365,76.33977399553571,29562421.65,1.777721785522263,0.8769750890416333,0.02319496524326298
2023-12-14,2305.857177734375,2312.97607421875,2235.5107421875,2245.016845703125,10139971,0.0269172436431111,0.0265613470210563,2260.38818359375,2284.06435546875,2189.324871826172,2244.0587711233397,2166.54030833718,77.51846278615994,82.79477948364442,-5.276316697484475,68.58458619739628,2189.324871826172,2424.3905068735558,1954.2592367787884,0.2147380117700937,80.27670724051339,29408905.3,0.34479253466126125,0.9081021625185288,0.02367117337787543
2023-12-15,2225.90966796875,2305.616943359375,2222.9326171875,2305.616943359375,11753201,-0.03467149246605883,-0.035286813258715584,2237.309375,2278.367578125,2196.8149475097657,2241.2666014072493,2170.938038680259,70.32856272699019,80.30153613231357,-9.972973405323387,59.7520399556718,2196.8149475097657,2426.1681333042434,1967.461761715288,0.20880519413295562,82.27437918526786,29382030.85,0.40001322781267173,0.03600501955717202,0.025289715303338484
2023-12-16,2222.68994140625,2252.773193359375,2219.410888671875,2225.87255859375,19635042,-0.0014464767410971024,-0.0014475238984927286,2238.657861328125,2277.8598388671876,2205.0439514160157,2238.4086537147878,2174.7715129562584,63.63714075852931,76.96865705755673,-13.331516299027413,54.79684636612258,2205.0439514160157,2425.0629855325105,1985.024917299521,0.19955977201742844,78.61390904017857,30175602.2,0.6506926314133343,0.09828615750939758,0.025153577383309773
2023-12-17,2201.246337890625,2240.32275390625,2194.796875,2222.83984375,35981081,-0.009647591018501656,-0.009694430527136304,2240.223974609375,2263.237939453125,2214.039385986328,2232.691374357224,2176.732611099545,55.95876325767904,72.7666782975812,-16.807915039902156,50.30826942594562,2214.039385986328,2416.4396364329527,2011.6391355397031,0.18283346875191916,77.72513253348214,30974138.45,1.161649130550716,0.141665862233863,0.024840025974896898
2023-12-18,2214.6279296875,2219.007080078125,2132.57275390625,2200.6025390625,44116097,0.006079097812241363,0.006060694642587071,2234.0662109375,2249.8247314453124,2222.5305786132812,2229.9123828695742,2179.53967173569,50.37271113388442,68.28788486484184,-17.91517373095742,48.29539863233594,2222.5305786132812,2408.629358914578,2036.4317983119845,0.16746566467257396,79.69154575892857,32507590.1,1.3571014296750346,0.949335517564973,0.024788221958682043
2023-12-19,2172.512939453125,2246.35498046875,2142.78125,2214.30029296875,17201563,-0.019016733993920898,-0.019199877660043666,2207.39736328125,2233.8927734375,2229.7741821289064,2221.0816992670434,2179.0191730480924,42.06252621895101,63.04281313566368,-20.98028691671267,41.14161756262358,2229.7741821289064,2393.9153028447067,2065.633061413106,0.14722667616420637,80.0086669921875,33171962.3,0.5185572937902441,0.2870582078650241,0.02518493884129435
2023-12-20,2187.77880859375,2255.3232421875,2161.23681640625,2172.31103515625,111830574,0.0070268254165002375,0.007002252325507864,2199.77119140625,2218.540283203125,2236.880517578125,2215.9581776249984,2179.668034940363,36.29014268463516,57.69227904545798,-21.402136360822823,46.57100520735419,2236.880517578125,2378.174262162296,2095.5867729939537,0.12633106102345623,81.66741071428571,38319428.1,2.9183779493828093,0.28210224763334985,0.025168476612693908
2023-12-21,2231.69921875,2253.269287109375,2178.40478515625,2188.380126953125,25339014,0.02007534307569281,0.019876490328721907,2201.573046875,2220.1154541015626,2244.435888671875,2218.379876259614,2183.52219670404,34.85767955557367,53.12535914748111,-18.267679591907445,38.59034402839697,2244.435888671875,2365.21201015262,2123.65976719113,0.10762269672332973,76.99166434151786,38399557.45,0.6598777611693543,0.7118785565420649,0.025261243046912983
2023-12-22,2318.610595703125,2328.0205078125,2227.33056640625,2231.707763671875,24209552,0.03894403700235416,0.03820484830106563,2225.0458984375,2232.6349365234373,2252.4482666015624,2233.799986943231,2193.5287447780465,40.2712421651845,50.554535751021795,-10.283293585837292,47.457604088519815,2252.4482666015624,2370.4108182908603,2134.4857149122645,0.10474163019715153,81.58342633928571,39207605.5,0.6174708118811285,0.9065456590100234,0.02537283610382578
2023-12-23,2290.04736328125,2321.43408203125,2262.68310546875,2318.532958984375,32271046,-0.012319115799267366,-0.0123956251069862,2240.12978515625,2237.097998046875,2257.0896484375,2242.4534294567725,2200.67827207458,41.77515738219245,48.79866007725593,-7.023502695063485,46.54421854417493,2257.0896484375,2373.19275962872,2140.9865372462796,0.10287859967954234,81.74276297433036,40173364.05,0.8032945899137367,0.4657668588492636,0.025391300813145765
2023-12-24,2264.35693359375,2304.041259765625,2250.6484375,2290.142578125,21861303,-0.011218296223659774,-0.01128169591234099,2258.498583984375,2232.9479736328126,2258.5061645507812,2245.8231993239997,2205.395209964889,40.4279893591106,47.12452593362687,-6.696536574516273,43.80249242158484,2258.5061645507812,2374.21788490299,2142.7944441985724,0.10246748241683373,82.99489048549107,40803302.8,0.535772878660205,0.25674792059097107,0.025297365135417086
2023-12-25,2260.562255859375,2285.9755859375,2251.1396484375,2264.166015625,27451206,-0.0016758302006532055,-0.0016772359748626954,2273.0552734375,2236.413232421875,2257.3904052734374,2248.090746483288,2209.481657808925,38.60908867436319,45.42143848177414,-6.812349807410946,54.46838664496644,2257.3904052734374,2372.5416381696646,2142.2391723772103,0.1020215489772837,73.1805419921875,38557148.5,0.7119615186273435,0.2704852544637315,0.02485707931628075
2023-12-26,2216.871337890625,2267.905029296875,2199.1220703125,2260.983154296875,25637165,-0.019327456191707726,-0.019516673500405583,2270.089697265625,2235.8313720703127,2256.84560546875,2243.2877605459553,2210.0290415186805,33.258719027274765,42.98889459087427,-9.730175563599502,52.253671123621864,2256.84560546875,2372.6879783277864,2141.0032326097135,0.10265866001495999,73.68085588727679,37798618.95,0.6782566588983802,0.25804745590512496,0.024635384199321507
2023-12-27,2363.558349609375,2373.65576171875,2212.043701171875,2217.200927734375,22912003,0.06616848222609262,0.06407136412368493,2279.079248046875,2252.0625732421877,2257.650256347656,2261.7909280941735,2221.401582858732,40.3893452354414,42.4689847197877,-2.079639484346302,59.603887376584446,2257.650256347656,2376.3317305989426,2138.9687820963695,0.10513716543791428,76.87869698660714,37888682.15,0.6047189213204134,0.9375206770795333,0.026171192226910656
2023-12-28,2355.552734375,2427.777099609375,2348.6201171875,2363.809814453125,20088293,-0.003387102855192059,-0.0033928520738688325,2292.180322265625,2266.1550537109374,2257.989892578125,2276.215821368147,2231.3387051932705,44.87711617487639,42.95061101080544,1.926505164070953,54.41630748762996,2257.989892578125,2377.802675966306,2138.1771091899436,0.10612340097889597,76.99952915736607,37813354.05,0.5312486423033929,0.08758061480509859,0.0261869020583068
2023-12-29,2305.5927734375,2373.3623046875,2286.27685546875,2355.422607421875,21167438,-0.021209442781061738,-0.021437594764060503,2300.427490234375,2279.463037109375,2256.6779052734373,2280.7353524557398,2236.8390065446947,43.896345911045046,43.13975799085336,0.7565879201916843,57.47988295537673,2256.6779052734373,2373.6264896102525,2139.729320936622,0.10364667821094722,77.29673549107143,32930988.85,0.6427817304975948,0.2218041950729598,0.02658701449887269
2023-12-30,2292.934814453125,2314.2880859375,2281.505126953125,2306.138916015625,20495889,-0.00549011045237735,-0.005505236496605935,2306.902001953125,2289.9786376953125,2254.2594604492188,2282.6121927630297,2240.9942515749485,41.617941188081204,42.835394630298936,-1.2174534422177317,56.479106607800155,2254.2594604492188,2365.7108168613045,2142.808104037133,0.09888068198669216,77.25535365513393,32582801.85,0.62904010202548,0.34864721948867217,0.026591608935651583
2023-12-31,2280.12646484375,2307.990234375,2273.6962890625,2292.611083984375,9754855,-0.005586006862750681,-0.005601666944530559,2319.55302734375,2294.8213623046877,2257.468408203125,2282.2297730831406,2243.8929340393042,38.336839043836335,41.93568351300642,-3.598844469170082,57.393361436800845,2257.468408203125,2367.9668220582475,2146.9699943480023,0.09789586729417486,76.45307268415179,30926482.7,0.3154207704324553,0.1875017797101114,0.02356716608517958
2024-01-01,2340.830322265625,2340.830322265625,2271.82763671875,2280.810546875,16474058,0.026623022169094845,0.026274796539502317,2315.007421875,2297.0433349609375,2264.8391357421874,2291.245242188138,2251.073481315328,40.171760872809955,41.58289898496713,-1.4111381121571753,60.86500510960535,2264.8391357421874,2377.001554077861,2152.676717406514,0.09904669745908277,75.20795549665179,28543655.6,0.5771530539346894,0.9999999998550781,0.024024488306582763
2024-01-02,2357.47705078125,2404.44970703125,2339.390380859375,2340.603515625,29417122,0.007111463123697481,0.00708629591648533,2315.39228515625,2303.7863037109373,2270.4421508789064,2301.434751202463,2258.9552272016927,42.4795240007702,41.762223988127744,0.717300012642454,66.6542392181259,2270.4421508789064,2389.5030525874645,2151.3812491703484,0.10487904451779897,72.45692661830357,27386823.65,1.0741341301914726,0.2780027243336836,0.023573143013888454
2024-01-03,2215.625,2377.686767578125,2154.508544921875,2357.525146484375,41884381,-0.06017112689781701,-0.06205747018247507,2297.39873046875,2298.9131103515624,2265.9305419921875,2288.233251017469,2255.745580742308,32.48767027516078,39.907313245534354,-7.419642970373573,52.04183124289303,2265.9305419921875,2386.173472067958,2145.687611916417,0.10613117026089754,81.67776925223214,28974044.15,1.445582839011447,0.27384596197596345,0.02669990753211637
2024-01-04,2262.046875,2280.60009765625,2208.85546875,2215.713623046875,9433154,0.020952045133991515,0.020735569552530014,2291.221142578125,2299.061572265625,2267.73740234375,2284.204577784012,2256.212343279915,27.99223450409727,37.52429749724694,-9.532062993149673,52.217118673210436,2267.73740234375,2386.525438453043,2148.949366234457,0.10476348450797106,81.45492117745536,28858041.8,0.3268812924097989,0.7413991410017909,0.02596690324228272
2024-01-05,2254.7744140625,2266.5947265625,2214.059326171875,2261.44189453125,37446290,-0.00321499126206215,-0.0032201704501451695,2286.150732421875,2302.8518798828127,2269.3416259765627,2279.676860288395,2256.1058300045506,23.571030283844266,34.733644054566405,-11.162613770722139,44.72214630388962,2269.3416259765627,2386.4224643493194,2152.260787603806,0.10318485064792612,78.01531110491071,29748604.2,1.2587578814874278,0.7750029043300224,0.025979126456129365
2024-01-06,2233.485595703125,2259.351806640625,2216.57763671875,2255.154052734375,12054132,-0.00944166220203746,-0.00948651725538409,2264.681787109375,2289.8446044921875,2270.9535888671876,2272.5705118906612,2254.430257093334,18.14025479732709,31.414966203118542,-13.274711405791454,45.26664490101463,2270.9535888671876,2384.9335973193347,2156.9735804150405,0.10038074667039178,76.87411063058036,28552256.75,0.42217790718066445,0.39528432723075035,0.025974709822322292
2024-01-07,2219.828857421875,2249.725830078125,2214.841796875,2233.56591796875,14108386,-0.006114540567229709,-0.006133310924258889,2237.1521484375,2276.272216796875,2271.2136352539064,2264.4564112031558,2251.867190451004,12.58922075215196,27.649817112925227,-15.060596360773268,46.19708747864358,2271.2136352539064,2384.6751120021,2157.752158505713,0.09991264140637238,75.55205426897321,27051871.2,0.5215308728809858,0.14296112254011487,0.02599345611884178
2024-01-08,2318.5283203125,2341.19921875,2181.135986328125,2220.19921875,19555654,0.04446264519925891,0.043502538042513014,2257.7328125,2277.565771484375,2278.514404296875,2272.7751664507473,2256.8050519222256,15.970114528521663,25.313876596044516,-9.343762067522853,54.26000665298033,2278.514404296875,2383.725954944728,2173.302853649022,0.09235100769996687,84.49686104910714,27169575.75,0.7197629502919272,0.8583628600831297,0.02733412618718331
2024-01-09,2336.021728515625,2342.992919921875,2246.5400390625,2318.564453125,32330288,0.00754504831787739,0.007516726809703827,2272.527783203125,2281.874462890625,2285.926550292969,2282.505406768421,2262.672953892107,19.83245287631371,24.21759185209836,-4.385138975784649,59.107208436465264,2285.926550292969,2384.927167193813,2186.9259333921245,0.0866174959892357,86.47328404017857,23194561.45,1.3938736487729542,0.9277243836221855,0.027337780577866545
2024-01-10,2588.414306640625,2607.00048828125,2335.925048828125,2336.035888671875,46892746,0.10804376305411223,0.10259608488634915,2339.25576171875,2312.7032470703125,2303.7623046875,2329.5683144410677,2286.80194298459,42.76637145647783,27.927347772974258,14.83902368350357,64.7958832869702,2303.7623046875,2468.3998886517857,2139.1247207232145,0.14292931491178146,94.29209681919643,24272248.05,1.931949026864036,0.9314353905044455,0.03586779907302888
2024-01-11,2616.3466796875,2674.82958984375,2562.166015625,2588.423828125,42028025,0.010791306853471738,0.010733496231239117,2415.827978515625,2340.2548828125,2318.6491088867188,2373.688062940519,2311.2126642218427,62.47539871867639,34.83695796211469,27.6384407565617,66.72213514940172,2318.6491088867188,2534.742396596269,2102.5558211771686,0.18639585168909467,96.6854248046875,25163171.7,1.67021969650988,0.4809066677797085,0.03513587645636934
2024-01-12,2529.937744140625,2702.31298828125,2473.244140625,2616.296630859375,26737096,-0.03302656189171227,-0.03358425225327352,2477.849755859375,2357.5009521484376,2330.6436279296877,2397.726475432843,2327.4145219936045,70.31195343923855,41.931957057539464,28.379996381699087,63.74266032283662,2330.6436279296877,2565.838922150278,2095.4483337090974,0.20182862055964726,106.82709612165179,24886474.2,1.0743625547406792,0.24749591266214757,0.03601759844642623
2024-01-13,2568.03369140625,2572.326416015625,2514.638427734375,2529.82568359375,13355636,0.01505805720075748,0.014945810070507019,2527.750830078125,2392.7418212890625,2345.8274658203127,2423.927585582598,2345.238164172319,78.68942141027901,49.28344992808738,29.40597148219163,66.34237323041802,2345.8274658203127,2601.3368901974613,2090.318041443164,0.21784161716923162,108.60602678571429,24461190.85,0.5459928783475396,0.9255872020063818,0.03585100194252034
2024-01-14,2475.80859375,2570.642333984375,2475.788818359375,2568.054443359375,18407563,-0.035912728857442566,-0.03657345823833678,2555.708203125,2414.1179931640627,2356.5897827148438,2431.909279146814,2354.91004784474,76.9992313020739,54.82660620288469,22.172625099189204,60.6223093491123,2356.5897827148438,2615.0925370647237,2098.0870283649638,0.21938714683900484,112.93171037946429,24009008.7,0.7666940034887821,0.0002084834757321644,0.03707868527013037
2024-01-15,2511.9248046875,2545.99853515625,2475.789794921875,2475.789794921875,16419977,0.014587642610447649,0.014482266508419451,2540.410302734375,2439.8330322265624,2371.3424560546873,2444.219359999227,2366.5407705738335,77.67858942539351,59.39700284738647,18.281586578007044,59.54232960928086,2371.3424560546873,2629.9489847891678,2112.735927320207,0.21810981208065253,113.01785714285714,23548149.3,0.697293735945525,0.5146796487139659,0.03667151206019156
2024-01-16,2586.759765625,2606.277099609375,2506.902587890625,2511.890869140625,23633921,0.029791879437573332,0.029356723026442603,2534.492919921875,2475.16044921875,2382.5025268554687,2466.148653172423,2382.8532887257716,83.29536444665155,64.1766751672395,19.118689279412052,62.00821703277454,2382.5025268554687,2658.3821461741545,2106.622907536783,0.23158810218161982,115.46894182477679,23584245.2,1.0021063129041756,0.8035981897687308,0.03440895815268112
2024-01-17,2525.89794921875,2589.5859375,2519.771240234375,2586.748291015625,14499320,-0.023528205910356315,-0.023809413783400152,2533.6849609375,2505.7673583984374,2391.0197875976564,2475.3408525641657,2393.449189503029,81.89166306113657,67.71967274601892,14.171990315117654,67.75624965420192,2391.0197875976564,2673.827333062862,2108.2122421324507,0.2365580970363718,104.514404296875,23304796.55,0.6221603337704315,0.08775672205792219,0.034959848087401504
2024-01-18,2462.631103515625,2536.23193359375,2437.002685546875,2525.906982421875,8236082,-0.0250472691197573,-0.02536629030800776,2512.604443359375,2520.17763671875,2398.8717041015625,2473.3855065566977,2398.5737757261845,74.81173083051317,69.13808436291777,5.673646467595404,61.26187228851254,2398.8717041015625,2680.4099097470034,2117.3334984561216,0.2347255213057624,106.47759137834821,22658228.75,0.3634918726822369,0.2582748380201432,0.03511605417670385
2024-01-19,2489.743408203125,2494.0068359375,2419.973388671875,2462.631103515625,27351015,0.011009486824394843,0.010949323599051293,2515.39140625,2535.5498046875,2408.7121337890626,2475.902106809994,2405.3270818355877,70.57502497440646,69.42547248521551,1.1495524891909525,62.904917457754074,2408.7121337890626,2688.411681902281,2129.012585675844,0.23223991293076,108.01316615513393,23000985.05,1.1891236371200544,0.9424121407111796,0.03507833427463852
2024-01-20,2468.654052734375,2489.768798828125,2457.835205078125,2489.742919921875,17142219,-0.008470493545345015,-0.008506572055451932,2506.737255859375,2523.573779296875,2418.1385131835937,2474.787021567591,2410.0179685688313,64.76905299875989,68.49418858792438,-3.725135589164495,62.91870276777423,2418.1385131835937,2692.2429318537716,2144.0340945134158,0.22670696254641465,107.23883928571429,23370353.25,0.733502776642882,0.33879204882357095,0.035128730088383256
2024-01-21,2453.39697265625,2478.7041015625,2453.39697265625,2468.654296875,9446444,-0.006180323266123722,-0.006199500519205444,2480.064697265625,2507.27880859375,2423.766845703125,2471.496244812,2413.2312281308623,58.265016681137695,66.44835420656705,-8.183337525429351,62.808269630814124,2423.766845703125,2695.802405929443,2151.731285476807,0.2244733735083348,106.55477469308036,23018972.55,0.41037643967302095,0.0,0.034808350816402905
2024-01-22,2308.692626953125,2459.234619140625,2305.58740234375,2453.296875,24588256,-0.05898121963787051,-0.060792181719048696,2436.6236328125,2485.154296875,2421.3276245117186,2446.4495343721733,2405.4876280436224,40.96190632855087,61.35106463096381,-20.389158302412945,49.48654295708535,2421.3276245117186,2696.720028390084,2145.9352206333533,0.22747223555416254,106.09648786272321,22777529.25,1.0794961881126768,0.020210093445936442,0.03742751828309915
2024-01-23,2238.400634765625,2344.52734375,2167.52783203125,2308.692626953125,94997623,-0.030446665514008764,-0.030919793449490397,2391.7775390625,2452.1909912109377,2422.46640625,2414.4420113557812,2393.110813726734,21.331197629047438,53.34709123058054,-32.0158936015331,45.17009327009674,2422.46640625,2694.4445067270162,2150.488305772984,0.22454643728004525,111.84981863839286,25433191.35,3.735182962007636,0.4004124194590258,0.03546766254663772
2024-01-24,2229.93212890625,2248.744140625,2200.271728515625,2238.75390625,19333727,-0.003783284246728136,-0.0037904589682980347,2339.815283203125,2427.6033447265627,2420.8606689453127,2386.055875594315,2381.023503740031,5.0323718542836104,43.68414735532115,-38.65177550103754,26.620700240712324,2420.8606689453127,2697.17127525664,2144.5500626339854,0.22827468747443985,95.94960239955357,25928220.0,0.7456634894335207,0.6119027111252296,0.03516876145921982
2024-01-25,2217.85595703125,2235.12646484375,2177.13818359375,2229.93212890625,20110297,-0.00541548853369056,-0.005430205448623738,2289.6556640625,2398.1964599609373,2419.01474609375,2360.178965046151,2368.93701879864,-8.758053752489104,33.1957071337591,-41.953760886248205,23.462597014420624,2419.01474609375,2700.4430536459176,2137.5864385415825,0.23268010912841344,92.04422433035714,25061420.35,0.8024404331097698,0.7021724485148156,0.03518231776198831
2024-01-26,2266.408203125,2274.6865234375,2190.519775390625,2217.86865234375,15551708,0.02189152363111102,0.021655344886986592,2252.25791015625,2366.1613037109373,2420.6608764648436,2345.7526939813583,2361.3422917117036,-15.589597730345304,23.438646160938216,-39.02824389128352,31.518446163091923,2420.6608764648436,2697.873500462989,2143.4482524666982,0.22903879406931987,81.69407435825893,25236299.15,0.6162436063847342,0.9016438140522433,0.03544823492201733
2024-01-27,2264.752685546875,2276.21630859375,2252.58447265625,2266.408203125,8213882,-0.0007304586948821967,-0.0007307256098228025,2243.469921875,2340.04677734375,2422.9070678710937,2333.291154222207,2354.1875060698644,-20.89635184765757,14.571646559219058,-35.46799840687663,27.584964967457537,2422.9070678710937,2693.926756959493,2151.887378782694,0.22371447314859916,79.26149204799107,24941573.95,0.3293249261841392,0.5149076405937165,0.035409276159472924
2024-01-28,2250.866455078125,2301.18896484375,2244.445068359375,2264.8779296875,14812788,-0.006131455570124178,-0.006150330135752874,2245.9630859375,2318.8703125,2419.523974609375,2320.6104312769635,2346.534094885291,-25.923663608327388,6.472584525709767,-32.39624813403715,31.197586729460895,2419.523974609375,2697.6264110594216,2141.421538159328,0.2298819431991333,76.53937639508929,24704430.65,0.5996004607375965,0.11316435978954228,0.033962342779907444
2024-01-29,2286.8681640625,2287.057861328125,2242.428955078125,2250.7998046875,45515036,0.015994600169704665,0.015868034348568812,2257.35029296875,2298.5827880859374,2417.066296386719,2315.419313243969,2342.114396305825,-26.695083061855712,-0.1609489918033305,-26.53413407005238,31.184414099973466,2417.066296386719,2699.116579261626,2135.0160135118117,0.23338233071765158,74.71224539620536,25363668.05,1.7944973854047896,0.9957494527309305,0.0341256988770156
2024-01-30,2355.2314453125,2376.796630859375,2283.607177734375,2286.8681640625,19642805,0.02989384448317134,0.029455733321554236,2284.825390625,2287.24052734375,2405.4071533203123,2321.5442566391275,2343.0860295655784,-21.541772926450903,-4.437113778732846,-17.104659147718056,30.431604916261605,2405.4071533203123,2676.707497929928,2134.1068087106964,0.22557540351131447,74.27045549665179,24001171.0,0.8184102767319145,0.7685877013825337,0.02401706924078756
2024-01-31,2282.3125,2355.604736328125,2270.3671875,2355.186279296875,22264826,-0.0309604159954755,-0.031449817559857936,2288.00625,2270.132080078125,2388.7054443359375,2315.5086017715694,2338.584286634795,-23.075684863225433,-8.164827995631365,-14.910856867594068,29.823767415374064,2388.7054443359375,2646.099790125964,2131.311098545911,0.21550948979528303,75.37208775111607,23013011.05,0.9674886068418239,0.14014143605519905,0.024435131770385272
2024-02-01,2301.5654296875,2307.317138671875,2246.64111328125,2282.306640625,23244844,0.00843571144946198,0.008400329676664172,2295.368798828125,2269.4193603515623,2377.286828613281,2313.3634983740203,2335.8421490831433,-22.47865070912303,-11.0275925383297,-11.451058170793331,35.609644161384,2377.286828613281,2628.4883236878545,2126.085333538708,0.21133461225720432,72.6182861328125,22838398.45,1.0177965872208523,0.9052062333285965,0.023818950247964887
2024-02-02,2305.041259765625,2322.684326171875,2289.69091796875,2302.236572265625,19360769,0.0015102025922404394,0.001509063383119118,2306.203759765625,2276.0834228515623,2364.13720703125,2312.0831539727287,2333.5606017262903,-21.47744775356159,-13.11756358137608,-8.359884172185511,32.77013362290428,2364.13720703125,2600.385164841114,2127.889249221386,0.19985976880464648,69.68685477120536,23138655.1,0.836728362833845,0.46525480780032086,0.023424446497801503
2024-02-03,2298.372314453125,2325.91796875,2296.570556640625,2305.10888671875,10936602,-0.00289319997385995,-0.002897393367074164,2308.50458984375,2282.92744140625,2355.2653930664064,2309.9737940466357,2330.954061928278,-20.98026788164225,-14.690104441429314,-6.290163440212934,33.676158485952314,2355.2653930664064,2587.1421998673263,2123.3885862654865,0.19690078874638495,69.50212751116071,22765107.05,0.48041074333538,0.06139409516488472,0.022275644754686193
2024-02-04,2292.385009765625,2309.986328125,2277.473388671875,2298.3642578125,7640458,-0.0026050194956880324,-0.002608418463175421,2295.935302734375,2290.3803466796876,2344.2884033203127,2307.2678272341727,2328.0970951014147,-20.829267867241924,-15.917937126591838,-4.911330740650087,34.28550460184607,2344.2884033203127,2565.47869508156,2123.0981115590653,0.18870569973213744,70.01682826450893,22326131.1,0.3422204217012772,0.45863651026269775,0.021870047836666438
2024-02-05,2297.103515625,2332.3173828125,2275.693115234375,2292.4111328125,19537686,0.002058339170459611,0.0020562236928055805,2298.893505859375,2293.4498779296873,2329.8055908203123,2305.7040869866078,2325.8012743994577,-20.097187412849962,-16.753787183843464,-3.343400229006498,48.44365465257719,2329.8055908203123,2519.8933569680867,2139.717824672538,0.1631790797453151,63.086617606026785,22121319.35,0.8832061818229662,0.37811350685117023,0.02042393248287516
2024-02-06,2365.687744140625,2389.340576171875,2295.539794921875,2297.12158203125,9043484,0.02985682972017245,0.0294197923084341,2311.71796875,2303.5433837890623,2321.7950805664063,2314.9323419333796,2328.7558277136186,-13.823485780239025,-16.167726903122578,2.3442411228835525,67.17263277163673,2321.7950805664063,2489.2436774862854,2154.3464836465273,0.1442406337419146,57.143851143973215,21848527.55,0.4139173213986221,0.7478397117430363,0.021437271983903307
2024-02-07,2424.38818359375,2440.419189453125,2358.776611328125,2365.7138671875,29853162,0.02481326607812684,0.02451041655770849,2335.587353515625,2320.895556640625,2319.8829345703125,2331.771702188821,2335.839705926962,-4.06800373814076,-13.747782270126214,9.679778531985454,73.10319822250068,2319.8829345703125,2481.3256656788612,2158.4402034617638,0.13918179120400406,59.513148716517854,22929381.55,1.301961064013085,0.8036440514792791,0.02164270622529414
2024-02-08,2424.915283203125,2475.69921875,2415.43408203125,2424.400390625,16998578,0.00021741551659992808,0.00021739188527164846,2360.895947265625,2334.7002685546877,2316.6415283203123,2346.1014838833294,2342.437896836307,3.663587047022247,-10.26550840669652,13.929095453718768,75.29474221054421,2316.6415283203123,2465.8654277388837,2167.417628901741,0.12882778590847985,59.67578125,22411759.7,0.7584669043189858,0.15732480977433694,0.02147302692552891
2024-02-09,2488.02978515625,2523.04638671875,2422.948974609375,2424.991455078125,23484713,0.026027508008343858,0.02569455731348314,2400.02490234375,2347.9801025390625,2317.610314941406,2367.936607156086,2353.222481156303,14.714125999783391,-5.269581525400537,19.983707525183927,76.14353221451151,2317.610314941406,2471.177905958439,2164.042723924373,0.13252235721164843,60.813685825892854,22728884.4,1.033254100232038,0.6501747564588423,0.0222220190145683
2024-02-10,2498.16552734375,2515.275634765625,2479.784912109375,2488.062255859375,9673497,0.004073802591902487,0.004065527125587621,2440.2373046875,2369.5654052734376,2319.848742675781,2387.971825646496,2363.959003096114,24.012822550382225,0.5868992897560171,23.42592326062621,76.9943987255816,2319.848742675781,2482.7702484378974,2156.9272369136647,0.14045873143797982,61.66074916294643,22740237.05,0.4253912120058572,0.5178991537372694,0.022174897353437174
2024-02-11,2506.97021484375,2535.2744140625,2495.293701171875,2498.3271484375,6399872,0.003524461211087848,0.003518264852622228,2468.493798828125,2390.1058837890623,2329.7626220703123,2406.2792701383814,2374.5524261885316,31.72684394984981,6.814888221774778,24.91195572807503,79.97089197746557,2329.7626220703123,2512.7239451469823,2146.8012989936424,0.1570643475377623,60.46337890625,21830817.85,0.29315768396647585,0.2920536634976428,0.017073233112819133
2024-02-12,2659.51025390625,2659.51025390625,2478.652099609375,2507.04736328125,11623951,0.06084637071446308,0.05906705246019996,2515.518212890625,2425.552783203125,2350.8181030273436,2445.2378830257458,2395.6604134268814,49.577469598864354,15.367404497192696,34.21006510167166,84.26326247859588,2350.8181030273436,2580.4747527803142,2121.161453274373,0.1953844488922582,70.19403948102679,17662134.25,0.6581283346320391,0.999999999944708,0.019355338758891377
2024-02-13,2637.451171875,2683.242919921875,2600.682373046875,2659.58203125,17492885,-0.008294415108514808,-0.008329005171867456,2558.025390625,2459.4606689453126,2371.194055175781,2474.809158233323,2413.570839978594,61.238318254729165,24.541587248699994,36.69673100602917,78.36445974701037,2371.194055175781,2626.5645182015887,2115.8235921499736,0.2153939804870812,69.43483189174107,17570092.15,0.9956057629441631,0.4453555628615311,0.019535524786905338
2024-02-14,2776.76708984375,2780.537841796875,2622.519287109375,2637.401123046875,33875590,0.05282217902434505,0.05147434806947125,2615.7728515625,2507.898876953125,2399.139611816406,2521.2642246349274,2440.474265894531,80.78995874039629,35.791261547039255,44.99869719335703,93.8435467516195,2399.139611816406,2701.8031143790968,2096.4761092537155,0.2523100373750587,74.63347516741071,18258356.8,1.8553471361672589,0.976137283559241,0.021569987927823265
2024-02-15,2823.682861328125,2856.82861328125,2771.926513671875,2776.75732421875,16475867,0.016895825240789364,0.016754678428210542,2680.876318359375,2560.5568115234373,2427.0033447265623,2567.7901687415733,2468.860087778501,98.93008096307221,48.41902543024585,50.51105553282636,94.13144387017479,2427.0033447265623,2777.105967753975,2076.9007216991495,0.28850609026816737,76.36390904017857,18304564.75,0.9000960812247666,0.6096003265912048,0.021472236560377642
2024-02-16,2803.523193359375,2853.196044921875,2762.367919921875,2823.79248046875,33365538,-0.0071394943974932845,-0.007165102546571654,2740.1869140625,2604.3403564453124,2453.9418701171876,2604.0567879135433,2493.6499474511584,110.40684046238493,60.816588436673676,49.59025202571126,90.97794821857346,2453.9418701171876,2833.1778079535648,2074.7059322808104,0.3090830654584877,80.49496023995536,19562147.55,1.7056173364769451,0.45311156024600185,0.02170726050421705
2024-02-17,2785.2060546875,2803.48974609375,2726.228515625,2803.48974609375,7777388,-0.006533614102163354,-0.006555051585963892,2765.32607421875,2640.4221435546874,2480.6588500976563,2631.9259058787675,2515.246696135332,116.67920974343542,71.98911269802603,44.69009704540939,89.268377793243,2480.6588500976563,2874.6572214532925,2086.66047874202,0.3176562318031967,83.91976492745536,19210377.55,0.4048534694207506,0.7633523139231033,0.021724093351687367
2024-02-18,2878.83740234375,2889.226318359375,2768.799072265625,2785.19580078125,9566099,0.033617386224860546,0.03306467494271255,2813.6033203125,2685.81435546875,2510.2573120117186,2669.912289950303,2542.179341039659,127.73294891064415,83.13787994054967,44.59506897009449,91.4439829414507,2510.2573120117186,2930.9922215557867,2089.5224024676504,0.3352125756438024,90.19935825892857,17412930.7,0.5493675455792172,0.9137328440054605,0.022290458115687077
2024-02-19,2947.169677734375,2974.187744140625,2859.498046875,2878.95947265625,22285695,0.023736066279739676,0.023458745620958062,2847.683837890625,2731.7283447265627,2539.8542236328126,2712.5672726863145,2572.178625239267,140.38864744704733,94.5880334418492,45.80061400519813,92.1497976464748,2539.8542236328126,2996.4260504473,2083.282396818325,0.3595260094584815,94.34688895089286,17545075.2,1.2701966076497637,0.7644246426832958,0.022068929480593226
2024-02-20,3014.0234375,3019.423583984375,2886.77734375,2947.169677734375,28218489,0.022684055238047396,0.022430597858626288,2885.751953125,2783.3141357421873,2576.4397705078127,2758.945144196113,2604.9078705919146,154.03727360419816,106.477881474319,47.55939212987916,92.13214181341986,2576.4397705078127,3062.435951153025,2090.4435898626,0.377261821687703,97.12156459263393,17842758.35,1.5815093410150902,0.9592891100084987,0.01977767966000237
2024-02-21,2967.06396484375,3013.725341796875,2890.795166015625,3012.689453125,22994476,-0.015580327635143054,-0.015702976547832613,2918.460107421875,2829.3235107421874,2609.714697265625,2790.963424295749,2631.7342479439026,159.2291763518465,117.0281404498245,42.201035902021985,85.81231177913786,2609.714697265625,3107.4570337056525,2111.9723608255977,0.3814534492690299,100.09197126116071,17830239.95,1.2896335699621362,0.620423735158717,0.020845227011077428
2024-02-22,2978.477783203125,3024.30615234375,2918.54345703125,2966.94140625,117692707,0.0038468393316137828,0.0038394591660113964,2957.114453125,2861.220263671875,2643.3865234375,2819.8117872045764,2657.418954259401,162.39283294517554,126.10107894889472,36.29175399628082,86.01328337982855,2643.3865234375,3145.442251426212,2141.3307954487877,0.3798579765291617,103.341796875,22746836.85,5.174025196386811,0.5666868264761833,0.020784005587552265
2024-02-23,2922.44091796875,2989.189453125,2914.973876953125,2978.476806640625,40383101,-0.018813927553997578,-0.018993161107428998,2965.83515625,2889.71923828125,2674.589953613281,2835.6008842452184,2677.050210830464,158.55067341475433,132.59099784206666,25.959675572687672,78.52429814132974,2674.589953613281,3163.7671900637397,2185.4127171628224,0.36579606215120686,101.49309430803571,24219161.8,1.66740291565334,0.10061285514143335,0.02171286880963981
2024-02-24,2987.894775390625,2988.07861328125,2911.01953125,2922.444580078125,22694055,0.022396982268975574,0.022149853021925535,2973.98017578125,2910.8320068359376,2709.365441894531,2859.030713652204,2700.0757341312164,158.95497952098776,137.86379417785088,21.091185343136885,79.97876008006966,2709.365441894531,3182.7720995500226,2235.9587842390397,0.34945943454896994,104.46226283482143,24971841.65,0.9087857963411361,0.9976143253234371,0.02152834769033925
2024-02-25,3110.02587890625,3112.514404296875,2983.001220703125,2987.89453125,20778802,0.04087530274544493,0.04006199643048225,2993.1806640625,2939.46630859375,2750.0115600585937,2897.645354460519,2730.4424115219595,167.20294293855932,143.73162392999257,23.471319008566752,82.41816045684624,2750.0115600585937,3213.8780570013914,2286.145063115796,0.33735603419275395,110.85743931361607,25033897.45,0.8300266485273151,0.9807855437463514,0.022177496631445026
2024-02-26,3175.1923828125,3193.58740234375,3037.858642578125,3110.048828125,38652146,0.020953685417295587,0.02073717617254144,3034.80634765625,2976.6332275390623,2790.4867919921876,2940.3448972839005,2763.3868538397774,176.95804344412318,150.3769078328187,26.58113561130449,80.59532603877875,2790.4867919921876,3254.4234146461213,2326.550169338254,0.33251303964977347,109.06248256138393,26514330.55,1.457783213764754,0.8818778267562545,0.021962327914513174
2024-02-27,3241.533203125,3275.800537109375,3165.496337890625,3175.19091796875,66083522,0.02089348055620399,0.020678205195563012,3087.417431640625,3022.2659423828127,2831.34404296875,2986.6815597209925,2798.805101934979,187.87645778601336,157.87681782345763,29.999639962555733,84.05088752054624,2831.34404296875,3303.3844129004806,2359.303673037019,0.3334390754129492,111.04417201450893,28325848.55,2.332975899498693,0.689337901603265,0.02188796564108016
2024-02-28,3378.063232421875,3462.05615234375,3230.51025390625,3241.503662109375,69959030,0.04211896677944038,0.04125610838745642,3178.54189453125,3072.188525390625,2879.0014404296876,3046.8941247518974,2841.7131116006753,205.18101315122203,167.33765688901053,37.8433562622115,84.00063834657193,2879.0014404296876,3370.3364662761396,2387.6664145832356,0.3413232233556096,116.29612513950893,30973871.15,2.258646639976095,0.6372515320070794,0.022412481278778106
2024-02-29,3343.387451171875,3509.726318359375,3320.45947265625,3378.038818359375,47128092,-0.010264988801035435,-0.010318037137884411,3249.6404296875,3111.810302734375,2921.769323730469,3092.5084826626635,2878.8741737911346,213.6343088715289,176.59698728551422,37.037321586014684,79.79949167376408,2921.769323730469,3418.6886131881824,2424.8500342727552,0.3401495699347373,123.75074986049107,32156040.1,1.4656062081475012,0.12114101880462111,0.023097376099306958
2024-03-01,3430.62158203125,3440.93212890625,3340.074462890625,3343.1865234375,31671236,0.026091541029382936,0.02575696404479815,3313.7595703125,3153.4701171875,2968.392126464844,3144.525882565523,2919.744352179291,224.78153038623168,186.23389590565773,38.54763448057395,83.3890859099239,2968.392126464844,3472.8832063266073,2463.9010466030804,0.33990864977975704,124.46714564732143,33255927.05,0.9523486129970927,0.8977713118764776,0.023067218261138247
2024-03-02,3414.356689453125,3450.27978515625,3400.5166015625,3430.68359375,22495987,-0.004741092011813941,-0.004752366638690315,3361.592431640625,3198.1993896484373,3013.7614501953126,3186.038314394385,2956.3823030884637,229.6560113059213,194.91831898571047,34.73769232021084,83.5717224332233,3013.7614501953126,3506.6017971611104,2520.9211032295148,0.32705995820197276,122.5006103515625,34060732.8,0.6604669116220542,0.2781190206966994,0.023378845308593063
2024-03-03,3476.484130859375,3479.419921875,3379.48583984375,3414.343505859375,28107717,0.01819594349886189,0.018032378485687395,3408.5826171875,3248.0000244140624,3054.610144042969,3230.72228615823,2994.9083644048274,235.8139217534026,203.09743953924894,32.71648221415367,83.00016742998744,3054.610144042969,3559.1122309271873,2550.1080571587504,0.33032175177450185,121.03681291852679,34884921.1,0.8057268330757382,0.9706227248436307,0.020865738733579497
2024-03-04,3627.273193359375,3633.697509765625,3456.6904296875,3476.510986328125,47136919,0.04337401145067954,0.04245970373479098,3458.424609375,3318.483251953125,3104.1012451171873,3291.730118035329,3041.7502035866455,249.9799144486833,212.47393452113582,37.505979927547486,84.41897658272453,3104.1012451171873,3630.0420398072765,2578.160450427098,0.3388683249410144,125.48805454799107,36367122.8,1.296141002389114,0.9637058788097539,0.021196761614490623
2024-03-05,3554.0234375,3808.0615234375,3247.355712890625,3627.399169921875,87021280,-0.020194165687182575,-0.02040085519974161,3500.551806640625,3375.0961181640623,3142.9640625,3332.082936414509,3079.6963690617085,252.38656735280028,220.45646108746877,31.930106265331517,77.15277412904737,3142.9640625,3681.771932994581,2604.156192005419,0.3428660715044883,156.06373814174108,39024407.3,2.229919325385885,0.5469315973465702,0.02085534899371342
2024-03-06,3819.76318359375,3891.80419921875,3501.023193359375,3551.306884765625,78813830,0.07477152325159642,0.07210810248039845,3578.380126953125,3446.0698486328124,3192.7680786132814,3407.1106667497766,3134.516133101119,272.5945336486575,230.88407559970653,41.710458048950954,85.14390395964804,3192.7680786132814,3788.45412992044,2597.0820273061227,0.37314708531280716,175.17464773995536,42141305.45,1.8702275394271155,0.8156486253093864,0.025069317781273644
2024-03-07,3864.725341796875,3931.5908203125,3749.245849609375,3819.76318359375,56243662,0.011770928207340603,0.011702189716651802,3668.453857421875,3515.02314453125,3245.8281860351562,3477.51292444933,3188.6057041156196,288.9072203337105,242.4887045465073,46.41851578720318,85.54367655917213,3245.8281860351562,3883.1261620385417,2608.530210031771,0.3926874372126626,180.64481026785714,43285211.65,1.2993736164392764,0.6333023155828005,0.02452053629432563
2024-03-08,3893.188232421875,3981.433349609375,3834.25732421875,3864.717529296875,48089019,0.007364790019403156,0.0073378023779249015,3751.794677734375,3580.1886474609373,3301.227294921875,3541.462971829722,3240.7970025086756,300.6659693210463,254.12415750141514,46.541811819631164,89.81317696091497,3301.227294921875,3962.124202241535,2640.330387602215,0.4003946703920006,185.85627092633928,45300793.2,1.0615491606888683,0.40041105908866825,0.024026561537487265
2024-03-09,3911.353759765625,3940.450927734375,3881.4072265625,3893.188232421875,25256816,0.004665977152727985,0.004655125224805214,3808.610791015625,3633.5177001953125,3352.8531127929687,3598.369246896784,3290.4678734165977,307.90137348018607,264.8796006971694,43.02177278301667,89.40209872962856,3352.8531127929687,4035.766995062127,2669.9392305238102,0.4073628395252201,184.5694580078125,46085329.05,0.5480446059655508,0.5071926827703319,0.023854035486045873
2024-03-10,3868.163818359375,3945.075927734375,3798.824462890625,3911.357177734375,24905083,-0.0110421976785956,-0.011103615285457008,3871.4388671875,3685.9953369140626,3398.9028198242186,3639.876104044875,3333.260165634581,306.6159384102939,273.2268682397943,33.389070170499565,84.68473117357193,3398.9028198242186,4090.783334876505,2707.0223047719323,0.40711991588395474,185.76504952566964,46216298.45,0.5388809540198042,0.47411050233301016,0.02449691914651237
2024-03-11,4063.708251953125,4070.18896484375,3781.931884765625,3868.133056640625,86315903,0.050552262721046626,0.04931599039482281,3920.227880859375,3749.30400390625,3451.387060546875,3705.0810498769133,3387.367431287806,317.7136185891072,282.1242183096569,35.58940027945033,86.31704640277367,3451.387060546875,4178.683537693648,2724.0905834001023,0.42145170297505374,195.23135811941964,49121169.15,1.7572037574354031,0.9775175933279983,0.02577786514333234
2024-03-12,3965.2802734375,4077.867431640625,3864.082275390625,4063.708251953125,75025102,-0.02422122170515517,-0.02451937984381427,3940.3388671875,3804.3963623046875,3501.2978759765624,3745.111699655465,3430.1757899655613,314.93590968990384,288.6865565857063,26.249353104197553,78.82618918430096,3501.2978759765624,4225.649690791129,2776.946061161996,0.4137618908602766,202.62285505022322,51722700.45,1.450525617325922,0.47336307074472744,0.02638892808702942
2024-03-13,3999.393310546875,4065.626220703125,3948.326904296875,3965.2802734375,71400601,0.00860293214022989,0.008566137795098055,3961.5798828125,3856.6872802734374,3552.34365234375,3784.231947484913,3472.340050749362,311.89189673555074,293.3276246156752,18.564272119875568,76.9453061639354,3552.34365234375,4265.365561958121,2839.3217427293785,0.40143746179733314,194.46238490513392,49408095.15,1.4451194846357076,0.4353512689603837,0.02630509441476097
2024-03-14,3880.173095703125,4002.005615234375,3734.034912109375,3999.393310546875,59203534,-0.02980957499962611,-0.030262912318490202,3955.34375,3881.9772705078126,3600.230261230469,3798.9921241338684,3502.5499059311223,296.44221820274606,293.95054333308934,2.4916748696567197,71.6884629073281,3600.230261230469,4261.923989078687,2938.5365333822515,0.36758411536825825,200.08408900669642,50349116.8,1.1758604274067426,0.5453513458153206,0.027153905701292294
2024-03-15,3720.07080078125,3931.73486328125,3592.185791015625,3880.173095703125,255183845,-0.04126163729632859,-0.04213706436268503,3925.725146484375,3898.5820068359376,3636.8390625,3786.850382079619,3518.66256480891,268.1878172707093,288.79799812061333,-20.610180849904054,61.04465020330778,3636.8390625,4233.732109623046,3039.946015376954,0.32824826002211693,217.13347516741072,61973606.3,4.11762135907847,0.3766318927292366,0.029796437732381997
2024-03-16,3516.2783203125,3757.023193359375,3473.119140625,3720.07080078125,76497478,-0.054781882222766254,-0.05633956565881146,3816.23916015625,3868.2335205078125,3657.1516845703127,3745.2239110385235,3518.485954105472,226.73795693305146,276.385989883101,-49.648032950049526,53.402180317488266,3657.1516845703127,4204.1216983610075,3110.181670779618,0.29912350428251905,233.85782296316964,64759540.1,1.1812541886782175,0.1520203014726253,0.0323867433449322
2024-03-17,3649.16748046875,3661.86083984375,3432.031982421875,3516.2783203125,82725834,0.03779256021589328,0.03709591912246576,3753.0166015625,3846.677734375,3680.850439453125,3730.445998643174,3528.166067169419,202.2799314737549,261.5647782012318,-59.28484672747686,55.50420727185287,3680.850439453125,4178.768904610829,3182.931974295421,0.27054533909923345,243.13602120535714,66963224.5,1.235392032234051,0.9447703846817299,0.03299134005527367
2024-03-18,3522.478759765625,3640.79296875,3468.902099609375,3640.202392578125,111860306,-0.034717157099857565,-0.03533411913806514,3657.63369140625,3809.606787109375,3694.8977172851564,3698.4510388158587,3527.744785139508,170.70625367635057,243.39307329625552,-72.68681961990495,46.60760265993516,3694.8977172851564,4155.050718096849,3234.7447164734635,0.24907482480992316,243.36875697544642,69252063.7,1.6152631419704535,0.3116899717884473,0.034126498545517095
2024-03-19,3157.174072265625,3539.305419921875,3148.686279296875,3522.478759765625,297916124,-0.1037067112150043,-0.10948758833513274,3513.03388671875,3734.188818359375,3683.8532592773436,3615.177659346592,3500.295102704406,114.88255664218605,217.69096996544167,-102.80841332325562,39.196105348499295,3683.8532592773436,4184.819011085379,3182.8875074693074,0.2719792111949159,231.21970912388392,80649918.4,3.6939420387559867,0.021729075935582768,0.04066565912768066
2024-03-20,3509.10791015625,3527.841552734375,3063.522216796875,3157.174072265625,205552979,0.1114711542142095,0.10568450196138396,3470.84130859375,3698.2832275390624,3692.1392822265625,3598.8592363942316,3500.9479032563945,97.91133313783712,193.73504259992075,-95.82370946208363,41.92178855219129,3692.1392822265625,4174.531906401224,3209.746658051901,0.26130792329359376,236.47244698660714,88571162.75,2.3207664054291754,0.959653537688891,0.04791842506668976
2024-03-21,3485.4375,3578.395263671875,3409.436767578125,3509.10791015625,68216870,-0.006745420990828421,-0.006768274170522911,3464.67314453125,3640.45615234375,3694.880078125,3581.4097384874267,3499.7989844966614,81.61075399076526,171.31018487808967,-89.69943088732441,40.026644182427916,3694.880078125,4171.606069896089,3218.1540863539117,0.2580468008114664,235.51627022879464,90398444.45,0.7546243789375293,0.4498189447378028,0.04766583010002478
2024-03-22,3313.531005859375,3524.4345703125,3252.4345703125,3485.4375,153954880,-0.04932135324206066,-0.05057918441642336,3397.545849609375,3575.2812255859376,3689.8387939453123,3540.197625775419,3486.001356449455,54.19626932596384,147.8874017676645,-93.69113244170066,35.827099733145886,3689.8387939453123,4180.970010358883,3198.7075775317417,0.2662074111310619,244.43226841517858,96971389.1,1.587631995672835,0.2246192483258412,0.049014396930278814
2024-03-23,3324.978759765625,3418.24267578125,3281.7236328125,3313.531005859375,86362589,0.003454850395546938,0.003448896110088356,3358.045849609375,3507.8397705078123,3682.263525390625,3507.0870310046816,3474.073756695097,33.01327430958463,124.91257627604853,-91.8993019664639,35.615593328506975,3682.263525390625,4191.587500283449,3172.939550497801,0.2766363522767119,249.96622140066964,99884132.7,0.8646277107835366,0.3168431744709631,0.04883113665452581
2024-03-24,3449.03173828125,3454.221923828125,3296.7294921875,3324.978759765625,91783251,0.037309404804850343,0.03663025003447082,3416.4173828125,3464.725634765625,3673.351452636719,3498.155447508769,3472.2187923681454,25.93665514062377,105.11739204896357,-79.1807369083398,40.11058535721572,3673.351452636719,4192.862651693127,3153.840253580311,0.2828540670583016,250.76914760044642,102116449.3,0.8988096592582955,0.9670448573148663,0.04855850289809977
2024-03-25,3588.54248046875,3633.81591796875,3416.734375,3449.03173828125,94300722,0.04044924859317822,0.039652589682319175,3432.304296875,3451.572802734375,3675.0774047851564,3512.061144887228,3480.8353618570786,31.22578303014916,90.33907024520069,-59.11328721505153,38.48396097793959,3675.0774047851564,4193.146749175557,3157.008060394756,0.28193656205218703,245.6851806640625,102480421.4,0.9201828086940321,0.7914450169794869,0.049212303850430926
2024-03-26,3588.9560546875,3662.75146484375,3548.67724609375,3588.54248046875,140458666,0.000115248522485345,0.00011524188188458553,3453.0080078125,3458.840576171875,3663.5370483398438,3523.8911310103467,3488.844302066739,35.04682894360758,79.28062198488207,-44.233793041274495,40.42454617627655,3663.5370483398438,4178.3082458332365,3148.7658508464506,0.28102415272511844,238.56297084263392,105562663.2,1.3305714515167708,0.35309300411245703,0.046105764482974924
2024-03-27,3496.452880859375,3644.391845703125,3465.214599609375,3588.9560546875,252341330,-0.025774395790471583,-0.02611237566238862,3489.5923828125,3443.5691162109374,3645.123425292969,3519.669861756351,3489.4079004958235,30.26196126052764,69.4768898400112,-39.214928579483555,37.57212238036795,3645.123425292969,4155.924394200665,3134.3224563852723,0.2802653898429472,242.98282296316964,115367546.6,2.18728175675706,0.174342903071029,0.046275185826167006
2024-03-28,3553.2548828125,3596.31640625,3463.85693359375,3496.452880859375,211719780,0.01624560773121697,0.016115059834840413,3535.247607421875,3446.646728515625,3628.1267578125,3524.8367880726814,3494.137306593355,30.69948147932655,61.721408167874266,-31.021926688547715,41.66458030676275,3628.1267578125,4126.647662337221,3129.605853287779,0.2748089787388207,233.30344935825892,123549084.65,1.7136491184841813,0.6749079353803599,0.046432120187441674
2024-03-29,3505.392578125,3572.086181640625,3469.076416015625,3553.2548828125,89094911,-0.0134699891412281,-0.013561532432500223,3546.519775390625,3481.4685791015627,3607.8286987304687,3521.845371157653,3494.971030410514,26.874340747139286,54.751994683727276,-27.87765393658799,44.19405181525596,3607.8286987304687,4090.6037053562404,3125.053692104697,0.2676263464480183,216.40778459821428,126740989.4,0.7029684036851932,0.3525506721183698,0.046440599174811054
2024-03-30,3495.46337890625,3550.778076171875,3481.260986328125,3505.392578125,71305364,-0.002832549849255739,-0.00283656911021227,3527.903955078125,3480.1041259765625,3589.1936767578127,3517.7866031189756,3495.007500669457,22.779102449518632,48.35741623688555,-25.578313787366916,49.371117522200976,3589.1936767578127,4058.2345610863385,3120.152792429287,0.26136281659351385,201.09443010602678,129061003.45,0.5524934883031858,0.2043007353731864,0.04641547415963712
2024-03-31,3635.161376953125,3638.55078125,3495.222900390625,3495.46337890625,58422398,0.03996551612867627,0.03918755503497646,3537.14501953125,3495.076513671875,3567.7663330078126,3535.8442606319213,3505.389269283062,30.454991348859494,44.77693125928034,-14.321939910420845,49.5785670618964,3567.7663330078126,3981.4184228382946,3154.1142431773305,0.23188294928594824,194.91578892299108,127666328.2,0.45761790774209793,0.9763520936309383,0.04581671447828004
2024-04-01,3497.1689453125,3635.18798828125,3414.18310546875,3635.161376953125,129277057,-0.03796046924229968,-0.03869973689697275,3537.288232421875,3513.4403076171875,3544.3607666015623,3529.8942121212413,3504.7803563963535,25.1138557248878,40.84431615240183,-15.730460427514032,49.24359243576384,3544.3607666015623,3913.9333481169783,3174.7881850861463,0.2085411761680079,197.82575334821428,130378925.95,0.9915487189208587,0.375493241524442,0.04622815042908968
2024-04-02,3274.7685546875,3498.082763671875,3220.94091796875,3497.1689453125,150091178,-0.06359440853525211,-0.06570657214789526,3481.590966796875,3508.419287109375,3508.129528808594,3490.644110977589,3487.7424451586608,2.90166581892845,33.25578608570716,-30.354120266778708,53.84264729229176,3508.129528808594,3828.702957337108,3187.55610028008,0.1827603148036468,189.72023228236608,134313454.8,1.1174694167720864,0.19422414027821713,0.04787897169290112
2024-04-03,3311.449951171875,3353.31005859375,3219.5,3274.7685546875,109944458,0.011201218001152924,0.011138948920364327,3442.80244140625,3494.6611083984376,3479.6933715820314,3463.075778699787,3474.68374190038,-11.607963200593076,24.28303622844711,-35.890999429040185,41.865062897511734,3479.6933715820314,3759.632810317764,3199.753932846299,0.16089891196847547,166.1124267578125,136850501.0,0.8033909791824584,0.6871677072062662,0.04781261735954392
2024-04-04,3321.47998046875,3426.659912109375,3258.67333984375,3311.449951171875,81828640,0.0030288935193858446,0.0030243156629735667,3408.00576171875,3467.9548583984374,3459.7638305664063,3441.291809741166,3463.335315127667,-22.043505386500783,15.01772790545753,-37.06123329195832,43.17543453164886,3459.7638305664063,3723.958878536144,3195.568782596669,0.15272432507422654,166.04300362723214,128182740.75,0.6383748663916753,0.3738789343349992,0.047154011469783604
2024-04-05,3317.53662109375,3338.330322265625,3225.85009765625,3321.47998046875,101860360,-0.001187229607942264,-0.0011879349233160467,3344.480810546875,3440.8129150390623,3449.8267456054687,3422.252549949256,3452.535411865895,-30.282861916639376,5.957609941038147,-36.24047185767752,50.19383247213134,3449.8267456054687,3719.9554242709564,3179.698066939981,0.15660419991211952,154.64873395647322,129450884.85,0.7868649188302556,0.8151346047517296,0.04565063450813009
2024-04-06,3361.634033203125,3388.9228515625,3309.43408203125,3317.53662109375,96739402,0.013292215624385983,0.013204649240303425,3317.373828125,3427.3310302734376,3435.4500732421875,3412.926624296005,3445.801976409394,-32.875352113389,-1.8089824698472845,-31.066369643541716,51.71942438792889,3435.4500732421875,3691.127744995899,3179.772401488476,0.14884668168815327,150.57514299665178,130151563.25,0.7432826743246974,0.6566959266464214,0.04485077172186105
2024-04-07,3444.8583984375,3449.99560546875,3349.208740234375,3361.634033203125,96771140,0.02475711645359402,0.024455624953550446,3351.391796875,3416.4913818359373,3431.569055175781,3417.839204933158,3445.732081744809,-27.89287681165115,-7.025761338208059,-20.86711547344309,49.79643999826615,3431.569055175781,3684.0205594249787,3179.1175509265836,0.14713473643692465,146.52474539620536,129397104.95,0.7478617086324542,0.9490290026503557,0.04461789513523726
2024-04-08,3688.40087890625,3715.187255859375,3405.665771484375,3444.8583984375,119570663,0.07069738500114098,0.06831019785272112,3426.781982421875,3434.7922119140626,3458.1303955078124,3459.464077852095,3463.707548201212,-4.243470349116706,-6.469303140389789,2.225832791273083,54.42195639407413,3458.1303955078124,3700.611323686234,3215.649467329391,0.1402381636582643,153.12759835379464,120479831.9,0.9924537668615389,0.9134587474069922,0.04013409285961798
2024-04-09,3499.34326171875,3710.899169921875,3473.205078125,3688.40087890625,220319019,-0.05125733980509262,-0.052617686592175306,3462.354638671875,3435.1802001953124,3457.6421630859377,3465.5993369085036,3466.347230683992,-0.7478937754885919,-5.32502126740955,4.577127491920958,46.59981673207273,3457.6421630859377,3699.7299150935232,3215.554411078352,0.1400305413857649,161.95758928571428,121218133.9,1.8175417481822824,0.10996564279345704,0.03423290897338338
2024-04-10,3537.6005859375,3549.007080078125,3413.180419921875,3499.34326171875,124583476,0.010932715471862364,0.010873385372447008,3506.367431640625,3425.42412109375,3460.2503173828127,3476.676452143734,3471.625256999067,5.051195144666963,-3.2497779849942474,8.30097312966121,51.628298724864365,3460.2503173828127,3704.7112701130477,3215.7893646525777,0.1412966868334167,158.86111886160714,124036464.2,1.00441008862618,0.9160216842800698,0.034266405170749026
2024-04-11,3500.73681640625,3601.846435546875,3480.73291015625,3537.6005859375,102013123,-0.010420557277661335,-0.010475231439818638,3534.18798828125,3425.780908203125,3469.6106079101564,3480.3780466456597,3473.7816688070066,6.596377838653098,-1.280546820264778,7.876924658917876,47.888432464862504,3469.6106079101564,3704.568968006296,3234.652247814017,0.13543788433230644,158.05069405691964,121439376.35,0.8400333241665235,0.16516657560606993,0.03228860752878094
2024-04-12,3233.883056640625,3544.06201171875,3142.55126953125,3500.73681640625,203381134,-0.07622788394574853,-0.07928986540496631,3491.992919921875,3421.6923583984376,3465.0558227539063,3442.455740491039,3456.011401239127,-13.55566074808803,-3.7355696058294297,-9.820091142258601,40.71807719073569,3465.0558227539063,3714.88101752396,3215.2306279838526,0.14419692354133637,179.3721923828125,127290303.6,1.5977739721566664,0.2274703451506899,0.036854890318661127
2024-04-13,3000.472412109375,3285.980712890625,2843.743896484375,3233.883056640625,348056246,-0.07217658784907277,-0.07491385293358137,3354.4072265625,3390.5946044921875,3442.6278564453123,3374.4583053553984,3422.2677724147006,-47.80946705930228,-12.550349096524004,-35.25911796277828,35.32101383811032,3442.6278564453123,3767.7126821146244,3117.5430307760003,0.1888585343668128,205.99502999441964,140103953.35,2.4842714118887494,0.35439952036349953,0.03897651738645221
2024-04-14,3149.69677734375,3159.8125,2908.68212890625,3000.472412109375,251758398,0.049733623489465195,0.0485364400693996,3284.4779296875,3373.4162841796874,3420.6855712890624,3339.879608738222,3402.077328335371,-62.19771959714899,-22.479823196649008,-39.71789640049998,35.684403362201195,3420.6855712890624,3763.0823695630306,3078.288773015094,0.20019191541474435,213.69520786830358,147976837.15,1.7013365256942174,0.9597192381718304,0.0396116130475413
2024-04-15,3095.445068359375,3255.19091796875,3041.09228515625,3149.69677734375,170977618,-0.017224422799875794,-0.01737448886760877,3196.046826171875,3351.20712890625,3396.0100219726564,3302.274294833784,3379.363827596408,-77.089532762624,-33.401765109844014,-43.68776765277999,37.538334445859654,3396.0100219726564,3757.9224044939774,3034.0976394513355,0.21313976117838146,213.201904296875,149502784.75,1.1436416939384133,0.2538679602320794,0.039666281609585824
2024-04-16,3078.094482421875,3112.462890625,3001.083740234375,3095.445068359375,140420639,-0.005605199108474568,-0.0056209671867480165,3111.518359375,3322.853173828125,3375.0921020507812,3267.7850929242595,3357.047579805702,-89.26248688144233,-44.573909464163684,-44.688577417278644,43.00982245170991,3375.0921020507812,3760.1793935534497,2990.004810548113,0.22819364915622944,201.36171177455358,143906750.2,0.9757752072425023,0.6914287091479543,0.039409058581476294
2024-04-17,2977.606201171875,3113.375732421875,2920.633056640625,3078.094482421875,171142358,-0.03264626275244642,-0.03319104147796001,3060.26298828125,3276.1279541015624,3346.30966796875,3223.1421865008156,3328.940811018011,-105.79862451719555,-56.81885247477007,-48.97977204242548,38.649370139917266,3346.30966796875,3760.294806166302,2932.3245297711983,0.24742787086339546,205.57118443080358,141877879.1,1.2062652690161337,0.2955917484146312,0.03949860269452147
2024-04-18,3064.061767578125,3078.421875,2955.5771484375,2977.606201171875,119318696,0.029035258716288315,0.028621721295286336,3072.980859375,3213.69404296875,3324.243127441406,3198.6682758973247,3309.3201411335754,-110.65186523625061,-67.58545502706617,-43.06641020918444,41.68019784745729,3324.243127441406,3749.421829273285,2899.0644256095275,0.2558048166345336,202.34676688058036,143389068.35,0.832132444774337,0.8831035907479512,0.04032645300314654
2024-04-19,3058.988037109375,3114.76953125,2868.33837890625,3064.061767578125,261228914,-0.00165588387363369,-0.0016572563646682747,3054.839111328125,3169.6585205078127,3302.4193603515623,3177.179008391486,3290.7770223169678,-113.59801392548161,-76.78796680674927,-36.81004711873234,41.64976536882677,3302.4193603515623,3735.3308652429682,2869.5078554601564,0.26217839568704554,211.91469029017858,152885245.85,1.7086600642700278,0.7736426843041698,0.04033205921104052
2024-04-20,3153.127197265625,3161.869873046875,3023.58544921875,3058.988037109375,74115365,0.030774608796838576,0.030310566971188158,3066.375537109375,3131.211181640625,3278.3176513671874,3173.478729756738,3280.5807389798315,-107.10200922309332,-82.85077529001808,-24.25123393307524,43.47679569826769,3278.3176513671874,3686.177744871222,2870.457557863153,0.24882280296050066,216.1143798828125,153669894.2,0.4823024404737308,0.9367775809552915,0.039831629049581624
2024-04-21,3147.07861328125,3190.642822265625,3128.3623046875,3153.127197265625,71177712,-0.001918280997233568,-0.0019201232545809207,3080.17236328125,3095.845361328125,3260.813134765625,3169.417173375894,3270.6916926317886,-101.27451925589457,-86.53552408319338,-14.738995172701195,40.21116555656999,3260.813134765625,3659.0623161172552,2862.5639534139946,0.24426372496212054,213.36392647879464,150764926.95,0.4721105461325599,0.30051626605811366,0.03913424307646268
2024-04-22,3209.4580078125,3231.958251953125,3136.833740234375,3147.07861328125,152396319,0.019821365207719044,0.019627479809459055,3126.542724609375,3093.4028564453124,3257.547607421875,3175.5773017507563,3266.155864126656,-90.57856237589976,-87.34413174173467,-3.2344306341650935,32.12705656149987,3257.547607421875,3656.3855963127417,2858.7096185310083,0.24487009060568696,198.04985700334822,150880184.0,1.0100486025388198,0.7634653388310153,0.03688788590801888
2024-04-23,3216.29931640625,3247.25439453125,3155.45263671875,3209.4580078125,78611500,0.002131608694395437,0.0021293400399327823,3156.990234375,3114.985546875,3252.790075683594,3181.8422270823708,3262.462786517737,-80.62055943536643,-85.99941728046103,5.3788578450946005,37.77493912502852,3252.790075683594,3651.190574587339,2854.3895767798485,0.24495924399303204,187.62897600446428,149313536.1,0.5264860913035466,0.6628051698655697,0.036794007109512486
2024-04-24,3131.211181640625,3286.431884765625,3108.92578125,3216.29931640625,101342257,-0.02645529112654188,-0.026811529314369885,3171.43486328125,3113.1369873046874,3243.2766357421874,3174.0528354759485,3252.740445415729,-78.68760993978049,-84.53705581232494,5.84944587254445,33.12993500564001,3243.2766357421874,3643.8517648855404,2842.7015065988344,0.2470187863279112,190.6060791015625,150289216.95,0.6743148913585447,0.12554723442176088,0.03722047346745689
2024-04-25,3156.968505859375,3187.0302734375,3082.140625,3131.21923828125,99853340,0.008225993944379839,0.008192344861682847,3172.203125,3119.2893310546874,3235.2482299804688,3171.424477073399,3245.646227670814,-74.22175059741494,-82.47399476934294,8.252244171927998,35.59665246389484,3235.2482299804688,3635.9929324892305,2834.503527471707,0.24773660258593577,189.44723074776786,150188865.95,0.6648518142033418,0.7133962404004844,0.03729446105223613
2024-04-26,3127.982666015625,3162.013916015625,3102.592041015625,3156.968505859375,73983782,-0.009181542289684486,-0.009223952442434779,3168.383935546875,3124.2781494140627,3223.5656616210936,3164.7411215260495,3236.9304082889485,-72.18928676289897,-80.41705316805415,8.22776640515518,44.458347152289925,3223.5656616210936,3622.4154251012915,2824.7158981408957,0.24745874931526662,165.01231166294642,149051084.95,0.4963652698322744,0.42729424131646904,0.03715380605250857
2024-04-27,3249.77490234375,3272.4208984375,3079.126220703125,3127.982666015625,78127145,0.038936352701487875,0.0381974520130941,3176.447314453125,3151.49501953125,3213.811486816406,3177.82324165185,3237.8818522930083,-60.05861064115834,-76.345364662675,16.286754021516657,64.77127119583095,3213.811486816406,3599.1886653101783,2828.434308322634,0.23982562765405124,147.23073032924108,148118885.2,0.5274624157109171,0.8828421125298727,0.037838957777340164
2024-04-28,3262.162353515625,3342.146484375,3247.456787109375,3249.77490234375,85715369,0.00381178744501387,0.00380454099203901,3185.619921875,3171.305078125,3192.499560546875,3190.7984896308926,3239.6804079391277,-48.88191830823507,-70.85267539178702,21.970757083551945,57.95327608490649,3192.499560546875,3508.216858238518,2876.7822628552317,0.19778690126902368,136.056396484375,146426120.5,0.5853830498773612,0.1553027079962532,0.0337943966833345
2024-04-29,3212.9736328125,3282.5966796875,3117.66015625,3262.162353515625,122657111,-0.015078563042735915,-0.015193400425250648,3201.972412109375,3186.7036376953124,3178.1810791015623,3194.210050120371,3237.702128300118,-43.492078179747296,-65.38055594937907,21.888477769631777,58.371262774776156,3178.1810791015623,3459.3940382105366,2896.968119992588,0.1769647179376388,132.54481724330358,141543025.1,0.8665712133349056,0.577879747737248,0.03214823807926375
2024-04-30,3015.340087890625,3233.770263671875,2927.520263671875,3212.9736328125,189566677,-0.06151110077703159,-0.06348425123760154,3173.646728515625,3172.9249267578125,3152.0680541992188,3166.6915943927174,3221.2308660475633,-54.539271654845834,-63.21229909047243,8.673027435626594,46.4435401166771,3152.0680541992188,3385.7256826778726,2918.410425720565,0.14825671556638673,146.46416364397322,144792185.15,1.3092327932175005,0.286758609684514,0.03440752400990449
2024-05-01,2970.728515625,3017.769287109375,2827.062255859375,3015.340087890625,204761041,-0.014794872540176085,-0.014905408263077525,3142.1958984375,3155.2899169921875,3125.5676391601564,3136.5434284284534,3202.675136386633,-66.1317079581795,-63.796180864013856,-2.3355270941656485,49.58386794384293,3125.5676391601564,3307.139227165515,2943.996051154798,0.11618471200587874,146.31876046316964,149929581.05,1.3657147546601511,0.7533348865871543,0.03444174450440693
2024-05-02,2983.7900390625,3010.57861328125,2894.18798828125,2970.728515625,114219348,0.0043967408562581856,0.004387103429698342,3088.99892578125,3132.7231201171876,3113.06298828125,3113.0429069875377,3186.461425473734,-73.41851848619626,-65.72064838845034,-7.69787009774592,44.66979071998589,3113.06298828125,3297.6481446752014,2928.4778318872986,0.11858748575843144,145.85775320870536,145471491.75,0.7851665410587226,0.7698390722925632,0.030476568240917386
2024-05-03,3101.369384765625,3119.961181640625,2959.062744140625,2983.7900390625,97360020,0.03940603868362946,0.038649433353689734,3056.84033203125,3121.230126953125,3118.1078369140623,3111.246980491859,3180.1583113472075,-68.9113308553483,-66.35878488182993,-2.552545973518363,52.4483902124193,3118.1078369140623,3295.0952419851637,2941.120431842961,0.11352231181732496,139.74827357700892,132936680.45,0.7323789015223601,0.8844501091948485,0.027304259530127016
2024-05-04,3115.697998046875,3158.05517578125,3095.499267578125,3101.314208984375,61088014,0.004620092450655644,0.004609452582393102,3037.385205078125,3119.67880859375,3116.4078979492188,3111.9317524234,3175.3834733249605,-63.45172090156029,-65.77737208577601,2.3256511842157153,47.61804882292987,3116.4078979492188,3292.7698002063144,2940.045995692123,0.11318281048713309,134.33909388950892,123403161.25,0.4950279505096552,0.32289085149133934,0.024912948260468748
2024-05-05,3135.75439453125,3163.370361328125,3077.42138671875,3115.697998046875,46344735,0.006437208130231964,0.0064165777931611346,3061.46806640625,3117.5573974609374,3118.4233642578124,3115.5967742861462,3172.4479860069077,-56.85121172076151,-63.992140012773106,7.140928292011594,49.29196320846421,3118.4233642578124,3294.6978674823577,2942.148861033267,0.11305360602728727,136.02969796316964,117171517.1,0.3955290171795514,0.6786934698270423,0.0246243671340581
2024-05-06,3063.702880859375,3211.453125,3053.06494140625,3135.740966796875,92304990,-0.022977409773397017,-0.0232455051732939,3080.062939453125,3111.1294189453124,3117.7037841796873,3107.613098374335,3164.3927930330165,-56.779694658681365,-62.549650941954766,5.769956283273402,40.995694618016124,3117.7037841796873,3294.7871032532275,2940.620465106147,0.11359855286581268,140.54853166852678,114765734.65,0.8042904990893115,0.06716371897880098,0.025167707059144957
2024-05-07,3006.177001953125,3125.765869140625,3005.685546875,3063.702880859375,76926758,-0.018776585440332894,-0.018955103694930274,3084.54033203125,3086.76962890625,3119.13232421875,3092.0075450787645,3152.6731048048764,-60.66555972611195,-62.172832698786216,1.507272972674265,37.78426953661578,3119.13232421875,3291.8645233036173,2946.4001251338827,0.1107565701805431,142.56842912946428,110054954.65,0.6989849593291345,0.004092719513168396,0.024398132320667048
2024-05-08,2971.244873046875,3036.034423828125,2941.910888671875,3006.177001953125,74615648,-0.011620117139993558,-0.011688158312361122,3058.5154296875,3057.677880859375,3114.4914794921874,3073.4286724584736,3139.233976526506,-65.80530406803246,-62.89932697263547,-2.9059770953969846,40.124220831406575,3114.4914794921874,3298.0986935823003,2930.8842654020746,0.11790509962804567,136.61253138950892,107819802.25,0.6920402972636689,0.31165408654899657,0.02359910305768044
2024-05-09,3035.8154296875,3054.829833984375,2954.408203125,2971.244873046875,52445401,0.021731819287721832,0.02149904960462189,3042.538916015625,3039.962060546875,3113.3328491210937,3067.6420197244774,3131.57334342732,-63.93132370284275,-63.10572631867693,-0.8255973841658175,42.86247694026144,3113.3328491210937,3298.698821853257,2927.9668763889304,0.11907880185987364,136.29338727678572,97380626.6,0.5385609317901021,0.8106542968655003,0.024151974473272088
2024-05-10,2910.245849609375,3048.890380859375,2884.228515625,3035.8310546875,83145440,-0.041362718843237056,-0.042242501758143536,2997.43720703125,3029.45263671875,3101.1887817382812,3043.427224322154,3115.1787142556204,-71.75148993346647,-64.83487904163485,-6.916610891831624,38.483056398092515,3101.1887817382812,3306.3453355915067,2896.032227885056,0.13230832967106948,143.81052943638392,97832130.35,0.8498786615659137,0.1580046111208726,0.02467907168950565
2024-05-11,2910.132568359375,2932.905517578125,2894.48974609375,2910.245849609375,35583067,-3.892497605151313e-05,-3.892573364805311e-05,2966.72314453125,3023.3930419921876,3089.3414794921873,3022.9203541740344,3099.9901108558984,-77.06975668186396,-67.28185456968068,-9.78790211218329,29.380878711678974,3089.3414794921873,3310.1119884250975,2868.570970559277,0.142923992312562,132.74775041852678,96052398.1,0.37045474869825246,0.4071979204664805,0.024689819928049604
2024-05-12,2929.624267578125,2947.9189453125,2903.89306640625,2910.132568359375,21830319,0.006697873296452217,0.006675542201542774,2951.41259765625,3017.97646484375,3075.3497924804688,3008.5671100823556,3087.370418761249,-78.80330867889325,-69.58614539152319,-9.217163287370056,29.984811641430127,3075.3497924804688,3299.511127691024,2851.1884572699137,0.1457794074408391,129.12890625,89524098.1,0.24384852194338946,0.5844562744749108,0.024203812780437442
2024-05-13,2946.82666015625,2986.86962890625,2866.673828125,2929.624267578125,84175450,0.005871876734672821,0.00585470445602406,2946.528955078125,3002.5221923828126,3061.8761596679688,2999.0685793244934,3076.9597699756932,-77.89119065119985,-71.24715444345853,-6.644036207741323,33.339324304084556,3061.8761596679688,3282.7357705143386,2841.016548821599,0.14426423495215426,125.93314034598214,89802295.6,0.9373418512031891,0.666852182052977,0.024270238110674792
2024-05-14,2879.039306640625,2955.462158203125,2867.520751953125,2946.82666015625,75197237,-0.023003508971929376,-0.02327221852403268,2915.17373046875,2978.8563232421875,3049.2675659179686,2980.602537373129,3062.2989949138364,-81.69645754070734,-73.33701506290829,-8.35944247779905,39.811295962390595,3049.2675659179686,3281.937439758311,2816.597692077626,0.1526070564885297,110.33966936383929,88495044.6,0.849733873121298,0.1309798782776481,0.024114546465944603
2024-05-15,3033.3095703125,3035.6630859375,2862.239501953125,2879.039306640625,81763893,0.05358393798794059,0.0521976264445686,2939.786474609375,2968.6118408203124,3043.084619140625,2988.711311671494,3060.1516301285524,-71.44031845705831,-72.9576757417383,1.5173572846799885,54.01912633251195,3043.084619140625,3270.209959894016,2815.959278387234,0.14927310224947454,109.10513741629464,87590572.25,0.933478237436678,0.9864290912412678,0.027245629721256284
2024-05-16,2941.886962890625,3034.61767578125,2926.3466796875,3033.32177734375,85759657,-0.030139557240264292,-0.030603091279056676,2946.137353515625,2956.4302490234377,3033.779833984375,2981.5075657052066,3051.3912844072247,-69.88371870201809,-72.34288433379426,2.459165631776173,47.554965726641086,3033.779833984375,3261.5076626191426,2806.052005349607,0.1501281181210071,108.52516392299107,88179366.0,0.9725592379514273,0.1435313589267584,0.027944910321961308
2024-05-17,3089.429443359375,3110.510498046875,2933.381103515625,2941.886962890625,110172644,0.050152328192711426,0.04893522811639783,2978.098388671875,2964.7554931640625,3025.762561035156,2998.1109314981554,3054.2089258110873,-56.09799431293186,-69.09390632962179,12.995912016689928,49.32684541476927,3025.762561035156,3231.7223449721505,2819.8027770981616,0.1361374395924396,109.68451799665179,89781640.95,1.2271177362569692,0.880985001094267,0.028919781566958437
2024-05-18,3119.94189453125,3138.44482421875,3084.408935546875,3089.429443359375,44436986,0.009876403307238713,0.009827950401856135,3012.721435546875,2979.6251953125,3018.6515380859373,3016.85415658017,3059.078034605174,-42.223878025003614,-63.71990066869815,21.496022643694538,50.23497608875318,3018.6515380859373,3198.3974739142577,2838.905602257617,0.11909021863602944,109.07594517299107,87717721.8,0.5065907445854345,0.6575807273859762,0.02901698922337637
2024-05-19,3071.32763671875,3131.911376953125,3059.70263671875,3119.94580078125,79107541,-0.015581783076701772,-0.015704455025635826,3051.1791015625,2983.176416015625,3011.56923828125,3025.2346919861056,3059.985412539513,-34.75072055340752,-57.926064645640025,23.175344092232507,46.54216873784677,3011.56923828125,3168.832927221079,2854.305549341421,0.10443969671411703,108.09449986049107,85540243.3,0.9247991114844071,0.16099159133170973,0.029029300653895584
2024-05-20,3655.359619140625,3677.006103515625,3055.34619140625,3071.32763671875,230735250,0.19015619676636808,0.17408455629675237,3175.589111328125,3057.68779296875,3043.57021484375,3122.1769884714167,3104.087205621077,18.089782850339816,-42.72289514644405,60.81267799678387,70.49259149268079,3043.57021484375,3371.705924089755,2715.4345055977446,0.2156255227138573,141.18533761160714,87598671.95,2.634003973618461,0.9651795395472704,0.04928554219824054
2024-05-21,3786.214599609375,3818.001708984375,3629.244873046875,3655.2705078125,301901821,0.03579811403057365,0.03517225422068423,3344.454638671875,3145.29599609375,3084.344519042969,3224.3366209541796,3154.6151607313213,69.72146022285824,-20.23402407258359,89.95548429544183,75.71129810818363,3084.344519042969,3548.742453874849,2619.9465842110885,0.301132335875356,146.09080287388392,92455710.95,3.2653669297212837,0.831597572477634,0.04920470675385241
2024-05-22,3736.937255859375,3806.67431640625,3657.799072265625,3786.214599609375,220597741,-0.013014936806562405,-0.0131003732057851,3473.956201171875,3226.027294921875,3122.0018798828123,3303.1982570934406,3197.750130740807,105.44812635263361,4.902406012459856,100.54572034017374,75.00201688571799,3122.0018798828123,3667.1846863276355,2576.819073437989,0.3492520680130322,150.00163922991072,97774630.6,2.256185880184752,0.5315738291161537,0.04952281004401179
2024-05-23,3771.695068359375,3931.7998046875,3666.3369140625,3736.462646484375,391345549,0.0093011496100186,0.009258160279187105,3604.3068359375,3308.5141357421876,3155.5181640625,3375.274689595892,3240.2645705644045,135.01011903148765,30.923948616265424,104.08617041522223,74.505657216103,3155.5181640625,3772.987379540329,2538.048948584671,0.39135836548814684,161.79030064174108,112473907.05,3.4794341128918753,0.3968846796057002,0.0491142996772657
2024-05-24,3726.122314453125,3820.429443359375,3636.8359375,3771.695068359375,149089949,-0.012082830950083556,-0.012156421742798148,3735.265771484375,3393.2224365234374,3186.0393798828127,3429.2512472662356,3276.25403307468,152.99721419155549,55.33860173132345,97.65861246023204,78.6987059677452,3186.0393798828127,3853.540085313835,2518.5386744517905,0.4190159793037925,163.14256068638392,116874003.8,1.2756468004221826,0.48632644455654866,0.0493678012312939
2024-05-25,3748.68505859375,3769.54052734375,3712.321044921875,3726.122314453125,47026506,0.006055288108258505,0.0060370285255020775,3753.930859375,3464.7599853515626,3216.6859130859375,3478.3949105473916,3311.2489238538706,167.14598669352108,77.70007872376299,89.4459079697581,79.03773938706024,3216.6859130859375,3929.2282909044857,2504.1435352673893,0.44302887945622793,164.48568289620536,116908092.35,0.40225193187834957,0.635518046063588,0.04936934626425179
2024-05-26,3823.55029296875,3872.9814453125,3733.224365234375,3748.68505859375,81993341,0.019971065374876806,0.019774259614288286,3761.397998046875,3552.926318359375,3254.6782836914062,3531.4957386122164,3349.1971734179356,182.29856519428085,98.61977601786657,83.67878917641428,79.81195008198137,3254.6782836914062,4012.4681731694013,2496.888394213411,0.46566193240981185,171.32362583705358,116392509.9,0.7044554763055246,0.6463066320319458,0.048788645930054865
2024-05-27,3894.81787109375,3968.081298828125,3822.138916015625,3823.55029296875,143054842,0.018639110947763937,0.01846753149911151,3792.97412109375,3633.4651611328127,3299.1103271484376,3587.391451301683,3389.613521393922,197.77792990776106,118.45140679584549,79.32652311191558,80.51461065496473,3299.1103271484376,4098.611208086083,2499.609446210792,0.48467665622367245,173.16266741071428,119698914.1,1.1951223039541343,0.4979975910528991,0.048253613926658445
2024-05-28,3838.24072265625,3920.55615234375,3776.531982421875,3894.81787109375,110745462,-0.014526262924230648,-0.014632802084117774,3806.283251953125,3705.2950439453125,3342.4601196289063,3625.9836468946937,3422.845165931872,203.13848096282163,135.38882162924074,67.7496593335809,81.09989562361683,3342.4601196289063,4160.904036705767,2524.016202552046,0.4897254643491319,177.1685791015625,121505404.8,0.9114447392878444,0.42846100250787006,0.04833928162337623
2024-05-29,3762.787353515625,3879.711181640625,3743.814208984375,3838.24072265625,90926590,-0.019658321244741428,-0.01985411629135153,3813.616259765625,3774.441015625,3378.8087158203125,3647.030370990222,3448.026068715854,199.004302274368,148.1119177582662,50.8923845161018,74.92555969747714,3378.8087158203125,4204.451588078548,2553.1658435620766,0.48871832749359123,174.48810686383928,123429464.25,0.7366684328778491,0.13961418094166256,0.04886961895520619
2024-05-30,3747.185546875,3817.787109375,3704.12744140625,3762.8017578125,79505444,-0.004146342903498912,-0.00415496281890363,3813.316357421875,3783.6236083984377,3420.6557006835938,3662.43885958788,3470.1860300609756,192.2528295269044,156.94010011199384,35.312729414910564,79.0199372990447,3420.6557006835938,4231.001455563907,2610.3099458032802,0.47379556774355963,174.87301199776786,123247464.45,0.6450878673634247,0.37883363759957683,0.04742458115133448
2024-05-31,3760.7939453125,3838.495849609375,3724.51123046875,3747.185546875,80024457,0.003631631865373963,0.003625053412572935,3800.765087890625,3781.08154296875,3463.18876953125,3677.570411237821,3491.712542301829,185.85786893599197,162.7236538767935,23.134215059198482,76.77836112175248,3463.18876953125,4249.6552267486895,2676.7223123138097,0.45418630606375515,170.3626708984375,125469533.95,0.6377999063253873,0.31831237507408083,0.04737571001660558
2024-06-01,3812.143310546875,3823.350341796875,3750.458251953125,3760.7939453125,34209740,0.013653862982410336,0.013561488887572627,3784.23017578125,3788.6021484375,3507.3147216796874,3698.2739342084446,3515.448154764425,182.82577944401964,166.74407899023873,16.08170045378091,77.15804511217698,3507.3147216796874,4266.282340495162,2748.3471028642125,0.4327912828147899,171.70954241071428,126088505.0,0.2713152955537065,0.8462517499157223,0.047345739491599134
2024-06-02,3780.660888671875,3832.41064453125,3760.23583984375,3812.143310546875,52442361,-0.008258457070042247,-0.0082927470453239,3772.714208984375,3789.49873046875,3549.0064331054687,3710.9488502797417,3535.0935424612735,175.8553078184682,168.56632475588464,7.288983062583554,78.20942341073322,3549.0064331054687,4268.941891370031,2829.0709748409063,0.4057109908558836,171.70711844308036,124501850.55,0.4212175222161788,0.28299416830749646,0.047581820194394886
2024-06-03,3765.6640625,3844.259765625,3759.125732421875,3780.660888671875,63244155,-0.003966720796570344,-0.003974609100886767,3773.28955078125,3793.4529052734374,3593.3376708984374,3719.3665752367046,3552.1728402419203,167.19373499478434,168.2918068036646,-1.0980718088802632,58.01365812681959,3593.3376708984374,4245.57882088783,2941.096520909044,0.3630280311654174,133.38384137834822,123904196.45,0.5104278693701984,0.07680042670781155,0.046999578881298104
2024-06-04,3812.272216796875,3824.96630859375,3744.33935546875,3765.6640625,49856310,0.012377140797294572,0.012301170213544698,3786.306884765625,3799.81162109375,3632.2858032226563,3733.6597508613463,3571.4394607274726,162.22029013387373,167.07750346970644,-4.857213335832711,52.15715552652364,3632.2858032226563,4234.859176081631,3029.7124303636824,0.33178742285332047,125.6602783203125,122308817.3,0.40762645817849796,0.8425577140981592,0.046089163352968886
2024-06-05,3857.81103515625,3879.257568359375,3778.87255859375,3812.272216796875,81374718,0.011945321784402108,0.011874539548298313,3805.710302734375,3803.2376953125,3678.0820068359376,3752.7599484451775,3592.652169944419,160.10777850075874,165.68355847591693,-5.575779975158184,60.06874663679592,3678.0820068359376,4192.498366396672,3163.6656472752034,0.2797198967313184,122.19669015066964,122089570.35,0.6665165400018954,0.7863572134817629,0.04499183949336306
2024-06-06,3811.178955078125,3874.794189453125,3772.156005859375,3857.81103515625,60851388,-0.01208770456955166,-0.012161354981780285,3805.517431640625,3794.8738037109374,3714.169482421875,3761.7474879271695,3608.839339213582,152.90814871358725,163.128476523451,-10.220327809863761,53.22519274258843,3714.169482421875,4149.968022655951,3278.3709421877984,0.23466809594801152,110.56635393415179,119623507.55,0.5086908856485876,0.3801991407934879,0.044547536473532656
2024-06-07,3676.21630859375,3833.34912109375,3631.1796875,3811.178955078125,78330756,-0.035412308914160806,-0.03605453206953001,3784.628515625,3778.6713623046876,3741.983203125,3748.5888449527974,3613.830225834335,134.75861911846232,157.4545050424533,-22.69588592399097,46.44294106121347,3741.983203125,4077.5843769638354,3406.382029286164,0.17937075375355443,111.89320591517857,121318196.05,0.6456637054487425,0.2227667174555245,0.04576373287500472
2024-06-08,3680.140380859375,3703.787841796875,3668.439453125,3675.359375,25787895,0.0010674214834562878,0.0010668521942229726,3767.523779296875,3770.4066650390623,3772.4238403320314,3738.0583120153483,3618.7420891695233,119.316222845825,149.82684860312764,-30.51062575730265,44.98111745077899,3772.4238403320314,3894.2491686830604,3650.5985119810025,0.06458729639472664,110.33098493303571,118652213.75,0.21734019269404486,0.33101728737000924,0.04544065948316114
2024-06-09,3702.806396484375,3714.820556640625,3668.106201171875,3680.1396484375,42326443,0.006159008428832546,0.006140119255792978,3745.630615234375,3765.96875,3774.796179199219,3732.6349403951986,3624.9690748965495,107.66586549864905,141.39465198223192,-33.728786483582866,40.42731181521969,3774.796179199219,3888.6073776612125,3660.984980737225,0.06030057945334543,103.68507603236607,109231773.4,0.3874920426770257,0.7428165273153527,0.016363803939817973
2024-06-10,3665.015380859375,3703.04541015625,3651.16162109375,3702.80859375,63286786,-0.010206046867824559,-0.010258485664488101,3707.071484375,3756.3908935546874,3768.736218261719,3722.231931235841,3627.935467930833,94.29646330500782,131.9750142467871,-37.67855094177929,30.75975256929503,3768.736218261719,3892.4622977838676,3645.0101387395703,0.06565918777898216,96.96660505022321,97301021.65,0.650422625855337,0.2670151893930954,0.014282122193843678
2024-06-11,3499.058349609375,3667.223876953125,3440.18115234375,3665.01513671875,149167491,-0.045281401032234214,-0.046338642689157786,3644.64736328125,3725.0823974609375,3756.8422729492186,3687.8975340625384,3618.3890147218362,69.50851934070215,119.48171526557012,-49.973195924867966,25.998032561895343,3756.8422729492186,3929.499120457851,3584.185425440586,0.09191594161502675,102.89650181361607,93729509.15,1.5914677496206646,0.2593221049664968,0.01717703311951081
2024-06-12,3558.390625,3648.10205078125,3469.20947265625,3498.9638671875,86326865,0.016956640748002627,0.016814481691474106,3621.0822265625,3702.85537109375,3746.17705078125,3667.9733942067637,3613.9446895572555,54.0287046495082,106.39111314235774,-52.36240849284954,35.19831603483202,3746.17705078125,3940.022811482955,3552.3312900795445,0.1034899088185272,105.96761648995536,78478574.95,1.1000055117591045,0.49851789981164046,0.017550139824446975
2024-06-13,3465.782470703125,3558.443359375,3434.342529296875,3558.443359375,82497010,-0.02602529178394375,-0.026369942600715245,3578.21064453125,3672.8672119140624,3733.16005859375,3636.8670982831272,3602.9697103828757,33.89738790025149,91.8923680939365,-57.99498019368501,31.666531467263454,3733.16005859375,3964.0926923572106,3502.2274248302892,0.12371965312971395,106.71341378348214,75148928.0,1.0977802637450795,0.2533419106376988,0.018204715588693892
2024-06-14,3478.94970703125,3523.7783203125,3364.6142578125,3465.688232421875,88598716,0.003799210261876018,0.0037920114899069914,3533.439306640625,3639.5349609375,3719.673291015625,3612.5721150136073,3593.7830434679404,18.789071545666957,77.2717087842826,-58.48263723861564,31.627228333213438,3719.673291015625,3976.8076837173116,3462.5388983139387,0.1382564395226647,109.94051688058036,77227538.5,1.1472425215261781,0.7183496539086296,0.018149586665042582
2024-06-15,3564.13525390625,3587.065673828125,3473.673583984375,3478.90234375,52598677,0.02448599550112296,0.024191019009559396,3513.26328125,3610.1673828125,3706.7025390625,3605.12029022786,3591.5869109078153,13.533379320044787,64.52404289143503,-50.99066357139024,34.51599263601918,3706.7025390625,3967.913402422185,3445.491675702815,0.14093974933621214,112.8333740234375,75757805.3,0.694300432697461,0.7977776054621621,0.018482802922302467
2024-06-16,3619.0078125,3643.9873046875,3541.48974609375,3564.26708984375,41429240,0.01539575652568459,0.015278444406494287,3537.253173828125,3590.9502685546877,3692.9120361328123,3607.2568321158815,3593.618088803533,13.638743312348652,54.34698297561775,-40.7082396632691,40.193839217297366,3692.9120361328123,3941.1043318705056,3444.719740395119,0.1344154928735309,114.99928501674107,70676525.2,0.586181053507707,0.7562918323345695,0.01829303865913448
2024-06-17,3510.583251953125,3631.6142578125,3466.194580078125,3619.1171875,92475073,-0.02995974757843245,-0.0304177110038772,3527.69169921875,3574.386962890625,3676.529162597656,3592.383973629304,3587.467360147947,4.916613481356762,44.46090907676555,-39.54429559540879,36.101716063496184,3676.529162597656,3927.57020009437,3425.488125100942,0.13656414862725624,120.73397391183036,69763005.75,1.3255603310928157,0.2683397312839307,0.019090574484833887
2024-06-18,3482.87451171875,3512.14111328125,3378.42919921875,3510.455810546875,116557321,-0.007892916431752273,-0.00792423037772709,3531.110107421875,3554.6603759765626,3662.5335205078127,3575.536364104603,3579.719741745784,-4.183377641181323,34.73205173317618,-38.9154293743575,31.675098774503482,3662.5335205078127,3924.307509110163,3400.759531905462,0.14294694486020998,124.5257568359375,71044542.3,1.6406231531172804,0.7811219607803135,0.018770228203100814
2024-06-19,3555.644775390625,3582.7060546875,3466.90087890625,3482.831787109375,83110796,0.02089373689090057,0.02067845628411366,3546.44912109375,3539.9442138671875,3652.9564819335938,3572.476119687068,3577.936410904661,-5.4602912175928395,26.693583143022373,-32.15387436061521,33.68436594114537,3652.9564819335938,3915.7037269687107,3390.209236898477,0.14385457167890423,125.627197265625,71224809.9,1.1668798571268633,0.7663206404897173,0.019556694490415576
2024-06-20,3510.124267578125,3615.7421875,3484.6533203125,3555.644775390625,64120963,-0.01280232157260397,-0.012884977507810447,3535.646923828125,3524.4551025390624,3640.422998046875,3562.883527054923,3572.913289176769,-10.029762121846034,19.34891409004869,-29.378676211894724,33.72484922203638,3640.422998046875,3905.416306306872,3375.429689786878,0.14558380078478164,127.65938895089286,70429635.2,0.9104258856078811,0.19430290161292016,0.019633422649804666
2024-06-21,3515.372802734375,3539.670166015625,3453.825927734375,3510.05224609375,73559046,0.0014952562234702427,0.0014941394409953542,3514.919921875,3526.0865478515625,3625.58447265625,3555.5741848517614,3568.6510309217765,-13.076846070015108,12.86376205803593,-25.94060812805104,39.886301777409756,3625.58447265625,3883.224757453513,3367.944187858987,0.14212344891719234,119.35044642857143,72397100.5,1.0160496137549044,0.7169598825163482,0.01926702472932254
2024-06-22,3496.101318359375,3517.009521484375,3474.8583984375,3515.35595703125,20211748,-0.005482059928326843,-0.005497141563060344,3512.02353515625,3519.8576171875,3611.356494140625,3546.424513083702,3563.2769781393768,-16.852465055674656,6.9205166352938114,-23.772981690968468,38.646907472681455,3611.356494140625,3864.3247416401086,3358.388246641141,0.140095971090044,119.83635602678571,70785569.85,0.2855348631483822,0.5039704373525631,0.019243698126255385
2024-06-23,3419.524658203125,3518.05078125,3415.565673828125,3496.103515625,51858200,-0.021903444203437816,-0.02214688601224325,3499.353564453125,3515.2318359375,3594.049523925781,3526.90145848669,3552.628658144099,-25.727199657409074,0.39097337675323246,-26.118173034162307,33.61462232018086,3594.049523925781,3849.913155746316,3338.1858921052462,0.1423818064371328,123.81998116629464,70216272.1,0.7385496046578071,0.03862985046516792,0.01966872476057011
2024-06-24,3348.64208984375,3429.044677734375,3249.822998046875,3419.54638671875,78141617,-0.02072877824972963,-0.02094663523852383,3457.95302734375,3502.20107421875,3570.868017578125,3499.4769402339302,3537.518541973703,-38.04160173977289,-7.295541646551994,-30.74606009322089,32.37526001239844,3570.868017578125,3827.4940864051864,3314.241948751064,0.14373315819222754,132.91554478236608,71630537.45,1.090898097121565,0.5513791186628045,0.019555384741675834
2024-06-25,3392.94091796875,3420.603759765625,3334.435302734375,3348.63525390625,38349396,0.013228893066642211,0.013142155385694349,3434.516357421875,3485.081640625,3547.62451171875,3483.086782962364,3526.8090883437067,-43.72230538134272,-14.580894393510144,-29.14141098783258,43.161372643728434,3547.62451171875,3777.6528886197475,3317.5961348177525,0.1296802275106356,122.85309709821429,69479271.35,0.5519544931151613,0.6789678873600763,0.01962034182951445
2024-06-26,3366.76953125,3419.73486328125,3327.809326171875,3392.88232421875,69787227,-0.00771348141671091,-0.007743384183367409,3404.795703125,3459.8578125,3525.4040405273436,3465.191821160462,3514.9543063367655,-49.76248517630347,-21.617212550068814,-28.145272626234657,37.09981959996424,3525.4040405273436,3733.0016269143475,3317.8064541403396,0.11777236538025339,116.64116559709821,69926063.3,0.9980145271527106,0.423823523897729,0.019575761862483092
2024-06-27,3443.473388671875,3470.99658203125,3362.770751953125,3366.721435546875,54866042,0.02278262789000496,0.022526979435355882,3394.2701171875,3453.146826171875,3513.76689453125,3461.8505238545254,3509.6594235467737,-47.80889969224836,-26.855549978504726,-20.953349713743634,48.465258798838015,3513.76689453125,3711.6341695977,3315.8996194648,0.11262401918260789,115.50723702566964,68752827.6,0.7980186985065907,0.7456873895357171,0.01929629152941854
2024-06-28,3372.807373046875,3480.9443359375,3363.373291015625,3443.52978515625,59190595,-0.020521725493065412,-0.020735222030422388,3384.92666015625,3442.1401123046876,3498.400244140625,3448.1515775764256,3499.522234620855,-51.37065704442966,-31.758571391689713,-19.61208565273995,43.23332085083918,3498.400244140625,3689.48369184435,3307.3167964369004,0.10924047242665566,112.53630719866071,70422962.6,0.8405013480645588,0.08024154277710516,0.019652261013788967
2024-06-29,3372.387451171875,3397.961669921875,3370.290771484375,3372.8681640625,18155849,-0.00012450218128545743,-0.0001245099323253841,3389.675732421875,3423.8143798828123,3481.879296875,3436.4955581295717,3490.1048432542643,-53.60928512469263,-36.1287141382903,-17.480570986402334,36.29464150163735,3481.879296875,3654.8257223123255,3308.9328714376743,0.0993408505530595,106.41336495535714,69214432.9,0.2623130500286162,0.07577201338359253,0.01952834595695349
2024-06-30,3433.670166015625,3452.38818359375,3352.266357421875,3372.407470703125,31150498,0.018171908101026313,0.0180087723402478,3397.82158203125,3416.1689697265624,3470.3120361328124,3436.060882419734,3485.9244967921427,-49.86361437240885,-38.875694185114014,-10.987920187294833,36.873101151456574,3470.3120361328124,3621.227821962198,3319.3962503034268,0.08697534069447001,106.24366978236607,67607618.5,0.4607542565635558,0.8130475811126036,0.020112624664449404
2024-07-01,3439.302734375,3509.616455078125,3426.34326171875,3433.623779296875,41518341,0.0016403929576938037,0.0016390489827299484,3412.32822265625,3408.561962890625,3467.324255371094,3436.55962887439,3482.4710329093914,-45.9114040350014,-40.282836155091495,-5.628567879909902,44.091018931649586,3467.324255371094,3618.209829331029,3316.4386814111585,0.0870328604117163,100.37606375558036,62225161.0,0.6672275383907805,0.15562598396780167,0.017494841837699247
2024-07-02,3415.21728515625,3457.814697265625,3406.366943359375,3439.186279296875,26224045,-0.007003003538485264,-0.007027639653004431,3406.677001953125,3400.4735595703123,3460.1655883789062,3433.2761913792915,3477.489273816566,-44.21308243727435,-41.06888541152807,-3.14419702574628,44.35748497970825,3460.1655883789062,3606.372212495721,3313.9589642620913,0.0845084550911987,94.50005231584821,59220020.0,0.44282398080919255,0.17202581499052733,0.017035350205069247
2024-07-03,3295.19091796875,3423.702392578125,3260.73876953125,3415.421630859375,62537123,-0.03514457709885033,-0.035777009695236624,3391.1537109375,3388.040185546875,3451.6360107421874,3412.0323031622847,3463.985691901913,-51.95338873962828,-43.24578607714812,-8.707602662480163,29.865557618621807,3451.6360107421874,3615.322366191256,3287.9496552931187,0.09484566445572117,97.86851283482143,58222025.65,1.0741145176902653,0.21141005453392536,0.017818727318240822
2024-07-04,3066.8818359375,3308.140380859375,3066.718994140625,3295.093994140625,102018102,-0.06928553996257858,-0.07180275117814636,3330.052587890625,3359.86416015625,3431.0326171875,3358.9322312815484,3434.5705914601044,-75.63836017855601,-49.7243008974297,-25.914059281126313,23.284983464986595,3431.0326171875,3667.705853869023,3194.359380505977,0.1379603536824024,105.74940708705357,58892994.95,1.7322620811968061,0.0006745127226775546,0.023175896018549504
2024-07-05,2980.202880859375,3103.188720703125,2825.9677734375,3066.453125,179811848,-0.028262893621275986,-0.028669977792964745,3239.359130859375,3318.5903564453124,3401.8359985351562,3300.6661773704445,3400.9137240081986,-100.24754663775411,-59.828950045494594,-40.41859659225952,20.62752580745442,3401.8359985351562,3704.2995110828588,3099.3724859874537,0.17782368854815134,119.41917201450893,65253653.5,2.75558284257601,0.5563616636391038,0.02251312253946382
2024-07-06,3063.227294921875,3075.958251953125,2956.765625,2980.169189453125,51413507,0.027858644992168724,0.02747765270688061,3164.14404296875,3288.2361328125,3374.04697265625,3264.1371185322027,3375.8999144462487,-111.76279591404591,-70.21571921920486,-41.54707669484105,27.795838914475027,3374.04697265625,3694.1119319194404,3053.98201339306,0.18972169733085617,124.92213657924107,65752866.85,0.7819203855747926,0.8931900624592441,0.023370200703197192
2024-07-07,2932.368408203125,3064.449951171875,2925.949951171875,3063.212158203125,76132840,-0.042719287248348836,-0.04365860478147148,3067.574267578125,3237.125634765625,3345.13623046875,3213.0957784815755,3343.0457287986096,-129.9499503170341,-82.16256543877071,-47.787384878263396,26.32959995748469,3345.13623046875,3714.0089583873973,2976.2635025501027,0.22054272382620282,127.49462890625,64935755.2,1.172433272940514,0.046342650041780314,0.02416092535574977
2024-07-08,3014.502197265625,3069.33154296875,2825.8486328125,2932.366455078125,129241468,0.02800936909316576,0.027624280895299738,3011.4365234375,3201.2951171875,3321.7176147460937,3182.5429198329675,3318.7091709072774,-136.1662510743099,-92.96330256587856,-43.20294850843135,33.94009486423141,3321.7176147460937,3712.58630267172,2930.848926820467,0.23534131028504293,132.084716796875,65569962.55,1.9710468478832464,0.7748123444241423,0.025517780663566494
2024-07-09,3062.37060546875,3095.98046875,3008.680908203125,3014.40966796875,58124039,0.015879374129017076,0.015754615856803468,3010.53427734375,3170.2934326171876,3297.05390625,3164.0548714692413,3299.7211290229425,-135.66625755370114,-101.5038935634431,-34.162363990258044,34.16599269632886,3297.05390625,3688.0230280894575,2906.084784410543,0.2371627112910249,132.16550990513392,64320624.7,0.903660983877229,0.6150053553894647,0.025253797546536495
2024-07-10,3100.167724609375,3146.912841796875,3036.9560546875,3062.6748046875,79008807,0.01234243793782741,0.012266891037470112,3034.52724609375,3136.9431884765627,3276.5560791015623,3154.2260796446467,3284.939395362678,-130.71331571803148,-107.34577799436077,-23.367537723670708,37.370679695055394,3276.5560791015623,3663.4552306262476,2889.656927576877,0.236162081273319,133.45345633370536,65065016.9,1.214305486486395,0.5748773820869194,0.02558040205311493
2024-07-11,3100.1484375,3205.0947265625,3069.049560546875,3101.088623046875,52079317,-6.221311583232136e-06,-6.221330935671309e-06,3041.911474609375,3103.0277587890623,3255.7948608398438,3145.9064423916243,3271.251176261739,-125.34473387011485,-110.9455691695116,-14.39916470060325,32.46199905865967,3255.7948608398438,3633.181356496615,2878.4083651830724,0.2318244925046802,135.4405517578125,63991030.45,0.8138533890416512,0.22859229667349829,0.025559831277911466
2024-07-12,3132.364990234375,3151.11474609375,3049.3828125,3100.1650390625,35353608,0.010391938768052889,0.010338313764254578,3081.910791015625,3074.742529296875,3237.608044433594,3143.82314205974,3260.9633106300826,-117.14016857034267,-112.18448904967781,-4.955679520664859,37.21531962090388,3237.608044433594,3601.033336070545,2874.182752796643,0.22450234040021402,134.30918666294642,64748123.45,0.5460174923417027,0.8156944903612463,0.02582023537484515
2024-07-13,3183.324462890625,3199.986328125,3113.876220703125,3132.4189453125,26861533,0.01626868925400582,0.016137772120627607,3115.675244140625,3063.5558837890626,3225.7980346679688,3149.9002683414146,3255.2122848716044,-105.3120165301898,-110.80999454578023,5.497978015590434,40.45997016777301,3225.7980346679688,3579.5549400803943,2872.041129255543,0.21932985364276703,138.48341587611608,63498290.1,0.4230276588188002,0.8065051160509022,0.025927677816656752
2024-07-14,3252.042236328125,3269.598876953125,3167.68017578125,3183.85205078125,36281534,0.021586795263433656,0.021357100107858216,3153.6095703125,3082.071923828125,3220.9680419921874,3165.614417262447,3254.9774664609763,-89.3630491985291,-106.52060547632999,17.157556277800893,40.90339512935689,3220.9680419921874,3570.2726966078876,2871.663387376487,0.21689420699725617,138.61176409040178,61405285.95,0.5908535957237082,0.827738771870042,0.026151583869250747
2024-07-15,3492.802001953125,3495.4638671875,3245.466064453125,3252.051025390625,74457921,0.07403340674223258,0.07142110057706906,3232.13642578125,3133.3318359375,3225.9610961914063,3215.9509687533205,3272.5940987196536,-56.64312996633316,-96.54511037433063,39.90198040799747,52.16867472264244,3225.9610961914063,3588.2304618525745,2863.691730530238,0.224596239606774,150.52066476004464,63210712.2,1.177932005645081,0.9893524454409034,0.03099475718129354
2024-07-16,3446.138916015625,3499.290283203125,3357.209228515625,3493.387451171875,76265527,-0.013359785613787034,-0.013449830435231364,3301.334521484375,3171.622998046875,3229.9295654296875,3251.3644991013675,3285.4492703712067,-34.084771269839166,-84.05304255343235,49.96827128359318,51.23092434152277,3229.9295654296875,3600.3409939096196,2859.5181369497554,0.22936192321002213,156.99447195870536,63534627.2,1.2003773432072644,0.6259081317304211,0.03111250938783235
2024-07-17,3393.941162109375,3517.36865234375,3384.3974609375,3446.06396484375,81229169,-0.015146735282105306,-0.015262618736703865,3353.649755859375,3217.7802734375,3227.4529541015627,3273.2993703333686,3293.485706796256,-20.18633646288754,-71.2797013353234,51.093364872435856,54.15544028675426,3227.4529541015627,3592.475849557292,2862.4300586458335,0.22619873977827937,154.85215541294642,64852783.55,1.2525163077599313,0.0717726980575786,0.030910426568528354
2024-07-18,3428.085693359375,3483.959716796875,3378.787353515625,3393.942626953125,51900595,0.010060437002030742,0.010010167678781547,3402.602001953125,3259.138623046875,3230.2168701171877,3297.1126507989084,3303.456076171302,-6.34342537239354,-58.292446142737425,51.949020770343886,68.16848074227568,3230.2168701171877,3600.6706307954123,2859.763109438963,0.2293677332350661,145.12008231026786,64488283.55,0.8048065810242828,0.468738538348044,0.030610825818964217
2024-07-19,3505.323486328125,3537.470947265625,3382.098388671875,3428.04736328125,52862369,0.022530881628300303,0.022280810560213367,3453.258251953125,3303.4339111328127,3236.863671875,3329.145087034173,3318.4092176644,10.7358693697729,-44.48678304023536,55.22265241000826,76.66673444227452,3236.863671875,3622.5165082573963,2851.2108354926036,0.23828796976117403,136.4166259765625,66223609.55,0.7982405271957878,0.7930943453825307,0.03097394614882727
2024-07-20,3520.5390625,3537.077392578125,3482.881103515625,3505.3125,37070907,0.00434070528190067,0.004331311594404206,3458.8056640625,3345.471044921875,3241.2071166992187,3358.590314028915,3333.381798763333,25.208515265582264,-30.547723379071833,55.7562386446541,74.94092812284714,3241.2071166992187,3637.9889457472937,2844.4252876511437,0.24483583724334765,131.77403041294642,66519630.0,0.5572927420071339,0.6948438653059589,0.030756733900654167
2024-07-21,3533.072509765625,3543.197021484375,3421.6787109375,3520.32568359375,37235123,0.003560093225247307,0.003553771093836076,3476.1923828125,3388.7634521484374,3245.89560546875,3385.43372875764,3348.173703282021,37.26002547561893,-16.986173608133676,54.24619908375261,87.61621276192398,3245.89560546875,3654.5710112775305,2837.2201996599697,0.2518105666246541,130.56105259486608,66305469.1,0.5615694075528379,0.9166832415431635,0.030759530975343743
2024-07-22,3438.1708984375,3556.27978515625,3431.36328125,3533.085205078125,47218833,-0.026860929422142132,-0.02722827733040923,3485.038330078125,3419.34404296875,3247.0432861328127,3393.5471394776187,3354.840162182427,38.70697729519179,-5.847543427468579,44.55452072266037,76.11266618855684,3247.0432861328127,3657.8442120254053,2836.24236024022,0.25303076657278034,122.09202357700893,67355208.5,0.7010420433929768,0.05449734001572885,0.0313729146509881
2024-07-23,3482.505859375,3526.72265625,3402.478271484375,3438.679443359375,81166932,0.012894926473157042,0.01281249478619008,3495.92236328125,3449.2621826171876,3256.409033203125,3407.233096384908,3364.296880492988,42.936215891920256,3.909208436409191,39.02700745551107,76.0081660436945,3256.409033203125,3680.1685821966626,2832.6494842095876,0.2602618680103045,124.73093959263393,68286698.95,1.1886199398719068,0.6441143238396501,0.030296301378598598
2024-07-24,3336.015380859375,3486.63671875,3319.071044921875,3482.050537109375,54278747,-0.04206467538920822,-0.04297501413492114,3462.0607421875,3457.6594970703127,3269.8657104492186,3396.2765247655952,3362.2019545942017,34.07457017139359,9.942280783406073,24.132289387987516,62.86827215467417,3269.8657104492186,3685.295153900318,2854.436266998119,0.25409572149923376,128.84586007254464,65899731.2,0.8236565766143823,0.10112056693585639,0.02733498204985111
2024-07-25,3170.303955078125,3339.53271484375,3090.528076171875,3336.015380859375,175143234,-0.04967345976041693,-0.05094962688001174,3392.013720703125,3425.4096923828124,3279.3707641601563,3361.511514044446,3347.987287963381,13.52422608106508,10.658669842937876,2.865556238127205,53.241684691882185,3279.3707641601563,3675.1282056035247,2883.613322716788,0.2413618159730844,136.91439383370536,65666300.5,2.6671707202387624,0.32037908742804827,0.029053600662122318
2024-07-26,3277.38720703125,3281.760009765625,3169.91357421875,3170.303955078125,63735984,0.03377696696293153,0.03321905355765059,3340.87666015625,3408.534521484375,3290.078759765625,3348.5693129654924,3342.7576523387784,5.811660626714001,9.6892679996931,-3.8776073729790994,56.26743163086735,3290.078759765625,3672.5792547034125,2907.5782648278373,0.23251753095724417,137.63685825892858,66282424.35,0.9615819672413657,0.9609035127261487,0.02934348826731987
2024-07-27,3249.004638671875,3318.72021484375,3215.5,3277.1494140625,39886263,-0.008660120567531182,-0.008697837323970274,3303.043408203125,3394.040869140625,3305.9105712890623,3333.2516707664745,3335.812984659749,-2.5613138932744732,7.239151621099586,-9.800465514374059,52.89499646607822,3305.9105712890623,3650.393081323351,2961.4280612547736,0.20840401009393658,138.8590087890625,64470095.5,0.6186785158399525,0.3245937699252694,0.027427898887353044
2024-07-28,3271.4072265625,3277.821533203125,3206.24609375,3247.41748046875,19193298,0.006895215729757487,0.006871552443147776,3260.823681640625,3378.3730224609376,3318.755822753906,3323.73714088894,3331.042187763657,-7.305046874716936,4.330311921936281,-11.635358796653218,50.889887088823116,3318.755822753906,3635.5308813515035,3001.980764156309,0.19089988870271096,136.69163295200892,58967687.0,0.3254883984172552,0.9103839711116327,0.026917305302239947
2024-07-29,3323.61376953125,3393.7412109375,3268.410400390625,3271.4072265625,46134488,0.015958436034760215,0.015832438904871137,3258.343359375,3360.20205078125,3331.817980957031,3323.7181606800646,3330.491934561256,-6.773773881191573,2.1094947613107093,-8.883268642502284,40.595487701441904,3331.817980957031,3624.7247919957886,3038.9111699182736,0.17582401722594881,127.78684779575893,58368209.45,0.7904043731120486,0.44046127919657685,0.02691907954275853
2024-07-30,3276.561767578125,3358.0947265625,3257.478759765625,3323.61376953125,43548130,-0.014156880196028676,-0.014258044742358169,3279.594921875,3335.8043212890625,3340.6376831054686,3316.4633309720743,3326.4971073773204,-10.033776405246044,-0.3191594720006422,-9.714616933245402,40.57794316174204,3340.6376831054686,3614.1563016221494,3067.1190645887878,0.16375233980023654,124.82505580357143,56595175.6,0.7694671769867253,0.1896618242423535,0.02716089256427601
2024-07-31,3229.974365234375,3345.49267578125,3219.770263671875,3276.561767578125,76111694,-0.014218380622253668,-0.014320430271432493,3270.112353515625,3305.4945068359375,3347.1289794921877,3303.1573362431973,3319.3472746259913,-16.189938382794026,-3.49331525415932,-12.696623128634705,40.832511599819604,3347.1289794921877,3602.1532791815757,3092.1046798027996,0.152383909465048,124.30728585379464,57796794.45,1.3168843484190842,0.08116374312649266,0.027431514183663196
2024-08-01,3201.034423828125,3239.918701171875,3082.432861328125,3229.962890625,88879615,-0.008959805290637335,-0.00900018572758692,3260.518310546875,3281.780859375,3350.562451171875,3287.4461189485705,3310.583359752075,-23.137240803504483,-7.422100364028354,-15.71514043947613,37.23110550928558,3350.562451171875,3595.0433802998396,3106.081522043911,0.1459342618983007,128.04396275111608,60473094.8,1.4697381586629168,0.7530935010419979,0.027476330357298608
2024-08-02,2983.100341796875,3204.496337890625,2978.251953125,3201.12646484375,236869328,-0.0680823924944306,-0.07051087216838793,3202.85693359375,3231.8403076171876,3340.5512451171876,3240.6236916944636,3286.32535842206,-45.7016667275966,-15.078013636742009,-30.623653090854596,24.64384458655627,3340.5512451171876,3626.711768536849,3054.3907216975263,0.17132533071476516,133.10623604910714,70973484.55,3.3374341065800186,0.021429874057132193,0.031289642156120095
2024-08-03,2902.112548828125,3011.132568359375,2865.4091796875,2983.100341796875,64013496,-0.027148866511130132,-0.027524205943500475,3118.556689453125,3188.4500244140627,3323.0547607421877,3188.5450543304114,3257.865150303991,-69.32009597357955,-25.92643010410952,-43.393665869470034,21.77547402540243,3323.0547607421877,3668.625035714245,2977.4844857701305,0.20798349702481328,139.64388602120536,72360082.65,0.8846520575387982,0.2518701319851351,0.031189912091076983
2024-08-04,2679.63916015625,2922.889892578125,2660.931640625,2902.04345703125,150964592,-0.07665911811783799,-0.07975679317863917,2999.17216796875,3139.383544921875,3282.396618652344,3110.251839842079,3215.033595478232,-104.78175563615332,-41.69749521051829,-63.08426042563503,17.313628108800756,3282.396618652344,3722.3361335859104,2842.4571037187775,0.26805993671428574,149.67531040736608,76185416.2,1.9815418689016757,0.07141412569008666,0.02917481681368992
2024-08-05,2425.7490234375,2688.880126953125,2157.159423828125,2679.63916015625,959436900,-0.09474788266041967,-0.09954179138349595,2838.327099609375,3054.2197265625,3231.3771240234373,3004.943714241374,3156.5680716233633,-151.62435738198928,-63.6828676448125,-87.9414897371768,15.43400212319888,3231.3771240234373,3807.0819050203213,2655.6723430265533,0.3563216293863374,178.73275320870536,120343984.85,7.972454137993421,0.5051328602136111,0.034461667779100355
2024-08-06,2454.460205078125,2540.297119140625,2416.868896484375,2416.892333984375,111332013,0.011836006678027422,0.011766508996831519,2689.012255859375,2974.765283203125,3184.403076171875,2920.2539436008738,3104.5600815089015,-184.30613790802772,-87.80752169745556,-96.49861621057217,14.522080289480115,3184.403076171875,3850.477607268037,2518.328545075713,0.41833556567021185,178.67445591517858,121849127.05,0.9136874074962854,0.3045600737150443,0.035053631244430006
2024-08-07,2334.709716796875,2544.296875,2316.296875,2454.460205078125,113834483,-0.0487889304676824,-0.050019296233921165,2559.334130859375,2881.0955322265627,3129.73427734375,2830.1702164002586,3047.53412856727,-217.36391216701122,-113.71879979136669,-103.64511237564453,14.79513899976206,3129.73427734375,3885.092208584788,2374.376346102712,0.4826978039056536,182.99119349888392,124945821.45,0.911070747936565,0.08075807805292727,0.03526717142777359
2024-08-08,2682.73974609375,2771.824462890625,2326.72509765625,2334.712158203125,92736153,0.149067794935277,0.13895100055094325,2515.4595703125,2817.0081298828127,3088.605090332031,2807.4886055838724,3020.5123224581203,-213.02371687424784,-133.57978320794294,-79.4439336663049,34.80570094636877,3088.605090332031,3847.4256816999086,2329.7844989641535,0.49136783057383543,196.99795968191964,126939510.65,0.7305538876362447,0.7998543162200099,0.05088900598378924
2024-08-09,2600.7333984375,2702.76904296875,2562.353515625,2683.17236328125,83646373,-0.03056813385482393,-0.03104508408186297,2499.67841796875,2749.42529296875,3042.6148071289062,2775.680112176738,2989.417587345482,-213.7374751687439,-149.61132160010314,-64.12615356864077,28.578152911809426,3042.6148071289062,3802.7035810862153,2282.526033171597,0.49962865636255116,199.03860909598214,129268283.95,0.647075759374618,0.2733307600363117,0.05089465339769999
2024-08-10,2606.00244140625,2638.236572265625,2583.9482421875,2600.55224609375,44637070,0.0020259835060048026,0.002023933969173185,2535.7291015625,2687.0281005859374,2996.2613037109377,2749.5758551351246,2961.0164654240575,-211.44061028893293,-161.9771793378691,-49.46343095106383,29.341174953481627,2996.2613037109377,3743.3749975388273,2249.147609883048,0.498697288452494,195.54347446986608,129638381.3,0.34431986540084947,0.4062419894469018,0.05086821379549408
2024-08-11,2557.009521484375,2704.010498046875,2551.93701171875,2606.00244140625,58924228,-0.0188000284049763,-0.0189789955470249,2556.23896484375,2622.6256103515625,2952.203234863281,2719.9502653427016,2931.090025132229,-211.1397597895275,-171.8096954282008,-39.33006436132669,27.432917026374156,2952.203234863281,3693.494485149327,2210.911984577235,0.5021952699813877,201.2933349609375,130223651.05,0.4524848406943817,0.033355648560240286,0.050792048804986674
2024-08-12,2725.312744140625,2743.5869140625,2520.05419921875,2557.009521484375,64578205,0.06582033474734494,0.06374477002612633,2634.3595703125,2596.8468505859373,2914.3435791015627,2720.7752620808437,2915.8472635772955,-195.07200149645178,-176.462156641851,-18.609844854600766,32.39180727621637,2914.3435791015627,3617.9847495920785,2210.702408611047,0.482881411468606,208.30775669642858,129394214.7,0.4990810844961216,0.9182483425576825,0.05354396560890268
2024-08-13,2703.009765625,2732.576904296875,2614.909423828125,2725.312744140625,49348137,-0.008183640047761842,-0.008217309850163454,2638.41357421875,2576.936572265625,2882.6932983398438,2718.0421087799446,2900.0815229882364,-182.03941420829187,-177.5776081551392,-4.461806053152685,32.87064831948146,2882.6932983398438,3563.0332794048745,2202.353317274813,0.4720169027047322,209.52572195870536,129147684.2,0.38210624763181,0.7487229388988691,0.05303823214833118
2024-08-14,2665.67724609375,2764.519287109375,2638.6767578125,2703.063720703125,29096193,-0.013811463060925289,-0.013907728724402988,2651.40234375,2575.540380859375,2857.461962890625,2709.9859760589916,2882.7182432182744,-172.73226715928286,-176.60853995596793,3.876272796685072,33.053367761908476,2857.461962890625,3530.278587319281,2184.6453384619685,0.47091904155954617,209.5343017578125,121845332.15,0.23879612363139674,0.21455773679983495,0.05219611741140009
2024-08-15,2571.32958984375,2673.572265625,2529.478271484375,2665.674560546875,61278028,-0.03539350324134549,-0.03603503618577252,2644.4677734375,2590.0984375,2822.15908203125,2688.65422433357,2859.652417042384,-170.99819270881426,-175.48647050653722,4.488277797722958,31.803928047916884,2822.15908203125,3476.0300099529127,2168.288154109587,0.463383465577737,208.57774135044642,121722434.35,0.5034242728320854,0.29044457130966045,0.051614584337734
2024-08-16,2592.437744140625,2626.502197265625,2560.1787109375,2570.193603515625,51369393,0.00820904266036071,0.00817553173980011,2651.55341796875,2603.89619140625,2789.3307373046873,2673.851688919271,2839.8587375681795,-166.0070486489085,-173.59058613501148,7.583537486102983,37.26243544268329,2789.3307373046873,3418.426983613474,2160.2344909959006,0.45107325416467353,197.15482003348214,122296590.85,0.42003945198281056,0.4863892865743611,0.051789425766827143
2024-08-17,2611.4423828125,2622.695068359375,2590.12646484375,2592.283203125,25524898,0.007330798479087353,0.007304058778630716,2628.779345703125,2631.5694580078125,2756.3324951171876,2664.2502572105373,2822.9390075862775,-158.68875037574026,-170.61021898315724,11.921468607416983,40.123490279404386,2756.3324951171876,3347.021434405535,2165.6435558288404,0.42860499619312703,189.07233537946428,122613170.85,0.20817419387372446,0.6544928446802646,0.05179698923463824
2024-08-18,2621.03759765625,2679.98095703125,2597.354248046875,2611.297607421875,28984959,0.0036742969735430453,0.003667563233883716,2612.384912109375,2625.3992431640627,2721.2036865234377,2657.602155740647,2807.9833475914606,-150.3811918508136,-166.56441355668852,16.183221705874928,47.67203682036418,2721.2036865234377,3250.1857796145177,2192.2215934323576,0.38878537149631626,176.262939453125,121755694.4,0.23805834415248506,0.28663067787181623,0.05154565209353733
2024-08-19,2628.58154296875,2646.71728515625,2571.249755859375,2620.3662109375,31878128,0.0028782285760593496,0.0028740944070138833,2604.965771484375,2628.1840576171876,2688.8046752929686,2653.1374460834318,2794.694325026815,-141.55687894338325,-161.56290663402748,20.00602769064423,60.018416090781976,2688.8046752929686,3149.5402667944427,2228.0690837914944,0.34270662777040356,143.67342703683036,121172194.3,0.26308121416928076,0.7596881418529777,0.051624083419014075
2024-08-20,2584.79052734375,2693.771728515625,2563.116943359375,2628.58154296875,95765094,-0.016659561405708567,-0.016799892653376468,2607.657958984375,2626.0628662109375,2656.5454833984377,2642.6225355080956,2779.1458955688104,-136.52336006071482,-156.55499731936496,20.031637258650136,56.34286018458032,2656.5454833984377,3041.925215608128,2271.1657511887474,0.29013599399524354,144.18961007254464,122154864.3,0.7839646382383153,0.16588434902553875,0.051638148226806346
2024-08-21,2629.51904296875,2655.893798828125,2543.7060546875,2572.132080078125,61104175,0.017304503073587663,0.01715648530298902,2615.07421875,2633.313818359375,2627.9697143554686,2640.6066135789656,2768.062425005843,-127.45581142687752,-150.73516014086746,23.279348713989947,65.47789187538822,2627.9697143554686,2915.7521746653947,2340.1872540455424,0.21901505084925013,135.91730608258928,120766092.3,0.5059712857828389,0.7649051946889686,0.051994660523328025
2024-08-22,2622.9169921875,2643.318115234375,2592.962890625,2629.51904296875,40075181,-0.002510744616550209,-0.0025139018215457856,2617.369140625,2623.0742431640624,2609.960546875,2637.8851333648936,2757.310911463743,-119.4257780988496,-144.4732837324639,25.047505633614293,45.10394579201571,2609.960546875,2844.2838509173303,2375.63724283267,0.17956080165494756,107.72129603794643,110926384.95,0.3612772652607751,0.5948558821635097,0.05007407388657992
2024-08-23,2763.932861328125,2792.952880859375,2622.380859375,2622.9169921875,49233125,0.05376299347659441,0.05236756095930015,2645.948193359375,2629.166552734375,2603.0515625,2657.277091513083,2757.801426268512,-100.52433475542875,-135.68349393705688,35.15915918162813,62.180196168822526,2603.0515625,2807.3270222689844,2398.7761027310153,0.15695075941776282,109.87533133370536,110187366.4,0.4468127935944569,0.8298664734872301,0.051461529666280245
2024-08-24,2770.493896484375,2812.19091796875,2743.927978515625,2763.932861328125,54528938,0.0023738040992418163,0.002370991077120479,2674.3306640625,2639.6482177734374,2607.5942993164062,2674.6950615086666,2758.741609247465,-84.04654773879838,-125.35610469740519,41.309556958606805,62.252992245095854,2607.5942993164062,2822.7900473632835,2392.398551269529,0.16505308981791522,110.87351771763393,105365583.7,0.5175213393707038,0.38917043680928304,0.04830035342924136
2024-08-25,2747.8857421875,2786.01708984375,2737.5302734375,2770.408935546875,29024085,-0.008160333551199495,-0.008193811323954045,2706.94970703125,2657.3038330078125,2623.701135253906,2685.955166228487,2757.9374709467265,-71.98230471823945,-114.68134470157206,42.69903998333261,64.80016355675363,2623.701135253906,2829.6107366240453,2417.791533883767,0.15696117107500696,103.47446986607143,58844942.95,0.49322989444753973,0.21357287434795247,0.042652479538502396
2024-08-26,2681.51513671875,2760.203857421875,2670.380859375,2747.8857421875,36557815,-0.024153335216883676,-0.024449810666450186,2717.34892578125,2666.211572265625,2635.0538818359373,2685.272084765451,2752.27655730021,-67.00447253475886,-105.14597026820942,38.141497733450564,45.96642007330797,2635.0538818359373,2826.1815040746405,2443.926259597234,0.14506543760352839,93.92377580915179,55106233.05,0.6634061698035083,0.12395797941079512,0.04319654787475901
2024-08-27,2458.487548828125,2698.233154296875,2437.913330078125,2681.51513671875,71122564,-0.08317222783367684,-0.08683564097793653,2684.463037109375,2650.9160888671877,2641.2427734375,2650.3821561597088,2730.5144085244997,-80.13225236479093,-100.14322668752574,20.01097432273481,33.55903290186238,2641.2427734375,2795.9713322351886,2486.5142146398116,0.11716345074656943,104.11322893415179,52970637.1,1.342679036797917,0.07903439091108513,0.04605117554833162
2024-08-28,2529.869384765625,2551.20458984375,2423.208251953125,2458.48046875,64505641,0.029034857618670973,0.028621331514963343,2637.650341796875,2641.799267578125,2633.599255371094,2631.8417297913884,2715.6518141719903,-83.8100843806019,-96.87659822614098,13.066513845539092,41.268467443522844,2633.599255371094,2794.669993938206,2472.528516803982,0.12231985427442418,104.26707240513393,51559111.5,1.2511007099104103,0.8333139413356543,0.03166234395305476
2024-08-29,2527.11474609375,2592.217529296875,2511.141845703125,2529.869384765625,32533103,-0.0010888462022833334,-0.0010894394259681136,2588.97451171875,2631.652587890625,2629.918322753906,2615.729886145598,2701.686105425454,-85.95621927985621,-94.69252243688405,8.736303157027834,46.77778181065091,2629.918322753906,2797.389149292706,2462.447496215106,0.12735819594840772,99.76576450892857,49003448.0,0.663894161080257,0.1970122197019157,0.030962917393768843
2024-08-30,2525.11669921875,2537.77197265625,2440.05078125,2527.11474609375,54335661,-0.000790643510781841,-0.0007909562342084421,2544.420703125,2625.685205078125,2625.8740356445314,2601.78939584916,2688.6068901508834,-86.8174943017234,-93.11751680985194,6.300022508128535,44.953317449760476,2625.8740356445314,2799.5676891498083,2452.1803821392546,0.1322939723288311,102.00845772879464,49488377.55,1.0979479160556962,0.8704961199910672,0.030954949375901767
2024-08-31,2512.817138671875,2529.9697265625,2494.560302734375,2525.034912109375,16640863,-0.004870887967546311,-0.004882789405116543,2510.681103515625,2614.0150146484375,2623.664416503906,2588.1013562834232,2675.585427078364,-87.48407079494064,-91.99082760686969,4.506756811929051,42.531537264387964,2623.664416503906,2802.1061789810096,2445.2226540268025,0.13602483713590274,102.21137346540179,47374209.3,0.3512641845823905,0.5155925727840573,0.030691730196400435
2024-09-01,2426.720947265625,2514.609130859375,2402.095947265625,2512.817138671875,37829220,-0.03426281605662529,-0.03486354809757836,2504.327783203125,2594.39541015625,2608.734826660156,2563.2736010499157,2657.151021166309,-93.8774201163933,-92.36814610877443,-1.5092740076188704,36.813098874793845,2608.734826660156,2800.811259822035,2416.6583934982773,0.14725638742499983,104.34612165178571,46036760.05,0.8217176873201789,0.21886324083339923,0.02729403522834156
2024-09-02,2537.60986328125,2552.28955078125,2423.817138671875,2426.720947265625,41724754,0.04569495975240678,0.04468169763604264,2505.87587890625,2571.7631103515623,2600.4648315429686,2559.32533370089,2648.2961205822303,-88.97078688134025,-91.6886742632876,2.7178873819473495,44.58581845360908,2600.4648315429686,2789.671809132651,2411.257853953286,0.14551781304223046,108.13218470982143,45655590.9,0.9139023978769707,0.8857366553033984,0.029571288656966375
2024-09-03,2422.89697265625,2548.04931640625,2422.89697265625,2537.60986328125,40193431,-0.04520509329856981,-0.04625871894577658,2485.03232421875,2537.00341796875,2588.325817871094,2538.3363550786376,2631.599887402528,-93.26353232389056,-92.0036458754082,-1.2598864484823622,41.11496166300965,2588.325817871094,2790.6164655673465,2386.0351701748414,0.15631003353560585,107.73915318080357,46210452.8,0.8697908928518442,0.0,0.0309896279084412
2024-09-04,2447.94384765625,2486.59619140625,2276.092041015625,2422.846435546875,104862430,0.010337573278050183,0.010284505978807059,2469.59775390625,2507.009228515625,2582.156530761719,2524.429815475193,2617.995736310211,-93.565920835018,-92.31610086733016,-1.2498199676878414,39.81475902129482,2582.156530761719,2793.933065377554,2370.3799961458835,0.1640307487891624,114.76175362723214,48389672.9,2.167041513520956,0.8163820348129096,0.030253047150819362
2024-09-05,2367.51806640625,2464.94580078125,2351.04443359375,2447.94384765625,83007202,-0.032854422427623264,-0.03340624928329296,2440.537939453125,2475.609521484375,2570.910546875,2500.2895463876634,2599.4418348358436,-99.15228844818012,-93.68333838350017,-5.4689500646799445,36.769472430129944,2570.910546875,2803.275369775137,2338.545723974863,0.1807646113417533,119.30076381138393,49971563.35,1.6610887559914613,0.14463068545907304,0.03090905845263626
2024-09-06,2220.77685546875,2401.987548828125,2163.74658203125,2367.51806640625,233287152,-0.061981031114260676,-0.06398510748770242,2399.34912109375,2451.8384521484377,2551.3772705078127,2457.2875939386,2571.392577104948,-114.10498316634812,-97.76766734006978,-16.337315826278342,22.02860497261534,2551.3772705078127,2830.393774942214,2272.3607660734115,0.2187183429590303,124.13425990513393,60359676.05,3.8649503653192654,0.23938063298630913,0.03335295158320347
2024-09-07,2270.203857421875,2301.727294921875,2221.083251953125,2221.083251953125,44771362,0.02225662692377628,0.02201256292565816,2345.867919921875,2425.8718994140627,2533.835583496094,2428.5054806283347,2549.0823015728683,-120.57682094453367,-102.32949806096256,-18.2473228835711,25.3254953713961,2533.835583496094,2837.4420488876494,2230.2291181045384,0.23964180420313647,125.04050990513393,61148996.2,0.7321683883994812,0.6091039542957124,0.0339353103444764
2024-09-08,2294.930419921875,2327.767578125,2243.324951171875,2270.206787109375,89507866,0.010891780673864426,0.010832892443331184,2320.274609375,2402.653466796875,2517.15302734375,2407.9554712888794,2530.2562362653875,-122.30076497650816,-106.32375144407169,-15.977013532436473,27.706647037321943,2517.15302734375,2835.1642599925626,2199.1417946949377,0.25267532739906307,127.60878208705357,64030483.1,1.3978945912404024,0.6111305463357439,0.03410006050757686
2024-09-09,2358.85302734375,2372.2529296875,2275.4560546875,2294.930419921875,44981937,0.02785383245913442,0.02747297059974053,2302.4564453125,2386.027099609375,2505.85615234375,2400.4012491434746,2517.5597022711922,-117.15845312771762,-108.49069178080089,-8.667761346916734,34.081000411939996,2505.85615234375,2829.748468864247,2181.9638358232532,0.2585083076038164,128.10691615513392,61491325.25,0.7315167922812007,0.8615667876430343,0.03482655717031928
2024-09-10,2382.64892578125,2389.687255859375,2326.752197265625,2358.85302734375,42236134,0.010087910591146887,0.010037367254644944,2305.4826171875,2373.0102783203124,2493.512646484375,2397.6701224723633,2507.5663114200856,-109.8961889477223,-108.77179121418516,-1.124397733537137,45.342855266673205,2493.512646484375,2816.3764348570844,2170.648858111666,0.2589630245733204,114.00800432477679,60547923.2,0.6975653625721716,0.8881651937048388,0.034631297356673404
2024-09-11,2341.5263671875,2389.027587890625,2282.958984375,2382.64892578125,35206877,-0.017259176603311888,-0.017409852402025642,2329.63251953125,2364.4908203125,2479.443115234375,2389.0326216593076,2495.267056291746,-106.23443463243848,-108.26431989783582,2.02988526539734,37.98769578601693,2479.443115234375,2803.0869034912685,2155.7993269774815,0.26106167652594064,112.44173758370536,60304508.0,0.583818327478934,0.5521651164036564,0.034747174320452615
2024-09-12,2360.172119140625,2385.1689453125,2319.44384765625,2341.5263671875,39203889,0.007963075801499908,0.007931537828934292,2347.626171875,2346.7470458984376,2459.255078125,2384.592544348741,2485.260023910181,-100.66747956144036,-106.74495183055673,6.07747226911637,39.56412717841025,2459.255078125,2757.5591268288113,2160.951029421189,0.24259707856839788,111.34526715959821,59803046.2,0.6555500345064362,0.6196760892040344,0.032071577979751
2024-09-13,2442.921142578125,2455.46044921875,2337.3193359375,2360.172119140625,36609482,0.03506058849116056,0.034459964608942635,2377.22431640625,2348.749462890625,2442.8764404296876,2393.566174845569,2482.123810478177,-88.5576356326078,-103.10748859096695,14.549852958359153,45.332984376511845,2442.8764404296876,2702.7193893283893,2183.033491530986,0.21273523670562466,112.8038330078125,58907073.4,0.62147854047015,0.8938616176765476,0.03339935036076791
2024-09-14,2417.14990234375,2443.00732421875,2401.00341796875,2442.99853515625,19688398,-0.010549354125764965,-0.010605393026575316,2388.88369140625,2345.670068359375,2426.3396484375,2397.1944406145203,2477.3109283941453,-80.116487779625,-98.50928842869857,18.392800649073564,44.649917356635676,2426.3396484375,2642.951876188774,2209.7274206862257,0.17855062286169768,113.27486746651786,58440289.05,0.3368976834312903,0.3844043521822677,0.03341276588791037
2024-09-15,2319.1748046875,2426.920654296875,2302.790283203125,2417.14990234375,21159077,-0.04053331469481891,-0.041377685028066914,2376.1888671875,2340.8357421875,2408.2226318359376,2385.191419702671,2465.597141452912,-80.40572175024136,-94.88857509300713,14.482853342765779,44.064464127054784,2408.2226318359376,2593.285534291213,2223.159729380662,0.15369251995957742,114.10466657366071,57670352.15,0.3668969619773685,0.13199446145762808,0.03407911828238535
2024-09-16,2291.129150390625,2326.330078125,2259.10302734375,2319.4560546875,58735225,-0.01209294540462813,-0.012166659955715694,2366.109423828125,2347.8709716796875,2399.8547119140626,2370.7203013469716,2452.6735865594096,-81.953285212438,-92.30151711689332,10.348231904455318,35.02744070728005,2399.8547119140626,2590.401404464972,2209.308019363153,0.1587985235980676,109.72999790736607,57050985.2,1.0295216602149053,0.4763874462724965,0.029010387269840288
2024-09-17,2336.424072265625,2383.322021484375,2263.42578125,2291.127197265625,60259365,0.019769693850421932,0.019576811458979007,2361.359814453125,2354.4929931640627,2390.1824462890627,2365.4439584113798,2444.0625114265367,-78.61855301515698,-89.56492429654607,10.94637128138909,44.263365634257234,2390.1824462890627,2572.3979209008685,2207.966971677257,0.15246992956099145,109.35456194196429,56838671.4,1.0601825045474234,0.6088455389997082,0.02854013401162729
2024-09-18,2360.9130859375,2360.946044921875,2281.865234375,2336.424072265625,59971337,0.010481407875637894,0.01042685875673721,2344.958203125,2361.091259765625,2381.87236328125,2364.746901107706,2437.903294723645,-73.15639361593912,-86.28321816042468,13.126824544485558,44.222080309125616,2381.87236328125,2552.5902698909413,2211.1544566715584,0.14334765308289796,99.96718052455357,58210583.1,1.0302480031332997,0.9995832238675488,0.028710018161291092
2024-09-19,2464.095458984375,2483.138916015625,2361.03076171875,2361.03076171875,63233659,0.04370443522951728,0.042776341360103054,2354.347314453125,2371.6155029296874,2378.8213012695314,2380.031294627194,2439.8434550392544,-59.81216041206062,-80.98900661075187,21.17684619869125,56.22366105408961,2378.8213012695314,2540.7130034576685,2216.9295990813944,0.13611085633186365,100.56178501674107,58655483.0,1.078051970009351,0.8440443461835391,0.030554937642947096
2024-09-20,2556.097412109375,2569.00048828125,2443.4267578125,2464.095458984375,34345975,0.03733700851139932,0.03665686055120603,2401.7318359375,2388.9603515625,2380.985314941406,2407.1183896244524,2448.4548592666706,-41.33646964221816,-73.05849921704514,31.722029574826976,73.24902694096374,2380.985314941406,2551.3537462322715,2210.616883650541,0.14310750278193798,92.51412527901786,59540738.6,0.5768483194462757,0.8972470107188661,0.03169358547785576
2024-09-21,2617.14404296875,2618.87353515625,2530.97900390625,2556.097412109375,18043705,0.023882748196594417,0.02360201634700202,2466.934814453125,2416.522119140625,2390.5064697265625,2439.430028600498,2460.950354355714,-21.52032575521571,-62.75086452467925,41.23053876946354,73.6732210021713,2390.5064697265625,2590.367900827406,2190.645038625719,0.167212625133539,93.0101318359375,58551462.85,0.3081683039452873,0.9803230966397215,0.030913572777836008
2024-09-22,2580.934326171875,2622.246337890625,2536.17724609375,2617.0908203125,24650880,-0.01383558421026021,-0.013932187986932801,2515.836865234375,2438.59833984375,2392.6726928710937,2461.199920534556,2469.838055971726,-8.638135437170149,-51.92831870717743,43.29018327000728,69.21417319838423,2392.6726928710937,2600.04539064203,2185.2999951001575,0.173339795609151,93.12630789620536,57697769.15,0.4272414750718313,0.5200133885292131,0.029548020754083176
2024-09-23,2648.2705078125,2692.05126953125,2549.658935546875,2580.94384765625,39768779,0.026089846982081166,0.025755313072509185,2573.308349609375,2459.1332763671876,2403.941369628906,2489.980010885009,2483.0552746265985,6.924736258410576,-40.15770771405983,47.08244397247041,69.35473021512257,2403.941369628906,2640.648336753655,2167.2344025041575,0.19693239620173336,96.38312639508929,57676536.55,0.6895139926705602,0.6925342783518142,0.027901299488100367
2024-09-24,2656.958984375,2668.883056640625,2603.618896484375,2648.272705078125,31309287,0.0032808115850961883,0.0032754414651299606,2611.8810546875,2483.1141845703123,2414.392126464844,2515.669083729623,2495.937030904258,19.732052825364917,-28.17975560617488,47.9118084315398,68.7227384221612,2414.392126464844,2676.3847833671707,2152.399469562517,0.217025771439983,96.54949079241071,53998879.4,0.5798136433179389,0.8172952468054392,0.02787259739691156
2024-09-25,2577.81591796875,2667.010986328125,2563.077392578125,2656.958984375,30841741,-0.029787086240951832,-0.030239732850359972,2616.224755859375,2508.9782958984374,2424.907019042969,2525.2301351510273,2502.0021336497757,23.228001501251583,-17.898204184689586,41.12620568594117,65.33194647390039,2424.907019042969,2695.710743689113,2154.103294396825,0.22335184196301378,96.39699009486607,51390606.35,0.60014355133212,0.1418071372058847,0.027664027401944683
2024-09-26,2632.217041015625,2661.557861328125,2571.395263671875,2577.81591796875,29778099,0.02110357169713728,0.020883975464861638,2619.23935546875,2543.0870849609373,2445.4790283203124,2541.6896591301966,2511.647682343543,30.041976786653777,-8.310167990420911,38.352144777074685,66.86923547859871,2445.4790283203124,2713.486802090481,2177.471254550144,0.2191863194625315,98.14252580915179,41215153.7,0.722503650398858,0.6745788044937512,0.02297560446064963
2024-09-27,2695.804443359375,2721.340087890625,2617.356689453125,2632.217041015625,30880227,0.024157355321738683,0.023870182118090357,2642.21337890625,2579.0251220703126,2466.7590576171874,2565.3996259346854,2525.2889239002716,40.11070203441386,1.3740060145460467,38.736696019867814,66.0627554849795,2466.7590576171874,2743.609169923617,2189.9089453107576,0.22446465653103417,97.13126046316964,40520596.95,0.7620871686096914,0.7544257552407018,0.023038106221151915
2024-09-28,2672.630615234375,2701.18505859375,2656.283935546875,2695.804443359375,31232821,-0.008596257114303896,-0.008633418049051912,2647.085400390625,2610.196875,2485.6440673828124,2581.896701211561,2536.203123258353,45.69357795320775,10.237920402278391,35.45565755092936,66.28146256201339,2485.6440673828124,2764.662487026031,2206.6256477395937,0.22450392097932442,97.33820452008929,37606844.7,0.8305089472183237,0.36405948391968096,0.023358452117359093
2024-09-29,2656.68603515625,2677.45947265625,2636.260986328125,2672.630615234375,31034199,-0.005965874965002116,-0.005983741893734402,2647.030810546875,2629.4559326171875,2500.5357177734377,2593.402752587667,2545.1277833989384,48.27496918872839,17.845330159568395,30.429639029159997,74.02061561899679,2500.5357177734377,2782.8337069358577,2218.2377286110177,0.2257900074419155,91.41449846540179,36909457.8,0.8408196936450256,0.49577182667567327,0.02306061559805483
2024-09-30,2602.727783203125,2658.520751953125,2586.17919921875,2656.68603515625,45580321,-0.020310360817608397,-0.02051945218772521,2652.01318359375,2634.1189697265627,2511.539660644531,2594.837372682353,2549.3944500511,45.44292263125271,23.364848653905263,22.07807397734745,71.38756375340928,2511.539660644531,2791.63811028823,2231.441211000832,0.2230491949084475,91.77982003348214,37076667.15,1.2293532429869443,0.2287562729383322,0.02378238729688322
2024-10-01,2449.16259765625,2649.552978515625,2421.083984375,2602.727783203125,59843617,-0.0590016314952021,-0.06081387318699805,2615.402294921875,2617.3208251953124,2516.9214721679687,2572.4258688321834,2541.969868392222,30.45600043996137,24.783079011116488,5.672921428844884,56.736869962596685,2516.9214721679687,2787.230855232432,2246.6120891035052,0.2147936564994461,99.53501674107143,38308504.15,1.5621496669689203,0.12289901036960112,0.027371318826641018
2024-10-02,2366.608642578125,2493.946044921875,2355.02001953125,2449.16259765625,75781582,-0.03370701282027,-0.03428819139767265,2549.563134765625,2595.8882568359377,2517.243298339844,2540.761680177713,2528.9801479615485,11.781532216164578,22.182769652126108,-10.40123743596153,50.318261228772926,2517.243298339844,2786.781124156516,2247.705472523172,0.21415317779925036,103.80967494419643,40137388.8,1.8880546110662786,0.0834157819851,0.028504725853081978
2024-10-03,2348.483154296875,2399.053955078125,2311.83056640625,2366.608642578125,50296168,-0.007658844793833164,-0.0076883243617060235,2484.733642578125,2565.909521484375,2512.5213989257813,2511.180368503738,2515.610000282684,-4.429631778945804,16.860289365911726,-21.28992114485753,42.86110982133327,2512.5213989257813,2790.7113433284844,2234.3314545230783,0.22144284583736648,101.30950055803571,40821723.1,1.232093213625272,0.420215133171516,0.02735809165393221
2024-10-04,2414.410888671875,2436.698486328125,2340.86865234375,2348.483154296875,37957459,0.028072474888472643,0.02768566541217723,2436.27861328125,2541.6547119140623,2512.3844482421873,2496.292756221913,2508.1137697929944,-11.821013571081494,11.12402877851308,-22.945042349594573,40.959967948937624,2512.3844482421873,2790.7747041569605,2233.994192327414,0.22161437602398112,99.1849365234375,41735176.15,0.9094836179336456,0.7674252710532898,0.028048374193862784
2024-10-05,2414.23291015625,2426.044677734375,2390.677734375,2414.410888671875,17079794,-7.371508986309117e-05,-7.371780695385581e-05,2398.579638671875,2525.2964111328124,2517.137353515625,2483.668164519503,2501.1596320421245,-17.491467522621406,5.4009295182861825,-22.89239704090759,35.96339881644013,2517.137353515625,2784.672828857232,2249.6018781740177,0.2125712170358498,95.43296595982143,41531212.0,0.4112520000620256,0.6660223795773919,0.026354731929507758
2024-10-06,2437.518798828125,2452.093017578125,2407.00634765625,2414.23291015625,12625137,0.009645253601636927,0.00959903509825401,2396.25087890625,2505.8265869140623,2524.4568359375,2476.568262105445,2496.445496248495,-19.877234143050373,0.3452967860188701,-20.222530929069244,39.89845317001098,2524.4568359375,2773.3153901836245,2275.598281691375,0.19715809809337206,92.50565011160714,39225707.6,0.32185874449336893,0.6767510489902817,0.02617570848410411
2024-10-07,2424.6142578125,2513.892333984375,2424.6142578125,2437.518798828125,55055755,-0.005294129842948969,-0.00530819340652749,2407.852001953125,2478.707568359375,2528.866345214844,2468.5753383680685,2491.124663771755,-22.549325403686453,-4.2336276519221965,-18.315697751764255,32.93839992371507,2528.866345214844,2766.57186841229,2291.160822017398,0.18799374165996208,88.71177455357143,38965527.1,1.4129349478246889,0.0,0.02595124192055206
2024-10-08,2443.497314453125,2451.45166015625,2409.560546875,2424.72216796875,65761882,0.0077880663201499445,0.007757895876678724,2426.854833984375,2455.79423828125,2532.995556640625,2464.7171808426924,2487.596711970375,-22.87953112768264,-7.9628083470742865,-14.916722780608353,33.96549112410409,2532.995556640625,2761.091642684045,2304.8994705972054,0.1800998706416455,87.04227120535714,39255054.35,1.6752462348838908,0.8101185409463333,0.02591283583644024
2024-10-09,2366.693359375,2464.137451171875,2353.87744140625,2438.235595703125,50069310,-0.0314319785104058,-0.031936564745308184,2417.311328125,2426.794970703125,2528.125451660156,2449.636592924586,2478.6409080744215,-29.004315149835747,-12.17110970762658,-16.833205442209167,34.08527087271722,2528.125451660156,2766.3500273213185,2289.900875998994,0.18845945758326693,87.49415806361607,38596836.9,1.2972386864168137,0.1162336008751488,0.024984662448393466
2024-10-10,2378.941650390625,2411.90185546875,2333.331298828125,2366.693359375,35581419,0.005175275862040474,0.005161930147283251,2410.253076171875,2404.416357421875,2519.2676635742187,2438.760447919361,2471.2557778756222,-32.49532995626123,-16.235953757353514,-16.259376198907717,29.612057275596555,2519.2676635742187,2766.1305801160506,2272.4047470323867,0.19597990329586054,86.66615513392857,38658609.1,0.9204009101300026,0.5805018254524125,0.023318294495478273
2024-10-11,2435.90869140625,2465.314453125,2378.06494140625,2378.941650390625,30333079,0.02394638010825978,0.023664162070789547,2409.9310546875,2403.090966796875,2510.2058959960937,2438.321716148113,2468.6374751741873,-30.315759026074375,-19.05191481109769,-11.263844214976686,28.853751957134335,2510.2058959960937,2755.23985406873,2265.1719379234573,0.19523016694644688,85.47087751116071,39273077.8,0.7723631734307312,0.6629693261760643,0.023322205935745802
2024-10-12,2476.458251953125,2482.541015625,2435.083251953125,2435.90869140625,35373314,0.016646584779606677,0.016509549080327184,2420.299853515625,2414.075927734375,2504.9820922851563,2444.1888755027303,2469.216791972627,-25.02791646989681,-20.247115142857513,-4.7808013270392955,34.477468121243604,2504.9820922851563,2748.1144681979013,2261.8497163724114,0.19411905311542466,85.65349469866071,39809199.5,0.8885713464296111,0.8718278483864144,0.023593286125823995
2024-10-13,2465.364501953125,2481.322021484375,2437.315673828125,2476.458251953125,15030539,-0.004479683835271864,-0.004489747685395056,2424.673291015625,2425.7640625,2495.8367919921875,2447.4466641874064,2468.931437156368,-21.48477296896135,-20.49464670807828,-0.9901262608830699,34.74418649924564,2495.8367919921875,2729.864984680271,2261.808599304104,0.18753485279081983,85.85405622209821,38572287.5,0.3896719633234093,0.6373814145569645,0.022663526060484645
2024-10-14,2628.402099609375,2648.9384765625,2449.83203125,2465.364501953125,81583930,0.06613123435787593,0.06403642732007259,2477.0150390625,2447.16318359375,2494.4089477539064,2475.2859619446326,2480.7440788195536,-5.458116874920961,-17.48734074144682,12.029223866525857,51.7438852413998,2494.4089477539064,2724.615308836196,2264.2025866716167,0.1845778827000916,94.90869140625,41086019.65,1.985685902284769,0.8968572969606208,0.027474426391121465
2024-10-15,2602.862548828125,2673.2265625,2553.38134765625,2628.384033203125,41588509,-0.00971675938968608,-0.009764275146187563,2521.79921875,2466.0261474609374,2495.661279296875,2494.9131291574777,2489.7898914127813,5.1232377446963255,-12.965225044218188,18.088462788914512,62.6377535309348,2495.661279296875,2728.0403686101126,2263.282189983637,0.18622646529877482,87.14985002790179,41623358.05,0.999162752559317,0.412875901906122,0.026691560236219596
2024-10-16,2610.056640625,2641.886962890625,2590.0419921875,2602.862548828125,42007348,0.0027639153669922756,0.0027601027764170916,2556.62880859375,2483.279931640625,2494.553259277344,2512.6275155370963,2498.6985395025754,13.928976034520929,-7.586384828470365,21.515360862991294,72.84873220576354,2494.553259277344,2724.3881949801867,2264.718323574501,0.1842694156543481,80.92977469308036,42234820.5,0.9946141004671726,0.3860480228303634,0.026269796214184644
2024-10-17,2601.403564453125,2644.359619140625,2586.325439453125,2610.054931640625,33440198,-0.0033152829088808344,-0.003320790635748029,2581.61787109375,2500.9588623046875,2489.833215332031,2526.285369216486,2506.306319128542,19.97905008794396,-2.0732978451874984,22.052347933131458,74.16747461155659,2489.833215332031,2705.72004545866,2273.9463852054023,0.1734146920341725,78.84483119419643,42362819.05,0.7893761262802458,0.2598145623595251,0.02564573545110363
2024-10-18,2640.741455078125,2670.8291015625,2595.63134765625,2601.490478515625,30319246,0.015121794696729252,0.015008600070056213,2616.69326171875,2520.6832763671873,2488.2387573242186,2543.893997810584,2516.2644773470297,27.6295204635544,3.8672658165608835,23.762254646993515,72.78451581951508,2488.2387573242186,2698.847597914652,2277.629916733785,0.1692834660423955,77.37111118861607,42317140.3,0.7164767227902685,0.5998863672459617,0.02584641493037007
2024-10-19,2649.075439453125,2657.5849609375,2630.8720703125,2640.741455078125,19797771,0.0031559259082232227,0.0031509564268523403,2620.8279296875,2548.921484375,2487.8582275390627,2560.0757580632826,2526.1023263919255,33.97343167135705,9.88849898752012,24.08493268383693,73.25946069069776,2487.8582275390627,2697.209332568709,2278.507122509416,0.1682982596936259,76.75296456473214,41755318.9,0.47413770320887194,0.6814451266002047,0.025821330257046526
2024-10-20,2743.870361328125,2750.1376953125,2636.8525390625,2649.075439453125,34148732,0.03578415339299257,0.035158775984457914,2649.0294921875,2585.41435546875,2494.9153564453127,2588.351850873258,2542.2332919427554,46.118558930502786,17.134510976116655,28.98404795438613,76.57726922676129,2494.9153564453127,2728.664475690339,2261.1662372002866,0.18738040041411705,81.62428501674107,41183739.45,0.8291799738452356,0.944676476589829,0.026516480739940534
2024-10-21,2666.285888671875,2763.236328125,2656.8349609375,2743.875244140625,56831181,-0.028275560591243254,-0.028683013265670552,2660.275341796875,2608.4520751953123,2505.771520996094,2600.341702842276,2551.4223731819493,48.91932966032664,23.491474712958656,25.427854947367983,68.85051662024594,2505.771520996094,2750.4844609915995,2261.058581000588,0.19531943590629314,82.84737723214286,41033117.65,1.3850076293191433,0.08882336743692762,0.02344925264330595
2024-10-22,2618.4248046875,2667.9892578125,2608.051025390625,2666.285888671875,37301465,-0.017950469673083558,-0.01811353368485262,2663.67958984375,2622.64873046875,2518.3623291015624,2603.123718510772,2556.3855162564346,46.738202254337466,28.14082022123442,18.597382033103045,63.05430458653282,2518.3623291015624,2758.802668950994,2277.921989252131,0.1909497589532398,84.13645717075893,39109111.8,0.9537793952150047,0.17307449479204612,0.022335807565297208
2024-10-23,2508.86181640625,2622.825439453125,2461.450439453125,2618.4248046875,51396892,-0.04184309134450248,-0.04274372668242122,2637.303662109375,2626.9984619140623,2526.3812622070313,2588.6218874177684,2552.8652421934585,35.75664522430998,29.663985221849533,6.092660002460445,60.11503221471754,2526.3812622070313,2753.282657820553,2299.4798665935095,0.17962561629775714,87.78752790178571,39164148.0,1.312345464530468,0.2937962940367903,0.02457545561577242
2024-10-24,2532.318603515625,2555.554931640625,2509.395751953125,2522.212646484375,76613384,0.009349573163409675,0.009306136437572577,2613.952294921875,2617.3901123046876,2532.276647949219,2579.959843740515,2551.3432689580636,28.616574782451607,29.45450313396995,-0.8379283515183431,60.741182488900314,2532.276647949219,2752.9707357412576,2311.58256015718,0.174304879343076,85.51056780133929,41096944.25,1.8642112059219584,0.49660439619427443,0.02394231604105107
2024-10-25,2428.26025390625,2556.9228515625,2383.41015625,2532.311279296875,52761841,-0.0410921238207983,-0.04196027109129357,2550.8302734375,2599.9298828125,2532.9780151367186,2556.6214453044745,2542.226008583855,14.395436720619273,26.442689851299814,-12.047253130680541,49.4975129070277,2532.9780151367186,2752.1766415798525,2313.7793886935847,0.17307582231920995,91.67222377232143,42881046.6,1.2304233497882955,0.2584830900868043,0.025867890743988726
2024-10-26,2479.621826171875,2495.654541015625,2427.85009765625,2428.572021484375,24616618,0.021151592866951452,0.02093100305539612,2513.4974609375,2586.8864013671873,2535.0831665039063,2544.7753500533054,2537.5886617385236,7.186688314781804,22.591489543996214,-15.40480122921441,50.20492918097914,2535.0831665039063,2751.2088450440947,2318.957487963718,0.17050776195105574,93.12555803571429,43480620.65,0.5661514861563964,0.7635447758724403,0.026205276402571177
2024-10-27,2507.42041015625,2517.851318359375,2463.611083984375,2479.621826171875,21274473,0.011210815976439248,0.011148440532484058,2491.29658203125,2577.4880859375,2539.2234741210937,2539.028436222989,2535.3539764361326,3.6744597868564597,18.808083592568263,-15.133623805711803,52.666576470672005,2539.2234741210937,2749.5330067774557,2328.9139414647316,0.16564869913953276,93.85654994419643,41791556.55,0.5090615128093381,0.8076905763517563,0.026250484226062333
2024-10-28,2565.07568359375,2577.914306640625,2472.921630859375,2507.42041015625,38670705,0.0229938598266044,0.02273348482694523,2502.53935546875,2569.9215087890625,2545.302392578125,2543.0357050492603,2537.555584373734,5.48012067552645,16.1424910091599,-10.66237033363345,45.365405486147765,2545.302392578125,2750.938118967676,2339.666666188574,0.16158058625110053,87.13413783482143,40436997.7,0.9563198852421231,0.8777188698152509,0.026644014959186155
2024-10-29,2634.832763671875,2673.1416015625,2560.19970703125,2565.07568359375,57052777,0.027194940299146708,0.02683172822019259,2523.0421875,2568.4972412109373,2558.709362792969,2557.1583294527395,2544.761301358781,12.397028093958397,15.3933984261196,-2.9963703321612023,52.19753701326946,2558.709362792969,2749.760918494815,2367.657807091123,0.14933431555767093,86.64104352678571,40786171.05,1.3988265024941586,0.6608093209678417,0.025898126986892048
2024-10-30,2656.135009765625,2714.115478515625,2606.00537109375,2634.872314453125,45560184,0.008084856992617295,0.008052349630364754,2568.617138671875,2559.7237060546877,2572.5690307617188,2572.3855110393374,2553.011205685214,19.374305354123408,16.189579811720364,3.1847255424030436,53.10702840949685,2572.5690307617188,2748.3151567431587,2396.822904780279,0.13663083390955913,90.65998186383929,41285109.3,1.1035500395296278,0.46369058233952754,0.02590320974287929
2024-10-31,2514.955078125,2667.01416015625,2503.8359375,2655.91015625,32254871,-0.053152392902303,-0.054617120500689516,2575.6837890625,2544.590625,2576.521350097656,2563.5500598217473,2550.1922332733466,13.35782654840068,15.623229159056427,-2.2654026106557463,45.05468998117086,2576.521350097656,2742.617537455946,2410.425162739366,0.1289305732723656,98.17027064732143,41381198.9,0.7794571413444477,0.06814108183873338,0.028657765252258688
2024-11-01,2512.095947265625,2579.647705078125,2476.052978515625,2514.955078125,59238262,-0.0011368516615838375,-0.0011374983676197443,2576.618896484375,2533.9577392578126,2578.3032348632814,2555.634042505421,2547.3702861616634,8.26375634375745,14.151334595996632,-5.887578252239182,42.320280108386925,2578.3032348632814,2740.600712266572,2416.005757459991,0.12589479407133938,100.19862583705357,42574446.3,1.3914041672457407,0.3479228136653809,0.02845418075007143
2024-11-02,2489.240234375,2521.41064453125,2476.73828125,2512.105712890625,21976222,-0.009098264306147685,-0.00913990628509834,2561.451806640625,2531.9955810546876,2579.497021484375,2545.4196104853563,2543.064356399688,2.3552540856680935,11.792118493930925,-9.436864408262831,40.62096991163425,2579.497021484375,2738.6168347990633,2420.377208169687,0.1233727443679097,101.4814453125,42921730.45,0.5120068964973429,0.2798587807743936,0.028520503953098752
2024-11-03,2455.124755859375,2493.995361328125,2416.595947265625,2489.240234375,28927991,-0.013705177204075936,-0.013799960152944418,2525.510205078125,2524.2761962890627,2570.833154296875,2531.5280943890516,2536.5503119152204,-5.022217526168788,8.429251289910983,-13.451468816079771,31.757490876447193,2570.833154296875,2737.4346631651333,2404.2316454286165,0.12960896244067932,98.91817801339286,40288933.5,0.7180133224425015,0.4977919930719383,0.024158875205735727
2024-11-04,2395.390625,2485.30029296875,2361.214111328125,2455.124755859375,30172909,-0.024330385132899757,-0.02463125923374943,2473.361328125,2520.9892333984376,2560.4595581054687,2510.5838683291972,2526.094038810389,-15.510170481191835,3.6413669356904177,-19.151537416882253,32.490314802453526,2560.4595581054687,2743.672558741513,2377.2465574694243,0.1431094664675017,100.18137904575893,39718153.5,0.7596755221765281,0.2754256212678204,0.02458599316187871
2024-11-05,2423.901611328125,2476.02099609375,2382.16943359375,2395.390625,42404686,0.011902437135122845,0.011832160224955755,2455.150634765625,2515.4172119140626,2551.151806640625,2497.248136482878,2518.524229367258,-21.276092884379977,-1.342125028323663,-19.933967856056313,37.10414578098087,2551.151806640625,2742.4899116835677,2359.8137015976827,0.15000134805376233,102.603759765625,39738020.4,1.067106151065341,0.44466151248071534,0.024799459332904013
2024-11-06,2721.416015625,2737.391357421875,2421.93115234375,2423.908935546875,63975521,0.12274194748930345,0.1157738608284416,2497.0146484375,2536.8167724609375,2557.1524291992187,2531.735502504743,2533.5532505715355,-1.8177480667923192,-1.4372496360173943,-0.38049843077492485,61.28015804778644,2557.1524291992187,2762.165033111005,2352.1398252874324,0.1603444531274866,113.60984584263393,41264786.55,1.5503659742061602,0.9493586146550174,0.037558290308020284
2024-11-07,2895.16845703125,2914.557861328125,2703.448486328125,2721.226806640625,58667902,0.06384633602824819,0.06189095946364953,2578.20029296875,2569.8260498046875,2569.873779296875,2587.6482647395906,2560.3395621611444,27.308702578446173,4.311940806875321,22.996761771570853,66.60707976428347,2569.873779296875,2822.7204570871936,2317.0271015065564,0.196777506994525,125.35386439732143,42682219.35,1.3745279156858088,0.9081546979808142,0.03989969900005275
2024-11-08,2959.96875,2967.88818359375,2892.763671875,2895.16845703125,205408969,0.022382218489350736,0.0221354125585057,2679.169091796875,2602.3396484375,2585.4184448242186,2644.9283393950386,2589.941724223282,54.98661517175651,14.446875679851564,40.539739491904946,75.24258813842522,2585.4184448242186,2891.408744773619,2279.428144874818,0.23670466230483228,118.32613699776786,51962779.25,3.9530019749665333,0.8945825613836337,0.04007549217029321
2024-11-09,3131.31201171875,3151.7685546875,2958.588623046875,2959.96875,30348238,0.05788684820363388,0.0562733789488485,2826.353369140625,2649.8573486328123,2604.79052734375,2719.756596675609,2630.0432270007245,89.71336967488469,29.500174478858195,60.21319519602649,77.77454295127026,2604.79052734375,2991.4441945720123,2218.1368601154877,0.29687889538093076,127.28152901785714,51772754.55,0.5861816367273045,0.8941062728205814,0.041219686417368874
2024-11-10,3189.29833984375,3240.742919921875,3107.378173828125,3131.31201171875,70438048,0.01851822108687662,0.01834884664436003,2979.43271484375,2717.2916748046873,2630.9411499023436,2791.9937879322465,2671.4695316557636,120.5242562764829,47.70499083838315,72.81926543809976,78.33209237592285,2630.9411499023436,3097.579887553619,2164.3024122510683,0.35473141439792083,132.93327985491072,52453097.9,1.342876795080582,0.6142565288722994,0.04040767308659383
2024-11-11,3374.678466796875,3396.35107421875,3113.459228515625,3189.29833984375,92749255,0.058125677562735456,0.056499114247867334,3110.085205078125,2803.5499267578125,2668.7538330078123,2881.6375846806513,2723.5590824069573,158.07850227369408,69.77969312544535,88.29880914824874,80.4112358590215,2668.7538330078123,3241.5977425064416,2095.909923509183,0.4292969268379519,145.64036342075892,55225487.4,1.6794646705100877,0.9233890698502043,0.04123531646781413
2024-11-12,3249.96923828125,3432.049560546875,3215.801513671875,3374.079345703125,93332926,-0.03695440313577325,-0.037654519536261616,3181.045361328125,2879.6228271484374,2705.8092041015625,2938.3039929268975,2762.5524272865346,175.75156564036297,90.97406762842888,84.77749801193409,72.19037084073497,2705.8092041015625,3328.7896577785978,2082.8287504245272,0.4604762617650196,153.01937430245536,57322289.1,1.6282135180815729,0.1580024656941539,0.04090281497822734
2024-11-13,3187.377685546875,3331.088623046875,3120.476806640625,3249.96923828125,60859224,-0.019259121593248274,-0.019446994566109387,3226.5271484375,2952.8481201171876,2738.562158203125,2976.62302256074,2794.020964935449,182.6020576252913,109.29966562780139,73.30239199748992,68.60962623555596,2738.562158203125,3391.3055446615276,2085.818771744722,0.47670518231851455,160.34092494419642,56534581.1,1.0764955327492467,0.3176501681844295,0.041561439548624485
2024-11-14,3052.011962890625,3235.58154296875,3035.677001953125,3187.402099609375,109007477,-0.04246930737768051,-0.04339750348304917,3210.667138671875,3018.51025390625,2769.7497436523436,2988.22132107303,2813.1314092284247,175.08991184460547,122.45771487116221,52.63219697344326,68.89024911975716,2769.7497436523436,3419.666557634589,2119.832929670098,0.4692964160186036,162.9642333984375,59346862.9,1.8367858328700304,0.08171380626819319,0.04165570394741067
2024-11-15,3096.156005859375,3124.0751953125,3015.025634765625,3052.15771484375,102396047,0.014463915445121822,0.014360310843973207,3192.038671875,3085.735693359375,2800.576452636719,3004.826657194006,2834.0961941640508,170.73046302995544,132.11226450292088,38.618198527034565,69.96371947331984,2800.576452636719,3451.0374193818398,2150.115485891598,0.4645193428893665,163.35386439732142,63235834.35,1.6192724908673557,0.743977056665316,0.04160769608601981
2024-11-16,3131.72216796875,3211.104248046875,3071.615966796875,3086.28369140625,86216124,0.011487199624975908,0.01142172270127541,3143.447412109375,3126.76630859375,2831.791540527344,3024.3490434670434,2856.1425625940283,168.20648087301515,139.33110777693975,28.875373096075407,71.77145943234169,2831.791540527344,3482.9365828675063,2180.6464981871814,0.45988204500314633,170.12642996651786,66482916.9,1.2968162051265233,0.4309050239126518,0.04160747925309982
2024-11-17,3075.1669921875,3155.057861328125,3042.4013671875,3131.724853515625,103864245,-0.018058810056554853,-0.01822386046232973,3108.486962890625,3144.766162109375,2857.296105957031,3032.1671894240367,2872.3665944157674,159.80059500826928,143.42500522320566,16.375589785063625,70.69630627325458,2857.296105957031,3504.4008268819325,2210.19138503213,0.45294900978291025,172.64479282924108,69742593.9,1.489251247937883,0.290845416831376,0.04204565516655795
2024-11-18,3205.973876953125,3218.788330078125,3052.37744140625,3075.1669921875,97764327,0.042536514308959994,0.04165669979346216,3112.206201171875,3169.3666748046876,2885.853161621094,3058.906679813127,2897.0782449740905,161.82843483903662,147.10569114637187,14.72274369266475,75.83076813678116,2885.853161621094,3541.9681403153018,2229.738182926886,0.4547112704276631,175.66798618861608,71778171.4,1.3620342381695167,0.9229951042476722,0.04251466823246802
2024-11-19,3110.5634765625,3217.906982421875,3072.46728515625,3206.19384765625,75278013,-0.02976019270665442,-0.030212014025770884,3123.91650390625,3167.2918212890627,2908.5745849609375,3066.8538793130306,2912.891965832491,153.96191348053935,148.47693561320537,5.484977867333981,70.98694728786451,2908.5745849609375,3562.6648161089033,2254.4843538129717,0.44976686142415034,179.35285295758928,73264062.85,1.0274889225584356,0.2619380548768148,0.04346826161007054
2024-11-20,3069.798828125,3155.08154296875,3034.72509765625,3110.5634765625,94694457,-0.013105229565206988,-0.013191860800084691,3118.645068359375,3155.3418701171877,2936.3167724609375,3067.3069483610257,2924.514696372677,142.79225198834865,147.33999888823402,-4.547746899885368,62.6301046572679,2936.3167724609375,3566.751210117612,2305.882334804263,0.4294049222273149,165.4168701171875,76386042.15,1.2396827265123591,0.291415473220138,0.04133431824657908
2024-11-21,3360.171630859375,3383.6943359375,3036.9189453125,3069.857421875,147668725,0.09459017316510332,0.09038002212946454,3164.3349609375,3153.8911865234377,2978.720556640625,3112.3630533607716,2956.785580408729,155.57747295204263,148.98749370099574,6.589979251046884,65.54366296309172,2978.720556640625,3603.0693154664673,2354.371797814783,0.41920599596625285,175.1072998046875,80807565.3,1.8274121296907828,0.9321673171644296,0.04523737569394477
2024-11-22,3327.943115234375,3423.550048828125,3275.142333984375,3360.199951171875,94501239,-0.0095913301954631,-0.009637623248705563,3214.890185546875,3161.68857421875,3020.6557006835938,3145.5292167259413,2984.2787311365546,161.2504855893867,151.44009207867393,9.810393510712771,62.57408812973138,3020.6557006835938,3618.6872618120824,2422.624139555105,0.39596142055723216,180.34181431361608,84433816.15,1.1192344881358296,0.35578191674221993,0.04525166873640342
2024-11-23,3396.6806640625,3496.110107421875,3320.635498046875,3327.943115234375,82113232,0.020654664592511862,0.020444249444532672,3253.03154296875,3182.6188720703126,3067.73349609375,3184.1679009315653,3014.8270224644025,169.34087846716284,155.02024935637172,14.320629110791117,59.75176096015572,3067.73349609375,3625.1790706132797,2510.2879215742205,0.3634250336473778,179.0771484375,87093078.2,0.9428215616795136,0.4333684872252836,0.044731284649522494
2024-11-24,3360.260009765625,3447.460205078125,3292.025390625,3396.67919921875,68298610,-0.010722425184743534,-0.01078032463932566,3302.970849609375,3213.4436767578127,3115.9769653320313,3211.2589945983436,3040.414651153382,170.84434344496185,158.18506817408976,12.659275270872087,56.38367601298361,3115.9769653320313,3589.045254388585,2642.908676275478,0.3036404275897107,180.65358189174108,88999363.25,0.7674056027586242,0.4389918653443809,0.044164948893477815
2024-11-25,3418.664794921875,3538.935302734375,3313.926513671875,3360.260009765625,113725486,0.01738103152330872,0.017231709162849315,3372.74404296875,3245.6945556640626,3165.715124511719,3243.167579263502,3068.4331803214186,174.73439894208332,161.4949343276885,13.23946461439482,51.814500534979956,3165.715124511719,3528.799445881686,2802.6308031417516,0.22938534080887618,176.51907784598214,92565403.25,1.2285960197553614,0.46548528918242527,0.04414237938094599
2024-11-26,3325.904052734375,3456.632568359375,3261.406982421875,3418.575927734375,119760086,-0.027133617289793355,-0.02750853129267359,3365.89052734375,3265.112744140625,3195.9395263671877,3255.8962674897903,3087.5050967964526,168.3911706933377,162.87418160081836,5.5169890925193386,53.21722342888457,3195.9395263671877,3498.970555257653,2892.9084974767225,0.18963502055679973,175.01747349330358,95354631.5,1.2559440911897395,0.3303720155299958,0.03772185433664891
2024-11-27,3660.118896484375,3681.106201171875,3307.55810546875,3325.904052734375,150785991,0.10048842012601855,0.09575409955375162,3432.32568359375,3323.6079345703124,3234.187048339844,3318.084364258188,3129.920933810373,188.16343044781524,167.93203137021774,20.2313990775975,66.28173779677721,3234.187048339844,3568.827110743557,2899.5469859361306,0.20693921372017673,186.65577915736608,99960535.95,1.508455207517322,0.9438163252915691,0.04116917867591873
2024-11-28,3580.141357421875,3661.010498046875,3534.957275390625,3660.004638671875,112624140,-0.021851076788603874,-0.02209334731742361,3469.017822265625,3361.0246826171874,3265.1956787109375,3358.4008247449096,3163.270594818632,195.13022992627748,173.3716710814297,21.758558844847784,68.91086823871277,3265.1956787109375,3607.6886658583917,2922.7026915634833,0.20978405023656443,181.38068498883928,95321294.5,1.1815213021472342,0.35845241458747545,0.041797817392208295
2024-11-29,3592.688720703125,3644.4111328125,3542.186279296875,3580.085205078125,59876409,0.003504711693921969,0.0034985845037432623,3515.503564453125,3409.23720703125,3288.264514160156,3394.445116430789,3195.07934488415,199.36577154663883,178.57049117447153,20.795280372167298,68.19110246883324,3288.264514160156,3654.1420612772517,2922.3869670430604,0.2225353499035908,180.89320591517858,96797703.05,0.6185726222147169,0.4940329055457185,0.040284882715289974
2024-11-30,3708.5712890625,3735.488037109375,3576.359619140625,3592.688720703125,106150034,0.032255109576177166,0.03174583571240469,3573.48486328125,3473.114453125,3314.228161621094,3442.77221991259,3233.1157851936573,209.65643471893281,184.7876798833638,24.868754835569007,69.95901042495557,3314.228161621094,3721.8519727461344,2906.6043504960535,0.24598415754554373,182.29607282366072,98583302.35,1.0767546985100567,0.8308488929961619,0.04059597770815874
2024-12-01,3710.36279296875,3740.03857421875,3663.389892578125,3708.5712890625,85572824,0.0004830711793335496,0.00048295453801392634,3650.376611328125,3508.1335693359374,3331.0123779296873,3483.940000382768,3268.4674153992196,215.4725849835486,190.9246609034008,24.547924080147794,72.84349771737287,3331.0123779296873,3775.1272925387975,2886.897463320577,0.26665461680760216,179.72408621651786,98224480.8,0.8711965011476039,0.6128337680318339,0.03888468896916895
2024-12-02,3637.074951171875,3759.201171875,3569.669677734375,3710.363525390625,164826153,-0.019752203729445972,-0.019949885942236824,3645.767822265625,3539.0467529296875,3350.3676635742186,3507.4992235810923,3295.7716773083052,211.7275462727871,195.08523797727807,16.642308295509025,66.17273805694506,3350.3676635742186,3812.9677612269847,2887.7675659214524,0.2761488553523454,181.37555803571428,101799142.15,1.6191310606245615,0.35564154516679686,0.0380793409901049
2024-12-03,3623.75830078125,3662.427734375,3534.202880859375,3637.07666015625,102809023,-0.0036613626525168197,-0.003668081846705156,3654.4912109375,3561.7545166015625,3372.1866943359373,3525.3852354580395,3320.066982750746,205.3182527072936,197.1318409232812,8.186411784012392,70.51617248043101,3372.1866943359373,3843.500612444199,2900.872776227676,0.27953014517250757,180.14592633928572,103896632.1,0.9895318156323568,0.6984248174943546,0.03768586419086504
2024-12-04,3837.695068359375,3887.34033203125,3621.780029296875,3623.68798828125,125142058,0.05903726182069091,0.057360251855493934,3703.49248046875,3609.4980224609376,3411.470849609375,3573.432902058245,3358.409803906941,215.0230981513041,200.71009236888582,14.313005782418287,76.96491880526311,3411.470849609375,3901.0401845583046,2921.901514660445,0.287013641054554,190.51763044084822,104703361.15,1.1952057376717748,0.8130546502288676,0.03749532835075527
2024-12-05,3810.383544921875,3952.57275390625,3767.654052734375,3837.647705078125,183996509,-0.007116647610352134,-0.00714209173674318,3723.854931640625,3648.6698974609376,3447.1822265625,3609.886847114188,3391.889340278418,217.9975068357703,204.16757526226274,13.829931573507565,69.39199707910927,3447.1822265625,3944.0509424847887,2950.3135106402115,0.28827528297960725,178.95643833705358,108783384.25,1.691402692318795,0.23107177324090017,0.037735357765977875
2024-12-06,4006.650146484375,4087.057373046875,3787.807861328125,3791.926025390625,137598130,0.051508358475898186,0.05022566522640648,3783.11240234375,3716.7445068359375,3490.9286254882813,3670.927354709602,3437.4271777751555,233.50017693444624,210.03409559669947,23.466081337746772,75.61435178547802,3490.9286254882813,4023.6253063529357,2958.231944623627,0.30518909895509266,189.73085239955358,111352484.55,1.235698786210873,0.7313037334363844,0.03880391176911502
2024-12-07,4002.0009765625,4023.06396484375,3975.1328125,4006.564208984375,99989163,-0.0011603633339323238,-0.0011610370767070615,3856.097607421875,3750.93271484375,3537.2703247070312,3721.861758071586,3479.2474591668106,242.6142989047753,216.5501362583147,26.064162646460602,74.00600452198134,3537.2703247070312,4078.86125232055,2995.6793970935123,0.30621969931482423,180.62060546875,111158730.45,0.8995169573745343,0.5605574400590831,0.03827041343597749
2024-12-08,4005.913330078125,4008.57470703125,3931.943603515625,4003.154052734375,84262596,0.0009775993405642946,0.000977121801531513,3932.52861328125,3793.509912109375,3577.267297363281,3765.5619999187456,3518.259745900982,247.30225401776352,222.70055981020448,24.601694207559035,76.28324568262799,3577.267297363281,4133.787927312132,3020.7466674144307,0.3111428829257733,174.99176897321428,110483643.9,0.7626703195657362,0.9652702774633143,0.03776023967677097
2024-12-09,3719.809814453125,4010.82177734375,3598.134033203125,4010.754150390625,205946053,-0.07142029596017752,-0.07409906015054814,3908.9515625,3806.222021484375,3607.7296142578125,3758.5232021548036,3533.189380608548,225.33382154625542,223.22721215741467,2.106609388840752,60.34180985738834,3607.7296142578125,4121.763017374827,3093.6962111407984,0.28496226606647285,188.39740862165178,117017045.9,1.7599662631715778,0.2948373994009139,0.041171491330181026
2024-12-10,3630.8173828125,3815.067138671875,3521.658447265625,3719.809326171875,291237175,-0.023923919791503767,-0.024214744573773164,3873.038330078125,3798.446630859375,3635.7805419921874,3738.8761530252186,3540.4210844755075,198.4550685497111,218.27278343587395,-19.81771488616286,60.498391691028495,3635.7805419921874,4083.116642215082,3188.444441769293,0.24607431337304056,195.41048758370536,126844181.8,2.2960231274872713,0.3720371575224216,0.04155709909732081
2024-12-11,3828.718017578125,3840.779052734375,3571.25390625,3630.8173828125,117551921,0.05450580789395887,0.05307222864457729,3837.451904296875,3810.2821533203123,3659.207861328125,3752.69797834105,3561.776412853479,190.92156548757112,212.8025398462134,-21.880974358642277,56.40634305720218,3659.207861328125,4094.6890465974034,3223.726676058847,0.2380193756531877,187.98027692522322,125338341.6,0.9378767861405947,0.95525079821633,0.0380414228613841
2024-12-12,3881.640625,3980.474853515625,3799.556396484375,3828.763671875,264219475,0.013822539862925476,0.013727879855839962,3813.379833984375,3834.738720703125,3686.8927368164063,3772.5353085962734,3585.4700581976654,187.065250398608,207.65508195669233,-20.58983155808434,61.696703531512426,3686.8927368164063,4103.702501241612,3270.082972391201,0.22610354798936524,191.89922223772322,133824253.4,1.9743766042934634,0.45370842675774936,0.03785655921256828
2024-12-13,3904.510986328125,3958.411376953125,3853.587158203125,3881.609130859375,141814576,0.005891931669518069,0.005874642119443725,3793.099365234375,3862.8139892578124,3712.2842529296877,3792.839259016558,3609.1027195406627,183.73653947589537,202.87137346053296,-19.134833984637595,62.0010613955698,3712.2842529296877,4116.332029471221,3308.236476388154,0.21768148612147042,192.08489118303572,136809320.6,1.036585631578672,0.4858021240453269,0.03774868212629301
2024-12-14,3861.752685546875,3934.758544921875,3825.08251953125,3904.4931640625,358187252,-0.010951000248423104,-0.01101140384296698,3821.487939453125,3865.2197509765624,3737.35888671875,3803.441324636607,3627.817531837419,175.62379279918787,197.42185732826397,-21.7980645290761,56.24709888666944,3737.35888671875,4110.483495956512,3364.234277480988,0.19967288159759816,188.55257742745536,151303752.7,2.367338850545245,0.3343498807663396,0.03775457325946764
2024-12-15,3955.45703125,3961.637451171875,3830.012939453125,3861.752685546875,171887428,0.02426471950257869,0.023975008347272182,3886.415869140625,3879.727099609375,3764.1984985351564,3826.828356423283,3652.087124386499,174.7412320367839,192.88573226996797,-18.14450023318406,59.29843241907476,3764.1984985351564,4117.498120249644,3410.898876820669,0.18771572320215016,192.47942243303572,154211849.8,1.1146188066800558,0.9530450685005272,0.037879180385756536
2024-12-16,3982.91943359375,4092.33837890625,3882.753662109375,3955.55224609375,168913959,0.006942915098504088,0.00691892404469343,3917.25615234375,3877.3540283203124,3797.049267578125,3850.8423682956623,3676.5932213648143,174.24914693084793,189.158415202144,-14.909268271296071,63.59336523397805,3797.049267578125,4096.891795905708,3497.2067392505423,0.15793449449700273,193.91179547991072,156669543.45,1.0781544088299952,0.4779249795044658,0.036971743625680537
2024-12-17,3878.924560546875,4031.036865234375,3852.64404296875,3982.869140625,159247723,-0.026110212566625157,-0.026457136327922536,3916.712939453125,3865.04638671875,3807.98955078125,3855.1627055650797,3691.580727970893,163.5819775941868,184.04312768055257,-20.461150086365762,59.36193505842291,3807.98955078125,4102.719101979589,3513.2599995829105,0.1547953571132423,197.49522181919642,157092630.05,1.0137186127020348,0.1473182454477928,0.030956510349795314
2024-12-18,3620.027099609375,3895.99365234375,3620.027099609375,3878.955078125,142085864,-0.06674464968223026,-0.0690764282086781,3859.816162109375,3826.457763671875,3809.983837890625,3818.9879969565095,3686.280459203373,132.70753775313642,173.77600969506935,-41.06847194193293,42.26892213668439,3809.983837890625,4098.700309581742,3521.2673661995086,0.1515578458994003,198.238525390625,158565716.25,0.8960692598643624,0.0,0.034325307330561994
2024-12-19,3419.622314453125,3701.989990234375,3337.768310546875,3619.95166015625,168352318,-0.055360023458905894,-0.05695140128383856,3771.390087890625,3796.439013671875,3801.330517578125,3757.547122725219,3666.528004036688,91.01911868853131,157.22463149376176,-66.20551280523046,37.64070781699799,3801.330517578125,4125.648119174784,3477.0129159814664,0.17063372947811217,211.04588099888392,163989511.7,1.0266041788573728,0.22473677012920504,0.036560754489616265
2024-12-20,3466.17138671875,3488.6591796875,3097.55224609375,3419.409912109375,182020753,0.013612343114291825,0.013520527450934999,3673.532958984375,3779.9744140625,3789.2105224609377,3712.7200864165316,3651.6867731242482,61.03331329228331,137.98636785346608,-76.95305456118277,31.11696134190464,3789.2105224609377,4144.739347183675,3433.6816977382005,0.18765324471432945,217.60712541852678,167783047.65,1.0848578300931822,0.9425021879015484,0.03587738290490779
2024-12-21,3333.267822265625,3547.120361328125,3292.212158203125,3466.197998046875,98523095,-0.03834304470989769,-0.03909748724419909,3543.60263671875,3730.42939453125,3770.3557739257812,3654.3428150086997,3628.1001841717575,26.242630836942226,115.63762045016131,-89.39498961321908,28.55767787078139,3770.3557739257812,4179.452414241928,3361.2591336096352,0.21700691650654783,232.39120047433036,168430561.2,0.5849478520884962,0.16106058399680775,0.036733023838172084
2024-12-22,3271.845703125,3391.78271484375,3221.918212890625,3333.26708984375,154490922,-0.01842699789387947,-0.01859888993054628,3422.186865234375,3669.44990234375,3752.0943115234377,3595.4971054881303,3601.710963353479,-6.213857865348928,91.26732478705925,-97.48118265240818,27.299963897265286,3752.0943115234377,4215.273072763788,3288.9155502830877,0.24689078833537575,239.05072893415178,167913799.65,0.920060902213048,0.2939253914582665,0.036705626252714584
2024-12-23,3409.89794921875,3451.926025390625,3219.96044921875,3271.8974609375,134715672,0.042193996483970375,0.04132810305033558,3380.16103515625,3619.9885986328127,3741.4012939453123,3566.9433891389945,3587.502591936092,-20.55920279709744,68.90201927022791,-89.46122206732535,39.450420844934364,3741.4012939453123,4226.41471520888,3256.387872681745,0.2592683239023099,226.14200265066964,169509132.1,0.7947399077031791,0.818817615640855,0.03817233915649743
2024-12-24,3490.38916015625,3523.905517578125,3355.057373046875,3409.8974609375,122352277,0.023605167115321235,0.023330873273679893,3394.314404296875,3582.85224609375,3724.035998535156,3555.1658154493416,3580.3090043968446,-25.14318894750295,50.09297762668174,-75.2361665741847,45.19191417310091,3724.035998535156,4219.294382975416,3228.7776140948963,0.2659793754061824,217.24482073102678,169369643.05,0.7223979149786606,0.8014999956147764,0.03593022107607421
2024-12-25,3492.960693359375,3534.294677734375,3440.21826171875,3490.380615234375,142076560,0.0007367468454462234,0.0007364755807165316,3399.672265625,3536.6026123046877,3708.1648559570312,3545.5957966662695,3573.83875913481,-28.242962468540554,34.42578960763728,-62.66875207617783,36.72901074214603,3708.1648559570312,4212.04164843974,3204.288063474322,0.2717661226270722,204.7127685546875,167273645.6,0.8493660761106769,0.560633938544797,0.03593856390486524
2024-12-26,3326.8505859375,3506.085693359375,3304.2080078125,3492.958740234375,161485563,-0.04755567611673228,-0.04872362630569365,3398.388818359375,3470.9957275390625,3674.1748779296877,3511.9426873233815,3555.5433388979723,-43.600651574590756,18.820501371191664,-62.421152945782424,29.872547331515122,3674.1748779296877,4184.9404305426215,3163.4093253167534,0.2780300718297538,206.20985630580358,168468017.25,0.9585532354213067,0.11215988563838031,0.03473277843823015
2024-12-27,3326.5234375,3427.322998046875,3301.24169921875,3326.8935546875,85623551,-9.833577705076202e-05,-9.834061233027601e-05,3409.324365234375,3415.755615234375,3640.4010009765625,3483.416648889015,3538.5789017573816,-55.16225286836652,4.023950523280023,-59.18620339164654,28.68225933183605,3640.4010009765625,4149.221094101223,3131.5809078519023,0.2795406841104404,207.72821916852678,167749736.65,0.5104243542190979,0.20051933565269714,0.03474567671485973
2024-12-28,3397.0390625,3412.1123046875,3316.76904296875,3326.5234375,52211098,0.02119799433999936,0.020976442360544016,3406.752587890625,3393.4568115234374,3609.9572875976564,3470.127789444551,3528.0944692197977,-57.966679775246575,-8.374175536425302,-49.59250423882128,33.20401035360341,3609.9572875976564,4099.178869239126,3120.7357059561873,0.27104009419847447,206.70445033482142,166147161.75,0.31424610237135153,0.841905532449864,0.03532890195837512
2024-12-29,3353.07275390625,3403.9677734375,3322.67578125,3397.049560546875,50538116,-0.012942538423857175,-0.013027022827736743,3379.289306640625,3386.80185546875,3591.6204345703127,3452.1193224386584,3515.1298977150905,-63.010575276432064,-19.301455484426658,-43.70911979200541,27.416265857983205,3591.6204345703127,4090.893932691088,3092.346936449537,0.27802130387450397,203.10927036830358,158376764.9,0.319100570288262,0.3739233328468583,0.03203613149555718
2024-12-30,3355.43212890625,3422.4775390625,3300.7470703125,3353.069580078125,78125196,0.0007036456328755047,0.0007033981903549347,3351.78359375,3375.7279296875,3577.851171875,3437.2443695875186,3503.3004333588797,-66.0560637713611,-28.652377141813552,-37.40368662954754,26.023846784743853,3577.851171875,4087.6516047018986,3068.0507390481016,0.2849757624544979,196.83396693638392,147721165.95,0.5288693431139277,0.4492306581153923,0.03172952516299189
2024-12-31,3333.155029296875,3438.08447265625,3310.4345703125,3355.431640625,65550819,-0.006639114949595681,-0.00666125190752595,3353.044482421875,3375.716650390625,3553.0730224609374,3421.2306249274197,3490.6970700950274,-69.46644516760762,-36.81519074697237,-32.65125442063525,27.757241150942605,3553.0730224609374,4059.6967654116697,3046.449279510205,0.2851749681180678,193.20947265625,145121110.85,0.4516973348402398,0.17799041413608677,0.028647143692466327
2025-01-01,3351.809814453125,3362.885498046875,3313.7373046875,3333.155029296875,27647565,0.005596734923003277,0.005581131394241292,3358.1017578125,3383.7130615234373,3526.5814819335938,3410.550500239067,3480.4091252326643,-69.85862499359746,-43.423877596297395,-26.434747397300065,36.40705801886302,3526.5814819335938,4015.981835846049,3037.1811280211386,0.27754943784490194,177.00816127232142,133292515.35,0.20742023606804116,0.774647187527112,0.02839782792537689
2025-01-02,3445.5224609375,3486.46923828125,3347.60791015625,3351.809814453125,45965565,0.02795881976366399,0.027575107634948796,3367.7984375,3387.2755126953125,3503.6320556640626,3415.9308018849797,3477.8249278774674,-61.894125992487716,-47.117927275535465,-14.776198716952251,51.47174499871397,3503.6320556640626,3960.3691530744695,3046.8949582536557,0.26072206793064007,160.91099330357142,128500064.8,0.3577084966575052,0.7051246887546557,0.029335079711673245
2025-01-03,3602.4833984375,3620.508544921875,3420.228271484375,3445.507080078125,40790963,0.045555046957172385,0.04454788982253946,3417.68056640625,3398.4849365234377,3490.668591308594,3444.6312013545985,3487.058888659692,-42.427687305093514,-46.17987928144708,3.752191976353565,56.88218776886723,3490.668591308594,3918.404826062094,3062.932356555094,0.24507410174573388,147.280517578125,112630250.35,0.36216702771450426,0.9100003900329207,0.03145889407496703
2025-01-04,3656.95361328125,3666.3173828125,3573.7021484375,3602.484375,38002280,0.015120184833433248,0.015007014186883433,3477.98486328125,3414.884228515625,3475.7434204101564,3477.2961878048527,3499.6436830761036,-22.347495271250864,-41.413402479407836,19.065907208156972,67.7480457721827,3475.7434204101564,3853.0521899812784,3098.4346508390345,0.21710967924473407,135.68816266741072,105935992.95,0.35872869023785364,0.8988960120499727,0.031106361060498154
2025-01-05,3634.293212890625,3664.632080078125,3593.816650390625,3656.95361328125,34903971,-0.006196523879419047,-0.006215802013049907,3538.2125,3445.6284912109377,3458.312109375,3501.449576279587,3509.6177223216237,-8.168146042036824,-34.764351191933635,26.59620514989681,70.75565263807486,3458.312109375,3761.99219635583,3154.6320223941702,0.1756232967855016,128.61322893415178,99235493.55,0.35172869858720024,0.571578294065325,0.031013927839193055
2025-01-06,3684.18798828125,3736.6123046875,3619.269287109375,3634.29736328125,60327889,0.013728879996157461,0.013635492687833005,3604.688134765625,3481.3949462890623,3448.5752807617187,3529.5631781259963,3522.5488531334477,7.014324992548609,-26.408615955037185,33.42294094758579,67.47132256754227,3448.5752807617187,3704.1495728953846,3193.0009886280527,0.14822021926528156,120.4259033203125,94289501.85,0.6398155448521972,0.5532387227311658,0.03080500307500724
2025-01-07,3376.739501953125,3694.551513671875,3357.198486328125,3684.173095703125,65793191,-0.08345081393947984,-0.0871395458641598,3590.93154296875,3479.364990234375,3436.4109008789064,3506.05184333017,3511.7481604534237,-5.696317123253721,-22.266156188680494,16.569839065426773,44.384506797932765,3436.4109008789064,3680.5276759856315,3192.2941257721814,0.14207659220513416,132.46196637834822,90474868.2,0.7271985282648911,0.05792453021181635,0.03281093264943541
2025-01-08,3323.943359375,3409.304443359375,3217.554931640625,3376.739501953125,47226075,-0.015635242975535202,-0.015758762584725867,3535.22353515625,3476.45205078125,3431.626953125,3478.0351534909128,3497.8366937068736,-19.801540215960813,-21.77323299413656,1.971692778175747,42.04365254036069,3431.626953125,3680.8261410961036,3182.4277651538964,0.14523675875909015,139.43861607142858,84418556.05,0.5594276567823384,0.5548302406364022,0.030599109538426716
2025-01-09,3216.9306640625,3352.531494140625,3165.626953125,3323.943359375,59358866,-0.032194500249433156,-0.032724141904443886,3447.2189453125,3462.601904296875,3419.1649169921875,3437.865232040388,3477.0288396591422,-39.16360761875421,-25.251307919060093,-13.91229969969412,44.520751998286485,3419.1649169921875,3685.433973383335,3152.89586060104,0.15575092916277475,138.36910574776786,78285461.7,0.7582361361994752,0.2744915166639325,0.031159835341984084
2025-01-10,3267.850830078125,3317.4462890625,3196.08544921875,3216.9306640625,52875135,0.01582880432720324,0.015704835280674956,3373.93046875,3456.071484375,3415.8940673828124,3411.7091702000403,3461.53417228277,-49.82500208272995,-30.166046751794067,-19.658955330935886,47.21574401106274,3415.8940673828124,3688.1458557321193,3143.6422790335055,0.1594029457464415,138.03193010602678,76003063.7,0.6956974156819418,0.5913388614140963,0.030291552164247542
2025-01-11,3279.61083984375,3315.18115234375,3220.38330078125,3267.850830078125,24175730,0.0035986984648697096,0.003592238642878029,3293.0150390625,3448.8515869140624,3416.28232421875,3391.386350145226,3448.0583698798796,-56.67201973465353,-35.46724134836597,-21.204778386287565,44.09845583626947,3416.28232421875,3687.689997471729,3144.8746509657713,0.15889065802841426,137.99297223772322,69487304.1,0.34791578566939974,0.6247772294417838,0.030006282295710774
2025-01-12,3264.9599609375,3294.926513671875,3223.8369140625,3279.61083984375,21774866,-0.004467261398290789,-0.0044772694272677835,3270.659130859375,3430.7953369140623,3409.0354248046874,3371.9361364209603,3434.495524773037,-62.55938835207644,-40.885670749108066,-21.673717602968374,45.43730610036384,3409.0354248046874,3688.773061506372,3129.297788103003,0.1641154179075223,137.26422991071428,63840263.8,0.34108358430686814,0.5784678362964389,0.02836767236082453
2025-01-13,3133.35546875,3328.687744140625,2983.989990234375,3265.02685546875,113626669,-0.04030814887840495,-0.04114303446306842,3232.541552734375,3383.8825439453126,3391.183740234375,3335.2314183177355,3412.1888539565152,-76.95743563877977,-48.10002372704241,-28.85741191173736,39.85788058954624,3391.183740234375,3693.702916021561,3088.6645644471887,0.1784150898094824,153.19046456473214,63403983.4,1.7921061565352692,0.43332303973154346,0.028951740204238748
2025-01-14,3221.764892578125,3247.015380859375,3125.524169921875,3133.35546875,52410176,0.02821557423339338,0.027824847610131313,3233.5083984375,3340.363671875,3377.6239501953123,3317.7750297424104,3398.0833753358934,-80.30834559348295,-54.54168810033053,-25.766657493152422,45.20265490373219,3377.6239501953123,3685.204195711397,3070.0437046792276,0.18212817652379493,152.75055803571428,58920664.2,0.8895041614279697,0.7921620165415794,0.02987429369786223
2025-01-15,3446.8603515625,3462.0771484375,3184.735595703125,3221.764404296875,31907220,0.06986712764265324,0.06753446098964712,3269.310302734375,3321.6203857421874,3383.6244384765623,3337.6343100224244,3401.6964846860124,-64.06217466358794,-56.44578541298201,-7.616389250605927,53.47560203733108,3383.6244384765623,3691.7161072905174,3075.5327696626073,0.1821074852814751,169.05008370535714,52441747.05,0.6084316750465696,0.9451333681000001,0.032226759192847905
2025-01-16,3300.98095703125,3449.53955078125,3277.3447265625,3446.87255859375,48398870,-0.04232239767564738,-0.04324408967139339,3273.584326171875,3283.2996826171875,3382.347314453125,3331.9953326391665,3394.236075230104,-62.240742590937316,-57.604776848573074,-4.635965742364242,44.908945380298874,3382.347314453125,3691.645012187217,3073.0496167190327,0.18288937768893854,171.43104771205358,50580513.0,0.956867914724392,0.13726446526261876,0.033737851850767074
2025-01-17,3474.118408203125,3517.01171875,3299.96875,3300.98095703125,49306793,0.05245030293285513,0.05112106734353696,3315.416015625,3293.0375732421876,3386.201281738281,3353.860421187468,3400.1532850799576,-46.29286389248955,-55.342394257356375,9.049530364866825,45.52965748995331,3386.201281738281,3698.179043284752,3074.22352019181,0.18426415655144956,172.62838309151786,50435297.75,0.9776247033259559,0.802374106832711,0.035444104815402507
2025-01-18,3303.01123046875,3486.845703125,3229.814453125,3474.118408203125,135534418,-0.049251970609394014,-0.05050620486526025,3349.34716796875,3290.9443603515624,3383.698205566406,3346.0374687692038,3392.9575773309793,-46.92010856177558,-53.65793711824021,6.737828556464635,38.599985908706024,3383.698205566406,3697.592544154983,3069.8038669778293,0.18553329494468507,184.37238420758928,54685112.85,2.478451829692073,0.28477773555123054,0.03712488458165603
2025-01-19,3207.24853515625,3434.054931640625,3120.897705078125,3302.900634765625,232190353,-0.028992543055601394,-0.02942113106592504,3346.443896484375,3289.9761474609377,3376.289025878906,3324.6853251364414,3379.2013519847033,-54.516026848261845,-53.829555064244545,-0.6864717840173,36.86403784460803,3376.289025878906,3699.839546221254,3052.7385055365585,0.19166044012367806,201.68251255580358,62388370.7,3.7216928474780637,0.2757427348020457,0.037681066588401764
2025-01-20,3269.318115234375,3412.73388671875,3152.664306640625,3207.061767578125,142039964,0.019352906205349907,0.01916802029471576,3310.93544921875,3290.1228759765627,3373.0971801757814,3316.167292843816,3371.06185296616,-54.894560122344046,-54.04255607586444,-0.8520040464796068,37.33340926448505,3373.0971801757814,3699.6846191802774,3046.5097411712854,0.1936424725168912,211.87726702008928,66212827.95,2.145203103351214,0.4485484559717506,0.037944589245985046
2025-01-21,3316.991943359375,3352.30224609375,3209.333740234375,3269.564453125,117806821,0.014582193119369258,0.01447689535517003,3314.137646484375,3293.860986328125,3371.3562866210937,3316.2941621539017,3367.0566744767684,-50.76251232286677,-53.3865473252649,2.6240350023981307,47.83190173135306,3371.3562866210937,3698.791605810488,3043.9209674316994,0.19424545574657306,197.99265834263392,70720790.75,1.6658018066631983,0.7530204115259013,0.03807078505826278
2025-01-22,3236.255615234375,3354.351806640625,3223.96923828125,3316.9921875,110454754,-0.02434022436703054,-0.024641343880840553,3266.565087890625,3290.9905517578127,3360.8929443359375,3303.9805395508974,3357.3677071254797,-53.387167574582236,-53.386671375128365,-0.0004961994538703607,46.88125896867392,3360.8929443359375,3691.706266972584,3030.079621699291,0.1968603749751455,193.60930524553572,73945250.2,1.4937369702753402,0.09423327908618567,0.037857271146465477
2025-01-23,3333.453125,3334.39599609375,3186.621826171875,3236.233154296875,46060123,0.030033940863038344,0.029591753992841467,3272.653466796875,3311.0003173828127,3347.4414306640624,3308.514783466144,3355.5962565976665,-47.08147313152267,-52.12563172640723,5.044158594884557,54.173427440270544,3347.4414306640624,3658.160813398254,3036.7220479298708,0.18564589652733754,190.81427873883928,74208708.2,0.6206835305078118,0.9936195134495787,0.0369702445617712
2025-01-24,3304.290771484375,3413.585205078125,3280.90869140625,3332.552734375,54594340,-0.008748391659362253,-0.008786883496551745,3292.0619140625,3319.2529052734376,3329.8082885742188,3307.8649354689487,3351.7958502929782,-43.930914824029514,-50.48668834593169,6.555773521902175,51.325815246067,3329.8082885742188,3604.5106823836004,3055.105894764837,0.16499592168833582,191.62254115513392,75038311.2,0.7275528876774614,0.17623375403267952,0.03673155912514211
2025-01-25,3311.79541015625,3344.03857421875,3269.99755859375,3304.290771484375,56190703,0.0022711798660817184,0.002268604635560387,3300.557373046875,3305.7464111328127,3313.6833984375,3308.46962388238,3348.8328547272945,-40.3632308449146,-48.46199684572828,8.098766000813683,51.17462689014172,3313.6833984375,3548.0267486722278,3079.340048202772,0.1414397949696871,190.13991001674108,76102647.8,0.738354112824968,0.5645229364295984,0.03675870442430486
2025-01-26,3232.58837890625,3347.927734375,3232.58837890625,3311.818359375,32960360,-0.023916643826214834,-0.024207290300158658,3283.67666015625,3298.9071533203123,3291.10341796875,3296.795586193745,3340.2221528146247,-43.42656662087984,-47.4549108007586,4.028344179878758,48.87171442157175,3291.10341796875,3450.0211181418554,3132.1857177956445,0.09657411511619318,193.30060686383928,74734271.35,0.4410340718468784,0.0,0.03676752429116433
2025-01-27,3169.81201171875,3245.95947265625,3022.734130859375,3232.58837890625,78559222,-0.019419845594056295,-0.01961088818523537,3270.387939453125,3268.476513671875,3280.757043457031,3277.25965165913,3327.599179400115,-50.33952774098498,-48.03183418880388,-2.3076935521810995,51.33470123092908,3280.757043457031,3443.1066242508437,3118.4074626632187,0.09897080377688676,184.62400599888392,75372572.9,1.0422786297109408,0.6588762712551717,0.03215518203422629
2025-01-28,3072.75634765625,3214.470458984375,3044.682861328125,3169.81201171875,106827232,-0.030618744488217775,-0.031097291932985913,3218.248583984375,3245.451025390625,3268.1976928710938,3245.797604889456,3308.721932604273,-62.92432771481708,-51.010332894006524,-11.913994820810558,44.57900583028283,3268.1976928710938,3453.693938344165,3082.7014473980225,0.11351592706750477,188.07374790736608,78352630.75,1.3634160203357306,0.1653447408055611,0.03264399175699468
2025-01-29,3110.53955078125,3170.462890625,3072.2109375,3072.75634765625,53893526,0.01229619235961188,0.01222120824002514,3179.49833984375,3235.780126953125,3262.878137207031,3224.988673488194,3294.041756172938,-69.05308268474437,-54.6188828521541,-14.434199832590267,35.83379437576227,3262.878137207031,3460.284423688797,3065.4718507252655,0.12100132348230577,175.28163364955358,78079363.75,0.6902403325488164,0.39010535728064133,0.03209110409619387
2025-01-30,3245.31591796875,3276.44677734375,3094.126220703125,3110.588623046875,57317207,0.04332893537831706,0.04241650058271992,3166.20244140625,3233.3799072265624,3261.7513916015623,3228.1159418698176,3290.4324348244795,-62.31649295466195,-56.15840487265568,-6.158088082006273,47.633188918867965,3261.7513916015623,3459.295370440636,3064.2074127624887,0.12112755089042941,176.00490025111608,78301467.35,0.7320068057447457,0.8292520604538572,0.03342050172002097
2025-01-31,3293.47900390625,3423.0517578125,3213.929931640625,3245.3037109375,60605725,0.014840800450529157,0.014731753345228336,3178.38056640625,3231.02861328125,3262.4447998046876,3238.17179756773,3290.6581066083145,-52.486309040584274,-55.42398570624141,2.9376766656571363,41.40611043912175,3262.4447998046876,3460.34976220426,3064.539837405115,0.12132310248524078,175.43910435267858,80122967.1,0.7564088948972536,0.3803958377660709,0.03357520142674578
2025-02-01,3114.39794921875,3323.064453125,3103.7099609375,3293.453857421875,42700513,-0.054374433380355525,-0.055908595238485924,3167.29775390625,3218.8428466796877,3254.91669921875,3219.1296670525026,3277.601798653532,-58.47213160102956,-56.033614885199036,-2.4385167158305237,41.094322988257176,3254.91669921875,3463.5808086288303,3046.25258980867,0.12821471557792183,172.74790736607142,81169249.45,0.5260676092157706,0.04872472942850364,0.03576590716146473
2025-02-02,2848.858154296875,3158.030029296875,2800.217529296875,3114.39794921875,91140506,-0.08526199902889287,-0.08911759244558756,3122.518115234375,3170.383349609375,3240.6918334960938,3162.1648189362522,3245.8430101826684,-83.67819124641619,-61.562530157442474,-22.115661088973717,35.41618938715821,3240.6918334960938,3513.2538875392124,2968.129779452975,0.1682122633358049,175.93756975446428,80044941.3,1.1386166885726732,0.1359388646250218,0.039530826934369954
2025-02-03,2871.386474609375,2883.980224609375,2206.75244140625,2848.858154296875,861793282,0.007907842051918523,0.007876738933721277,3074.6875,3127.092919921875,3223.1729125976562,3117.4296890398095,3218.105489029091,-100.67579998928159,-69.3851841238103,-31.29061586547128,33.268732046453806,3223.1729125976562,3541.975876136673,2904.3699490586396,0.19781933652581074,205.73458426339286,120514096.6,7.150974917568274,0.9814039672881573,0.038915804011462184
2025-02-04,2725.470947265625,2875.5849609375,2633.5146484375,2871.523193359375,156558805,-0.050817097814602086,-0.05215376745107456,2970.718505859375,3068.4604736328124,3187.1034423828123,3057.128344151474,3181.614041491057,-124.48569733958311,-80.40528676696488,-44.080410572618234,27.027012676307933,3187.1034423828123,3558.2804770992147,2815.92640766641,0.23292437250727885,212.81328473772322,126746675.85,1.2352103433882682,0.37987433433964046,0.035935930481997606
2025-02-05,2783.543701171875,2816.415283203125,2707.403564453125,2725.301513671875,96380822,0.02130741990279228,0.021083590730516077,2868.7314453125,3023.556005859375,3161.231579589844,3015.0383990776895,3152.127349615562,-137.08895053787228,-91.74201952114636,-45.34693101672592,32.102904909050764,3161.231579589844,3569.2883786355414,2753.1747805441464,0.25816318024928825,211.28679547991072,129145773.45,0.7462948219309301,0.6984582720540348,0.03583811038521007
2025-02-06,2681.824462890625,2856.2822265625,2667.460693359375,2783.540771484375,58182071,-0.03654307214161079,-0.03722749595842107,2782.216748046875,2974.7572509765623,3121.6168823242188,2963.774716587372,3117.290098747048,-153.51538215967594,-104.0966920488523,-49.41869011082363,24.330884846353896,3121.6168823242188,3554.8351206676225,2688.398643980815,0.2775601585168571,214.21875,129589537.35,0.44897197867803024,0.07607061168726689,0.0333962757264201
2025-02-07,2618.87451171875,2792.555419921875,2565.251953125,2681.824462890625,129506094,-0.02347280817329256,-0.02375268284039598,2736.22001953125,2929.3690673828123,3087.410046386719,2910.7131466075843,3080.3704256338406,-169.65727902625622,-117.20880944433311,-52.448469581923106,23.70000526474847,3087.410046386719,3565.985680583948,2608.8344121894897,0.31001754027283773,220.97781808035714,129288121.15,1.0016859464586627,0.23590735041146382,0.032377709910231874
2025-02-08,2631.135986328125,2658.44189453125,2591.5205078125,2618.9814453125,97152236,0.004681963398592837,0.0046710370990431845,2688.169921875,2881.4287109375,3058.6044189453123,2867.7012757953603,3047.093800500084,-179.39252470472366,-129.64555249641123,-49.74697220831243,23.97752344605648,3058.6044189453123,3574.691722834774,2542.517115055851,0.33746587214270884,220.46927315848214,122536215.3,0.7928450847134986,0.5919703767675492,0.03226980627906206
2025-02-09,2628.791259765625,2679.035888671875,2537.005615234375,2631.129150390625,106052882,-0.0008911460960906448,-0.0008915434028293701,2668.833984375,2819.7762451171875,3026.578076171875,2830.9458887138626,3016.1084271123464,-185.16253839848378,-140.74894967682573,-44.413588721658044,25.474693492300645,3026.578076171875,3566.552609146761,2486.6035431969894,0.3568218095717292,222.37576729910714,120736861.2,0.8783803135674029,0.6462400043549701,0.03163347184300905
2025-02-10,2657.64697265625,2688.0439453125,2569.72021484375,2628.791259765625,46961424,0.010976798855150571,0.010916991065958831,2643.654638671875,2756.1930419921873,2993.6108276367186,2804.284517012691,2989.5557267822655,-185.2712097695744,-149.65340169537546,-35.61780807419893,28.607143556408346,2993.6108276367186,3539.4086526711953,2447.813002602242,0.3646418031333434,214.88279506138392,117194591.35,0.40071323649869106,0.7431033272593696,0.03149383141534019
2025-02-11,2600.19384765625,2721.3076171875,2586.390869140625,2657.684326171875,88802368,-0.021618042422909545,-0.02185513552216447,2627.328515625,2704.7726318359373,2961.8077392578125,2772.885952496316,2960.7141061062644,-187.82815360994846,-157.28835207829007,-30.539801531658384,29.58595133574019,2961.8077392578125,3522.009622264218,2401.605856251407,0.3782837593278651,212.39202008928572,116111972.05,0.7647994124306151,0.10230737632222107,0.03143687256323087
2025-02-12,2737.08203125,2777.180419921875,2566.071044921875,2600.193115234375,153698752,0.052645376311899916,0.051306401797952976,2650.97001953125,2693.59501953125,2931.9891845703123,2767.3776569199595,2944.1487672280223,-176.77111030806282,-161.18490372424463,-15.586206583818182,35.13955979860209,2931.9891845703123,3472.0228361946183,2391.9555329460063,0.36837356322202724,220.45326450892858,121493903.5,1.2650737820766456,0.8100587021302318,0.03331792486540088
2025-02-13,2673.83154296875,2751.43896484375,2618.341552734375,2737.099609375,43191656,-0.02310872950065146,-0.02337992228357877,2659.509130859375,2673.8395263671873,2900.4662231445313,2752.985947081312,2924.125269134743,-171.139322053431,-163.17578739008192,-7.963534663349066,25.887212146384243,2900.4662231445313,3422.2920849169996,2378.640361372063,0.35982205730134814,216.93732561383928,120923769.3,0.3571808607193325,0.41691261573595473,0.033460494140231785
2025-02-14,2722.614501953125,2785.9765625,2667.8173828125,2673.83154296875,54329963,0.018244589533943145,0.018080154037491074,2678.273779296875,2673.5538818359373,2871.007177734375,2748.3134170615913,2909.198545639809,-160.88512857821752,-162.71765562770906,1.8325270494915458,25.925959482290878,2871.007177734375,3360.5866793870327,2381.4276760817174,0.34105069847927316,210.43999372209822,120830732.3,0.44963695879214666,0.46375676676929733,0.03395551613275396
2025-02-15,2692.255859375,2735.107666015625,2679.810791015625,2722.613525390625,18861954,-0.011150547591789683,-0.01121318098054016,2685.195556640625,2664.42509765625,2843.9905517578127,2739.6891774175,2893.128717027601,-153.43953961010084,-160.86203242418742,7.422492814086581,29.6444410330691,2843.9905517578127,3308.5518110515713,2379.429292464054,0.32669676698231137,198.72159249441964,120125812.0,0.15701832675228866,0.22505916215200963,0.03378367842500042
2025-02-16,2661.474365234375,2718.95458984375,2659.743408203125,2692.255859375,23417572,-0.011433346512530473,-0.01149920972464279,2697.45166015625,2662.390087890625,2818.5736694335938,2727.656129389327,2875.9691354132883,-148.3130060239614,-158.35222714414223,10.039221120180827,38.32008687453167,2818.5736694335938,3263.2766936274857,2373.870645239702,0.3155518190044379,177.39292689732142,117368729.5,0.19952138955376525,0.029233617418133878,0.033695548465631255
2025-02-17,2741.674560546875,2842.3330078125,2651.438720703125,2661.885986328125,52589150,0.030133747053933124,0.029688645320239942,2698.370166015625,2674.6700927734373,2802.019580078125,2729.8128111058727,2866.0213891268872,-136.20857802101455,-153.9234973195167,17.714919298502167,42.45715784912726,2802.019580078125,3231.2631216119826,2372.776038544267,0.30638154321668926,142.65482003348214,114656825.4,0.4586656731209305,0.4727005779241647,0.034296717736048
2025-02-18,2666.78662109375,2750.118896484375,2612.500732421875,2741.674560546875,46544515,-0.027314671307373306,-0.027694652295822932,2696.961181640625,2678.23515625,2779.83193359375,2720.1164741809307,2851.26325816147,-131.1467839805391,-149.3681546517212,18.221370671182086,46.28018420571268,2779.83193359375,3187.2487337533075,2372.4151334341923,0.29312333255546974,135.19395228794642,114289374.85,0.407251462011125,0.39446746755955925,0.03438193139857271
2025-02-19,2716.363037109375,2732.181884765625,2656.02783203125,2666.787841796875,13625362,0.01859031975917591,0.0184196319470415,2695.710888671875,2686.992333984375,2753.3842895507814,2719.539022323768,2841.270649194648,-121.73162687087961,-143.8408490955529,22.10922222467329,45.69526105141432,2753.3842895507814,3097.2963152051507,2409.472263896412,0.24981040747528852,132.84697614397322,112104782.6,0.12154130880050429,0.7922783214263218,0.03288476194315246
2025-02-20,2739.568359375,2764.727783203125,2711.372314453125,2716.360595703125,31823404,0.008542791205964573,0.008506508058300088,2705.173388671875,2695.18447265625,2725.688757324219,2722.6204587931884,2833.737146245044,-111.1166874518558,-137.2960167668135,26.179329314957698,54.114004965631246,2725.688757324219,2957.367421333651,2494.010093314787,0.1699964189872277,123.17082868303571,110665666.55,0.2875634782863918,0.5284565120907205,0.03268069582692003
2025-02-21,2653.437744140625,2839.3037109375,2613.471923828125,2739.55322265625,538316212,-0.03143948386600026,-0.031944313694795765,2703.566064453125,2700.5088623046877,2702.6407470703125,2711.976964231256,2820.38163497805,-108.40467074679418,-131.51774756280963,23.11307681601545,52.38374585410979,2702.6407470703125,2846.612545080704,2558.668949059921,0.10654157284238257,123.06570870535714,135446451.5,3.9743840169928704,0.17697163372034075,0.03136773634464459
2025-02-22,2757.7275390625,2780.87841796875,2651.749755859375,2653.437744140625,101252848,0.03930365246072576,0.03855092395295649,2706.77666015625,2702.5734130859373,2698.0842163085936,2719.015514205293,2815.7405908361575,-96.72507663086435,-124.55921337642057,27.834136745556222,57.74728780156912,2698.0842163085936,2827.615524030272,2568.5529085869152,0.09601724582110907,127.50908551897321,135952068.6,0.7447687191719568,0.8207146381269883,0.027205684806861023
2025-02-23,2816.877197265625,2824.875244140625,2741.865478515625,2756.227294921875,24187702,0.021448695480349445,0.021221909325397293,2736.794775390625,2716.877978515625,2695.358752441406,2734.0711577530365,2815.824783905007,-81.75362615197037,-115.99809593153054,34.24446977956018,60.76239799191311,2695.358752441406,2811.095972954171,2579.621531928641,0.08587889861261123,123.2933349609375,94071789.6,0.2571196115524946,0.9036493257893536,0.02761163823791352
2025-02-24,2508.526611328125,2824.82470703125,2502.33935546875,2816.877197265625,105267887,-0.10946539885970874,-0.11593332115070235,2695.227490234375,2695.469189453125,2684.5115356445312,2699.3719967645884,2793.061956306719,-93.68995954213051,-111.53646865365053,17.84650911152002,43.53508798483639,2684.5115356445312,2826.135951795631,2542.8871194934313,0.10551224255931309,137.87630789620536,91507243.7,1.1503776394480123,0.019186160950271886,0.03527642162006587
2025-02-25,2498.60791015625,2520.57421875,2340.501220703125,2508.74560546875,164368911,-0.003953994798015503,-0.003961832502430433,2647.035400390625,2676.10439453125,2670.26474609375,2668.485214209459,2771.250545480758,-102.76533127129869,-109.78224117718018,7.016909905881491,45.406556246326645,2670.26474609375,2826.5144621178956,2514.0150300696046,0.11702938163919405,141.10175432477678,94906648.15,1.7319009174174484,0.8780144228130634,0.03478926345225328
2025-02-26,2327.31396484375,2499.265625,2266.44189453125,2498.6083984375,56413097,-0.06855575243167633,-0.07101894304698769,2581.81064453125,2642.6883544921875,2652.5392211914063,2615.997329691658,2738.3663543224607,-122.36902463080287,-112.29959786790472,-10.069426762898146,32.030502569074656,2652.5392211914063,2871.2262612112313,2433.8521811715814,0.1648888267307883,142.65277971540178,94818199.45,0.5949606439188716,0.26145131420809287,0.03699364282129982
2025-02-27,2302.248779296875,2372.012939453125,2234.115478515625,2327.31396484375,39899891,-0.01077000607804024,-0.010828422401555852,2490.714892578125,2598.7457763671873,2636.7079345703123,2567.728321938614,2706.06134876501,-138.33302682639578,-117.50628365960294,-20.826743166792838,33.14039723449889,2636.7079345703123,2905.7106112512624,2367.705257889362,0.20404434875324012,142.99564034598214,90337889.3,0.4416739344827708,0.4940866953829523,0.03679345075297638
2025-02-28,2232.108154296875,2306.102294921875,2077.733642578125,2302.2060546875,240912801,-0.03046613625371164,-0.03093987582610686,2373.761083984375,2555.2779296875,2616.75654296875,2516.094449993731,2670.9537047303334,-154.85925473660245,-124.97687787500286,-29.882376861599596,28.167680089575896,2616.75654296875,2941.0145186757195,2292.498567261781,0.24783197854477795,150.86774553571428,97525917.55,2.470243880315074,0.675988188955195,0.037106692765618024
2025-03-01,2210.436279296875,2273.723388671875,2144.7490234375,2232.34326171875,85535164,-0.009709150946956124,-0.009756592078162285,2314.143017578125,2504.68525390625,2595.8387939453123,2469.0701160403682,2636.8413028463733,-167.77118680600506,-133.5357396612033,-34.23544714480175,28.38719597201454,2595.8387939453123,2967.359323412316,2224.3182644783087,0.28624314447689125,156.13042340959822,96500031.65,0.8863744657642295,0.5093047423409578,0.037076232855424204
2025-03-02,2515.016845703125,2536.28271484375,2181.03466796875,2210.51904296875,64092970,0.13779205908760006,0.12908959412882848,2317.4248046875,2482.2301025390625,2588.7072875976564,2476.1388436807924,2627.8172689839103,-151.67842530311782,-137.1642767895862,-14.514148513531609,44.72590607085672,2588.7072875976564,2960.707687096513,2216.7068880988,0.2874024431275706,177.27591378348214,97356608.95,0.6583319888731601,0.9401379702517854,0.049309960305140996
2025-03-03,2146.775390625,2515.233154296875,2100.936767578125,2515.016845703125,97497537,-0.1464170928744517,-0.15831260364969155,2281.31708984375,2431.5638671875,2566.0363647460936,2425.4675432106706,2592.1845372536204,-166.71699404294986,-143.07482024025896,-23.642173802690905,32.257732867042236,2566.0363647460936,2987.11714396241,2144.955585529777,0.3281954885763919,193.23320661272322,97791367.4,0.9969953339664621,0.11064210192324624,0.05893214433106642
2025-03-04,2173.548583984375,2203.428466796875,2011.42333984375,2147.152099609375,79695939,0.012471352837513328,0.01239422610447471,2255.57705078125,2373.1459716796876,2537.8596923828127,2386.710780252779,2561.174466641084,-174.46368638830518,-149.3525934698682,-25.11109291843698,34.85502056484701,2537.8596923828127,2985.339041669076,2090.3803430965495,0.35264309577817676,197.11798967633928,94091226.75,0.8470071201404545,0.844379765816157,0.05742692863902378
2025-03-05,2241.775634765625,2259.27783203125,2157.235595703125,2173.562255859375,63907557,0.03138970588648249,0.030907121865971103,2257.510546875,2315.6358154296877,2516.2568969726562,2364.4130655624476,2537.5152939095688,-173.10222834712113,-154.1025204453188,-18.99970790180234,35.592705302337436,2516.2568969726562,2977.598922808608,2054.9148711367043,0.3666891297077011,198.96714564732142,95127021.8,0.671812864428391,0.8284808535788055,0.05805487746877333
2025-03-06,2205.930419921875,2317.43408203125,2182.142578125,2241.8505859375,75361443,-0.015989653151662342,-0.016118866895392756,2256.609375,2285.3761962890626,2490.4226928710937,2340.0311200792826,2512.9534513919616,-172.92233131267903,-157.86648261879085,-15.05584869388818,33.92345414702437,2490.4226928710937,2960.8858794180796,2019.959506324108,0.3778179406200403,204.81971958705358,96178595.8,0.7835573224286978,0.17582657527113066,0.05777109478618535
2025-03-07,2137.61669921875,2238.96435546875,2111.993896484375,2205.930419921875,74546737,-0.030968211910122,-0.03145786258313086,2181.129345703125,2249.2770751953126,2462.6907348632812,2308.890439946893,2485.15072900876,-176.2602890618673,-161.54524390740616,-14.715045154461137,34.29157933789487,2462.6907348632812,2948.206924449235,1977.1745452773273,0.3942973291064968,197.75819614955358,98962834.95,0.7532801282184772,0.20180129249993603,0.05798220611803026
2025-03-08,2200.38037109375,2226.95361328125,2113.982177734375,2137.604248046875,37483459,0.02936151831988343,0.028938724906997264,2191.850341796875,2236.5837158203126,2439.63603515625,2292.1965832002556,2464.0566284224633,-171.86004522220765,-163.60820417036646,-8.251841051841183,32.586551830716644,2439.63603515625,2929.1814248756154,1950.090645436884,0.4013265771326518,196.60410853794642,99666129.3,0.3760902451340608,0.7647791048550339,0.05863708215844239
2025-03-09,2015.912109375,2208.30615234375,1999.628173828125,2200.369140625,52725224,-0.08383471518929053,-0.08755848865260536,2160.323046875,2207.950048828125,2403.3479125976564,2249.6912795348317,2430.860738122651,-181.16945858781946,-167.12045505385709,-14.049003533962377,26.792420050198928,2403.3479125976564,2906.04336471686,1900.6524604784524,0.41832932259555045,205.58040945870536,99672933.0,0.5289823667574827,0.07803379955051358,0.06027154773333793
2025-03-10,1870.114501953125,2138.693359375,1828.2633056640625,2015.8314208984375,133202221,-0.07232339482651207,-0.0750720927356562,2085.9908203125,2171.75068359375,2363.514306640625,2191.294852214569,2389.3239798878717,-198.0291276733028,-173.30218957774625,-24.726938095556562,29.578668331026407,2363.514306640625,2903.2104204196785,1823.8181928615716,0.4566895256463661,204.71931675502233,104005818.3,1.2807189364712686,0.13481683164183847,0.06163929815773614
2025-03-11,1916.96337890625,1953.6339111328125,1777.262939453125,1869.4918212890625,87870323,0.025051341457539955,0.024742700562816314,2028.197412109375,2142.4033935546877,2323.544323730469,2149.090010167135,2354.334305741085,-205.24429557394978,-179.69061077698697,-25.553684796962813,31.823963399152362,2323.544323730469,2871.554123128878,1775.5345243320598,0.47170161016646756,204.45488630022322,107718066.35,0.8157435978704792,0.792082949448837,0.06184533277879443
2025-03-12,1905.024658203125,1946.630615234375,1837.96435546875,1916.94873046875,135719640,-0.006227933634254779,-0.006247408112206324,1981.67900390625,2081.4041748046875,2281.817138671875,2111.5414944803642,2321.052109627162,-209.5106151467976,-185.6546116509491,-23.856003495848483,35.34405726207163,2281.817138671875,2823.501562019932,1740.132715323818,0.4747833769566152,195.58649553571428,112912878.15,1.2019854796341491,0.6171216610642685,0.061631858543003654
2025-03-13,1860.6876220703125,1911.9486083984375,1824.5399169921875,1905.0328369140625,70630952,-0.023273733461609103,-0.023548843741563012,1913.7404541015626,2052.7953979492186,2242.1796325683595,2072.948591032664,2286.9510364748025,-214.00244544213865,-191.32417840918703,-22.678267032951624,34.87750266662084,2242.1796325683595,2785.3826335691133,1698.9766315676056,0.4845312062517745,191.98015485491072,89528615.15,0.788920412559291,0.41354817801796817,0.06155234235759247
2025-03-14,1909.9981689453125,1936.412109375,1859.3642578125,1860.6947021484375,17856636,0.026501249479014666,0.026156174698725755,1892.557666015625,2026.4403564453125,2199.7931640625,2047.8792953269174,2259.0286018429883,-211.14930651607096,-195.28920403056384,-15.860102485507127,38.80876930879335,2199.7931640625,2704.5500629321373,1695.036265192863,0.4589130533867738,181.17152622767858,85358804.55,0.2091950103347599,0.6571748608092898,0.06101381176772791
2025-03-15,1936.833740234375,1949.7445068359375,1905.12744140625,1909.8072509765625,20162525,0.014050050793441793,0.013952263707684657,1905.901513671875,1995.9461669921875,2155.7909912109376,2030.7953637742187,2235.162315797906,-204.36695202368742,-197.10475362918856,-7.262198394498853,40.52807433410691,2155.7909912109376,2581.2526929386463,1730.3292894832286,0.39471516808660667,175.14600481305803,85157545.7,0.23676733323233856,0.7106316499229419,0.06079430768631585
2025-03-16,1886.0252685546875,1938.09423828125,1869.82666015625,1936.810791015625,16602787,-0.02623274813125631,-0.02658296501574607,1899.7138916015624,1963.9556518554687,2124.6659240722656,2008.5230414327523,2209.3003122984082,-200.77727086565596,-197.83925707648206,-2.938013789173908,23.58309067286615,2124.6659240722656,2532.176883462245,1717.1549646822864,0.38360003309030216,154.64739990234375,80724290.7,0.20567275173345065,0.23728113463179473,0.0568345776496847
2025-03-17,1926.2998046875,1945.9781494140625,1882.6795654296875,1886.00390625,25811474,0.021354186926496377,0.021129381010762116,1903.9689208984375,1942.8239624023438,2096.0505187988283,1995.8733127027133,2188.3373117346373,-192.463999031924,-196.76420546757046,4.300206435646459,37.219436089821215,2096.0505187988283,2472.1662049753113,1719.9348326223453,0.35888036362026376,129.57612827845983,73796418.85,0.34976594260576377,0.6891187212290372,0.0573170268054738
2025-03-18,1929.3558349609375,1930.601318359375,1874.6209716796875,1926.3006591796875,51453127,0.0015864769679159174,0.0015852198427554957,1917.7025634765625,1915.7215087890625,2076.1526123046874,1985.639854588594,2169.153498640289,-183.51364405169488,-194.11409318439536,10.600449132700476,35.4443622549845,2076.1526123046874,2442.7400319295502,1709.5651926798246,0.35314111058331393,119.86007254464286,73548420.35,0.6995816736123824,0.9777514166651823,0.05575653086351337
2025-03-19,2056.089111328125,2063.0078125,1926.9881591796875,1929.33984375,72818376,0.06568683395292574,0.06361950580318199,1946.920751953125,1919.739208984375,2063.84462890625,1996.478201779291,2160.778358839388,-164.30015706009704,-188.1513059595357,23.85114889943867,39.6534048706696,2063.84462890625,2414.6597505017826,1713.0295073107172,0.3399627245985564,122.28703090122768,75194344.6,0.9684022965737773,0.9491345477474971,0.058115693148687336
2025-03-20,1979.5980224609375,2061.57568359375,1951.66796875,2056.193603515625,13073661,-0.03720222457565481,-0.03791188360315866,1955.4736083984376,1930.6875610351562,2051.219122314453,1993.881251114929,2147.357593181725,-153.47634206679595,-181.21631318098778,27.73997111419183,37.93508279833017,2051.219122314453,2394.633937830951,1707.8043067979554,0.33483971729847395,120.47390311104911,63802387.6,0.2049086482776077,0.25412277698706554,0.05829632616672851
2025-03-21,1964.146484375,1992.638427734375,1938.3179931640625,1979.8544921875,10789267,-0.007805391756619873,-0.007836013272888307,1971.0978515625,1935.4058715820313,2038.9046325683594,1989.3066716164783,2133.7863999367823,-144.47972832030405,-173.86899620885106,29.38926788854701,40.200698840855374,2038.9046325683594,2375.883111265246,1701.9261538714725,0.3305485438741714,115.28461565290179,60065092.75,0.17962624389687637,0.4754838839286199,0.05828866311889395
2025-03-22,1975.3177490234375,2002.9134521484375,1964.2332763671875,1964.240966796875,3467216,0.005687592415996479,0.005671479130580702,1980.9014404296875,1942.4351806640625,2011.919677734375,1987.1545296790875,2122.0479813506086,-134.893451671521,-166.07388730138507,31.180435629864064,36.49931263188835,2011.919677734375,2264.1437002403245,1759.6956552284257,0.2507297138124114,109.98429652622768,57033805.05,0.06079229672578194,0.2865672771517616,0.0479054033937524
2025-03-23,2000.4339599609375,2019.555419921875,1973.6019287109375,1975.901611328125,15259321,0.012715023165218442,0.012634866009787454,1995.1170654296875,1956.409814453125,2004.602606201172,1989.1975189532184,2113.039535321744,-123.84201636852572,-157.6275131148132,33.78549674628749,48.852060193303885,2004.602606201172,2248.7145804908955,1760.4906319114486,0.24355148849409963,98.36111886160714,52921894.25,0.2883366367786429,0.5838953806794703,0.0359213269667325
2025-03-24,2072.73583984375,2098.484130859375,1972.2303466796875,2006.378173828125,15124837,0.03614309761279211,0.035505259407769475,1998.4464111328125,1972.6835815429688,1999.5619689941407,2002.0495683209924,2110.054076397448,-108.00450807645575,-147.7029121071417,39.698404030685964,66.86613571563569,1999.5619689941407,2232.9114244009625,1766.2125135873187,0.233400573750866,85.20567103794643,49693339.15,0.30436346719115576,0.7960592532661042,0.03683288478415348
2025-03-25,2064.7666015625,2090.11083984375,2040.677490234375,2072.572509765625,8990594,-0.003844792051191037,-0.0038522022640659777,2015.480126953125,1985.4768676757812,1990.7115173339844,2011.6983426658396,2106.6994486318963,-95.00110596605668,-137.16255087892472,42.161444912868035,63.15454166981731,1990.7115173339844,2197.2694862275266,1784.1535484404421,0.20752174998230818,76.13869803292411,46947491.0,0.1915031838442655,0.4873048562075079,0.035999267989586296
2025-03-26,2000.9498291015625,2077.809814453125,1981.7503662109375,2064.7666015625,7985338,-0.030907499381598202,-0.031395211772863044,2022.8407958984376,1996.9693237304687,1980.4624877929687,2010.0447251944124,2098.8661434815012,-88.82141828708882,-127.49432436055754,38.672906073468724,57.81565252954271,1980.4624877929687,2160.724997428122,1800.1999781578152,0.18204082202641303,75.23821149553571,43578685.75,0.18323953241292965,0.19987063469509136,0.03642418180857611
2025-03-27,2000.2838134765625,2032.3831787109375,1984.038330078125,2000.28515625,14528847,-0.0003328497373165096,-0.0003329051440854188,2027.8340087890624,2004.367724609375,1973.5958435058594,2008.5430464685892,2091.5637486663204,-83.02070219773123,-118.59959992799229,35.57889773026106,62.24522749953956,1973.5958435058594,2138.4572791116475,1808.7344079000713,0.1670670681115048,72.44793701171875,40577791.25,0.3580492321646512,0.33603339041279096,0.035880409055967455
2025-03-28,1895.608154296875,2008.5496826171875,1867.7757568359375,2000.28564453125,20245988,-0.05233040355296259,-0.053749364431351844,2006.86884765625,2000.9929565429688,1958.3572326660155,1991.1684476729408,2077.048519453769,-85.8800717808283,-112.0556942985595,26.1756225177312,48.849475435442166,1958.3572326660155,2087.408992188945,1829.3054731430861,0.13179593321413008,76.99979945591518,39715917.7,0.5097701166804463,0.19770989055323668,0.036680319734203444
2025-03-29,1825.3792724609375,1904.3568115234375,1805.4605712890625,1895.6036376953125,10083280,-0.03704820623225635,-0.03775192682976422,1957.3975341796875,1977.92197265625,1948.8305908203124,1965.6624207172479,2058.4063530098556,-92.74393229260772,-108.19334189736914,15.449409604761414,41.667091053755875,1948.8305908203124,2087.7464153828796,1809.9147662577454,0.1425632635457491,80.87688337053571,37583820.5,0.2682877862297155,0.20141009529437529,0.0327931925436858
2025-03-30,1803.5870361328125,1843.5255126953125,1781.8575439453125,1825.348876953125,10288122,-0.011938470353476283,-0.012010306203233529,1905.16162109375,1960.3208740234375,1945.504217529297,1940.7277461657964,2039.5308480560007,-98.80310189020429,-106.31529389593616,7.512192005731876,43.556942200295076,1945.504217529297,2095.129575876353,1795.8788591822408,0.15381653455069208,80.40548270089286,31438115.55,0.3272499582119514,0.3523627034330748,0.028743831399554852
2025-03-31,1824.0740966796875,1844.246826171875,1779.906494140625,1803.58251953125,15202667,0.011359063985513451,0.011295034240625777,1869.786474609375,1946.3136352539063,1940.8597534179687,1922.7810308602411,2023.5710886947923,-100.79005783455113,-105.21024668365916,4.42018884910803,41.75542152709095,1940.8597534179687,2099.6983515243596,1782.0211553115778,0.1636785943205497,80.47989327566964,27804732.75,0.5467654422968694,0.6864683649867658,0.02823882259466333
2025-04-01,1904.228759765625,1920.07470703125,1820.0162353515625,1824.0704345703125,21070973,0.043942657390859674,0.04300456208114203,1850.5754638671874,1939.204736328125,1940.8199584960937,1919.9268353072232,2014.7309161815208,-94.8040808742976,-103.12901352178686,8.324932647489263,48.19762810271509,1940.8199584960937,2099.69675296878,1781.9431640234075,0.1637213114768224,83.62833077566964,22072299.4,0.9546342507477948,0.8416331270302807,0.030025013611817395
2025-04-02,1796.47265625,1935.3443603515625,1783.6343994140625,1904.2249755859375,14007689,-0.05658779333260766,-0.05825196920000428,1830.7483642578125,1918.8086059570312,1937.6092102050782,1900.933884683035,1998.5636376680748,-97.62975298503966,-102.02916141443744,4.399408429397781,30.856463395753593,1937.6092102050782,2105.636460117269,1769.5819602928875,0.17343770769380956,84.74906703404018,19241136.25,0.7280073701468643,0.08462369086219884,0.03224949218319651
2025-04-03,1812.04736328125,1837.5238037109375,1755.582275390625,1796.47265625,17057912,0.008669604280958643,0.00863223906753327,1828.081982421875,1892.7397583007812,1932.711669921875,1887.2590352366065,1984.7476173431248,-97.48858210651838,-101.12104555285364,3.632463446335265,36.4257199612405,1932.711669921875,2109.6036584786543,1755.819681365096,0.18305057221901042,82.75148228236607,19201200.05,0.888377390766261,0.6890900016290881,0.031683109788625784
2025-04-04,1812.7354736328125,1828.675537109375,1766.4752197265625,1812.04736328125,15424352,0.0003797419236970523,0.00037966983998097433,1829.911669921875,1867.5366455078124,1926.5067565917968,1875.7938719129459,1972.005977068287,-96.21210515534108,-100.13925747335115,3.927152318010073,37.43266007423527,1926.5067565917968,2111.3187301145995,1741.6947830689942,0.1918622635404149,83.3143310546875,18964291.4,0.8133365847774308,0.7437301905407248,0.03146186883791123
2025-04-05,1803.594482421875,1821.722900390625,1778.0482177734375,1812.7354736328125,12991162,-0.0050426503722678095,-0.0050554074380081485,1825.8157470703125,1847.8011108398437,1922.3852172851562,1864.686273529704,1959.531051538923,-94.844778009219,-99.08036158052474,4.235583571305739,35.698512002007234,1922.3852172851562,2114.529568690368,1730.2408658799445,0.19990202762437284,83.66488211495536,18783710.15,0.69161852989943,0.584921586414344,0.03098566361373523
2025-04-06,1569.9066162109375,1810.9161376953125,1544.640625,1803.5946044921875,56335896,-0.12956785379889846,-0.13876547088655544,1758.951318359375,1804.7633911132812,1904.5655578613282,1819.3355570191247,1930.6699822553685,-111.33442523624376,-101.53117431166855,-9.80325092457521,23.389420414381647,1904.5655578613282,2153.0313474884924,1656.099768234164,0.2609159748810863,99.40216936383929,20309931.25,2.7738102756994807,0.09488664937394904,0.04161164766154806
2025-04-07,1556.980712890625,1616.5345458984375,1414.388671875,1571.14208984375,239253431,-0.008233549172185772,-0.008267632049129107,1711.0529296875,1770.9006469726562,1885.9468017578124,1778.9732733070477,1902.9892956357578,-124.01602232871005,-106.02814391507685,-17.987878413633197,15.596334458661687,1885.9468017578124,2178.489173303063,1593.4044302125617,0.3102339591685027,104.82303292410714,29699946.45,8.05568560208633,0.7053917953924622,0.04153402240914333
2025-04-08,1470.4735107421875,1607.74853515625,1449.89306640625,1556.9803466796875,45461408,-0.055560869464999274,-0.05716404034812955,1642.7381591796875,1735.4100708007813,1856.6660217285157,1731.5117713739924,1870.9510893473453,-139.4393179733529,-112.71037872673209,-26.72893924662081,14.11716390177618,1856.6660217285157,2191.654569661035,1521.677473795996,0.36084954861257434,112.56747000558036,28332098.05,1.6045902396557603,0.13037523816946472,0.038684990352189925
2025-04-09,1662.4185791015625,1676.1290283203125,1390.948486328125,1470.3046875,80561843,0.13053282970224678,0.12268905229853144,1612.6747802734376,1721.2932250976562,1840.8070495605468,1720.8820494859262,1855.5042367365465,-134.6221872506203,-117.09274043150974,-17.52944681911056,32.2986580608264,1840.8070495605468,2181.2779175056835,1500.3361816154102,0.3699147806136627,126.07611955915179,31706507.15,2.5408614900049,0.9519236160626806,0.05026654616004403
2025-04-10,1522.005126953125,1662.633544921875,1476.98291015625,1662.55322265625,45019341,-0.08446335592827803,-0.08824488937507755,1556.3569091796876,1691.086328125,1818.6999816894531,1690.2855998654952,1830.8005989748117,-140.51499910931648,-121.77719216707109,-18.737806942245385,28.18027698267737,1818.6999816894531,2182.0961138988123,1455.3038494800937,0.39962185722549803,135.88367571149553,33418010.85,1.3471580101542757,0.24251043822870996,0.053132895914000666
2025-04-11,1565.5843505859375,1584.5823974609375,1512.701171875,1522.0465087890625,33606658,0.02863277058734548,0.028230513259447594,1555.4924560546874,1657.2218872070312,1798.213311767578,1671.1007922840247,1811.1549509460062,-140.05415866198155,-125.43258546605321,-14.621573195928335,34.05499502285336,1798.213311767578,2170.5215830391744,1425.9050404959817,0.4140868815008726,130.9627685546875,34924982.95,0.9622526673273579,0.7357022403625557,0.053763466057170535
2025-04-12,1643.858154296875,1663.26953125,1545.7342529296875,1565.5831298828125,15755304,0.04999654198232295,0.0487868708138403,1572.8679443359374,1641.9604370117188,1780.384521484375,1666.9096172090785,1798.7625956386632,-131.8529784295847,-126.71666405875953,-5.1363143708251755,41.29751056134887,1780.384521484375,2146.0098375762846,1414.7592053924652,0.41072623546184706,132.29412841796875,34949782.1,0.45079834703747695,0.8348463777099103,0.055225280057909706
2025-04-13,1595.583251953125,1646.54638671875,1569.31494140625,1643.8663330078125,18246625,-0.029366829624298374,-0.029806667470619753,1597.889892578125,1620.3140258789062,1756.5268920898438,1655.9363302466243,1783.7122738841788,-127.77594363755452,-126.92851997451854,-0.8474236630359826,40.27482595653562,1756.5268920898438,2103.6314196989642,1409.4223644807232,0.3952168670713031,133.40580531529017,35105871.5,0.5197599210718925,0.34012454949127047,0.05438629918435992
2025-04-14,1623.9129638671875,1684.8182373046875,1595.035888671875,1595.563720703125,25412318,0.01775508227438749,0.017599302025807968,1590.18876953125,1601.4317749023437,1734.4842102050782,1651.0096584959415,1771.8752879569943,-120.86562946105278,-125.71594187182541,4.850312410772631,40.709639578979626,1734.4842102050782,2054.0709552472053,1414.8974651629512,0.3685092584432815,135.22309221540178,35926957.7,0.7073328672079573,0.3216342146516597,0.05476127562474158
2025-04-15,1590.4368896484375,1647.6290283203125,1590.4345703125,1623.934326171875,20513734,-0.020614450998057254,-0.020829894772803226,1603.8751220703125,1580.116015625,1713.958563232422,1641.6907709809407,1758.4354066008048,-116.74463561986408,-123.92168062143314,7.177045001569056,34.77585607503978,1713.958563232422,2013.5948961302518,1414.3222303345922,0.34964244681940715,132.161376953125,36553377.5,0.5611994131048492,4.055176004601131e-05,0.05460759679210043
2025-04-16,1576.07568359375,1602.1419677734375,1547.7742919921875,1590.43359375,25988398,-0.009029723938220546,-0.009070738985143639,1605.973388671875,1580.7329223632812,1692.7481567382813,1631.596142152142,1744.9272789706527,-113.33113681851069,-121.80357186084866,8.472435042337978,38.24145891740968,1692.7481567382813,1965.93445895377,1419.5618545227926,0.3227725295437749,125.20835658482143,37126355.05,0.6999986388375609,0.5205554806173517,0.05456124815427356
2025-04-17,1581.05322265625,1611.9654541015625,1568.947021484375,1576.071533203125,17034408,0.0031581853043696206,0.0031532087124079987,1593.41240234375,1583.1401733398438,1677.02041015625,1623.820308383543,1732.7884599844006,-108.96815160085748,-119.23648780885044,10.26833620799296,37.535135784591155,1677.02041015625,1936.9282598586742,1417.1125604538256,0.3099638479393443,122.42813546316964,36965776.05,0.46081564680149606,0.28141892748142394,0.05372260385533833
2025-04-18,1587.81298828125,1597.1751708984375,1573.3245849609375,1581.17236328125,10866644,0.004275482651775242,0.004266368744157194,1591.858349609375,1594.87412109375,1665.1420959472657,1618.280720675498,1722.0495361545375,-103.7688154790394,-116.14295334288825,12.374137863848844,37.941787819338295,1665.1420959472657,1918.1235407524841,1412.1606511420473,0.3038556834530117,119.68886893136161,37004944.25,0.29365384059455785,0.6074652988486081,0.05332568162379742
2025-04-19,1615.1849365234375,1619.026611328125,1585.48876953125,1587.818359375,3760057,0.017238773359460113,0.017091871573793094,1590.112744140625,1590.1507568359375,1655.721990966797,1617.8044461905658,1714.133639885567,-96.3291936950011,-112.18020141331083,15.85100771830973,40.0929234332939,1655.721990966797,1900.908108450766,1410.535873482828,0.2961682200534181,118.96480887276786,36678541.0,0.1025138104593637,0.8854525333857354,0.053541396195689366
2025-04-20,1584.5579833984375,1616.7459716796875,1566.7900390625,1615.180908203125,22988978,-0.018961886303200837,-0.019143968288920857,1588.936962890625,1596.4060424804688,1643.7461853027344,1612.6896057610077,1704.5354431087426,-91.84583734773491,-108.11332860019564,16.26749125246073,50.97960159081605,1643.7461853027344,1877.437654881862,1410.0547157236067,0.28434009054273535,103.51341029575893,37067856.55,0.6201863323008895,0.35567235764642013,0.05350910896699441
2025-04-21,1577.408447265625,1651.1671142578125,1568.079833984375,1584.5579833984375,24945937,-0.004512006633849208,-0.004522216458554321,1589.203515625,1597.5884521484375,1627.4051696777344,1607.2617352232564,1695.1186286018449,-87.85689337858844,-104.06204155587419,16.20514817728575,51.37644591636173,1627.4051696777344,1827.7283491377866,1427.0819902176822,0.24618722269356072,95.00922502790179,37261604.75,0.6694810158437956,0.11227486625422199,0.052227478490104506
2025-04-22,1756.034423828125,1759.3658447265625,1545.58251953125,1577.2611083984375,38658905,0.11324015468038162,0.10727482141715643,1624.199755859375,1608.8060791015625,1625.3832580566407,1630.1498411624668,1699.6309097297174,-69.48106856725053,-97.14584695814946,27.66477839089893,67.11656913950591,1625.3832580566407,1819.2331427683484,1431.533373344933,0.23852821634631674,99.00407191685268,38494165.55,1.004279595300904,0.9844168346374158,0.057466198946582316
2025-04-23,1798.91455078125,1816.75048828125,1747.0108642578125,1756.0426025390625,124489959,0.02441872799944722,0.0241253570967058,1666.420068359375,1629.139208984375,1624.7266174316405,1656.1136426422797,1706.9852535113123,-50.871610869032565,-87.8909997403261,37.01938887129353,59.961752145851435,1624.7266174316405,1815.9858476321247,1433.4673872311564,0.23543558423733554,83.61543491908482,43865767.9,2.837975144622967,0.7442495889933628,0.057692560503651485
2025-04-24,1766.567138671875,1799.77099609375,1726.37060546875,1798.91455078125,15868969,-0.01798162791852831,-0.018145261962076803,1696.6965087890626,1643.4046264648437,1622.4182006835938,1673.1064881852942,1711.3987264861687,-38.29223830087449,-77.97124745243578,39.67900915156129,71.19129336941492,1622.4182006835938,1805.0425030371946,1439.793898329993,0.22512605230470592,75.59756033761161,43887998.75,0.36157877898226104,0.5476337776322109,0.05785240266605227
2025-04-25,1785.7099609375,1819.203369140625,1742.6312255859375,1766.35986328125,27387111,0.010836170245992927,0.010777879672834322,1736.926904296875,1662.93193359375,1621.523974609375,1690.4300993779414,1716.9032623714525,-26.473162993511096,-67.67163056065084,41.198467567139744,69.91734485620452,1621.523974609375,1800.5527174913555,1442.4952317273946,0.22081541276638653,75.93262590680804,44607796.2,0.613953464035957,0.5625901711262654,0.057884234049043456
2025-04-26,1820.15185546875,1828.017822265625,1782.0416259765625,1785.54541015625,17145933,0.019287507649432545,0.01910386130375753,1785.4755859375,1687.33955078125,1634.0362365722656,1710.3872926226811,1724.5513063045858,-14.164013681904635,-56.97010718490159,42.80609350299696,67.32562184936452,1634.0362365722656,1831.867201405822,1436.2052717387091,0.24213779401679422,70.82126290457589,42648298.05,0.4020308847940065,0.8289121884788152,0.049104076229672056
2025-04-27,1791.9866943359375,1851.9156494140625,1789.0245361328125,1820.1524658203125,15952089,-0.015474072148534579,-0.015595045189343125,1792.6660400390624,1708.4328979492188,1645.7865356445313,1722.9410467324128,1729.546520232834,-6.6054735004211125,-46.8971804480055,40.29170694758439,70.09628357828277,1645.7865356445313,1852.0824821747472,1439.4905891143155,0.25069587344682603,69.79695347377232,31483230.95,0.5066852581088092,0.047099789590417745,0.049260632347638465
2025-04-28,1798.0526123046875,1821.406494140625,1751.8173828125,1791.9771728515625,21422890,0.003385024000414072,0.003379307702909571,1792.49365234375,1729.4568603515625,1662.1654907226562,1734.4966722050706,1734.6210455714897,-0.12437336641914953,-37.54261903168823,37.41824566526908,68.66879403332281,1662.1654907226562,1861.7627069237578,1462.5682745215545,0.2401652751367413,68.35457938058036,30281305.05,0.7074625735128282,0.6644032177323859,0.04695635476345385
2025-04-29,1793.546875,1835.84912109375,1780.298583984375,1798.01123046875,17357093,-0.002505898478083024,-0.002509043496838043,1797.889599609375,1747.2930541992187,1668.721905517578,1743.581318788906,1738.9859218254535,4.595396963452458,-29.115015832660095,33.71041279611255,73.2167091175017,1668.721905517578,1876.7890778588728,1460.6547331762833,0.2493730940467995,68.23715645926339,27121067.55,0.639985611480843,0.23849078159505754,0.037650568263895935
2025-04-30,1792.4976806640625,1814.4818115234375,1747.09619140625,1793.546875,10901556,-0.0005849829466751943,-0.0005851541159564736,1799.2471435546875,1768.0870239257813,1682.246533203125,1751.1069129235455,1742.9497558134985,8.15715711004691,-21.660581244118692,29.817738354165602,75.51484338324542,1682.246533203125,1885.2622558502148,1479.230810556035,0.24136262865173816,69.16700962611607,25415178.3,0.4289387967819214,0.6737563470087404,0.0313713656631248
2025-05-01,1838.02490234375,1866.7513427734375,1792.441650390625,1792.6248779296875,15825046,0.025398761834281025,0.025081572871396726,1802.8217529296876,1794.1486694335938,1695.8685607910156,1764.4789112958845,1749.992359260184,14.48655203570047,-14.43115458815486,28.91770662385533,77.65160152707531,1695.8685607910156,1902.4541948898736,1489.2829266921576,0.24363401607315469,71.402099609375,24526097.7,0.645232934874919,0.6134226974344733,0.03127117257269484
2025-05-02,1840.4903564453125,1861.56103515625,1815.089111328125,1838.006103515625,17253944,0.0013413605541572338,0.0013404617337608123,1812.5224853515624,1802.5942626953124,1705.7001708984376,1776.1729797804119,1756.6959146072304,19.477065173181472,-7.649510635887592,27.126575809069063,77.44313452635727,1705.7001708984376,1920.4195153924145,1490.9808264044607,0.2517668089121179,73.01790945870536,24601029.7,0.701350480463832,0.546593362600337,0.029727318132193314
2025-05-03,1833.35595703125,1844.106201171875,1816.0482177734375,1840.552734375,5967862,-0.0038763579440002083,-0.003883890491656946,1819.583154296875,1806.0384033203125,1717.5888061523438,1784.9703608959253,1762.3744362682687,22.595924627656586,-1.6004235831787545,24.196348210835342,74.78496208737309,1717.5888061523438,1932.9657614781952,1502.2118508264923,0.2507898916834793,72.62649100167411,23987091.55,0.24879473143128933,0.6168561370168811,0.028655369387847653
2025-05-04,1807.314453125,1846.5084228515625,1805.5089111328125,1833.35595703125,8326710,-0.014204281392479312,-0.014306127784278725,1822.336669921875,1810.113134765625,1726.7588806152344,1788.4079135465522,1765.7033264058043,22.70458714074789,3.2605785616065757,19.444008579141315,75.57230834512578,1726.7588806152344,1940.9565655943918,1512.561195636077,0.24809217706509204,71.98674665178571,23132811.15,0.35995236143187037,0.044038134018103525,0.028933742197813285
2025-05-05,1818.1815185546875,1828.968505859375,1784.0294189453125,1807.314453125,10620751,0.006012824946371342,0.005994820051924111,1827.4734375,1813.3602905273438,1738.1461120605468,1792.9884681631886,1769.5905998983142,23.397868264874432,7.288036502260149,16.109831762614284,77.40667632461718,1738.1461120605468,1945.9487065919534,1530.3435175291402,0.23910831556624393,69.26187569754464,22638162.0,0.4691525310226157,0.759964252657932,0.028261971145071042
2025-05-06,1815.1612548828125,1818.20166015625,1753.9952392578125,1818.193603515625,14736774,-0.0016611452932795423,-0.0016625265249518265,1822.9007080078125,1812.86123046875,1750.100390625,1796.3996661200538,1772.96620397124,23.43346214881376,10.517121631570873,12.916340517242887,61.212951795375155,1750.100390625,1945.8018414530798,1554.3989397969203,0.22364597125561506,58.577811104910715,22075580.8,0.6675599674369609,0.9526463982819833,0.028088499661761197
2025-05-07,1815.1065673828125,1844.1671142578125,1791.7576904296875,1814.855224609375,14671290,-3.0128177236576903e-05,-3.0128631099224763e-05,1817.8239501953126,1815.1732177734375,1761.8030578613282,1799.277650929709,1776.0877123720973,23.18993855761164,13.051685016779029,10.138253540832611,53.666193300383796,1761.8030578613282,1942.3462933460044,1581.259822376652,0.2049528006879947,57.339939662388396,21957424.9,0.6681698817970226,0.44550913257970154,0.02812311547381733
2025-05-08,2204.305908203125,2206.27490234375,1809.3956298828125,1815.1114501953125,67611289,0.21442230875815516,0.19426849768002027,1892.0139404296874,1855.7985473632812,1792.627703857422,1861.5896905102345,1807.8075787299513,53.78211178028323,21.197770369479873,32.58434141080336,87.88760787429527,1792.627703857422,2044.5104613204162,1540.7449463944276,0.2810207126900767,80.44557407924107,24794657.15,2.7268491187828343,0.9950388083046862,0.05415242442217976
2025-05-09,2343.02587890625,2459.045166015625,2185.547119140625,2204.35986328125,134849292,0.06293136092721574,0.06103052618113763,1999.1562255859376,1910.7464477539063,1829.0197509765626,1935.6567964173137,1847.4533787430103,88.20341767430341,34.59889983044459,53.60451784385882,89.96483854160832,1829.0197509765626,2168.1604546462745,1489.879047306851,0.3708442224187415,94.51171003069196,31349118.9,4.301533718703654,0.5757948239822034,0.05508381821723191
2025-05-10,2585.2119140625,2590.009033203125,2326.186767578125,2343.350341796875,52659413,0.10336464370137688,0.09836427829529341,2152.5623046875,1990.01787109375,1879.0524475097657,2035.5883529781117,1902.1021591370466,133.4861938410652,54.37635863256871,79.10983520849648,92.26842030296032,1879.0524475097657,2339.790436178988,1418.3144588405435,0.4903939634892258,110.0721435546875,32832640.65,1.6038738267005643,0.9818168525727777,0.057269277735936645
2025-05-11,2506.301025390625,2587.3095703125,2450.56982421875,2585.201904296875,42111370,-0.030523953662224712,-0.03099951183748516,2290.7902587890626,2056.8454833984374,1925.4970764160157,2108.0056871954216,1946.8576307113856,161.14805648403603,75.73069820286219,85.41735828117385,87.36939913672482,1925.4970764160157,2442.092653133549,1408.9014996984827,0.5365841195449517,115.3470458984375,33690912.3,1.2499326116497,0.4075713372291146,0.058289514828584514
2025-05-12,2490.2138671875,2616.328125,2419.4365234375,2506.33984375,45413558,-0.006418685560972359,-0.006439373898609261,2425.81171875,2121.817834472656,1962.2060485839843,2166.8069456557414,1987.1062408207274,179.700704835014,96.52469952929256,83.17600530572143,85.83472401653324,1962.2060485839843,2529.911252356457,1394.5008448115113,0.578639744976991,124.44008091517857,34028644.95,1.3345685103455756,0.3594736554770629,0.054779083689872714
2025-05-13,2680.330322265625,2701.19677734375,2421.392578125,2490.181640625,49324514,0.076345432648661,0.07357144427927892,2521.0166015625,2206.515270996094,2006.276837158203,2245.810542057262,2038.4561727796088,207.35436927765318,118.69063347896471,88.66373579868846,88.5096026315237,2006.276837158203,2652.0839394384616,1360.4697348779446,0.643786630358564,140.45819963727678,30270372.7,1.6294650379379043,0.9254247965340008,0.05626450696681166
2025-05-14,2607.80029296875,2708.378173828125,2554.983642578125,2680.30810546875,20372450,-0.027060108485273182,-0.027432975153782607,2573.971484375,2286.563854980469,2048.338494873047,2301.5012729667214,2080.629811312138,220.87146165458353,139.1267991140885,81.74466254049503,83.33588049839518,2048.338494873047,2736.5938683449763,1360.0831214011173,0.6720133173248659,146.60169328962053,30495546.75,0.6680467206248729,0.34431899205782024,0.05663522371168678
2025-05-15,2538.4365234375,2637.781005859375,2482.021484375,2607.76416015625,22800515,-0.026598574176968648,-0.026958716797507706,2564.61640625,2358.58935546875,2085.974822998047,2337.952849962226,2114.5414196177203,223.4114303445058,155.98372536017197,67.42770498433381,78.09069120337705,2085.974822998047,2795.7480851863356,1376.2015608097583,0.6805194908039915,152.41953822544642,30266216.95,0.7533321735473782,0.36219319705946407,0.057600879837549995
2025-05-16,2542.064697265625,2637.90576171875,2534.596435546875,2538.44384765625,21436318,0.001429294683804816,0.001428274214410165,2571.769140625,2431.2796997070313,2122.0704650878906,2369.3546726242876,2146.209810554602,223.1448620696856,169.41595270207472,53.72890936761087,78.11110566558933,2122.0704650878906,2848.162254767907,1395.978675407874,0.6843239200824028,156.47935267857142,30480736.2,0.7032742863999459,0.07229029551119327,0.05773734017370214
2025-05-17,2472.54296875,2544.088134765625,2451.764404296875,2542.10302734375,12082961,-0.02734852837947288,-0.0277294607383482,2568.2349609375,2497.02333984375,2156.098278808594,2385.2297951051664,2170.3826370875945,214.84715801757193,178.50219376517418,36.344964252397745,74.39185044566827,2156.098278808594,2880.843163349009,1431.3533942681788,0.6722744428337386,161.06976318359375,30287279.8,0.3989450713233085,0.22506201109266885,0.05816224759442678
2025-05-18,2489.890869140625,2577.69677734375,2357.2958984375,2472.53515625,19931621,0.0070162179625923304,0.006991718832747741,2530.1470703125,2525.5818359375,2190.6901916503907,2401.331498802929,2194.0499135359673,207.28158526696188,184.25807206553174,23.02351320143015,76.22160492935595,2190.6901916503907,2909.497791527897,1471.8825917728843,0.6562384791945239,173.88414655412947,30212716.35,0.6597096655958244,0.6016081757709763,0.058120892699708694
2025-05-19,2526.51171875,2528.4453125,2356.396484375,2489.662353515625,41644440,0.014707813126771496,0.014600702210943272,2513.88935546875,2543.930419921875,2227.3384338378905,2420.5899941794014,2218.676713922192,201.9132802572094,187.7891137038673,14.124166553342121,76.68297787396854,2227.3384338378905,2935.5522207386775,1519.1246469371035,0.6359283134898143,182.96341378348214,31427083.7,1.3251130902737882,0.9887613662879308,0.05793037857540731
2025-05-20,2518.09130859375,2576.77001953125,2450.126220703125,2526.51171875,12915841,-0.003332820542156889,-0.0033383867594498897,2509.8203125,2537.218359375,2263.618115234375,2435.590196396993,2240.8555727867515,194.73462361024167,189.1782156851422,5.556407925099478,76.37225752067384,2263.618115234375,2952.1051820709895,1575.1310483977609,0.6083067300115932,187.42322649274553,31527797.95,0.4096651792961646,0.5366633701307191,0.0579818419016314
2025-05-21,2551.167236328125,2604.596923828125,2461.66650390625,2518.09130859375,38198234,0.013135317063957652,0.013049796862697098,2511.6408203125,2541.70498046875,2299.2752319335937,2453.371279463321,2263.8416219379646,189.52965752535647,189.24850405318506,0.28115347217141107,76.94754465233393,2299.2752319335937,2968.5552709485446,1629.9951929186425,0.5821660927927403,193.8890119280134,32646457.35,1.170057552967535,0.6261839324654176,0.057970955569813576
2025-05-22,2657.6962890625,2688.621826171875,2551.10546875,2551.14990234375,23783424,0.04175698528007965,0.040908696630395015,2548.671484375,2558.45322265625,2340.135528564453,2484.805896324733,2293.016041724967,191.78985459976593,189.75677416250124,2.0330804372646867,70.93102283099053,2340.135528564453,2991.011169668068,1689.2598874608384,0.5562717485024398,175.36308942522322,32972931.35,0.7213014744592916,0.7751137559421222,0.05806467426398423
2025-05-23,2517.80810546875,2723.31884765625,2509.795166015625,2657.71923828125,33060068,-0.05263512771171286,-0.054070967195210866,2554.254931640625,2542.2010009765627,2374.3581359863283,2489.8831592699667,2309.6673057059884,180.21585356397827,187.84859004279667,-7.632736478818401,58.0602261836995,2374.3581359863283,2983.689780046159,1765.0264919264978,0.5132600973919287,171.07920619419642,34327541.65,0.9630770632245377,0.03752716977892904,0.06010773733477476
2025-05-24,2527.821044921875,2572.349609375,2516.2724609375,2517.904541015625,7192140,0.003976847731714139,0.003968960975477748,2554.516796875,2534.203076171875,2410.383465576172,2495.719757062568,2325.8268419442024,169.89291511836564,184.25745505791048,-14.36453993954484,46.6322025919116,2410.383465576172,2960.9161909010954,1859.8507402512487,0.45680094739060567,156.24026925223214,34270813.15,0.20986195946156008,0.20594099921444656,0.05973831907365331
2025-05-25,2549.341552734375,2549.342529296875,2471.16650390625,2527.862060546875,11741602,0.008513461764127817,0.008477426626589261,2560.766845703125,2535.2935791015625,2446.9414672851562,2503.969264089,2342.383487187919,161.58577690108086,179.72311942654457,-18.13734252546371,52.70809907402287,2446.9414672851562,2924.1121400519914,1969.770794518321,0.3900139657171683,152.05714634486608,34326855.7,0.34205294253035823,0.999987508030819,0.0597134758809131
2025-05-26,2558.304931640625,2589.21435546875,2528.991943359375,2549.346435546875,9401709,0.0035159584233175334,0.0035097918914529513,2562.194384765625,2536.9176025390625,2484.0986511230467,2512.3285975584804,2358.37766825849,153.95092929999055,174.5686814012338,-20.61775210124324,54.323026411442136,2484.0986511230467,2858.876831188183,2109.3204710579103,0.3017417846072268,142.29506138392858,34060102.45,0.27603290429914723,0.48674550303871517,0.05963219012183902
2025-05-27,2662.620849609375,2706.292236328125,2516.996826171875,2558.317138671875,20798024,0.04077540432283522,0.039966016425434146,2563.179296875,2555.925390625,2526.474365234375,2535.450482489387,2380.914200210407,154.5362822789798,170.562201576783,-16.0259192978032,48.73817199325615,2526.474365234375,2739.5147589914754,2313.4339714772746,0.16864639252916955,135.83014787946428,34366439.15,0.6051841422738731,0.7692950574427805,0.059649983034759366
2025-05-28,2675.78076171875,2681.365478515625,2613.3076171875,2662.5517578125,15324565,0.004942465657964634,0.004930291770776239,2594.773828125,2574.5143798828126,2550.0481079101564,2557.0397562169815,2402.7561677295434,154.283588487438,167.306478958914,-13.02289047147599,55.29139058249231,2550.0481079101564,2710.946868474708,2389.149347345605,0.1261927255924698,129.73467145647322,31752102.95,0.4826314976406941,0.9179416352928135,0.03853460326275701
2025-05-29,2628.461669921875,2771.310791015625,2626.487548828125,2675.83642578125,31710104,-0.017684218555514386,-0.01784245262105647,2614.901953125,2584.709375,2564.3198974609377,2568.0277429408115,2419.4750938178645,148.55264912294706,163.5557129917206,-15.003063868773552,57.25630075325276,2564.3198974609377,2695.8587705099208,2432.7810244119546,0.10259162531104356,128.95350864955358,26595143.55,1.1923268599916994,0.013631244983853,0.03693636833028277
2025-05-30,2526.2294921875,2644.276123046875,2514.48681640625,2628.461669921875,30210329,-0.03889430038270769,-0.03967088686427895,2610.279541015625,2585.523193359375,2561.3707763671873,2561.5972428249174,2427.38282703043,134.21441579448765,157.68745355227404,-23.473037757786386,48.898693224401974,2561.3707763671873,2693.5805085879315,2429.161044146443,0.10323357589662072,130.84493582589286,25472689.35,1.1859889854935948,0.09047490956138375,0.030398601005830216
2025-05-31,2528.205078125,2546.161865234375,2488.073974609375,2526.248291015625,16517093,0.0007820294805398476,0.0007817238548141363,2604.2595703125,2583.2269775390623,2562.4659790039063,2556.4599867172374,2434.8511419263236,121.60884479091374,150.47173180000198,-28.86288700908824,54.2726175573263,2562.4659790039063,2693.1085285623717,2431.823429445441,0.10196627048234946,128.39951869419642,24192975.5,0.6827226770845116,0.6908686660321695,0.029578034185483236
2025-06-01,2533.2666015625,2544.937744140625,2475.236083984375,2528.205078125,17407154,0.0020020224946522003,0.0020000211183727,2578.388720703125,2570.7840087890627,2564.618615722656,2552.891773616509,2442.141175973448,110.75059764306116,142.5275049686138,-31.776907325552656,53.39352531864379,2564.618615722656,2691.616393507669,2437.6208379376435,0.09903833420411115,117.63528878348214,22792655.3,0.7637176876008825,0.8325557445792914,0.029529069743708006
2025-06-02,2607.92333984375,2612.57958984375,2477.4326171875,2533.23388671875,16002876,0.029470541408946893,0.02904463261195085,2564.817236328125,2579.7955322265625,2560.9982666015626,2561.3581684206997,2454.4213362601367,106.93683216056297,135.40937040700365,-28.472538246440678,56.01150879925582,2560.9982666015626,2677.828355071072,2444.168178132053,0.09123792857895427,114.99944196428571,21126573.4,0.7574761745319286,0.9655467679509272,0.024726062626130012
2025-06-03,2590.1240234375,2647.436767578125,2589.1044921875,2608.0546875,18668370,-0.006825091878397194,-0.0068484893386198875,2557.14970703125,2586.025830078125,2560.114453125,2565.7836845771303,2464.473387162164,101.3102974149665,128.58955580859623,-27.279258393629732,55.24629562587617,2560.114453125,2675.7147517769386,2444.514154473062,0.09030869577790245,110.12004743303571,21041369.4,0.8872221976198945,0.01747799555216864,0.02401053443398454
2025-06-04,2608.58837890625,2669.84375,2584.2548828125,2590.11474609375,14763736,0.007128753411678401,0.00710346396609471,2573.621484375,2591.9505126953127,2563.6220458984376,2572.3690221662255,2475.1485717357996,97.2204504304259,122.31573473296216,-25.095284302536257,54.273050695524184,2563.6220458984376,2680.700528512999,2446.543563283876,0.09133833343481838,106.02422223772321,20639530.45,0.7153135598586255,0.28430679001276427,0.02322026473563334
2025-06-05,2418.300048828125,2636.572509765625,2400.6826171875,2608.7041015625,20632653,-0.0729468595416769,-0.07574438986154872,2551.640478515625,2577.9500244140627,2557.4338134765626,2548.666103191133,2470.9375700389346,77.72853315219845,113.39829441680942,-35.66976126461097,34.15974864102999,2557.4338134765626,2691.2033653784024,2423.664261574723,0.10461232755814247,113.0509033203125,20599347.2,1.0016168376442531,0.07468497885742767,0.028588061900156392
2025-06-06,2477.1279296875,2522.91015625,2401.65283203125,2418.298583984375,10748901,0.024326129790173123,0.024034962034592447,2540.412744140625,2559.400732421875,2557.6630615234376,2537.6602303444197,2471.3961151980875,66.26411514633219,103.97145856271399,-37.7073434163818,46.98485642483657,2557.6630615234376,2690.834435233764,2424.491687813111,0.10413519725385928,106.46044921875,20532644.2,0.5235030079564716,0.6224374332544849,0.028520826311927545
2025-06-07,2521.41845703125,2540.004150390625,2462.892822265625,2477.69921875,6760069,0.017879790063703993,0.017721826739023634,2523.111767578125,2543.964501953125,2559.2394409179688,2535.161495988547,2475.101473852396,60.06002213615102,95.18917127740141,-35.129149141250394,49.54839811775435,2559.2394409179688,2689.7528578850547,2428.726023950883,0.10199390872178209,107.962890625,19874066.6,0.34014523227973886,0.7589758363798801,0.02875422160130586
2025-06-08,2508.540771484375,2543.361083984375,2493.74072265625,2521.387939453125,6195951,-0.0051073178714006184,-0.005120404797732285,2506.7951171875,2531.972412109375,2558.3408935546877,2531.065999910982,2477.578458862172,53.48754104881027,86.8488452316832,-33.36130418287293,47.08662581341574,2558.3408935546877,2690.045048128304,2426.636738981071,0.1029605983357598,105.92320033482143,18101642.15,0.3422866803275083,0.29826563993103417,0.028599082023655246
2025-06-09,2678.247802734375,2687.86328125,2476.981201171875,2508.977783203125,11223969,0.06765169343832489,0.06546155760673819,2520.727001953125,2547.1742431640623,2566.3487182617187,2553.709354191504,2492.4428547045572,61.26649948694694,81.73237608273595,-20.465876595789013,56.96551708493097,2566.3487182617187,2706.925393893503,2425.7720426299343,0.10955383781749042,116.68460518973214,18017048.55,0.6229637983630787,0.9544035295857912,0.03232109434077956
2025-06-10,2807.717529296875,2813.02978515625,2660.377197265625,2678.810546875,35373002,0.04834120518285023,0.04720911037456046,2598.610498046875,2575.12548828125,2579.176232910156,2592.7875349769456,2515.796534303988,76.9910006729574,80.78410100078025,-3.793100327822856,58.18710002347373,2579.176232910156,2756.053282762492,2402.2991830578203,0.13715778518380697,114.0672607421875,17875786.95,1.9788220848089713,0.9652003549862305,0.03379358335521937
2025-06-11,2775.148193359375,2873.615966796875,2754.6171875,2807.703369140625,17492959,-0.011599933254559325,-0.011667737338909866,2658.21455078125,2599.3136474609373,2585.048828125,2620.8430208819345,2535.007768308091,85.83525257384372,81.79433131539295,4.040921258450766,55.48664375538037,2585.048828125,2779.798839923775,2390.298816326225,0.15067414563308826,117.70589773995536,17561263.7,0.9961104906134973,0.17253123081564964,0.03286130726085316
2025-06-12,2650.49560546875,2781.548095703125,2628.4580078125,2775.0087890625,14053891,-0.04491745276483072,-0.04595750534139479,2684.02998046875,2603.5708740234377,2591.683203125,2625.404956972214,2543.5624229125838,81.84253405963045,81.80397186424045,0.03856219538999994,51.12089455957964,2591.683203125,2785.827810625778,2397.538595624222,0.1498212491917857,118.29638671875,16610954.85,0.8460615977172439,0.14395182574168494,0.032216545626693155
2025-06-13,2577.36962890625,2650.50244140625,2457.150634765625,2650.50244140625,24225617,-0.027589548313764256,-0.027977288257500097,2697.795751953125,2602.2954345703124,2594.1606323242186,2618.0149065005276,2546.066660393596,71.94824610693149,79.83282671277867,-7.884580605847177,52.680956569194706,2594.1606323242186,2786.126287695755,2402.1949769526823,0.14799827965899406,122.83656529017857,17462628.7,1.387283519347806,0.621762973013505,0.032934829341304775
2025-06-14,2528.37451171875,2577.36962890625,2492.816650390625,2577.36962890625,9124734,-0.01900973637541148,-0.019192744415477653,2667.82109375,2594.2740478515625,2593.1122802734376,2604.2240765341003,2544.756130862126,59.46794567197412,75.75985050461776,-16.291904832643638,50.008465025053546,2593.1122802734376,2786.333421063575,2399.8911394833003,0.14902643611696023,124.7269287109375,17331785.3,0.5264739807271903,0.42053942922127435,0.03319978874313801
2025-06-15,2547.052734375,2555.26025390625,2498.66357421875,2528.371826171875,9113365,0.00738744302700356,0.007360289517762544,2615.688134765625,2607.14931640625,2592.549670410156,2595.4284854327,2544.926249640858,50.502235791842395,70.70832756206269,-20.206091770220297,50.67951963348202,2592.549670410156,2786.262449425898,2398.836891394414,0.1494380464348793,123.79085867745536,17317368.1,0.5262557767077781,0.8549823137131392,0.03323195086189414
2025-06-16,2547.370361328125,2670.49365234375,2517.679931640625,2547.052734375,16364236,0.00012470372082939996,0.00012469594596676843,2570.132568359375,2614.1735595703126,2586.787145996094,2588.0349278781505,2545.1072949510253,42.92763292712516,65.15218863507519,-22.22455570795003,46.779315211189406,2586.787145996094,2778.5705268928,2395.0037650993877,0.14827921284018608,125.05276925223214,17095678.7,0.957214760944238,0.1942916483477123,0.031840471131724404
2025-06-17,2510.617431640625,2612.607666015625,2461.244384765625,2548.143798828125,166161189,-0.014427791987160488,-0.014532884639374844,2542.15693359375,2613.09345703125,2578.5289794921873,2576.124543841608,2542.552490261366,33.57205358024203,58.836161624108556,-25.26410804386653,45.854788595605804,2578.5289794921873,2768.391603018992,2388.6663559653825,0.14726429296458488,131.69784109933036,24637509.9,6.744236315862424,0.3261890629220097,0.03192142402858832
2025-06-18,2531.948486328125,2541.216796875,2470.4814453125,2510.617431640625,159441618,0.008496338159159844,0.008460447428006255,2533.072705078125,2615.434228515625,2573.7033203125,2569.3282273010723,2541.767008488533,27.56121881253921,52.58117306179469,-25.019954249255484,46.01615735719668,2573.7033203125,2763.12785279181,2384.2787878331906,0.14719997521416697,130.63687569754464,31024085.6,5.139285007645801,0.8689720153949406,0.0318110275584284
2025-06-19,2531.0673828125,2532.74365234375,2497.356201171875,2531.93115234375,145768039,-0.0003479942504291955,-0.00034805481447939646,2533.611279296875,2600.7161865234375,2573.94521484375,2563.4419435336,2540.974443623642,22.46749990995795,46.55843843142735,-24.090938521469397,57.29907571431055,2573.94521484375,2763.126688677544,2384.763741009956,0.14699728086114536,116.31527273995536,36801971.1,3.960875861890995,0.9526309613926486,0.030562128646136312
2025-06-20,2405.782470703125,2563.00830078125,2378.18017578125,2531.0673828125,154960927,-0.04949884501698232,-0.0507659019223371,2505.3572265625,2560.5226806640626,2567.824084472656,2539.186640021219,2530.9602234073077,8.22641661391117,38.892034067924115,-30.665617454012946,45.74784948692959,2567.824084472656,2770.665960336386,2364.982208608926,0.15798736143203262,120.85604422433036,43724162.8,3.5440570402413747,0.14934033941198935,0.032544984824131026
2025-06-21,2284.400146484375,2448.268310546875,2238.24267578125,2405.781494140625,148110642,-0.05045440545722912,-0.05177173035371256,2452.76318359375,2511.4478759765625,2555.38076171875,2499.9887179386274,2512.6965140056086,-12.707796066981246,28.57206804094304,-41.27986410792428,37.06268135129654,2555.38076171875,2794.4474160423993,2316.3141073951006,0.18710844028022897,130.34992327008928,50259337.2,2.946927879502557,0.2197706520560504,0.034275506449120544
2025-06-22,2227.04150390625,2307.832275390625,2128.918701171875,2284.37939453125,152019155,-0.02510884210299069,-0.025429447141853034,2396.047998046875,2469.1024658203123,2536.336669921875,2457.996838856723,2491.536883627878,-33.54004477115495,16.14964547852344,-49.68969024967839,35.34631256140011,2536.336669921875,2815.156931513882,2257.516408329868,0.2198606083320911,139.58515276227678,57060151.15,2.66419124268303,0.5484368816472251,0.03358626547836021
2025-06-23,2415.7021484375,2426.20751953125,2196.865234375,2227.051025390625,100773140,0.08471357368074983,0.081315964750604,2372.79873046875,2452.9357177734373,2527.615576171875,2451.489963407612,2485.919495835998,-34.42953242838621,6.033809897141506,-40.46334232552772,36.59743127205799,2527.615576171875,2810.2374979402507,2244.9936544034995,0.22362729873378312,140.90373883928572,61165389.65,1.6475516722225279,0.9541934837871932,0.039393139686708545
2025-06-24,2445.103515625,2472.188232421875,2382.869384765625,2415.7021484375,15419161,0.012170940530279006,0.012097470168452803,2355.60595703125,2444.6086181640626,2519.4413330078123,2450.507432979518,2482.8960898944424,-32.38865691492447,-1.650683465271691,-30.737973449652777,29.382682734455884,2519.4413330078123,2801.6589593666426,2237.223706648982,0.22403190950424504,136.37990025111608,61198160.9,0.2519546465652042,0.6967637008923345,0.039475723734985646
2025-06-25,2417.139404296875,2463.947265625,2402.488525390625,2445.09814453125,13044781,-0.0114367801401557,-0.011502683070194357,2357.87734375,2431.61728515625,2519.38330078125,2445.373890105265,2478.0252242946226,-32.651334189357385,-7.850813610088832,-24.800520579268554,29.537364859622585,2519.38330078125,2801.6889596461106,2237.0776419163894,0.2241069540925502,132.2698974609375,60818767.3,0.21448611307187743,0.2383856038700845,0.03593542670645002
2025-06-26,2426.7578125,2507.441650390625,2409.29931640625,2417.139404296875,11292920,0.003979252576838066,0.003971356291912762,2386.348876953125,2419.5560302734375,2516.864794921875,2442.509878165994,2474.227638235762,-31.71776006976779,-12.624202902024626,-19.093557167743164,35.27561210895047,2516.864794921875,2801.6455642077935,2232.084025635956,0.22629802749873856,128.34505789620536,60845968.25,0.1855984927974254,0.17788955472314966,0.03551330775740572
2025-06-27,2420.670166015625,2453.143798828125,2393.51708984375,2426.724609375,8715705,-0.0025085513078471067,-0.002511702994561021,2425.074609375,2410.5613037109374,2511.8273803710936,2439.149922450553,2470.2604180713074,-31.11049562075459,-16.32146144577062,-14.789034174983971,38.68945642018259,2511.8273803710936,2799.81516191794,2223.8395988242473,0.22930539239866027,118.79326520647321,60943750.05,0.14301228580206152,0.45538445152887,0.03525148737910535
2025-06-28,2435.58642578125,2443.42529296875,2409.331298828125,2420.670166015625,8866578,0.006162037263497622,0.006143129545499545,2429.05146484375,2400.92509765625,2508.1796630859376,2438.601692193737,2467.69197419797,-29.090282004232904,-18.87522555746308,-10.215056446769825,42.95603405775882,2508.1796630859376,2798.1837775947706,2218.1755485771046,0.2312466836223579,115.18905203683036,61077281.4,0.14516982086894262,0.770080702106406,0.035280125003437426
2025-06-29,2504.0712890625,2507.710693359375,2426.523681640625,2435.590087890625,52721125,0.028118428710359744,0.027730363423256185,2440.84501953125,2398.22548828125,2499.470837402344,2448.6739378658544,2470.386738262009,-21.712800396154762,-19.442740525201415,-2.2700598709533466,46.966480550889834,2499.470837402344,2778.2135670295547,2220.728107775133,0.2230413937670929,116.94550432477679,63152139.2,0.8348272230816213,0.955172579586567,0.032211595697367874
2025-06-30,2485.658935546875,2518.714599609375,2440.81103515625,2504.06640625,12017270,-0.0073529669846253976,-0.007380133296949224,2454.54892578125,2406.213134765625,2483.3679077148436,2454.3639375090884,2471.518012134962,-17.154074625873818,-18.985007345335898,1.83093271946208,45.75304093492578,2483.3679077148436,2721.364735623231,2245.3710798064562,0.19167262906879415,111.59477887834821,61984352.6,0.19387586537444934,0.575684831620938,0.029873888689149645
2025-07-01,2404.554931640625,2497.30908203125,2396.85595703125,2485.67626953125,8578435,-0.03262877410347775,-0.0331729627853269,2450.108349609375,2418.22861328125,2464.838244628906,2446.701013529325,2466.5577839501966,-19.856770420871726,-19.159359960443066,-0.6974104604286602,43.12075541969802,2464.838244628906,2661.259172752777,2268.417316505035,0.15937835154245025,107.95833914620536,61538626.4,0.1393991952995558,0.07664245993948497,0.030458484825513905
2025-07-02,2581.27587890625,2601.64892578125,2390.645751953125,2404.55029296875,41312545,0.07349424416977168,0.07091897658014626,2482.2294921875,2453.65205078125,2461.3772583007812,2467.4048389719287,2475.055420613608,-7.6505816416793095,-16.857604296690315,9.207022655011006,52.662667931459744,2461.3772583007812,2646.116111415841,2276.6384051857217,0.15011014869178937,117.97746930803571,62901559.1,0.656780938200942,0.903446727769936,0.03394862250685554
2025-07-03,2589.61181640625,2626.6484375,2562.671875,2581.261474609375,14604054,0.003229386509252974,0.003224183239875672,2513.0345703125,2471.043017578125,2461.989367675781,2486.205912423363,2483.5410795612106,2.6648328621522523,-12.953116864921801,15.617949727074054,53.134968446109475,2461.989367675781,2648.419818421451,2275.558916930111,0.15144699907592857,120.01954868861607,62420480.95,0.23396253565713673,0.4210907924607405,0.03336233680203452
2025-07-04,2507.150634765625,2597.744384765625,2478.6298828125,2589.610107421875,15958393,-0.03184306663964065,-0.03236108360574743,2513.650439453125,2477.2477294921873,2460.928173828125,2489.4281773990956,2485.2899355022782,4.138241896817362,-9.534845112573969,13.673087009391331,55.68903216683721,2460.928173828125,2646.0042700598437,2275.8520775964066,0.15041161964822508,115.32571847098214,62762163.9,0.2542677308804517,0.2394397951808953,0.03388185462087734
2025-07-05,2515.63330078125,2528.00634765625,2489.1669921875,2507.143310546875,2768047,0.0033833890544905376,0.003377678271319061,2519.6453125,2487.097119140625,2459.3572021484374,2493.459734842504,2487.5375921896093,5.922142652894763,-6.443447559480222,12.365590212374986,64.86057002094627,2459.3572021484374,2641.8708605143197,2276.843543782555,0.14842387125094525,103.09812709263393,62444898.0,0.0443278328359188,0.6814301696697925,0.033848424525863854
2025-07-06,2571.460693359375,2596.69775390625,2505.86328125,2515.63134765625,7324299,0.02219218220747332,0.02194951931601974,2553.02646484375,2501.5674072265624,2460.56171875,2505.459882306638,2493.7541182021846,11.705764104453465,-2.8136052266934843,14.51936933114695,72.17830290213375,2460.56171875,2645.818427088507,2275.305010411493,0.1505808262615904,96.8067626953125,61992901.15,0.11814738242815727,0.7221642861339366,0.03421338614521229
2025-07-07,2541.82080078125,2583.3720703125,2514.665283203125,2571.3203125,8846352,-0.011526480904284542,-0.011593425707822609,2545.13544921875,2513.682470703125,2462.1218872070312,2511.0538697642705,2497.3146132080415,13.739256556229066,0.49696712989102654,13.24228942633804,60.21274728125059,2462.1218872070312,2649.6650103509746,2274.578764063088,0.1523426797985924,85.33279854910714,54127159.3,0.16343647282446616,0.3952377736852037,0.034150548168864314
2025-07-08,2614.65087890625,2622.007080078125,2525.565673828125,2541.825439453125,28577997,0.028652719382347813,0.028249906576612586,2550.14326171875,2531.588916015625,2466.2570068359373,2526.9918711707287,2506.006188444946,20.98568272578268,4.594710249069359,16.390972476713323,62.82728257384222,2466.2570068359373,2663.6699400817147,2268.84407359016,0.16009112813351642,85.841552734375,47583978.25,0.6005802383704646,0.9237236217601065,0.034671834460065026
2025-07-09,2770.98095703125,2781.99951171875,2596.2431640625,2614.617431640625,39335426,0.0597900390397037,0.05807081212662123,2602.909326171875,2558.2798828125,2478.252685546875,2564.5286536108088,2525.6339490809687,38.894704529840055,11.454709105223502,27.439995424616555,72.41626775757669,2478.252685546875,2717.0632201571566,2239.4421509365934,0.1927249275289968,94.71995326450893,42262347.6,0.9307439892430396,0.9406827554701004,0.036973353780504176
2025-07-10,2952.704345703125,2969.560546875,2758.4755859375,2770.98095703125,45294191,0.065580886873567,0.06352008415060337,2690.32353515625,2604.984423828125,2505.598779296875,2624.2479908557802,2557.2687932752024,66.97919758057787,22.559606800294382,44.41959078028349,77.35439088182315,2505.598779296875,2822.0897397604163,2189.1078188333336,0.25262700722767395,102.78728376116071,36779010.8,1.2315228173564692,0.9201449449254351,0.036971331188215564
2025-07-11,2956.968505859375,3025.561279296875,2790.0283203125,2952.704345703125,109667400,0.0014441541234750943,0.001443112335789626,2767.42509765625,2660.22578125,2539.227197265625,2675.435762394795,2586.8761793925487,88.5595830022462,35.759602040684754,52.799980961561445,77.94579375143756,2539.227197265625,2896.992010709869,2181.4623838213806,0.2817903130759662,115.35201590401786,34856848.7,3.1462224524043103,0.7087763269295226,0.034149772943665474
2025-07-12,2938.328125,2975.1552734375,2906.467041015625,2956.968994140625,25878824,-0.006303882108462888,-0.006323835473254582,2846.7265625,2695.931005859375,2574.7915283203124,2715.880741257134,2612.909656844952,102.97108441218188,49.20189851498419,53.769185897197694,76.09591884632171,2574.7915283203124,2943.1462211660764,2206.4368354745484,0.2861238968624877,117.82303292410714,28549832.15,0.9064439981304759,0.46385068965014975,0.0332778189757549
2025-07-13,2970.403076171875,3003.510498046875,2936.2109375,2938.313232421875,28588013,0.01091605491536951,0.01085690485546943,2917.877001953125,2734.0101318359375,2602.526574707031,2755.03802355171,2639.390650869169,115.64737268254112,62.49099334849559,53.156379334045525,75.15688024893274,2602.526574707031,3002.6105169024995,2202.442632511563,0.30745810327835454,116.83107212611607,24940575.8,1.146245107941734,0.5080588697600656,0.02887938610763357
2025-07-14,3011.7685546875,3072.944091796875,2966.6826171875,2970.431640625,34043162,0.013925880580804906,0.013829806423186302,2966.034521484375,2784.471923828125,2630.859826660156,2794.535028341832,2666.9741993001567,127.56082904167533,75.50496048713156,52.05586855454378,77.69579498985061,2630.859826660156,3062.9807963544954,2198.738856965817,0.3285017052717031,118.85663713727679,25871775.85,1.3158417186889781,0.4242924132334536,0.028886513868505097
2025-07-15,3132.515625,3132.515625,2939.513671875,3011.8544921875,39980268,0.04009174945550509,0.0393089298923637,3001.99677734375,2846.16015625,2666.6286376953126,2846.5320432123194,2701.458749351997,145.07329386032234,89.41862716176972,55.65466669855262,86.7863661340997,2666.6286376953126,3140.660502791449,2192.5967725991763,0.3555289689724684,125.46726771763393,27218550.2,1.4688610416876648,0.999999999948187,0.02909007888937794
2025-07-16,3364.077880859375,3411.912109375,3101.798828125,3132.515625,118772139,0.07392213913039147,0.07131749730450186,3083.41865234375,2925.421875,2713.4946411132814,2926.154479773405,2750.5416479821733,175.61283179123166,106.65746808766211,68.95536370356955,87.48028880221612,2713.4946411132814,3266.4433837332526,2160.5458984933102,0.4075546966203771,132.54656110491072,32592511.15,3.6441542799011977,0.845752402698546,0.03195591317521935
2025-07-17,3470.666259765625,3506.58837890625,3318.643310546875,3364.073974609375,180567880,0.031684278034318725,0.03119268811529991,3189.886279296875,3018.3064208984374,2765.9944458007812,3009.925522849131,2803.884211817985,206.04131103114605,126.53423667635893,79.50707435478712,88.55692072772682,2765.9944458007812,3395.9086553088264,2136.080236292736,0.45547033578780677,141.40145438058036,41185119.9,4.384299000183316,0.8088690516740454,0.031774968704832846
2025-07-18,3538.47607421875,3664.1708984375,3464.94287109375,3470.627197265625,205015189,0.019537981867984167,0.019349565726327816,3303.50087890625,3110.6889404296876,2821.1389282226564,3091.240992290611,2858.2984238476715,232.94256844293932,147.815903029675,85.1266654132643,95.71940124952893,2821.1389282226564,3518.729021492523,2123.54883495279,0.49454501250624666,147.12384905133928,50992550.45,4.020492938493528,0.36909065507351624,0.03163884023305827
2025-07-19,3581.34521484375,3596.782470703125,3509.099853515625,3538.480224609375,69145789,0.012115142147588243,0.012042341218861764,3417.4162109375,3191.7253662109374,2875.0026245117188,3166.641641914171,2911.8574454029367,254.7841965112343,169.2095617259869,85.57463478524741,95.84604513484243,2875.0026245117188,3633.235675956638,2116.7695730667997,0.5274659890605804,150.61265345982142,51813783.65,1.3345056880438801,0.8239416618392734,0.03160683945271788
2025-07-20,3752.2939453125,3806.11083984375,3577.4892578125,3581.344482421875,134737341,0.047733105917913576,0.04662888353930318,3541.371875,3271.684326171875,2938.334375,3256.7419962831445,2974.112000951793,282.62999533135144,191.89364844705983,90.7363468842916,96.22040803064864,2938.334375,3767.8796914816394,2108.7890585183604,0.5646364304482123,160.45458984375,57949787.2,2.325070505176937,0.7646027375860786,0.0316341321943236
2025-07-21,3751.339599609375,3840.43896484375,3709.662109375,3752.27392578125,120922790,-0.0002543366050299367,-0.000254368954069412,3618.82421875,3351.121435546875,3005.6736083984374,3332.8339352564108,3031.68441566717,301.14951958924075,213.74482267549604,87.40469691374471,98.43080026644722,3005.6736083984374,3870.672100207808,2140.675116589067,0.575577128130211,164.88816615513392,63567004.95,1.9022886180513685,0.31869163761279756,0.02948638472385327
2025-07-22,3732.635986328125,3782.658203125,3618.22021484375,3751.334228515625,192180783,-0.004985849130587305,-0.00499831994536643,3671.2181640625,3430.5522216796876,3063.2416137695313,3394.3419431135976,3083.606754234648,310.73518887894943,233.14289591618672,77.59229296276271,96.79399600286695,3063.2416137695313,3961.91147502159,2164.5717525174728,0.586744354224271,169.74506487165178,71110416.85,2.7025686462418763,0.6957989006878603,0.027556198799053574
2025-07-23,3619.972412109375,3746.79150390625,3534.1630859375,3732.6513671875,136305415,-0.030183381029228018,-0.030648277964856925,3687.517431640625,3495.5091552734375,3114.7596435546875,3429.0543229591017,3123.3375437068503,305.7167792522514,247.65767258339966,58.05910666885174,86.88331658587796,3114.7596435546875,4017.2331529188305,2212.2861341905445,0.5794819585720613,171.66449846540178,77195484.9,1.7657174532496522,0.4035647115638642,0.029504346148233832
2025-07-24,3697.724365234375,3762.277099609375,3515.89208984375,3619.97509765625,186084653,0.02147860377745081,0.021251189170171377,3710.79326171875,3564.104736328125,3174.288330078125,3470.3881756168357,3165.884715671852,304.50345994498366,259.02683005571646,45.4766298892672,85.58070574649709,3174.288330078125,4064.9963199758736,2283.5803401803764,0.5612016913887761,174.18593052455358,85701797.9,2.1713039581401827,0.7380005608142065,0.02714537941319241
2025-07-25,3720.097900390625,3735.09228515625,3512.00146484375,3697.711669921875,119128837,0.006050622746953227,0.006032391233518472,3704.354052734375,3622.8629638671873,3234.5115600585937,3508.8050563512647,3206.9375441695393,301.8675121817255,267.5949664809183,34.2725457008072,85.82588073054228,3234.5115600585937,4100.234054353946,2368.7890657632415,0.5353033855162165,173.29720633370536,91519837.4,1.3016722973329933,0.9327879795594048,0.027066091997615983
2025-07-26,3738.17529296875,3772.65185546875,3701.444091796875,3720.097900390625,44510297,0.004859386247933584,0.004847617540976334,3701.72119140625,3660.272705078125,3292.8472900390625,3544.0927850616467,3246.2884885250364,297.8042965366103,273.6368324920567,24.167464044553583,87.56949299015264,3292.8472900390625,4127.111905706366,2458.582674371759,0.506713213328157,173.4771728515625,93379137.3,0.4766621141187176,0.5158314104059477,0.02727205173122035
2025-07-27,3867.650146484375,3869.64892578125,3736.8359375,3738.17724609375,58916056,0.03463584325731284,0.03404952254285499,3728.7240234375,3699.97109375,3359.1387573242187,3593.8708406651435,3292.3152780035057,301.55556266163785,279.22057852597294,22.33498413566491,88.61152797313443,3359.1387573242187,4151.796411714066,2566.481102934371,0.47194100134241146,178.15670340401786,95882622.5,0.6144602062798189,0.9849504229022253,0.02647410929490232
2025-07-28,3784.2353515625,3933.041748046875,3755.402587890625,3867.650146484375,80361314,-0.021567306184013924,-0.02180327957467259,3761.576611328125,3724.547021484375,3417.6179809570312,3623.1576884955057,3328.7538019708386,294.4038865246671,282.2572401257118,12.146646398955284,82.08079919924337,3417.6179809570312,4149.235189962449,2686.000771951613,0.42814452234391875,183.25510951450892,98471788.35,0.8160846405507574,0.16231085333262565,0.02809541132710411
2025-07-29,3785.2529296875,3876.170166015625,3725.92822265625,3784.376708984375,83963596,0.0002688992703849813,0.00026886312345595124,3779.08232421875,3744.93779296875,3468.331579589844,3648.095417909659,3362.568552172073,285.5268657375859,282.91116524808666,2.615700489499261,80.10197877738958,3468.331579589844,4150.137448012946,2786.5257111667415,0.39316071879363446,180.20082310267858,100703196.85,0.8337728952643474,0.39486115328925264,0.026665948402091987
2025-07-30,3797.88720703125,3821.56005859375,3688.084716796875,3785.265869140625,94223119,0.0033377630447519735,0.0033322050776980173,3794.640185546875,3749.497119140625,3510.59072265625,3671.1403085437496,3394.814378457938,276.3259300858117,281.5941182156317,-5.2681881298199755,75.06751180451414,3510.59072265625,4161.921371053961,2859.2600742585387,0.3710661252502193,167.58382742745536,103149643.25,0.9134604447601907,0.8226425102042281,0.02408827383246726
2025-07-31,3693.860595703125,3868.504150390625,3684.354736328125,3797.88671875,46640783,-0.027390653186206926,-0.027772770927235402,3785.77724609375,3743.74921875,3547.4353271484374,3674.6357373375,3416.9659501057295,257.66978723177044,276.80925201885947,-19.139464787089025,62.935499371480674,3547.4353271484374,4148.318879078813,2946.551775218062,0.33877068728037285,167.31270926339286,99998312.4,0.46641570123137394,0.051620361774583345,0.02562607635626541
2025-08-01,3482.39453125,3714.25390625,3447.737548828125,3693.860595703125,113306995,-0.057247981880830134,-0.05895200217328095,3708.726123046875,3718.7250732421876,3574.6386474609376,3645.060167170192,3421.8125116719716,223.2476554982204,266.0969327147317,-42.84927721651127,47.21368966147985,3574.6386474609376,4104.47641068538,3044.8008842364948,0.29644269839738113,172.1190185546875,104369720.95,1.0856309087410663,0.13003698067850777,0.02969680991077545
2025-08-02,3398.635498046875,3525.638671875,3372.090087890625,3482.39599609375,29698937,-0.024052137818244224,-0.024346113891680045,3631.60615234375,3696.5913818359377,3596.0502685546876,3607.1486796127588,3420.0956958478905,187.05298376486826,250.288142924759,-63.23515915989074,41.27682678327108,3596.0502685546876,4052.6199947092728,3139.4805424001024,0.2539284448535188,176.82373046875,104425267.15,0.2844037445203701,0.1728795503397312,0.030590671857929214
2025-08-03,3500.981689453125,3512.956298828125,3357.188720703125,3398.63427734375,48546426,0.03011390643835332,0.02966938490215692,3574.751904296875,3676.9171142578125,3620.5109252929688,3590.8152965112763,3426.0872509297596,164.72804558151665,233.17612345611056,-68.4480778745939,37.16044002318012,3620.5109252929688,3989.2504666627574,3251.77138392318,0.20369475412642238,171.619873046875,105150430.35,0.4616854713614589,0.9231251488379572,0.030989613775101437
2025-08-04,3709.052490234375,3727.187255859375,3489.2373046875,3500.97509765625,62995689,0.05943213053872087,0.05773303866471292,3556.9849609375,3675.8125732421877,3649.3377685546875,3609.0056340071374,3447.0476390263975,161.95799498073984,218.93249776103642,-56.974502780296575,48.21690787398527,3649.3377685546875,3939.140784147279,3359.534752962096,0.15882498906499826,179.27509416852678,106301201.4,0.5926150238222989,0.923787479068912,0.03231682177640486
2025-08-05,3607.171875,3709.522705078125,3555.573486328125,3709.052490234375,43911337,-0.0274680974460777,-0.027852399344901076,3539.647216796875,3662.7122314453127,3661.492468261719,3608.723517236808,3458.9086935429605,149.81482369384776,205.10896294759866,-55.2941392537509,45.056409157294,3661.492468261719,3919.5754891038,3403.4094474196377,0.14097148803619156,178.52589634486608,102558161.3,0.4281603379330476,0.33516499198553645,0.029414471743259382
2025-08-06,3674.530517578125,3689.12255859375,3568.321533203125,3607.171875,25696931,0.018673532870713272,0.01850132299700169,3578.0744140625,3643.4002685546875,3671.685681152344,3618.8476711354724,3474.8806805085283,143.96699062694415,192.88056848346778,-48.91357785652363,52.22931397743052,3671.685681152344,3913.6338417259167,3429.737520578771,0.13179132506660443,171.966796875,94814613.85,0.27102289358741083,0.8792059837469766,0.02890726225007911
2025-08-07,3898.08251953125,3913.44873046875,3648.54833984375,3674.530517578125,103446583,0.06083824882762645,0.059059396386566904,3677.963818359375,3654.7849853515627,3689.6660034179686,3661.806878580977,3506.2289648805818,155.57791370039513,185.42003752685326,-29.842123826458135,57.31526540764522,3689.6660034179686,3943.107462742457,3436.2245440934803,0.13737907934740412,173.28932407924108,89736183.55,1.1527856312538711,0.9419924941950246,0.03149137627803886
2025-08-08,4007.378662109375,4055.347412109375,3882.07763671875,3898.08251953125,154881593,0.02803843736773115,0.027652556769504594,3779.243212890625,3676.99755859375,3710.96767578125,3714.9717683545764,3543.3511646753072,171.62060367926915,182.66015075733645,-11.0395470780673,59.86287054222814,3710.96767578125,3995.75289070738,3426.1824608551196,0.15348299409057825,169.73067801339286,94022973.75,1.6472739249007213,0.7231556981066706,0.03187122500881816
2025-08-09,4259.17919921875,4305.34912109375,4004.179931640625,4007.21630859375,150283571,0.06283422614643408,0.06093913813587062,3889.2685546875,3723.1267578125,3736.3119384765623,3798.695988487526,3596.375463530377,202.3205249571488,186.59222559729895,15.728299359849842,65.41342163873273,3736.3119384765623,4112.223131624879,3360.4007453282456,0.20122045446857956,186.156494140625,94800285.25,1.5852649662781473,0.8466977250650899,0.0330655729346432
2025-08-10,4245.0634765625,4317.173828125,4159.1904296875,4259.17919921875,60556115,-0.0033141884846824565,-0.003319692571757745,4016.846875,3778.2470458984376,3760.9981323242187,3867.36790972983,3644.4264274586826,222.94148227114738,193.86207693206865,29.079405339078733,61.98336126816649,3760.9981323242187,4200.527294989864,3321.4689696585738,0.23373006164936594,187.95438058035714,91781951.5,0.659782386518552,0.543557409948595,0.033107327200553434
2025-08-11,4223.8857421875,4347.52099609375,4165.74267578125,4245.0634765625,139943521,-0.004988790978491808,-0.0050012765387484025,4126.717919921875,3852.3961669921873,3785.5606201171877,3922.21680703101,3687.3493396608173,234.86746737019257,202.06315501969345,32.80431235049912,64.53387844282227,3785.5606201171877,4270.931268475582,3300.189971758793,0.25643263815617845,188.25003487723214,89170088.4,1.5693998235399305,0.31985699011354113,0.033107381940940955
2025-08-12,4581.65283203125,4613.6171875,4223.01416015625,4223.8857421875,165355926,0.08470093929635203,0.08130431701401668,4263.431982421875,3970.697900390625,3833.644641113281,4023.668503184893,3753.594042799368,270.0744603855251,215.6654160928598,54.40904429266527,71.30264218919098,3833.644641113281,4428.204019512769,3239.0852627137924,0.3101797031593569,205.41868373325892,90622613.95,1.8246651557770475,0.9181666468503803,0.036190801557574995
2025-08-13,4757.76611328125,4764.11083984375,4562.9013671875,4581.642578125,205587720,0.038438809684303576,0.03771844077265316,4413.50947265625,4096.3763427734375,3886.646728515625,4136.606597045871,3827.9771591313593,308.629437914512,234.25822045719022,74.37121745732176,73.61057998112915,3886.646728515625,4606.072055777095,3167.2214012541554,0.3702036112431706,210.2568359375,91597767.3,2.244462131120089,0.9684670582929059,0.03660948433327186
2025-08-14,4548.44482421875,4772.14306640625,4452.75390625,4757.73291015625,170230634,-0.04399570808623443,-0.04499287649126774,4471.36259765625,4180.315576171875,3928.064074707031,4199.966324303237,3881.345134323018,318.62118998021924,251.13081436179604,67.4903756184232,69.9853642956643,3928.064074707031,4700.538033820593,3155.590115593469,0.3933102639987745,219.91681780133928,94152857.15,1.8080240913857386,0.29960602895521093,0.038777919855843924
2025-08-15,4425.98583984375,4648.72802734375,4370.47509765625,4548.47216796875,68364404,-0.026923264787769297,-0.027292335350555842,4507.5470703125,4262.19697265625,3962.4546020507814,4234.738557463316,3921.6888902875166,313.04966717579964,263.51458492459676,49.53508225120288,73.02545116765867,3962.4546020507814,4760.163855312628,3164.745348788935,0.4026338890287799,220.75514439174108,95345562.5,0.7170171553605339,0.19949742217574482,0.03967534651169484
2025-08-16,4416.22705078125,4478.044921875,4373.59619140625,4426.138671875,64943455,-0.002204884835972365,-0.0022073191734898177,4546.01533203125,4336.366625976562,3989.883447265625,4262.659864127613,3958.321346620386,304.33851750722715,271.67937144112284,32.65914606610431,75.7615789908937,3989.883447265625,4811.241753583588,3168.5251409476614,0.41172045107275634,217.24801199776786,95646932.45,0.6789915090476066,0.40815105343643415,0.039286464691545654
2025-08-17,4474.13671875,4560.78564453125,4393.78564453125,4416.22705078125,54624177,0.013112928140437408,0.013027697967782179,4524.512109375,4393.9720458984375,4024.378515625,4295.1947648387495,3996.5298927040612,298.66487213468827,277.0764715798359,21.588400554852342,75.2036790651496,4024.378515625,4867.043694410407,3181.7133368395935,0.4187802789989489,218.05032784598214,94360075.6,0.5788907718933621,0.4811441569696919,0.038702745608440704
2025-08-18,4307.25341796875,4477.134765625,4228.9482421875,4474.13720703125,96840868,-0.037299553248313466,-0.03801297813715575,4434.4095703125,4423.959521484375,4050.4785400390624,4297.049942243365,4019.5464501310753,277.5034921122897,277.1618756863267,0.34161642596296815,65.83049886438185,4050.4785400390624,4894.293786198228,3206.663293879897,0.416649656487763,218.78151157924108,95003939.2,1.019335290888654,0.31550937856548944,0.04004292133414849
2025-08-19,4062.89501953125,4335.13037109375,4062.75341796875,4307.18798828125,66190572,-0.056731836909827416,-0.05840466446286763,4337.299609375,4404.331103515625,4063.7289306640623,4261.026107979963,4022.757455271829,238.26865270813414,269.3832310906882,-31.114578382554043,61.21436877609327,4063.7289306640623,4899.1242214359945,3228.3336398921306,0.41114715327994,227.24063546316964,93602311.85,0.70714676477299,0.0005198735093780753,0.042526177002636535
2025-08-20,4324.05712890625,4355.4599609375,4063.0146484375,4063.0146484375,44257609,0.06427980740814987,0.06229833323445092,4316.9138671875,4412.23046875,4095.2387573242186,4270.723188122469,4045.075949615119,225.6472385073498,260.63603257402053,-34.98879406667072,64.59167661672168,4095.2387573242186,4919.357545175993,3271.1199694724437,0.402476552253693,239.50948660714286,93483153.15,0.4734287142517079,0.8926198140372785,0.04385819853004866
2025-08-21,4208.23828125,4325.673828125,4202.23046875,4324.05712890625,30280293,-0.026784763522665567,-0.02715001213558899,4275.31611328125,4410.66572265625,4131.530944824219,4261.110125526704,4057.1620482547396,203.9480772719644,249.2984415136093,-45.35036424164491,57.32210271017362,4131.530944824219,4904.347301825719,3358.7145878227184,0.37410653209297495,229.40541294642858,89331818.05,0.3389642532860105,0.0486685758547983,0.041929833974621515
2025-08-22,4815.046875,4861.4833984375,4201.69091796875,4208.244140625,118739613,0.14419539797773906,0.13470168080062578,4343.49814453125,4434.005126953125,4202.351513671875,4346.331163907211,4113.301665050684,233.02949885652652,246.04465298219273,-13.015154125666214,65.4403041715778,4202.351513671875,4951.619445412705,3453.0835819310446,0.35659460152401434,264.1570347377232,93783851.85,1.2660987009780194,0.9296195018563937,0.05064057150480695
2025-08-23,4761.59228515625,4815.048828125,4662.28173828125,4815.048828125,50673750,-0.011101572057644837,-0.011163654410807545,4434.36591796875,4434.387744140625,4265.382043457032,4410.217490253217,4161.323192465911,248.89429778730573,246.61458194321534,2.27971584409039,60.39285383854271,4265.382043457032,4977.3896152319685,3553.374471682095,0.33385406724217587,253.556884765625,93890218.05,0.5397127736247707,0.6500781481801736,0.05099107613508762
2025-08-24,4774.6826171875,4939.7021484375,4713.490234375,4761.59033203125,67967114,0.0027491501261158735,0.0027453781245255432,4576.7234375,4457.0115234375,4318.663549804687,4466.289048243107,4206.75722392677,259.5318243163365,249.19803041783962,10.333793898496879,60.9602844544756,4318.663549804687,5014.688555404763,3622.638544204611,0.3223335171046394,258.4303501674107,94138789.3,0.7219884014378333,0.2705091067523883,0.050056878191786267
2025-08-25,4370.85888671875,4784.57421875,4337.35546875,4774.76904296875,58313359,-0.08457603632440391,-0.08836797273994225,4586.0837890625,4451.498828125,4356.847900390625,4451.607484931667,4218.912902652101,232.69458227956602,245.8973407901849,-13.202758510618878,52.62571232023743,4356.847900390625,4967.022059701952,3746.6737410792985,0.28009890327207415,277.390380859375,94858890.4,0.6147379413158305,0.07491505659814318,0.054010643412237526
2025-08-26,4592.466796875,4597.28857421875,4324.7685546875,4370.63818359375,110955634,0.05070122735593818,0.04945777684357314,4662.9294921875,4469.122802734375,4402.744714355469,4473.278148307565,4246.583561483428,226.69458682413733,242.05678999697537,-15.362203172838036,50.20307382637229,4402.744714355469,4929.165258694122,3876.3241700168164,0.23913289481546374,268.9558803013393,99121825.55,1.1193865062950306,0.9823067040657534,0.054720364472761164
2025-08-27,4499.62646484375,4643.46826171875,4494.75146484375,4592.466796875,87000909,-0.02021578731814111,-0.020422922704108223,4599.84541015625,4471.67177734375,4432.821911621094,4477.331735466978,4265.3274802508595,212.0042552161185,236.046283040804,-24.042027824685505,44.995929880357416,4432.821911621094,4903.638154000522,3962.0056692416656,0.21242280956297188,265.20640345982144,98299541.85,0.8850591504562542,0.03278042630093592,0.05395575777939752
2025-08-28,4495.40380859375,4615.93310546875,4438.00732421875,4499.71484375,36402817,-0.0009384459539013568,-0.0009388865699900462,4546.60771484375,4490.48681640625,4457.223168945313,4480.112054409558,4282.370171239222,197.74188317033622,228.38540306671047,-30.643519896374244,48.88296994997077,4457.223168945313,4883.696786322178,4030.749551568448,0.19136291866569424,255.10187639508928,92375603.05,0.39407393075741337,0.32258666489218596,0.05379358841436016
2025-08-29,4351.3662109375,4498.00341796875,4274.50732421875,4495.39892578125,50043168,-0.03204108102166414,-0.03256563167809002,4461.94443359375,4519.333935546875,4461.83251953125,4460.305001567704,4287.48098899465,172.82401257305355,217.27312496797913,-44.44911239492558,48.44268407685969,4461.83251953125,4881.227611330466,4042.4374277320335,0.18799230583548526,251.190673828125,87363582.9,0.5728149686498263,0.34389364675556466,0.05279369753361403
2025-08-30,4361.48388671875,4394.8056640625,4262.8740234375,4351.33935546875,21532163,0.002325172208171855,0.002322473178269571,4460.06943359375,4523.076611328125,4467.653540039062,4445.101753129403,4292.962685122361,152.13906800704171,204.24631357579165,-52.10724556874993,48.85767815448295,4467.653540039062,4877.503704930614,4057.8033751475105,0.18347446202731657,253.15373883928572,85412385.3,0.25209649542476836,0.7474314941179462,0.05277689276692802
2025-08-31,4378.0693359375,4478.83984375,4361.0166015625,4361.45947265625,33675487,0.0038027078970197525,0.0037954958810226818,4417.18994140625,4540.059716796875,4475.362719726562,4434.789073561418,4299.266881479038,135.52219208238057,190.50148927710944,-54.97929719472887,47.960189555377596,4475.362719726562,4871.476860698125,4079.248578755,0.17701990465513132,249.64111328125,80098983.6,0.42042339972963155,0.14473149827616805,0.05274665523039405
2025-09-01,4298.48095703125,4475.52392578125,4233.201171875,4378.0888671875,45211875,-0.018178875846699527,-0.01834614184988096,4376.96083984375,4488.403125,4461.204125976563,4413.818594095239,4299.208664853276,114.60992924196307,175.32317727008018,-60.71324802811711,49.806562365817854,4461.204125976563,4861.542328968321,4060.8659229848045,0.1794754024639587,249.22227260044642,74091781.05,0.6102144442915912,0.2693918920169237,0.04926920340544079
2025-09-02,4315.267578125,4405.60302734375,4255.76025390625,4298.537109375,40604567,0.0039052449601506556,0.003897639285967741,4340.93359375,4443.770654296875,4439.07919921875,4398.656899330587,4300.398213984515,98.25868534607253,159.91027888527867,-61.65159353920615,56.1857692325184,4439.07919921875,4818.786546550357,4059.371851887142,0.1710748244358577,240.46983119419642,65842623.4,0.6166912085705261,0.39713175917422144,0.04837180097356213
2025-09-03,4446.0537109375,4473.62109375,4278.1435546875,4315.283203125,39677564,0.03030776897253884,0.029857562435980353,4359.87109375,4410.907763671875,4433.959643554687,4405.948716500881,4311.187510055106,94.76120644577531,146.880464397378,-52.11925795160269,53.194348875689535,4433.959643554687,4810.203555919988,4057.715731189387,0.1697101203490734,233.53501674107142,59314969.9,0.6689300199746034,0.8589741667850871,0.047973563412594844
2025-09-04,4300.888671875,4465.44384765625,4265.77587890625,4446.044921875,70919998,-0.032650311602261395,-0.03319522697715468,4347.75205078125,4403.9107421875,4427.70478515625,4389.7856327122845,4310.424633152876,79.36099955940881,133.37657142978418,-54.01557187037537,52.389232863699846,4427.70478515625,4808.636986458658,4046.7725838538427,0.17206756989737504,238.97963169642858,59442749.6,1.1930807117307374,0.1758559131282365,0.04815895159800444
2025-09-05,4297.4619140625,4461.9951171875,4259.36083984375,4300.8505859375,70303490,-0.0007967557576900042,-0.0007970733362582838,4331.63056640625,4374.41025390625,4421.766528320312,4375.581983689241,4309.464431738774,66.1175519504668,119.9247675339207,-53.807215583453896,30.62253488994476,4421.766528320312,4807.1291282174625,4036.4039284231626,0.17430255416200677,206.32547433035714,59710751.35,1.1774008601551451,0.18802877142170188,0.048157152836188426
2025-09-06,4273.08349609375,4317.48046875,4247.9384765625,4297.482421875,52291046,-0.005672747881482532,-0.005688899025620826,4326.55107421875,4351.75595703125,4411.7138671875,4359.812985597627,4306.76954761692,53.043437980706585,106.54850162327789,-53.5050636425713,31.30406215522062,4411.7138671875,4801.784972974501,4021.6427614004983,0.17683427236212607,200.38082449776786,59594094.8,0.877453482186292,0.3615803737666571,0.04806495148632466
2025-09-07,4309.98486328125,4315.3671875,4270.2470703125,4273.08349609375,28521576,0.008635770216339989,0.00859869524709879,4325.49453125,4333.2140625,4411.850439453125,4352.147120625877,4307.007719147611,45.13940147826543,94.26668159427541,-49.127280116009985,32.53368002880646,4411.850439453125,4801.76943311911,4021.93144578714,0.17675984216469387,187.44569614955358,56178130.2,0.5076989194631473,0.8807112090336453,0.04734305199488891
2025-09-08,4300.7138671875,4371.66357421875,4280.3291015625,4310.24658203125,52161142,-0.002151050731693749,-0.0021533675643315106,4296.4265625,4328.148828125,4423.741381835937,4344.234312404588,4306.5415078913065,37.69280451328177,82.95190617807668,-45.25910166479491,46.251797040720746,4423.741381835937,4782.079201009902,4065.403562661973,0.16200667636011196,162.025390625,55476658.7,0.9402358257023147,0.22318808035919827,0.04536826597918908
2025-09-09,4304.9423828125,4369.64892578125,4275.32568359375,4300.5380859375,73223625,0.0009832124981068446,0.0009827294612912555,4297.2373046875,4322.494677734375,4422.78564453125,4338.189400159651,4306.423054181765,31.766345977885976,72.71479413803854,-40.948448160152566,29.9867722709822,4422.78564453125,4782.342813194121,4063.2284758683795,0.16259307936728118,149.29704938616072,56924959.5,1.286318438223922,0.3139915309180814,0.04307631973562358
2025-09-10,4339.0927734375,4434.44580078125,4280.6357421875,4305.00439453125,72227798,0.007932833378059945,0.007901533875551064,4305.5634765625,4318.597021484375,4429.328369140625,4338.328380663936,4308.843033385894,29.485347278041445,64.06890476603913,-34.58355748799768,37.831830075761225,4429.328369140625,4777.013716598347,4081.6430216829035,0.1569923557169817,149.66085379464286,59022334.75,1.223736714346089,0.3800598724209495,0.04261064050340929
2025-09-11,4455.154296875,4460.23388671875,4334.56298828125,4339.08642578125,63307556,0.026747877839347067,0.026396406980563485,4341.97763671875,4334.26435546875,4411.333740234375,4356.301598542561,4319.680904755457,36.620693787103846,58.57926257025207,-21.958568783148223,47.3914257016293,4411.333740234375,4708.554660503335,4114.112819965415,0.13475331397309726,145.92836216517858,56250731.9,1.1254530183277491,0.959580221702067,0.02742035862908774
2025-09-12,4699.18798828125,4708.85888671875,4449.39306640625,4455.154296875,48934750,0.05477558691455964,0.05332803047617343,4419.81826171875,4372.656396484375,4408.213525390625,4409.053350810052,4347.792540572183,61.26081023786901,59.115572103775456,2.145238134093553,69.9557875899334,4408.213525390625,4690.907562481006,4125.519488300245,0.1282578692988017,148.49762834821428,56163781.9,0.8712865897657793,0.9627276593291568,0.03026935377038569
2025-09-13,4654.8447265625,4750.05615234375,4605.1787109375,4699.13818359375,57089713,-0.009436366842384802,-0.009481171436469048,4490.64443359375,4393.535498046875,4402.221630859375,4446.867408618121,4370.537146941836,76.33026167628486,62.558510018277346,13.771751658007517,66.19513749355082,4402.221630859375,4655.789813957398,4148.653447761352,0.11520009865951382,149.42232840401786,55619911.85,1.0264258086917482,0.3428140029219847,0.030329070990027046
2025-09-14,4615.0908203125,4675.76806640625,4575.68798828125,4654.8525390625,25035365,-0.008540329180723782,-0.008577006767056,4552.67412109375,4424.955712890625,4414.4332275390625,4472.747933494179,4388.652233858182,84.09569963599733,66.86594794182136,17.229751694175974,62.758524256493075,4414.4332275390625,4684.621123078956,4144.245331999169,0.12241113711012747,148.15495954241072,53956012.15,0.4639958366530244,0.39371304225101367,0.023208122163422107
2025-09-15,4520.462890625,4663.80224609375,4471.29345703125,4615.06103515625,128793214,-0.020504023294842244,-0.020717149104540186,4588.94814453125,4447.255810546875,4410.833032226563,4480.08869612969,4398.415986211279,81.67270991841087,69.82730033713926,11.84540958127161,61.75858203531359,4410.833032226563,4672.827097758056,4148.83896669507,0.11879573024746304,144.59681919642858,54847891.15,2.348188987754728,0.25541396749024525,0.020842331860630947
2025-09-16,4501.6455078125,4529.6298828125,4428.6572265625,4520.45703125,23776180,-0.0041627114894638995,-0.004171399692306564,4598.24638671875,4470.11201171875,4410.933984375,4483.405128696277,4406.062617440999,77.34251125527771,71.33034252076696,6.012168734510752,59.851411451838025,4410.933984375,4673.073624741512,4148.794344008489,0.11885901774775923,141.10609654017858,51686654.7,0.46000616867162036,0.7228519477793919,0.020349855435681602
2025-09-17,4587.32958984375,4609.48828125,4433.30322265625,4501.6455078125,65671343,0.019033947005055563,0.018855067724014855,4575.87470703125,4497.846484375,4415.5302734375,4499.393507334349,4419.489800581944,79.90370675240501,73.04501536709458,6.858691385310436,57.8413129625183,4415.5302734375,4686.964824415416,4144.095722459584,0.1229453923624007,139.72806222098214,53150081.0,1.2355831216889397,0.8742305869075644,0.02077575305247903
2025-09-18,4588.44287109375,4625.79248046875,4553.37255859375,4587.32958984375,29217979,0.0002426861266879854,0.00024265668317353397,4562.5943359375,4526.619384765625,4427.384106445313,4513.0934094511795,4432.004842842078,81.08856660910169,74.653725615496,6.43484099360569,68.99824441305908,4427.384106445313,4707.585489224484,4147.182723666141,0.12657649575570326,130.638916015625,52108821.55,0.5607107996477039,0.4842633295806406,0.019254283928901834
2025-09-19,4464.83056640625,4612.12841796875,4441.8203125,4588.482421875,29718697,-0.026939924536542037,-0.027309456190860348,4532.54228515625,4542.608203125,4432.551440429687,4505.668356675036,4434.436377920905,71.23197875413098,73.969376243223,-2.737397489092018,59.5423621515894,4432.551440429687,4711.444456108096,4153.658424751278,0.12583859180272633,128.32990373883928,52518148.25,0.5658748069054396,0.13510956417233516,0.020374121533636602
2025-09-20,4477.39990234375,4502.05517578125,4455.2646484375,4464.81689453125,25494440,0.002815187665142993,0.0028112324457324244,4523.9296875,4556.438916015625,4437.51796875,4501.319363700993,4437.618861211487,63.70050248950611,71.91560149247962,-8.215099002973517,61.80790399263149,4437.51796875,4715.863077970255,4159.172859529745,0.125450808844234,126.70479910714286,52109095.9,0.4892512441383578,0.473071263738941,0.020369103295902795
2025-09-21,4448.896484375,4491.69091796875,4443.45263671875,4477.39990234375,23475443,-0.006366064812265204,-0.006386414614274726,4513.3798828125,4555.813134765625,4445.038745117187,4493.254305343147,4438.45424070508,54.80006463806694,68.49249412159709,-13.692429483530148,58.10670412870833,4445.038745117187,4715.585146478081,4174.492343756294,0.1217296032157582,126.92752511160714,51022274.3,0.46010185398576015,0.11285326744765532,0.01994078326397947
2025-09-22,4198.494140625,4449.455078125,4135.94482421875,4448.896484375,64468676,-0.05628414700801421,-0.05793016133364386,4435.61279296875,4505.74375,4439.2000732421875,4447.906587694201,4420.679418476926,27.227169217275332,60.23942914073274,-33.01225992345741,45.3447673161954,4439.2000732421875,4726.08527752055,4152.314868963825,0.12925085580512485,142.79722377232142,52215479.75,1.2346659708704486,0.1995128249392417,0.023793253931784716
2025-09-23,4164.13134765625,4218.03515625,4130.17578125,4198.52685546875,31366130,-0.00818455184592315,-0.008218229172144056,4350.75048828125,4456.672412109375,4425.103955078125,4404.248858457594,4401.675857675395,2.573000782199415,48.706143469026074,-46.13314268682666,43.75857332882582,4425.103955078125,4737.170628979927,4113.037281176324,0.14104377075421362,142.33551897321428,51799908.05,0.6055248200387491,0.38647630264141125,0.02264811588829683
2025-09-24,4149.2080078125,4199.4443359375,4099.43310546875,4164.060546875,52225093,-0.003583782209979902,-0.0035902193415644937,4287.6259765625,4410.084130859375,4417.519921875,4365.011804512195,4382.974535463329,-17.96273095113338,35.372368584994184,-53.335099536127565,41.437441651547445,4417.519921875,4749.061910484992,4085.9779332650082,0.15010322283697597,138.49274553571428,50865162.8,1.026735984417217,0.49769313011628213,0.02155321384419786
2025-09-25,3862.440673828125,4152.587890625,3827.20751953125,4149.23876953125,85306393,-0.06911375217738513,-0.07161819195988248,4164.634130859375,4344.281909179687,4395.768859863281,4287.693169022338,4344.4164716384985,-56.723302616160254,16.953234344763292,-73.67653696092354,26.83833722166709,4395.768859863281,4807.787587312996,3983.7501324135665,0.1874615070013165,152.75770786830358,51615307.95,1.6527343609503737,0.1082829740999977,0.026311995766657385
2025-09-26,4029.675537109375,4059.694580078125,3862.52197265625,3862.52197265625,64935179,0.043297717014641135,0.04238657825460008,4080.78994140625,4297.084912109375,4383.598461914063,4247.9981487280365,4321.1023283400455,-73.10417961200892,-1.0582484465911566,-72.04593116541777,22.166634221913583,4383.598461914063,4824.260058215512,3942.9368656126135,0.20105016466724368,148.31399972098214,52247514.6,1.2428376640905325,0.8477524673952396,0.02843764929394272
2025-09-27,4018.966552734375,4029.6630859375,3976.6123046875,4029.6630859375,22253084,-0.002657530184845047,-0.0026610676869223706,4044.884423828125,4240.248608398438,4369.047546386719,4212.762518575166,4298.721900517403,-85.95938194223709,-18.03847514572035,-67.92090679651673,22.804364655156036,4369.047546386719,4838.239558724085,3899.855534049352,0.21477999832041053,141.75584193638392,51934090.0,0.4284870303879398,0.798371806049346,0.02831591979447839
2025-09-28,4138.21630859375,4139.2705078125,3978.192138671875,4018.966552734375,21767458,0.029671746279710032,0.02924005851583954,4039.701416015625,4195.2259521484375,4360.922668457031,4201.293870885717,4286.832597411947,-85.53872652622977,-31.538525421822236,-54.00020110440753,30.903282095322567,4360.922668457031,4840.607593973403,3881.2377429406597,0.21999240160160521,146.11286272321428,50414405.8,0.43177059522141586,0.9934553644023785,0.029250992065439352
2025-09-29,4218.111328125,4229.68212890625,4094.8955078125,4138.21630859375,31683358,0.019306632030165582,0.019122623626636182,4053.482080078125,4170.554028320313,4356.581115722656,4203.881171999454,4281.7421330203215,-77.86096102086776,-40.80301254163135,-37.057948479236416,37.74757975442764,4356.581115722656,4839.9569718451,3873.2052596002122,0.22190605122809157,141.98985072544642,48337392.45,0.6554627048360776,0.9141546787322196,0.029617963535606487
2025-09-30,4141.18896484375,4225.38037109375,4095.190185546875,4218.111328125,25028612,-0.01823620983361829,-0.01840453910738375,4109.23173828125,4136.932934570313,4346.685925292969,4194.236217052422,4271.3307872294645,-77.09457017704244,-48.061324068713574,-29.033246108328868,36.04989508343437,4346.685925292969,4839.578072673918,3853.7937779120207,0.22678986052930764,144.07681710379464,45977433.15,0.5443673186005166,0.35331986892959705,0.029798773172401254
2025-10-01,4339.1142578125,4339.48046875,4124.59033203125,4141.18896484375,40702890,0.04779431575062598,0.04668730303989943,4171.119482421875,4125.9547119140625,4340.883923339844,4216.525146400126,4276.3517850504295,-59.82663865030372,-50.41438698503161,-9.412251665272109,41.16162143027532,4340.883923339844,4831.124756849909,3850.643089829779,0.22587143179487623,146.84146554129464,44847199.85,0.907590443464443,0.9982958224464147,0.03120247597224525
2025-10-02,4479.77001953125,4508.85302734375,4336.62841796875,4339.609375,38549886,0.03241577735951573,0.03190147096127608,4263.28017578125,4154.082299804688,4329.913024902344,4257.024357651068,4291.419802419379,-34.39544476831088,-47.210598541687474,12.815153773376593,46.48019256286049,4329.913024902344,4795.5979619923055,3864.2280878123825,0.21510128929227834,153.97037179129464,44327956.65,0.869651770876292,0.8311332629735492,0.029456072163960765
2025-10-03,4514.73486328125,4574.8984375,4433.63427734375,4479.77001953125,45780760,0.007805053294601683,0.007774751435756428,4338.58388671875,4189.142651367188,4322.907531738281,4296.67212774802,4307.961658779518,-11.289531031497972,-40.026385039649576,28.736854008151603,51.71482358310277,4322.907531738281,4771.928373011201,3873.8866904653614,0.20774020169354138,151.89580426897322,43762509.0,1.0461182652941585,0.5741058867447687,0.02947839474196762
2025-10-04,4485.75146484375,4514.97314453125,4443.94287109375,4514.63623046875,13011705,-0.0064197343399331475,-0.0064404294533978515,4392.1119140625,4222.7969970703125,4316.440563964844,4325.761256531979,4321.131274043535,4.629982488443602,-31.09511153403094,35.72509402247454,50.28377727731098,4316.440563964844,4751.243432666076,3881.6376952636115,0.2014636190434863,153.62721470424108,43161326.0,0.3014667575319628,0.5886024609056536,0.02945406404572695
2025-10-05,4513.1513671875,4605.59765625,4470.38330078125,4485.73828125,27652922,0.006108207857365988,0.006089628375589596,4466.50439453125,4287.86806640625,4316.074987792968,4354.590504325136,4335.354984646791,19.235519678344644,-21.028985291555824,40.26450496990047,52.184951638306934,4316.074987792968,4750.167300775825,3881.982674810112,0.20115142309185438,159.83979143415178,38104311.4,0.7257163555513039,0.3162982677011047,0.02912603252855553
2025-10-06,4687.060546875,4722.33251953125,4497.30224609375,4513.1513671875,42084587,0.03853386814186921,0.037809976360623915,4536.09365234375,4353.6065673828125,4325.345739746093,4405.7397416405,4361.4072485155475,44.332493124952634,-7.956689608254129,52.289182733206765,67.52512424191153,4325.345739746093,4783.384252771247,3867.30722672094,0.21179278632743065,153.51979282924108,39019731.75,1.0785462921589666,0.8432567666302062,0.030319903828349818
2025-10-07,4448.97705078125,4748.31787109375,4448.97705078125,4687.060546875,63340075,-0.05079590794970357,-0.052131443378097095,4529.93505859375,4396.6076171875,4318.428112792969,4412.391635354462,4367.8939005352295,44.49773481923239,2.534195277243178,41.96353954198921,58.91466909621927,4318.428112792969,4763.811134075224,3873.045091510714,0.2062708974882997,168.6256103515625,38903168.35,1.6281469527147137,0.0,0.03226909536275201
2025-10-08,4527.6513671875,4538.60205078125,4426.20263671875,4449.21240234375,42568951,0.01768368672354348,0.01752914953391214,4532.518359375,4435.551123046875,4315.388537597656,4430.1239017903135,4379.727786953917,50.39611483639692,12.10657918907393,38.28953564732299,61.38946567151457,4315.388537597656,4753.787608248987,3876.9894669463242,0.20317942026855595,169.51048060825892,39570716.95,1.0757690100431703,0.902573481417914,0.03253981528007606
2025-10-09,4368.119140625,4527.6416015625,4284.19140625,4527.62548828125,47765722,-0.035235095113252624,-0.03587082920280002,4508.99189453125,4450.551904296875,4310.552966308594,4420.5847077648805,4378.867887225849,41.71682053903169,18.028627459065486,23.6881930799662,66.48085126359938,4310.552966308594,4744.118412343927,3876.98752027326,0.20116465308469403,163.65902273995536,40473068.2,1.1801853460667455,0.3447429330004045,0.032949444049303125
2025-10-10,3845.240966796875,4392.32470703125,3420.82421875,4368.119140625,129822481,-0.11970327662658731,-0.12749624269258594,4375.409814453125,4420.957104492188,4278.94501953125,4332.0702860774945,4339.339967194072,-7.269681116577885,12.968965743936812,-20.2386468605147,45.12021755560005,4278.94501953125,4751.696504667008,3806.193534395492,0.22096637511250247,218.96235002790178,45689470.25,2.8414091975601314,0.4368672513931227,0.04233814043301682
2025-10-11,3746.802001953125,3875.2275390625,3659.952392578125,3845.240966796875,60056106,-0.025600207033514066,-0.02593359449934526,4187.35810546875,4361.72587890625,4243.840295410157,4242.029011596822,4295.448266065113,-53.419254468291,-0.30867829850875395,-53.11057616978225,43.118513185114075,4243.840295410157,4765.223516317581,3722.457074502732,0.24571293197405017,230.54891531808036,47518503.4,1.2638467481701035,0.4034353746323862,0.04254813023767351
2025-10-12,4156.6572265625,4183.32568359375,3702.82275390625,3746.794677734375,101903564,0.10938801260267472,0.10380852328286817,4128.894140625,4329.414599609375,4241.748449707031,4228.894890822311,4285.167448324179,-56.272557501867595,-11.501454139180527,-44.77110336268707,50.406524630439,4241.748449707031,4764.232253904077,3719.264645509985,0.24635303596710598,253.36495535714286,49390247.8,2.063232491010098,0.9444988669308654,0.048319138711267376
2025-10-13,4244.8115234375,4287.31884765625,4071.0390625,4156.6728515625,78190895,0.021207978447600473,0.020986219170575145,4072.326171875,4302.422265625,4245.782458496094,4231.34360353234,4282.178120554795,-50.83451702245475,-19.368066715835376,-31.46645030661937,50.58646239474253,4245.782458496094,4766.987297545558,3724.5776194466293,0.24551650686035448,259.18589564732144,51731486.05,1.5114759109070675,0.8034614090444215,0.04848384021432646
2025-10-14,4125.4541015625,4261.138671875,3897.808349609375,4244.8115234375,95109075,-0.02811842674662335,-0.02852132016126712,4023.7931640625,4266.392529296875,4244.594763183593,4215.052910921596,4270.568933962773,-55.516023041177505,-26.597657980903804,-28.9183650602737,49.66071290194335,4244.594763183593,4766.83344157442,3722.3560847927665,0.24607233789221836,275.83876255580356,53875685.15,1.7653432106746954,0.6265531335984429,0.04894325279469561
2025-10-15,3983.189697265625,4200.888671875,3941.52685546875,4125.48388671875,68943115,-0.03448454419672076,-0.035093169159583784,4051.38291015625,4213.3963623046875,4250.632214355469,4179.381647282215,4249.281583096318,-69.89993581410272,-35.258113547543594,-34.641822266559124,42.136528574459895,4250.632214355469,4756.813941838386,3744.450486872551,0.2381677369184813,279.0153111049107,53057521.25,1.2994032396490818,0.1606359886453381,0.046907461828552086
2025-10-16,3887.35009765625,4066.888427734375,3835.9580078125,3983.189697265625,78175888,-0.024061018152152447,-0.024355213121930452,4079.492529296875,4133.425317382813,4243.515942382813,4134.453716570528,4222.471843434091,-88.01812686356334,-45.810116210747545,-42.208010652815794,36.64719706652938,4243.515942382813,4766.500079696165,3720.5318050694605,0.24648623660863966,283.20858328683033,53719556.7,1.4552593655338186,0.22254361230933015,0.04624493130214911
2025-10-17,3829.76513671875,3935.073486328125,3684.2822265625,3887.352783203125,85695155,-0.01481342289499954,-0.014924237366733439,4014.114111328125,4071.5041259765626,4234.055871582032,4087.5785504394853,4193.382457751473,-105.80390731198804,-57.80887443099566,-47.99503288099238,34.71701677554981,4234.055871582032,4780.462579455179,3687.649163708884,0.2581008491364031,291.03194754464283,56891660.25,1.5062867672243754,0.5800956153193255,0.0463508079005035
2025-10-18,3886.2001953125,3910.03662109375,3822.59765625,3829.77392578125,26347786,0.014735905879101008,0.014628387386016831,3942.391845703125,4007.3590087890625,4221.455065917969,4056.5972650353337,4170.628216089327,-114.03095105399325,-69.05328975559519,-44.97766129839806,36.78475225897163,4221.455065917969,4788.405193317685,3654.5049385182515,0.26860412750902124,292.20399693080356,57120676.65,0.46126529910426056,0.7273935501052798,0.045942744015313036
2025-10-19,3978.46142578125,4024.6630859375,3849.626953125,3886.2001953125,36882661,0.023740730233103857,0.023463301426789058,3912.993310546875,3968.3932373046873,4209.472570800781,4044.576366688552,4156.393639029469,-111.8172723409175,-77.60608627265965,-34.211186068257845,38.542040299388894,4209.472570800781,4786.756091006988,3632.1890505945744,0.27427831420523463,295.0484095982143,57380641.8,0.6427718450510604,0.736045012985393,0.046062150103917746
2025-10-20,3978.491943359375,4078.810546875,3911.668701171875,3978.458740234375,52078516,7.670698508599472e-06,7.670669088942113e-06,3912.053759765625,3981.7183349609377,4201.337719726563,4034.409532330217,4143.2157356464995,-108.80620331628234,-83.84610968138419,-24.960093634898143,33.59331480732145,4201.337719726563,4787.194381054079,3615.4810583990466,0.2788905345917517,290.9135219029018,58733137.0,0.8866973340790566,0.3997995947836576,0.04590203317647528
2025-10-21,3881.901611328125,4103.41162109375,3847.571533203125,3978.43212890625,93604981,-0.02427812683961117,-0.024577699203769073,3910.9640625,3995.2282958984374,4178.477087402343,4010.946775252972,4123.859133845139,-112.91235859216658,-89.65935946354068,-23.252999128625902,35.94884883255972,4178.477087402343,4777.236860670597,3579.71731413409,0.2865923448873033,287.8063267299107,61378241.55,1.5250515269934448,0.134185687656325,0.044683428425423215
2025-10-22,3798.2734375,3890.597412109375,3727.81103515625,3882.014404296875,89690523,-0.021543094648272976,-0.021778534657276655,3904.66572265625,3959.3899169921874,4144.402258300781,3978.227800214054,4099.74167485661,-121.5138746425564,-96.03026249934383,-25.483612143212568,31.97153228325398,4144.402258300781,4748.50986788221,3540.294648719352,0.2915294278548699,291.4053955078125,63935273.4,1.4028331815970618,0.43285196008577187,0.04395423544526982
2025-10-23,3857.279541015625,3921.922607421875,3798.15478515625,3798.15478515625,67375103,0.015534980429019019,0.01541554795317779,3898.881591796875,3920.63671875,4111.5294921875,3959.620375721988,4081.7815167943145,-122.1611410723267,-101.25643821394043,-20.904702858386273,36.71297147097586,4111.5294921875,4702.189134178101,3520.8698501968997,0.2873186939862352,282.85595703125,65014990.55,1.0363010504198251,0.47770700633082974,0.04412761710274172
2025-10-24,3933.2705078125,3992.166259765625,3852.10986328125,3857.279541015625,43640266,0.019700663638411386,0.019509117205141552,3889.843408203125,3901.418359375,4083.9054443359373,3955.566549889759,4070.78070131418,-115.21415142442129,-104.0479808560366,-11.166170568384686,52.983167893654404,4083.9054443359373,4652.12459785271,3515.6862908191642,0.2782724337091836,223.46709333147322,66546418.6,0.6557868465065677,0.5794854541649557,0.044527477137816344
2025-10-25,3953.91455078125,3963.48193359375,3916.46630859375,3933.2705078125,19068562,0.005248569333776043,0.005234843599780529,3884.9279296875,3898.4908447265625,4055.943603515625,3955.3123961807573,4062.1239494228516,-106.8115532420943,-104.60069533324817,-2.210857908846137,57.40935444612972,4055.943603515625,4589.1869191234455,3522.700287907805,0.26294414702690333,211.44855608258928,66117200.6,0.2884054652489325,0.7965063142207497,0.04451599434579823
2025-10-26,4159.734375,4171.7158203125,3925.506103515625,3953.91455078125,28971820,0.052054697079400025,0.05074510638538994,3940.494482421875,3925.7292724609374,4029.577294921875,3986.7619313837176,4069.354351317455,-82.59241993373735,-100.19904025334601,17.606620319608666,50.12890124675445,4029.577294921875,4476.606163238433,3582.5484266053168,0.22187382725225768,194.71332659040178,65461562.25,0.4425775829998619,0.9513364237695859,0.04531763751702103
2025-10-27,4121.06689453125,4243.39208984375,4105.8662109375,4159.734375,55493132,-0.009295660968436259,-0.00933913524938061,4005.053173828125,3954.8594482421877,4013.181787109375,4007.424233406415,4073.184910074033,-65.76067666761764,-93.31136753620035,27.550690868582706,44.592148715536894,4013.181787109375,4417.451962886338,3608.911611332412,0.2014711504350526,189.08804757254464,65069215.1,0.8528323557417553,0.11052962332279916,0.044040873087200005
2025-10-28,3982.14697265625,4173.236328125,3951.06640625,4121.06689453125,47687726,-0.033709698345190664,-0.034290970605105706,4030.02666015625,3964.4541259765624,3985.9065673828127,4003.535424060236,4066.441359154197,-62.905935093961034,-87.2302810477525,24.324345953791465,43.842516559514806,3985.9065673828127,4309.608425016207,3662.2047097494187,0.16242320393673448,179.00516183035714,65325153.85,0.7300055673730342,0.1398954734400905,0.04427588787468189
2025-10-29,3899.599853515625,4033.98974609375,3867.455078125,3982.01513671875,63684778,-0.020729299974973747,-0.0209471680075581,4023.292529296875,3956.56796875,3962.480603027344,3987.5453362841417,4054.0827291068954,-66.53739282275365,-83.09170340275273,16.554310579999083,46.21410920593864,3962.480603027344,4233.193354894737,3691.76785115995,0.1366380199618231,172.37465122767858,66121106.65,0.9631535409276154,0.19302152387109395,0.04387952340637597
2025-10-30,3803.04736328125,3945.13916015625,3689.4697265625,3899.599853515625,61640415,-0.02475958915305876,-0.025071263151332995,3993.119091796875,3939.0235107421877,3960.3709228515627,3959.161032745235,4035.487516823514,-76.32648407827901,-81.73865953785798,5.412175459578975,46.18428549391106,3960.3709228515627,4235.551411846191,3685.190433856935,0.1389670282683982,174.1417236328125,62712003.35,0.98291254795323,0.44423627462162185,0.03503049052470897
2025-10-31,3847.112548828125,3896.2265625,3799.564697265625,3803.17626953125,39446669,0.01158680956023006,0.011520196543440744,3930.5947265625,3935.5446044921873,3965.3864501953126,3941.9228044502947,4021.533815490522,-79.61101104022737,-81.31312983833186,1.7021187981044932,50.79490802425837,3965.3864501953126,4227.524660931467,3703.248239459158,0.13221319739126217,163.13248116629464,61681531.5,0.6395215559782267,0.4918987590637967,0.03458358983874649
2025-11-01,3871.609130859375,3900.28173828125,3834.635009765625,3847.10986328125,13170959,0.006367524141895009,0.0063473371090078,3880.703173828125,3942.878173828125,3951.1340454101564,3931.1053162055377,4010.428283295622,-79.32296709008415,-80.91509728868232,1.59213019859817,49.31123539695729,3951.1340454101564,4200.153238136678,3702.114852683635,0.12604947838496905,161.57589285714286,57244901.25,0.23008091048108847,0.5632286927949085,0.0236799359900089
2025-11-02,3911.77880859375,3913.42578125,3842.178955078125,3871.609130859375,15677300,0.010375447617941402,0.010321992093365633,3866.629541015625,3948.3281005859376,3934.4824096679686,3928.1320073421857,4003.120914799187,-74.98890745700146,-79.72985932234616,4.740951865344698,46.68946799644526,3934.4824096679686,4141.875748773747,3727.0890705621905,0.10542344202437545,154.16237095424108,54119221.5,0.289680811465479,0.9768835644405311,0.023209552266389828
2025-11-03,3603.64208984375,3913.045654296875,3563.657958984375,3911.77880859375,51666021,-0.07877150877576655,-0.08204718313325259,3807.43798828125,3915.3652587890624,3908.391809082031,3878.2104815731955,3973.529890728414,-95.31940915521864,-82.84776928892066,-12.471639866297977,35.74969636365897,3908.391809082031,4143.999747286465,3672.7838708775967,0.12056515810771377,167.179931640625,51947068.8,0.994589727457346,0.11444058103553965,0.028222620061816313
2025-11-04,3286.011962890625,3647.081298828125,3085.496826171875,3603.64208984375,82562705,-0.0881414188851638,-0.0922703654986242,3704.030908203125,3848.575,3873.532922363281,3787.1030171604925,3922.6026368145035,-135.49961965401098,-93.37813936193874,-42.12148029207225,30.6060153387005,3873.532922363281,4235.14825645582,3511.9175882707423,0.1867108612939909,189.01881626674108,52628048.3,1.5687966334864065,0.3570524942877405,0.03315644033096466
2025-11-05,3423.481201171875,3472.56298828125,3168.178955078125,3286.009521484375,61325380,0.04183467371199767,0.04098326827846122,3619.304638671875,3774.9496826171876,3850.3394775390625,3731.1611993160896,3885.6306786187533,-154.46947930266379,-105.59640735008377,-48.87307195258002,38.21493654416866,3850.3394775390625,4263.984063487093,3436.694891591031,0.21486135877681692,199.1329345703125,51785522.9,1.184218611028064,0.8387504541507645,0.034817418484854507
2025-11-06,3306.130615234375,3449.316162109375,3250.738525390625,3423.481201171875,52452580,-0.03427814526842743,-0.03487942129136142,3506.208935546875,3693.4560546875,3824.157751464844,3665.7718786881337,3842.704747997688,-176.93286930955446,-119.86369974197791,-57.06916956757655,33.28291439156931,3824.157751464844,4304.237587644711,3344.077915284977,0.25107742273235073,204.47649274553572,50123394.15,1.0464690368539218,0.2789442494947889,0.035352249636318236
2025-11-07,3430.560791015625,3466.525146484375,3199.26953125,3306.161865234375,54165682,0.037636194773396525,0.03694523657803564,3409.96533203125,3638.2974365234377,3801.37578125,3629.5855575077476,3812.1755659990167,-182.59000849126915,-132.40896149183618,-50.181046999432965,35.18740165274464,3801.37578125,4311.371245080123,3291.3803174198765,0.26832151998528403,213.56215122767858,51514288.95,1.051469079823143,0.8654308705698674,0.03643780476078439
2025-11-08,3397.333251953125,3468.98828125,3358.203125,3430.56689453125,29189496,-0.009685745592825645,-0.009732957529214917,3368.703564453125,3588.0707763671876,3772.319372558594,3593.854433576267,3781.446505699321,-187.59207212305364,-143.44558361807967,-44.14648850497397,33.720767987505354,3772.319372558594,4305.523898265965,3239.114846851223,0.28269320439097523,218.11711774553572,51129630.7,0.5708919779074406,0.35320730930135713,0.03578330291212552
2025-11-09,3576.8828125,3608.065185546875,3357.242919921875,3397.333251953125,31707684,0.052850146638882656,0.05150091214043176,3426.877734375,3565.4543212890626,3752.238916015625,3591.243414949149,3766.293639536408,-175.05022458725898,-149.76651181191554,-25.283712775343446,32.68633353436495,3752.238916015625,4282.99456203718,3221.4832699940694,0.2829007735920754,218.44658551897322,50111089.1,0.6327478522114179,0.8756794059812376,0.03821502136655787
2025-11-10,3566.070556640625,3645.665771484375,3512.275146484375,3576.8798828125,32212485,-0.003022815234983378,-0.0030273931687821586,3455.39560546875,3537.3501220703124,3736.44736328125,3587.370667517069,3751.4623000626466,-164.0916325455778,-152.631535958648,-11.460096586929808,33.236356921766344,3736.44736328125,4269.747154688095,3203.147571874405,0.2854582118017663,218.15121023995536,47041464.3,0.6847679059174185,0.40329228648727805,0.03793349041920561
2025-11-11,3415.789794921875,3629.282470703125,3404.9677734375,3565.736083984375,44215966,-0.04214183632427071,-0.043055566590680064,3477.32744140625,3491.7681884765625,3717.3231811523438,3560.973610194731,3726.597670052219,-165.6240598574882,-155.23004073841605,-10.39401911907214,33.009808145071304,3717.3231811523438,4268.422617503301,3166.223744801387,0.29650337594813053,218.30440848214286,44767736.45,0.9876748191051326,0.048244816839074625,0.03871959096971585
2025-11-12,3407.42529296875,3580.011474609375,3372.75048828125,3415.789794921875,50618869,-0.002448775380019086,-0.0024517785341516907,3472.700341796875,3441.3328369140627,3694.83046875,3537.350792159965,3702.9552717497404,-165.60447958977556,-157.30492850868796,-8.2995510810876,34.54745306050491,3694.83046875,4258.457029095972,3131.2039084040275,0.3050892673496075,221.21343122209822,43929924.75,1.1522639587494399,0.16730020106597204,0.03843596413858598
2025-11-13,3237.761474609375,3554.160888671875,3158.4658203125,3407.427978515625,73569425,-0.04979238098322436,-0.051074771931873555,3440.785986328125,3404.744775390625,3660.0550170898437,3491.2601279214127,3668.4964719615655,-177.23634404015274,-161.29121161498094,-15.945132425171806,33.03103896539811,3660.0550170898437,4247.077395425678,3073.032638754009,0.3207724340726351,231.21526227678572,45426382.7,1.6195307798522993,0.20039586195411913,0.03917509849458355
2025-11-14,3099.968994140625,3246.785888671875,3078.89697265625,3237.7666015625,54359446,-0.0425579467633187,-0.04349007857153872,3345.40322265625,3386.140478515625,3617.3577392578127,3431.0614919551376,3626.383325456311,-195.3218335011734,-168.09733599221946,-27.22449750895393,28.766778844792867,3617.3577392578127,4237.664848603015,2997.0506299126105,0.34296143984502525,236.30290876116072,47190926.9,1.1519046047811365,0.1255116894146768,0.03971844801292871
2025-11-15,3166.22314453125,3224.646484375,3099.881591796875,3100.013916015625,22393551,0.021372520343221124,0.0211473309564499,3265.433740234375,3360.4146728515625,3567.682177734375,3390.317130813001,3592.2973861285286,-201.98025531552776,-174.87391985688114,-27.106335458646612,30.418255125256948,3567.682177734375,4163.758135690221,2971.6062197785286,0.33415305975174,240.525634765625,46862013.45,0.47786147780212374,0.53173253595771,0.037681645935648836
2025-11-16,3089.556640625,3241.953125,3029.970458984375,3166.217529296875,29993297,-0.024213866302717713,-0.024511841890664677,3200.187109375,3338.757275390625,3516.1066650390626,3344.0462861686933,3555.057330906045,-211.01104473735177,-182.1013448329753,-28.90969990437648,27.628171181701532,3516.1066650390626,4088.6126642000418,2943.6006658780834,0.3256476857505225,250.57819475446428,45587021.7,0.6579349973196428,0.2810898775724524,0.037754842246077544
2025-11-17,3020.29150390625,3214.93994140625,2961.368408203125,3089.39697265625,45383068,-0.022419118590665477,-0.022674247415886167,3122.7603515625,3297.7303466796875,3468.0138916015626,3294.2378581283174,3515.4450474245787,-221.20718929626128,-189.9225137256325,-31.284675570628764,31.756119103771425,3468.0138916015626,4037.271140665221,2898.756642537904,0.3282900627602561,243.73418317522322,45471788.8,0.9980488825634236,0.23237267589339602,0.03752220151860207
2025-11-18,3118.493408203125,3164.3173828125,2961.373046875,3020.18310546875,27972570,0.032514048451901756,0.031996652009301865,3098.90673828125,3269.8463623046873,3428.9585693359377,3267.2002504475186,3486.0412222970635,-218.84097184954499,-195.70620535041502,-23.134766499129967,43.927532820152464,3428.9585693359377,3980.444101140829,2877.4730375310464,0.32166357257077827,218.11703055245536,43686178.4,0.6403070953901521,0.7742042200614592,0.0388149730977324
2025-11-19,3018.476318359375,3119.950439453125,2871.1552734375,3119.031494140625,27640007,-0.032072246675480365,-0.03259782948622084,3082.608203125,3214.005712890625,3389.730017089844,3228.9350301262657,3451.4067849683456,-222.47175484207992,-201.05931524874802,-21.412439593331897,34.90901012785632,3389.730017089844,3940.79082229108,2838.6692118886076,0.3251355136975385,214.14639718191964,41986158.0,0.6583123657087177,0.5921378910822627,0.038991549547701246
2025-11-20,2829.530029296875,3055.864013671875,2788.366943359375,3018.557861328125,22979493,-0.06259657825150589,-0.0646415432457726,3015.269580078125,3140.35166015625,3338.8508911132812,3167.488106921744,3405.341840103792,-237.85373318204802,-208.41819883540805,-29.43553434663997,33.14078632965213,3338.8508911132812,3899.91652929778,2777.7852529287825,0.3360830755741963,219.0692138671875,41162799.2,0.5582587541811296,0.15388238042335542,0.04026255348063353
2025-11-21,2758.784423828125,2876.28271484375,2626.571533203125,2829.530029296875,41178670,-0.025002599278414417,-0.025320473914422353,2949.11513671875,3074.651123046875,3283.2096557617188,3104.6106172150335,3357.448698157446,-252.8380809424125,-217.302175256809,-35.535905685603495,25.298481603105373,3283.2096557617188,3842.532820458669,2723.8864910647685,0.3407173000453331,217.8160400390625,42563184.75,0.967471542410839,0.5294632372929988,0.040018793667894674
2025-11-22,2767.1396484375,2787.160888671875,2701.65185546875,2758.627197265625,12931175,0.003028589163114548,0.0030240122257351783,2898.484765625,3010.62255859375,3225.9776977539063,3052.6920066338744,3313.722101881894,-261.03009524801973,-226.04775925505118,-34.98233599296856,26.3957454287482,3225.9776977539063,3747.4574837901387,2704.497911717674,0.3233003045243082,216.01060267857142,42425878.5,0.3047945135655824,0.7658581848952318,0.03979677610639949
2025-11-23,2798.08056640625,2846.236083984375,2766.464111328125,2767.04345703125,16033100,0.011181552758358748,0.011119501323124947,2834.402197265625,2966.6544677734373,3185.6996215820313,3013.5210158296245,3275.526432587402,-262.0054167577773,-233.23929075559644,-28.76612600218087,17.17533985633588,3185.6996215820313,3708.7955950589094,2662.6036481051533,0.3284025712487648,203.792724609375,40644232.45,0.3944741734198993,0.3963353797254323,0.03738633536853112
2025-11-24,2949.803466796875,2975.87890625,2767.302734375,2797.39013671875,21551312,0.05422392128811793,0.05280487659502913,2820.667626953125,2951.6379150390626,3168.889196777344,3003.718315978432,3251.3988054918073,-247.68048951337505,-236.1275305071522,-11.552959006222864,26.783489156743514,3168.889196777344,3699.9600633643518,2637.818330190336,0.3351779337233309,209.16312081473214,37593662.8,0.5732698118471181,0.8749836128093199,0.035616833603408005
2025-11-25,2953.59765625,2973.687744140625,2860.22021484375,2949.803466796875,15257356,0.0012862516082283726,0.0012854250952883542,2845.48115234375,2930.3753662109375,3145.39501953125,2996.007445250981,3229.339461103525,-233.33201585254392,-235.56842757623053,2.236411723686615,30.427707451585135,3145.39501953125,3670.5849283982284,2620.2051106642716,0.33394209986715506,201.24546595982142,35290261.6,0.43233898838539636,0.8229441671697021,0.03393827187182543
2025-11-26,3026.144775390625,3038.899658203125,2890.18896484375,2953.544677734375,17908478,0.024562288972267643,0.02426548623588886,2898.95322265625,2924.0341796875,3131.3957275390626,3000.6439575801573,3214.2880029025696,-213.64404532241224,-231.18355112546686,17.539505803054624,34.68646337194423,3131.3957275390626,3653.462707968627,2609.328747109498,0.33344043733485734,197.06330217633928,33563056.5,0.5335770894405878,0.9142302242460884,0.03398186157186204
2025-11-27,3013.03759765625,3064.2109375,2986.7314453125,3026.114501953125,14873416,-0.004331312183397773,-0.0043407194898274545,2948.1328125,2923.3087890625,3110.519567871094,3002.5506714380176,3199.380565476916,-196.8298940388986,-224.31281970815326,27.482925669254655,39.676000564390165,3110.519567871094,3615.3225639659795,2605.716571776208,0.3245779266647621,174.3336181640625,31598443.2,0.4707009109866527,0.3395240675647951,0.03254986687135005
2025-11-28,3027.801025390625,3085.81494140625,2995.021728515625,3013.038818359375,15695355,0.004899848493712389,0.004887883305237866,2994.076904296875,2914.23955078125,3092.0429565429686,3006.43534127688,3186.6709699149687,-180.23562863808866,-215.4973814941403,35.26175285605166,46.261996134529696,3092.0429565429686,3579.3937699229773,2604.69214316296,0.3152290056958892,168.8267822265625,30923736.15,0.5075504112396846,0.36103245857019733,0.03262538332690633
2025-11-29,2989.73583984375,3049.030517578125,2970.26123046875,3027.77880859375,11260040,-0.012571891358668208,-0.012651586232875446,3002.06337890625,2911.3655029296874,3062.6856079101562,3003.866187210245,3172.083182502286,-168.21699529204125,-206.04130425372048,37.824308961679236,40.58371455665204,3062.6856079101562,3494.654504088948,2630.7167117313643,0.2820850400466333,165.5413818359375,29901353.95,0.376572914351258,0.24723607496264624,0.02963814176354617
2025-11-30,2993.078857421875,3048.326171875,2978.9765625,2989.73583984375,10292773,0.0011181648671341193,0.0011175401864197266,3009.959619140625,2927.7203857421873,3034.036022949219,3002.2065980120337,3158.8236028667,-156.61700485466645,-196.1564443739097,39.539439519243246,44.41560041908469,3034.036022949219,3395.718952787995,2672.353093110443,0.23841703071620363,155.35330636160714,28805368.35,0.3573213463177255,0.20335074771055975,0.029692869988347827
2025-12-01,2800.96826171875,2994.022216796875,2724.229736328125,2993.12451171875,18396666,-0.06418494294821275,-0.06633741064763353,2964.92431640625,2931.93876953125,3003.2949462890624,2971.246853966913,3132.315799818704,-161.0689458517909,-189.13894466948597,28.06999881769508,38.88557867372435,3003.2949462890624,3331.304392967766,2675.285499610359,0.21843305605664828,156.51194545200892,27514403.35,0.6686194778052492,0.2844353751240641,0.03137658465766712
2025-12-02,2997.638916015625,3029.359375,2784.97607421875,2800.970703125,15354825,0.07021523841765798,0.06785978564405826,2961.844580078125,2954.9886962890623,2982.805627441406,2975.3071712051765,3122.339734351809,-147.03256314663258,-180.7176683649153,33.68510521828273,44.43133266887005,2982.805627441406,3250.099215727244,2715.5120391555683,0.17922293415754156,159.47187151227678,25751201.15,0.5962760692426963,0.8702020191573141,0.0360785746679003
2025-12-03,3193.9658203125,3197.271728515625,2986.23974609375,2996.93701171875,19252405,0.06549384692330684,0.06343839771424506,2995.0775390625,2994.5772216796877,2980.6158447265625,3008.946963375534,3127.645370348897,-118.69840697336303,-168.31381608660487,49.61540911324184,57.426937442849244,2980.6158447265625,3239.7065974471902,2721.5250920059348,0.1738504834019604,156.77450125558036,23035350.15,0.835776529318353,0.9843345630599276,0.03784103951424527
2025-12-04,3133.61083984375,3229.84033203125,3072.59375,3193.697998046875,15830882,-0.018896564291613127,-0.019077385924736536,3023.8525390625,3012.957958984375,2982.2979370117187,3028.126021293721,3128.0872569781454,-99.96123568442454,-154.64330000616883,54.68206432174429,64.44087082445887,2982.2979370117187,3245.0621065458663,2719.533767477571,0.17621590805742166,148.89946637834822,21108921.95,0.7499616530630073,0.3880344427947157,0.036796007889405534
2025-12-05,3023.864013671875,3188.6875,2994.49609375,3133.45654296875,16001976,-0.03502248102299366,-0.03565047431140101,3030.0095703125,3019.9845947265626,2975.17998046875,3027.470327813437,3120.367016733236,-92.89668891979909,-142.2939777888949,49.3972888690958,62.13902107546732,2975.17998046875,3224.3257811211606,2726.034179816339,0.16748284291235183,144.93376813616072,20789343.2,0.7697201323801321,0.1512318206427463,0.037324240755247436
2025-12-06,3039.14697265625,3059.45556640625,3013.196044921875,3023.8271484375,12469587,0.005054115831689465,0.005041386660059003,3077.6453125,3021.284814453125,2972.6594970703127,3029.2667347123315,3114.350717171978,-85.08398245964645,-130.8519787230452,45.76799626339874,62.37773269726858,2972.6594970703127,3217.9230251108575,2727.395969029768,0.16501286358714332,142.13023158482142,19913157.7,0.6261983753586203,0.5609856500035467,0.03696459576294889
2025-12-07,3057.1279296875,3142.671875,2930.065185546875,3039.14697265625,26899726,0.005916448659122997,0.005899015205713638,3089.543115234375,3025.69384765625,2974.501318359375,3033.553072400819,3110.111992173128,-76.55891977230885,-119.99336693289793,43.43444716058907,61.92868542504496,2974.501318359375,3221.815609477344,2727.187027241406,0.16628958245301992,151.61842564174108,18988990.6,1.4165958879351912,0.5976422682723869,0.036608498776980435
2025-12-08,3122.839111328125,3172.9384765625,3045.32568359375,3056.8095703125,25486456,0.02149441670481278,0.021266669479704348,3075.3177734375,3035.19765625,2974.718603515625,3047.289386081943,3111.0547417401644,-63.765355658221324,-108.7477646779626,44.98240901974128,58.65346813173074,2974.718603515625,3222.5726089031805,2726.8645981280697,0.16664030345232184,145.8353271484375,18864684.9,1.3510141375327187,0.6074111060893597,0.036193618546902555
2025-12-09,3320.548583984375,3390.309814453125,3091.2333984375,3122.973876953125,26783418,0.06331080968566627,0.061387445790505896,3112.705322265625,3068.2789306640625,2989.822216796875,3089.3292626823177,3126.5728041286243,-37.24354144630661,-94.44692003163141,57.2033785853248,65.37005271931835,2989.822216796875,3281.792436271861,2697.8519973218895,0.1953094186234163,159.09310477120536,18821855.45,1.4229956271394062,0.766744461479795,0.037893704921568495
2025-12-10,3325.91943359375,3441.31201171875,3289.202880859375,3320.828125,19505927,0.0016174585233534877,0.0016161518461238324,3173.11640625,3101.56298828125,3014.6416870117187,3125.727750514846,3141.3392211260407,-15.611470611194818,-78.6798301475441,63.06835953634928,63.30505545231426,3014.6416870117187,3332.4860795146683,2696.797294508769,0.2108671115856656,159.33585030691964,18648177.15,1.045996444751706,0.2413829631694211,0.0343815692591418
2025-12-11,3237.957763671875,3325.96533203125,3147.8427734375,3325.95166015625,25601487,-0.02644732431982877,-0.02680334604960218,3212.878564453125,3145.2619384765626,3038.6003540039064,3142.993906385158,3148.49615020351,-5.502243818351872,-64.04431288170565,58.54206906335378,59.36076297788487,3038.6003540039064,3347.3485229758285,2729.8521850319844,0.20321735865336182,166.52464076450892,17869318.0,1.4327064412866792,0.5059156512277823,0.03445747261810738
2025-12-12,3084.021484375,3261.711181640625,3052.836669921875,3237.8369140625,23619727,-0.04754116345307413,-0.0487083891388288,3218.257275390625,3153.9001953125,3054.444445800781,3133.9212260759027,3143.720249031028,-9.79902295512511,-53.195254896389535,43.396231941264425,52.09688396299313,3054.444445800781,3335.8496643125686,2773.0392272889935,0.1842595100386655,174.95901925223214,18403745.6,1.2834195556365438,0.1492992811570156,0.03667186992165638
2025-12-13,3115.331298828125,3135.184814453125,3080.029052734375,3084.021484375,15659269,0.010152268592081626,0.010101080472132313,3216.755712890625,3146.0367431640625,3070.306982421875,3131.0612372685523,3141.6173638308123,-10.556126562260033,-44.66742922956364,34.111302667303605,54.70812479831369,3070.306982421875,3325.402270966607,2815.2116938771433,0.16616923975693873,173.2723388671875,18385054.05,0.8517390787872064,0.6400463883966028,0.03666503899623947
2025-12-14,3060.94384765625,3126.67626953125,3039.89990234375,3115.378662109375,18975478,-0.01745799915159374,-0.017612187197310416,3164.834765625,3138.7700439453124,3075.8640014648436,3120.273946558967,3135.6415478178815,-15.36760125891442,-38.8074636354338,23.43986237651938,52.45024627189707,3075.8640014648436,3324.6710886168007,2827.0569143128864,0.16178029134803473,174.51710728236608,18256262.35,1.0393955584232717,0.24250779321753252,0.03517811626885199
2025-12-15,2961.675537109375,3172.37548828125,2906.29052734375,3061.067138671875,26564920,-0.03243062123563101,-0.0329681473320131,3091.985986328125,3132.5511962890623,3076.2678955078127,3095.8741912590294,3122.7551766542883,-26.880985395258904,-36.42216798739882,9.541182592139918,56.21923366250908,3076.2678955078127,3324.26419218757,2828.271598828055,0.1612319245940183,174.25228445870536,18821640.55,1.4114030033370284,0.20814783957877558,0.03603349195990946
2025-12-16,2962.223876953125,2973.590576171875,2899.4423828125,2961.651123046875,26793567,0.00018514514398337845,0.00018512800673642753,3036.839208984375,3124.85888671875,3073.0718505859377,3075.3126044427363,3110.863969269017,-35.55136482628086,-36.24800735517523,0.6966425288943725,48.38419707760889,3073.0718505859377,3325.397743442408,2820.7459577294676,0.1642173727948206,162.09263392857142,19265895.0,1.3907252686677676,0.8467029510466169,0.03559516496020452
